;mean;se;bias;cp;mean;se;bias;cp;mean;se;bias;cp;;mean;sd;bias;cp;mean;sd;bias;cp;mean;sd;bias;cp
1;0,58149344;1,725423864;0,16298688;1;0,921799787;0,627199514;2,072665955;1;-0,365495607;0,969642956;-1,730991213;1;;0,502038829;1,918958714;0,004077658;0,830491474;0,3059132;0,566659435;0,019710667;0,943943944;0,453107256;1,002114894;-0,093785488;0,935
2;-1,373259719;2,576426339;-3,746519439;1;-0,409533973;0,764044846;-2,365113243;1;0,721989124;1,304712619;0,443978247;1;;;;;;;;;;;;;
3;1,666442776;1,439072519;2,332885553;1;-0,476564838;0,573662268;-2,588549461;1;0,393630642;0,863306902;-0,212738715;1;;;;;;;;;;;;;
4;1,727899843;0,665020438;2,455799686;1;0,858261052;0,345610544;1,860870172;1;0,205141163;0,702265877;-0,589717674;1;;;;;;;;;;;;;
5;1,187863308;1,140969221;1,375726617;1;0,833825014;0,517472717;1,779416714;1;-1,397362139;0,961413718;-3,794724278;0;;;;;;;;;;;;;
6;0,869014273;1,015187696;0,738028546;1;-0,401481849;0,479918652;-2,338272831;1;1,402700255;0,916442834;1,80540051;1;;;;;;;;;;;;;
7;1,498917698;1,140080754;1,997835396;1;-1,075728706;0,552369259;-4,585762354;0;0,791233634;0,933591068;0,582467268;1;;;;;;;;;;;;;
8;-2,095428864;5,8512413;-5,190857727;1;-0,098049691;0,707531316;-1,326832302;1;0,809184271;1,313237111;0,618368543;1;;;;;;;;;;;;;
9;-0,397024202;2,748249302;-1,794048405;1;0,162312885;0,581350145;-0,458957049;1;1,026667916;1,313796373;1,053335832;1;;;;;;;;;;;;;
10;-0,120086088;1,8145527;-1,240172177;1;0,191436674;0,50888009;-0,361877754;1;2,425959481;1,188260801;3,851918962;1;;;;;;;;;;;;;
11;2,207496538;0,918967003;3,414993076;1;-0,074936375;0,557064406;-1,249787918;1;1,206766664;0,924674252;1,413533329;1;;;;;;;;;;;;;
12;0,984350062;1,21768201;0,968700124;1;0,444879194;0,513676259;0,482930647;1;0,234972781;0,857415674;-0,530054437;1;;;;;;;;;;;;;
13;-0,518859187;1,715522007;-2,037718374;1;1,0562289;0,592048475;2,520762999;1;1,447769301;1,086949021;1,895538601;1;;;;;;;;;;;;;
14;0,832460226;1,331158156;0,664920453;1;0,081194372;0,545061787;-0,729352093;1;0,276458885;0,926836849;-0,447082231;1;;;;;;;;;;;;;
15;0,45665598;1,483684482;-0,086688041;1;1,111823544;0,5835876;2,706078481;1;0,922516993;0,815642187;0,845033986;1;;;;;;;;;;;;;
16;1,523473962;0,861158264;2,046947924;1;0,149284489;0,439828819;-0,502385038;1;1,126497897;0,734418904;1,252995794;1;;;;;;;;;;;;;
17;0,799923716;1,13013111;0,599847432;1;1,11198563;0,572184891;2,706618768;1;-0,144609579;0,727317402;-1,289219159;1;;;;;;;;;;;;;
18;2,002871776;0,943471498;3,005743552;1;0,49342946;0,435767527;0,644764867;1;0,627729256;0,685612066;0,255458513;1;;;;;;;;;;;;;
19;1,14614142;1,520035431;1,292282839;1;0,2857589;0,552387091;-0,047470332;1;0,857029305;0,936259115;0,714058611;1;;;;;;;;;;;;;
20;2,094352557;0,721134211;3,188705113;0;0,236961369;0,360521797;-0,21012877;1;0,61906113;0,602044477;0,23812226;1;;;;;;;;;;;;;
21;2,568860045;0,503296599;4,13772009;0;0,096774599;0,273847773;-0,677418003;1;-0,05758985;0,457085547;-1,1151797;1;;;;;;;;;;;;;
22;0,114260039;1,111522137;-0,771479922;1;0,343931044;0,457881179;0,146436813;1;1,172960419;0,959859269;1,345920838;1;;;;;;;;;;;;;
23;0,875936866;2,409668367;0,751873733;1;0,001630039;0,612556096;-0,994566536;1;-0,212521587;1,08705795;-1,425043174;1;;;;;;;;;;;;;
24;1,115924125;1,112143798;1,231848251;1;0,775840901;0,483186401;1,586136338;1;0,151354085;0,697660332;-0,697291831;1;;;;;;;;;;;;;
25;0,833167118;0,830500164;0,666334236;1;0,221713093;0,409612456;-0,260956356;1;1,048024164;0,666876142;1,096048328;1;;;;;;;;;;;;;
26;1,171369165;0,973644686;1,34273833;1;0,423254582;0,421304495;0,410848607;1;1,253782948;0,812366058;1,507565896;1;;;;;;;;;;;;;
27;2,677491479;0,610311101;4,354982958;0;-0,107609842;0,291868262;-1,358699474;1;-0,731819561;0,516605071;-2,463639122;0;;;;;;;;;;;;;
28;0,28751536;0,954560275;-0,424969279;1;0,76923388;0,384086674;1,564112932;1;1,356010409;0,632169625;1,712020819;1;;;;;;;;;;;;;
29;0,096951782;1,884766914;-0,806096437;1;0,000994848;0,707549337;-0,996683838;1;0,150525146;1,151338699;-0,698949708;1;;;;;;;;;;;;;
30;-5,789838272;4,394785236;-12,57967654;1;0,622830359;0,71683614;1,076101196;1;3,199942507;1,342304994;5,399885014;0;;;;;;;;;;;;;
31;1,942572153;0,86166216;2,885144305;1;0,035573115;0,459820726;-0,881422949;1;-0,43138987;0,849832201;-1,86277974;1;;;;;;;;;;;;;
32;0,547457059;0,959410224;0,094914118;1;0,141137606;0,351885114;-0,529541312;1;2,200785071;0,704325686;3,401570142;0;;;;;;;;;;;;;
33;0,789595587;1,28259557;0,579191173;1;0,236068522;0,512925287;-0,213104927;1;0,588974249;0,798678191;0,177948497;1;;;;;;;;;;;;;
34;2,5429403;0,712987603;4,085880601;0;-0,02701884;0,394833316;-1,0900628;1;0,026337467;0,746291721;-0,947325067;1;;;;;;;;;;;;;
35;-0,602570069;1,868162604;-2,205140138;1;-0,221986598;0,688310369;-1,739955327;1;2,457813307;1,262301386;3,915626614;1;;;;;;;;;;;;;
36;-1,006687364;2,835600122;-3,013374729;1;-0,241917858;0,720280252;-1,806392861;1;1,422485862;1,284252915;1,844971725;1;;;;;;;;;;;;;
37;-3,420591072;5,132067085;-7,841182144;1;0,937639538;0,701067446;2,125465125;1;3,654252756;1,472398142;6,308505512;0;;;;;;;;;;;;;
38;1,824531245;0,828386067;2,64906249;1;0,224845808;0,437692123;-0,250513973;1;-0,419591187;0,714377644;-1,839182374;1;;;;;;;;;;;;;
39;2,14791935;0,808121228;3,295838699;0;0,49912363;0,406202949;0,663745432;1;-0,521234428;0,696193723;-2,042468856;1;;;;;;;;;;;;;
40;2,879321548;0,540953985;4,758643095;0;0,167062993;0,350028457;-0,443123356;1;-1,169707965;0,737247798;-3,339415931;0;;;;;;;;;;;;;
41;1,38594726;1,133038222;1,771894521;1;0,279514254;0,515094314;-0,068285821;1;0,094608257;0,825514323;-0,810783487;1;;;;;;;;;;;;;
42;1,192325571;0,792609559;1,384651141;1;0,62325724;0,351258728;1,077524133;1;1,193526118;0,605351607;1,387052237;1;;;;;;;;;;;;;
43;-3,580765659;5,004557737;-8,161531317;1;1,095900932;0,742028064;2,653003107;1;2,071093657;1,415343115;3,142187315;1;;;;;;;;;;;;;
44;-3,307891058;4,723991147;-7,615782117;1;0,256571441;0,810759117;-0,144761862;1;-1,491662706;1,584027659;-3,983325411;1;;;;;;;;;;;;;
45;1,512756577;1,192954995;2,025513154;1;1,170085852;0,513772868;2,900286174;1;0,243111971;0,876028084;-0,513776059;1;;;;;;;;;;;;;
46;-0,008316425;1,30005048;-1,016632849;1;1,380551788;0,555071012;3,601839293;1;0,953735313;0,937114845;0,907470625;1;;;;;;;;;;;;;
47;0,05908562;1,032842723;-0,88182876;1;1,331441302;0,473316484;3,438137675;0;0,756916148;0,878781413;0,513832296;1;;;;;;;;;;;;;
48;-3,406583546;5,172746336;-7,813167093;1;0,979095978;0,826741285;2,263653261;1;-0,989366735;1,423091921;-2,97873347;1;;;;;;;;;;;;;
49;0,505619634;1,154961566;0,011239269;1;0,790878744;0,371797675;1,636262481;1;2,132132288;0,784314648;3,264264577;0;;;;;;;;;;;;;
50;0,049620406;1,756292519;-0,900759188;1;0,450255497;0,618123074;0,500851657;1;-0,110627321;1,100581559;-1,221254642;1;;;;;;;;;;;;;
51;1,452570633;1,306316557;1,905141266;1;0,44495031;0,538478398;0,483167699;1;0,048041923;0,845705937;-0,903916155;1;;;;;;;;;;;;;
52;-4,70123407;2,824696485;-10,40246814;1;-0,586070802;0,773407198;-2,953569339;1;2,564836032;1,340943364;4,129672064;1;;;;;;;;;;;;;
53;0,596075207;2,136045698;0,192150414;1;0,210508526;0,593094711;-0,298304913;1;0,786227455;1,17189107;0,572454911;1;;;;;;;;;;;;;
54;0,14404576;1,772463004;-0,71190848;1;0,635024444;0,55838963;1,116748148;1;0,920395418;1,139507503;0,840790835;1;;;;;;;;;;;;;
55;1,271603546;1,278814362;1,543207091;1;0,394154685;0,537237196;0,313848949;1;0,183138136;0,79354881;-0,633723728;1;;;;;;;;;;;;;
56;-0,06358626;2,149921289;-1,127172521;1;0,172085146;0,617255605;-0,426382846;1;0,80745976;1,04102842;0,61491952;1;;;;;;;;;;;;;
57;2,137720256;0,915903573;3,275440512;1;0,543472435;0,3653305;0,811574782;1;-0,263777175;0,714387859;-1,527554351;1;;;;;;;;;;;;;
58;0,744906359;0,91912717;0,489812718;1;0,126072113;0,386175921;-0,579759623;1;1,488792704;0,700105121;1,977585409;1;;;;;;;;;;;;;
59;1,70494475;1,06218153;2,409889499;1;0,51550923;0,466058328;0,718364101;1;-0,497690331;0,674694438;-1,995380663;1;;;;;;;;;;;;;
60;1,301065959;0,912464166;1,602131918;1;1,077826729;0,435567299;2,592755764;1;-0,343317568;0,760331773;-1,686635137;1;;;;;;;;;;;;;
61;1,93926872;0,615800289;2,878537441;0;0,554513242;0,360867057;0,848377475;1;0,32763411;0,660444376;-0,34473178;1;;;;;;;;;;;;;
62;1,338091654;0,90016057;1,676183308;1;0,274028786;0,462425663;-0,086570714;1;0,505788349;0,753227395;0,011576697;1;;;;;;;;;;;;;
63;1,781628819;0,9333089;2,563257637;1;0,335116435;0,523911462;0,117054782;1;-0,426305789;0,894019383;-1,852611578;1;;;;;;;;;;;;;
64;1,96353017;1,069758888;2,92706034;1;-0,321169977;0,542953666;-2,07056659;1;-0,289789503;0,857433204;-1,579579005;1;;;;;;;;;;;;;
65;-0,029474168;1,77881857;-1,058948336;1;0,213820723;0,51870783;-0,287264255;1;1,277424125;0,852406064;1,55484825;1;;;;;;;;;;;;;
66;0,274295266;3,102995185;-0,451409469;1;0,413003985;0,715453238;0,37667995;1;-2,503986956;1,43681588;-6,007973912;0;;;;;;;;;;;;;
67;1,989010738;0,874890052;2,978021475;1;0,027699521;0,484224103;-0,907668264;1;-0,412360709;0,688249796;-1,824721419;1;;;;;;;;;;;;;
68;-0,481461246;2,415266552;-1,962922491;1;0,777851223;0,678408854;1,592837411;1;0,783920537;1,119162429;0,567841075;1;;;;;;;;;;;;;
69;1,973732028;0,771308175;2,947464055;1;-0,371347115;0,444804423;-2,237823715;1;0,187067865;0,630254681;-0,62586427;1;;;;;;;;;;;;;
70;0,31262256;1,5418783;-0,374754879;1;0,099073605;0,498015733;-0,669754651;1;1,763754188;0,89890079;2,527508377;1;;;;;;;;;;;;;
71;-0,091444964;1,78692084;-1,182889929;1;0,90049339;0,597411846;2,001644634;1;0,252259226;0,928600361;-0,495481549;1;;;;;;;;;;;;;
72;1,502961381;0,869418559;2,005922763;1;0,228458973;0,396893254;-0,23847009;1;0,269380969;0,725732955;-0,461238062;1;;;;;;;;;;;;;
73;1,348107649;1,233045797;1,696215297;1;0,623815563;0,535652598;1,079385212;1;-0,281237155;0,955968424;-1,56247431;1;;;;;;;;;;;;;
74;0,99973514;1,986656776;0,999470281;1;-0,278803493;0,748944968;-1,929344978;1;0,673312962;1,422376805;0,346625924;1;;;;;;;;;;;;;
75;3,101619446;0,673424176;5,203238891;0;0,081608156;0,423664825;-0,727972814;1;-2,208033083;0,988746772;-5,416066167;0;;;;;;;;;;;;;
76;0,198192547;2,006522788;-0,603614907;1;0,517931116;0,53520439;0,726437055;1;-0,06393807;0,939733115;-1,12787614;1;;;;;;;;;;;;;
77;2,405540096;0,801890638;3,811080192;0;-0,501292727;0,403932929;-2,670975757;0;0,190153257;0,693613158;-0,619693487;1;;;;;;;;;;;;;
78;1,446479541;0,630746177;1,892959082;1;0,268193784;0,336857809;-0,10602072;1;1,260326653;0,610849371;1,520653306;1;;;;;;;;;;;;;
79;1,586283391;0,764004541;2,172566783;1;-0,074894157;0,384829263;-1,24964719;1;0,576269345;0,758343422;0,152538691;1;;;;;;;;;;;;;
80;-3,734019962;6,620275864;-8,468039923;1;-0,895306606;0,86939735;-3,984355353;1;2,630914672;1,533347781;4,261829343;1;;;;;;;;;;;;;
81;-3,233016059;5,86355904;-7,466032118;1;-0,28370873;0,843791088;-1,945695768;1;0,552593919;1,300717937;0,105187839;1;;;;;;;;;;;;;
82;1,587348296;0,762419751;2,174696592;1;0,311444755;0,323930219;0,038149184;1;1,202376291;0,726691052;1,404752581;1;;;;;;;;;;;;;
83;1,058043287;0,97411123;1,116086574;1;0,464793806;0,554850732;0,549312687;1;-0,131317001;0,755249844;-1,262634001;1;;;;;;;;;;;;;
84;1,078597243;0,836898252;1,157194485;1;0,671595102;0,432435177;1,23865034;1;0,603254621;0,596888515;0,206509242;1;;;;;;;;;;;;;
85;-2,71525531;5,696667555;-6,43051062;1;0,617878574;0,662480784;1,059595248;1;-0,181868266;1,081571114;-1,363736531;1;;;;;;;;;;;;;
86;-1,690587935;4,76652945;-4,38117587;1;1,340777901;0,767017494;3,469259671;1;-0,308532363;1,407073909;-1,617064726;1;;;;;;;;;;;;;
87;1,577548038;0,854357607;2,155096077;1;-0,327838258;0,393223959;-2,092794195;1;0,682788798;0,692075591;0,365577597;1;;;;;;;;;;;;;
88;0,136666546;1,101112224;-0,726666909;1;0,867019612;0,494414988;1,890065372;1;1,842886947;0,74994547;2,685773894;1;;;;;;;;;;;;;
89;1,793389392;0,831279276;2,586778784;1;-0,148953469;0,512766372;-1,496511564;1;0,581570333;0,659856147;0,163140666;1;;;;;;;;;;;;;
90;1,896504773;1,116403354;2,793009547;1;-0,192307695;0,4991213;-1,64102565;1;-0,182835162;0,849752322;-1,365670324;1;;;;;;;;;;;;;
91;-0,422588844;2,491547179;-1,845177688;1;0,111916567;0,720731113;-0,626944778;1;1,181863574;1,259053015;1,363727148;1;;;;;;;;;;;;;
92;-3,347292238;4,093199021;-7,694584476;1;0,39153617;0,759361726;0,305120568;1;-0,829561046;1,148558781;-2,659122092;1;;;;;;;;;;;;;
93;1,618471049;1,071908131;2,236942098;1;0,51799354;0,470352288;0,726645133;1;0,718921181;0,79517913;0,437842361;1;;;;;;;;;;;;;
94;1,064684932;1,138999244;1,129369864;1;0,10517547;0,467543119;-0,649415099;1;-0,176330822;0,852203281;-1,352661645;1;;;;;;;;;;;;;
95;-3,149941363;5,730023452;-7,299882725;1;-0,229190925;0,8323672;-1,763969749;1;-0,363237288;1,473553044;-1,726474576;1;;;;;;;;;;;;;
96;1,440195792;1,321850127;1,880391585;1;-0,26756454;0,50567844;-1,891881802;1;-0,221150675;0,869039251;-1,442301351;1;;;;;;;;;;;;;
97;2,080377511;1,078312206;3,160755023;1;-0,677079318;0,570822342;-3,25693106;1;-0,065046667;1,077309922;-1,130093333;1;;;;;;;;;;;;;
98;-5,281394159;NA;-11,56278832;NA;-0,189831517;0,919077029;-1,632771723;1;2,799941193;1,536407037;4,599882385;1;;;;;;;;;;;;;
99;0,705518885;0,921678593;0,411037771;1;0,666702466;0,403951179;1,222341553;1;1,210140275;0,732969817;1,420280549;1;;;;;;;;;;;;;
100;0,662739432;2,013757121;0,325478864;1;-0,542160483;0,698623651;-2,807201611;1;0,411221009;1,135426681;-0,177557982;1;;;;;;;;;;;;;
101;0,00609185;1,560855507;-0,9878163;1;0,74304559;0,607241303;1,476818633;1;1,126991656;1,119227095;1,253983312;1;;;;;;;;;;;;;
102;0,159784899;2,066194913;-0,680430202;1;-0,672388453;0,570539565;-3,241294843;1;1,376138366;1,046061934;1,752276732;1;;;;;;;;;;;;;
103;-1,439976089;4,068518937;-3,879952178;1;0,168475037;0,719169239;-0,438416543;1;-0,523435784;1,422988981;-2,046871569;1;;;;;;;;;;;;;
104;0,653432366;1,335025485;0,306864732;1;0,901176337;0,538370261;2,003921122;1;0,371820316;1,058662098;-0,256359368;1;;;;;;;;;;;;;
105;0,601282039;1,527524264;0,202564078;1;0,596056801;0,529203094;0,986856003;1;0,603418324;0,896817632;0,206836647;1;;;;;;;;;;;;;
106;-0,701985075;2,296333911;-2,40397015;1;0,849339245;0,62400486;1,831130817;1;0,810215527;1,108379934;0,620431054;1;;;;;;;;;;;;;
107;-4,509375968;2,843377632;-10,01875194;1;0,58278323;0,746553235;0,942610767;1;-0,183954154;1,253698311;-1,367908307;1;;;;;;;;;;;;;
108;-0,092014151;1,095959564;-1,184028303;1;0,320690108;0,478710137;0,068967026;1;1,082229948;0,873270285;1,164459896;1;;;;;;;;;;;;;
109;0,236191676;1,786608463;-0,527616649;1;0,655960019;0,636641163;1,186533396;1;-0,751479761;1,028093331;-2,502959522;1;;;;;;;;;;;;;
110;1,49962068;0,761899018;1,999241361;1;0,662861903;0,370419728;1,209539675;1;0,460692189;0,592567116;-0,078615621;1;;;;;;;;;;;;;
111;1,378598336;1,332735155;1,757196671;1;0,554893263;0,648579233;0,849644211;1;-2,001708782;1,076088223;-5,003417564;0;;;;;;;;;;;;;
112;1,33959511;0,711629406;1,679190219;1;-0,071114871;0,360065902;-1,237049571;1;0,684515539;0,656543414;0,369031078;1;;;;;;;;;;;;;
113;-4,650260363;5,62257884;-10,30052073;1;1,398650531;0,768131638;3,662168438;1;1,360021609;1,249671933;1,720043218;1;;;;;;;;;;;;;
114;2,016184316;0,897334738;3,032368632;1;0,607564249;0,448724863;1,025214164;1;-0,213701342;0,778253225;-1,427402683;1;;;;;;;;;;;;;
115;2,855049237;0,807761211;4,710098473;0;0,098577247;0,369222164;-0,671409178;1;-0,516396267;0,578447159;-2,032792534;1;;;;;;;;;;;;;
116;-0,354855123;1,306664736;-1,709710246;1;-0,272306044;0,6149542;-1,907686813;1;1,812116311;0,994546339;2,624232621;1;;;;;;;;;;;;;
117;-0,507208042;3,949181678;-2,014416084;1;0,489355558;0,715409479;0,631185192;1;1,2596462;1,41851486;1,519292399;1;;;;;;;;;;;;;
118;0,888281657;2,895384163;0,776563315;1;0,622922716;0,655245295;1,076409055;1;-0,588609006;1,314919669;-2,177218011;1;;;;;;;;;;;;;
119;-1,178551991;3,62465181;-3,357103981;1;0,484656109;0,722295631;0,615520363;1;1,463249052;1,295776276;1,926498104;1;;;;;;;;;;;;;
120;1,609046938;0,742628568;2,218093876;1;0,960801749;0,407079797;2,202672496;1;0,460439407;0,521201455;-0,079121186;1;;;;;;;;;;;;;
121;-2,923608496;24,6297377;-6,847216993;1;-0,067230624;0,645905116;-1,224102079;1;1,782482468;1,484673331;2,564964936;1;;;;;;;;;;;;;
122;1,062416321;0,87822606;1,124832642;1;0,122942048;0,412323469;-0,590193174;1;0,645596145;0,72065366;0,29119229;1;;;;;;;;;;;;;
123;1,296187064;0,787173189;1,592374127;1;0,856764646;0,47015063;1,855882152;1;0,355472396;0,589470984;-0,289055208;1;;;;;;;;;;;;;
124;0,796696275;2,061374349;0,593392551;1;0,310821745;0,578807077;0,036072483;1;0,071676196;1,074379566;-0,856647609;1;;;;;;;;;;;;;
125;-0,14433719;1,617310893;-1,28867438;1;-0,018302069;0,653127362;-1,061006895;1;1,636021976;1,279971453;2,272043953;1;;;;;;;;;;;;;
126;1,077995141;1,088419409;1,155990282;1;0,516429475;0,449930607;0,721431584;1;0,417506548;0,795315091;-0,164986905;1;;;;;;;;;;;;;
127;0,539164932;1,051870975;0,078329863;1;0,687401187;0,523587386;1,291337289;1;0,644406576;0,818480977;0,288813152;1;;;;;;;;;;;;;
128;-3,430291246;4,369433735;-7,860582493;1;-0,561982097;0,635095862;-2,873273655;1;1,561807622;1,202605141;2,123615244;1;;;;;;;;;;;;;
129;0,419967488;1,077318635;-0,160065025;1;1,105344819;0,428802823;2,68448273;1;0,79409642;0,745643761;0,588192839;1;;;;;;;;;;;;;
130;1,321786802;0,691681807;1,643573605;1;1,418947257;0,369522758;3,729824189;0;-0,434706372;0,62589635;-1,869412744;1;;;;;;;;;;;;;
131;-0,846318249;4,088279912;-2,692636498;1;0,95790433;0,621134727;2,193014434;1;0,168731807;1,04693691;-0,662536385;1;;;;;;;;;;;;;
132;2,413843459;0,6296838;3,827686917;0;0,403909252;0,319973069;0,346364173;1;-0,570409869;0,549470708;-2,140819738;1;;;;;;;;;;;;;
133;-1,566164808;2,688863693;-4,132329616;1;0,945767034;0,842111621;2,152556781;1;1,812381291;1,455109192;2,624762581;1;;;;;;;;;;;;;
134;1,463424086;0,689838123;1,926848172;1;-0,324133906;0,43393954;-2,080446355;1;0,868141042;0,651477231;0,736282084;1;;;;;;;;;;;;;
135;0,484585267;1,164914987;-0,030829465;1;0,226542838;0,382760212;-0,244857205;1;2,143159792;0,925147499;3,286319583;1;;;;;;;;;;;;;
136;2,113061192;1,13491374;3,226122385;1;0,17925463;0,481713681;-0,402484567;1;-0,639605824;0,953741019;-2,279211648;1;;;;;;;;;;;;;
137;1,841997894;0,893131705;2,683995789;1;0,035347822;0,485925134;-0,882173927;1;-0,8102274;0,793868617;-2,6204548;1;;;;;;;;;;;;;
138;0,593446541;1,245347428;0,186893082;1;0,187757442;0,562674621;-0,37414186;1;2,026512893;0,941316695;3,053025786;1;;;;;;;;;;;;;
139;-4,220799874;2,763324376;-9,441599749;1;0,604552834;0,710426944;1,015176115;1;-0,19262776;1,130776539;-1,385255521;1;;;;;;;;;;;;;
140;1,277214246;0,925557411;1,554428492;1;0,902344658;0,468827891;2,007815527;1;-0,060995464;0,628151393;-1,121990929;1;;;;;;;;;;;;;
141;0,687247078;1,352689151;0,374494155;1;0,200885094;0,477525211;-0,33038302;1;0,891307484;0,940763972;0,782614967;1;;;;;;;;;;;;;
142;0,842005326;1,265362323;0,684010652;1;-0,206432443;0,48250541;-1,688108143;1;0,248404408;0,872944645;-0,503191183;1;;;;;;;;;;;;;
143;1,587287021;0,931209417;2,174574042;1;0,836898973;0,43199335;1,789663243;1;-1,008810469;0,762846403;-3,017620937;0;;;;;;;;;;;;;
144;1,594044765;1,449950868;2,188089529;1;0,527975609;0,566129991;0,759918697;1;0,29672205;0,972827668;-0,4065559;1;;;;;;;;;;;;;
145;0,997916095;1,026866241;0,995832189;1;0,731827189;0,472323338;1,439423964;1;0,899939211;0,722152425;0,799878422;1;;;;;;;;;;;;;
146;0,175371424;2,95042446;-0,649257151;1;0,007221681;0,622295261;-0,975927731;1;0,446033808;1,14776226;-0,107932384;1;;;;;;;;;;;;;
147;2,130803792;0,646756734;3,261607584;0;1,403264366;0,367809973;3,677547887;0;-0,759699312;0,592919793;-2,519398624;0;;;;;;;;;;;;;
148;-0,6652943;9,484994443;-2,330588601;1;0,113050444;0,891258366;-0,623165185;1;-1,686355671;1,51855662;-4,372711342;1;;;;;;;;;;;;;
149;-1,74227233;14,70762355;-4,48454466;1;-0,212465321;0,800838665;-1,708217738;1;-0,500817288;1,525480068;-2,001634576;1;;;;;;;;;;;;;
150;0,004282049;4,849936405;-0,991435902;1;0,464113367;0,780785743;0,547044557;1;-2,561519935;1,362713866;-6,123039869;0;;;;;;;;;;;;;
151;0,941495866;0,724157069;0,882991733;1;-0,045120198;0,349499666;-1,15040066;1;1,999353043;0,72254735;2,998706086;0;;;;;;;;;;;;;
152;1,311426097;0,985974372;1,622852194;1;-0,262541638;0,367358405;-1,875138793;1;1,24886593;0,675749136;1,497731859;1;;;;;;;;;;;;;
153;2,317747062;0,782615757;3,635494124;0;-0,58643432;0,429502403;-2,954781067;0;0,808093255;0,686392194;0,61618651;1;;;;;;;;;;;;;
154;-1,301531449;2,145763713;-3,603062898;1;1,129446953;0,660172756;2,764823178;1;0,011950591;1,266129291;-0,976098818;1;;;;;;;;;;;;;
155;-4,608727725;7,148993159;-10,21745545;1;0,984599119;0,659673246;2,281997062;1;1,800593534;1,055580282;2,601187069;1;;;;;;;;;;;;;
156;0,105007937;1,269344128;-0,789984125;1;0,481979425;0,517145528;0,606598083;1;1,344421878;0,931576479;1,688843756;1;;;;;;;;;;;;;
157;3,441517675;0,548378089;5,88303535;0;0,209518805;0,292035806;-0,301603984;1;-1,592099358;0,512711758;-4,184198716;0;;;;;;;;;;;;;
158;-0,534333576;1,832738995;-2,068667152;1;1,046513388;0,670193313;2,488377961;1;-0,057203496;1,182698301;-1,114406993;1;;;;;;;;;;;;;
159;-0,324735402;1,257089852;-1,649470805;1;0,333667885;0,513132613;0,112226283;1;2,182205521;0,961324692;3,364411041;1;;;;;;;;;;;;;
160;2,764558699;0,693139481;4,529117399;0;0,080679886;0,332825372;-0,731067047;1;-0,391989358;0,633753182;-1,783978715;1;;;;;;;;;;;;;
161;1,983794708;0,691177777;2,967589416;0;0,062028088;0,328509066;-0,793239707;1;0,304542391;0,559175226;-0,390915218;1;;;;;;;;;;;;;
162;-0,177398904;1,259185934;-1,354797808;1;0,95605117;0,490153682;2,186837233;1;0,842491946;0,83200539;0,684983893;1;;;;;;;;;;;;;
163;1,442980135;1,419477083;1,88596027;1;0,597704477;0,546953638;0,992348256;1;-1,203030023;1,136857141;-3,406060045;1;;;;;;;;;;;;;
164;0,459378007;1,330838434;-0,081243987;1;0,132701105;0,525937344;-0,557662984;1;0,605274201;0,805604589;0,210548402;1;;;;;;;;;;;;;
165;0,72556369;2,404448939;0,451127379;1;-0,076625512;0,597040467;-1,255418374;1;-1,315730572;1,088855436;-3,631461144;1;;;;;;;;;;;;;
166;1,762072199;1,025374562;2,524144397;1;-0,767554954;0,447974405;-3,558516512;0;1,319921638;0,691584603;1,639843277;1;;;;;;;;;;;;;
167;2,360728206;0,560717166;3,721456412;0;0,484395962;0,351292627;0,614653205;1;-0,699249914;0,612557946;-2,398499828;1;;;;;;;;;;;;;
168;2,764865054;0,834750467;4,529730109;0;-0,252393989;0,522303155;-1,841313296;1;-1,37360597;0,808997824;-3,747211941;0;;;;;;;;;;;;;
169;-1,903681545;2,957442665;-4,807363091;1;0,845417481;0,614967519;1,81805827;1;0,843734601;1,104214173;0,687469202;1;;;;;;;;;;;;;
170;-1,948320623;8,093264576;-4,896641247;1;-0,263501678;0,801871883;-1,878338928;1;-0,715950649;1,413506409;-2,431901298;1;;;;;;;;;;;;;
171;0,882639143;1,091270323;0,765278285;1;0,313660051;0,482504012;0,045533504;1;0,181025497;0,854769657;-0,637949005;1;;;;;;;;;;;;;
172;2,48404487;0,810969026;3,96808974;0;0,708058334;0,474108848;1,360194447;1;0,544074529;0,600828336;0,088149057;1;;;;;;;;;;;;;
173;2,902217042;0,630778272;4,804434084;0;-0,091293726;0,386585059;-1,304312418;1;-0,429479508;0,768849524;-1,858959015;1;;;;;;;;;;;;;
174;0,904441627;1,498773748;0,808883253;1;-0,464178696;0,648512833;-2,54726232;1;0,729182486;0,907407269;0,458364973;1;;;;;;;;;;;;;
175;1,068360315;0,872029304;1,136720629;1;0,72525952;0,397524347;1,417531735;1;0,140839396;0,61609935;-0,718321207;1;;;;;;;;;;;;;
176;-2,761973819;5,233764785;-6,523947639;1;-0,23349093;0,756704324;-1,7783031;1;-1,322427423;1,227520172;-3,644854846;1;;;;;;;;;;;;;
177;2,491482892;0,517510236;3,982965783;0;0,401874489;0,286592728;0,339581631;1;0,45466185;0,501452282;-0,0906763;1;;;;;;;;;;;;;
178;0,859179451;1,062459688;0,718358903;1;1,093364918;0,555882377;2,644549728;1;-0,170051456;0,778372362;-1,340102911;1;;;;;;;;;;;;;
179;2,403272244;0,4050147;3,806544488;0;0,412275306;0,260962108;0,37425102;1;0,319576576;0,445152219;-0,360846848;1;;;;;;;;;;;;;
180;1,730567068;0,937192033;2,461134135;1;-0,345567581;0,619871154;-2,151891935;1;1,132948689;0,828148333;1,265897378;1;;;;;;;;;;;;;
181;1,136308269;1,572480783;1,272616538;1;0,920378543;0,664889869;2,067928477;1;-0,452239787;0,795596757;-1,904479574;1;;;;;;;;;;;;;
182;0,824543437;1,287294803;0,649086874;1;0,554488015;0,412711254;0,848293385;1;1,708688158;0,98475782;2,417376316;1;;;;;;;;;;;;;
183;0,751432685;0,866346347;0,502865371;1;0,803254824;0,413306442;1,677516079;1;0,241874502;0,61277655;-0,516250995;1;;;;;;;;;;;;;
184;1,447442199;1,343449981;1,894884399;1;-1,08735612;0,502033811;-4,624520398;0;1,447889949;0,939202792;1,895779898;1;;;;;;;;;;;;;
185;1,842832883;0,842768676;2,685665767;1;-0,430101033;0,429996705;-2,43367011;1;0,499177942;0,664842391;-0,001644116;1;;;;;;;;;;;;;
186;2,450952036;0,752864638;3,901904073;0;0,738096203;0,409243257;1,460320675;1;-2,226147244;0,961098733;-5,452294488;0;;;;;;;;;;;;;
187;2,201982674;0,901370184;3,403965348;1;0,547820168;0,45446045;0,826067225;1;-1,275603259;0,932267978;-3,551206518;1;;;;;;;;;;;;;
188;0,72826683;1,219130708;0,456533659;1;0,270022267;0,376004057;-0,099925777;1;2,402769673;1,031992758;3,805539346;1;;;;;;;;;;;;;
189;-4,087643437;3,306035644;-9,175286874;1;0,208571754;0,658445275;-0,304760819;1;1,005646101;1,043303187;1,011292201;1;;;;;;;;;;;;;
190;2,352973973;0,923733931;3,705947945;0;0,225747401;0,455171496;-0,247508664;1;-0,808970755;0,939701887;-2,61794151;1;;;;;;;;;;;;;
191;-1,099592465;3,527873461;-3,199184931;1;-0,001612118;0,616761803;-1,005373728;1;0,293358112;1,134035608;-0,413283776;1;;;;;;;;;;;;;
192;2,54662362;0,638000293;4,09324724;0;0,207783968;0,298485557;-0,307386772;1;0,787253113;0,583855728;0,574506225;1;;;;;;;;;;;;;
193;1,748572637;0,585435235;2,497145274;0;0,810989031;0,302715858;1,703296769;1;0,822050146;0,463655921;0,644100292;1;;;;;;;;;;;;;
194;-3,990928189;6,117555639;-8,981856378;1;0,483541505;0,685577394;0,611805015;1;1,440649504;1,121834384;1,881299008;1;;;;;;;;;;;;;
195;0,535884028;1,765673558;0,071768056;1;0,759614561;0,540793753;1,532048538;1;0,339141849;0,826944591;-0,321716303;1;;;;;;;;;;;;;
196;-1,507664418;6,190155566;-4,015328837;1;0,549863207;0,734843144;0,832877355;1;0,934466038;1,289459759;0,868932076;1;;;;;;;;;;;;;
197;0,880534464;1,320476628;0,761068929;1;0,057186144;0,688296825;-0,809379521;1;0,218482031;0,962947254;-0,563035938;1;;;;;;;;;;;;;
198;0,042191177;1,035512001;-0,915617645;1;1,406002986;0,562312516;3,686676621;0;0,110743622;0,658832339;-0,778512756;1;;;;;;;;;;;;;
199;3,014283546;0,776717543;5,028567091;0;0,054407278;0,376856917;-0,818642407;1;-1,598184686;0,754071981;-4,196369372;0;;;;;;;;;;;;;
200;1,133002834;2,458451983;1,266005668;1;0,633795985;0,786055883;1,112653284;1;-0,314878062;0,920471589;-1,629756123;1;;;;;;;;;;;;;
201;1,045209935;0,755452272;1,090419871;1;0,846820284;0,42632594;1,82273428;1;-0,791694494;0,720169062;-2,583388987;1;;;;;;;;;;;;;
202;1,929137911;0,629490856;2,858275821;0;0,062213989;0,317731032;-0,792620035;1;0,602652347;0,505110405;0,205304694;1;;;;;;;;;;;;;
203;-4,940301814;3,820493589;-10,88060363;1;1,073703799;0,797979156;2,579012662;1;1,007105453;1,396899659;1,014210906;1;;;;;;;;;;;;;
204;-4,477874243;3,852595794;-9,955748486;1;0,508004759;0,728873491;0,693349197;1;0,994571946;1,516021176;0,989143893;1;;;;;;;;;;;;;
205;0,197408967;3,162318213;-0,605182065;1;-1,005176156;0,943071883;-4,350587186;1;0,527662547;1,218657733;0,055325094;1;;;;;;;;;;;;;
206;1,783306546;2,321144398;2,566613092;1;0,52175033;0,699711242;0,739167768;1;-1,908681154;1,419132251;-4,817362308;1;;;;;;;;;;;;;
207;0,513185963;0,949980245;0,026371927;1;0,332170388;0,428626434;0,107234628;1;1,055646172;0,747493309;1,111292344;1;;;;;;;;;;;;;
208;-1,939722426;2,715313963;-4,879444851;1;-0,724137143;0,703641086;-3,413790477;1;3,059493353;1,515444087;5,118986706;1;;;;;;;;;;;;;
209;1,390872651;0,638846377;1,781745302;1;1,073706389;0,328035516;2,579021297;0;0,222464316;0,51929435;-0,555071367;1;;;;;;;;;;;;;
210;-4,143982399;1,787223094;-9,287964799;0;1,297817224;0,623491621;3,326057414;1;-0,424821336;0,968700729;-1,849642672;1;;;;;;;;;;;;;
211;1,948599868;1,22217403;2,897199737;1;-0,062645017;0,578745028;-1,208816722;1;-0,419269037;0,785163329;-1,838538074;1;;;;;;;;;;;;;
212;1,97364094;0,777199803;2,947281879;1;0,174273309;0,449337349;-0,419088972;1;-1,048856308;0,750573467;-3,097712616;0;;;;;;;;;;;;;
213;0,888514163;1,096719297;0,777028327;1;0,211017212;0,435711957;-0,296609292;1;1,073854092;0,81993566;1,147708184;1;;;;;;;;;;;;;
214;-5,158747078;3,323615613;-11,31749416;1;0,146088509;0,738422032;-0,513038303;1;2,140147535;1,261614656;3,28029507;1;;;;;;;;;;;;;
215;2,425738612;0,580745667;3,851477224;0;0,732855216;0,328727907;1,442850721;1;-0,103898459;0,462068533;-1,207796918;1;;;;;;;;;;;;;
216;1,048484767;1,168098404;1,096969534;1;1,031263184;0,620944238;2,437543945;1;-0,860426449;0,918507086;-2,720852898;1;;;;;;;;;;;;;
217;-3,093346475;15,57200086;-7,18669295;1;0,923172175;0,96339825;2,077240583;1;1,868292376;1,440021585;2,736584752;1;;;;;;;;;;;;;
218;2,357055162;0,702070972;3,714110325;0;0,36166385;0,433545446;0,205546166;1;-0,18642685;0,593290057;-1,372853701;1;;;;;;;;;;;;;
219;1,469097344;1,209797021;1,938194688;1;0,647896503;0,459769699;1,15965501;1;-0,089679193;0,687886997;-1,179358386;1;;;;;;;;;;;;;
220;0,582806053;2,369585002;0,165612106;1;-0,231787595;0,511433615;-1,772625316;1;0,933829962;0,949345936;0,867659923;1;;;;;;;;;;;;;
221;-4,402777359;2,558040403;-9,805554718;1;1,175861664;0,757784146;2,919538879;1;-0,803140339;1,216141684;-2,606280678;1;;;;;;;;;;;;;
222;2,509370367;0,790167963;4,018740734;0;0,254366287;0,381950186;-0,152112376;1;-0,050595386;0,792987407;-1,101190772;1;;;;;;;;;;;;;
223;1,458668037;0,795022665;1,917336074;1;0,882412961;0,3912652;1,941376536;1;0,19044374;0,72116094;-0,619112519;1;;;;;;;;;;;;;
224;2,76918639;0,545899083;4,538372779;0;1,110861158;0,365862213;2,702870526;0;-0,534882947;0,482758918;-2,069765894;0;;;;;;;;;;;;;
225;2,185437742;0,729658105;3,370875485;0;-0,398826596;0,425540243;-2,329421987;1;-0,98131434;0,716714623;-2,962628681;0;;;;;;;;;;;;;
226;1,176752108;0,787773254;1,353504217;1;0,560290769;0,365887193;0,867635896;1;0,944933069;0,671997347;0,889866138;1;;;;;;;;;;;;;
227;1,439273137;0,955727089;1,878546274;1;0,320988299;0,482080182;0,069960998;1;-0,417075369;0,849174394;-1,834150739;1;;;;;;;;;;;;;
228;1,527065391;0,91410288;2,054130782;1;-0,287421978;0,4149159;-1,958073259;1;1,270858883;0,861036353;1,541717766;1;;;;;;;;;;;;;
229;1,363424609;1,190115655;1,726849218;1;0,655914829;0,42554135;1,186382763;1;0,460974914;1,055879533;-0,078050173;1;;;;;;;;;;;;;
230;0,886509556;1,590634499;0,773019112;1;0,959332279;0,573874609;2,197774262;1;-0,220220149;0,902614795;-1,440440298;1;;;;;;;;;;;;;
231;-5,301994327;4,422940481;-11,60398865;1;0,572776789;0,759551335;0,909255963;1;3,061598617;1,502655873;5,123197234;1;;;;;;;;;;;;;
232;1,453752157;1,425930438;1,907504315;1;0,021479317;0,537204063;-0,928402276;1;-1,905828228;1,187184411;-4,811656456;0;;;;;;;;;;;;;
233;-3,290567426;2,431525332;-7,581134853;1;-0,655870408;0,659146391;-3,186234694;1;-0,678206029;1,113727776;-2,356412058;1;;;;;;;;;;;;;
234;-3,442796172;3,755254532;-7,885592344;1;0,914975788;0,652283899;2,049919294;1;-0,390799336;1,176227166;-1,781598673;1;;;;;;;;;;;;;
235;0,759071327;1,656161477;0,518142654;1;-0,748007595;0,7025134;-3,493358651;1;1,051659948;1,089839507;1,103319895;1;;;;;;;;;;;;;
236;1,342314819;0,795921023;1,684629638;1;0,086818411;0,411356375;-0,710605295;1;0,654149624;0,755799101;0,308299248;1;;;;;;;;;;;;;
237;2,921725832;0,61840913;4,843451665;0;-0,080914685;0,364929377;-1,269715615;1;-0,70531143;0,604794111;-2,410622861;0;;;;;;;;;;;;;
238;1,450974798;1,020142885;1,901949597;1;-0,148321338;0,4115589;-1,494404459;1;1,192593007;0,874703695;1,385186015;1;;;;;;;;;;;;;
239;-1,151891917;11,62542214;-3,303783835;1;0,562467372;0,809180294;0,874891241;1;-0,10051443;1,557385464;-1,201028861;1;;;;;;;;;;;;;
240;1,793149612;0,641084336;2,586299224;0;-0,235462063;0,326358434;-1,784873543;1;1,36947799;0,620454081;1,738955981;1;;;;;;;;;;;;;
241;1,797881122;0,958691995;2,595762245;1;0,318218718;0,432800567;0,060729059;1;0,216773396;0,794700348;-0,566453207;1;;;;;;;;;;;;;
242;0,165233642;1,822637503;-0,669532716;1;0,736393932;0,629776888;1,454646439;1;0,342803034;0,967600249;-0,314393933;1;;;;;;;;;;;;;
243;1,001232094;1,046860816;1,002464188;1;0,371852952;0,495284724;0,239509841;1;1,172069563;0,820687796;1,344139127;1;;;;;;;;;;;;;
244;0,773289291;1,640963968;0,546578583;1;-0,243119023;0,646209689;-1,810396744;1;-0,305250286;1,29136752;-1,610500573;1;;;;;;;;;;;;;
245;1,506606255;0,579422089;2,013212511;1;0,329793852;0,332297883;0,09931284;1;0,374730537;0,574153196;-0,250538926;1;;;;;;;;;;;;;
246;1,252603772;1,167532002;1,505207543;1;0,217827139;0,51272054;-0,273909537;1;-0,185398809;1,005556818;-1,370797618;1;;;;;;;;;;;;;
247;2,260542121;0,765754525;3,521084241;0;0,065853256;0,354247797;-0,780489147;1;-0,432463273;0,656849541;-1,864926547;1;;;;;;;;;;;;;
248;-3,583158993;4,295426809;-8,166317985;1;-0,829437624;0,745826895;-3,764792081;1;1,59190352;1,127527722;2,183807039;1;;;;;;;;;;;;;
249;0,231605991;1,819217102;-0,536788018;1;0,350581618;0,614904125;0,168605393;1;0,449460387;0,937631364;-0,101079226;1;;;;;;;;;;;;;
250;0,859276002;1,280695117;0,718552005;1;0,449811443;0,551600267;0,499371475;1;0,035652629;0,774024139;-0,928694741;1;;;;;;;;;;;;;
251;-3,357690354;5,44735037;-7,715380709;1;0,259470664;0,755759065;-0,135097788;1;0,675340851;1,306692509;0,350681703;1;;;;;;;;;;;;;
252;1,856389992;0,947528468;2,712779984;1;-0,287437929;0,410773416;-1,958126429;1;0,649075364;0,600473181;0,298150728;1;;;;;;;;;;;;;
253;0,554439726;1,413141171;0,108879452;1;0,497355961;0,511150582;0,657853203;1;1,308062203;0,839918575;1,616124407;1;;;;;;;;;;;;;
254;2,352520005;0,823380674;3,705040009;0;-0,127727377;0,433159076;-1,425757924;1;0,536259231;0,655413996;0,072518463;1;;;;;;;;;;;;;
255;1,675538577;1,538134895;2,351077153;1;0,432842714;0,491566697;0,442809046;1;-1,19307859;0,928609674;-3,386157181;1;;;;;;;;;;;;;
256;1,855950637;0,735460797;2,711901274;1;0,84185924;0,521567209;1,806197467;1;0,263234362;0,710923676;-0,473531276;1;;;;;;;;;;;;;
257;-0,502785897;3,59303222;-2,005571794;1;0,123285058;0,692185777;-0,589049807;1;0,290565887;1,050673963;-0,418868226;1;;;;;;;;;;;;;
258;0,809524639;0,950551466;0,619049278;1;0,485375497;0,436843112;0,617918322;1;0,741559723;0,635233376;0,483119445;1;;;;;;;;;;;;;
259;0,769894334;1,672753144;0,539788668;1;0,425378018;0,507116536;0,417926725;1;1,14421467;1,160334027;1,28842934;1;;;;;;;;;;;;;
260;1,621601124;0,631665852;2,243202248;1;0,446036935;0,317588687;0,486789783;1;0,907784013;0,537778869;0,815568026;1;;;;;;;;;;;;;
261;0,612684181;1,431491308;0,225368362;1;-1,079226317;0,54754537;-4,597421055;0;1,438204014;1,011833779;1,876408028;1;;;;;;;;;;;;;
262;-3,225374061;3,488065079;-7,450748121;1;-0,370779467;0,662457499;-2,235931557;1;-0,533899268;1,164849352;-2,067798536;1;;;;;;;;;;;;;
263;2,956517119;0,558477673;4,913034238;0;-0,485045718;0,330845806;-2,616819059;0;-0,209786527;0,566357736;-1,419573054;1;;;;;;;;;;;;;
264;1,3378291;1,084872602;1,6756582;1;0,152273544;0,480107049;-0,49242152;1;0,358061654;0,909723323;-0,283876692;1;;;;;;;;;;;;;
265;1,385935862;0,815042559;1,771871724;1;0,658325788;0,404768117;1,194419293;1;-0,50803654;0,618277057;-2,01607308;1;;;;;;;;;;;;;
266;-4,49651803;3,472441679;-9,99303606;1;-1,001115159;0,760752201;-4,337050529;1;1,893811913;1,338672216;2,787623825;1;;;;;;;;;;;;;
267;1,489842766;0,648044145;1,979685533;1;-0,278363184;0,336562153;-1,927877279;1;0,894873571;0,601213039;0,789747142;1;;;;;;;;;;;;;
268;0,219563778;1,598421546;-0,560872444;1;0,143417714;0,617002718;-0,521940954;1;1,201837711;1,036174326;1,403675423;1;;;;;;;;;;;;;
269;1,622473262;0,812927111;2,244946524;1;0,081124476;0,369849466;-0,729585081;1;1,20354142;0,731523756;1,407082841;1;;;;;;;;;;;;;
270;2,395541982;0,640118664;3,791083964;0;-0,116291009;0,357821302;-1,387636695;1;0,440554436;0,609173073;-0,118891128;1;;;;;;;;;;;;;
271;1,214695591;0,763706196;1,429391183;1;0,448388432;0,403194031;0,494628108;1;0,342943386;0,569282654;-0,314113228;1;;;;;;;;;;;;;
272;2,455770357;0,732715134;3,911540715;0;-0,155099709;0,493740053;-1,516999031;1;-0,798608865;0,653764773;-2,597217729;0;;;;;;;;;;;;;
273;1,007387743;0,998272643;1,014775486;1;0,620662826;0,409329751;1,068876088;1;1,101238751;0,85700469;1,202477502;1;;;;;;;;;;;;;
274;2,00870595;0,765819873;3,0174119;0;0,764829397;0,397856026;1,549431322;1;-0,192776505;0,557974262;-1,385553009;1;;;;;;;;;;;;;
275;2,132012167;0,949860185;3,264024334;1;0,335161587;0,443244137;0,11720529;1;-0,326397803;0,727712071;-1,652795606;1;;;;;;;;;;;;;
276;-3,896816586;5,163613267;-8,793633172;1;-1,225800072;1,181601102;-5,086000241;1;-0,787669812;1,894190684;-2,575339625;1;;;;;;;;;;;;;
277;2,111002808;0,698477567;3,222005616;0;0,774020779;0,383940565;1,580069262;1;-0,774804001;0,472808297;-2,549608003;0;;;;;;;;;;;;;
278;2,263782629;0,906176709;3,527565259;1;0,427186378;0,531384723;0,423954595;1;-2,170679743;1,010451945;-5,341359486;0;;;;;;;;;;;;;
279;1,305665247;1,561218311;1,611330493;1;1,000442738;0,602940376;2,334809127;1;0,262434287;1,055950092;-0,475131426;1;;;;;;;;;;;;;
280;-0,192217382;3,363081228;-1,384434764;1;0,825196782;0,663339203;1,75065594;1;0,228024352;1,002618594;-0,543951295;1;;;;;;;;;;;;;
281;0,940230229;1,248616414;0,880460459;1;-0,296962771;0,462234056;-1,989875903;1;1,4863897;0,870037612;1,9727794;1;;;;;;;;;;;;;
282;0,421569524;3,292202693;-0,156860953;1;0,326541945;0,732679875;0,088473149;1;1,656151142;1,792126321;2,312302284;1;;;;;;;;;;;;;
283;2,785528833;0,718305201;4,571057666;0;0,058724034;0,386501126;-0,804253219;1;-0,650709841;0,592630293;-2,301419681;1;;;;;;;;;;;;;
284;1,732333337;1,141300832;2,464666673;1;0,767942526;0,582415635;1,559808419;1;-0,625945129;0,835413141;-2,251890258;1;;;;;;;;;;;;;
285;0,689364381;1,396710534;0,378728761;1;0,871770639;0,565492516;1,90590213;1;0,736933934;1,085875545;0,473867868;1;;;;;;;;;;;;;
286;-2,971874555;5,937409983;-6,94374911;1;0,040582709;0,699263805;-0,864724304;1;0,067563184;1,357334807;-0,864873633;1;;;;;;;;;;;;;
287;-3,391621754;6,342304923;-7,783243509;1;0,217070337;0,737695025;-0,27643221;1;1,695793747;1,253034817;2,391587494;1;;;;;;;;;;;;;
288;1,861531573;0,862398913;2,723063146;1;0,154202864;0,425227298;-0,485990455;1;-0,124232587;0,769940906;-1,248465174;1;;;;;;;;;;;;;
289;1,812278437;0,930276358;2,624556874;1;-0,455518161;0,604368043;-2,51839387;1;-0,671029026;0,724529799;-2,342058053;1;;;;;;;;;;;;;
290;1,433202549;1,342901894;1,866405097;1;-0,101417715;0,519704027;-1,33805905;1;-1,622598216;0,921013699;-4,245196432;0;;;;;;;;;;;;;
291;-1,422947631;3,725063068;-3,845895262;1;0,468381277;0,616796677;0,561270925;1;0,161201961;1,08615056;-0,677596078;1;;;;;;;;;;;;;
292;-0,57671861;3,591353245;-2,15343722;1;0,017909936;0,586254742;-0,940300212;1;0,712118748;1,031121504;0,424237495;1;;;;;;;;;;;;;
293;2,13149877;0,724868084;3,262997541;0;0,75429683;0,434274874;1,514322768;1;-0,457999436;0,696313168;-1,915998873;1;;;;;;;;;;;;;
294;0,465693275;2,245852213;-0,06861345;1;0,734496887;0,663374684;1,448322957;1;-2,672207031;1,287140857;-6,344414061;0;;;;;;;;;;;;;
295;-2,750921874;3,480945074;-6,501843748;1;0,687120021;0,694344815;1,290400069;1;-3,023884078;1,244732852;-7,047768156;0;;;;;;;;;;;;;
296;1,678633377;1,117217916;2,357266755;1;0,869789726;0,600909831;1,899299087;1;-1,492835472;0,97797564;-3,985670943;0;;;;;;;;;;;;;
297;0,568463995;1,3172352;0,136927991;1;0,191681885;0,481620855;-0,361060383;1;1,143519057;0,912854053;1,287038113;1;;;;;;;;;;;;;
298;2,179077716;0,962133093;3,358155433;1;0,309287496;0,525891324;0,030958321;1;-1,07825693;0,952888249;-3,15651386;1;;;;;;;;;;;;;
299;2,171553014;0,838768849;3,343106027;0;0,025234285;0,475308603;-0,915885717;1;-0,729968603;0,802955453;-2,459937207;1;;;;;;;;;;;;;
300;2,215827237;0,836282307;3,431654473;0;0,530241342;0,396479199;0,76747114;1;0,282398078;0,717180533;-0,435203844;1;;;;;;;;;;;;;
301;2,115922579;1,942897945;3,231845159;1;-0,686556284;0,731215337;-3,288520945;1;-2,84734598;1,471694389;-6,69469196;0;;;;;;;;;;;;;
302;1,643461833;0,653150052;2,286923666;1;0,514842559;0,405450585;0,716141865;1;0,504201753;0,528603179;0,008403506;1;;;;;;;;;;;;;
303;1,890034778;0,632086512;2,780069557;0;-0,010996626;0,368508737;-1,036655419;1;0,272827385;0,567619877;-0,45434523;1;;;;;;;;;;;;;
304;2,076340255;0,87159933;3,15268051;1;0,234216259;0,378831887;-0,219279138;1;-0,267033727;0,717992916;-1,534067454;1;;;;;;;;;;;;;
305;0,747010184;2,725132995;0,494020368;1;0,744567544;0,673948063;1,481891812;1;-0,355886549;1,045045808;-1,711773097;1;;;;;;;;;;;;;
306;0,963661777;0,960328454;0,927323554;1;1,060794624;0,486401633;2,53598208;1;1,344764699;0,880685278;1,689529398;1;;;;;;;;;;;;;
307;-1,685250517;3,703703038;-4,370501035;1;1,060208668;0,667017175;2,534028894;1;0,530705129;1,189688301;0,061410257;1;;;;;;;;;;;;;
308;-0,995138606;2,975728676;-2,990277213;1;-0,015413313;0,62794552;-1,051377711;1;0,221740076;1,050402748;-0,556519849;1;;;;;;;;;;;;;
309;0,776016191;1,162441656;0,552032383;1;0,660295357;0,537900706;1,200984524;1;1,908277383;0,953926612;2,816554766;1;;;;;;;;;;;;;
310;1,342378502;1,544087357;1,684757003;1;0,383657162;0,60909759;0,278857206;1;-1,557264543;0,992999948;-4,114529086;0;;;;;;;;;;;;;
311;-6,319347391;2,799425905;-13,63869478;0;1,563972831;0,686022328;4,213242772;1;2,949957485;1,418878875;4,89991497;1;;;;;;;;;;;;;
312;0,258992299;1,383244203;-0,482015402;1;0,836207308;0,507848551;1,787357693;1;1,630896502;0,988863988;2,261793004;1;;;;;;;;;;;;;
313;-4,929127966;4,88072166;-10,85825593;1;0,773544697;1,411427693;1,578482323;1;1,132115782;2,101387975;1,264231564;1;;;;;;;;;;;;;
314;0,965158379;1,105756299;0,930316758;1;0,72217337;0,509084828;1,407244566;1;0,076407084;0,69961418;-0,847185832;1;;;;;;;;;;;;;
315;0,200490981;1,352417521;-0,599018039;1;0,358612293;0,506979646;0,195374312;1;0,279526286;0,749730216;-0,440947427;1;;;;;;;;;;;;;
316;0,831051286;0,983282029;0,662102572;1;0,41655868;0,518248344;0,388528935;1;0,67676501;0,884942215;0,35353002;1;;;;;;;;;;;;;
317;1,005198775;1,037555241;1,01039755;1;0,630674755;0,418196282;1,102249182;1;1,197573168;0,68082627;1,395146335;1;;;;;;;;;;;;;
318;0,386380112;3,468272325;-0,227239777;1;0,183388462;0,762400698;-0,388705125;1;-0,059163132;1,084839535;-1,118326264;1;;;;;;;;;;;;;
319;1,635060441;0,971506493;2,270120883;1;0,459816877;0,464176796;0,532722925;1;-0,417692418;0,799082748;-1,835384837;1;;;;;;;;;;;;;
320;3,027834814;0,591260783;5,055669627;0;0,323728791;0,477680834;0,079095969;1;-1,212756583;0,825770856;-3,425513166;0;;;;;;;;;;;;;
321;2,079490914;0,615451986;3,158981827;0;0,747614088;0,381594139;1,49204696;1;-0,107992283;0,5885739;-1,215984566;1;;;;;;;;;;;;;
322;0,511816209;1,750785515;0,023632417;1;0,312351012;0,540894766;0,04117004;1;0,314455753;0,916399846;-0,371088495;1;;;;;;;;;;;;;
323;0,795100773;2,777907154;0,590201546;1;0,399827071;0,728562336;0,332756903;1;-0,316410326;1,103968325;-1,632820652;1;;;;;;;;;;;;;
324;2,174464723;0,763443654;3,348929445;0;1,126278995;0,385961443;2,754263318;0;0,789033925;0,631536975;0,578067849;1;;;;;;;;;;;;;
325;0,361096849;1,424589175;-0,277806301;1;0,751788406;0,611432531;1,505961353;1;0,677386458;0,909464768;0,354772915;1;;;;;;;;;;;;;
326;1,013836171;1,55725074;1,027672341;1;-0,063054166;0,65349587;-1,210180553;1;0,644589726;0,965036495;0,289179452;1;;;;;;;;;;;;;
327;2,134651051;0,638639103;3,269302102;0;0,207830743;0,340715545;-0,307230857;1;0,434616456;0,829079892;-0,130767087;1;;;;;;;;;;;;;
328;0,012099545;0,935462508;-0,97580091;1;0,304591919;0,308325336;0,015306396;1;2,37297292;0,841345983;3,745945841;0;;;;;;;;;;;;;
329;0,459442365;2,359660973;-0,081115269;1;0,246787122;0,585502888;-0,177376262;1;-0,137382227;0,946780695;-1,274764454;1;;;;;;;;;;;;;
330;0,620781153;1,131439271;0,241562307;1;-0,308594454;0,569038612;-2,028648182;1;1,063960202;0,866479941;1,127920405;1;;;;;;;;;;;;;
331;0,993627625;1,878562495;0,987255249;1;-0,200362679;0,583648398;-1,667875597;1;-0,53701557;1,202799883;-2,07403114;1;;;;;;;;;;;;;
332;2,245211407;0,606054615;3,490422815;0;0,576472804;0,379595065;0,921576014;1;-1,24758028;0,779176351;-3,49516056;0;;;;;;;;;;;;;
333;0,745711894;1,585945697;0,491423788;1;1,160946977;0,739104207;2,869823256;1;-1,050853114;1,174208358;-3,101706227;1;;;;;;;;;;;;;
334;0,313616086;1,081323715;-0,372767829;1;0,702204664;0,426272297;1,340682214;1;0,874594969;0,658133033;0,749189938;1;;;;;;;;;;;;;
335;1,444807169;1,20684365;1,889614338;1;0,346315876;0,548783279;0,154386254;1;-0,595358655;0,839752305;-2,19071731;1;;;;;;;;;;;;;
336;-3,711182405;5,752938779;-8,42236481;1;-0,179409665;0,696527831;-1,598032216;1;1,966829068;1,150180277;2,933658137;1;;;;;;;;;;;;;
337;1,471864889;0,881573953;1,943729779;1;0,409876339;0,412275729;0,366254464;1;1,309451134;0,706443242;1,618902268;1;;;;;;;;;;;;;
338;1,306583439;1,005995112;1,613166879;1;-0,163247389;0,463113683;-1,544157963;1;1,098054915;0,983607767;1,19610983;1;;;;;;;;;;;;;
339;0,373259274;1,724974986;-0,253481452;1;0,097090022;0,58715062;-0,676366592;1;1,435892746;0,954634823;1,871785492;1;;;;;;;;;;;;;
340;0,849625816;1,057831822;0,699251631;1;0,007501728;0,570044183;-0,974994238;1;1,117261107;0,837361601;1,234522215;1;;;;;;;;;;;;;
341;1,108877731;0,752257427;1,217755462;1;0,384289835;0,457684987;0,280966118;1;0,817630659;0,848941002;0,635261319;1;;;;;;;;;;;;;
342;3,323763192;1,066913063;5,647526384;0;-0,903501854;0,543361026;-4,011672847;0;-0,143053042;0,803537525;-1,286106085;1;;;;;;;;;;;;;
343;1,935813902;0,880616523;2,871627804;1;0,53935515;0,420341924;0,7978505;1;0,559234059;0,700654441;0,118468117;1;;;;;;;;;;;;;
344;0,30794932;2,004616622;-0,38410136;1;-0,080043597;0,477294998;-1,266811989;1;1,752541901;1,353418975;2,505083802;1;;;;;;;;;;;;;
345;-0,585679503;3,688232997;-2,171359006;1;0,439111015;0,649303915;0,463703382;1;-0,295366085;1,22430187;-1,590732171;1;;;;;;;;;;;;;
346;1,720881922;0,812466872;2,441763844;1;0,899711535;0,402427305;1,999038451;1;0,205383735;0,545335128;-0,58923253;1;;;;;;;;;;;;;
347;-1,151999942;4,226665584;-3,303999885;1;-0,638008237;0,762708337;-3,126694122;1;2,767338981;2,39363382;4,534677962;1;;;;;;;;;;;;;
348;0,893824457;1,08128628;0,787648914;1;0,932168091;0,561165371;2,107226969;1;-0,256463833;0,947305557;-1,512927666;1;;;;;;;;;;;;;
349;0,105888603;1,382726948;-0,788222794;1;-0,418978673;0,602984308;-2,396595577;1;1,015459498;1,014888931;1,030918997;1;;;;;;;;;;;;;
350;-0,761793999;2,413916027;-2,523587998;1;1,106185789;0,563151746;2,687285963;1;1,305336396;1,092049872;1,610672791;1;;;;;;;;;;;;;
351;2,29330976;0,643577463;3,58661952;0;0,031747379;0,418679272;-0,894175405;1;0,050233457;0,849855892;-0,899533086;1;;;;;;;;;;;;;
352;-3,725600297;6,151656443;-8,451200594;1;-0,852596152;0,832296055;-3,841987172;1;0,695142408;1,380762395;0,390284816;1;;;;;;;;;;;;;
353;1,559678669;0,774118599;2,119357337;1;0,669274106;0,428447362;1,230913687;1;0,349714981;0,60828252;-0,300570039;1;;;;;;;;;;;;;
354;1,226929938;1,350401836;1,453859876;1;-0,289124845;0,525484773;-1,963749484;1;0,959354975;0,978343828;0,918709949;1;;;;;;;;;;;;;
355;-4,706759015;2,848424304;-10,41351803;1;1,059425266;0,837677324;2,531417553;1;1,639646021;1,261712082;2,279292041;1;;;;;;;;;;;;;
356;2,762854967;0,661491549;4,525709934;0;-1,233787195;0,770301799;-5,112623984;0;-0,901048861;0,822822793;-2,802097722;1;;;;;;;;;;;;;
357;1,698902062;1,14866214;2,397804123;1;0,670964837;0,424387985;1,236549455;1;0,801290663;0,900726936;0,602581326;1;;;;;;;;;;;;;
358;2,568098758;0,546056408;4,136197515;0;-0,361024936;0,258583523;-2,203416453;0;1,662030891;0,448352997;2,324061781;0;;;;;;;;;;;;;
359;0,334952945;1,528801263;-0,330094111;1;-0,10343789;0,537701047;-1,344792967;1;1,726171476;1,090600774;2,452342952;1;;;;;;;;;;;;;
360;1,196466898;1,015951292;1,392933797;1;-0,073389997;0,436056234;-1,244633323;1;0,495571599;0,839019086;-0,008856803;1;;;;;;;;;;;;;
361;0,87326541;1,099806492;0,746530821;1;0,321437569;0,434952296;0,071458563;1;1,258150969;0,660050284;1,516301938;1;;;;;;;;;;;;;
362;2,62735443;0,496129988;4,254708859;0;-0,059517042;0,299207019;-1,198390141;1;0,64953405;0,511975214;0,299068099;1;;;;;;;;;;;;;
363;-1,066530656;4,452493842;-3,133061312;1;0,602241234;0,68593186;1,007470779;1;1,856872386;1,523199943;2,713744772;1;;;;;;;;;;;;;
364;1,088708269;1,206600941;1,177416539;1;0,690086324;0,514245265;1,300287745;1;-0,021948511;0,770336109;-1,043897021;1;;;;;;;;;;;;;
365;2,46523247;0,50980503;3,93046494;0;0,410949074;0,267145738;0,369830248;1;0,905307061;0,386764138;0,810614122;1;;;;;;;;;;;;;
366;-0,091115309;1,291144112;-1,182230618;1;2,193948897;0,710320521;6,31316299;0;1,365334632;0,705994346;1,730669264;1;;;;;;;;;;;;;
367;2,17270963;0,715972833;3,34541926;0;0,064700286;0,390544372;-0,784332379;1;-0,402022131;0,672439906;-1,804044262;1;;;;;;;;;;;;;
368;2,575821115;0,681145577;4,151642231;0;-0,193029386;0,523958058;-1,643431285;1;-0,140948158;0,999361979;-1,281896315;1;;;;;;;;;;;;;
369;2,072088002;0,761142807;3,144176004;0;-0,154992548;0,35302735;-1,516641826;1;0,445234863;0,597148581;-0,109530273;1;;;;;;;;;;;;;
370;1,404321477;0,774753521;1,808642954;1;0,03451273;0,394612307;-0,884957567;1;1,248064236;0,701955051;1,496128473;1;;;;;;;;;;;;;
371;0,151869207;4,212563337;-0,696261586;1;-0,852759803;0,86569959;-3,842532677;1;0,017660744;0,937451823;-0,964678513;1;;;;;;;;;;;;;
372;1,498188398;0,507530637;1,996376795;0;0,56418598;0,278092187;0,880619933;1;1,298150287;0,496422658;1,596300573;1;;;;;;;;;;;;;
373;-0,379740377;2,012942624;-1,759480754;1;0,594288358;0,660736151;0,980961193;1;-0,356954208;1,111660728;-1,713908416;1;;;;;;;;;;;;;
374;2,204243828;0,808121969;3,408487655;0;0,459174425;0,411930313;0,530581415;1;-0,222931905;0,77431315;-1,445863811;1;;;;;;;;;;;;;
375;-2,079350019;5,392554743;-5,158700038;1;0,180736566;0,591647471;-0,397544781;1;0,204205873;1,027113365;-0,591588254;1;;;;;;;;;;;;;
376;-0,443568988;2,282127984;-1,887137976;1;1,324379975;0,635083873;3,414599918;1;0,805354222;1,014187434;0,610708443;1;;;;;;;;;;;;;
377;1,265164755;0,944580782;1,530329509;1;0,11763072;0,453579212;-0,607897599;1;1,109694353;0,850038557;1,219388705;1;;;;;;;;;;;;;
378;-2,581868515;3,828703675;-6,163737029;1;-1,600432479;0,712300626;-6,334774929;0;-0,232625646;1,18558187;-1,465251292;1;;;;;;;;;;;;;
379;1,63326783;0,592830427;2,266535659;1;0,578711692;0,321692187;0,929038972;1;0,990113342;0,502083694;0,980226685;1;;;;;;;;;;;;;
380;0,706629008;1,188199692;0,413258015;1;0,1891287;0,482559564;-0,369570999;1;0,703449911;0,889648479;0,406899822;1;;;;;;;;;;;;;
381;0,352268005;1,987410528;-0,29546399;1;-0,49279807;0,652257812;-2,642660234;1;1,474753057;1,045189778;1,949506113;1;;;;;;;;;;;;;
382;1,481891753;0,683131616;1,963783505;1;0,444621399;0,350724291;0,482071331;1;0,480920381;0,586015724;-0,038159237;1;;;;;;;;;;;;;
383;1,282830512;1,529954592;1,565661025;1;0,672121905;0,550390756;1,24040635;1;-0,612438776;0,916547609;-2,224877553;1;;;;;;;;;;;;;
384;1,375676218;0,920377294;1,751352437;1;1,044233274;0,415932832;2,480777581;1;0,106100666;0,615996126;-0,787798667;1;;;;;;;;;;;;;
385;-3,089389839;3,916401748;-7,178779679;1;0,078489011;0,656876193;-0,738369965;1;1,198365912;1,30819078;1,396731824;1;;;;;;;;;;;;;
386;0,143932903;1,346222237;-0,712134194;1;0,743518483;0,512296077;1,478394942;1;1,96938191;0,928132183;2,93876382;1;;;;;;;;;;;;;
387;2,839012494;0,508106469;4,678024988;0;-0,086037211;0,289786532;-1,286790702;1;-0,105427118;0,458870422;-1,210854237;1;;;;;;;;;;;;;
388;0,836662581;0,823413687;0,673325162;1;0,713487706;0,381859944;1,378292353;1;1,157762739;0,590404767;1,315525478;1;;;;;;;;;;;;;
389;0,855761822;0,929805794;0,711523644;1;-0,152772322;0,493038218;-1,509241072;1;0,425074525;0,696586957;-0,14985095;1;;;;;;;;;;;;;
390;1,270999691;1,152513115;1,541999383;1;0,822247949;0,62260671;1,740826498;1;1,292262832;0,707873124;1,584525664;1;;;;;;;;;;;;;
391;1,42803984;0,645481754;1,856079681;1;1,055631205;0,361339535;2,518770683;0;0,071526047;0,511743695;-0,856947906;1;;;;;;;;;;;;;
392;2,063153617;1,044529611;3,126307234;1;-0,194023116;0,443433902;-1,646743721;1;1,378528535;0,832075514;1,757057071;1;;;;;;;;;;;;;
393;1,981497629;1,310043738;2,962995258;1;0,25030318;0,482743738;-0,165656065;1;0,559436655;0,812050237;0,118873309;1;;;;;;;;;;;;;
394;-4,415670982;3,794272388;-9,831341965;1;0,552062972;0,707993557;0,840209908;1;0,34515865;1,3815856;-0,3096827;1;;;;;;;;;;;;;
395;-3,879745861;4,62017794;-8,759491723;1;1,638323017;1,119093138;4,461076724;1;1,411492652;2,189052213;1,822985304;1;;;;;;;;;;;;;
396;-2,253539596;14,5913054;-5,507079191;1;0,340077925;0,78705367;0,133593083;1;-0,8213398;1,317342953;-2,6426796;1;;;;;;;;;;;;;
397;-0,413578735;2,260188194;-1,827157469;1;0,502851934;0,668895079;0,676173112;1;1,143265711;1,235478919;1,286531423;1;;;;;;;;;;;;;
398;2,332049786;0,735574081;3,664099572;0;-0,389972299;0,503894177;-2,299907662;1;-1,328658015;0,842423804;-3,657316031;0;;;;;;;;;;;;;
399;1,587223749;0,904627797;2,174447497;1;-0,193028281;0,373978019;-1,643427605;1;1,617395418;0,644356299;2,234790835;1;;;;;;;;;;;;;
400;2,681418046;0,801054208;4,362836092;0;-0,636985969;0,446621943;-3,123286565;0;-0,299706956;0,739911594;-1,599413913;1;;;;;;;;;;;;;
401;1,274036239;0,825653106;1,548072478;1;0,261719769;0,385288154;-0,127600771;1;0,879071373;0,697631164;0,758142747;1;;;;;;;;;;;;;
402;0,242385076;1,24008961;-0,515229848;1;-0,399533849;0,51922048;-2,331779497;1;1,468985725;0,923264929;1,937971451;1;;;;;;;;;;;;;
403;2,868726339;0,54158955;4,737452679;0;-0,357698048;0,317022287;-2,192326825;0;-0,042392191;0,48452958;-1,084784383;1;;;;;;;;;;;;;
404;-3,699368117;4,842892961;-8,398736233;1;-0,456696222;0,788769565;-2,52232074;1;0,067301767;1,424713727;-0,865396467;1;;;;;;;;;;;;;
405;-4,281391887;3,529433469;-9,562783774;1;0,261713105;0,896441434;-0,127622982;1;0,201877727;1,789244304;-0,596244546;1;;;;;;;;;;;;;
406;1,533218699;0,727571266;2,066437399;1;-0,689166455;0,41621116;-3,297221518;0;0,274183366;0,682050524;-0,451633268;1;;;;;;;;;;;;;
407;-1,79694336;3,841912186;-4,593886721;1;-0,810768273;0,671810874;-3,702560911;1;2,032423333;0,971139204;3,064846666;1;;;;;;;;;;;;;
408;2,625594668;0,81856308;4,251189337;0;1,069103716;0,468396762;2,563679054;1;-0,588262318;0,534312509;-2,176524636;0;;;;;;;;;;;;;
409;2,089974208;0,696325816;3,179948416;0;0,626072776;0,349621691;1,086909255;1;-0,431625145;0,567397381;-1,863250291;1;;;;;;;;;;;;;
410;1,839479908;0,820382718;2,678959816;1;-0,234129499;0,378942819;-1,780431664;1;0,059973884;0,826253231;-0,880052233;1;;;;;;;;;;;;;
411;0,865669285;1,334630753;0,731338569;1;0,521178387;0,520562405;0,737261288;1;0,64988645;0,973648273;0,299772899;1;;;;;;;;;;;;;
412;2,771572121;0,446109665;4,543144242;0;0,530839176;0,245130081;0,769463918;1;-0,311899961;0,459110543;-1,623799922;1;;;;;;;;;;;;;
413;-0,528359767;1,508525217;-2,056719534;1;1,105425291;0,637407708;2,68475097;1;1,237985871;0,976362679;1,475971743;1;;;;;;;;;;;;;
414;1,871259273;1,244389314;2,742518546;1;0,256714134;0,63176539;-0,14428622;1;0,419104232;0,919126843;-0,161791536;1;;;;;;;;;;;;;
415;-2,735037107;5,798299026;-6,470074214;1;0,193067591;0,705638116;-0,356441364;1;-0,49475678;1,219101542;-1,989513561;1;;;;;;;;;;;;;
416;2,35808188;0,631203287;3,716163759;0;-0,235118549;0,372015641;-1,783728496;1;-0,271398689;0,634995559;-1,542797377;1;;;;;;;;;;;;;
417;1,378924741;0,876470482;1,757849483;1;0,472993234;0,3839166;0,576644113;1;1,217885003;0,848801023;1,435770005;1;;;;;;;;;;;;;
418;-0,098159476;4,198501071;-1,196318953;1;0,311941364;0,607693064;0,039804546;1;0,570999309;1,114150647;0,141998619;1;;;;;;;;;;;;;
419;2,847931613;0,732773743;4,695863225;0;-0,105109059;0,352480316;-1,35036353;1;-0,049074668;0,604785931;-1,098149337;1;;;;;;;;;;;;;
420;1,775642727;0,802032064;2,551285455;1;0,252328655;0,361813873;-0,158904483;1;0,457127399;0,594876525;-0,085745203;1;;;;;;;;;;;;;
421;-2,395851548;28,11901468;-5,791703097;1;-0,057232402;0,789700607;-1,190774672;1;0,694880781;1,791135273;0,389761561;1;;;;;;;;;;;;;
422;1,984761297;0,978901989;2,969522593;1;0,202234788;0,411789291;-0,325884039;1;1,205307847;0,768350193;1,410615695;1;;;;;;;;;;;;;
423;1,030629082;0,92331218;1,061258165;1;0,772809498;0,430596376;1,57603166;1;0,268353902;0,847776179;-0,463292195;1;;;;;;;;;;;;;
424;2,246458846;0,665791807;3,492917691;0;-0,024612745;0,376838012;-1,082042484;1;0,200140327;0,636334557;-0,599719346;1;;;;;;;;;;;;;
425;1,553614767;0,91308502;2,107229534;1;0,768139168;0,439731103;1,560463895;1;-0,087745897;0,6077714;-1,175491795;1;;;;;;;;;;;;;
426;1,310851826;1,241618887;1,621703652;1;-0,50616569;0,512815696;-2,687218967;1;0,437455153;0,84740945;-0,125089694;1;;;;;;;;;;;;;
427;-2,230713322;7,354425544;-5,461426643;1;1,557420574;0,931952985;4,191401913;1;0,162664131;1,417082919;-0,674671738;1;;;;;;;;;;;;;
428;-0,739251393;1,593514031;-2,478502786;1;0,92791085;0,632022396;2,093036166;1;1,781515648;1,09328681;2,563031296;1;;;;;;;;;;;;;
429;1,234172779;1,856343355;1,468345558;1;0,202404918;0,654181733;-0,325316941;1;-1,474539189;1,040836345;-3,949078378;1;;;;;;;;;;;;;
430;1,251198969;1,23294154;1,502397937;1;-1,250658209;0,598777663;-5,168860697;0;1,321908048;1,185432503;1,643816096;1;;;;;;;;;;;;;
431;0,315807661;1,849976284;-0,368384677;1;0,281537058;0,589920088;-0,061543141;1;0,815330894;1,13518317;0,630661788;1;;;;;;;;;;;;;
432;-2,474956289;15,09106023;-5,949912579;1;1,409633305;0,738548283;3,698777684;1;0,15894022;1,193306608;-0,682119561;1;;;;;;;;;;;;;
433;-3,892488217;3,382511558;-8,784976433;1;0,631136754;0,652905262;1,103789181;1;0,874695852;1,039125407;0,749391703;1;;;;;;;;;;;;;
434;1,602311723;0,906925086;2,204623446;1;0,786649756;0,452091359;1,622165855;1;-0,866911137;0,847193771;-2,733822274;1;;;;;;;;;;;;;
435;1,449203405;0,929459271;1,898406811;1;0,95737974;0,406389172;2,1912658;1;0,682415932;0,694559887;0,364831863;1;;;;;;;;;;;;;
436;0,870616591;1,181671612;0,741233183;1;0,076714943;0,512094158;-0,744283522;1;1,223067731;0,849600367;1,446135461;1;;;;;;;;;;;;;
437;-2,397669406;5,964029211;-5,795338812;1;0,50845214;1,023157698;0,694840465;1;-0,001235253;1,809331118;-1,002470506;1;;;;;;;;;;;;;
438;2,137507111;0,602646556;3,275014223;0;0,450159577;0,307118009;0,500531924;1;0,555314298;0,475667711;0,110628595;1;;;;;;;;;;;;;
439;1,11298286;1,273276855;1,22596572;1;0,333126481;0,51114821;0,110421604;1;0,126558335;0,849005478;-0,74688333;1;;;;;;;;;;;;;
440;-1,601244132;3,376084639;-4,202488264;1;0,35641851;0,687352401;0,188061698;1;0,881372873;1,268661607;0,762745746;1;;;;;;;;;;;;;
441;1,798409946;0,71303626;2,596819892;1;0,273788366;0,323085224;-0,087372114;1;1,012872554;0,571638327;1,025745107;1;;;;;;;;;;;;;
442;0,710600881;1,120865596;0,421201762;1;0,396305621;0,41005564;0,321018736;1;1,422177117;0,77903253;1,844354234;1;;;;;;;;;;;;;
443;1,728869454;0,732341722;2,457738909;1;0,665895859;0,347536519;1,219652864;1;0,580440273;0,505256692;0,160880547;1;;;;;;;;;;;;;
444;-5,127438013;5,048506028;-11,25487603;1;1,325129958;1,183442242;3,417099859;1;-0,012295588;1,818125884;-1,024591177;1;;;;;;;;;;;;;
445;2,013571193;1,077329691;3,027142387;1;0,726188438;0,475879317;1,420628128;1;0,858455547;0,835412682;0,716911094;1;;;;;;;;;;;;;
446;2,409711296;0,866683797;3,819422593;0;-0,781080411;0,532112458;-3,603601371;0;-1,857222385;0,764425116;-4,71444477;0;;;;;;;;;;;;;
447;1,424414044;0,929061282;1,848828088;1;0,593766846;0,475869886;0,97922282;1;0,269323609;0,757348288;-0,461352783;1;;;;;;;;;;;;;
448;0,447517661;1,648023153;-0,104964678;1;-0,374036068;0,720521403;-2,246786894;1;0,169806964;1,092433279;-0,660386072;1;;;;;;;;;;;;;
449;1,490119161;1,237230666;1,980238322;1;0,022906971;0,513436307;-0,923643431;1;-0,1079921;0,888192318;-1,2159842;1;;;;;;;;;;;;;
450;0,086508221;1,891779301;-0,826983558;1;0,351261011;0,624103616;0,170870038;1;-0,364617446;0,989890884;-1,729234892;1;;;;;;;;;;;;;
451;0,2040406;1,367703962;-0,5919188;1;0,157767397;0,533738109;-0,474108678;1;1,397646882;0,965790974;1,795293763;1;;;;;;;;;;;;;
452;2,14971542;0,710491193;3,299430841;0;-0,026221963;0,358776603;-1,087406544;1;0,336065536;0,741388029;-0,327868929;1;;;;;;;;;;;;;
453;1,865294614;1,169868213;2,730589228;1;-0,289078997;0,476794718;-1,963596657;1;0,094253685;0,770853372;-0,811492631;1;;;;;;;;;;;;;
454;0,525304736;1,46169915;0,050609472;1;0,255475904;0,505441565;-0,148413652;1;0,769864425;0,757375558;0,53972885;1;;;;;;;;;;;;;
455;0,784360312;1,143409064;0,568720624;1;0,078767704;0,481899705;-0,737440988;1;0,6113323;0,875371404;0,222664599;1;;;;;;;;;;;;;
456;-4,787900046;3,203722762;-10,57580009;1;-0,118980211;0,693223538;-1,396600703;1;2,152439605;1,175468025;3,30487921;1;;;;;;;;;;;;;
457;1,488088837;0,687807128;1,976177675;1;0,595403401;0,334017749;0,984678002;1;0,889151982;0,45916751;0,778303965;1;;;;;;;;;;;;;
458;0,740511714;1,150412297;0,481023429;1;-0,211459449;0,511298811;-1,704864831;1;0,207887559;0,873408947;-0,584224883;1;;;;;;;;;;;;;
459;-4,556841471;3,295465595;-10,11368294;1;-0,328855589;0,749556221;-2,096185296;1;1,578749105;1,266526881;2,15749821;1;;;;;;;;;;;;;
460;0,79148513;2,45717329;0,582970259;1;-0,709155261;0,664820238;-3,363850869;1;-0,773813349;1,12202684;-2,547626698;1;;;;;;;;;;;;;
461;2,554925017;0,545675491;4,109850035;0;-0,171747154;0,325135947;-1,572490513;1;0,726812077;0,523124301;0,453624154;1;;;;;;;;;;;;;
462;2,246490543;0,748198289;3,492981087;0;-0,509742252;0,5013164;-2,699140839;1;0,416999214;0,604992369;-0,166001573;1;;;;;;;;;;;;;
463;1,654332951;0,719879392;2,308665902;1;0,919764258;0,442848774;2,06588086;1;0,171504516;0,547234582;-0,656990969;1;;;;;;;;;;;;;
464;1,500070855;1,287357276;2,000141709;1;-0,327060602;0,57157822;-2,090202008;1;0,232645235;1,013536528;-0,534709529;1;;;;;;;;;;;;;
465;-1,558485153;2,520923912;-4,116970307;1;1,04661713;0,616198557;2,488723766;1;0,900376328;1,110424938;0,800752656;1;;;;;;;;;;;;;
466;0,202208998;1,120379752;-0,595582003;1;1,094727572;0,430313978;2,649091907;1;2,18740445;0,874428898;3,374808901;1;;;;;;;;;;;;;
467;2,57418283;0,686227176;4,148365661;0;0,811116254;0,444777326;1,703720846;1;-0,666750128;0,666758195;-2,333500255;1;;;;;;;;;;;;;
468;1,080136097;0,901926071;1,160272194;1;0,064770201;0,464419424;-0,784099328;1;0,765894231;0,859780507;0,531788461;1;;;;;;;;;;;;;
469;1,134469294;1,247234324;1,268938588;1;1,233483744;0,517026786;3,11161248;1;-0,468976618;0,847123648;-1,937953236;1;;;;;;;;;;;;;
470;0,906413353;2,173929975;0,812826706;1;0,564470204;0,660845979;0,881567348;1;-0,487911669;0,839848561;-1,975823339;1;;;;;;;;;;;;;
471;-1,7476305;1,695406687;-4,495261001;1;1,341400997;0,707135719;3,471336657;1;2,538801444;1,100523464;4,077602887;1;;;;;;;;;;;;;
472;1,913051399;0,659006084;2,826102798;0;0,622147371;0,358267155;1,073824569;1;-0,047685484;0,53375961;-1,095370968;1;;;;;;;;;;;;;
473;-2,611093746;5,148460235;-6,222187491;1;0,132111498;0,752505141;-0,559628339;1;-0,391673102;1,235962331;-1,783346203;1;;;;;;;;;;;;;
474;-2,4869275;5,470210451;-5,973855;1;0,447105343;0,7240289;0,490351143;1;1,889998837;1,317827712;2,779997675;1;;;;;;;;;;;;;
475;1,061010263;0,997866113;1,122020526;1;0,492044197;0,393608231;0,640147323;1;1,198696944;0,825888212;1,397393888;1;;;;;;;;;;;;;
476;1,53562708;0,92330804;2,07125416;1;0,097572428;0,482197827;-0,674758573;1;0,621714889;0,85205998;0,243429778;1;;;;;;;;;;;;;
477;2,604367358;0,629315825;4,208734716;0;0,654782354;0,414537875;1,182607845;1;-1,049357939;0,704104492;-3,098715879;0;;;;;;;;;;;;;
478;1,580421502;0,619618154;2,160843004;1;0,585491479;0,441575664;0,951638262;1;-0,261577994;0,609737439;-1,523155988;1;;;;;;;;;;;;;
479;0,493108369;1,209906216;-0,013783261;1;0,59719708;0,478859015;0,990656933;1;1,916579247;0,753431727;2,833158493;1;;;;;;;;;;;;;
480;1,492648475;1,990676147;1,98529695;1;-0,193340172;0,724123122;-1,64446724;1;-1,377641347;1,270985046;-3,755282693;1;;;;;;;;;;;;;
481;1,594280289;0,619609258;2,188560578;1;0,907680655;0,355498724;2,025602185;1;0,331878527;0,499957494;-0,336242946;1;;;;;;;;;;;;;
482;2,076535719;0,583084432;3,153071438;0;0,329931021;0,362454797;0,099770071;1;0,288416646;0,575672433;-0,423166708;1;;;;;;;;;;;;;
483;2,049582458;0,721409316;3,099164916;0;0,218304616;0,417919621;-0,272317948;1;0,498565405;0,59628828;-0,00286919;1;;;;;;;;;;;;;
484;1,226602678;1,458593474;1,453205355;1;-0,054607021;0,546978442;-1,182023405;1;0,567886821;0,981777056;0,135773642;1;;;;;;;;;;;;;
485;-4,668209169;3,798416917;-10,33641834;1;0,620961359;0,677224185;1,069871196;1;1,878129337;1,331853957;2,756258674;1;;;;;;;;;;;;;
486;0,39811397;1,354374147;-0,203772061;1;0,516817073;0,509631775;0,722723575;1;0,974551305;0,879020032;0,949102611;1;;;;;;;;;;;;;
487;1,8852715;0,583828386;2,770542999;0;0,556838756;0,338435508;0,856129186;1;0,908077316;0,492872823;0,816154632;1;;;;;;;;;;;;;
488;1,062461606;1,150883636;1,124923212;1;0,38264645;0,471681169;0,275488168;1;1,169467592;0,782583691;1,338935184;1;;;;;;;;;;;;;
489;0,311920582;1,801033945;-0,376158837;1;0,608491872;0,600812377;1,028306239;1;0,547913101;0,870159102;0,095826203;1;;;;;;;;;;;;;
490;1,884172117;0,924649404;2,768344234;1;-0,337621064;0,429865281;-2,125403548;1;0,094246201;0,726425358;-0,811507599;1;;;;;;;;;;;;;
491;-0,475775074;2,169261822;-1,951550147;1;0,578463793;0,549498578;0,928212643;1;0,905413158;1,037705765;0,810826317;1;;;;;;;;;;;;;
492;0,358512982;1,03373101;-0,282974036;1;1,076315379;0,531845145;2,587717928;1;1,354990506;0,840125363;1,709981012;1;;;;;;;;;;;;;
493;-4,64477961;4,830596201;-10,28955922;1;1,531527563;0,677351105;4,105091877;1;2,315658018;1,319857641;3,631316037;1;;;;;;;;;;;;;
494;0,861629828;1,135276632;0,723259657;1;-0,232330339;0,454040113;-1,774434462;1;1,288808944;0,903874446;1,577617888;1;;;;;;;;;;;;;
495;0,098158566;2,481139117;-0,803682869;1;-0,0721031;0,766958757;-1,240343668;1;-0,057718275;1,192202893;-1,11543655;1;;;;;;;;;;;;;
496;0,654163129;0,847958735;0,308326257;1;0,355474599;0,376703176;0,184915331;1;1,180401412;0,718716962;1,360802823;1;;;;;;;;;;;;;
497;2,35068748;0,7199144;3,70137496;0;0,237075095;0,380897414;-0,209749684;1;-0,144229144;0,596358191;-1,288458287;1;;;;;;;;;;;;;
498;0,732935801;1,189088429;0,465871602;1;0,051822914;0,44768024;-0,827256954;1;1,086788583;0,867160558;1,173577166;1;;;;;;;;;;;;;
499;0,874474398;1,110345363;0,748948795;1;0,165165474;0,493437936;-0,44944842;1;0,54539166;0,813671572;0,090783319;1;;;;;;;;;;;;;
500;2,313245972;0,852187585;3,626491943;0;-0,312414269;0,439697545;-2,041380896;1;-0,134442799;0,694399635;-1,268885598;1;;;;;;;;;;;;;
501;-0,763977558;3,009334079;-2,527955117;1;0,546427922;0,567825954;0,821426407;1;1,267233206;1,02729231;1,534466413;1;;;;;;;;;;;;;
502;-0,905416191;2,544703816;-2,810832382;1;1,178470119;0,615086814;2,928233731;1;1,673715004;1,32936717;2,347430009;1;;;;;;;;;;;;;
503;0,730012414;1,031525665;0,460024828;1;0,077660767;0,465758993;-0,741130777;1;0,890162031;0,764871855;0,780324062;1;;;;;;;;;;;;;
504;0,455791944;2,259344207;-0,088416112;1;0,050035784;0,612184907;-0,833214054;1;0,695963511;0,971303876;0,391927022;1;;;;;;;;;;;;;
505;-0,258895934;1,379443455;-1,517791869;1;1,12659392;0,589951922;2,755313066;1;1,524460237;0,773004117;2,048920474;1;;;;;;;;;;;;;
506;1,878376329;0,829321211;2,756752657;1;-1,079578873;0,451002072;-4,598596243;0;1,324317772;0,63940753;1,648635545;1;;;;;;;;;;;;;
507;-1,699314615;3,718710939;-4,39862923;1;0,318140044;0,876423905;0,060466814;1;1,596572282;1,391001438;2,193144563;1;;;;;;;;;;;;;
508;0,244368448;2,575098601;-0,511263104;1;-0,297590575;0,597277337;-1,991968584;1;0,519406816;1,052863176;0,038813633;1;;;;;;;;;;;;;
509;-1,055802232;4,520519619;-3,111604463;1;-0,006566525;0,781749064;-1,021888417;1;-1,319012392;1,110191317;-3,638024784;1;;;;;;;;;;;;;
510;0,061374934;1,6099879;-0,877250132;1;0,820963733;0,543822289;1,736545775;1;1,20542243;1,005904324;1,410844859;1;;;;;;;;;;;;;
511;1,256315835;0,881569835;1,51263167;1;0,219656684;0,523072241;-0,267811055;1;0,079329676;0,901335388;-0,841340648;1;;;;;;;;;;;;;
512;0,505995501;1,732452346;0,011991001;1;0,70414167;0,541954768;1,3471389;1;0,833316244;0,962790896;0,666632488;1;;;;;;;;;;;;;
513;2,661075233;0,570053911;4,322150465;0;0,06143209;0,384220427;-0,795226368;1;0,553149561;0,851664498;0,106299121;1;;;;;;;;;;;;;
514;1,695784234;0,809478358;2,391568468;1;0,145594937;0,347190033;-0,514683543;1;1,07985549;0,667350504;1,15971098;1;;;;;;;;;;;;;
515;1,21681409;0,810487596;1,433628181;1;0,02104064;0,395436334;-0,929864535;1;1,317574138;0,682875135;1,635148277;1;;;;;;;;;;;;;
516;1,628355888;0,740129534;2,256711777;1;0,150857968;0,424464358;-0,497140108;1;0,450234926;0,638946466;-0,099530147;1;;;;;;;;;;;;;
517;1,536580492;0,759531955;2,073160985;1;0,925823514;0,491426597;2,086078381;1;-1,493111558;0,906008517;-3,986223116;0;;;;;;;;;;;;;
518;0,952733361;1,877147548;0,905466722;1;0,881106709;0,62370794;1,937022362;1;0,230852141;1,243096961;-0,538295718;1;;;;;;;;;;;;;
519;2,148719061;0,695336109;3,297438121;0;0,220167365;0,374566651;-0,266108783;1;0,28849994;0,597777356;-0,42300012;1;;;;;;;;;;;;;
520;1,137078657;1,118246602;1,274157315;1;0,082566958;0,57009378;-0,724776807;1;0,450311142;0,942892228;-0,099377717;1;;;;;;;;;;;;;
521;-4,831539395;5,771426933;-10,66307879;1;0,501490754;0,757759447;0,671635845;1;1,947131263;1,39018534;2,894262525;1;;;;;;;;;;;;;
522;1,683127327;0,633947058;2,366254654;1;0,387266935;0,279981893;0,290889784;1;1,377231562;0,465327161;1,754463124;1;;;;;;;;;;;;;
523;0,358149431;1,678120973;-0,283701138;1;0,804175186;0,573750275;1,680583954;1;-0,502410939;0,890011187;-2,004821879;1;;;;;;;;;;;;;
524;0,161024925;1,413290916;-0,67795015;1;0,015017057;0,563029185;-0,949943143;1;1,015487275;0,902219495;1,03097455;1;;;;;;;;;;;;;
525;0,934567389;1,295019213;0,869134778;1;-0,017707237;0,465405576;-1,059024125;1;0,992043438;0,987575332;0,984086876;1;;;;;;;;;;;;;
526;0,827300271;0,712588473;0,654600542;1;0,455013271;0,292360364;0,516710904;1;1,730655404;0,571896588;2,461310809;0;;;;;;;;;;;;;
527;-1,051736164;2,745287395;-3,103472328;1;0,855172063;0,694552881;1,850573544;1;-0,465033521;1,18454941;-1,930067042;1;;;;;;;;;;;;;
528;-3,752384471;5,828213574;-8,504768941;1;0,469941253;0,620216335;0,566470842;1;1,349417638;1,104823716;1,698835275;1;;;;;;;;;;;;;
529;2,661963887;0,624595414;4,323927774;0;-0,604971999;0,339421816;-3,01657333;0;-0,027078852;0,504809084;-1,054157704;1;;;;;;;;;;;;;
530;2,175502431;0,798725858;3,351004863;0;0,193751659;0,375020972;-0,354161135;1;-0,419138659;0,579399185;-1,838277318;1;;;;;;;;;;;;;
531;-6,204847197;3,712270749;-13,40969439;1;0,175634968;0,873609521;-0,414550106;1;3,0368284;1,692045585;5,0736568;1;;;;;;;;;;;;;
532;1,098005483;0,821190036;1,196010966;1;-0,209596709;0,401771198;-1,698655697;1;1,369290402;0,71429379;1,738580805;1;;;;;;;;;;;;;
533;-3,474444657;2,882550331;-7,948889315;1;1,593898278;0,745884424;4,312994261;1;1,69202421;1,191768866;2,38404842;1;;;;;;;;;;;;;
534;-0,363711144;5,211931244;-1,727422288;1;0,451429839;0,769996527;0,50476613;1;-0,30040762;1,074266545;-1,60081524;1;;;;;;;;;;;;;
535;-0,700228618;8,140880224;-2,400457235;1;1,082274773;0,857366555;2,607582578;1;-0,466194305;1,21018354;-1,93238861;1;;;;;;;;;;;;;
536;1,200080535;0,793451849;1,40016107;1;0,609098333;0,396221872;1,030327775;1;0,378674606;0,630001984;-0,242650788;1;;;;;;;;;;;;;
537;0,355018966;1,433939463;-0,289962068;1;0,584579603;0,608965883;0,948598677;1;0,890364627;0,972366151;0,780729254;1;;;;;;;;;;;;;
538;1,744653415;0,975894811;2,489306829;1;0,275226001;0,378329159;-0,082579996;1;0,407475136;0,923933852;-0,185049727;1;;;;;;;;;;;;;
539;0,451854527;0,884558816;-0,096290946;1;0,556446628;0,38151268;0,854822092;1;1,758683093;0,648316347;2,517366187;1;;;;;;;;;;;;;
540;1,977602309;0,850066109;2,955204617;1;0,435692089;0,379974667;0,452306964;1;0,41644524;0,682110757;-0,167109519;1;;;;;;;;;;;;;
541;1,499374956;1,035662156;1,998749913;1;0,428283007;0,493916748;0,427610024;1;-0,600772238;0,781234221;-2,201544476;1;;;;;;;;;;;;;
542;0,480541879;1,537445805;-0,038916243;1;-0,516499529;0,700262759;-2,721665098;1;1,33606328;1,168468108;1,672126561;1;;;;;;;;;;;;;
543;1,193885167;1,001364352;1,387770334;1;0,067289517;0,500548762;-0,775701611;1;0,01236788;0,823510476;-0,975264239;1;;;;;;;;;;;;;
544;-2,92743957;7,133200334;-6,854879141;1;-0,146847804;0,706714586;-1,489492681;1;0,578488713;1,134814484;0,156977427;1;;;;;;;;;;;;;
545;1,625635851;0,916022108;2,251271701;1;0,50078666;0,432890584;0,669288866;1;0,133648219;0,823068124;-0,732703562;1;;;;;;;;;;;;;
546;-0,091069135;3,409477469;-1,182138271;1;0,626427105;0,609880961;1,08809035;1;0,923422026;1,444479426;0,846844053;1;;;;;;;;;;;;;
547;1,351944155;1,493146649;1,70388831;1;0,214840479;0,531899963;-0,283865068;1;-0,284961889;0,866940254;-1,569923778;1;;;;;;;;;;;;;
548;-3,823243191;4,395113387;-8,646486382;1;0,773045254;0,802720553;1,576817512;1;-0,296316232;1,260694223;-1,592632463;1;;;;;;;;;;;;;
549;2,339503461;0,732614568;3,679006923;0;0,553595268;0,363231314;0,845317561;1;-0,210473558;0,675447972;-1,420947116;1;;;;;;;;;;;;;
550;0,93745601;0,851444804;0,874912019;1;0,323007346;0,371831253;0,076691154;1;1,684441143;0,759084856;2,368882286;1;;;;;;;;;;;;;
551;-0,102142639;2,276622387;-1,204285278;1;0,711416497;0,648059445;1,371388323;1;0,546009495;1,449443532;0,09201899;1;;;;;;;;;;;;;
552;0,718378506;1,972923769;0,436757013;1;0,278615258;0,664280514;-0,071282474;1;-1,753144628;1,217739935;-4,506289256;1;;;;;;;;;;;;;
553;1,586254881;1,14783511;2,172509761;1;0,145679686;0,454606927;-0,514401047;1;0,611370418;0,870525406;0,222740835;1;;;;;;;;;;;;;
554;2,067386925;0,653544583;3,13477385;0;0,348249277;0,310916147;0,160830924;1;0,715922623;0,578084603;0,431845246;1;;;;;;;;;;;;;
555;1,879038875;1,376810806;2,75807775;1;-0,839915802;0,570473241;-3,799719338;0;0,636395814;0,735525042;0,272791627;1;;;;;;;;;;;;;
556;-4,122157631;3,667178832;-9,244315262;1;0,514559686;0,66536494;0,715198954;1;0,866414314;1,079165951;0,732828629;1;;;;;;;;;;;;;
557;0,899876753;1,107169308;0,799753507;1;0,229026647;0,489651309;-0,236577845;1;0,916111834;0,841815939;0,832223667;1;;;;;;;;;;;;;
558;1,018420357;0,921889191;1,036840714;1;1,496754631;0,451212913;3,989182102;0;0,598810555;0,648842826;0,19762111;1;;;;;;;;;;;;;
559;1,146991415;0,866387524;1,293982829;1;0,139083105;0,380413883;-0,53638965;1;1,08145671;0,832103845;1,16291342;1;;;;;;;;;;;;;
560;-1,279912291;3,958713775;-3,559824582;1;0,334274998;0,687165432;0,114249994;1;-0,980485867;1,132069704;-2,960971735;1;;;;;;;;;;;;;
561;1,9794931;1,034623046;2,958986199;1;-0,25190684;0,43311529;-1,839689467;1;1,78212997;0,802354511;2,56425994;1;;;;;;;;;;;;;
562;1,525757973;2,064187392;2,051515946;1;-0,24375893;0,807701979;-1,812529767;1;-1,388589915;1,026825658;-3,77717983;1;;;;;;;;;;;;;
563;-2,591134116;2,288061476;-6,182268231;1;1,279796044;0,774381197;3,265986815;1;2,296871164;1,290643084;3,593742328;1;;;;;;;;;;;;;
564;-0,018689436;2,03180939;-1,037378872;1;0,150494574;0,506394306;-0,498351419;1;1,895181554;1,224660593;2,790363108;1;;;;;;;;;;;;;
565;1,912370779;0,798073616;2,824741559;1;0,515626838;0,421445364;0,718756128;1;-0,674613699;0,72201352;-2,349227398;1;;;;;;;;;;;;;
566;2,609038269;0,697368451;4,218076537;0;-0,475984825;0,381612546;-2,586616084;0;0,384272309;0,528238193;-0,231455382;1;;;;;;;;;;;;;
567;1,991209964;1,051808765;2,982419928;1;0,153589896;0,478973895;-0,488033681;1;-0,837182716;0,739313838;-2,674365432;1;;;;;;;;;;;;;
568;0,283757298;1,617941149;-0,432485404;1;1,418135696;0,670540019;3,727118988;1;0,916612712;0,95404858;0,833225423;1;;;;;;;;;;;;;
569;0,903846503;1,022907277;0,807693007;1;-0,08981759;0,375883988;-1,299391966;1;2,031938117;0,804601932;3,063876234;1;;;;;;;;;;;;;
570;-0,114307995;2,452960103;-1,22861599;1;-0,438274125;0,665814314;-2,460913748;1;0,30656109;1,316543929;-0,386877821;1;;;;;;;;;;;;;
571;0,442555905;1,291366861;-0,11488819;1;-0,224416873;0,583941825;-1,748056242;1;1,712260432;0,924361819;2,424520863;1;;;;;;;;;;;;;
572;0,183198645;2,615194231;-0,63360271;1;-0,246991284;0,636737824;-1,823304281;1;-0,356965619;1,027408457;-1,713931237;1;;;;;;;;;;;;;
573;1,306680391;1,236615095;1,613360783;1;-0,020267908;0,563736463;-1,067559693;1;0,593250679;0,98685953;0,186501357;1;;;;;;;;;;;;;
574;0,930973015;1,080120467;0,861946031;1;0,11637738;0,421119844;-0,612075399;1;1,079351107;0,740044689;1,158702215;1;;;;;;;;;;;;;
575;2,194575389;0,78463681;3,389150778;0;0,210341635;0,399097446;-0,298861216;1;0,164285987;0,730986681;-0,671428025;1;;;;;;;;;;;;;
576;2,119101898;0,694527186;3,238203796;0;0,186025731;0,314491789;-0,37991423;1;0,594915939;0,522734782;0,189831878;1;;;;;;;;;;;;;
577;0,799344856;1,056225776;0,598689712;1;-0,554382367;0,439906823;-2,847941222;1;1,516258235;0,801115062;2,03251647;1;;;;;;;;;;;;;
578;-3,28628859;5,547356645;-7,572577181;1;0,716498126;0,734657676;1,388327086;1;0,883788131;1,178395334;0,767576263;1;;;;;;;;;;;;;
579;1,309690654;0,85251338;1,619381307;1;0,673359651;0,397857195;1,244532171;1;0,326935427;0,643895554;-0,346129147;1;;;;;;;;;;;;;
580;-2,990917952;7,125838801;-6,981835904;1;-0,954982621;0,766630314;-4,183275404;1;1,115378252;1,448164801;1,230756505;1;;;;;;;;;;;;;
581;1,703500164;0,849691682;2,407000329;1;0,596557698;0,439550774;0,988525659;1;0,040014906;0,64233283;-0,919970188;1;;;;;;;;;;;;;
582;0,292698226;1,298456574;-0,414603548;1;0,876474546;0,560716717;1,92158182;1;0,783857593;0,860030903;0,567715185;1;;;;;;;;;;;;;
583;-1,20335963;3,195314778;-3,406719259;1;-0,29114248;0,749120738;-1,970474934;1;1,490556035;1,140201568;1,981112071;1;;;;;;;;;;;;;
584;1,458873183;0,957618417;1,917746366;1;0,465995987;0,451814557;0,553319958;1;-0,400720568;0,786588303;-1,801441137;1;;;;;;;;;;;;;
585;1,841424857;0,779199644;2,682849715;1;0,845008864;0,435137111;1,816696215;1;-0,49745669;0,676398833;-1,994913381;1;;;;;;;;;;;;;
586;0,992933794;1,020036377;0,985867587;1;0,61248994;0,467328717;1,041633134;1;0,84651642;0,698464323;0,69303284;1;;;;;;;;;;;;;
587;1,642808106;0,819745949;2,285616212;1;0,384312196;0,434967752;0,281040653;1;0,377551334;0,663114291;-0,244897332;1;;;;;;;;;;;;;
588;1,307435745;1,394788144;1,614871489;1;0,278279123;0,548702402;-0,072402922;1;0,001474775;1,127578033;-0,997050449;1;;;;;;;;;;;;;
589;-4,157004494;5,337643025;-9,314008988;1;0,994697009;0,721528054;2,315656695;1;1,004653713;1,435517762;1,009307426;1;;;;;;;;;;;;;
590;0,786070554;1,129581506;0,572141108;1;-0,23354569;0,467984156;-1,778485633;1;1,049855745;0,880243058;1,09971149;1;;;;;;;;;;;;;
591;2,160478154;0,468281751;3,320956308;0;0,495837556;0,264507826;0,652791855;1;0,822825153;0,455104343;0,645650306;1;;;;;;;;;;;;;
592;-4,383217393;3,204743833;-9,766434787;1;0,725557867;0,91318083;1,418526224;1;5,694292618;2,225404253;10,38858524;0;;;;;;;;;;;;;
593;3,205433108;0,529725286;5,410866216;0;-0,69817424;0,429156953;-3,327247468;0;-0,377247234;0,569543478;-1,754494468;1;;;;;;;;;;;;;
594;-5,545812619;3,529705006;-12,09162524;1;1,225571677;0,688678275;3,085238924;1;2,24753186;1,173296604;3,49506372;1;;;;;;;;;;;;;
595;2,246828122;0,552556862;3,493656245;0;0,875768212;0,321886071;1,919227372;1;-0,027268859;0,53039627;-1,054537717;1;;;;;;;;;;;;;
596;1,232560716;1,603579795;1,465121433;1;-0,603942484;0,642411385;-3,013141614;1;0,625107512;0,857818759;0,250215024;1;;;;;;;;;;;;;
597;1,338493482;0,844453219;1,676986963;1;-0,159978793;0,376978194;-1,533262643;1;1,250267083;0,63080716;1,500534165;1;;;;;;;;;;;;;
598;1,568948695;0,937983082;2,137897391;1;0,291041381;0,386518372;-0,029862064;1;1,291358213;0,73314611;1,582716426;1;;;;;;;;;;;;;
599;0,541432056;0,819345258;0,082864113;1;0,706666177;0,342891657;1,355553923;1;1,66552148;0,701771586;2,331042961;1;;;;;;;;;;;;;
600;2,08875589;0,985138609;3,177511781;1;0,579680277;0,393507028;0,93226759;1;-0,413124684;0,763732012;-1,826249369;1;;;;;;;;;;;;;
601;1,016550195;0,951549587;1,03310039;1;0,027210055;0,417845885;-0,909299816;1;0,898494881;0,729476375;0,796989761;1;;;;;;;;;;;;;
602;-1,151193118;6,589934889;-3,302386236;1;-0,925202217;0,736888719;-4,08400739;1;-1,36063687;1,329458294;-3,721273739;1;;;;;;;;;;;;;
603;1,314473299;0,992573178;1,628946598;1;-0,445315837;0,4712764;-2,484386122;1;1,567498666;0,85981204;2,134997332;1;;;;;;;;;;;;;
604;1,125428066;1,113212194;1,250856133;1;0,991601279;0,527108204;2,305337598;1;0,402544036;0,746327314;-0,194911928;1;;;;;;;;;;;;;
605;1,016411964;NA;1,032823929;NA;-0,139396277;0,621889594;-1,464654257;1;-1,546932224;0,867656229;-4,093864449;0;;;;;;;;;;;;;
606;1,858153592;0,921509738;2,716307183;1;0,475366517;0,414151678;0,584555056;1;0,027286458;0,642239832;-0,945427084;1;;;;;;;;;;;;;
607;0,046775333;2,258693523;-0,906449334;1;0,204642387;0,604373983;-0,31785871;1;1,089733154;1,197782214;1,179466309;1;;;;;;;;;;;;;
608;1,231230378;1,103548033;1,462460756;1;0,424893478;0,434707964;0,416311592;1;-0,538316293;0,85478654;-2,076632586;1;;;;;;;;;;;;;
609;0,632282272;1,187789481;0,264564545;1;-0,035388688;0,544456744;-1,117962292;1;0,733343439;0,921531569;0,466686879;1;;;;;;;;;;;;;
610;1,639064907;0,703928746;2,278129814;1;0,676968558;0,329743741;1,25656186;1;0,830698738;0,471850827;0,661397476;1;;;;;;;;;;;;;
611;1,687098985;0,788123722;2,37419797;1;0,345846174;0,426071749;0,152820579;1;0,704141567;0,926000957;0,408283134;1;;;;;;;;;;;;;
612;-0,04903465;3,172167556;-1,0980693;1;-0,056257203;0,686261575;-1,187524011;1;0,175808072;1,259379168;-0,648383856;1;;;;;;;;;;;;;
613;0,956302309;2,729274483;0,912604618;1;-1,132799836;0,75345268;-4,775999453;1;0,120458302;0,832525724;-0,759083395;1;;;;;;;;;;;;;
614;0,783691614;1,036630366;0,567383228;1;0,382595787;0,5127389;0,275319289;1;1,356184922;0,81001769;1,712369845;1;;;;;;;;;;;;;
615;1,026856356;0,993445039;1,053712712;1;0,534455383;0,444417367;0,781517942;1;0,756529503;0,702067304;0,513059006;1;;;;;;;;;;;;;
616;0,846910501;1,106381206;0,693821001;1;-0,181559039;0,555696132;-1,605196796;1;1,166921704;0,789340041;1,333843407;1;;;;;;;;;;;;;
617;0,391301941;1,066969778;-0,217396117;1;0,67872763;0,435125586;1,262425434;1;0,869283277;0,771112548;0,738566554;1;;;;;;;;;;;;;
618;-3,557545137;4,722826314;-8,115090273;1;0,31509132;0,701536567;0,0503044;1;-0,058672878;1,154540146;-1,117345755;1;;;;;;;;;;;;;
619;2,065390593;0,844422951;3,130781185;1;0,369570887;0,517792972;0,231902958;1;0,279707218;0,867455567;-0,440585563;1;;;;;;;;;;;;;
620;0,679944058;1,854462562;0,359888116;1;0,958153301;0,689292375;2,193844335;1;-0,484346523;1,01552198;-1,968693046;1;;;;;;;;;;;;;
621;-3,554754575;7,6878306;-8,109509149;1;0,716308296;1,03013804;1,387694321;1;-0,448988338;1,567861449;-1,897976676;1;;;;;;;;;;;;;
622;-0,506567445;4,046664742;-2,013134889;1;-0,310750732;0,722151019;-2,035835774;1;0,026501283;1,213207892;-0,946997435;1;;;;;;;;;;;;;
623;-5,552603251;3,961028759;-12,1052065;1;-0,622140447;1,006764505;-3,073801489;1;2,388302958;1,775405233;3,776605917;1;;;;;;;;;;;;;
624;1,542380119;0,780227766;2,084760237;1;0,181359238;0,351185554;-0,395469207;1;0,797114073;0,661730287;0,594228147;1;;;;;;;;;;;;;
625;2,484517585;0,671925277;3,969035169;0;-0,021750855;0,325129817;-1,072502852;1;-0,104743005;0,595564962;-1,20948601;1;;;;;;;;;;;;;
626;1,227030642;1,333840775;1,454061285;1;0,906581407;0,601738666;2,021938023;1;0,036922635;0,852671871;-0,926154731;1;;;;;;;;;;;;;
627;2,049920181;0,78923785;3,099840362;0;-0,134488247;0,508638452;-1,448294157;1;-0,196493562;0,667761929;-1,392987125;1;;;;;;;;;;;;;
628;2,752391056;0,58919847;4,504782112;0;-0,191204749;0,309400229;-1,637349165;1;0,048387593;0,551449226;-0,903224813;1;;;;;;;;;;;;;
629;1,452209296;1,350735324;1,904418591;1;0,058150105;0,563087137;-0,806166318;1;-0,537465771;0,854428128;-2,074931542;1;;;;;;;;;;;;;
630;0,724645492;0,91044634;0,449290984;1;0,826108953;0,332404566;1,753696509;1;1,634296926;0,798135893;2,268593853;1;;;;;;;;;;;;;
631;1,944079027;0,913891979;2,888158054;1;0,977634748;0,421881879;2,258782493;1;0,409632197;0,630582065;-0,180735606;1;;;;;;;;;;;;;
632;-0,11288508;1,080634311;-1,225770161;1;0,189579545;0,555556776;-0,368068182;1;1,63050153;0,940315109;2,261003061;1;;;;;;;;;;;;;
633;0,915370263;1,440381148;0,830740525;1;0,074362214;0,568194174;-0,752125954;1;0,118518492;1,019320203;-0,762963015;1;;;;;;;;;;;;;
634;1,550451984;1,338815243;2,100903969;1;0,246103867;0,546429659;-0,179653778;1;-0,823536076;0,784890434;-2,647072151;1;;;;;;;;;;;;;
635;0,557532928;1,018694655;0,115065855;1;0,146520715;0,404996015;-0,511597615;1;1,443884056;0,750633863;1,887768111;1;;;;;;;;;;;;;
636;0,507915647;1,841459587;0,015831295;1;1,261580557;0,626172578;3,205268522;1;-0,262829171;1,044938278;-1,525658342;1;;;;;;;;;;;;;
637;-0,121148082;1,293962523;-1,242296165;1;0,284317513;0,490206431;-0,052274958;1;1,45772829;0,850933548;1,915456581;1;;;;;;;;;;;;;
638;0,607215673;1,75570785;0,214431347;1;1,645195859;0,776837176;4,483986198;1;0,128269827;0,790986402;-0,743460345;1;;;;;;;;;;;;;
639;-2,099132891;3,935180277;-5,198265782;1;0,38400555;0,678517564;0,2800185;1;0,321438752;1,083914518;-0,357122496;1;;;;;;;;;;;;;
640;0,426800774;1,236763144;-0,146398452;1;0,806271796;0,505305981;1,687572652;1;0,563028023;0,85319144;0,126056046;1;;;;;;;;;;;;;
641;3,187316024;0,542717683;5,374632049;0;0,159312257;0,296510412;-0,468959143;1;-1,420635584;0,464717782;-3,841271169;0;;;;;;;;;;;;;
642;-5,477966068;3,996934943;-11,95593214;1;0,571782519;0,768536059;0,905941731;1;3,005599638;1,520943792;5,011199277;1;;;;;;;;;;;;;
643;1,686368072;0,937103685;2,372736144;1;0,281334098;0,447697864;-0,062219673;1;0,272276145;0,71894855;-0,45544771;1;;;;;;;;;;;;;
644;1,022664611;1,377050433;1,045329221;1;-0,520912029;0,638881995;-2,73637343;1;0,513240607;0,91122548;0,026481214;1;;;;;;;;;;;;;
645;0,954712175;1,44080833;0,90942435;1;0,790329128;0,528286925;1,634430426;1;0,01633381;0,858301654;-0,96733238;1;;;;;;;;;;;;;
646;0,787129284;1,056254757;0,574258568;1;0,423505609;0,400971746;0,411685364;1;0,732905794;0,921360889;0,465811587;1;;;;;;;;;;;;;
647;2,025591523;0,578436935;3,051183045;0;0,723064177;0,347217374;1,410213925;1;-0,583973834;0,674837952;-2,167947667;1;;;;;;;;;;;;;
648;1,788361823;0,875943349;2,576723645;1;-0,481646399;0,797683788;-2,605487997;1;-0,024529932;1,169748885;-1,049059864;1;;;;;;;;;;;;;
649;0,719542046;0,735405867;0,439084092;1;0,397748573;0,361455393;0,325828577;1;1,293752574;0,596676446;1,587505148;1;;;;;;;;;;;;;
650;2,607677574;0,898405449;4,215355148;0;-0,864868832;0,51133575;-3,882896107;0;0,28759715;0,892521238;-0,4248057;1;;;;;;;;;;;;;
651;-1,549314452;4,618033839;-4,098628905;1;-0,186080145;0,678232429;-1,620267148;1;1,6152299;1,187475348;2,230459799;1;;;;;;;;;;;;;
652;-3,047356695;4,835202159;-7,094713389;1;-1,287111177;0,755515491;-5,290370589;0;1,101037558;1,247469451;1,202075116;1;;;;;;;;;;;;;
653;-2,064909604;3,537966201;-5,129819208;1;1,343803061;0,756888724;3,479343536;1;-3,355705931;1,64587036;-7,711411862;0;;;;;;;;;;;;;
654;0,803515166;1,38916923;0,607030332;1;-0,254700437;0,522594832;-1,849001455;1;0,549665645;0,970201038;0,099331289;1;;;;;;;;;;;;;
655;1,584012205;0,9533625;2,168024409;1;0,060229932;0,519433121;-0,799233561;1;0,922333885;0,849324016;0,844667769;1;;;;;;;;;;;;;
656;0,137477045;2,005725171;-0,72504591;1;1,030406296;0,623422498;2,434687653;1;0,610818803;1,183117008;0,221637605;1;;;;;;;;;;;;;
657;1,395671374;1,251131803;1,791342749;1;0,747736214;0,551126166;1,492454047;1;0,115264238;0,848185467;-0,769471525;1;;;;;;;;;;;;;
658;1,454289964;0,751888917;1,908579928;1;0,906679771;0,441627534;2,022265905;1;0,40865407;0,712609776;-0,18269186;1;;;;;;;;;;;;;
659;-0,790802619;4,954738016;-2,581605239;1;0,124881263;0,738183693;-0,583729123;1;1,600623927;1,294320887;2,201247854;1;;;;;;;;;;;;;
660;1,115416918;1,093339213;1,230833836;1;0,17040796;0,464286089;-0,431973467;1;0,722078629;0,970899873;0,444157257;1;;;;;;;;;;;;;
661;2,701474659;0,733091248;4,402949318;0;0,017135527;0,359585285;-0,942881575;1;-0,038367145;0,60127871;-1,076734291;1;;;;;;;;;;;;;
662;0,323477676;1,38016026;-0,353044649;1;0,345158756;0,544036194;0,150529188;1;1,167227441;0,914447572;1,334454883;1;;;;;;;;;;;;;
663;0,507504896;0,998968513;0,015009791;1;0,263281797;0,475639548;-0,12239401;1;1,236979217;0,719000184;1,473958433;1;;;;;;;;;;;;;
664;1,926356216;0,671871053;2,852712432;0;0,215505387;0,28216663;-0,281648709;1;1,863605851;0,442468071;2,727211703;0;;;;;;;;;;;;;
665;0,831654679;1,710573085;0,663309358;1;1,039873894;0,524071869;2,466246315;1;-0,971703507;0,893660843;-2,943407013;1;;;;;;;;;;;;;
666;-3,800234092;8,108348673;-8,600468183;1;-0,332056889;0,65767756;-2,106856296;1;2,348367242;1,314111116;3,696734484;1;;;;;;;;;;;;;
667;0,792281862;1,273119055;0,584563724;1;0,974537018;0,480373496;2,248456726;1;0,62482077;0,747842985;0,249641539;1;;;;;;;;;;;;;
668;0,368888141;0,887198893;-0,262223718;1;1,242159917;0,452009974;3,140533056;0;0,630884257;0,73778664;0,261768513;1;;;;;;;;;;;;;
669;0,49659892;1,43989202;-0,00680216;1;0,551823526;0,492064872;0,839411754;1;1,018886203;0,857194539;1,037772407;1;;;;;;;;;;;;;
670;1,155079891;0,932622282;1,310159781;1;0,645328121;0,439591129;1,151093736;1;1,3771945;0,693254307;1,754389001;1;;;;;;;;;;;;;
671;1,609314142;0,91965414;2,218628283;1;-0,236824141;0,413951601;-1,789413802;1;0,61027695;0,645400865;0,220553899;1;;;;;;;;;;;;;
672;1,955835836;1,156680059;2,911671672;1;0,718418306;0,589847471;1,394727686;1;0,086909021;0,679220728;-0,826181959;1;;;;;;;;;;;;;
673;1,357284518;0,690712526;1,714569035;1;0,722909032;0,366721436;1,409696773;1;0,087850333;0,665458389;-0,824299335;1;;;;;;;;;;;;;
674;-0,621519773;2,870875264;-2,243039546;1;-0,407342758;0,665848553;-2,357809194;1;1,248707885;1,255883307;1,497415771;1;;;;;;;;;;;;;
675;1,498649442;1,197731259;1,997298883;1;0,846148837;0,451343521;1,820496123;1;1,020374441;0,815492405;1,040748883;1;;;;;;;;;;;;;
676;-1,520759871;1,914673406;-4,041519742;1;0,32957463;0,605372037;0,098582099;1;3,063347683;1,361460325;5,126695367;1;;;;;;;;;;;;;
677;0,344208895;1,399888725;-0,311582209;1;0,767307357;0,544172596;1,55769119;1;1,530805732;1,001720443;2,061611464;1;;;;;;;;;;;;;
678;-0,211526222;1,384800253;-1,423052444;1;0,68401893;0,516659153;1,280063099;1;1,516050931;0,838164024;2,032101862;1;;;;;;;;;;;;;
679;1,665535271;0,859982291;2,331070542;1;0,584101635;0,395390681;0,947005449;1;0,185988014;0,557479027;-0,628023971;1;;;;;;;;;;;;;
680;1,166002367;0,717106068;1,332004734;1;0,918567679;0,439431365;2,061892262;1;-1,408106381;0,805903961;-3,816212762;0;;;;;;;;;;;;;
681;2,158110265;0,86059119;3,316220529;1;-0,566769519;0,575009879;-2,889231729;1;-0,265478351;0,859549625;-1,530956703;1;;;;;;;;;;;;;
682;1,924849986;0,826243063;2,849699972;1;-0,171066182;0,400934461;-1,570220608;1;0,517939684;0,732127739;0,035879368;1;;;;;;;;;;;;;
683;1,871480304;0,894001298;2,742960608;1;0,309220317;0,427563455;0,03073439;1;0,347726013;0,683646734;-0,304547974;1;;;;;;;;;;;;;
684;-0,346149793;2,645779309;-1,692299587;1;0,988074189;0,73444916;2,293580631;1;-0,116242103;1,190573972;-1,232484206;1;;;;;;;;;;;;;
685;-1,452842617;NA;-3,905685235;NA;0,394173571;NA;0,313911903;NA;-1,05038635;1,026287606;-3,100772699;1;;;;;;;;;;;;;
686;1,708482503;0,734420876;2,416965005;1;0,203683913;0,426653099;-0,321053622;1;0,887943392;0,781341702;0,775886785;1;;;;;;;;;;;;;
687;-0,283517692;2,092509241;-1,567035384;1;0,268863378;0,578176122;-0,10378874;1;1,146531689;1,00007867;1,293063379;1;;;;;;;;;;;;;
688;0,408292182;5,640994568;-0,183415636;1;-0,290438386;0,93042105;-1,968127952;1;-1,5716417;1,406574037;-4,1432834;1;;;;;;;;;;;;;
689;2,395874131;0,44574188;3,791748261;0;0,652960359;0,286794002;1,176534528;1;0,5652285;0,421627421;0,130457;1;;;;;;;;;;;;;
690;2,349220679;0,759595547;3,698441358;0;0,005281453;0,408023064;-0,982395155;1;0,32188263;0,751329035;-0,356234739;1;;;;;;;;;;;;;
691;0,247714978;1,181528611;-0,504570044;1;1,567689703;0,453754912;4,225632342;0;1,723877121;0,967049558;2,447754241;1;;;;;;;;;;;;;
692;2,232170896;0,93965883;3,464341792;1;0,818414051;0,520553682;1,728046838;1;0,085805615;0,724773555;-0,828388771;1;;;;;;;;;;;;;
693;1,954427651;0,633334482;2,908855301;0;0,287100244;0,323849164;-0,042999186;1;0,35287369;0,605753208;-0,29425262;1;;;;;;;;;;;;;
694;1,275416109;1,005215643;1,550832218;1;0,59259342;0,449132436;0,9753114;1;0,735244576;0,824947118;0,470489153;1;;;;;;;;;;;;;
695;1,334639667;0,890767946;1,669279334;1;0,488988448;0,388473768;0,629961495;1;0,548964184;0,67184334;0,097928367;1;;;;;;;;;;;;;
696;0,802301752;0,784589527;0,604603504;1;1,186021103;0,372182328;2,953403676;0;0,96232022;0,67694794;0,924640439;1;;;;;;;;;;;;;
697;1,192498156;0,853050908;1,384996311;1;0,334757099;0,384813675;0,115856996;1;1,126746898;0,759803069;1,253493796;1;;;;;;;;;;;;;
698;-0,129878694;1,94566369;-1,259757389;1;-0,430597848;0,686113444;-2,435326161;1;-0,29847682;1,149390702;-1,59695364;1;;;;;;;;;;;;;
699;0,491958628;1,877214865;-0,016082743;1;0,390088755;0,576307838;0,300295851;1;1,670147263;1,030582899;2,340294526;1;;;;;;;;;;;;;
700;2,888627288;0,573996829;4,777254576;0;-0,14050561;0,355765236;-1,468352033;1;-0,672067486;0,592489635;-2,344134971;0;;;;;;;;;;;;;
701;-0,635096276;1,181402314;-2,270192552;1;0,037045888;0,430266914;-0,876513706;1;2,735507734;0,896939391;4,471015469;0;;;;;;;;;;;;;
702;1,923773247;0,782200206;2,847546494;1;-1,00481072;0,5842341;-4,349369066;0;0,65783686;0,620086153;0,315673719;1;;;;;;;;;;;;;
703;1,322361632;0,703482868;1,644723265;1;0,181154121;0,383230065;-0,396152931;1;0,213860515;0,589318252;-0,57227897;1;;;;;;;;;;;;;
704;2,329352151;0,676694473;3,658704303;0;0,476097894;0,410424718;0,586992981;1;-0,784746258;0,633442043;-2,569492517;0;;;;;;;;;;;;;
705;1,318626979;1,157588922;1,637253959;1;-0,417940948;0,487601366;-2,393136495;1;1,307729544;0,918681535;1,615459089;1;;;;;;;;;;;;;
706;-4,938447456;3,760874304;-10,87689491;1;-0,809530441;0,789706455;-3,698434805;1;2,371384771;1,45009037;3,742769543;1;;;;;;;;;;;;;
707;-2,965613189;8,487715062;-6,931226379;1;-0,295693627;0,750241371;-1,985645422;1;1,084964504;1,221987633;1,169929008;1;;;;;;;;;;;;;
708;0,204682498;2,343175662;-0,590635004;1;-0,549648371;0,905528567;-2,832161236;1;0,647740095;1,258339055;0,295480191;1;;;;;;;;;;;;;
709;2,062599457;0,850736035;3,125198914;1;0,279356564;0,497260071;-0,068811453;1;0,128276571;0,708854688;-0,743446858;1;;;;;;;;;;;;;
710;1,587230804;1,032823039;2,174461609;1;-0,045655062;0,482892297;-1,15218354;1;-0,056988298;0,782645523;-1,113976596;1;;;;;;;;;;;;;
711;1,797151445;0,949483919;2,594302889;1;0,273240386;0,582794347;-0,089198714;1;0,226841948;1,013932152;-0,546316104;1;;;;;;;;;;;;;
712;0,559459732;1,472256154;0,118919464;1;0,507802188;0,638666053;0,692673959;1;0,65754055;1,185667473;0,315081099;1;;;;;;;;;;;;;
713;1,19191805;1,392908891;1,3838361;1;0,648638476;0,624044269;1,162128253;1;0,226528318;0,965188168;-0,546943364;1;;;;;;;;;;;;;
714;0,447590554;1,836537792;-0,104818892;1;0,343778067;0,572441148;0,145926889;1;-0,90204483;0,947570705;-2,80408966;1;;;;;;;;;;;;;
715;1,943774024;0,716087396;2,887548048;0;1,037744896;0,375098106;2,459149653;0;0,174902849;0,484947548;-0,650194302;1;;;;;;;;;;;;;
716;1,88531064;0,879071681;2,77062128;1;-0,166312535;0,724716522;-1,554375116;1;-0,523238462;0,872947546;-2,046476924;1;;;;;;;;;;;;;
717;0,480990692;1,341420007;-0,038018617;1;0,392222738;0,477815038;0,307409125;1;-0,070734528;0,8968302;-1,141469056;1;;;;;;;;;;;;;
718;1,922436376;0,571439094;2,844872752;0;0,300589658;0,324486048;0,001965527;1;-0,322328408;0,507426956;-1,644656816;1;;;;;;;;;;;;;
719;1,161536708;1,268755562;1,323073416;1;-0,434139697;0,654891393;-2,447132322;1;0,603892385;0,848264209;0,207784769;1;;;;;;;;;;;;;
720;1,777630494;0,53889714;2,555260988;0;1,205133878;0,336393602;3,017112926;0;-0,025482844;0,42298299;-1,050965689;1;;;;;;;;;;;;;
721;1,26562718;0,778485983;1,53125436;1;0,704754431;0,378034177;1,349181438;1;0,55242382;0,585052423;0,10484764;1;;;;;;;;;;;;;
722;-0,169643158;3,475147131;-1,339286315;1;0,691141839;0,703191113;1,303806129;1;-0,58945904;1,394893182;-2,17891808;1;;;;;;;;;;;;;
723;-0,361684207;2,011012892;-1,723368415;1;0,795483479;0,566779193;1,651611595;1;1,236055176;1,069687094;1,472110351;1;;;;;;;;;;;;;
724;-5,223403278;2,711185782;-11,44680656;0;0,409544514;0,628040672;0,365148381;1;2,161556381;1,210207262;3,323112761;1;;;;;;;;;;;;;
725;-0,684515804;2,812678881;-2,369031609;1;1,006581683;0,706042845;2,355272278;1;1,119075279;1,225328171;1,238150557;1;;;;;;;;;;;;;
726;1,966183174;1,283522008;2,932366348;1;-0,457268151;0,515686218;-2,52422717;1;-0,599773136;0,860802312;-2,199546271;1;;;;;;;;;;;;;
727;2,525403944;0,569265956;4,050807888;0;0,732800933;0,327776759;1,442669776;1;0,545152948;0,442154431;0,090305895;1;;;;;;;;;;;;;
728;-1,018957477;1,370757131;-3,037914955;1;0,461250739;0,652369276;0,537502464;1;2,36044697;1,290533864;3,72089394;1;;;;;;;;;;;;;
729;0,011373727;4,174029103;-0,977252547;1;-0,327216844;0,811901209;-2,090722812;1;-1,152587264;1,501825356;-3,305174529;1;;;;;;;;;;;;;
730;1,265526129;0,707213267;1,531052258;1;0,764212161;0,362561043;1,54737387;1;0,312823637;0,550199418;-0,374352727;1;;;;;;;;;;;;;
731;-6,54327363;3,756485701;-14,08654726;1;0,978036088;0,764735614;2,260120294;1;3,50056408;1,409935767;6,001128161;0;;;;;;;;;;;;;
732;0,868742536;1,156699486;0,737485071;1;0,838336494;0,453874199;1,794454982;1;0,319939441;0,704462037;-0,360121119;1;;;;;;;;;;;;;
733;2,212020187;0,514441663;3,424040374;0;0,738568242;0,388645423;1,461894139;1;-0,077979197;0,510288304;-1,155958395;1;;;;;;;;;;;;;
734;0,781470156;0,834161825;0,562940312;1;0,396311384;0,463571391;0,321037946;1;0,915195885;0,6060145;0,83039177;1;;;;;;;;;;;;;
735;1,802803812;0,711656161;2,605607624;1;0,707483539;0,36262614;1,358278464;1;0,066993001;0,582603986;-0,866013997;1;;;;;;;;;;;;;
736;1,730442914;0,677070512;2,460885828;1;0,510029788;0,396232876;0,700099295;1;0,905715399;0,746071615;0,811430799;1;;;;;;;;;;;;;
737;1,918524812;0,870847773;2,837049624;1;-0,450877019;0,482979259;-2,502923395;1;-0,160632771;0,690946154;-1,321265543;1;;;;;;;;;;;;;
738;1,452098725;0,865303951;1,90419745;1;0,302199189;0,392169998;0,007330631;1;0,827735977;0,684917023;0,655471955;1;;;;;;;;;;;;;
739;1,823581075;0,6211386;2,647162149;0;0,159435139;0,309792929;-0,468549536;1;1,502242021;0,56606037;2,004484041;1;;;;;;;;;;;;;
740;0,539804835;0,769052305;0,07960967;1;1,058524571;0,389174007;2,528415236;1;1,204689668;0,707125592;1,409379336;1;;;;;;;;;;;;;
741;2,514649719;0,676549141;4,029299438;0;0,37840722;0,435260455;0,261357399;1;-0,972899028;0,831542118;-2,945798056;1;;;;;;;;;;;;;
742;-1,419725533;5,662450649;-3,839451067;1;0,51603856;0,672836744;0,720128534;1;1,359692848;1,053841836;1,719385696;1;;;;;;;;;;;;;
743;2,129939083;0,829030771;3,259878166;0;-0,353668531;0,421485658;-2,178895102;1;0,616156186;0,598885888;0,232312371;1;;;;;;;;;;;;;
744;2,19554288;0,640366891;3,39108576;0;-0,429567643;0,467899308;-2,431892145;1;-0,008176509;0,609529165;-1,016353018;1;;;;;;;;;;;;;
745;-2,648183453;5,979710007;-6,296366906;1;-1,156592472;0,827273047;-4,855308239;1;0,940316088;1,298552215;0,880632176;1;;;;;;;;;;;;;
746;-0,182401142;3,41384095;-1,364802285;1;0,097349052;0,704788313;-0,675503161;1;-0,305321293;1,090466719;-1,610642586;1;;;;;;;;;;;;;
747;0,178021144;1,218347924;-0,643957711;1;1,13412116;0,487645868;2,780403867;1;0,945471238;0,841148928;0,890942475;1;;;;;;;;;;;;;
748;0,830282539;1,86177659;0,660565079;1;0,09007143;0,528412488;-0,699761898;1;0,709040502;1,048971749;0,418081004;1;;;;;;;;;;;;;
749;-3,022450193;3,045376002;-7,044900386;1;-0,673340711;0,832478678;-3,244469036;1;1,842374084;1,628181089;2,684748168;1;;;;;;;;;;;;;
750;2,121713535;1,41148404;3,24342707;1;-0,011926757;0,543055858;-1,039755857;1;0,029486959;1,00695533;-0,941026082;1;;;;;;;;;;;;;
751;0,844618267;1,756695254;0,689236534;1;0,492127898;0,601911999;0,640426326;1;-0,500037945;0,959504941;-2,00007589;1;;;;;;;;;;;;;
752;1,787883919;0,776942494;2,575767838;1;-0,015549223;0,418138678;-1,051830745;1;-0,341775807;0,724051295;-1,683551613;1;;;;;;;;;;;;;
753;1,103157688;2,996575823;1,206315376;1;-0,354036496;0,752049478;-2,180121654;1;-0,03400897;1,445094013;-1,068017939;1;;;;;;;;;;;;;
754;0,572632361;1,352544147;0,145264722;1;0,972576576;0,610124693;2,24192192;1;-0,143227471;0,844690072;-1,286454941;1;;;;;;;;;;;;;
755;-2,072525691;6,50477056;-5,145051383;1;-0,190883223;0,722053865;-1,636277411;1;0,978950464;1,329270276;0,957900928;1;;;;;;;;;;;;;
756;-0,103296393;3,580748276;-1,206592787;1;1,193635981;0,65500305;2,978786603;1;-0,057063771;0,973492839;-1,114127542;1;;;;;;;;;;;;;
757;0,781473327;1,158336599;0,562946654;1;0,759778467;0,468139416;1,532594891;1;1,424325638;0,934821677;1,848651276;1;;;;;;;;;;;;;
758;1,618863368;0,879814742;2,237726735;1;-0,384886352;0,524352786;-2,282954506;1;-0,459542457;0,764946714;-1,919084913;1;;;;;;;;;;;;;
759;2,618412176;0,634452161;4,236824352;0;1,20955463;0,349222561;3,031848766;0;-0,539152173;0,498785155;-2,078304345;0;;;;;;;;;;;;;
760;1,054623074;1,12150525;1,109246148;1;0,336987165;0,481838292;0,12329055;1;0,554043723;0,815011463;0,108087445;1;;;;;;;;;;;;;
761;-0,269344055;1,794610722;-1,538688111;1;1,835142471;0,677799308;5,117141569;0;0,323271707;0,930731642;-0,353456586;1;;;;;;;;;;;;;
762;1,708276284;0,857108856;2,416552567;1;1,02043754;0,425644024;2,401458466;1;-0,52454089;0,70542716;-2,049081779;1;;;;;;;;;;;;;
763;1,351523443;1,009305672;1,703046885;1;0,782836154;0,522796251;1,609453846;1;1,358705846;0,767338043;1,717411692;1;;;;;;;;;;;;;
764;1,049107608;1,024268733;1,098215216;1;0,729917719;0,426182672;1,433059065;1;-0,29450071;0,892845615;-1,589001421;1;;;;;;;;;;;;;
765;1,714197599;0,645947036;2,428395197;1;0,340289884;0,346219151;0,134299614;1;1,101638236;0,627542243;1,203276473;1;;;;;;;;;;;;;
766;2,823143092;0,809585817;4,646286183;0;-0,071382676;0,410448754;-1,237942252;1;-0,425137935;0,716399968;-1,850275869;1;;;;;;;;;;;;;
767;1,323847821;1,349809213;1,647695641;1;0,123516148;0,565006545;-0,588279507;1;0,519755034;0,837668979;0,039510068;1;;;;;;;;;;;;;
768;-4,380371512;5,913553747;-9,760743024;1;-1,485442858;1,358832783;-5,951476194;1;1,336555904;1,576190299;1,673111808;1;;;;;;;;;;;;;
769;1,542845153;0,649238974;2,085690306;1;1,224361784;0,335815447;3,081205946;0;0,474762744;0,455772518;-0,050474512;1;;;;;;;;;;;;;
770;2,201594296;0,6076912;3,403188592;0;0,935421447;0,390566089;2,11807149;1;0,193688738;0,454798449;-0,612622523;1;;;;;;;;;;;;;
771;3,57536147;0,554772118;6,150722939;0;-0,331200944;0,30238259;-2,104003147;0;-1,441106927;0,553162125;-3,882213853;0;;;;;;;;;;;;;
772;1,841697504;0,704801575;2,683395009;1;1,030270395;0,438686349;2,43423465;1;0,255943988;0,577259915;-0,488112025;1;;;;;;;;;;;;;
773;-0,740931946;2,618698028;-2,481863892;1;-0,035712252;0,738522776;-1,11904084;1;0,145858432;1,293037621;-0,708283135;1;;;;;;;;;;;;;
774;-1,072975644;2,027886423;-3,145951289;1;1,081273983;0,664355271;2,604246609;1;1,313234692;1,058211284;1,626469384;1;;;;;;;;;;;;;
775;-0,873012943;2,47022202;-2,746025885;1;0,16386267;0,567935597;-0,4537911;1;1,938447427;1,378668604;2,876894853;1;;;;;;;;;;;;;
776;1,487346632;0,833212607;1,974693263;1;-0,171230367;0,58406233;-1,57076789;1;0,196966462;0,859285388;-0,606067076;1;;;;;;;;;;;;;
777;1,555966402;0,909902354;2,111932804;1;0,387215444;0,431401172;0,290718148;1;0,401791174;0,657132148;-0,196417653;1;;;;;;;;;;;;;
778;2,39762483;0,661469538;3,79524966;0;0,536202954;0,362819404;0,78734318;1;-0,165111659;0,616926272;-1,330223318;1;;;;;;;;;;;;;
779;-0,119369649;1,476343357;-1,238739299;1;0,252513858;0,538666547;-0,158287139;1;1,518786462;0,988896284;2,037572923;1;;;;;;;;;;;;;
780;1,585097021;0,857964595;2,170194041;1;0,646407001;0,383147089;1,154690002;1;0,706830655;0,787911949;0,413661311;1;;;;;;;;;;;;;
781;-2,460033804;4,432214131;-5,920067608;1;1,197734831;0,718877628;2,992449437;1;-0,226251057;1,294194104;-1,452502113;1;;;;;;;;;;;;;
782;1,633086834;0,928684467;2,266173667;1;0,643566641;0,397462578;1,145222136;1;0,385896459;0,697458464;-0,228207082;1;;;;;;;;;;;;;
783;-0,006692888;3,253313656;-1,013385777;1;0,588861095;0,692481384;0,962870316;1;-0,304088617;1,20679939;-1,608177233;1;;;;;;;;;;;;;
784;1,349474754;0,853952693;1,698949507;1;-0,040024782;0,367751126;-1,133415939;1;1,677004594;0,634850189;2,354009189;1;;;;;;;;;;;;;
785;-3,527750271;12,79132763;-8,055500543;1;0,584919637;0,87169403;0,949732124;1;1,282701886;1,370686264;1,565403772;1;;;;;;;;;;;;;
786;1,061254553;0,889998223;1,122509106;1;0,212593556;0,399791757;-0,291354812;1;0,711472167;0,712955652;0,422944334;1;;;;;;;;;;;;;
787;-0,561930029;6,925581217;-2,123860057;1;-1,179282437;0,905209537;-4,930941457;1;-0,939170745;1,518594813;-2,87834149;1;;;;;;;;;;;;;
788;-0,044261204;2,628750516;-1,088522407;1;-0,029883209;0,748229985;-1,099610698;1;0,503383827;1,158702608;0,006767654;1;;;;;;;;;;;;;
789;-0,776165081;6,289025359;-2,552330162;1;0,494010736;0,737183995;0,646702455;1;-0,640036631;1,165723289;-2,280073263;1;;;;;;;;;;;;;
790;1,353008797;0,870025352;1,706017593;1;0,375765981;0,358868931;0,252553269;1;0,66046303;0,794451573;0,32092606;1;;;;;;;;;;;;;
791;2,140881483;0,67019552;3,281762965;0;0,49194897;0,424473963;0,639829901;1;-0,543130872;0,625588284;-2,086261744;1;;;;;;;;;;;;;
792;0,628177238;1,24826838;0,256354475;1;0,005177552;0,466809764;-0,982741494;1;1,348177936;0,881666089;1,696355872;1;;;;;;;;;;;;;
793;-4,413443704;4,588099452;-9,826887408;1;-0,102423591;0,707121625;-1,34141197;1;2,249387037;1,287539148;3,498774074;1;;;;;;;;;;;;;
794;1,102436104;2,607970757;1,204872208;1;0,794021372;0,759579535;1,646737908;1;-1,609777065;1,30627871;-4,219554131;1;;;;;;;;;;;;;
795;1,251987876;1,039075129;1,503975752;1;0,546822133;0,458982241;0,822740444;1;0,349265119;0,684270842;-0,301469762;1;;;;;;;;;;;;;
796;1,24982941;1,04457218;1,499658821;1;0,758501863;0,369667647;1,528339544;1;1,562805897;0,792698455;2,125611793;1;;;;;;;;;;;;;
797;1,593191952;1,326047088;2,186383903;1;0,28399775;0,501366784;-0,053340833;1;-0,366448381;0,975855582;-1,732896763;1;;;;;;;;;;;;;
798;1,10884927;2,159211506;1,21769854;1;0,783689144;0,813562648;1,612297148;1;-2,75751449;1,742430074;-6,51502898;1;;;;;;;;;;;;;
799;1,540077844;0,905695779;2,080155687;1;0,07053346;0,372231973;-0,764888468;1;1,68760538;0,746159845;2,375210759;1;;;;;;;;;;;;;
800;-2,748046881;6,421413292;-6,496093763;1;-0,814323075;0,864757899;-3,714410249;1;-0,336493119;1,358122282;-1,672986238;1;;;;;;;;;;;;;
801;2,315413407;0,95824474;3,630826814;1;0,623693675;0,488086094;1,078978915;1;-0,492095811;0,705572001;-1,984191621;1;;;;;;;;;;;;;
802;1,097087689;1,111955843;1,194175378;1;0,743552636;0,391402562;1,478508787;1;0,96411448;0,802632389;0,928228959;1;;;;;;;;;;;;;
803;2,198423979;0,610776199;3,396847958;0;0,029868768;0,273016193;-0,900437438;1;1,192774765;0,548328961;1,38554953;1;;;;;;;;;;;;;
804;2,475682983;0,517678963;3,951365967;0;-0,203784015;0,275718653;-1,679280051;1;0,768012382;0,485650484;0,536024764;1;;;;;;;;;;;;;
805;-4,174546317;8,880961437;-9,349092635;1;1,905707422;0,749523801;5,352358073;0;1,316354227;1,225599783;1,632708455;1;;;;;;;;;;;;;
806;1,076291835;0,94324465;1,152583671;1;0,753830887;0,465794312;1,512769623;1;0,310303635;0,915081786;-0,37939273;1;;;;;;;;;;;;;
807;0,985093749;1,21172639;0,970187498;1;1,108494656;0,539957805;2,694982186;1;-0,157324536;0,703603688;-1,314649071;1;;;;;;;;;;;;;
808;2,05392963;0,540383669;3,107859261;0;1,195885244;0,327605186;2,986284148;0;0,330345975;0,409576809;-0,339308049;1;;;;;;;;;;;;;
809;-0,172132031;8,286692497;-1,344264062;1;-0,323662379;1,001361189;-2,078874597;1;0,620959353;2,367318336;0,241918706;1;;;;;;;;;;;;;
810;-0,479676514;4,533915208;-1,959353029;1;-0,472847906;0,758023903;-2,576159686;1;-0,119634337;1,055003893;-1,239268675;1;;;;;;;;;;;;;
811;1,683576367;1,338066736;2,367152734;1;-1,146434479;0,774019276;-4,821448263;1;-0,544113184;0,941838028;-2,088226369;1;;;;;;;;;;;;;
812;1,647094381;1,24157666;2,294188762;1;0,642124245;0,489659977;1,140414149;1;-2,103512551;1,017738384;-5,207025103;0;;;;;;;;;;;;;
813;-2,61155599;3,957442487;-6,22311198;1;-0,94953824;0,698736121;-4,165127466;1;-0,004267103;1,023493704;-1,008534206;1;;;;;;;;;;;;;
814;-3,144612613;5,040693583;-7,289225226;1;-0,802209204;0,702613571;-3,674030679;1;-0,007408376;1,332886939;-1,014816752;1;;;;;;;;;;;;;
815;1,156370414;1,068731772;1,312740827;1;0,511931568;0,521243467;0,706438559;1;0,836576083;0,885274263;0,673152166;1;;;;;;;;;;;;;
816;0,636060693;1,167078054;0,272121386;1;0,948051022;0,469437067;2,160170073;1;0,767834095;0,824651787;0,535668189;1;;;;;;;;;;;;;
817;1,522722215;0,831050957;2,045444429;1;0,189671171;0,397046443;-0,367762765;1;0,41927978;0,680590273;-0,161440441;1;;;;;;;;;;;;;
818;0,904229441;0,913731601;0,808458882;1;0,43213048;0,468965493;0,440434933;1;1,726707054;0,786331146;2,453414107;1;;;;;;;;;;;;;
819;-5,750270771;4,786500897;-12,50054154;1;-0,039643642;0,792842452;-1,132145474;1;2,940888839;1,470640042;4,881777677;1;;;;;;;;;;;;;
820;1,919273059;0,881448151;2,838546119;1;0,116861039;0,383168394;-0,610463202;1;0,589082885;0,781134173;0,178165771;1;;;;;;;;;;;;;
821;0,860750704;1,030455101;0,721501407;1;0,181427992;0,407814655;-0,395240027;1;1,194063535;0,684901564;1,388127069;1;;;;;;;;;;;;;
822;2,571550009;0,477330746;4,143100018;0;0,536355129;0,329569294;0,78785043;1;-0,372979136;0,509264197;-1,745958273;1;;;;;;;;;;;;;
823;-0,860037051;2,118510562;-2,720074103;1;-0,431993557;0,712733262;-2,439978525;1;1,275581431;1,026886242;1,551162861;1;;;;;;;;;;;;;
824;3,001327464;0,653361635;5,002654928;0;-0,483363724;0,36809968;-2,611212415;0;-0,992505055;0,56776459;-2,985010111;0;;;;;;;;;;;;;
825;1,732299118;0,764567966;2,464598236;1;0,662047442;0,441026212;1,206824808;1;0,559008918;0,685572341;0,118017836;1;;;;;;;;;;;;;
826;1,614724951;0,868270697;2,229449903;1;0,737713842;0,388294609;1,45904614;1;0,231445346;0,652206012;-0,537109309;1;;;;;;;;;;;;;
827;2,023347497;0,988701991;3,046694994;1;-0,655699177;0,661140594;-3,185663922;1;0,65553411;0,834498623;0,311068219;1;;;;;;;;;;;;;
828;0,928811914;0,951719399;0,857623829;1;1,397216791;0,426559015;3,657389302;0;0,812726616;0,610598604;0,625453232;1;;;;;;;;;;;;;
829;1,91387184;0,88628827;2,82774368;1;-0,00260781;0,414263529;-1,008692701;1;-0,823670224;0,745081184;-2,647340448;1;;;;;;;;;;;;;
830;2,107164485;0,690290355;3,21432897;0;0,936001407;0,339971151;2,120004689;1;0,860825074;0,532824787;0,721650148;1;;;;;;;;;;;;;
831;1,284186272;0,937833527;1,568372544;1;0,354938084;0,361685131;0,183126945;1;1,529120738;0,598269406;2,058241476;1;;;;;;;;;;;;;
832;0,773881951;1,533752545;0,547763903;1;1,14369413;0,540681731;2,812313765;1;-0,701518647;0,846394881;-2,403037293;1;;;;;;;;;;;;;
833;3,102587105;0,60655282;5,205174209;0;0,019867166;0,307293199;-0,933776112;1;-0,787913513;0,508062486;-2,575827026;0;;;;;;;;;;;;;
834;-0,994552329;10,30682221;-2,989104657;1;0,234954548;1,247628062;-0,216818173;1;-0,206613362;2,387829685;-1,413226724;1;;;;;;;;;;;;;
835;-2,722906342;6,887444622;-6,445812684;1;0,367476381;0,713939517;0,22492127;1;-1,661760597;1,168267012;-4,323521194;1;;;;;;;;;;;;;
836;1,926399117;1,39309579;2,852798234;1;-0,760285427;0,632808567;-3,534284758;1;-1,076870222;0,948882002;-3,153740444;1;;;;;;;;;;;;;
837;1,870647547;0,773442838;2,741295094;1;-0,008898414;0,305166906;-1,02966138;1;0,868803356;0,79621776;0,737606713;1;;;;;;;;;;;;;
838;1,476365606;1,185796541;1,952731213;1;0,689088236;0,564077108;1,296960786;1;-0,166637117;0,957865027;-1,333274234;1;;;;;;;;;;;;;
839;2,410720538;0,997986042;3,821441076;1;-0,339451486;0,578015086;-2,131504954;1;-0,779716832;1,042303013;-2,559433664;1;;;;;;;;;;;;;
840;1,90373649;0,650167696;2,807472979;0;1,35358355;0,414224381;3,511945168;0;0,40905811;0,442563574;-0,18188378;1;;;;;;;;;;;;;
841;1,75378178;0,871851522;2,507563559;1;0,5998525;0,432386655;0,999508334;1;-0,216369337;0,784767229;-1,432738675;1;;;;;;;;;;;;;
842;-0,165964945;1,677898669;-1,33192989;1;1,903783867;0,948352037;5,345946225;1;0,359477962;0,725040766;-0,281044076;1;;;;;;;;;;;;;
843;-0,705144534;1,385858749;-2,410289069;1;0,875769609;0,478245257;1,91923203;1;2,931232687;1,195200877;4,862465374;0;;;;;;;;;;;;;
844;2,63377988;0,468218489;4,267559759;0;0,253755202;0,440650101;-0,154149327;1;-0,585894903;0,528819022;-2,171789805;0;;;;;;;;;;;;;
845;-1,024811916;2,767915793;-3,049623831;1;0,651180586;0,57681283;1,170601954;1;-0,021913675;0,883264372;-1,04382735;1;;;;;;;;;;;;;
846;0,958373991;1,251697693;0,916747982;1;-0,26371679;0,529968616;-1,879055967;1;0,111806282;0,832415461;-0,776387436;1;;;;;;;;;;;;;
847;0,138327192;2,025456944;-0,723345616;1;0,400513197;0,556370412;0,335043991;1;-0,039213766;0,911474393;-1,078427531;1;;;;;;;;;;;;;
848;1,429750412;0,975411334;1,859500824;1;0,381416241;0,481639449;0,27138747;1;0,102086556;0,768443428;-0,795826889;1;;;;;;;;;;;;;
849;-2,224271586;4,998798194;-5,448543173;1;0,700334653;0,622538797;1,334448843;1;1,026320926;0,999695919;1,052641853;1;;;;;;;;;;;;;
850;3,016769282;0,6709087;5,033538564;0;-0,417340278;0,43517576;-2,391134261;1;-0,838488572;0,556815337;-2,676977145;0;;;;;;;;;;;;;
851;-0,5938166;1,752977527;-2,187633199;1;0,940455052;0,555442825;2,134850175;1;0,934512696;0,990090261;0,869025392;1;;;;;;;;;;;;;
852;-0,750975161;5,71782261;-2,501950322;1;0,578571345;0,640739763;0,92857115;1;0,3105497;1,088956224;-0,378900599;1;;;;;;;;;;;;;
853;1,327183895;1,643799134;1,654367791;1;0,487772216;0,661416812;0,625907386;1;-0,519461646;1,417259995;-2,038923293;1;;;;;;;;;;;;;
854;-3,713101722;2,844626519;-8,426203444;1;0,026909188;0,781789273;-0,910302708;1;-0,9275505;1,442305235;-2,855101;1;;;;;;;;;;;;;
855;0,977189363;1,025564379;0,954378726;1;0,382003987;0,404634075;0,273346624;1;0,75235434;0,733344743;0,504708681;1;;;;;;;;;;;;;
856;-0,445459542;3,016588549;-1,890919084;1;0,779802526;0,641281415;1,599341753;1;0,054733911;1,006045481;-0,890532177;1;;;;;;;;;;;;;
857;0,241383248;1,067381636;-0,517233505;1;0,551765465;0,463933975;0,839218217;1;1,746471973;0,791407387;2,492943946;1;;;;;;;;;;;;;
858;1,837102273;0,711222123;2,674204546;1;0,450492768;0,427306026;0,501642559;1;-0,720039097;0,787120109;-2,440078193;1;;;;;;;;;;;;;
859;1,261147321;1,20487565;1,522294643;1;0,251330078;0,534254691;-0,162233074;1;0,437149084;0,943433834;-0,125701833;1;;;;;;;;;;;;;
860;2,964074066;0,802147702;4,928148132;0;0,03110376;0,47011214;-0,896320798;1;-1,061456303;0,892510471;-3,122912606;1;;;;;;;;;;;;;
861;1,483581052;0,971862939;1,967162105;1;0,151216708;0,477573643;-0,495944306;1;0,697050487;0,919540573;0,394100973;1;;;;;;;;;;;;;
862;-0,269099221;2,585602256;-1,538198443;1;-0,245190088;0,616055263;-1,817300293;1;0,982837584;1,173000911;0,965675168;1;;;;;;;;;;;;;
863;1,859239061;0,843690654;2,718478122;1;-0,250877334;0,501531444;-1,83625778;1;-1,556877109;1,186925026;-4,113754219;1;;;;;;;;;;;;;
864;2,052003967;0,875541122;3,104007934;1;1,541838923;0,581762331;4,139463077;0;-0,854245904;0,708869115;-2,708491809;1;;;;;;;;;;;;;
865;1,032149821;2,031152018;1,064299643;1;-0,201701213;0,692372918;-1,672337378;1;1,651830084;1,545248419;2,303660169;1;;;;;;;;;;;;;
866;1,465799591;1,202233099;1,931599181;1;0,340655043;0,513850428;0,135516811;1;0,020016628;0,829557343;-0,959966744;1;;;;;;;;;;;;;
867;1,963842908;1,417647462;2,927685816;1;-0,179269766;0,511339346;-1,597565888;1;-0,532119635;0,779141218;-2,06423927;1;;;;;;;;;;;;;
868;0,076095375;1,794263741;-0,847809249;1;0,726801765;0,598316731;1,42267255;1;0,199577563;1,025332244;-0,600844873;1;;;;;;;;;;;;;
869;1,727438431;0,884809892;2,454876861;1;0,471570162;0,401547605;0,57190054;1;0,573458817;0,640781314;0,146917633;1;;;;;;;;;;;;;
870;-0,846580303;3,109991965;-2,693160606;1;-0,510431502;0,667491725;-2,70143834;1;2,668267614;1,839638545;4,336535229;1;;;;;;;;;;;;;
871;1,115164315;0,793903761;1,23032863;1;-0,241682989;0,40743308;-1,805609962;1;1,401708692;0,66612415;1,803417384;1;;;;;;;;;;;;;
872;0,823418606;1,0332121;0,646837212;1;1,168244443;0,439511292;2,894148144;0;0,981907795;0,693109998;0,963815589;1;;;;;;;;;;;;;
873;1,191409025;1,045000173;1,382818049;1;0,09497379;0,46072233;-0,6834207;1;0,875627497;0,689833243;0,751254995;1;;;;;;;;;;;;;
874;1,888565679;0,674153127;2,777131357;0;0,730525867;0,36477808;1,435086223;1;0,771356298;0,556666642;0,542712597;1;;;;;;;;;;;;;
875;-0,51527323;1,932447461;-2,03054646;1;1,155453728;0,589856948;2,851512426;1;1,080992178;1,065468374;1,161984355;1;;;;;;;;;;;;;
876;1,416418059;1,126862256;1,832836117;1;0,35075025;0,540831413;0,169167501;1;0,437360955;0,990692074;-0,125278089;1;;;;;;;;;;;;;
877;1,863481559;0,964151393;2,726963119;1;0,922275535;0,48677093;2,074251783;1;-0,587912081;0,949836876;-2,175824162;1;;;;;;;;;;;;;
878;0,592264177;2,02660133;0,184528355;1;0,685598657;0,595247418;1,285328858;1;-0,061880468;0,96357665;-1,123760937;1;;;;;;;;;;;;;
879;-4,520080778;7,937433711;-10,04016156;1;0,034722568;1,066798933;-0,884258107;1;1,932878745;1,855607424;2,86575749;1;;;;;;;;;;;;;
880;0,83396737;1,500624958;0,667934739;1;0,116080963;0,546292574;-0,613063457;1;0,79271788;0,917343998;0,585435761;1;;;;;;;;;;;;;
881;0,98371587;1,164845302;0,967431741;1;-0,067075913;0,440074707;-1,223586377;1;1,157517787;0,965455878;1,315035573;1;;;;;;;;;;;;;
882;1,640040672;0,873780234;2,280081344;1;-0,024891282;0,453559885;-1,082970941;1;0,635676104;0,674845688;0,271352207;1;;;;;;;;;;;;;
883;2,314013521;0,510986992;3,628027043;0;0,438573454;0,327290916;0,461911514;1;0,125128913;0,499187748;-0,749742173;1;;;;;;;;;;;;;
884;-2,132812806;4,596539973;-5,265625613;1;0,040324918;0,74333836;-0,865583606;1;2,233333756;1,205912636;3,466667513;1;;;;;;;;;;;;;
885;1,465807238;0,828383736;1,931614476;1;1,786899434;0,427063382;4,956331445;0;0,051112366;0,488876721;-0,897775268;1;;;;;;;;;;;;;
886;1,306355373;0,744264938;1,612710746;1;0,755086528;0,377796809;1,516955093;1;0,39946756;0,609233643;-0,20106488;1;;;;;;;;;;;;;
887;0,958298562;1,113832868;0,916597124;1;0,570112354;0,551844223;0,900374513;1;0,233795229;0,937420577;-0,532409541;1;;;;;;;;;;;;;
888;1,697923818;0,915314958;2,395847637;1;-0,434758047;0,535636689;-2,449193489;1;0,094947284;0,816042392;-0,810105431;1;;;;;;;;;;;;;
889;0,811448835;1,057545765;0,622897671;1;0,337291056;0,468803269;0,124303519;1;0,70623361;0,771036391;0,41246722;1;;;;;;;;;;;;;
890;1,702311924;0,865539227;2,404623847;1;0,004313713;0,388873457;-0,985620956;1;1,287126358;0,690117968;1,574252717;1;;;;;;;;;;;;;
891;-0,153934041;1,891893047;-1,307868082;1;0,681679191;0,554939902;1,272263971;1;0,825599817;0,881170425;0,651199634;1;;;;;;;;;;;;;
892;2,584814327;0,90979773;4,169628655;0;-0,013316115;0,407359045;-1,044387049;1;-0,417616673;0,822486146;-1,835233346;1;;;;;;;;;;;;;
893;1,627457215;0,881280629;2,254914429;1;0,477367795;0,427425521;0,591225985;1;0,263914436;0,701530338;-0,472171129;1;;;;;;;;;;;;;
894;0,802281379;1,321816219;0,604562758;1;0,656012092;0,587541059;1,186706974;1;0,396114468;0,789882796;-0,207771064;1;;;;;;;;;;;;;
895;2,039003059;1,266200284;3,078006119;1;0,862196755;0,571003506;1,873989184;1;-0,543388464;0,725903407;-2,086776927;1;;;;;;;;;;;;;
896;1,391998546;0,980148145;1,783997091;1;0,2739415;0,545329887;-0,086861667;1;0,061754033;0,845298799;-0,876491935;1;;;;;;;;;;;;;
897;1,248970324;1,195443063;1,497940648;1;0,060349077;0,514934722;-0,798836411;1;0,898015621;0,888153195;0,796031241;1;;;;;;;;;;;;;
898;2,769267144;0,8463838;4,538534288;0;-0,049557931;0,503300837;-1,165193104;1;-1,454511773;1,024616497;-3,909023546;1;;;;;;;;;;;;;
899;2,114032838;0,744914324;3,228065675;0;1,016407416;0,409179838;2,388024721;1;-0,271856178;0,674522995;-1,543712355;1;;;;;;;;;;;;;
900;-4,689171412;4,510196884;-10,37834282;1;0,727106805;0,866346811;1,423689349;1;0,361947833;1,348546133;-0,276104334;1;;;;;;;;;;;;;
901;2,007877151;0,75286122;3,015754301;0;0,538069814;0,321303272;0,793566046;1;1,160043585;0,482065044;1,320087171;1;;;;;;;;;;;;;
902;2,182572201;0,898527905;3,365144402;1;-0,253984986;0,463824379;-1,846616621;1;-0,636704833;0,900752667;-2,273409666;1;;;;;;;;;;;;;
903;-0,984410114;3,415882312;-2,968820228;1;-0,261766981;0,635543941;-1,872556603;1;2,399787581;1,533903205;3,799575163;1;;;;;;;;;;;;;
904;2,531372226;0,704653166;4,062744452;0;0,274569821;0,439143684;-0,084767263;1;-1,467124788;0,840426138;-3,934249576;0;;;;;;;;;;;;;
905;-2,680766478;15,38552099;-6,361532956;1;-0,789353498;0,804315864;-3,631178328;1;1,41105943;1,604692637;1,82211886;1;;;;;;;;;;;;;
906;1,156684648;0,888521276;1,313369295;1;-0,363024703;0,550231248;-2,210082344;1;-0,238395669;0,72933108;-1,476791339;1;;;;;;;;;;;;;
907;2,312605926;0,679324191;3,625211851;0;0,399794545;0,422080607;0,332648485;1;-0,017725603;0,657907496;-1,035451205;1;;;;;;;;;;;;;
908;0,283556639;1,882840265;-0,432886722;1;-0,522987814;0,666537428;-2,743292712;1;0,656275276;1,150104106;0,312550553;1;;;;;;;;;;;;;
909;-2,478789367;11,9607437;-5,957578734;1;-0,03269655;0,750129051;-1,108988499;1;1,74593427;1,258220375;2,491868539;1;;;;;;;;;;;;;
910;3,448460225;0,489126419;5,896920451;0;0,353007924;0,31219301;0,176693079;1;-1,223377346;0,470559955;-3,446754691;0;;;;;;;;;;;;;
911;2,981295436;0,625609145;4,962590872;0;-0,249347975;0,400077181;-1,831159917;1;-0,407797382;0,756192941;-1,815594765;1;;;;;;;;;;;;;
912;0,086036869;1,178735583;-0,827926262;1;0,72324743;0,44027188;1,410824766;1;1,873869868;1,04221225;2,747739735;1;;;;;;;;;;;;;
913;1,24924217;0,745619936;1,49848434;1;0,253204411;0,322880646;-0,155985297;1;1,587808903;0,576950574;2,175617805;1;;;;;;;;;;;;;
914;-0,126501791;1,701805805;-1,253003583;1;0,208767753;0,510707032;-0,304107488;1;2,315654542;1,059929106;3,631309085;1;;;;;;;;;;;;;
915;-2,635323822;3,074259396;-6,270647645;1;1,491925052;0,722380298;3,973083508;1;1,309287047;1,296907546;1,618574095;1;;;;;;;;;;;;;
916;0,314135711;0,900293489;-0,371728578;1;0,128563685;0,423724881;-0,571454382;1;1,513864066;0,986828816;2,027728132;1;;;;;;;;;;;;;
917;1,02575791;1,414550076;1,05151582;1;0,369095483;0,514108922;0,230318277;1;1,156482779;0,885932201;1,312965557;1;;;;;;;;;;;;;
918;0,637688736;1,548311865;0,275377472;1;0,212488355;0,573934498;-0,291705484;1;0,444948744;0,891263974;-0,110102512;1;;;;;;;;;;;;;
919;-0,991702038;6,627689977;-2,983404077;1;0,230243888;0,644593628;-0,232520374;1;0,259701026;1,136037593;-0,480597948;1;;;;;;;;;;;;;
920;0,44201993;0,913338971;-0,115960141;1;0,602426921;0,400721348;1,008089735;1;1,842970383;1,038885691;2,685940767;1;;;;;;;;;;;;;
921;0,877280052;1,280925646;0,754560105;1;0,680375304;0,469263532;1,267917681;1;0,983973685;0,968214607;0,96794737;1;;;;;;;;;;;;;
922;2,780540143;0,917661889;4,561080286;0;0,299410211;0,467467803;-0,001965964;1;-0,951137575;0,772189694;-2,90227515;1;;;;;;;;;;;;;
923;1,920716514;1,071364986;2,841433029;1;0,950459734;0,457724567;2,168199112;1;0,239744821;0,902557483;-0,520510358;1;;;;;;;;;;;;;
924;0,867841305;1,280522213;0,735682611;1;0,491306827;0,590562006;0,637689422;1;0,579503556;0,807017839;0,159007112;1;;;;;;;;;;;;;
925;-0,743173285;9,379098751;-2,48634657;1;0,556181396;0,837259954;0,853937988;1;-0,463932767;1,298502912;-1,927865533;1;;;;;;;;;;;;;
926;0,188691048;1,829606388;-0,622617904;1;0,454190859;0,596432946;0,51396953;1;0,812010543;0,95249568;0,624021087;1;;;;;;;;;;;;;
927;1,000804467;0,860705561;1,001608934;1;0,167300424;0,462899241;-0,442331919;1;0,930266624;0,621385998;0,860533249;1;;;;;;;;;;;;;
928;1,41860373;1,691413291;1,837207461;1;0,049314529;0,59149421;-0,835618238;1;0,784420751;1,417851277;0,568841502;1;;;;;;;;;;;;;
929;1,413583363;1,027035787;1,827166725;1;0,714010758;0,435487864;1,380035858;1;-0,773691731;0,958215708;-2,547383461;1;;;;;;;;;;;;;
930;2,418485884;0,894632552;3,836971769;0;0,287934514;0,437440918;-0,040218286;1;-0,528623471;0,719124916;-2,057246941;1;;;;;;;;;;;;;
931;2,272827029;0,873042623;3,545654059;0;-0,391075589;0,494217192;-2,303585296;1;-0,894371337;0,92558244;-2,788742675;1;;;;;;;;;;;;;
932;-0,295808238;2,099693323;-1,591616476;1;0,450198797;0,753104871;0,500662658;1;1,450290192;1,230933354;1,900580384;1;;;;;;;;;;;;;
933;1,395300429;0,865722616;1,790600858;1;0,213586477;0,411910624;-0,288045077;1;0,828300134;0,711448203;0,656600268;1;;;;;;;;;;;;;
934;2,136716322;0,78980717;3,273432644;0;-0,0292795;0,359654312;-1,097598332;1;-0,588991726;0,697025986;-2,177983451;1;;;;;;;;;;;;;
935;0,937331934;3,002139466;0,874663868;1;0,641856658;0,722539763;1,139522195;1;-0,520032369;1,080187967;-2,040064738;1;;;;;;;;;;;;;
936;0,656454297;0,982740911;0,312908593;1;0,265041861;0,374204852;-0,116527129;1;1,43288869;0,850712071;1,86577738;1;;;;;;;;;;;;;
937;2,302698036;0,777835893;3,605396073;0;-0,164762024;0,415368036;-1,549206748;1;0,203215537;0,686174531;-0,593568926;1;;;;;;;;;;;;;
938;0,631882122;1,162302639;0,263764244;1;0,819012057;0,522721213;1,730040192;1;0,784910325;0,846117489;0,56982065;1;;;;;;;;;;;;;
939;0,424943286;1,028485597;-0,150113427;1;0,709373383;0,505196721;1,364577944;1;0,967515872;0,799326407;0,935031745;1;;;;;;;;;;;;;
940;-1,765589734;6,544606731;-4,531179468;1;1,303084235;0,800017461;3,343614118;1;-1,341136018;1,723231217;-3,682272036;1;;;;;;;;;;;;;
941;-2,155905212;3,26933795;-5,311810424;1;1,278838905;0,742174832;3,26279635;1;0,751359252;1,284679436;0,502718504;1;;;;;;;;;;;;;
942;-6,07013966;2,862356965;-13,14027932;0;1,465255542;0,689521064;3,884185139;1;2,327450381;1,407790738;3,654900762;1;;;;;;;;;;;;;
943;1,377170152;0,812143353;1,754340303;1;-0,697074482;0,51245836;-3,323581606;1;0,860336831;0,688501004;0,720673662;1;;;;;;;;;;;;;
944;2,846066978;0,885872551;4,692133957;0;0,058674682;0,36415397;-0,804417725;1;-0,278544316;0,624895886;-1,557088632;1;;;;;;;;;;;;;
945;1,371894222;1,443201229;1,743788443;1;0,826165829;0,535905028;1,753886095;1;0,416634185;0,864832742;-0,16673163;1;;;;;;;;;;;;;
946;0,22635246;1,410578329;-0,547295081;1;1,972934307;0,644756966;5,576447688;0;-0,218026016;0,704205932;-1,436052033;1;;;;;;;;;;;;;
947;-3,858623112;5,038061698;-8,717246223;1;-0,255031418;0,699815925;-1,850104726;1;1,586220183;1,361766654;2,172440366;1;;;;;;;;;;;;;
948;1,612537914;1,045688251;2,225075829;1;0,502698825;0,43211323;0,67566275;1;0,885902371;0,704446144;0,771804741;1;;;;;;;;;;;;;
949;2,602550771;0,444164455;4,205101542;0;0,177649858;0,344380141;-0,407833806;1;0,40012933;0,607431472;-0,19974134;1;;;;;;;;;;;;;
950;1,11895702;1,254771517;1,237914041;1;-0,539680307;0,538719882;-2,798934358;1;0,275796255;0,842425349;-0,44840749;1;;;;;;;;;;;;;
951;0,520106472;1,15267564;0,040212943;1;0,366539336;0,508439943;0,221797786;1;1,143440303;0,877527473;1,286880606;1;;;;;;;;;;;;;
952;-7,034573495;3,088022134;-15,06914699;0;-1,218938368;1,123925403;-5,063127893;1;4,891995332;1,838550847;8,783990664;0;;;;;;;;;;;;;
953;-0,090230745;2,735074496;-1,18046149;1;1,26118836;0,741365726;3,203961201;1;-1,687931392;1,161966133;-4,375862785;1;;;;;;;;;;;;;
954;2,192997409;0,836236986;3,385994818;0;-0,046569526;0,390630339;-1,155231753;1;0,025371446;0,711325887;-0,949257107;1;;;;;;;;;;;;;
955;-0,088008593;2,758904811;-1,176017186;1;-0,143058826;0,823960469;-1,476862754;1;0,758712003;1,457310294;0,517424006;1;;;;;;;;;;;;;
956;1,012813361;1,063399263;1,025626721;1;0,362013677;0,415708618;0,206712258;1;1,28459678;0,88549284;1,569193559;1;;;;;;;;;;;;;
957;1,691993308;0,595296986;2,383986615;0;1,410223379;0,381738764;3,700744596;0;-0,626170345;0,617939586;-2,252340691;1;;;;;;;;;;;;;
958;0,974520443;0,845623371;0,949040887;1;0,392046418;0,39406866;0,306821392;1;0,699429571;0,700346469;0,398859143;1;;;;;;;;;;;;;
959;1,601164937;1,484571876;2,202329873;1;-0,322222782;0,660304299;-2,074075939;1;-1,204596688;1,145067752;-3,409193375;1;;;;;;;;;;;;;
960;-0,519373008;1,89561887;-2,038746016;1;0,250251451;0,616410693;-0,165828497;1;1,357173879;1,14381956;1,714347758;1;;;;;;;;;;;;;
961;-2,46881119;7,988523629;-5,937622379;1;-0,023210716;0,80581363;-1,077369053;1;-1,530028236;1,468475975;-4,060056472;1;;;;;;;;;;;;;
962;-3,428538119;3,656100684;-7,857076238;1;-0,777247365;0,680892959;-3,590824549;1;1,803710851;1,149034638;2,607421702;1;;;;;;;;;;;;;
963;1,693180354;1,296816533;2,386360709;1;0,12703445;0,578554212;-0,576551833;1;-0,56639034;1,117631638;-2,13278068;1;;;;;;;;;;;;;
964;2,345363615;0,839639138;3,69072723;0;-0,06330816;0,471857903;-1,211027201;1;1,13141406;0,836267419;1,262828121;1;;;;;;;;;;;;;
965;2,569091375;0,606376554;4,138182751;0;-0,057153561;0,30617944;-1,190511868;1;-0,082246339;0,530835471;-1,164492677;1;;;;;;;;;;;;;
966;0,267863841;1,419971922;-0,464272317;1;1,188326874;0,453989022;2,961089581;1;1,971708972;0,951822403;2,943417944;1;;;;;;;;;;;;;
967;-0,008400168;1,294142819;-1,016800335;1;0,691593724;0,503111829;1,305312412;1;1,096795359;0,898254137;1,193590718;1;;;;;;;;;;;;;
968;1,558894;1,007416841;2,117788001;1;1,154279655;0,645953669;2,847598849;1;0,449777474;0,868267004;-0,100445051;1;;;;;;;;;;;;;
969;1,533049712;0,922532957;2,066099424;1;0,448310063;0,43153851;0,494366878;1;0,184941682;0,926080574;-0,630116636;1;;;;;;;;;;;;;
970;2,552432283;0,664535337;4,104864565;0;-0,213674066;0,360155692;-1,712246886;1;0,320129606;0,619762433;-0,359740787;1;;;;;;;;;;;;;
971;2,099360885;0,629993439;3,19872177;0;0,584657604;0,340836859;0,94885868;1;0,214076306;0,511047429;-0,571847389;1;;;;;;;;;;;;;
972;-4,906194471;3,709493016;-10,81238894;1;0,2358514;0,831104486;-0,213828667;1;1,439984885;1,555400734;1,879969769;1;;;;;;;;;;;;;
973;1,327447837;1,22801472;1,654895673;1;-0,627359653;0,517982048;-3,091198844;1;0,230529295;1,025226708;-0,53894141;1;;;;;;;;;;;;;
974;1,145204798;0,815403755;1,290409597;1;0,105836657;0,413353017;-0,647211142;1;0,534550056;0,664880179;0,069100113;1;;;;;;;;;;;;;
975;-3,81849633;3,983384589;-8,63699266;1;-0,443699491;0,766223332;-2,478998305;1;1,223307182;1,144358884;1,446614364;1;;;;;;;;;;;;;
976;-0,700420127;2,55013649;-2,400840255;1;0,642887189;0,696340486;1,142957298;1;0,698720087;1,332239659;0,397440174;1;;;;;;;;;;;;;
977;-3,909204818;3,24699875;-8,818409635;1;-1,580141921;0,73675505;-6,267139737;0;0,923175144;1,454450111;0,846350287;1;;;;;;;;;;;;;
978;-2,819152331;4,528160981;-6,638304662;1;0,218018203;0,640594355;-0,273272657;1;-0,295144392;1,013394723;-1,590288784;1;;;;;;;;;;;;;
979;0,514528388;1,871326469;0,029056776;1;0,793198506;0,652600921;1,643995019;1;0,745119388;0,916653137;0,490238775;1;;;;;;;;;;;;;
980;2,789598855;0,592339049;4,579197709;0;0,415419207;0,39094568;0,384730692;1;0,214360237;0,568515541;-0,571279527;1;;;;;;;;;;;;;
981;1,144825534;0,809169412;1,289651068;1;0,037731151;0,455188973;-0,874229495;1;0,872440162;0,854704444;0,744880324;1;;;;;;;;;;;;;
982;-4,410393817;7,941839644;-9,820787634;1;1,464228769;0,89065331;3,880762562;1;1,289007223;1,33543962;1,578014446;1;;;;;;;;;;;;;
983;1,382446281;0,987641522;1,764892563;1;0,347260241;0,496200509;0,157534137;1;0,875391681;0,762592119;0,750783362;1;;;;;;;;;;;;;
984;2,385630508;0,88526546;3,771261016;0;0,275901017;0,404515609;-0,080329943;1;-0,658482578;0,782427907;-2,316965156;1;;;;;;;;;;;;;
985;0,839650576;1,441850649;0,679301152;1;0,543204898;0,540421544;0,810682993;1;1,479688541;0,888948068;1,959377083;1;;;;;;;;;;;;;
986;1,137537886;1,571612576;1,275075773;1;-0,126207983;0,578202047;-1,420693278;1;0,150563421;1,01941596;-0,698873157;1;;;;;;;;;;;;;
987;0,479266023;1,282996198;-0,041467955;1;0,742215826;0,365252218;1,474052754;1;2,281347212;0,866783266;3,562694424;0;;;;;;;;;;;;;
988;2,237642185;0,754741385;3,47528437;0;0,076357264;0,399541372;-0,745475786;1;0,399406096;0,57122418;-0,201187807;1;;;;;;;;;;;;;
989;-4,331242769;4,219331869;-9,662485539;1;1,001258849;0,765072403;2,337529498;1;1,478682072;1,332905401;1,957364144;1;;;;;;;;;;;;;
990;2,225969304;0,527453901;3,451938607;0;0,577460563;0,277121633;0,924868542;1;0,352635934;0,414176325;-0,294728131;1;;;;;;;;;;;;;
991;1,752605215;0,651488176;2,50521043;1;1,351886917;0,411546753;3,506289724;0;-0,809259117;0,562591634;-2,618518233;0;;;;;;;;;;;;;
992;-3,930849158;4,053332666;-8,861698315;1;-1,895427738;0,907755217;-7,31809246;0;1,732650021;1,547618409;2,465300043;1;;;;;;;;;;;;;
993;-0,162684993;1,526715828;-1,325369986;1;-0,067341647;0,588608831;-1,224472158;1;1,656450111;1,118573724;2,312900222;1;;;;;;;;;;;;;
994;-3,386843716;8,786345702;-7,773687431;1;-0,791690941;0,729169675;-3,638969802;1;1,863027639;1,252911677;2,726055278;1;;;;;;;;;;;;;
995;2,179989282;0,90877372;3,359978564;1;-0,471991297;0,428400175;-2,573304324;1;0,324822748;0,723592155;-0,350354503;1;;;;;;;;;;;;;
996;0,734988785;1,652177531;0,46997757;1;-1,24179894;0,899464823;-5,139329801;1;0,716596239;1,056203803;0,433192478;1;;;;;;;;;;;;;
997;1,400015332;0,625334952;1,800030664;1;0,63274014;0,325135433;1,109133799;1;0,434337252;0,489080228;-0,131325497;1;;;;;;;;;;;;;
998;0,214781492;2,659202199;-0,570437016;1;0,666675058;0,687930346;1,222250194;1;-0,079978011;1,124092492;-1,159956023;1;;;;;;;;;;;;;
999;1,653294762;1,181546411;2,306589523;1;-0,634796784;0,539272193;-3,115989281;1;-0,613799421;0,939624439;-2,227598841;1;;;;;;;;;;;;;
1000;-0,528599612;3,516775352;-2,057199224;1;0,635794334;0,636720684;1,119314448;1;-0,162249966;1,079855536;-1,324499932;1;;;;;;;;;;;;;
