;mean;se;bias;cp;mean;se;bias;cp;mean;se;bias;cp;;mean;sd;bias;cp;mean;sd;bias;cp;mean;sd;bias;cp
1;0,446198786;0,112664674;-0,107602427;1;0,363044164;0,045854357;0,210147213;1;0,571788457;0,078875745;0,143576914;1;;0,504306638;0,114380293;0,008613277;0,951;0,302312019;0,045589998;0,007706731;0,954;0,499687652;0,077097725;-0,000624697;0,952
2;0,40496747;0,118171602;-0,190065061;1;0,234962603;0,047717616;-0,216791324;1;0,561768735;0,080170872;0,123537471;1;;;;;;;;;;;;;
3;0,513181693;0,110929101;0,026363386;1;0,285554556;0,046443953;-0,048151479;1;0,544290629;0,077578634;0,088581258;1;;;;;;;;;;;;;
4;0,278782716;0,120205267;-0,442434568;1;0,295527835;0,04688254;-0,014907215;1;0,594776443;0,07905049;0,189552886;1;;;;;;;;;;;;;
5;0,580309679;0,107600315;0,160619357;1;0,308262176;0,045140255;0,027540588;1;0,494052849;0,075889444;-0,011894302;1;;;;;;;;;;;;;
6;0,477604722;0,117915406;-0,044790556;1;0,317057239;0,047088807;0,056857465;1;0,394723444;0,079390479;-0,210553113;1;;;;;;;;;;;;;
7;0,558517717;0,114408728;0,117035435;1;0,376440132;0,046074892;0,254800441;1;0,432328212;0,078537536;-0,135343575;1;;;;;;;;;;;;;
8;0,426447879;0,118635418;-0,147104242;1;0,394490027;0,046536144;0,314966758;0;0,527769958;0,07935875;0,055539917;1;;;;;;;;;;;;;
9;0,459974112;0,122706518;-0,080051776;1;0,3639833;0,047344849;0,213277666;1;0,432773039;0,079919632;-0,134453923;1;;;;;;;;;;;;;
10;0,358800646;0,141379231;-0,282398709;1;0,238791826;0,049690388;-0,204027247;1;0,466614208;0,084603581;-0,066771585;1;;;;;;;;;;;;;
11;0,518659308;0,103451936;0,037318617;1;0,227979976;0,045244425;-0,240066748;1;0,552627888;0,073998594;0,105255776;1;;;;;;;;;;;;;
12;0,431486447;0,116508434;-0,137027107;1;0,310142148;0,046288618;0,033807159;1;0,661374186;0,078118358;0,322748373;0;;;;;;;;;;;;;
13;0,317381854;0,122360209;-0,365236291;1;0,293905823;0,047275051;-0,020313922;1;0,586576655;0,079529568;0,173153311;1;;;;;;;;;;;;;
14;0,543654889;0,106620675;0,087309778;1;0,363680424;0,044451506;0,212268079;1;0,602585131;0,075419684;0,205170263;1;;;;;;;;;;;;;
15;0,674708168;0,102823832;0,349416335;1;0,390080048;0,044462994;0,300266828;0;0,371604401;0,073802674;-0,256791199;1;;;;;;;;;;;;;
16;0,676746032;0,103364747;0,353492065;1;0,272116777;0,045167638;-0,092944077;1;0,420056506;0,075316802;-0,159886987;1;;;;;;;;;;;;;
17;0,65208545;0,101104004;0,3041709;1;0,320167972;0,044522906;0,067226574;1;0,35728935;0,073590266;-0,285421299;1;;;;;;;;;;;;;
18;0,655005575;0,104312759;0,310011151;1;0,260218594;0,044921539;-0,132604686;1;0,470711827;0,074882278;-0,058576346;1;;;;;;;;;;;;;
19;0,448373267;0,118487828;-0,103253466;1;0,32842158;0,047125813;0,0947386;1;0,584115562;0,080483173;0,168231124;1;;;;;;;;;;;;;
20;0,573467692;0,112400184;0,146935383;1;0,318336335;0,046069496;0,061121118;1;0,424961993;0,076098239;-0,150076015;1;;;;;;;;;;;;;
21;0,38492398;0,12227557;-0,230152041;1;0,35767158;0,046998861;0,192238601;1;0,538321531;0,080790883;0,076643063;1;;;;;;;;;;;;;
22;0,57208761;0,106832049;0,144175221;1;0,3163092;0,045681013;0,054364;1;0,49106617;0,07515052;-0,017867661;1;;;;;;;;;;;;;
23;0,587165413;0,117347785;0,174330826;1;0,277504578;0,046973525;-0,074984739;1;0,415075659;0,079118541;-0,169848682;1;;;;;;;;;;;;;
24;0,384855398;0,122946665;-0,230289203;1;0,259728693;0,047537676;-0,134237689;1;0,488474338;0,079450723;-0,023051325;1;;;;;;;;;;;;;
25;0,506645483;0,121760155;0,013290966;1;0,262844209;0,048075119;-0,123852636;1;0,339701155;0,079978965;-0,32059769;0;;;;;;;;;;;;;
26;0,275444645;0,144721585;-0,44911071;1;0,202810148;0,050640533;-0,323966173;1;0,55106719;0,085889912;0,10213438;1;;;;;;;;;;;;;
27;0,340630352;0,130256588;-0,318739295;1;0,342805047;0,048285618;0,142683489;1;0,538618858;0,081558717;0,077237716;1;;;;;;;;;;;;;
28;0,569484985;0,116030395;0,13896997;1;0,306243799;0,046449261;0,020812662;1;0,469025785;0,077954833;-0,06194843;1;;;;;;;;;;;;;
29;0,601057766;0,095671082;0,202115532;1;0,350044709;0,042918594;0,166815697;1;0,645042742;0,070755631;0,290085484;0;;;;;;;;;;;;;
30;0,512116562;0,113598924;0,024233124;1;0,34180427;0,045953731;0,139347566;1;0,49356151;0,076697681;-0,012876979;1;;;;;;;;;;;;;
31;0,536807569;0,108749479;0,073615137;1;0,254213443;0,045358825;-0,152621856;1;0,496809792;0,075751716;-0,006380416;1;;;;;;;;;;;;;
32;0,540735178;0,11348789;0,081470355;1;0,342438605;0,046748182;0,141462018;1;0,433966685;0,076890705;-0,132066629;1;;;;;;;;;;;;;
33;0,571183756;0,110320486;0,142367512;1;0,306139494;0,045297032;0,020464981;1;0,55247254;0,076299877;0,104945081;1;;;;;;;;;;;;;
34;0,425793959;0,111451589;-0,148412083;1;0,346669712;0,045937881;0,155565706;1;0,537232038;0,076462496;0,074464076;1;;;;;;;;;;;;;
35;0,401485262;0,123311331;-0,197029476;1;0,267123194;0,047542736;-0,109589353;1;0,58358427;0,080487657;0,167168539;1;;;;;;;;;;;;;
36;0,38656925;0,1258628;-0,2268615;1;0,274656717;0,048019311;-0,084477609;1;0,521642939;0,081869425;0,043285878;1;;;;;;;;;;;;;
37;0,614480623;0,105981311;0,228961247;1;0,424328503;0,044480511;0,414428345;0;0,38012323;0,074893909;-0,239753541;1;;;;;;;;;;;;;
38;0,401531247;0,113070507;-0,196937506;1;0,322271404;0,046190698;0,074238014;1;0,597797829;0,078825178;0,195595659;1;;;;;;;;;;;;;
39;0,394075702;0,126045668;-0,211848595;1;0,276464312;0,048469075;-0,078452292;1;0,592802136;0,081485308;0,185604271;1;;;;;;;;;;;;;
40;0,598909197;0,114063489;0,197818394;1;0,323890549;0,046633192;0,079635164;1;0,368758465;0,07916698;-0,262483069;1;;;;;;;;;;;;;
41;0,563333823;0,112868118;0,126667646;1;0,328819368;0,046252781;0,096064561;1;0,495802108;0,078079721;-0,008395784;1;;;;;;;;;;;;;
42;0,316298928;0,118166101;-0,367402144;1;0,417683084;0,046956871;0,392276948;0;0,483172433;0,078889696;-0,033655133;1;;;;;;;;;;;;;
43;0,375570785;0,116901957;-0,248858429;1;0,298356801;0,046997804;-0,005477331;1;0,555408854;0,078421809;0,110817709;1;;;;;;;;;;;;;
44;0,528434399;0,106173549;0,056868798;1;0,3542007;0,045147995;0,180669001;1;0,502953936;0,075666368;0,005907872;1;;;;;;;;;;;;;
45;0,426359531;0,114764365;-0,147280938;1;0,34726593;0,046086977;0,1575531;1;0,539415397;0,076988689;0,078830795;1;;;;;;;;;;;;;
46;0,259866073;0,134286282;-0,480267853;1;0,29756765;0,04899229;-0,008107834;1;0,456748512;0,082510038;-0,086502975;1;;;;;;;;;;;;;
47;0,532103927;0,116281712;0,064207854;1;0,29641418;0,047071133;-0,011952733;1;0,445390858;0,079757603;-0,109218283;1;;;;;;;;;;;;;
48;0,635311578;0,102565546;0,270623157;1;0,330361556;0,044589441;0,101205187;1;0,49441578;0,073409684;-0,011168439;1;;;;;;;;;;;;;
49;0,603903717;0,108859314;0,207807435;1;0,32123534;0,04483521;0,070784465;1;0,569549299;0,076762611;0,139098598;1;;;;;;;;;;;;;
50;0,362089452;0,128525498;-0,275821096;1;0,277911665;0,047819781;-0,073627785;1;0,702293806;0,082812215;0,404587612;0;;;;;;;;;;;;;
51;0,525319657;0,107709983;0,050639315;1;0,252816006;0,045863673;-0,157279981;1;0,44925738;0,075209519;-0,10148524;1;;;;;;;;;;;;;
52;0,494073736;0,118627722;-0,011852527;1;0,344892594;0,046454507;0,14964198;1;0,531780075;0,078667094;0,063560151;1;;;;;;;;;;;;;
53;0,50856065;0,119286303;0,0171213;1;0,305879307;0,047358572;0,019597691;1;0,548450364;0,081271844;0,096900727;1;;;;;;;;;;;;;
54;0,655879166;0,109881993;0,311758332;1;0,273875778;0,045833312;-0,087080741;1;0,351180867;0,076025488;-0,297638267;1;;;;;;;;;;;;;
55;0,478583212;0,1145283;-0,042833576;1;0,322295016;0,046259967;0,074316721;1;0,519732624;0,077415618;0,039465248;1;;;;;;;;;;;;;
56;0,543860022;0,108803861;0,087720044;1;0,351762764;0,04577206;0,172542546;1;0,382501123;0,074855092;-0,234997754;1;;;;;;;;;;;;;
57;0,574882871;0,110146748;0,149765743;1;0,361024158;0,045175824;0,203413861;1;0,377882861;0,075317563;-0,244234279;1;;;;;;;;;;;;;
58;0,667833053;0,097843789;0,335666106;1;0,393892083;0,043847465;0,312973612;0;0,448998515;0,071922107;-0,102002971;1;;;;;;;;;;;;;
59;0,522756528;0,114286439;0,045513056;1;0,259714502;0,046890912;-0,134284994;1;0,443015813;0,078664061;-0,113968374;1;;;;;;;;;;;;;
60;0,590803469;0,104650593;0,181606938;1;0,382797207;0,044365024;0,275990689;1;0,515401311;0,074854999;0,030802621;1;;;;;;;;;;;;;
61;0,435115253;0,11078005;-0,129769494;1;0,217669637;0,046076633;-0,274434542;1;0,565922649;0,07822116;0,131845298;1;;;;;;;;;;;;;
62;0,497783638;0,116112489;-0,004432723;1;0,296690568;0,047209971;-0,011031441;1;0,46027189;0,079663943;-0,07945622;1;;;;;;;;;;;;;
63;0,536198743;0,119932407;0,072397487;1;0,278555586;0,047045729;-0,071481381;1;0,511398638;0,080112622;0,022797276;1;;;;;;;;;;;;;
64;0,428316015;0,114022123;-0,14336797;1;0,266960318;0,046214051;-0,110132275;1;0,506365639;0,079376727;0,012731278;1;;;;;;;;;;;;;
65;0,443045277;0,119179897;-0,113909445;1;0,25797766;0,047384554;-0,140074468;1;0,487213745;0,078023067;-0,025572509;1;;;;;;;;;;;;;
66;0,641715524;0,100367176;0,283431048;1;0,392093282;0,043547487;0,306977607;0;0,577387933;0,07250995;0,154775867;1;;;;;;;;;;;;;
67;0,394002663;0,120560117;-0,211994674;1;0,296617424;0,047027948;-0,011275253;1;0,581599292;0,078913474;0,163198583;1;;;;;;;;;;;;;
68;0,61725506;0,114875048;0,234510119;1;0,271494779;0,046114451;-0,095017402;1;0,420571781;0,078704077;-0,158856438;1;;;;;;;;;;;;;
69;0,585576613;0,11135262;0,171153226;1;0,224536748;0,046244592;-0,251544175;1;0,41293828;0,077806393;-0,174123441;1;;;;;;;;;;;;;
70;0,783928144;0,097575504;0,567856287;0;0,282234903;0,04392058;-0,059216989;1;0,255723515;0,073023627;-0,488552969;0;;;;;;;;;;;;;
71;0,339831548;0,120130033;-0,320336904;1;0,326951046;0,047478181;0,089836821;1;0,465682711;0,078950468;-0,068634578;1;;;;;;;;;;;;;
72;0,48045132;0,106903222;-0,03909736;1;0,330160876;0,044962008;0,100536254;1;0,537418665;0,074958183;0,074837331;1;;;;;;;;;;;;;
73;0,322279419;0,127791042;-0,355441163;1;0,243398131;0,048157997;-0,188672896;1;0,681355385;0,082314235;0,362710771;0;;;;;;;;;;;;;
74;0,558314103;0,113385294;0,116628205;1;0,25604279;0,046394132;-0,146524034;1;0,409244802;0,077683385;-0,181510395;1;;;;;;;;;;;;;
75;0,597153697;0,111570129;0,194307394;1;0,325687543;0,046213626;0,085625142;1;0,487661194;0,07868189;-0,024677611;1;;;;;;;;;;;;;
76;0,457864542;0,109300212;-0,084270916;1;0,296159086;0,045431979;-0,012803048;1;0,610034057;0,075428814;0,220068113;1;;;;;;;;;;;;;
77;0,731029173;0,103234036;0,462058346;0;0,257666682;0,04447959;-0,141111059;1;0,414994523;0,074799107;-0,170010954;1;;;;;;;;;;;;;
78;0,693476072;0,109711851;0,386952144;1;0,310340481;0,045840932;0,034468272;1;0,380744765;0,077781554;-0,23851047;1;;;;;;;;;;;;;
79;0,369138432;0,128409053;-0,261723137;1;0,276831996;0,048476914;-0,077226681;1;0,509145711;0,082686891;0,018291422;1;;;;;;;;;;;;;
80;0,622358923;0,101894442;0,244717845;1;0,29268774;0,044829078;-0,024374199;1;0,479219709;0,072556224;-0,041560582;1;;;;;;;;;;;;;
81;0,45801012;0,114444117;-0,08397976;1;0,340408532;0,046294909;0,134695107;1;0,480103113;0,078657135;-0,039793773;1;;;;;;;;;;;;;
82;0,562370714;0,112538687;0,124741428;1;0,325061598;0,045819999;0,083538659;1;0,456177962;0,078087279;-0,087644075;1;;;;;;;;;;;;;
83;0,277500978;0,132126343;-0,444998044;1;0,322093881;0,048608056;0,073646271;1;0,425175868;0,082135391;-0,149648265;1;;;;;;;;;;;;;
84;0,510209669;0,108089569;0,020419338;1;0,372876298;0,044664614;0,242920994;1;0,545072159;0,075447339;0,090144317;1;;;;;;;;;;;;;
85;0,629259337;0,100808414;0,258518673;1;0,288774612;0,044026851;-0,037417959;1;0,498794355;0,073036666;-0,00241129;1;;;;;;;;;;;;;
86;0,572797951;0,105129406;0,145595903;1;0,238799655;0,045235251;-0,204001149;1;0,524531986;0,075849342;0,049063972;1;;;;;;;;;;;;;
87;0,551819597;0,109159855;0,103639194;1;0,268161901;0,045127108;-0,106126995;1;0,579467785;0,077128531;0,158935571;1;;;;;;;;;;;;;
88;0,569708853;0,105662552;0,139417705;1;0,29651183;0,044915669;-0,011627233;1;0,516422747;0,075413309;0,032845494;1;;;;;;;;;;;;;
89;0,482453317;0,122290741;-0,035093367;1;0,278229872;0,047184502;-0,072567094;1;0,429670564;0,081224668;-0,140658872;1;;;;;;;;;;;;;
90;0,515510971;0,115390825;0,031021941;1;0,311232853;0,046356451;0,037442844;1;0,490020308;0,078365153;-0,019959384;1;;;;;;;;;;;;;
91;0,569118546;0,110727345;0,138237092;1;0,288445035;0,045942937;-0,03851655;1;0,452355065;0,077094317;-0,09528987;1;;;;;;;;;;;;;
92;0,664784785;0,100701535;0,32956957;1;0,268558644;0,044037779;-0,104804519;1;0,447942396;0,07378815;-0,104115208;1;;;;;;;;;;;;;
93;0,542784443;0,11503915;0,085568887;1;0,366773131;0,046401915;0,222577104;1;0,43713882;0,079207603;-0,125722361;1;;;;;;;;;;;;;
94;0,414430908;0,126791158;-0,171138184;1;0,264741873;0,048162571;-0,117527091;1;0,533775574;0,084007746;0,067551148;1;;;;;;;;;;;;;
95;0,500015383;0,114645604;3,08E-05;1;0,264044021;0,046752247;-0,119853264;1;0,57080812;0,078012452;0,141616239;1;;;;;;;;;;;;;
96;0,557602371;0,114970556;0,115204742;1;0,330388045;0,046577303;0,101293484;1;0,378775053;0,079253355;-0,242449893;1;;;;;;;;;;;;;
97;0,702944042;0,110708904;0,405888083;1;0,266700767;0,045679427;-0,110997442;1;0,420669604;0,077743587;-0,158660793;1;;;;;;;;;;;;;
98;0,406817191;0,116751839;-0,186365618;1;0,336251794;0,046616384;0,120839312;1;0,589433758;0,078375028;0,178867517;1;;;;;;;;;;;;;
99;0,533678651;0,108843428;0,067357301;1;0,343734908;0,045467828;0,145783026;1;0,599440871;0,076826585;0,198881743;1;;;;;;;;;;;;;
100;0,35812405;0,117802865;-0,2837519;1;0,428323619;0,046561003;0,427745396;0;0,538322992;0,077949029;0,076645984;1;;;;;;;;;;;;;
101;0,49126629;0,126170151;-0,01746742;1;0,304588583;0,047646227;0,015295278;1;0,317852298;0,080477099;-0,364295404;0;;;;;;;;;;;;;
102;0,270883785;0,134876875;-0,45823243;1;0,299707973;0,049110848;-0,000973423;1;0,499977255;0,083283182;-4,55E-05;1;;;;;;;;;;;;;
103;0,38298284;0,118936685;-0,23403432;1;0,416817791;0,046594742;0,389392638;0;0,579235894;0,078696902;0,158471788;1;;;;;;;;;;;;;
104;0,550788771;0,116805342;0,101577543;1;0,323162067;0,046920055;0,07720689;1;0,444403986;0,079121222;-0,111192027;1;;;;;;;;;;;;;
105;0,662839303;0,106968245;0,325678606;1;0,236064479;0,045971131;-0,213118403;1;0,382578498;0,075966672;-0,234843005;1;;;;;;;;;;;;;
106;0,520665132;0,115431978;0,041330264;1;0,287302944;0,046666828;-0,042323519;1;0,401508256;0,077926639;-0,196983488;1;;;;;;;;;;;;;
107;0,616793704;0,106493586;0,233587408;1;0,31083136;0,045700728;0,036104535;1;0,415134285;0,076613759;-0,16973143;1;;;;;;;;;;;;;
108;0,492586514;0,108309756;-0,014826973;1;0,298348249;0,045210035;-0,005505836;1;0,615810579;0,07622723;0,231621159;1;;;;;;;;;;;;;
109;0,445885763;0,115509126;-0,108228474;1;0,234846134;0,04658431;-0,217179552;1;0,556069355;0,079251861;0,112138709;1;;;;;;;;;;;;;
110;0,455398249;0,112900003;-0,089203501;1;0,268843704;0,046448217;-0,103854318;1;0,575590788;0,077485347;0,151181577;1;;;;;;;;;;;;;
111;0,54688663;0,108630902;0,09377326;1;0,306680055;0,045512825;0,022266851;1;0,569851355;0,076998077;0,13970271;1;;;;;;;;;;;;;
112;0,677974138;0,10827749;0,355948275;1;0,245578782;0,045520136;-0,181404061;1;0,459396436;0,077709172;-0,081207128;1;;;;;;;;;;;;;
113;0,466139221;0,117841395;-0,067721558;1;0,353948951;0,046524415;0,179829837;1;0,484944412;0,079238507;-0,030111176;1;;;;;;;;;;;;;
114;0,417798216;0,126126414;-0,164403568;1;0,245330799;0,048676397;-0,182230669;1;0,437687304;0,081040952;-0,124625392;1;;;;;;;;;;;;;
115;0,68359129;0,101672865;0,36718258;1;0,279097984;0,044607974;-0,069673387;1;0,490679527;0,07511626;-0,018640946;1;;;;;;;;;;;;;
116;0,570388234;0,10444939;0,140776468;1;0,31984628;0,044464046;0,066154268;1;0,529359547;0,074897573;0,058719094;1;;;;;;;;;;;;;
117;0,443594465;0,126435704;-0,11281107;1;0,258479478;0,048372401;-0,138401739;1;0,390004325;0,082482535;-0,219991349;1;;;;;;;;;;;;;
118;0,42678977;0,112833895;-0,146420461;1;0,282370367;0,046024588;-0,058765444;1;0,588954467;0,077751133;0,177908934;1;;;;;;;;;;;;;
119;0,420079283;0,124078394;-0,159841433;1;0,26763522;0,048734953;-0,107882599;1;0,594489885;0,080833338;0,188979771;1;;;;;;;;;;;;;
120;0,62018855;0,104687305;0,2403771;1;0,282932687;0,045365932;-0,056891045;1;0,451525455;0,075232256;-0,096949091;1;;;;;;;;;;;;;
121;0,539486189;0,111458853;0,078972377;1;0,313476372;0,046188358;0,044921238;1;0,586891534;0,079300138;0,173783068;1;;;;;;;;;;;;;
122;0,571164539;0,109479541;0,142329077;1;0,275822288;0,046700205;-0,080592373;1;0,376887096;0,077434886;-0,246225808;1;;;;;;;;;;;;;
123;0,596510203;0,109432973;0,193020406;1;0,26834257;0,045756392;-0,105524768;1;0,575864874;0,078343765;0,151729748;1;;;;;;;;;;;;;
124;0,547172588;0,106944293;0,094345177;1;0,322295669;0,045627599;0,074318896;1;0,556996632;0,074923541;0,113993264;1;;;;;;;;;;;;;
125;0,640612735;0,110359552;0,28122547;1;0,284368169;0,046249424;-0,052106102;1;0,465592904;0,078408636;-0,068814192;1;;;;;;;;;;;;;
126;0,475516864;0,119433188;-0,048966271;1;0,291838594;0,047266159;-0,027204686;1;0,520389217;0,081255918;0,040778434;1;;;;;;;;;;;;;
127;0,340684465;0,132195152;-0,318631069;1;0,346930129;0,048580225;0,156433764;1;0,563151809;0,082489442;0,126303618;1;;;;;;;;;;;;;
128;0,840457258;0,099701272;0,680914517;0;0,285014137;0,043413389;-0,049952875;1;0,391636911;0,073784208;-0,216726178;1;;;;;;;;;;;;;
129;0,442028358;0,109538899;-0,115943285;1;0,252243952;0,045947756;-0,159186826;1;0,671782295;0,077247652;0,343564591;0;;;;;;;;;;;;;
130;0,390234305;0,118566605;-0,21953139;1;0,276272395;0,047084541;-0,079092017;1;0,60763155;0,079955906;0,2152631;1;;;;;;;;;;;;;
131;0,500690646;0,11985597;0,001381291;1;0,284041536;0,047215643;-0,053194881;1;0,443612075;0,080479357;-0,112775851;1;;;;;;;;;;;;;
132;0,593869571;0,103802779;0,187739142;1;0,309651624;0,045070315;0,03217208;1;0,476126412;0,075168999;-0,047747176;1;;;;;;;;;;;;;
133;0,306164317;0,123645867;-0,387671366;1;0,353629251;0,047132189;0,178764169;1;0,6359599;0,080122954;0,2719198;1;;;;;;;;;;;;;
134;0,60396291;0,110616898;0,207925821;1;0,34263019;0,046578766;0,142100632;1;0,428040897;0,076310088;-0,143918207;1;;;;;;;;;;;;;
135;0,629922034;0,108274209;0,259844069;1;0,242099387;0,045454036;-0,193002043;1;0,4859362;0,076784835;-0,0281276;1;;;;;;;;;;;;;
136;0,465535793;0,114825774;-0,068928413;1;0,342278213;0,046707903;0,140927378;1;0,526990309;0,07813709;0,053980618;1;;;;;;;;;;;;;
137;0,671093968;0,102703463;0,342187935;1;0,278996508;0,044235395;-0,07001164;1;0,521561364;0,076432626;0,043122728;1;;;;;;;;;;;;;
138;0,55080255;0,108395248;0,101605099;1;0,357075397;0,045556445;0,190251323;1;0,427564035;0,07665751;-0,144871929;1;;;;;;;;;;;;;
139;0,598798015;0,103705443;0,197596029;1;0,309124209;0,044815941;0,030414031;1;0,351220522;0,074566955;-0,297558955;0;;;;;;;;;;;;;
140;0,63695943;0,102994114;0,27391886;1;0,298505953;0,044580544;-0,004980155;1;0,472088783;0,075100037;-0,055822434;1;;;;;;;;;;;;;
141;0,444110835;0,131697446;-0,11177833;1;0,313551398;0,048269426;0,045171328;1;0,420480011;0,081668843;-0,159039979;1;;;;;;;;;;;;;
142;0,678109649;0,103910867;0,356219297;1;0,328312874;0,04459265;0,094376246;1;0,420697186;0,076178323;-0,158605628;1;;;;;;;;;;;;;
143;0,684439677;0,101488428;0,368879355;1;0,259838392;0,044594334;-0,133872025;1;0,461452541;0,075265873;-0,077094919;1;;;;;;;;;;;;;
144;0,38663847;0,121715946;-0,226723061;1;0,327951293;0,047411305;0,093170978;1;0,532098045;0,080030731;0,064196091;1;;;;;;;;;;;;;
145;0,743179857;0,1087445;0,486359713;0;0,328724166;0,046175413;0,095747219;1;0,374736547;0,077876135;-0,250526906;1;;;;;;;;;;;;;
146;0,441047341;0,115247145;-0,117905319;1;0,283579375;0,046332703;-0,054735418;1;0,69554114;0,078214952;0,391082279;0;;;;;;;;;;;;;
147;0,387019708;0,113596393;-0,225960584;1;0,3926655;0,045359036;0,308885;0;0,520416494;0,077184395;0,040832987;1;;;;;;;;;;;;;
148;0,406111441;0,122480969;-0,187777118;1;0,256003742;0,047593539;-0,146654192;1;0,528821633;0,080718087;0,057643266;1;;;;;;;;;;;;;
149;0,575782365;0,115238393;0,15156473;1;0,237646578;0,047498172;-0,207844741;1;0,464366992;0,078893444;-0,071266016;1;;;;;;;;;;;;;
150;0,539377529;0,115970521;0,078755058;1;0,258304872;0,046669642;-0,138983759;1;0,452183767;0,078638182;-0,095632466;1;;;;;;;;;;;;;
151;0,322084246;0,12911427;-0,355831508;1;0,277469225;0,04819318;-0,075102583;1;0,51200475;0,08209505;0,024009501;1;;;;;;;;;;;;;
152;0,445299474;0,121013072;-0,109401051;1;0,274475859;0,047393117;-0,085080469;1;0,614592401;0,080926736;0,229184802;1;;;;;;;;;;;;;
153;0,503205553;0,111866041;0,006411106;1;0,258633062;0,04558778;-0,137889793;1;0,53856512;0,077247962;0,077130239;1;;;;;;;;;;;;;
154;0,687288574;0,11079137;0,374577149;1;0,337084787;0,045712485;0,123615957;1;0,381636023;0,077451395;-0,236727954;1;;;;;;;;;;;;;
155;0,455143973;0,113051536;-0,089712053;1;0,381910409;0,04531285;0,273034697;1;0,540375913;0,078294055;0,080751826;1;;;;;;;;;;;;;
156;0,512473609;0,109985699;0,024947219;1;0,280224553;0,045694377;-0,065918156;1;0,544987532;0,076869464;0,089975064;1;;;;;;;;;;;;;
157;0,625268897;0,105984894;0,250537795;1;0,296854893;0,045377541;-0,010483691;1;0,49501655;0,075143922;-0,0099669;1;;;;;;;;;;;;;
158;0,492703956;0,11819875;-0,014592088;1;0,302718283;0,046498261;0,009060944;1;0,454124714;0,07916853;-0,091750571;1;;;;;;;;;;;;;
159;0,528978592;0,117395732;0,057957184;1;0,318005194;0,046806429;0,060017315;1;0,46114244;0,079292906;-0,077715121;1;;;;;;;;;;;;;
160;0,317629151;0,128720634;-0,364741699;1;0,340774504;0,048107318;0,135915013;1;0,463823909;0,080564908;-0,072352183;1;;;;;;;;;;;;;
161;0,53659767;0,105986852;0,073195341;1;0,279322888;0,045217915;-0,068923708;1;0,547139904;0,076676484;0,094279808;1;;;;;;;;;;;;;
162;0,733879743;0,095501071;0,467759486;0;0,366975571;0,042981194;0,223251905;1;0,378497381;0,071315474;-0,243005239;1;;;;;;;;;;;;;
163;0,389945957;0,116549444;-0,220108085;1;0,352006488;0,046235101;0,17335496;1;0,631233851;0,077990385;0,262467701;1;;;;;;;;;;;;;
164;0,669965054;0,101905628;0,339930109;1;0,336879412;0,043704173;0,122931373;1;0,542329833;0,073912044;0,084659665;1;;;;;;;;;;;;;
165;0,461807915;0,117228357;-0,07638417;1;0,235640796;0,047468088;-0,214530682;1;0,511017162;0,07983072;0,022034323;1;;;;;;;;;;;;;
166;0,56225175;0,110136459;0,1245035;1;0,309547968;0,04646569;0,031826559;1;0,408968544;0,075735431;-0,182062913;1;;;;;;;;;;;;;
167;0,580376912;0,113506281;0,160753824;1;0,213998099;0,047033974;-0,286673003;1;0,454511883;0,078259735;-0,090976233;1;;;;;;;;;;;;;
168;0,442147456;0,111937729;-0,115705089;1;0,319529229;0,045632109;0,06509743;1;0,529001424;0,076650747;0,058002848;1;;;;;;;;;;;;;
169;0,511101423;0,114623645;0,022202847;1;0,243749577;0,046464458;-0,187501411;1;0,531500125;0,078580459;0,063000249;1;;;;;;;;;;;;;
170;0,551734761;0,106661068;0,103469523;1;0,279506996;0,04505761;-0,068310013;1;0,517367122;0,076094276;0,034734244;1;;;;;;;;;;;;;
171;0,503902275;0,120756547;0,00780455;1;0,294540485;0,04717271;-0,018198385;1;0,445745245;0,079821048;-0,10850951;1;;;;;;;;;;;;;
172;0,544057534;0,102981066;0,088115068;1;0,254954896;0,044993625;-0,150150346;1;0,49712358;0,073844961;-0,005752839;1;;;;;;;;;;;;;
173;0,316091198;0,146918537;-0,367817604;1;0,245905176;0,050998108;-0,180316079;1;0,430549132;0,086205026;-0,138901736;1;;;;;;;;;;;;;
174;0,575940919;0,103010099;0,151881839;1;0,315594916;0,045076929;0,051983053;1;0,459323192;0,075466928;-0,081353616;1;;;;;;;;;;;;;
175;0,630346289;0,110822992;0,260692578;1;0,237365812;0,045742343;-0,208780626;1;0,432710234;0,077664978;-0,134579532;1;;;;;;;;;;;;;
176;0,369090883;0,130386401;-0,261818234;1;0,276500587;0,048754745;-0,078331377;1;0,508231702;0,082973009;0,016463403;1;;;;;;;;;;;;;
177;0,639581202;0,105725777;0,279162404;1;0,346358386;0,04510455;0,154527953;1;0,473168023;0,07588904;-0,053663955;1;;;;;;;;;;;;;
178;0,527377189;0,105082341;0,054754378;1;0,34742366;0,044537929;0,158078867;1;0,481343231;0,074572523;-0,037313539;1;;;;;;;;;;;;;
179;0,612228928;0,113503992;0,224457856;1;0,275500712;0,046537634;-0,081664294;1;0,431776544;0,078802709;-0,136446912;1;;;;;;;;;;;;;
180;0,584302815;0,117057031;0,168605631;1;0,19450435;0,047186725;-0,351652168;0;0,460681151;0,079493456;-0,078637698;1;;;;;;;;;;;;;
181;0,509397572;0,118483377;0,018795143;1;0,27167913;0,047637223;-0,0944029;1;0,396685363;0,079803034;-0,206629273;1;;;;;;;;;;;;;
182;0,403481874;0,117790389;-0,193036252;1;0,338648197;0,046841252;0,128827322;1;0,598714529;0,078238154;0,197429058;1;;;;;;;;;;;;;
183;0,406553311;0,116045103;-0,186893378;1;0,321625394;0,046676955;0,072084647;1;0,702481461;0,078527117;0,404962922;0;;;;;;;;;;;;;
184;0,563935056;0,105973594;0,127870113;1;0,32953825;0,044634427;0,098460833;1;0,4561425;0,075074532;-0,087715001;1;;;;;;;;;;;;;
185;0,45488142;0,112716788;-0,09023716;1;0,408044466;0,045744917;0,36014822;0;0,500187615;0,077028338;0,00037523;1;;;;;;;;;;;;;
186;0,601717703;0,111232035;0,203435405;1;0,332652253;0,045631312;0,108840844;1;0,563036489;0,079105473;0,126072978;1;;;;;;;;;;;;;
187;0,673435686;0,105887399;0,346871372;1;0,270819832;0,045453236;-0,097267228;1;0,423736879;0,074991273;-0,152526242;1;;;;;;;;;;;;;
188;0,389831653;0,124715147;-0,220336694;1;0,317561898;0,048317511;0,05853966;1;0,474407116;0,080752304;-0,051185769;1;;;;;;;;;;;;;
189;0,479526836;0,123345763;-0,040946328;1;0,290190436;0,04682149;-0,032698546;1;0,467085475;0,082244168;-0,065829049;1;;;;;;;;;;;;;
190;0,485027636;0,107537524;-0,029944728;1;0,28682438;0,045133121;-0,043918733;1;0,610931229;0,076386027;0,221862459;1;;;;;;;;;;;;;
191;0,40510897;0,12447383;-0,18978206;1;0,289526539;0,047149684;-0,034911538;1;0,589312485;0,080281373;0,178624969;1;;;;;;;;;;;;;
192;0,53069486;0,108978584;0,061389719;1;0,349533031;0,045516505;0,165110104;1;0,48524854;0,075317116;-0,02950292;1;;;;;;;;;;;;;
193;0,442215539;0,112944899;-0,115568923;1;0,315359952;0,046493642;0,05119984;1;0,520064333;0,078103651;0,040128666;1;;;;;;;;;;;;;
194;0,353800791;0,125857037;-0,292398417;1;0,270017076;0,047944036;-0,09994308;1;0,511846518;0,082049764;0,023693036;1;;;;;;;;;;;;;
195;0,508856622;0,111601296;0,017713245;1;0,364363467;0,046089592;0,214544889;1;0,513464442;0,077132616;0,026928885;1;;;;;;;;;;;;;
196;0,659933818;0,097209403;0,319867636;1;0,322986255;0,043374283;0,076620851;1;0,579666172;0,071615656;0,159332344;1;;;;;;;;;;;;;
197;0,465808282;0,122488421;-0,068383436;1;0,283642123;0,047754335;-0,054526257;1;0,451276267;0,079673272;-0,097447466;1;;;;;;;;;;;;;
198;0,403287055;0,125057318;-0,193425889;1;0,236680179;0,047901267;-0,211066069;1;0,639776771;0,083312854;0,279553541;1;;;;;;;;;;;;;
199;0,529071072;0,107111151;0,058142143;1;0,294389138;0,044937006;-0,018702874;1;0,606891982;0,075885441;0,213783964;1;;;;;;;;;;;;;
200;0,419286098;0,119546833;-0,161427804;1;0,273375264;0,046936937;-0,088749119;1;0,578355874;0,080584567;0,156711748;1;;;;;;;;;;;;;
201;0,342202916;0,124027725;-0,315594168;1;0,264609755;0,047646082;-0,117967482;1;0,564504152;0,080324653;0,129008303;1;;;;;;;;;;;;;
202;0,614232007;0,109293126;0,228464014;1;0,251280903;0,045971718;-0,16239699;1;0,471120369;0,077217212;-0,057759261;1;;;;;;;;;;;;;
203;0,482260759;0,115351986;-0,035478481;1;0,254830187;0,046281607;-0,150566042;1;0,520022688;0,077610105;0,040045376;1;;;;;;;;;;;;;
204;0,544011424;0,114364605;0,088022847;1;0,283097485;0,04737276;-0,056341718;1;0,417725097;0,078124875;-0,164549806;1;;;;;;;;;;;;;
205;0,262286533;0,13292555;-0,475426933;1;0,308710796;0,048918965;0,029035986;1;0,585365317;0,083168488;0,170730633;1;;;;;;;;;;;;;
206;0,487659782;0,104808366;-0,024680436;1;0,2649931;0,044607339;-0,116689668;1;0,656412603;0,075432263;0,312825207;0;;;;;;;;;;;;;
207;0,447753624;0,114249692;-0,104492753;1;0,202700823;0,047332064;-0,324330591;0;0,581675864;0,078982421;0,163351729;1;;;;;;;;;;;;;
208;0,322427937;0,123992811;-0,355144125;1;0,409358162;0,047308904;0,364527205;0;0,594026681;0,079668508;0,188053362;1;;;;;;;;;;;;;
209;0,349479479;0,124325918;-0,301041042;1;0,317243228;0,047902445;0,057477428;1;0,542262278;0,079938631;0,084524556;1;;;;;;;;;;;;;
210;0,316880192;0,12165614;-0,366239616;1;0,302079872;0,047280302;0,006932908;1;0,582062425;0,07978883;0,164124849;1;;;;;;;;;;;;;
211;0,453379124;0,119316022;-0,093241751;1;0,237663027;0,048396154;-0,207789909;1;0,413141898;0,079810232;-0,173716204;1;;;;;;;;;;;;;
212;0,507445974;0,114399439;0,014891947;1;0,314041264;0,045844309;0,046804213;1;0,544738188;0,079382027;0,089476375;1;;;;;;;;;;;;;
213;0,5030812;0,112768996;0,0061624;1;0,305198534;0,046638286;0,017328446;1;0,489868985;0,077554023;-0,02026203;1;;;;;;;;;;;;;
214;0,611529227;0,104985911;0,223058453;1;0,312123466;0,045255682;0,040411555;1;0,52997277;0,076165586;0,05994554;1;;;;;;;;;;;;;
215;0,815442136;0,103556181;0,630884272;0;0,192925771;0,044299845;-0,356914096;0;0,444487487;0,076274957;-0,111025026;1;;;;;;;;;;;;;
216;0,520078127;0,114428247;0,040156254;1;0,332024917;0,046283324;0,106749725;1;0,357802363;0,076713363;-0,284395273;1;;;;;;;;;;;;;
217;0,542627844;0,111007259;0,085255689;1;0,240724407;0,046498384;-0,197585309;1;0,521067113;0,077765553;0,042134227;1;;;;;;;;;;;;;
218;0,658750319;0,101190413;0,317500639;1;0,313420355;0,04432326;0,044734516;1;0,460675229;0,074730488;-0,078649542;1;;;;;;;;;;;;;
219;0,436832165;0,112287165;-0,126335671;1;0,233975114;0,046335124;-0,220082952;1;0,513328166;0,076800442;0,026656333;1;;;;;;;;;;;;;
220;0,470214932;0,114720413;-0,059570136;1;0,304198337;0,046558828;0,013994458;1;0,50337875;0,079356422;0,0067575;1;;;;;;;;;;;;;
221;0,396021125;0,123314879;-0,207957751;1;0,337732941;0,047959618;0,125776469;1;0,482847368;0,08046395;-0,034305264;1;;;;;;;;;;;;;
222;0,500969545;0,116722973;0,001939091;1;0,358734815;0,046631196;0,195782716;1;0,411180924;0,078061599;-0,177638152;1;;;;;;;;;;;;;
223;0,599978069;0,107321259;0,199956138;1;0,235584356;0,046068647;-0,214718813;1;0,487756966;0,076230317;-0,024486068;1;;;;;;;;;;;;;
224;0,520667278;0,113241971;0,041334556;1;0,281824726;0,04630315;-0,060584248;1;0,424180546;0,078645987;-0,151638909;1;;;;;;;;;;;;;
225;0,564090136;0,111391392;0,128180271;1;0,331992043;0,046034832;0,106640142;1;0,524467475;0,076680452;0,048934949;1;;;;;;;;;;;;;
226;0,467723148;0,115445129;-0,064553704;1;0,381502144;0,046669518;0,271673813;1;0,519053305;0,079263686;0,03810661;1;;;;;;;;;;;;;
227;0,603042581;0,104557713;0,206085162;1;0,314766308;0,04478112;0,049221026;1;0,520607989;0,074047542;0,041215978;1;;;;;;;;;;;;;
228;0,645609946;0,114426045;0,291219893;1;0,266584897;0,046872375;-0,111383675;1;0,320519842;0,078161399;-0,358960316;0;;;;;;;;;;;;;
229;0,360158353;0,113635398;-0,279683293;1;0,298692199;0,046200374;-0,004359337;1;0,558830962;0,077527661;0,117661924;1;;;;;;;;;;;;;
230;0,778749176;0,092362147;0,557498352;0;0,336901676;0,041833107;0,123005586;1;0,449130832;0,070333997;-0,101738335;1;;;;;;;;;;;;;
231;0,22011536;0,130245954;-0,55976928;0;0,343785034;0,048186759;0,145950114;1;0,57958517;0,081761248;0,159170341;1;;;;;;;;;;;;;
232;0,56900461;0,107175834;0,13800922;1;0,270069364;0,045486108;-0,099768786;1;0,531197523;0,076283315;0,062395045;1;;;;;;;;;;;;;
233;0,486837769;0,113500619;-0,026324462;1;0,32065049;0,046279196;0,068834967;1;0,470647687;0,077342003;-0,058704627;1;;;;;;;;;;;;;
234;0,543324832;0,103098673;0,086649664;1;0,285097372;0,044400942;-0,049675426;1;0,661817556;0,074428142;0,323635111;0;;;;;;;;;;;;;
235;0,408943958;0,119883329;-0,182112084;1;0,275113475;0,047683543;-0,082955085;1;0,595619044;0,079491587;0,191238088;1;;;;;;;;;;;;;
236;0,437209587;0,114979121;-0,125580827;1;0,331229786;0,046675878;0,104099288;1;0,553644884;0,077452976;0,107289769;1;;;;;;;;;;;;;
237;0,289666175;0,125885952;-0,42066765;1;0,287902399;0,048710649;-0,040325336;1;0,627936511;0,080657139;0,255873022;1;;;;;;;;;;;;;
238;0,541476011;0,111549121;0,082952022;1;0,357881869;0,046242817;0,192939564;1;0,387051185;0,076103253;-0,225897629;1;;;;;;;;;;;;;
239;0,545748047;0,111905807;0,091496095;1;0,330295526;0,045995997;0,100985085;1;0,501021555;0,077260147;0,00204311;1;;;;;;;;;;;;;
240;0,275529299;0,127241418;-0,448941402;1;0,26811534;0,047609747;-0,106282198;1;0,602755109;0,081176672;0,205510218;1;;;;;;;;;;;;;
241;0,553269096;0,115287352;0,106538191;1;0,31377181;0,046397568;0,045906032;1;0,450923379;0,079188644;-0,098153243;1;;;;;;;;;;;;;
242;0,437642094;0,117963191;-0,124715812;1;0,31350279;0,047255356;0,045009299;1;0,43781322;0,077815284;-0,124373561;1;;;;;;;;;;;;;
243;0,548825473;0,112348914;0,097650947;1;0,301746228;0,046637095;0,005820761;1;0,527016987;0,078480142;0,054033974;1;;;;;;;;;;;;;
244;0,384394583;0,118703903;-0,231210835;1;0,28068209;0,047314517;-0,064393035;1;0,435651788;0,079528762;-0,128696424;1;;;;;;;;;;;;;
245;0,664031386;0,10091868;0,328062772;1;0,27780759;0,044208307;-0,073974701;1;0,435152789;0,073549559;-0,129694422;1;;;;;;;;;;;;;
246;0,54143323;0,110436909;0,082866459;1;0,278054543;0,04636146;-0,073151525;1;0,428029413;0,07706532;-0,143941173;1;;;;;;;;;;;;;
247;0,539083822;0,114661006;0,078167644;1;0,295866256;0,046247918;-0,013779147;1;0,499579039;0,079617993;-0,000841922;1;;;;;;;;;;;;;
248;0,502659684;0,11462042;0,005319367;1;0,26918721;0,046241094;-0,1027093;1;0,646943261;0,079783132;0,293886522;1;;;;;;;;;;;;;
249;0,61497198;0,112919867;0,229943959;1;0,231649939;0,046549279;-0,227833538;1;0,468349603;0,078673272;-0,063300793;1;;;;;;;;;;;;;
250;0,678304119;0,10457042;0,356608238;1;0,26031583;0,044965707;-0,132280566;1;0,55102904;0,076326984;0,102058079;1;;;;;;;;;;;;;
251;0,747096613;0,100825163;0,494193226;0;0,256677248;0,044154414;-0,144409175;1;0,378713639;0,073889463;-0,242572722;1;;;;;;;;;;;;;
252;0,523427654;0,102439313;0,046855307;1;0,349872523;0,043895904;0,166241742;1;0,593054374;0,075009403;0,186108748;1;;;;;;;;;;;;;
253;0,415772397;0,10867344;-0,168455205;1;0,334093022;0,044759934;0,113643407;1;0,582934482;0,075356156;0,165868964;1;;;;;;;;;;;;;
254;0,6432771;0,10454358;0,286554199;1;0,243034554;0,044974215;-0,189884819;1;0,623290227;0,075907179;0,246580454;1;;;;;;;;;;;;;
255;0,482018875;0,113808635;-0,03596225;1;0,281194562;0,046260208;-0,062684792;1;0,545348624;0,077502799;0,090697248;1;;;;;;;;;;;;;
256;0,580131196;0,110919396;0,160262391;1;0,312126397;0,045495845;0,040421323;1;0,43663903;0,076530015;-0,126721941;1;;;;;;;;;;;;;
257;0,564549152;0,109698015;0,129098304;1;0,268033175;0,046391412;-0,106556085;1;0,349002549;0,076877759;-0,301994902;0;;;;;;;;;;;;;
258;0,55758257;0,105438279;0,11516514;1;0,349341161;0,044605933;0,164470536;1;0,527146196;0,075669702;0,054292391;1;;;;;;;;;;;;;
259;0,48108094;0,112854799;-0,03783812;1;0,344209781;0,045097193;0,147365937;1;0,580296966;0,076745568;0,160593932;1;;;;;;;;;;;;;
260;0,66723158;0,110473134;0,334463159;1;0,33083383;0,046285843;0,102779434;1;0,349163254;0,075921972;-0,301673493;0;;;;;;;;;;;;;
261;0,45092572;0,122387964;-0,09814856;1;0,267593243;0,048046267;-0,108022524;1;0,489094068;0,080769289;-0,021811864;1;;;;;;;;;;;;;
262;0,688922012;0,10108161;0,377844024;1;0,329285175;0,044318281;0,09761725;1;0,421481467;0,073098202;-0,157037066;1;;;;;;;;;;;;;
263;0,425625825;0,111681809;-0,148748349;1;0,305940048;0,045600912;0,019800159;1;0,567611596;0,076849423;0,135223192;1;;;;;;;;;;;;;
264;0,53185991;0,112421032;0,063719819;1;0,318174293;0,045732658;0,060580975;1;0,528712449;0,078423352;0,057424899;1;;;;;;;;;;;;;
265;0,296262692;0,132447451;-0,407474615;1;0,320278012;0,049861054;0,067593374;1;0,567920079;0,085656572;0,135840158;1;;;;;;;;;;;;;
266;0,642512802;0,106297067;0,285025603;1;0,310714736;0,045300469;0,035715787;1;0,45982897;0,076032574;-0,080342061;1;;;;;;;;;;;;;
267;0,131327054;0,137081277;-0,737345891;0;0,312584807;0,048918934;0,041949357;1;0,650413385;0,082691914;0,30082677;1;;;;;;;;;;;;;
268;0,406057048;0,111923841;-0,187885905;1;0,325470761;0,046136409;0,084902536;1;0,570002184;0,077627528;0,140004368;1;;;;;;;;;;;;;
269;0,453041782;0,108741852;-0,093916435;1;0,26790868;0,045344031;-0,106971067;1;0,531001332;0,077067988;0,062002664;1;;;;;;;;;;;;;
270;0,417740752;0,1149504;-0,164518496;1;0,339051147;0,046224991;0,130170489;1;0,541259675;0,077218358;0,08251935;1;;;;;;;;;;;;;
271;0,495134281;0,111753194;-0,009731439;1;0,296711477;0,046260835;-0,010961743;1;0,486188808;0,077463348;-0,027622384;1;;;;;;;;;;;;;
272;0,542051367;0,112758117;0,084102734;1;0,237874288;0,046428615;-0,207085706;1;0,541029245;0,078369305;0,08205849;1;;;;;;;;;;;;;
273;0,556747631;0,107494353;0,113495262;1;0,248707992;0,045646576;-0,170973359;1;0,513177857;0,077225316;0,026355714;1;;;;;;;;;;;;;
274;0,536642876;0,1095008;0,073285751;1;0,377281818;0,046157043;0,257606061;1;0,53883317;0,076539629;0,077666339;1;;;;;;;;;;;;;
275;0,76740408;0,100385519;0,53480816;0;0,357577413;0,043215138;0,191924709;1;0,446364568;0,073445984;-0,107270865;1;;;;;;;;;;;;;
276;0,484967504;0,119437682;-0,030064992;1;0,295797362;0,047768319;-0,014008794;1;0,449023447;0,079384693;-0,101953106;1;;;;;;;;;;;;;
277;0,491329909;0,11807374;-0,017340182;1;0,157902219;0,048086807;-0,473659272;0;0,499683255;0,080060723;-0,000633489;1;;;;;;;;;;;;;
278;0,289416034;0,126248017;-0,421167932;1;0,285796144;0,048051745;-0,047346188;1;0,781223864;0,081709431;0,562447728;0;;;;;;;;;;;;;
279;0,59427613;0,109856759;0,188552261;1;0,332916301;0,045454249;0,109721004;1;0,470579209;0,077236269;-0,058841581;1;;;;;;;;;;;;;
280;0,473315628;0,116657241;-0,053368744;1;0,220936985;0,047046765;-0,263543384;1;0,53633465;0,079182076;0,072669301;1;;;;;;;;;;;;;
281;0,573955594;0,111559214;0,147911187;1;0,252621971;0,04651005;-0,157926762;1;0,444573812;0,077973331;-0,110852376;1;;;;;;;;;;;;;
282;0,492659455;0,109354248;-0,01468109;1;0,31709949;0,045494135;0,056998301;1;0,474848769;0,07640834;-0,050302462;1;;;;;;;;;;;;;
283;0,430613175;0,105686362;-0,138773649;1;0,385321538;0,044866624;0,284405125;1;0,545950848;0,074624263;0,091901695;1;;;;;;;;;;;;;
284;0,340167951;0,118158088;-0,319664099;1;0,316034977;0,046607923;0,053449922;1;0,603514621;0,077739391;0,207029241;1;;;;;;;;;;;;;
285;0,661730831;0,106463341;0,323461662;1;0,261538254;0,045026601;-0,128205821;1;0,471658016;0,077054685;-0,056683968;1;;;;;;;;;;;;;
286;0,658256995;0,106520921;0,316513989;1;0,279138352;0,04585373;-0,069538828;1;0,368261736;0,075477893;-0,263476528;1;;;;;;;;;;;;;
287;0,410473882;0,125029597;-0,179052237;1;0,286310327;0,048131606;-0,045632242;1;0,39459642;0,080733514;-0,210807161;1;;;;;;;;;;;;;
288;0,568162161;0,110585878;0,136324323;1;0,300457493;0,046987783;0,001524978;1;0,402127261;0,077338004;-0,195745477;1;;;;;;;;;;;;;
289;0,597475177;0,112524425;0,194950355;1;0,19712923;0,046244548;-0,342902568;0;0,445003128;0,079239527;-0,109993743;1;;;;;;;;;;;;;
290;0,534570563;0,106601057;0,069141126;1;0,290326266;0,045237116;-0,032245779;1;0,494641389;0,076476634;-0,010717223;1;;;;;;;;;;;;;
291;0,455372756;0,116487857;-0,089254487;1;0,378613706;0,046692388;0,262045685;1;0,393469211;0,078683336;-0,213061579;1;;;;;;;;;;;;;
292;0,491347929;0,114443207;-0,017304142;1;0,225623537;0,046900681;-0,247921542;1;0,572160257;0,080032356;0,144320513;1;;;;;;;;;;;;;
293;0,645778322;0,101735093;0,291556644;1;0,357455361;0,045028492;0,19151787;1;0,363870529;0,074517138;-0,272258942;1;;;;;;;;;;;;;
294;0,394730801;0,117788831;-0,210538397;1;0,370849054;0,047140639;0,236163513;1;0,490625309;0,078237252;-0,018749383;1;;;;;;;;;;;;;
295;0,568126231;0,107816865;0,136252462;1;0,384837188;0,0456242;0,282790628;1;0,545441192;0,07537418;0,090882384;1;;;;;;;;;;;;;
296;0,561080387;0,105021206;0,122160773;1;0,410614826;0,044738719;0,368716087;0;0,494174374;0,074215232;-0,011651252;1;;;;;;;;;;;;;
297;0,489177159;0,106067452;-0,021645683;1;0,322486804;0,044842961;0,074956013;1;0,665078401;0,075816487;0,330156803;0;;;;;;;;;;;;;
298;0,436119778;0,119260512;-0,127760444;1;0,345527848;0,046821728;0,151759494;1;0,528319703;0,079038049;0,056639406;1;;;;;;;;;;;;;
299;0,553910794;0,105305688;0,107821589;1;0,34277364;0,044792903;0,142578802;1;0,414975358;0,075371615;-0,170049284;1;;;;;;;;;;;;;
300;0,499712212;0,115016825;-0,000575576;1;0,330248534;0,045959316;0,100828446;1;0,474223183;0,078096485;-0,051553634;1;;;;;;;;;;;;;
301;0,47884678;0,113641554;-0,042306441;1;0,323667516;0,046089788;0,078891719;1;0,494372501;0,07862959;-0,011254997;1;;;;;;;;;;;;;
302;0,422131157;0,119230384;-0,155737687;1;0,372691106;0,046692631;0,242303686;1;0,502699916;0,079067432;0,005399833;1;;;;;;;;;;;;;
303;0,573707325;0,113003052;0,147414651;1;0,224455628;0,046618728;-0,251814574;1;0,504424807;0,078165593;0,008849614;1;;;;;;;;;;;;;
304;0,632140637;0,099870235;0,264281275;1;0,305076091;0,044054877;0,016920303;1;0,495005567;0,0733545;-0,009988865;1;;;;;;;;;;;;;
305;0,49519109;0,119399563;-0,00961782;1;0,214023413;0,047230094;-0,286588625;1;0,565939017;0,079601164;0,131878033;1;;;;;;;;;;;;;
306;0,343423736;0,121470627;-0,313152528;1;0,218709628;0,048154639;-0,270967906;1;0,593441537;0,080877693;0,186883074;1;;;;;;;;;;;;;
307;0,707835466;0,098488867;0,415670932;0;0,32643512;0,04392123;0,088117066;1;0,491202513;0,073338925;-0,017594974;1;;;;;;;;;;;;;
308;0,522247793;0,121483764;0,044495586;1;0,279599041;0,047423025;-0,068003198;1;0,503611265;0,081235375;0,00722253;1;;;;;;;;;;;;;
309;0,529060521;0,106583281;0,058121041;1;0,240311108;0,045557313;-0,198962973;1;0,547475086;0,076682122;0,094950171;1;;;;;;;;;;;;;
310;0,479511541;0,112811078;-0,040976918;1;0,311003588;0,045983687;0,036678625;1;0,530222951;0,076765723;0,060445902;1;;;;;;;;;;;;;
311;0,440479611;0,110137168;-0,119040778;1;0,261526602;0,045696308;-0,12824466;1;0,545845821;0,076600577;0,091691642;1;;;;;;;;;;;;;
312;0,515486057;0,115709074;0,030972114;1;0,327055631;0,046781923;0,090185437;1;0,526769907;0,078717965;0,053539814;1;;;;;;;;;;;;;
313;0,513661666;0,112815048;0,027323332;1;0,247376729;0,046482224;-0,175410904;1;0,569150701;0,078453501;0,138301402;1;;;;;;;;;;;;;
314;0,613752542;0,10008657;0,227505085;1;0,301729202;0,043965431;0,005764008;1;0,548738201;0,072562751;0,097476402;1;;;;;;;;;;;;;
315;0,509782682;0,107505668;0,019565363;1;0,319652253;0,046081981;0,065507511;1;0,531070465;0,076401435;0,06214093;1;;;;;;;;;;;;;
316;0,552587106;0,107792597;0,105174212;1;0,284566684;0,045078476;-0,051444386;1;0,554775424;0,075582738;0,109550848;1;;;;;;;;;;;;;
317;0,515761246;0,110393372;0,031522492;1;0,319566346;0,045308925;0,065221154;1;0,526944286;0,075826673;0,053888573;1;;;;;;;;;;;;;
318;0,541130227;0,110790048;0,082260454;1;0,244483993;0,04550491;-0,185053357;1;0,583497985;0,077341912;0,166995969;1;;;;;;;;;;;;;
319;0,415038627;0,124941542;-0,169922746;1;0,363581868;0,047734308;0,211939559;1;0,467804939;0,081724189;-0,064390122;1;;;;;;;;;;;;;
320;0,330932653;0,127632273;-0,338134694;1;0,260916605;0,048135309;-0,130277982;1;0,598116072;0,083128755;0,196232143;1;;;;;;;;;;;;;
321;0,567014871;0,107818744;0,134029741;1;0,364212948;0,045371821;0,21404316;1;0,582438709;0,076754088;0,164877417;1;;;;;;;;;;;;;
322;0,709759078;0,102392481;0,419518156;0;0,299733402;0,044726548;-0,000888661;1;0,437184354;0,075332651;-0,125631291;1;;;;;;;;;;;;;
323;0,514155573;0,11173849;0,028311147;1;0,288402743;0,045818501;-0,038657523;1;0,522040161;0,077656192;0,044080322;1;;;;;;;;;;;;;
324;0,437373423;0,116659735;-0,125253154;1;0,24596471;0,04623518;-0,180117635;1;0,534382672;0,07805904;0,068765343;1;;;;;;;;;;;;;
325;0,449811177;0,117756372;-0,100377645;1;0,364323353;0,046674197;0,214411178;1;0,520280689;0,079290132;0,040561378;1;;;;;;;;;;;;;
326;0,486503503;0,105600095;-0,026992993;1;0,245456046;0,045768699;-0,181813181;1;0,613606407;0,075445662;0,227212814;1;;;;;;;;;;;;;
327;0,462516706;0,115813052;-0,074966587;1;0,300782687;0,047007595;0,002608955;1;0,601411979;0,078784963;0,202823957;1;;;;;;;;;;;;;
328;0,574480008;0,111896318;0,148960017;1;0,29697474;0,045747652;-0,010084201;1;0,513447853;0,077293307;0,026895706;1;;;;;;;;;;;;;
329;0,434494073;0,11745906;-0,131011855;1;0,222663759;0,046966355;-0,257787469;1;0,41074095;0,078453304;-0,1785181;1;;;;;;;;;;;;;
330;0,323988406;0,121739841;-0,352023188;1;0,341246777;0,047102623;0,137489255;1;0,595072586;0,079469492;0,190145171;1;;;;;;;;;;;;;
331;0,401103382;0,124620486;-0,197793237;1;0,370389822;0,047388842;0,234632738;1;0,57616394;0,080591945;0,15232788;1;;;;;;;;;;;;;
332;0,497797457;0,115106502;-0,004405087;1;0,328255528;0,045849138;0,094185095;1;0,476927793;0,077980064;-0,046144413;1;;;;;;;;;;;;;
333;0,783847664;0,096910303;0,567695328;0;0,259179931;0,043799087;-0,136066897;1;0,412378903;0,072268063;-0,175242194;1;;;;;;;;;;;;;
334;0,418922181;0,113551567;-0,162155638;1;0,347333289;0,046026029;0,15777763;1;0,499370824;0,077851397;-0,001258352;1;;;;;;;;;;;;;
335;0,647543958;0,111169874;0,295087917;1;0,295156445;0,04638236;-0,016145183;1;0,331093651;0,078140036;-0,337812697;0;;;;;;;;;;;;;
336;0,642656681;0,105410582;0,285313362;1;0,280494663;0,044846622;-0,065017791;1;0,41757373;0,076348458;-0,16485254;1;;;;;;;;;;;;;
337;0,580594811;0,104700458;0,161189623;1;0,280452443;0,044600753;-0,065158522;1;0,546328832;0,074949992;0,092657665;1;;;;;;;;;;;;;
338;0,517218183;0,108415028;0,034436366;1;0,362570452;0,045418353;0,208568174;1;0,48952267;0,074387091;-0,020954659;1;;;;;;;;;;;;;
339;0,385168339;0,121873474;-0,229663323;1;0,401452904;0,04724915;0,338176347;0;0,444037766;0,078972615;-0,111924468;1;;;;;;;;;;;;;
340;0,530785095;0,111091972;0,06157019;1;0,30500219;0,045831975;0,016673966;1;0,564364257;0,077798486;0,128728515;1;;;;;;;;;;;;;
341;0,72089541;0,104410476;0,441790819;0;0,405725551;0,04451323;0,352418502;0;0,410461326;0,075463004;-0,179077349;1;;;;;;;;;;;;;
342;0,551604457;0,110123622;0,103208915;1;0,269081322;0,04557668;-0,103062261;1;0,673614695;0,078454763;0,347229391;0;;;;;;;;;;;;;
343;0,579044887;0,109648312;0,158089773;1;0,274019644;0,045620762;-0,086601188;1;0,43713781;0,076715709;-0,12572438;1;;;;;;;;;;;;;
344;0,504914759;0,109019157;0,009829518;1;0,28879974;0,046050573;-0,037334199;1;0,48075444;0,075574678;-0,038491121;1;;;;;;;;;;;;;
345;0,415959391;0,112439952;-0,168081218;1;0,325435766;0,045843176;0,084785888;1;0,525112436;0,076169964;0,050224872;1;;;;;;;;;;;;;
346;0,280287701;0,119842215;-0,439424598;1;0,313298628;0,047404894;0,044328759;1;0,533388573;0,079413978;0,066777146;1;;;;;;;;;;;;;
347;0,598364216;0,109446765;0,196728431;1;0,363517519;0,045882404;0,211725062;1;0,339430034;0,075935027;-0,321139931;0;;;;;;;;;;;;;
348;0,471202133;0,119007077;-0,057595734;1;0,295955758;0,04736561;-0,013480806;1;0,4351068;0,079528819;-0,1297864;1;;;;;;;;;;;;;
349;0,371795536;0,128828834;-0,256408929;1;0,254368233;0,047855618;-0,15210589;1;0,485735455;0,082055159;-0,02852909;1;;;;;;;;;;;;;
350;0,527462106;0,104529214;0,054924212;1;0,354799862;0,044280299;0,182666207;1;0,51131383;0,07428807;0,022627659;1;;;;;;;;;;;;;
351;0,522357753;0,109262454;0,044715507;1;0,31576192;0,045696832;0,052539733;1;0,446181574;0,076103667;-0,107636852;1;;;;;;;;;;;;;
352;0,551545185;0,11444158;0,103090371;1;0,343245268;0,046230291;0,144150895;1;0,517517715;0,079159193;0,03503543;1;;;;;;;;;;;;;
353;0,380560803;0,11918637;-0,238878394;1;0,299066791;0,046979107;-0,003110696;1;0,591481417;0,078624302;0,182962834;1;;;;;;;;;;;;;
354;0,566787399;0,108523489;0,133574798;1;0,318554117;0,045584977;0,061847055;1;0,475162199;0,07662462;-0,049675602;1;;;;;;;;;;;;;
355;0,622238175;0,103421317;0,244476349;1;0,334242206;0,044595313;0,114140686;1;0,408083474;0,073925629;-0,183833052;1;;;;;;;;;;;;;
356;0,492161334;0,116078932;-0,015677332;1;0,305217111;0,04673787;0,017390371;1;0,433767712;0,079301128;-0,132464576;1;;;;;;;;;;;;;
357;0,345812797;0,136578272;-0,308374406;1;0,293214061;0,048875066;-0,022619797;1;0,470872034;0,084154604;-0,058255933;1;;;;;;;;;;;;;
358;0,607259532;0,106641734;0,214519063;1;0,273468021;0,044941469;-0,088439932;1;0,506418597;0,075858389;0,012837195;1;;;;;;;;;;;;;
359;0,430034955;0,115395521;-0,13993009;1;0,304013023;0,046726562;0,013376745;1;0,603840793;0,07839578;0,207681586;1;;;;;;;;;;;;;
360;0,598417565;0,109446596;0,19683513;1;0,29289427;0,045754755;-0,023685768;1;0,439667097;0,075970387;-0,120665806;1;;;;;;;;;;;;;
361;0,521417927;0,111189099;0,042835855;1;0,250658214;0,046074998;-0,16447262;1;0,450321222;0,077341861;-0,099357556;1;;;;;;;;;;;;;
362;0,635423045;0,105232983;0,27084609;1;0,268299853;0,045382749;-0,105667155;1;0,492589932;0,074784834;-0,014820136;1;;;;;;;;;;;;;
363;0,445379702;0,116091449;-0,109240597;1;0,298883428;0,046399719;-0,003721908;1;0,583780263;0,078776183;0,167560526;1;;;;;;;;;;;;;
364;0,474446102;0,111015878;-0,051107796;1;0,375474961;0,045747744;0,251583205;1;0,534314422;0,076510224;0,068628844;1;;;;;;;;;;;;;
365;0,405218406;0,118406521;-0,189563189;1;0,300102792;0,046838527;0,000342641;1;0,602773752;0,079255766;0,205547503;1;;;;;;;;;;;;;
366;0,557944295;0,104150086;0,115888591;1;0,326105591;0,04435345;0,087018635;1;0,593421532;0,07504788;0,186843064;1;;;;;;;;;;;;;
367;0,467709093;0,120439056;-0,064581814;1;0,320797679;0,047430637;0,069325597;1;0,522419681;0,078971182;0,044839362;1;;;;;;;;;;;;;
368;0,525354514;0,11038193;0,050709027;1;0,256719969;0,046440968;-0,144266769;1;0,494428692;0,076174269;-0,011142617;1;;;;;;;;;;;;;
369;0,671271198;0,103661673;0,342542395;1;0,339620847;0,045072919;0,13206949;1;0,432168904;0,075660874;-0,135662192;1;;;;;;;;;;;;;
370;0,39018111;0,116644257;-0,219637781;1;0,230287835;0,047001563;-0,232373885;1;0,480322151;0,07779068;-0,039355697;1;;;;;;;;;;;;;
371;0,379799519;0,121642238;-0,240400961;1;0,301961932;0,046962075;0,006539775;1;0,470306433;0,079960628;-0,059387134;1;;;;;;;;;;;;;
372;0,499648895;0,113057165;-0,00070221;1;0,316022367;0,045772225;0,053407892;1;0,572143455;0,078386901;0,14428691;1;;;;;;;;;;;;;
373;0,388104194;0,115364208;-0,223791612;1;0,279720046;0,046431489;-0,067599848;1;0,511429921;0,077811565;0,022859842;1;;;;;;;;;;;;;
374;0,515792444;0,109740044;0,031584887;1;0,317522488;0,045591712;0,058408294;1;0,54886013;0,076855227;0,09772026;1;;;;;;;;;;;;;
375;0,325765701;0,116126824;-0,348468597;1;0,327400494;0,046090803;0,091334981;1;0,629358555;0,077675662;0,25871711;1;;;;;;;;;;;;;
376;0,427275941;0,120964077;-0,145448118;1;0,287304403;0,047350007;-0,042318655;1;0,576136348;0,081069382;0,152272696;1;;;;;;;;;;;;;
377;0,394141555;0,126236527;-0,211716889;1;0,3070489;0,047452048;0,023496335;1;0,390155762;0,080451721;-0,219688477;1;;;;;;;;;;;;;
378;0,650719538;0,103905481;0,301439076;1;0,30248288;0,044805701;0,008276268;1;0,311222077;0,075111401;-0,377555845;0;;;;;;;;;;;;;
379;0,513165452;0,124204516;0,026330904;1;0,24324096;0,047117697;-0,1891968;1;0,47347903;0,08084397;-0,05304194;1;;;;;;;;;;;;;
380;0,606476012;0,103678452;0,212952024;1;0,350482954;0,043737506;0,168276512;1;0,646191742;0,074769536;0,292383484;1;;;;;;;;;;;;;
381;0,459792449;0,118020281;-0,080415101;1;0,325665072;0,046385833;0,085550239;1;0,502893978;0,080006482;0,005787956;1;;;;;;;;;;;;;
382;0,543616475;0,115542268;0,087232949;1;0,282722201;0,04631075;-0,057592662;1;0,457628212;0,079388488;-0,084743576;1;;;;;;;;;;;;;
383;0,495607718;0,112798983;-0,008784565;1;0,397282559;0,045748549;0,324275198;0;0,488877077;0,078351709;-0,022245847;1;;;;;;;;;;;;;
384;0,481458497;0,112772225;-0,037083007;1;0,221445027;0,046698424;-0,261849909;1;0,510269614;0,077804175;0,020539228;1;;;;;;;;;;;;;
385;0,409112732;0,121228182;-0,181774536;1;0,357080935;0,047561351;0,190269784;1;0,483885427;0,079946419;-0,032229145;1;;;;;;;;;;;;;
386;0,566161077;0,114178506;0,132322153;1;0,337963402;0,046694071;0,126544673;1;0,413303162;0,079155092;-0,173393676;1;;;;;;;;;;;;;
387;0,407393018;0,128377288;-0,185213964;1;0,30581911;0,04789028;0,019397033;1;0,475985219;0,082714683;-0,048029562;1;;;;;;;;;;;;;
388;0,35852256;0,116850492;-0,282954879;1;0,445898545;0,046245586;0,486328482;0;0,542995352;0,078440826;0,085990705;1;;;;;;;;;;;;;
389;0,459052562;0,123994023;-0,081894877;1;0,258449448;0,047780425;-0,138501842;1;0,561593296;0,08091095;0,123186591;1;;;;;;;;;;;;;
390;0,658594948;0,105807404;0,317189895;1;0,369436301;0,045117499;0,231454338;1;0,388729927;0,07580528;-0,222540146;1;;;;;;;;;;;;;
391;0,568338794;0,105329203;0,136677589;1;0,281763822;0,045293705;-0,06078726;1;0,582077166;0,07567107;0,164154331;1;;;;;;;;;;;;;
392;0,488511217;0,113920671;-0,022977565;1;0,311434581;0,046228866;0,03811527;1;0,46969648;0,077041002;-0,060607041;1;;;;;;;;;;;;;
393;0,457248919;0,117571841;-0,085502162;1;0,254926759;0,047320147;-0,150244136;1;0,438892744;0,079565862;-0,122214513;1;;;;;;;;;;;;;
394;0,340327805;0,12735255;-0,31934439;1;0,234631957;0,047915138;-0,217893476;1;0,652501223;0,082199452;0,305002446;1;;;;;;;;;;;;;
395;0,546024721;0,112318466;0,092049442;1;0,330137931;0,04625048;0,100459772;1;0,444308592;0,077636543;-0,111382817;1;;;;;;;;;;;;;
396;0,627545859;0,113745205;0,255091717;1;0,414722899;0,046084501;0,382409665;0;0,434092799;0,07724916;-0,131814403;1;;;;;;;;;;;;;
397;0,576786731;0,111351416;0,153573461;1;0,272009362;0,04575868;-0,093302127;1;0,465224973;0,077310864;-0,069550054;1;;;;;;;;;;;;;
398;0,453590808;0,119218742;-0,092818383;1;0,341988285;0,04671252;0,139960949;1;0,479334626;0,078434911;-0,041330749;1;;;;;;;;;;;;;
399;0,416962631;0,123365017;-0,166074737;1;0,275081648;0,048146188;-0,083061175;1;0,509434081;0,080758457;0,018868161;1;;;;;;;;;;;;;
400;0,528250769;0,118818476;0,056501539;1;0,330569362;0,046787181;0,101897873;1;0,441970371;0,07954704;-0,116059258;1;;;;;;;;;;;;;
401;0,60244034;0,107239056;0,204880681;1;0,278226016;0,045421853;-0,072579947;1;0,431938396;0,076577252;-0,136123207;1;;;;;;;;;;;;;
402;0,560074637;0,118449105;0,120149274;1;0,271564608;0,047149967;-0,09478464;1;0,390368501;0,079257638;-0,219262998;1;;;;;;;;;;;;;
403;0,648367417;0,109069026;0,296734834;1;0,354199815;0,045846178;0,18066605;1;0,434847194;0,076365744;-0,130305612;1;;;;;;;;;;;;;
404;0,223757993;0,145039706;-0,552484013;1;0,303580814;0,049806453;0,011936045;1;0,341615493;0,0837228;-0,316769013;1;;;;;;;;;;;;;
405;0,47458597;0,111299437;-0,050828059;1;0,322901653;0,04584016;0,076338843;1;0,530339101;0,078305686;0,060678201;1;;;;;;;;;;;;;
406;0,774157997;0,102123378;0,548315994;0;0,297774722;0,044323605;-0,007417595;1;0,34903139;0,074911037;-0,301937219;0;;;;;;;;;;;;;
407;0,595773226;0,100494506;0,191546452;1;0,280617697;0,044697646;-0,064607676;1;0,516428634;0,073427315;0,032857268;1;;;;;;;;;;;;;
408;0,521791299;0,116429591;0,043582597;1;0,265478968;0,047178091;-0,115070108;1;0,432925338;0,079462479;-0,134149324;1;;;;;;;;;;;;;
409;0,50955818;0,111671767;0,019116359;1;0,328810883;0,046119601;0,096036276;1;0,482605856;0,078040647;-0,034788288;1;;;;;;;;;;;;;
410;0,341711493;0,12272576;-0,316577015;1;0,404511406;0,047188157;0,348371352;0;0,500664931;0,078206403;0,001329862;1;;;;;;;;;;;;;
411;0,427315812;0,118419885;-0,145368376;1;0,354130903;0,046647946;0,180436345;1;0,397582448;0,077993765;-0,204835105;1;;;;;;;;;;;;;
412;0,149979253;0,141911797;-0,700041493;0;0,3722852;0,049323612;0,240950666;1;0,511106669;0,084270972;0,022213338;1;;;;;;;;;;;;;
413;0,469653819;0,110238456;-0,060692362;1;0,355115463;0,045869446;0,183718209;1;0,504625659;0,07677369;0,009251318;1;;;;;;;;;;;;;
414;0,392363187;0,126495064;-0,215273626;1;0,308546899;0,047686606;0,028489663;1;0,518603696;0,081128741;0,037207393;1;;;;;;;;;;;;;
415;0,502901702;0,112163904;0,005803405;1;0,299785945;0,045932091;-0,000713516;1;0,488702058;0,076990692;-0,022595884;1;;;;;;;;;;;;;
416;0,566379049;0,111173932;0,132758099;1;0,242560073;0,046343907;-0,191466425;1;0,490956174;0,078003271;-0,018087652;1;;;;;;;;;;;;;
417;0,672569225;0,106674891;0,345138451;1;0,38128372;0,045620209;0,270945734;1;0,32097783;0,076382787;-0,35804434;0;;;;;;;;;;;;;
418;0,435209764;0,116995195;-0,129580471;1;0,30287611;0,047190432;0,009587032;1;0,537566715;0,078328457;0,07513343;1;;;;;;;;;;;;;
419;0,527472329;0,124460894;0,054944658;1;0,245991994;0,048275669;-0,180026685;1;0,437875542;0,080342367;-0,124248916;1;;;;;;;;;;;;;
420;0,552079207;0,109051407;0,104158413;1;0,321368929;0,045192721;0,071229763;1;0,538745364;0,0762593;0,077490728;1;;;;;;;;;;;;;
421;0,597185265;0,112789665;0,194370531;1;0,273812856;0,046359226;-0,087290479;1;0,428912942;0,078162591;-0,142174116;1;;;;;;;;;;;;;
422;0,597638188;0,109511541;0,195276377;1;0,269933908;0,04528083;-0,100220306;1;0,432711929;0,076066751;-0,134576142;1;;;;;;;;;;;;;
423;0,494343188;0,114095507;-0,011313624;1;0,355516495;0,046174081;0,185054983;1;0,594790556;0,07800318;0,189581112;1;;;;;;;;;;;;;
424;0,642564089;0,107300577;0,285128178;1;0,362442651;0,045029612;0,208142169;1;0,419459103;0,075689846;-0,161081794;1;;;;;;;;;;;;;
425;0,487029905;0,109616665;-0,02594019;1;0,280919095;0,045099512;-0,063603017;1;0,673177237;0,076448492;0,346354474;0;;;;;;;;;;;;;
426;0,620081128;0,10326066;0,240162256;1;0,24410328;0,045361262;-0,186322401;1;0,465774499;0,074372786;-0,068451002;1;;;;;;;;;;;;;
427;0,498420605;0,108436895;-0,003158791;1;0,306123976;0,046154513;0,020413254;1;0,430608073;0,075804622;-0,138783854;1;;;;;;;;;;;;;
428;0,515091495;0,116981615;0,03018299;1;0,281240161;0,046837062;-0,062532798;1;0,502618458;0,079777953;0,005236915;1;;;;;;;;;;;;;
429;0,551974387;0,108014705;0,103948775;1;0,249412047;0,045735222;-0,168626512;1;0,521222966;0,075622347;0,042445932;1;;;;;;;;;;;;;
430;0,402698655;0,118150762;-0,194602689;1;0,301346549;0,046487992;0,004488498;1;0,481225568;0,079148461;-0,037548864;1;;;;;;;;;;;;;
431;0,446496379;0,121772616;-0,107007243;1;0,240945747;0,047545158;-0,19684751;1;0,560788766;0,080935909;0,121577533;1;;;;;;;;;;;;;
432;0,523472371;0,113193107;0,046944743;1;0,210350189;0,046500218;-0,298832702;1;0,482794462;0,078044463;-0,034411075;1;;;;;;;;;;;;;
433;0,493362177;0,110607092;-0,013275645;1;0,303726082;0,046256529;0,012420273;1;0,4571635;0,076063682;-0,085673;1;;;;;;;;;;;;;
434;0,597890815;0,103481229;0,195781631;1;0,325939445;0,044674287;0,086464816;1;0,494988751;0,07432939;-0,010022498;1;;;;;;;;;;;;;
435;0,541334606;0,112114003;0,082669211;1;0,274720177;0,046471684;-0,084266076;1;0,358050953;0,077343019;-0,283898094;1;;;;;;;;;;;;;
436;0,551607097;0,113029062;0,103214193;1;0,35121263;0,046178868;0,170708766;1;0,423335634;0,075982214;-0,153328732;1;;;;;;;;;;;;;
437;0,651657538;0,103347282;0,303315075;1;0,327534466;0,044793377;0,091781553;1;0,512624526;0,074876774;0,025249051;1;;;;;;;;;;;;;
438;0,531419004;0,114395616;0,062838008;1;0,23883055;0,046547326;-0,203898168;1;0,41370851;0,0787765;-0,17258298;1;;;;;;;;;;;;;
439;0,378797339;0,121555619;-0,242405321;1;0,264380793;0,047532358;-0,118730688;1;0,583776732;0,079918087;0,167553464;1;;;;;;;;;;;;;
440;0,600885094;0,109194695;0,201770188;1;0,271509871;0,045617192;-0,094967098;1;0,381516691;0,076898876;-0,236966617;1;;;;;;;;;;;;;
441;0,527721481;0,111953025;0,055442961;1;0,327339303;0,046405321;0,09113101;1;0,420813611;0,077725482;-0,158372778;1;;;;;;;;;;;;;
442;0,607538266;0,099964451;0,215076533;1;0,358337562;0,044222831;0,19445854;1;0,505513035;0,072703134;0,011026071;1;;;;;;;;;;;;;
443;0,2658795;0,136427061;-0,468240999;1;0,335974624;0,048535881;0,119915412;1;0,475638254;0,082729313;-0,048723493;1;;;;;;;;;;;;;
444;0,439128538;0,119658522;-0,121742923;1;0,372305817;0,047792767;0,241019388;1;0,422549165;0,080064423;-0,15490167;1;;;;;;;;;;;;;
445;0,486395692;0,112795117;-0,027208617;1;0,284339801;0,04638261;-0,052200663;1;0,611027037;0,07832764;0,222054074;1;;;;;;;;;;;;;
446;0,502530962;0,11986419;0,005061923;1;0,258237321;0,047884523;-0,139208931;1;0,527817686;0,080463021;0,055635371;1;;;;;;;;;;;;;
447;0,458860663;0,110321885;-0,082278674;1;0,253309214;0,04637806;-0,155635954;1;0,475711148;0,076759872;-0,048577705;1;;;;;;;;;;;;;
448;0,505274528;0,109616687;0,010549057;1;0,324327033;0,045222009;0,08109011;1;0,579674109;0,077833359;0,159348218;1;;;;;;;;;;;;;
449;0,562535415;0,120091422;0,12507083;1;0,330677687;0,047286694;0,102258957;1;0,426744623;0,080620003;-0,146510753;1;;;;;;;;;;;;;
450;0,598679438;0,10960282;0,197358876;1;0,31537;0,045462203;0,051233334;1;0,451921607;0,077502068;-0,096156786;1;;;;;;;;;;;;;
451;0,576109368;0,103964029;0,152218737;1;0,272851947;0,045091389;-0,090493511;1;0,558836526;0,075920297;0,117673051;1;;;;;;;;;;;;;
452;0,508505481;0,112089222;0,017010962;1;0,263123465;0,046861646;-0,122921785;1;0,568794545;0,077367747;0,137589089;1;;;;;;;;;;;;;
453;0,600412409;0,110866605;0,200824818;1;0,268985959;0,046414753;-0,103380135;1;0,445530157;0,077663192;-0,108939686;1;;;;;;;;;;;;;
454;0,461168592;0,114542177;-0,077662816;1;0,263947296;0,046445761;-0,120175682;1;0,425711228;0,076981479;-0,148577544;1;;;;;;;;;;;;;
455;0,363197201;0,120009907;-0,273605597;1;0,26659623;0,047746341;-0,1113459;1;0,512378913;0,07998048;0,024757826;1;;;;;;;;;;;;;
456;0,432260946;0,112747912;-0,135478107;1;0,324283986;0,046216208;0,080946621;1;0,633275677;0,077441741;0,266551353;1;;;;;;;;;;;;;
457;0,671675515;0,108074793;0,34335103;1;0,237665521;0,045451219;-0,207781597;1;0,45181077;0,077274801;-0,09637846;1;;;;;;;;;;;;;
458;0,51720324;0,111598413;0,034406481;1;0,281896956;0,04597393;-0,060343479;1;0,504001785;0,076620927;0,008003569;1;;;;;;;;;;;;;
459;0,557278631;0,114238969;0,114557262;1;0,304403751;0,046093511;0,014679171;1;0,470552514;0,077955474;-0,058894973;1;;;;;;;;;;;;;
460;0,40628156;0,114756884;-0,187436881;1;0,339193322;0,046586735;0,130644406;1;0,438995434;0,078137298;-0,122009132;1;;;;;;;;;;;;;
461;0,41904694;0,116589682;-0,161906121;1;0,288794151;0,047093628;-0,03735283;1;0,586811797;0,079903963;0,173623593;1;;;;;;;;;;;;;
462;0,564863486;0,106032463;0,129726973;1;0,342665826;0,044944005;0,14221942;1;0,504471099;0,075156152;0,008942198;1;;;;;;;;;;;;;
463;0,549317293;0,108873647;0,098634587;1;0,250632969;0,045716461;-0,164556771;1;0,493765214;0,075957724;-0,012469572;1;;;;;;;;;;;;;
464;0,40227457;0,111085644;-0,19545086;1;0,332664297;0,04568331;0,108880989;1;0,598086296;0,076649749;0,196172593;1;;;;;;;;;;;;;
465;0,680497382;0,107037333;0,360994763;1;0,304969595;0,045630824;0,016565315;1;0,46215039;0,076930399;-0,075699219;1;;;;;;;;;;;;;
466;0,544541377;0,112350524;0,089082753;1;0,3310022;0,045649512;0,103340668;1;0,643701366;0,078038504;0,287402731;1;;;;;;;;;;;;;
467;0,356648923;0,125063034;-0,286702153;1;0,295914128;0,047781003;-0,013619574;1;0,61384378;0,08053344;0,22768756;1;;;;;;;;;;;;;
468;0,54001302;0,106118221;0,080026039;1;0,267579155;0,045016003;-0,108069485;1;0,617281394;0,075271683;0,234562788;1;;;;;;;;;;;;;
469;0,487631077;0,120858939;-0,024737846;1;0,301107358;0,047670751;0,003691194;1;0,541306852;0,08094669;0,082613704;1;;;;;;;;;;;;;
470;0,419456878;0,120955497;-0,161086245;1;0,308579319;0,047553549;0,028597729;1;0,543005072;0,080022896;0,086010143;1;;;;;;;;;;;;;
471;0,467096455;0,114109165;-0,06580709;1;0,279166758;0,046040015;-0,069444141;1;0,561127201;0,078361308;0,122254403;1;;;;;;;;;;;;;
472;0,371329025;0,130903564;-0,257341949;1;0,3047286;0,049015161;0,015762002;1;0,559273625;0,083532548;0,118547251;1;;;;;;;;;;;;;
473;-0,004894558;0,151048919;-1,009789117;0;0,281972741;0,050672123;-0,060090862;1;0,68975768;0,087082303;0,379515361;0;;;;;;;;;;;;;
474;0,580484176;0,117724505;0,160968351;1;0,322166632;0,047143965;0,073888773;1;0,349532863;0,07913427;-0,300934274;1;;;;;;;;;;;;;
475;0,341767955;0,122308822;-0,316464091;1;0,349071338;0,047513693;0,163571127;1;0,524608472;0,079961566;0,049216944;1;;;;;;;;;;;;;
476;0,517432021;0,115601778;0,034864043;1;0,306539205;0,047018238;0,021797352;1;0,471546655;0,078876751;-0,05690669;1;;;;;;;;;;;;;
477;0,586481115;0,109368926;0,172962231;1;0,334129748;0,045441649;0,113765826;1;0,545001957;0,077584076;0,090003913;1;;;;;;;;;;;;;
478;0,482339181;0,110558768;-0,035321638;1;0,37503524;0,045589781;0,250117467;1;0,429140518;0,077429997;-0,141718963;1;;;;;;;;;;;;;
479;0,48428541;0,119259925;-0,031429181;1;0,308822861;0,047389291;0,029409536;1;0,517220717;0,079322634;0,034441435;1;;;;;;;;;;;;;
480;0,48916543;0,122251056;-0,021669141;1;0,256886614;0,047321356;-0,143711287;1;0,552450663;0,080516619;0,104901326;1;;;;;;;;;;;;;
481;0,504955395;0,113222724;0,009910789;1;0,229429068;0,046184297;-0,235236439;1;0,563366308;0,077842084;0,126732616;1;;;;;;;;;;;;;
482;0,477021858;0,104800183;-0,045956285;1;0,30654628;0,045250511;0,021820934;1;0,496263465;0,074531746;-0,00747307;1;;;;;;;;;;;;;
483;0,598984769;0,10571087;0,197969538;1;0,315498752;0,044585599;0,051662508;1;0,500714682;0,076102502;0,001429363;1;;;;;;;;;;;;;
484;0,474773653;0,111251993;-0,050452693;1;0,30460813;0,046054546;0,015360432;1;0,478907446;0,076516088;-0,042185108;1;;;;;;;;;;;;;
485;0,509416251;0,11492509;0,018832501;1;0,280954451;0,046323717;-0,063485163;1;0,458608528;0,079761854;-0,082782944;1;;;;;;;;;;;;;
486;0,309310769;0,119261061;-0,381378462;1;0,237812763;0,047887207;-0,207290791;1;0,690971816;0,079921845;0,381943631;0;;;;;;;;;;;;;
487;0,347815996;0,123840956;-0,304368008;1;0,297213703;0,047383139;-0,009287658;1;0,493660457;0,080999406;-0,012679086;1;;;;;;;;;;;;;
488;0,5205088;0,113440613;0,041017601;1;0,235459723;0,046740694;-0,215134256;1;0,471978753;0,078322264;-0,056042493;1;;;;;;;;;;;;;
489;0,520478285;0,10660257;0,040956569;1;0,310939319;0,045004878;0,036464396;1;0,550411082;0,07628432;0,100822163;1;;;;;;;;;;;;;
490;0,529188065;0,1052438;0,05837613;1;0,290462795;0,044663064;-0,031790683;1;0,609660689;0,074880712;0,219321377;1;;;;;;;;;;;;;
491;0,387714449;0,120161116;-0,224571102;1;0,361676344;0,047153387;0,205587813;1;0,535627982;0,080017271;0,071255964;1;;;;;;;;;;;;;
492;0,411003405;0,117653358;-0,17799319;1;0,314144636;0,046629513;0,047148787;1;0,611742384;0,079076983;0,223484767;1;;;;;;;;;;;;;
493;0,54283535;0,114833852;0,085670699;1;0,337927161;0,046382048;0,126423869;1;0,464760948;0,077671721;-0,070478104;1;;;;;;;;;;;;;
494;0,475786806;0,116136072;-0,048426387;1;0,330693247;0,046622762;0,102310822;1;0,534256483;0,078704957;0,068512967;1;;;;;;;;;;;;;
495;0,491278415;0,118195156;-0,017443169;1;0,265912837;0,04700166;-0,113623876;1;0,541144998;0,079629768;0,082289996;1;;;;;;;;;;;;;
496;0,375917782;0,126895628;-0,248164435;1;0,258375265;0,048447239;-0,138749118;1;0,53262625;0,082878046;0,0652525;1;;;;;;;;;;;;;
497;0,338780452;0,122610538;-0,322439095;1;0,336002806;0,047284348;0,120009353;1;0,716843425;0,080900536;0,433686849;0;;;;;;;;;;;;;
498;0,645661876;0,106801471;0,291323751;1;0,252913381;0,045227646;-0,156955398;1;0,520701179;0,075831;0,041402358;1;;;;;;;;;;;;;
499;0,5299912;0,114361072;0,059982401;1;0,297654048;0,046322379;-0,007819839;1;0,491956677;0,078275931;-0,016086646;1;;;;;;;;;;;;;
500;0,546554642;0,115179701;0,093109284;1;0,212562365;0,047135785;-0,291458782;1;0,49247837;0,078699633;-0,015043259;1;;;;;;;;;;;;;
501;0,589546286;0,113139464;0,179092571;1;0,223261967;0,046542914;-0,255793442;1;0,474658904;0,078735798;-0,050682192;1;;;;;;;;;;;;;
502;0,524791207;0,11618663;0,049582415;1;0,280631948;0,046487129;-0,064560174;1;0,480541459;0,078986711;-0,038917082;1;;;;;;;;;;;;;
503;0,666540531;0,115918947;0,333081062;1;0,264271742;0,046684837;-0,119094194;1;0,479074199;0,078431645;-0,041851603;1;;;;;;;;;;;;;
504;0,681160901;0,097331844;0,362321802;1;0,31765607;0,043738233;0,058853566;1;0,512635433;0,07210484;0,025270865;1;;;;;;;;;;;;;
505;0,582120764;0,109223722;0,164241528;1;0,361472191;0,045049735;0,204907304;1;0,518948496;0,076274335;0,037896993;1;;;;;;;;;;;;;
506;0,397403958;0,123244313;-0,205192084;1;0,306043701;0,047932455;0,02014567;1;0,468779467;0,079773913;-0,062441067;1;;;;;;;;;;;;;
507;0,429493236;0,116345848;-0,141013528;1;0,33063899;0,046119853;0,102129965;1;0,578203875;0,07737783;0,156407749;1;;;;;;;;;;;;;
508;0,664054032;0,106093756;0,328108064;1;0,313648326;0,044739651;0,04549442;1;0,436138511;0,07524499;-0,127722978;1;;;;;;;;;;;;;
509;0,499305096;0,1137571;-0,001389809;1;0,380989178;0,045642575;0,269963926;1;0,563580833;0,078514549;0,127161667;1;;;;;;;;;;;;;
510;0,595754415;0,108006661;0,191508829;1;0,322991175;0,045284903;0,07663725;1;0,445098615;0,074975318;-0,109802771;1;;;;;;;;;;;;;
511;0,671031988;0,107944356;0,342063976;1;0,26483672;0,045205282;-0,117210932;1;0,534389413;0,0776565;0,068778825;1;;;;;;;;;;;;;
512;0,305415709;0,123857872;-0,389168581;1;0,250157643;0,047789674;-0,16614119;1;0,615883486;0,081650107;0,231766972;1;;;;;;;;;;;;;
513;0,422075863;0,1162704;-0,155848275;1;0,31962807;0,04695494;0,065426899;1;0,483374285;0,079050581;-0,03325143;1;;;;;;;;;;;;;
514;0,435012154;0,112147434;-0,129975692;1;0,324766443;0,04603342;0,082554809;1;0,479676796;0,076439847;-0,040646408;1;;;;;;;;;;;;;
515;0,599456745;0,107455367;0,198913491;1;0,316815291;0,045296932;0,05605097;1;0,500886214;0,076028495;0,001772427;1;;;;;;;;;;;;;
516;0,599660494;0,107080519;0,199320987;1;0,309484426;0,044875708;0,031614753;1;0,432738204;0,075468219;-0,134523592;1;;;;;;;;;;;;;
517;0,494655777;0,120398463;-0,010688446;1;0,303183468;0,047035819;0,010611558;1;0,398986828;0,080874163;-0,202026345;1;;;;;;;;;;;;;
518;0,430382807;0,116240086;-0,139234385;1;0,329407004;0,046526665;0,098023346;1;0,504720383;0,078686692;0,009440766;1;;;;;;;;;;;;;
519;0,704178947;0,11178957;0,408357894;1;0,270201981;0,046539958;-0,099326731;1;0,438769103;0,078977157;-0,122461793;1;;;;;;;;;;;;;
520;0,632270397;0,104398121;0,264540795;1;0,310630315;0,044464918;0,035434383;1;0,51316812;0,074649136;0,026336239;1;;;;;;;;;;;;;
521;0,501011073;0,117599214;0,002022145;1;0,25561607;0,04649077;-0,147946434;1;0,617916742;0,080417442;0,235833484;1;;;;;;;;;;;;;
522;0,476063473;0,118429657;-0,047873054;1;0,258667031;0,046722146;-0,137776563;1;0,470022256;0,080277013;-0,059955488;1;;;;;;;;;;;;;
523;0,69840071;0,102425417;0,39680142;1;0,277527755;0,044723331;-0,074907483;1;0,335218217;0,074835381;-0,329563566;0;;;;;;;;;;;;;
524;0,565497726;0,108248831;0,130995452;1;0,255090095;0,045797289;-0,149699684;1;0,423544414;0,076403904;-0,152911173;1;;;;;;;;;;;;;
525;0,743485155;0,09881372;0,48697031;0;0,291996166;0,044076384;-0,026679446;1;0,460854541;0,072852436;-0,078290917;1;;;;;;;;;;;;;
526;0,476037402;0,120713735;-0,047925196;1;0,256115361;0,047672723;-0,146282129;1;0,395498883;0,081968617;-0,209002233;1;;;;;;;;;;;;;
527;0,296624646;0,130057674;-0,406750708;1;0,266268718;0,048861628;-0,112437605;1;0,578940626;0,082583524;0,157881253;1;;;;;;;;;;;;;
528;0,443405087;0,127070449;-0,113189827;1;0,345340896;0,047903734;0,151136319;1;0,421473615;0,081311683;-0,15705277;1;;;;;;;;;;;;;
529;0,608170029;0,10740475;0,216340057;1;0,417976811;0,044870412;0,393256038;0;0,43792539;0,075161708;-0,124149219;1;;;;;;;;;;;;;
530;0,554909569;0,109673913;0,109819139;1;0,283395969;0,04546741;-0,055346771;1;0,425837938;0,076937321;-0,148324123;1;;;;;;;;;;;;;
531;0,510278641;0,116240342;0,020557282;1;0,354602338;0,046254301;0,182007792;1;0,574529012;0,078096848;0,149058025;1;;;;;;;;;;;;;
532;0,604835647;0,10714728;0,209671294;1;0,288730731;0,045209775;-0,037564229;1;0,428358313;0,076602853;-0,143283374;1;;;;;;;;;;;;;
533;0,502495621;0,113144072;0,004991241;1;0,28422592;0,046239487;-0,052580268;1;0,42482197;0,0768667;-0,15035606;1;;;;;;;;;;;;;
534;0,29863669;0,123840658;-0,402726621;1;0,317694449;0,047680813;0,058981496;1;0,588826416;0,080230846;0,177652832;1;;;;;;;;;;;;;
535;0,562018347;0,117009966;0,124036694;1;0,345742008;0,046802766;0,15247336;1;0,356747529;0,078370936;-0,286504941;1;;;;;;;;;;;;;
536;0,719758595;0,10191229;0,43951719;0;0,310761021;0,04393036;0,035870072;1;0,509809258;0,074486624;0,019618515;1;;;;;;;;;;;;;
537;0,704533935;0,099952659;0,409067869;0;0,313784185;0,043856482;0,045947282;1;0,475287278;0,074269709;-0,049425444;1;;;;;;;;;;;;;
538;0,377581613;0,120920221;-0,244836774;1;0,338570588;0,046649513;0,128568628;1;0,612238363;0,079461333;0,224476726;1;;;;;;;;;;;;;
539;0,598613371;0,10706984;0,197226743;1;0,337918695;0,04544627;0,126395649;1;0,481603792;0,07589512;-0,036792416;1;;;;;;;;;;;;;
540;0,704475423;0,108635383;0,408950846;1;0,273220612;0,045827026;-0,089264627;1;0,449544025;0,076694968;-0,100911949;1;;;;;;;;;;;;;
541;0,524962587;0,115094117;0,049925174;1;0,286079959;0,046385646;-0,046400138;1;0,568429018;0,077742137;0,136858036;1;;;;;;;;;;;;;
542;0,488096668;0,120229321;-0,023806664;1;0,280715904;0,048138467;-0,064280321;1;0,478103314;0,079645137;-0,043793372;1;;;;;;;;;;;;;
543;0,562546464;0,124492722;0,125092928;1;0,209863025;0,047976551;-0,300456582;1;0,367858103;0,08318197;-0,264283793;1;;;;;;;;;;;;;
544;0,414943592;0,117136489;-0,170112816;1;0,344650424;0,046390308;0,148834747;1;0,525562696;0,078941925;0,051125392;1;;;;;;;;;;;;;
545;0,378406095;0,120824659;-0,243187809;1;0,326046356;0,047188157;0,086821188;1;0,514771614;0,079086807;0,029543229;1;;;;;;;;;;;;;
546;0,462234434;0,123220666;-0,075531132;1;0,258261971;0,048718422;-0,139126762;1;0,460914847;0,081220904;-0,078170306;1;;;;;;;;;;;;;
547;0,523065358;0,111193528;0,046130715;1;0,305384101;0,046450177;0,017947005;1;0,50335828;0,077817163;0,00671656;1;;;;;;;;;;;;;
548;0,448774252;0,120505772;-0,102451496;1;0,290091047;0,047024986;-0,033029844;1;0,522439576;0,080365436;0,044879152;1;;;;;;;;;;;;;
549;0,380671595;0,135162104;-0,238656811;1;0,243731785;0,049386936;-0,187560716;1;0,466124527;0,085118511;-0,067750946;1;;;;;;;;;;;;;
550;0,453758692;0,116418927;-0,092482617;1;0,319617397;0,047022842;0,065391323;1;0,378752436;0,077284724;-0,242495128;1;;;;;;;;;;;;;
551;0,319358282;0,119409682;-0,361283436;1;0,43185516;0,046615574;0,439517199;0;0,562677753;0,076861221;0,125355506;1;;;;;;;;;;;;;
552;0,588983812;0,112888852;0,177967624;1;0,347349522;0,045706741;0,157831741;1;0,466825053;0,077378648;-0,066349895;1;;;;;;;;;;;;;
553;0,334244878;0,124206176;-0,331510245;1;0,332664914;0,047721248;0,108883047;1;0,489729417;0,080213461;-0,020541165;1;;;;;;;;;;;;;
554;0,714530986;0,105375882;0,429061972;0;0,28120575;0,045689717;-0,062647501;1;0,408910875;0,076217169;-0,18217825;1;;;;;;;;;;;;;
555;0,305356534;0,12942317;-0,389286932;1;0,328652982;0,048472726;0,095509941;1;0,538019913;0,082644419;0,076039825;1;;;;;;;;;;;;;
556;0,594488903;0,116061129;0,188977805;1;0,293227698;0,045827776;-0,02257434;1;0,413244624;0,076750665;-0,173510753;1;;;;;;;;;;;;;
557;0,501989879;0,114090023;0,003979757;1;0,309639805;0,046382724;0,032132683;1;0,470431975;0,078131046;-0,05913605;1;;;;;;;;;;;;;
558;0,573088106;0,107328311;0,146176212;1;0,362442146;0,044650996;0,208140485;1;0,476265582;0,075917915;-0,047468836;1;;;;;;;;;;;;;
559;0,534509329;0,118767888;0,069018657;1;0,319099721;0,047153713;0,063665738;1;0,415000236;0,080205914;-0,169999527;1;;;;;;;;;;;;;
560;0,659848197;0,105564558;0,319696395;1;0,284895113;0,044910995;-0,050349623;1;0,486719883;0,075933722;-0,026560235;1;;;;;;;;;;;;;
561;0,69705439;0,104145469;0,394108781;1;0,261254122;0,044423349;-0,129152925;1;0,418646301;0,074564595;-0,162707399;1;;;;;;;;;;;;;
562;0,652453896;0,101576072;0,304907791;1;0,316868095;0,044264696;0,056226983;1;0,547221564;0,073527326;0,094443127;1;;;;;;;;;;;;;
563;0,467324791;0,112166184;-0,065350418;1;0,194303885;0,046305499;-0,352320382;0;0,562554067;0,077317461;0,125108135;1;;;;;;;;;;;;;
564;0,443247843;0,122421932;-0,113504315;1;0,313972485;0,047352949;0,046574951;1;0,541386821;0,080838104;0,082773643;1;;;;;;;;;;;;;
565;0,473045712;0,120178589;-0,053908576;1;0,294196756;0,04795198;-0,019344147;1;0,374062858;0,079778202;-0,251874284;1;;;;;;;;;;;;;
566;0,509474708;0,114271904;0,018949415;1;0,391522739;0,045379769;0,305075795;0;0,507551878;0,077013718;0,015103757;1;;;;;;;;;;;;;
567;0,483401718;0,111794681;-0,033196563;1;0,305000674;0,046052403;0,016668913;1;0,582734171;0,078784323;0,165468342;1;;;;;;;;;;;;;
568;0,351177436;0,122593426;-0,297645129;1;0,232210773;0,047693162;-0,22596409;1;0,609198423;0,081364798;0,218396846;1;;;;;;;;;;;;;
569;0,508824845;0,111408808;0,017649691;1;0,345898028;0,046305263;0,152993427;1;0,30733105;0,077138935;-0,385337901;0;;;;;;;;;;;;;
570;0,672422051;0,102896773;0,344844101;1;0,261232654;0,044708005;-0,129224486;1;0,414354415;0,075989346;-0,171291169;1;;;;;;;;;;;;;
571;0,651202026;0,104448106;0,302404053;1;0,319244708;0,044630222;0,064149026;1;0,462236608;0,075446232;-0,075526784;1;;;;;;;;;;;;;
572;0,605253386;0,109461465;0,210506772;1;0,384873201;0,046131744;0,282910669;1;0,378541372;0,077082532;-0,242917257;1;;;;;;;;;;;;;
573;0,237140705;0,131541905;-0,525718591;0;0,291706081;0,049234821;-0,027646395;1;0,64423268;0,083070426;0,288465359;1;;;;;;;;;;;;;
574;0,402359768;0,121598227;-0,195280464;1;0,24508403;0,047834971;-0,183053232;1;0,577067351;0,081214664;0,154134701;1;;;;;;;;;;;;;
575;0,516768035;0,112219967;0,033536071;1;0,317217682;0,04646803;0,057392273;1;0,468545064;0,078071641;-0,062909873;1;;;;;;;;;;;;;
576;0,656331067;0,101159152;0,312662134;1;0,315939587;0,044353482;0,053131955;1;0,388528709;0,074367276;-0,222942582;1;;;;;;;;;;;;;
577;0,640925534;0,097701743;0,281851068;1;0,315120621;0,043552416;0,050402071;1;0,447872793;0,072274989;-0,104254414;1;;;;;;;;;;;;;
578;0,442461743;0,121736475;-0,115076515;1;0,210558127;0,047047383;-0,298139578;1;0,658848453;0,081168891;0,317696907;1;;;;;;;;;;;;;
579;0,714651552;0,103955338;0,429303104;0;0,321626139;0,045099193;0,072087129;1;0,286520828;0,075716724;-0,426958344;0;;;;;;;;;;;;;
580;0,561503414;0,109625871;0,123006827;1;0,238843891;0,045972696;-0,203853696;1;0,473589379;0,07614362;-0,052821242;1;;;;;;;;;;;;;
581;0,430670597;0,117042671;-0,138658806;1;0,406012932;0,046832888;0,353376441;0;0,475307537;0,077985556;-0,049384927;1;;;;;;;;;;;;;
582;0,510661421;0,118429191;0,021322842;1;0,286429867;0,047549507;-0,045233775;1;0,526042998;0,080401172;0,052085997;1;;;;;;;;;;;;;
583;0,451606495;0,114869291;-0,09678701;1;0,33592673;0,046228489;0,119755765;1;0,573181041;0,07750503;0,146362082;1;;;;;;;;;;;;;
584;0,37804286;0,121126934;-0,243914281;1;0,258741259;0,047358122;-0,137529138;1;0,625360199;0,080944824;0,250720398;1;;;;;;;;;;;;;
585;0,465109892;0,106013928;-0,069780217;1;0,200379569;0,04513706;-0,332068102;0;0,674865097;0,075663503;0,349730194;0;;;;;;;;;;;;;
586;0,508277024;0,114000006;0,016554049;1;0,259718784;0,046470767;-0,134270722;1;0,435914909;0,077309479;-0,128170183;1;;;;;;;;;;;;;
587;0,497546432;0,118204638;-0,004907135;1;0,193812293;0,047276591;-0,353959023;0;0,576800634;0,079745623;0,153601268;1;;;;;;;;;;;;;
588;0,562510945;0,107038194;0,125021891;1;0,367690715;0,044911734;0,225635718;1;0,512820852;0,076185061;0,025641704;1;;;;;;;;;;;;;
589;0,537326386;0,102034313;0,074652771;1;0,302473981;0,044348927;0,008246603;1;0,560056431;0,073496118;0,120112863;1;;;;;;;;;;;;;
590;0,537997347;0,107817468;0,075994694;1;0,278899783;0,04545967;-0,070334056;1;0,500349016;0,076439293;0,000698032;1;;;;;;;;;;;;;
591;0,510316543;0,11293342;0,020633087;1;0,272978914;0,04637945;-0,090070287;1;0,601189201;0,078149992;0,202378401;1;;;;;;;;;;;;;
592;0,510945533;0,113457482;0,021891066;1;0,345832261;0,046219415;0,152774203;1;0,553731258;0,077614248;0,107462515;1;;;;;;;;;;;;;
593;0,452381363;0,117825807;-0,095237273;1;0,313654801;0,046670465;0,045516002;1;0,500686277;0,079274556;0,001372555;1;;;;;;;;;;;;;
594;0,577657155;0,116177231;0,155314309;1;0,309893202;0,046601939;0,03297734;1;0,44013845;0,079446405;-0,1197231;1;;;;;;;;;;;;;
595;0,460720406;0,11395223;-0,078559187;1;0,385514696;0,045875226;0,285048988;1;0,496869347;0,077681012;-0,006261306;1;;;;;;;;;;;;;
596;0,62891164;0,10909964;0,257823281;1;0,334806314;0,045589844;0,116021048;1;0,451474649;0,076866896;-0,097050702;1;;;;;;;;;;;;;
597;0,632628993;0,104730156;0,265257986;1;0,320525531;0,044403907;0,068418436;1;0,474904101;0,074783551;-0,050191798;1;;;;;;;;;;;;;
598;0,349164029;0,118773137;-0,301671942;1;0,185801796;0,047604273;-0,380660679;0;0,653689917;0,07892447;0,307379834;1;;;;;;;;;;;;;
599;0,404256044;0,118183879;-0,191487911;1;0,309486916;0,046562671;0,031623052;1;0,536525275;0,078077669;0,073050549;1;;;;;;;;;;;;;
600;0,383096281;0,122415864;-0,233807439;1;0,309510988;0,047399645;0,031703293;1;0,504074057;0,080347931;0,008148115;1;;;;;;;;;;;;;
601;0,489148056;0,111085708;-0,021703888;1;0,432678745;0,04505621;0,442262485;0;0,517659921;0,075320131;0,035319842;1;;;;;;;;;;;;;
602;0,393434079;0,12458432;-0,213131843;1;0,29462201;0,04763678;-0,017926633;1;0,587390979;0,081577488;0,174781957;1;;;;;;;;;;;;;
603;0,585602674;0,11698582;0,171205349;1;0,281627839;0,046679858;-0,061240538;1;0,486711868;0,07952752;-0,026576264;1;;;;;;;;;;;;;
604;0,253127081;0,132515108;-0,493745837;1;0,315391306;0,048469859;0,051304352;1;0,470981192;0,082201493;-0,058037616;1;;;;;;;;;;;;;
605;0,261647941;0,122796473;-0,476704118;1;0,366544402;0,047432401;0,221814672;1;0,592077894;0,07950711;0,184155788;1;;;;;;;;;;;;;
606;0,459653025;0,116677923;-0,080693951;1;0,344646317;0,046835781;0,148821057;1;0,521914688;0,077839499;0,043829377;1;;;;;;;;;;;;;
607;0,712021823;0,104248241;0,424043646;0;0,337170745;0,044383338;0,123902484;1;0,416091466;0,075879892;-0,167817069;1;;;;;;;;;;;;;
608;0,444582277;0,119480566;-0,110835445;1;0,262182971;0,047604412;-0,126056763;1;0,539654617;0,079970878;0,079309234;1;;;;;;;;;;;;;
609;0,412025328;0,120855562;-0,175949344;1;0,258925779;0,047509263;-0,136914072;1;0,42138955;0,080030411;-0,157220901;1;;;;;;;;;;;;;
610;0,653941435;0,099397588;0,30788287;1;0,382209279;0,043359133;0,274030931;1;0,519806787;0,072160274;0,039613574;1;;;;;;;;;;;;;
611;0,692459212;0,102333644;0,384918425;1;0,28841901;0,044655801;-0,038603301;1;0,535081215;0,075118994;0,07016243;1;;;;;;;;;;;;;
612;0,549715014;0,107454253;0,099430028;1;0,337368869;0,045141589;0,124562897;1;0,501269164;0,075499814;0,002538328;1;;;;;;;;;;;;;
613;0,656994261;0,098509464;0,313988522;1;0,417347945;0,043499282;0,391159817;0;0,463405347;0,072439185;-0,073189306;1;;;;;;;;;;;;;
614;0,486923406;0,118580531;-0,026153188;1;0,405615148;0,046856366;0,352050495;0;0,506112744;0,077564453;0,012225487;1;;;;;;;;;;;;;
615;0,520223755;0,110358335;0,04044751;1;0,302453869;0,045838728;0,008179563;1;0,541400982;0,076869068;0,082801963;1;;;;;;;;;;;;;
616;0,531859528;0,117540134;0,063719056;1;0,31552271;0,046966165;0,051742367;1;0,472873053;0,078793272;-0,054253894;1;;;;;;;;;;;;;
617;0,571562342;0,120668257;0,143124684;1;0,28940699;0,046973292;-0,035310032;1;0,509396534;0,080172243;0,018793068;1;;;;;;;;;;;;;
618;0,440962989;0,114076119;-0,118074022;1;0,356917369;0,046034717;0,189724564;1;0,606254527;0,078221099;0,212509055;1;;;;;;;;;;;;;
619;0,65006904;0,103171256;0,300138081;1;0,250594292;0,044405594;-0,164685695;1;0,645078821;0,074579766;0,290157642;1;;;;;;;;;;;;;
620;0,527109103;0,108732036;0,054218207;1;0,284363546;0,045647901;-0,052121512;1;0,514552663;0,07536741;0,029105326;1;;;;;;;;;;;;;
621;0,30679109;0,126974467;-0,386417821;1;0,239809208;0,048359986;-0,200635973;1;0,541029252;0,082351768;0,082058504;1;;;;;;;;;;;;;
622;0,589897647;0,112512213;0,179795294;1;0,24894346;0,046150416;-0,170188468;1;0,505604351;0,078705389;0,011208702;1;;;;;;;;;;;;;
623;0,561362405;0,113203112;0,12272481;1;0,265137214;0,046554786;-0,116209286;1;0,364156642;0,078606963;-0,271686716;1;;;;;;;;;;;;;
624;0,589470717;0,107174349;0,178941434;1;0,361195589;0,045223646;0,203985296;1;0,548404381;0,076481929;0,096808762;1;;;;;;;;;;;;;
625;0,404292754;0,123696453;-0,191414492;1;0,329638464;0,04772079;0,098794882;1;0,46105467;0,080135951;-0,07789066;1;;;;;;;;;;;;;
626;0,533197389;0,109907216;0,066394777;1;0,289527361;0,046022041;-0,034908798;1;0,588251384;0,077674756;0,176502768;1;;;;;;;;;;;;;
627;0,514987131;0,10484755;0,029974263;1;0,368407668;0,04449421;0,228025561;1;0,650588444;0,07367247;0,301176889;0;;;;;;;;;;;;;
628;0,474304857;0,11505158;-0,051390286;1;0,305701663;0,046501906;0,019005544;1;0,403864187;0,077079588;-0,192271627;1;;;;;;;;;;;;;
629;0,653101414;0,104704453;0,306202828;1;0,252365858;0,045037638;-0,158780472;1;0,329303417;0,074691287;-0,341393166;0;;;;;;;;;;;;;
630;0,427674797;0,112548479;-0,144650407;1;0,294706415;0,045551363;-0,017645283;1;0,594656926;0,076823923;0,189313852;1;;;;;;;;;;;;;
631;0,482790361;0,113781443;-0,034419279;1;0,339260219;0,046320613;0,130867398;1;0,452700267;0,077992435;-0,094599467;1;;;;;;;;;;;;;
632;0,40277232;0,113678299;-0,194455361;1;0,308441914;0,046738882;0,028139715;1;0,518250015;0,076828056;0,03650003;1;;;;;;;;;;;;;
633;0,456468013;0,122295781;-0,087063973;1;0,235002616;0,047690738;-0,216657947;1;0,57333108;0,079886451;0,146662159;1;;;;;;;;;;;;;
634;0,575197263;0,111392089;0,150394527;1;0,289639501;0,045835512;-0,034534997;1;0,635157769;0,077913087;0,270315539;1;;;;;;;;;;;;;
635;0,730257846;0,098792335;0,460515692;0;0,22050707;0,044199689;-0,264976434;1;0,406552148;0,075399314;-0,186895704;1;;;;;;;;;;;;;
636;0,509900865;0,118352518;0,019801729;1;0,338700104;0,046879936;0,129000347;1;0,509983261;0,079875064;0,019966522;1;;;;;;;;;;;;;
637;0,531103913;0,110202065;0,062207826;1;0,266102302;0,045483778;-0,112992326;1;0,568409843;0,077113094;0,136819687;1;;;;;;;;;;;;;
638;0,557651509;0,107405278;0,115303018;1;0,232804105;0,045504328;-0,223986316;1;0,533425121;0,076391198;0,066850243;1;;;;;;;;;;;;;
639;0,417839376;0,121371487;-0,164321248;1;0,274263421;0,047415398;-0,085788596;1;0,508615707;0,080490634;0,017231414;1;;;;;;;;;;;;;
640;0,394053526;0,131936894;-0,211892948;1;0,275699215;0,049393321;-0,081002615;1;0,401429774;0,082496685;-0,197140452;1;;;;;;;;;;;;;
641;0,517035922;0,109744677;0,034071844;1;0,290721395;0,045543724;-0,030928683;1;0,677308061;0,076298475;0,354616123;0;;;;;;;;;;;;;
642;0,526058487;0,109616757;0,052116973;1;0,281252417;0,045980909;-0,062491942;1;0,564647529;0,077989388;0,129295057;1;;;;;;;;;;;;;
643;0,547171066;0,109593884;0,094342131;1;0,257722428;0,045149817;-0,14092524;1;0,650541834;0,077287103;0,301083668;1;;;;;;;;;;;;;
644;0,638178144;0,113079153;0,276356287;1;0,269708724;0,046183879;-0,10097092;1;0,48582984;0,079353386;-0,028340321;1;;;;;;;;;;;;;
645;0,516962271;0,115229386;0,033924541;1;0,367716685;0,046523504;0,225722283;1;0,480260082;0,078506166;-0,039479836;1;;;;;;;;;;;;;
646;0,635513022;0,100438371;0,271026044;1;0,253550637;0,044774871;-0,15483121;1;0,45189875;0,073645725;-0,0962025;1;;;;;;;;;;;;;
647;0,345261566;0,129057939;-0,309476867;1;0,290115962;0,048142273;-0,032946793;1;0,609143401;0,083177744;0,218286803;1;;;;;;;;;;;;;
648;0,458832373;0,113551236;-0,082335254;1;0,25643205;0,04657046;-0,145226499;1;0,537436494;0,078620385;0,074872988;1;;;;;;;;;;;;;
649;0,45484042;0,11358696;-0,090319159;1;0,468850667;0,045453552;0,562835558;0;0,547238898;0,077009332;0,094477796;1;;;;;;;;;;;;;
650;0,606801415;0,110479589;0,213602829;1;0,269118489;0,046403663;-0,102938369;1;0,438327644;0,076923252;-0,123344712;1;;;;;;;;;;;;;
651;0,400580683;0,117156478;-0,198838634;1;0,277043571;0,046994692;-0,076521431;1;0,512420299;0,078276719;0,024840599;1;;;;;;;;;;;;;
652;0,505016079;0,106786747;0,010032158;1;0,231849119;0,045849772;-0,227169603;1;0,542627977;0,075583447;0,085255954;1;;;;;;;;;;;;;
653;0,460245822;0,111198615;-0,079508356;1;0,281060648;0,046273924;-0,063131173;1;0,584046456;0,07821319;0,168092912;1;;;;;;;;;;;;;
654;0,563266718;0,102072146;0,126533436;1;0,312121597;0,044749109;0,040405323;1;0,406016459;0,07370751;-0,187967082;1;;;;;;;;;;;;;
655;0,566664756;0,113082254;0,133329512;1;0,307985928;0,046241224;0,026619759;1;0,447552749;0,078177676;-0,104894501;1;;;;;;;;;;;;;
656;0,522177168;0,121796947;0,044354335;1;0,244373291;0,047775794;-0,185422364;1;0,466895289;0,082471335;-0,066209422;1;;;;;;;;;;;;;
657;0,500855312;0,119086482;0,001710624;1;0,344800952;0,047322305;0,149336507;1;0,514443174;0,080665919;0,028886348;1;;;;;;;;;;;;;
658;0,469166216;0,115857384;-0,061667568;1;0,327318465;0,046617562;0,091061549;1;0,468172158;0,079215718;-0,063655683;1;;;;;;;;;;;;;
659;0,505349527;0,113960331;0,010699054;1;0,243687062;0,046497418;-0,187709793;1;0,471752298;0,077416147;-0,056495403;1;;;;;;;;;;;;;
660;0,51879069;0,109929416;0,03758138;1;0,356542655;0,045582966;0,188475518;1;0,431534693;0,076135828;-0,136930614;1;;;;;;;;;;;;;
661;0,548754841;0,101496306;0,097509681;1;0,290874456;0,044643753;-0,030418481;1;0,613001983;0,073406553;0,226003967;1;;;;;;;;;;;;;
662;0,359739579;0,124828751;-0,280520842;1;0,32790372;0,04808922;0,0930124;1;0,456585273;0,080638614;-0,086829453;1;;;;;;;;;;;;;
663;0,312651892;0,12353451;-0,374696216;1;0,229935511;0,047690737;-0,233548296;1;0,642783365;0,080204655;0,28556673;1;;;;;;;;;;;;;
664;0,476416139;0,115512811;-0,047167723;1;0,301628764;0,046582958;0,005429215;1;0,566870613;0,077970474;0,133741226;1;;;;;;;;;;;;;
665;0,568233636;0,111077628;0,136467272;1;0,295306942;0,045964027;-0,015643527;1;0,441514568;0,078529437;-0,116970865;1;;;;;;;;;;;;;
666;0,6869587;0,110809956;0,3739174;1;0,308169044;0,0456527;0,027230147;1;0,446423121;0,077336153;-0,107153758;1;;;;;;;;;;;;;
667;0,600475097;0,105936693;0,200950194;1;0,343379008;0,045095819;0,144596693;1;0,45450072;0,075676163;-0,090998559;1;;;;;;;;;;;;;
668;0,657861439;0,108813701;0,315722878;1;0,300695279;0,04527443;0,002317595;1;0,443992154;0,076324596;-0,112015691;1;;;;;;;;;;;;;
669;0,492650894;0,123364562;-0,014698213;1;0,326233452;0,047573933;0,087444839;1;0,507724578;0,082577327;0,015449156;1;;;;;;;;;;;;;
670;0,502839039;0,120647992;0,005678077;1;0,246747095;0,04697929;-0,177509682;1;0,421955888;0,080408859;-0,156088225;1;;;;;;;;;;;;;
671;0,589908776;0,109758669;0,179817551;1;0,304119842;0,045375752;0,013732806;1;0,535055886;0,078287903;0,070111772;1;;;;;;;;;;;;;
672;0,382836693;0,1229293;-0,234326614;1;0,355673972;0,047302157;0,185579907;1;0,495457312;0,078820401;-0,009085376;1;;;;;;;;;;;;;
673;0,464509107;0,109218961;-0,070981785;1;0,228705598;0,045599923;-0,237648005;1;0,548208749;0,07613322;0,096417499;1;;;;;;;;;;;;;
674;0,53660843;0,112655515;0,073216859;1;0,303538378;0,046174698;0,011794593;1;0,46711931;0,077514386;-0,065761381;1;;;;;;;;;;;;;
675;0,490405703;0,118617694;-0,019188595;1;0,326159653;0,04714601;0,087198844;1;0,408545722;0,079847791;-0,182908556;1;;;;;;;;;;;;;
676;0,463127723;0,115773053;-0,073744555;1;0,326124085;0,046468832;0,087080284;1;0,531047487;0,079316503;0,062094975;1;;;;;;;;;;;;;
677;0,56147459;0,10588891;0,122949181;1;0,336757389;0,045147818;0,122524629;1;0,59038455;0,076331856;0,180769101;1;;;;;;;;;;;;;
678;0,437389285;0,122135328;-0,12522143;1;0,337199977;0,04671692;0,123999922;1;0,56819961;0,080797007;0,136399221;1;;;;;;;;;;;;;
679;0,370383859;0,128965806;-0,259232281;1;0,408703003;0,047995452;0,362343343;0;0,35668303;0,080756988;-0,28663394;1;;;;;;;;;;;;;
680;0,566822519;0,118570579;0,133645038;1;0,232897101;0,047155712;-0,22367633;1;0,469296514;0,080152745;-0,061406972;1;;;;;;;;;;;;;
681;0,634646742;0,103312954;0,269293485;1;0,315869347;0,045314795;0,052897824;1;0,358338417;0,074756672;-0,283323167;1;;;;;;;;;;;;;
682;0,188549683;0,137537488;-0,622900634;0;0,383129794;0,048809134;0,277099313;1;0,631579704;0,082645809;0,263159408;1;;;;;;;;;;;;;
683;0,438849029;0,117497039;-0,122301942;1;0,229465581;0,04735844;-0,23511473;1;0,520142697;0,079866531;0,040285393;1;;;;;;;;;;;;;
684;0,295829353;0,13363015;-0,408341294;1;0,329005704;0,048963241;0,096685679;1;0,493574825;0,082838453;-0,01285035;1;;;;;;;;;;;;;
685;0,417098546;0,121937169;-0,165802907;1;0,355354668;0,047013367;0,184515559;1;0,456857493;0,079297933;-0,086285015;1;;;;;;;;;;;;;
686;0,606298212;0,111104032;0,212596423;1;0,341032769;0,045350026;0,136775898;1;0,423424058;0,077015013;-0,153151884;1;;;;;;;;;;;;;
687;0,710130608;0,100936786;0,420261215;0;0,213553187;0,044804668;-0,288156043;1;0,550693865;0,07496872;0,10138773;1;;;;;;;;;;;;;
688;0,49688987;0,111298388;-0,006220261;1;0,376468546;0,045522129;0,254895154;1;0,523523423;0,076399838;0,047046847;1;;;;;;;;;;;;;
689;0,785097265;0,101954232;0,570194529;0;0,346681351;0,044213757;0,155604504;1;0,31698845;0,074925487;-0,366023101;0;;;;;;;;;;;;;
690;0,496772314;0,123449201;-0,006455372;1;0,344803278;0,047384326;0,149344261;1;0,453303692;0,080934515;-0,093392616;1;;;;;;;;;;;;;
691;0,572693455;0,10989668;0,145386911;1;0,245778023;0,04581908;-0,180739924;1;0,421222788;0,076928846;-0,157554423;1;;;;;;;;;;;;;
692;0,479777579;0,111726609;-0,040444841;1;0,307181383;0,046239702;0,023937942;1;0,489706825;0,077143941;-0,02058635;1;;;;;;;;;;;;;
693;0,611201683;0,104295264;0,222403367;1;0,249503938;0,044939344;-0,168320207;1;0,519760386;0,075083568;0,039520772;1;;;;;;;;;;;;;
694;0,41328578;0,113973543;-0,17342844;1;0,340621721;0,046116157;0,135405738;1;0,52114523;0,077497963;0,042290459;1;;;;;;;;;;;;;
695;0,463539786;0,122942461;-0,072920428;1;0,247197306;0,047663786;-0,176008981;1;0,46277733;0,080789428;-0,074445341;1;;;;;;;;;;;;;
696;0,444025309;0,123755712;-0,111949381;1;0,326389728;0,047667917;0,08796576;1;0,413804229;0,08151211;-0,172391541;1;;;;;;;;;;;;;
697;0,432380533;0,115779872;-0,135238934;1;0,316238334;0,046930858;0,05412778;1;0,443870451;0,076798846;-0,112259098;1;;;;;;;;;;;;;
698;0,571800191;0,103828986;0,143600381;1;0,342753021;0,044160359;0,142510071;1;0,582722054;0,075010878;0,165444108;1;;;;;;;;;;;;;
699;0,585705543;0,11090439;0,171411086;1;0,234656631;0,045945902;-0,217811231;1;0,392590707;0,07775493;-0,214818586;1;;;;;;;;;;;;;
700;0,589603755;0,120081927;0,17920751;1;0,18197903;0,047654717;-0,393403233;0;0,417280622;0,080426122;-0,165438756;1;;;;;;;;;;;;;
701;0,519940804;0,113654922;0,039881607;1;0,32627201;0,046638191;0,087573367;1;0,40682709;0,078648517;-0,18634582;1;;;;;;;;;;;;;
702;0,258017551;0,133508955;-0,483964897;1;0,324017723;0,048283764;0,080059075;1;0,587045369;0,082812519;0,174090738;1;;;;;;;;;;;;;
703;0,49252142;0,113783459;-0,014957159;1;0,346886626;0,045616748;0,156288752;1;0,607448613;0,07901555;0,214897227;1;;;;;;;;;;;;;
704;0,263352115;0,1266592;-0,473295769;1;0,284950887;0,048354141;-0,050163709;1;0,586782199;0,082121559;0,173564398;1;;;;;;;;;;;;;
705;0,741706128;0,100276272;0,483412256;0;0,257735718;0,043635237;-0,140880941;1;0,564380481;0,075651602;0,128760962;1;;;;;;;;;;;;;
706;0,503804144;0,118850768;0,007608288;1;0,254081985;0,047329684;-0,15306005;1;0,428103946;0,081234288;-0,143792109;1;;;;;;;;;;;;;
707;0,402986718;0,122092752;-0,194026565;1;0,30681212;0,047457507;0,022707067;1;0,513301109;0,080796432;0,026602217;1;;;;;;;;;;;;;
708;0,444768661;0,120517241;-0,110462678;1;0,345344374;0,046985704;0,151147912;1;0,417020631;0,079618015;-0,165958738;1;;;;;;;;;;;;;
709;0,393452956;0,118554439;-0,213094088;1;0,265604251;0,047392467;-0,114652495;1;0,446029603;0,079458038;-0,107940793;1;;;;;;;;;;;;;
710;0,452521575;0,118657906;-0,094956851;1;0,360177836;0,047022187;0,200592788;1;0,494899864;0,078698558;-0,010200272;1;;;;;;;;;;;;;
711;0,636284913;0,108115905;0,272569826;1;0,27870815;0,045163132;-0,070972834;1;0,486734865;0,076227043;-0,02653027;1;;;;;;;;;;;;;
712;0,575304581;0,107068283;0,150609163;1;0,242844975;0,045131003;-0,190516749;1;0,513373337;0,075222533;0,026746674;1;;;;;;;;;;;;;
713;0,636578846;0,111961658;0,273157692;1;0,337856101;0,045184638;0,126187002;1;0,47969776;0,077937392;-0,04060448;1;;;;;;;;;;;;;
714;0,673575056;0,097582187;0,347150112;1;0,305316966;0,043811151;0,01772322;1;0,427114849;0,071027356;-0,145770303;1;;;;;;;;;;;;;
715;0,542460626;0,115445036;0,084921251;1;0,301072797;0,047062812;0,00357599;1;0,405399255;0,078408267;-0,18920149;1;;;;;;;;;;;;;
716;0,447519662;0,116759196;-0,104960676;1;0,361381956;0,04624605;0,204606521;1;0,532055762;0,078793422;0,064111524;1;;;;;;;;;;;;;
717;0,701300209;0,108746225;0,402600419;1;0,273520875;0,045410956;-0,088263748;1;0,563594118;0,077329082;0,127188236;1;;;;;;;;;;;;;
718;0,312065033;0,13646121;-0,375869934;1;0,212003273;0,049395469;-0,293322422;1;0,563159775;0,083466018;0,126319549;1;;;;;;;;;;;;;
719;0,298463924;0,121916292;-0,403072152;1;0,206764837;0,047353412;-0,310783876;0;0,671669221;0,079904408;0,343338442;0;;;;;;;;;;;;;
720;0,539104374;0,10699321;0,078208749;1;0,296183595;0,045416584;-0,012721349;1;0,440732289;0,07531164;-0,118535422;1;;;;;;;;;;;;;
721;0,306315674;0,127250464;-0,387368651;1;0,258115679;0,048289218;-0,139614404;1;0,549576978;0,081708891;0,099153955;1;;;;;;;;;;;;;
722;0,37023045;0,126097784;-0,2595391;1;0,337464248;0,047615319;0,124880825;1;0,620372107;0,0816689;0,240744214;1;;;;;;;;;;;;;
723;0,529098915;0,106179325;0,05819783;1;0,36479568;0,044943858;0,215985599;1;0,452544482;0,074198449;-0,094911035;1;;;;;;;;;;;;;
724;0,501941118;0,110904939;0,003882236;1;0,363625857;0,045397499;0,21208619;1;0,484030158;0,076879024;-0,031939684;1;;;;;;;;;;;;;
725;0,482882558;0,116882852;-0,034234884;1;0,297632655;0,046657803;-0,00789115;1;0,436514908;0,077637392;-0,126970184;1;;;;;;;;;;;;;
726;0,354171102;0,114778948;-0,291657796;1;0,280774992;0,046290676;-0,064083361;1;0,626853736;0,078264872;0,253707472;1;;;;;;;;;;;;;
727;0,516748581;0,123437038;0,033497163;1;0,29333043;0,047600796;-0,022231899;1;0,376996781;0,080868732;-0,246006438;1;;;;;;;;;;;;;
728;0,530138279;0,106844954;0,060276559;1;0,254868898;0,045309768;-0,150437005;1;0,555125201;0,075748887;0,110250402;1;;;;;;;;;;;;;
729;0,549695661;0,111472612;0,099391323;1;0,262346182;0,04530403;-0,125512728;1;0,517719565;0,077954538;0,03543913;1;;;;;;;;;;;;;
730;0,238377006;0,125095565;-0,523245988;0;0,263314328;0,047307428;-0,122285573;1;0,555505409;0,079953339;0,111010818;1;;;;;;;;;;;;;
731;0,525755017;0,104058364;0,051510035;1;0,291060878;0,045359425;-0,029797074;1;0,498259725;0,074427774;-0,00348055;1;;;;;;;;;;;;;
732;0,425266926;0,119112831;-0,149466147;1;0,284879062;0,046986227;-0,050403126;1;0,604830338;0,079203683;0,209660676;1;;;;;;;;;;;;;
733;0,493180877;0,117016331;-0,013638247;1;0,356728163;0,047134616;0,189093875;1;0,390601004;0,0780684;-0,218797992;1;;;;;;;;;;;;;
734;0,371720932;0,127760611;-0,256558136;1;0,334077508;0,047748101;0,113591692;1;0,656432866;0,082186764;0,312865732;1;;;;;;;;;;;;;
735;0,454480739;0,108270147;-0,091038521;1;0,378121931;0,045086992;0,260406436;1;0,51835233;0,074637785;0,036704659;1;;;;;;;;;;;;;
736;0,381096221;0,120520782;-0,237807558;1;0,358648419;0,047217424;0,195494728;1;0,51769922;0,078812701;0,035398441;1;;;;;;;;;;;;;
737;0,591760743;0,112225738;0,183521486;1;0,339032692;0,046200662;0,130108974;1;0,560859938;0,077722512;0,121719875;1;;;;;;;;;;;;;
738;0,499495674;0,110607545;-0,001008653;1;0,313034877;0,046238855;0,043449589;1;0,475217724;0,076394183;-0,049564552;1;;;;;;;;;;;;;
739;0,531834957;0,120676888;0,063669915;1;0,296604926;0,04695955;-0,011316915;1;0,425286423;0,082306842;-0,149427153;1;;;;;;;;;;;;;
740;0,539748309;0,11708273;0,079496618;1;0,387433486;0,046961027;0,291444952;1;0,338241441;0,078014893;-0,323517119;0;;;;;;;;;;;;;
741;0,424568423;0,121906373;-0,150863154;1;0,335922229;0,047654813;0,119740764;1;0,514520245;0,079968593;0,029040491;1;;;;;;;;;;;;;
742;0,598353976;0,104924533;0,196707953;1;0,305598593;0,044734035;0,018661977;1;0,497653598;0,075303749;-0,004692805;1;;;;;;;;;;;;;
743;0,673499338;0,105608277;0,346998676;1;0,373259172;0,045300162;0,24419724;1;0,355916037;0,074965556;-0,288167926;1;;;;;;;;;;;;;
744;0,305899581;0,120482958;-0,388200838;1;0,318992622;0,046994407;0,06330874;1;0,50787521;0,078559824;0,01575042;1;;;;;;;;;;;;;
745;0,525341567;0,117066912;0,050683134;1;0,295548053;0,047057226;-0,014839822;1;0,393370344;0,077400909;-0,213259312;1;;;;;;;;;;;;;
746;0,466172976;0,105487416;-0,067654048;1;0,326771433;0,045205918;0,089238111;1;0,517361189;0,075585129;0,034722377;1;;;;;;;;;;;;;
747;0,690746751;0,105860507;0,381493503;1;0,338457682;0,044732859;0,128192273;1;0,435697068;0,076166763;-0,128605864;1;;;;;;;;;;;;;
748;0,622059727;0,102306806;0,244119454;1;0,271035017;0,044371755;-0,096549944;1;0,493800346;0,075211034;-0,012399308;1;;;;;;;;;;;;;
749;0,40673271;0,120507069;-0,186534579;1;0,346747119;0,046985963;0,155823729;1;0,555221056;0,080019995;0,110442113;1;;;;;;;;;;;;;
750;0,780829993;0,102668948;0,561659985;0;0,358184928;0,044289129;0,193949761;1;0,429725282;0,074743606;-0,140549435;1;;;;;;;;;;;;;
751;0,63425782;0,116369133;0,26851564;1;0,335526484;0,046658279;0,118421615;1;0,390994776;0,079075912;-0,218010448;1;;;;;;;;;;;;;
752;0,709979226;0,097436549;0,419958451;0;0,27869268;0,043830926;-0,071024398;1;0,528528872;0,074061861;0,057057743;1;;;;;;;;;;;;;
753;0,54739233;0,109366407;0,094784661;1;0,237111562;0,046040294;-0,209628126;1;0,515852648;0,078273239;0,031705295;1;;;;;;;;;;;;;
754;0,422567888;0,113788988;-0,154864223;1;0,263049741;0,046228571;-0,123167531;1;0,570767207;0,077745775;0,141534414;1;;;;;;;;;;;;;
755;0,351180523;0,119243508;-0,297638954;1;0,338447096;0,047200191;0,128156987;1;0,504963837;0,079321139;0,009927673;1;;;;;;;;;;;;;
756;0,412499319;0,118334011;-0,175001361;1;0,271770509;0,047580178;-0,094098304;1;0,491334238;0,079579633;-0,017331525;1;;;;;;;;;;;;;
757;0,476551255;0,126729818;-0,046897491;1;0,298624374;0,048168844;-0,00458542;1;0,432342594;0,081495855;-0,135314812;1;;;;;;;;;;;;;
758;0,536555038;0,117345693;0,073110077;1;0,366646954;0,046642997;0,222156514;1;0,294992708;0,079504001;-0,410014584;0;;;;;;;;;;;;;
759;0,533223452;0,112861931;0,066446903;1;0,251092408;0,045847528;-0,163025306;1;0,560801188;0,078834775;0,121602376;1;;;;;;;;;;;;;
760;0,585034649;0,101683148;0,170069299;1;0,318504073;0,044397025;0,061680244;1;0,45822962;0,073543797;-0,083540759;1;;;;;;;;;;;;;
761;0,347410211;0,119869497;-0,305179578;1;0,288401834;0,047443646;-0,038660552;1;0,577260989;0,078819606;0,154521977;1;;;;;;;;;;;;;
762;0,501383177;0,115014503;0,002766355;1;0,316552044;0,046451821;0,05517348;1;0,465167991;0,078213689;-0,069664017;1;;;;;;;;;;;;;
763;0,512451564;0,115269827;0,024903127;1;0,291193009;0,046679238;-0,029356635;1;0,384847585;0,079605723;-0,23030483;1;;;;;;;;;;;;;
764;0,526476591;0,114935378;0,052953183;1;0,283161737;0,046255071;-0,056127543;1;0,428715431;0,077676721;-0,142569139;1;;;;;;;;;;;;;
765;0,690106572;0,109521263;0,380213145;1;0,235896418;0,045951906;-0,213678606;1;0,389616191;0,076896258;-0,220767618;1;;;;;;;;;;;;;
766;0,532230582;0,121004206;0,064461164;1;0,223781907;0,047929267;-0,254060309;1;0,527968293;0,080681293;0,055936587;1;;;;;;;;;;;;;
767;0,388376356;0,112367136;-0,223247288;1;0,298541308;0,045505586;-0,004862307;1;0,698398161;0,077158556;0,396796322;0;;;;;;;;;;;;;
768;0,419206016;0,11926516;-0,161587969;1;0,243974419;0,047371556;-0,186751936;1;0,469507352;0,080897849;-0,060985297;1;;;;;;;;;;;;;
769;0,787965443;0,09753351;0,575930886;0;0,260287022;0,04318692;-0,132376594;1;0,550016823;0,073998809;0,100033646;1;;;;;;;;;;;;;
770;0,403641362;0,120475526;-0,192717277;1;0,287066;0,046688808;-0,043113333;1;0,582122297;0,079793141;0,164244594;1;;;;;;;;;;;;;
771;0,45536417;0,111557533;-0,089271659;1;0,317146023;0,046161066;0,057153409;1;0,606070742;0,076956456;0,212141484;1;;;;;;;;;;;;;
772;0,429270696;0,117958591;-0,141458608;1;0,313460489;0,046930685;0,044868298;1;0,491526265;0,078937192;-0,01694747;1;;;;;;;;;;;;;
773;0,384564892;0,123667947;-0,230870216;1;0,346996995;0,04836818;0,156656649;1;0,56375607;0,081453846;0,12751214;1;;;;;;;;;;;;;
774;0,799294219;0,10230643;0,598588438;0;0,307664288;0,043901026;0,025547628;1;0,414797137;0,074541812;-0,170405726;1;;;;;;;;;;;;;
775;0,526353004;0,118909332;0,052706009;1;0,303843726;0,047200949;0,012812419;1;0,406628907;0,079611347;-0,186742186;1;;;;;;;;;;;;;
776;0,720803124;0,106350489;0,441606249;0;0,246811182;0,045466013;-0,177296062;1;0,432361429;0,075969677;-0,135277142;1;;;;;;;;;;;;;
777;0,490341683;0,112334048;-0,019316634;1;0,269177302;0,046525559;-0,102742326;1;0,504232732;0,07786961;0,008465464;1;;;;;;;;;;;;;
778;0,413615546;0,124079043;-0,172768908;1;0,277456389;0,048086045;-0,075145369;1;0,466978885;0,080279339;-0,066042231;1;;;;;;;;;;;;;
779;0,673198339;0,101983965;0,346396679;1;0,322718486;0,044414669;0,075728287;1;0,449176374;0,074721041;-0,101647251;1;;;;;;;;;;;;;
780;0,567296541;0,105877596;0,134593081;1;0,323363785;0,04508257;0,077879283;1;0,516870551;0,075140043;0,033741101;1;;;;;;;;;;;;;
781;0,429527111;0,115018904;-0,140945779;1;0,384113026;0,046045764;0,280376755;1;0,521412801;0,077886738;0,042825602;1;;;;;;;;;;;;;
782;0,629096978;0,107799347;0,258193956;1;0,275133574;0,045417271;-0,082888086;1;0,354608259;0,076898185;-0,290783483;1;;;;;;;;;;;;;
783;0,639135071;0,11079158;0,278270142;1;0,241820106;0,046364739;-0,19393298;1;0,430694433;0,078168975;-0,138611135;1;;;;;;;;;;;;;
784;0,460721525;0,111332337;-0,078556949;1;0,229527012;0,045846284;-0,234909961;1;0,631459788;0,077456686;0,262919575;1;;;;;;;;;;;;;
785;0,373362093;0,130671514;-0,253275814;1;0,322581106;0,048558195;0,075270355;1;0,424388199;0,082082268;-0,151223603;1;;;;;;;;;;;;;
786;0,182281725;0,128838005;-0,63543655;0;0,32670856;0,048001364;0,089028533;1;0,670604768;0,081135938;0,341209537;0;;;;;;;;;;;;;
787;0,492411159;0,120758549;-0,015177682;1;0,286298025;0,046999794;-0,045673249;1;0,432092391;0,080325;-0,135815219;1;;;;;;;;;;;;;
788;0,399731474;0,121126198;-0,200537052;1;0,188850965;0,047124875;-0,370496783;0;0,630409704;0,078756512;0,260819408;1;;;;;;;;;;;;;
789;0,482568857;0,118753416;-0,034862285;1;0,330964156;0,047143818;0,103213854;1;0,37304523;0,077350056;-0,25390954;1;;;;;;;;;;;;;
790;0,332882742;0,124775089;-0,334234516;1;0,330331328;0,0476658;0,101104425;1;0,611686821;0,080603561;0,223373642;1;;;;;;;;;;;;;
791;0,601806319;0,115382298;0,203612638;1;0,295332862;0,046937274;-0,015557128;1;0,506231109;0,080512659;0,012462218;1;;;;;;;;;;;;;
792;0,203450352;0,131264564;-0,593099296;0;0,297755893;0,049043716;-0,007480355;1;0,55123431;0,082969236;0,102468621;1;;;;;;;;;;;;;
793;0,52340313;0,119912089;0,046806259;1;0,25504304;0,047835232;-0,149856532;1;0,464450669;0,080612033;-0,071098662;1;;;;;;;;;;;;;
794;0,258214198;0,119794631;-0,483571603;0;0,353066069;0,046776631;0,176886898;1;0,650974173;0,077283368;0,301948346;1;;;;;;;;;;;;;
795;0,531703052;0,106789553;0,063406105;1;0,381396091;0,045136144;0,271320304;1;0,44477659;0,074476568;-0,110446819;1;;;;;;;;;;;;;
796;0,577557553;0,109856611;0,155115107;1;0,312680565;0,04561221;0,042268551;1;0,49458499;0,077423633;-0,01083002;1;;;;;;;;;;;;;
797;0,529005187;0,111450279;0,058010374;1;0,279415609;0,0458493;-0,068614637;1;0,495893841;0,07709723;-0,008212317;1;;;;;;;;;;;;;
798;0,477152169;0,11396752;-0,045695663;1;0,288610812;0,046479269;-0,037963961;1;0,541669252;0,07824209;0,083338504;1;;;;;;;;;;;;;
799;0,612499722;0,108224185;0,224999445;1;0,315639198;0,045177836;0,05213066;1;0,470016793;0,076425134;-0,059966414;1;;;;;;;;;;;;;
800;0,570332504;0,107791835;0,140665009;1;0,244119451;0,045705844;-0,186268498;1;0,514668703;0,075098658;0,029337405;1;;;;;;;;;;;;;
801;0,410250126;0,114256157;-0,179499749;1;0,305744883;0,046352642;0,019149611;1;0,492758994;0,077836212;-0,014482012;1;;;;;;;;;;;;;
802;0,554644654;0,113041758;0,109289309;1;0,248940825;0,046378478;-0,170197251;1;0,499742919;0,077488639;-0,000514161;1;;;;;;;;;;;;;
803;0,64710244;0,112866609;0,294204879;1;0,301542951;0,046712394;0,005143171;1;0,402508659;0,078338906;-0,194982683;1;;;;;;;;;;;;;
804;0,378224012;0,122347879;-0,243551976;1;0,254393698;0,048218883;-0,152021006;1;0,486378187;0,079577509;-0,027243626;1;;;;;;;;;;;;;
805;0,434894837;0,120371008;-0,130210326;1;0,329503902;0,047514317;0,098346341;1;0,388412412;0,079978205;-0,223175177;1;;;;;;;;;;;;;
806;0,577269911;0,110652394;0,154539822;1;0,312644577;0,04602259;0,04214859;1;0,385520927;0,076577347;-0,228958146;1;;;;;;;;;;;;;
807;0,436608711;0,114551258;-0,126782578;1;0,325981004;0,04671299;0,086603347;1;0,492676213;0,076727168;-0,014647574;1;;;;;;;;;;;;;
808;0,188971495;0,131569851;-0,62205701;0;0,288111112;0,048348077;-0,039629626;1;0,583792939;0,081197113;0,167585877;1;;;;;;;;;;;;;
809;0,412321527;0,136095495;-0,175356946;1;0,327036045;0,049199896;0,090120151;1;0,350728679;0,08273595;-0,298542642;1;;;;;;;;;;;;;
810;0,64117136;0,104641682;0,28234272;1;0,338712066;0,045055157;0,12904022;1;0,396413652;0,074941169;-0,207172696;1;;;;;;;;;;;;;
811;0,57002325;0,112244946;0,140046499;1;0,261288716;0,046553996;-0,129037612;1;0,474900001;0,077873386;-0,050199997;1;;;;;;;;;;;;;
812;0,569489144;0,114743009;0,138978288;1;0,234554946;0,047208356;-0,218150179;1;0,357906317;0,078617919;-0,284187366;1;;;;;;;;;;;;;
813;0,387909766;0,121131299;-0,224180468;1;0,2573957;0,047452831;-0,142014332;1;0,417983397;0,080133029;-0,164033206;1;;;;;;;;;;;;;
814;0,718040988;0,104604174;0,436081976;0;0,297062142;0,045152809;-0,00979286;1;0,40121627;0,074849244;-0,19756746;1;;;;;;;;;;;;;
815;0,404863701;0,111918706;-0,190272599;1;0,345454134;0,04583265;0,15151378;1;0,569447569;0,076139878;0,138895138;1;;;;;;;;;;;;;
816;0,469794728;0,113082133;-0,060410544;1;0,374292674;0,045820678;0,247642246;1;0,535073701;0,077502923;0,070147402;1;;;;;;;;;;;;;
817;0,43866329;0,128368701;-0,122673421;1;0,249605276;0,049076235;-0,167982412;1;0,413412536;0,08391544;-0,173174928;1;;;;;;;;;;;;;
818;0,43687447;0,110484027;-0,126251059;1;0,420612153;0,0451734;0,40204051;0;0,616728104;0,076847201;0,233456207;1;;;;;;;;;;;;;
819;0,611048571;0,11204589;0,222097143;1;0,2791087;0,045736823;-0,069637665;1;0,52879043;0,077737018;0,057580861;1;;;;;;;;;;;;;
820;0,564330552;0,115633892;0,128661104;1;0,241076482;0,046621404;-0,196411726;1;0,44878328;0,079767602;-0,102433441;1;;;;;;;;;;;;;
821;0,530367239;0,113945585;0,060734477;1;0,304127247;0,046170638;0,013757492;1;0,520453566;0,077531832;0,040907132;1;;;;;;;;;;;;;
822;0,540984066;0,110233443;0,081968132;1;0,351513828;0,045162991;0,171712759;1;0,510600687;0,076833388;0,021201374;1;;;;;;;;;;;;;
823;0,513740939;0,117705401;0,027481878;1;0,319363884;0,046472162;0,064546279;1;0,526270891;0,078629322;0,052541781;1;;;;;;;;;;;;;
824;0,262942077;0,133194182;-0,474115847;1;0,277653178;0,048674416;-0,074489407;1;0,558441609;0,082030656;0,116883219;1;;;;;;;;;;;;;
825;0,523303728;0,108813178;0,046607455;1;0,335136793;0,045577185;0,117122642;1;0,456400598;0,076351795;-0,087198804;1;;;;;;;;;;;;;
826;0,588513398;0,111620069;0,177026795;1;0,283850708;0,046325878;-0,053830974;1;0,482768427;0,077652537;-0,034463146;1;;;;;;;;;;;;;
827;0,48097208;0,116938595;-0,03805584;1;0,27473526;0,046349992;-0,084215798;1;0,569234527;0,079125859;0,138469053;1;;;;;;;;;;;;;
828;0,684488256;0,105292049;0,368976511;1;0,246334769;0,045417367;-0,178884104;1;0,452193117;0,075866005;-0,095613767;1;;;;;;;;;;;;;
829;0,548859924;0,108034941;0,097719847;1;0,331385007;0,045964692;0,104616689;1;0,454428944;0,075357918;-0,091142113;1;;;;;;;;;;;;;
830;0,347659856;0,122189416;-0,304680289;1;0,252654361;0,047520245;-0,157818796;1;0,585425157;0,081076447;0,170850314;1;;;;;;;;;;;;;
831;0,503802332;0,119176189;0,007604664;1;0,311332839;0,046960149;0,037776129;1;0,475366438;0,079848449;-0,049267125;1;;;;;;;;;;;;;
832;0,613570684;0,107336419;0,227141368;1;0,262510442;0,045538148;-0,124965194;1;0,532360032;0,076115692;0,064720064;1;;;;;;;;;;;;;
833;0,550587124;0,105673202;0,101174248;1;0,253644086;0,045409389;-0,154519712;1;0,547455514;0,074871285;0,094911028;1;;;;;;;;;;;;;
834;0,376380498;0,117869298;-0,247239004;1;0,288203146;0,046816797;-0,039322845;1;0,620186905;0,078852303;0,240373809;1;;;;;;;;;;;;;
835;0,564023133;0,107187834;0,128046266;1;0,380190799;0,045302154;0,267302664;1;0,480798715;0,074678653;-0,038402569;1;;;;;;;;;;;;;
836;0,469635954;0,116983626;-0,060728091;1;0,296496568;0,046847247;-0,011678106;1;0,56799907;0,080600566;0,135998139;1;;;;;;;;;;;;;
837;0,424756795;0,114284372;-0,150486409;1;0,307920254;0,046486639;0,026400846;1;0,554679307;0,078050447;0,109358614;1;;;;;;;;;;;;;
838;0,390881255;0,128698405;-0,218237491;1;0,288003872;0,04864839;-0,039987094;1;0,606095714;0,082333226;0,212191429;1;;;;;;;;;;;;;
839;0,765834871;0,097858967;0,531669741;0;0,339180689;0,043321309;0,130602295;1;0,531002676;0,072232396;0,062005352;1;;;;;;;;;;;;;
840;0,328136095;0,121463141;-0,343727811;1;0,314842758;0,047576953;0,049475861;1;0,55681498;0,080371954;0,11362996;1;;;;;;;;;;;;;
841;0,653311287;0,111470579;0,306622574;1;0,273095448;0,046580044;-0,089681839;1;0,341323542;0,077868583;-0,317352916;0;;;;;;;;;;;;;
842;0,69396906;0,105116472;0,387938121;1;0,273974959;0,04476021;-0,086750135;1;0,501304066;0,076048344;0,002608133;1;;;;;;;;;;;;;
843;0,771507889;0,098258028;0,543015777;0;0,319792082;0,043726938;0,065973608;1;0,426615789;0,072637997;-0,146768422;1;;;;;;;;;;;;;
844;0,402235416;0,122647314;-0,195529169;1;0,352435662;0,047501754;0,174785541;1;0,443906095;0,079341877;-0,112187811;1;;;;;;;;;;;;;
845;0,594793276;0,113097538;0,189586551;1;0,306760774;0,046441188;0,022535913;1;0,46539223;0,078320446;-0,06921554;1;;;;;;;;;;;;;
846;0,235447137;0,132162934;-0,529105725;0;0,304537258;0,048071169;0,015124194;1;0,571747287;0,082947938;0,143494573;1;;;;;;;;;;;;;
847;0,504348638;0,114712321;0,008697276;1;0,337982707;0,047277778;0,126609024;1;0,548405283;0,078805758;0,096810565;1;;;;;;;;;;;;;
848;0,500785893;0,109092683;0,001571786;1;0,295321324;0,046283856;-0,015595588;1;0,447822684;0,076373579;-0,104354633;1;;;;;;;;;;;;;
849;0,649887339;0,104578112;0,299774678;1;0,248358584;0,044729234;-0,172138052;1;0,531621729;0,074378207;0,063243458;1;;;;;;;;;;;;;
850;0,766414293;0,10379724;0,532828586;0;0,283093714;0,045355884;-0,056354287;1;0,324298569;0,075547176;-0,351402862;0;;;;;;;;;;;;;
851;0,111822133;0,144013053;-0,776355735;0;0,271864108;0,049278683;-0,093786305;1;0,600571166;0,08427134;0,201142332;1;;;;;;;;;;;;;
852;0,622472701;0,106774483;0,244945401;1;0,303612075;0,045194584;0,012040252;1;0,44567894;0,074849497;-0,108642119;1;;;;;;;;;;;;;
853;0,594449251;0,107867711;0,188898503;1;0,351575033;0,045525071;0,171916775;1;0,4205454;0,07668568;-0,1589092;1;;;;;;;;;;;;;
854;0,491362398;0,113458338;-0,017275204;1;0,246202687;0,046788199;-0,179324376;1;0,519607325;0,078817421;0,03921465;1;;;;;;;;;;;;;
855;0,482519097;0,117327729;-0,034961805;1;0,277130782;0,047555116;-0,076230727;1;0,486343061;0,079349522;-0,027313877;1;;;;;;;;;;;;;
856;0,646960031;0,111246731;0,293920062;1;0,27211488;0,046528286;-0,092950401;1;0,350888237;0,079490358;-0,298223527;1;;;;;;;;;;;;;
857;0,488960054;0,120396462;-0,022079891;1;0,346130861;0,046797154;0,153769536;1;0,429564239;0,079659264;-0,140871522;1;;;;;;;;;;;;;
858;0,474743405;0,116265811;-0,05051319;1;0,312344556;0,0466122;0,04114852;1;0,534969875;0,078805724;0,06993975;1;;;;;;;;;;;;;
859;0,444005693;0,114060328;-0,111988614;1;0,277135593;0,047031458;-0,076214691;1;0,490994456;0,078664931;-0,018011088;1;;;;;;;;;;;;;
860;0,499124247;0,11027883;-0,001751506;1;0,273942932;0,045905061;-0,086856894;1;0,598390802;0,077672782;0,196781604;1;;;;;;;;;;;;;
861;0,398077395;0,116869094;-0,203845209;1;0,371548078;0,046201693;0,238493594;1;0,540063584;0,07767882;0,080127169;1;;;;;;;;;;;;;
862;0,570389032;0,10802188;0,140778065;1;0,270447892;0,045189553;-0,098507026;1;0,581297912;0,076940608;0,162595825;1;;;;;;;;;;;;;
863;0,596201617;0,104450166;0,192403235;1;0,236535186;0,044313684;-0,211549379;1;0,736585602;0,076318775;0,473171203;0;;;;;;;;;;;;;
864;0,369166387;0,119842048;-0,261667226;1;0,367947432;0,047179407;0,22649144;1;0,472765451;0,079114086;-0,054469099;1;;;;;;;;;;;;;
865;0,518293175;0,117043932;0,036586349;1;0,334228841;0,047476601;0,114096137;1;0,401717393;0,078406942;-0,196565213;1;;;;;;;;;;;;;
866;0,570161945;0,118345965;0,14032389;1;0,227786858;0,047230913;-0,240710475;1;0,449434582;0,079822704;-0,101130835;1;;;;;;;;;;;;;
867;0,639899359;0,11147076;0,279798717;1;0,250455284;0,045825709;-0,165149054;1;0,510962906;0,07821804;0,021925811;1;;;;;;;;;;;;;
868;0,520265887;0,106809988;0,040531774;1;0,27883617;0,045397177;-0,070546101;1;0,450751177;0,0757837;-0,098497647;1;;;;;;;;;;;;;
869;0,610813939;0,111314147;0,221627879;1;0,33709163;0,04565769;0,123638765;1;0,502868533;0,076661637;0,005737067;1;;;;;;;;;;;;;
870;0,385852002;0,131709294;-0,228295997;1;0,339286388;0,048441985;0,130954626;1;0,559678351;0,083597484;0,119356703;1;;;;;;;;;;;;;
871;0,520832945;0,116096915;0,041665891;1;0,233957953;0,046679672;-0,220140156;1;0,403716276;0,078628534;-0,192567449;1;;;;;;;;;;;;;
872;0,51611585;0,124941792;0,0322317;1;0,22896526;0,048092454;-0,236782467;1;0,452955729;0,080923679;-0,094088543;1;;;;;;;;;;;;;
873;0,444037233;0,119005027;-0,111925534;1;0,252508378;0,046760896;-0,158305406;1;0,531611381;0,079835945;0,063222762;1;;;;;;;;;;;;;
874;0,448567253;0,118926244;-0,102865494;1;0,268454837;0,047666032;-0,105150543;1;0,483177328;0,080640659;-0,033645344;1;;;;;;;;;;;;;
875;0,71459543;0,105170156;0,42919086;0;0,209196;0,045802008;-0,302680001;0;0,347532189;0,076469419;-0,304935623;0;;;;;;;;;;;;;
876;0,485981865;0,107204717;-0,02803627;1;0,275950969;0,045754889;-0,080163438;1;0,511278215;0,075320749;0,022556431;1;;;;;;;;;;;;;
877;0,52695186;0,105724304;0,053903719;1;0,361115316;0,045708516;0,203717721;1;0,440697889;0,074892405;-0,118604221;1;;;;;;;;;;;;;
878;0,311586959;0,136203025;-0,376826081;1;0,292631749;0,048986286;-0,024560835;1;0,525239254;0,08266872;0,050478509;1;;;;;;;;;;;;;
879;0,544791296;0,111634935;0,089582591;1;0,287799799;0,045960053;-0,040667336;1;0,503348287;0,077671043;0,006696574;1;;;;;;;;;;;;;
880;0,559977914;0,108911386;0,119955827;1;0,29714975;0,045472406;-0,009500834;1;0,583556004;0,075834544;0,167112008;1;;;;;;;;;;;;;
881;0,459442868;0,112105849;-0,081114263;1;0,371160778;0,045919809;0,237202595;1;0,523781093;0,076946925;0,047562187;1;;;;;;;;;;;;;
882;0,431872148;0,119822861;-0,136255703;1;0,293322225;0,046725014;-0,022259249;1;0,481833997;0,079293308;-0,036332007;1;;;;;;;;;;;;;
883;0,451879532;0,122643552;-0,096240935;1;0,381739903;0,047348507;0,272466345;1;0,506952864;0,080518716;0,013905728;1;;;;;;;;;;;;;
884;0,429919437;0,122487318;-0,140161127;1;0,2600723;0,047763466;-0,133092334;1;0,465893157;0,08022546;-0,068213686;1;;;;;;;;;;;;;
885;0,531481471;0,108648368;0,062962942;1;0,277726433;0,045515086;-0,074245223;1;0,49546097;0,076344684;-0,009078059;1;;;;;;;;;;;;;
886;0,435756348;0,117089032;-0,128487303;1;0,344996861;0,046455176;0,149989538;1;0,476176049;0,07807397;-0,047647902;1;;;;;;;;;;;;;
887;0,613241137;0,111601342;0,226482274;1;0,268745581;0,046030604;-0,104181395;1;0,450924156;0,078050214;-0,098151687;1;;;;;;;;;;;;;
888;0,431008689;0,129112326;-0,137982623;1;0,307063148;0,048560918;0,023543826;1;0,421067087;0,08191626;-0,157865827;1;;;;;;;;;;;;;
889;0,5050671;0,113194229;0,0101342;1;0,301415616;0,046579684;0,004718719;1;0,423245088;0,078655315;-0,153509824;1;;;;;;;;;;;;;
890;0,695154232;0,107142864;0,390308463;1;0,437736853;0,045281944;0,459122845;0;0,394788373;0,0761998;-0,210423254;1;;;;;;;;;;;;;
891;0,610664642;0,100387775;0,221329284;1;0,309863533;0,043494484;0,032878443;1;0,476357315;0,07380335;-0,04728537;1;;;;;;;;;;;;;
892;0,40120505;0,121004437;-0,197589901;1;0,33198369;0,047293289;0,106612299;1;0,461232701;0,078482969;-0,077534598;1;;;;;;;;;;;;;
893;0,443777944;0,114866461;-0,112444112;1;0,281974699;0,046630376;-0,060084335;1;0,527017516;0,078334229;0,054035032;1;;;;;;;;;;;;;
894;0,337611737;0,118508024;-0,324776526;1;0,347885358;0,046540457;0,159617861;1;0,610616597;0,077877355;0,221233193;1;;;;;;;;;;;;;
895;0,614820545;0,11359269;0,229641089;1;0,294820718;0,046366501;-0,017264275;1;0,362456949;0,078332006;-0,275086101;1;;;;;;;;;;;;;
896;0,309539146;0,121808461;-0,380921708;1;0,316824842;0,047441018;0,056082805;1;0,456750745;0,080249884;-0,08649851;1;;;;;;;;;;;;;
897;0,518867864;0,101548191;0,037735728;1;0,339966048;0,044134621;0,133220159;1;0,62123712;0,072721186;0,24247424;1;;;;;;;;;;;;;
898;0,355412026;0,119616209;-0,289175948;1;0,332403386;0,046871015;0,108011288;1;0,603409896;0,078936309;0,206819791;1;;;;;;;;;;;;;
899;0,387091037;0,123719017;-0,225817927;1;0,301321416;0,047745903;0,004404722;1;0,449075579;0,079326342;-0,101848843;1;;;;;;;;;;;;;
900;0,416897578;0,118294155;-0,166204844;1;0,326282667;0,047573679;0,087608892;1;0,545570895;0,077797836;0,09114179;1;;;;;;;;;;;;;
901;0,386182572;0,116751335;-0,227634855;1;0,277312437;0,046372398;-0,075625211;1;0,619147365;0,079227058;0,238294731;1;;;;;;;;;;;;;
902;0,458535398;0,116365439;-0,082929204;1;0,300800168;0,046306975;0,002667225;1;0,523889461;0,077498544;0,047778922;1;;;;;;;;;;;;;
903;0,40573897;0,119119216;-0,188522061;1;0,313497474;0,046677109;0,04499158;1;0,441574726;0,077849017;-0,116850547;1;;;;;;;;;;;;;
904;0,292304664;0,133180577;-0,415390673;1;0,330254044;0,048756546;0,100846813;1;0,587825032;0,082461173;0,175650063;1;;;;;;;;;;;;;
905;0,628633453;0,102372782;0,257266906;1;0,339350205;0,043888735;0,131167351;1;0,457266819;0,073850516;-0,085466362;1;;;;;;;;;;;;;
906;0,326031754;0,113579824;-0,347936493;1;0,360639835;0,04643301;0,202132784;1;0,604809382;0,077117935;0,209618764;1;;;;;;;;;;;;;
907;0,419359294;0,120663737;-0,161281413;1;0,325949605;0,047174115;0,086498685;1;0,506089736;0,080978101;0,012179471;1;;;;;;;;;;;;;
908;0,596426825;0,109198251;0,19285365;1;0,299844523;0,045653521;-0,000518255;1;0,465961823;0,076025073;-0,068076354;1;;;;;;;;;;;;;
909;0,40150228;0,120840831;-0,196995441;1;0,280741485;0,046927389;-0,064195051;1;0,53200614;0,079058737;0,064012281;1;;;;;;;;;;;;;
910;0,562004133;0,106371939;0,124008266;1;0,329914678;0,044859388;0,099715594;1;0,48536388;0,074938616;-0,029272241;1;;;;;;;;;;;;;
911;0,368075242;0,117851878;-0,263849516;1;0,262393638;0,04697759;-0,125354542;1;0,487565876;0,077833042;-0,024868249;1;;;;;;;;;;;;;
912;0,412656177;0,115792263;-0,174687646;1;0,467338882;0,046072237;0,557796274;0;0,451537674;0,07741203;-0,096924652;1;;;;;;;;;;;;;
913;0,526907748;0,11993319;0,053815496;1;0,280337396;0,046938768;-0,065542013;1;0,576790103;0,081271985;0,153580205;1;;;;;;;;;;;;;
914;0,430820682;0,127981823;-0,138358635;1;0,254130247;0,049052995;-0,152899176;1;0,446107758;0,0833044;-0,107784483;1;;;;;;;;;;;;;
915;0,404876834;0,118433827;-0,190246332;1;0,325147344;0,046848545;0,083824481;1;0,570154377;0,078653218;0,140308754;1;;;;;;;;;;;;;
916;0,534329894;0,112985862;0,068659787;1;0,345557438;0,046225878;0,151858125;1;0,478269428;0,077654425;-0,043461145;1;;;;;;;;;;;;;
917;0,609963831;0,107547858;0,219927663;1;0,324791888;0,045013352;0,082639625;1;0,460683452;0,076179017;-0,078633097;1;;;;;;;;;;;;;
918;0,61328302;0,108373851;0,22656604;1;0,407529514;0,044913828;0,358431713;0;0,416907779;0,074638353;-0,166184441;1;;;;;;;;;;;;;
919;0,567763479;0,113738918;0,135526958;1;0,270220345;0,04663968;-0,099265518;1;0,434742755;0,079494322;-0,130514491;1;;;;;;;;;;;;;
920;0,484705408;0,123374437;-0,030589183;1;0,247468267;0,047564572;-0,175105778;1;0,451860869;0,08108467;-0,096278261;1;;;;;;;;;;;;;
921;0,660972127;0,097422471;0,321944255;1;0,324258228;0,044043983;0,080860759;1;0,520292404;0,072622772;0,040584808;1;;;;;;;;;;;;;
922;0,62608487;0,11093839;0,252169739;1;0,345644931;0,045351744;0,152149771;1;0,476140071;0,076708856;-0,047719857;1;;;;;;;;;;;;;
923;0,275834693;0,134193426;-0,448330614;1;0,277341701;0,04902396;-0,075527664;1;0,664185497;0,08415665;0,328370994;1;;;;;;;;;;;;;
924;0,491922514;0,115086519;-0,016154972;1;0,319944567;0,046525061;0,066481891;1;0,515387737;0,079635393;0,030775474;1;;;;;;;;;;;;;
925;0,55988555;0,110771893;0,119771101;1;0,328140534;0,045801925;0,093801779;1;0,461103956;0,077354528;-0,077792087;1;;;;;;;;;;;;;
926;0,650986062;0,104315748;0,301972123;1;0,310285882;0,044991808;0,034286274;1;0,517979872;0,074737271;0,035959744;1;;;;;;;;;;;;;
927;0,487516517;0,10620623;-0,024966966;1;0,345375543;0,045184289;0,151251809;1;0,459595184;0,075529068;-0,080809632;1;;;;;;;;;;;;;
928;0,47528712;0,120847738;-0,049425759;1;0,356812696;0,047550495;0,189375654;1;0,489052103;0,080321467;-0,021895795;1;;;;;;;;;;;;;
929;0,407123349;0,117348667;-0,185753302;1;0,352051268;0,047048446;0,173504228;1;0,609398881;0,077800476;0,218797762;1;;;;;;;;;;;;;
930;0,537880246;0,110260858;0,075760491;1;0,221712315;0,046090386;-0,26095895;1;0,554146931;0,077708894;0,108293863;1;;;;;;;;;;;;;
931;0,479769203;0,116128765;-0,040461595;1;0,284811758;0,046966966;-0,050627472;1;0,58978058;0,079168497;0,17956116;1;;;;;;;;;;;;;
932;0,55734196;0,108362595;0,114683919;1;0,296625261;0,045327104;-0,011249129;1;0,445414115;0,076348596;-0,10917177;1;;;;;;;;;;;;;
933;0,545307026;0,110385959;0,090614051;1;0,337462246;0,045718645;0,124874155;1;0,551041114;0,076270286;0,102082227;1;;;;;;;;;;;;;
934;0,468184825;0,113598469;-0,06363035;1;0,36238618;0,045983875;0,207953933;1;0,516997397;0,077498988;0,033994794;1;;;;;;;;;;;;;
935;0,405830471;0,121946012;-0,188339058;1;0,27823152;0,047501247;-0,072561599;1;0,564167891;0,080950233;0,128335782;1;;;;;;;;;;;;;
936;0,491436408;0,116182226;-0,017127183;1;0,308898864;0,046377491;0,029662882;1;0,496905627;0,077624091;-0,006188746;1;;;;;;;;;;;;;
937;0,324455068;0,129848546;-0,351089864;1;0,308036857;0,047900725;0,026789522;1;0,511326385;0,08074869;0,02265277;1;;;;;;;;;;;;;
938;0,441806787;0,110554076;-0,116386426;1;0,357038383;0,045923364;0,190127944;1;0,568354962;0,076856532;0,136709924;1;;;;;;;;;;;;;
939;0,248204399;0,126416537;-0,503591201;0;0,287456977;0,047349407;-0,041810076;1;0,612652925;0,080096784;0,22530585;1;;;;;;;;;;;;;
940;0,522051127;0,114308994;0,044102253;1;0,347916263;0,04586178;0,159720875;1;0,510732771;0,076954465;0,021465541;1;;;;;;;;;;;;;
941;0,427679076;0,116608551;-0,144641848;1;0,201108316;0,047363015;-0,329638947;0;0,515510841;0,07838189;0,031021682;1;;;;;;;;;;;;;
942;0,541297455;0,108250279;0,082594911;1;0,274372203;0,046098831;-0,085425989;1;0,531009199;0,077344625;0,062018397;1;;;;;;;;;;;;;
943;0,419670949;0,12004651;-0,160658102;1;0,257134022;0,046850141;-0,142886594;1;0,39770298;0,077877256;-0,204594039;1;;;;;;;;;;;;;
944;0,544471119;0,121915567;0,088942238;1;0,192409168;0,048198791;-0,358636106;0;0,48703753;0,081508666;-0,02592494;1;;;;;;;;;;;;;
945;0,576928806;0,11664999;0,153857611;1;0,226123049;0,046665106;-0,246256502;1;0,45554085;0,08024448;-0,088918299;1;;;;;;;;;;;;;
946;0,501004007;0,112719128;0,002008014;1;0,327552391;0,045227071;0,091841303;1;0,526564427;0,07652188;0,053128855;1;;;;;;;;;;;;;
947;0,619600742;0,105122572;0,239201484;1;0,305564009;0,044431389;0,018546697;1;0,539140921;0,075210175;0,078281842;1;;;;;;;;;;;;;
948;0,621184947;0,109638365;0,242369893;1;0,353869228;0,045617778;0,179564092;1;0,381088094;0,076076173;-0,237823812;1;;;;;;;;;;;;;
949;0,346086873;0,118704539;-0,307826255;1;0,344412157;0,046860924;0,148040523;1;0,499609528;0,079950654;-0,000780944;1;;;;;;;;;;;;;
950;0,222131983;0,138109248;-0,555736033;0;0,285947599;0,049541216;-0,046841335;1;0,656313971;0,083912788;0,312627942;1;;;;;;;;;;;;;
951;0,469880802;0,11973061;-0,060238397;1;0,359783911;0,047413772;0,199279704;1;0,433363038;0,079640237;-0,133273923;1;;;;;;;;;;;;;
952;0,369731577;0,119124186;-0,260536847;1;0,353288768;0,046693687;0,177629227;1;0,466773941;0,078537352;-0,066452119;1;;;;;;;;;;;;;
953;0,616651015;0,10523021;0,233302029;1;0,310306827;0,045502834;0,03435609;1;0,330592784;0,075735523;-0,338814432;0;;;;;;;;;;;;;
954;0,493203629;0,116588623;-0,013592741;1;0,280183139;0,046032333;-0,066056204;1;0,548203625;0,079532501;0,096407251;1;;;;;;;;;;;;;
955;0,38633816;0,122218642;-0,22732368;1;0,381468284;0,047972899;0,271560947;1;0,426730018;0,080048096;-0,146539965;1;;;;;;;;;;;;;
956;0,414857498;0,130777521;-0,170285004;1;0,356356929;0,048253863;0,187856432;1;0,505786894;0,08260422;0,011573789;1;;;;;;;;;;;;;
957;0,441876742;0,124350595;-0,116246516;1;0,299951597;0,047838293;-0,000161343;1;0,512494933;0,081070887;0,024989866;1;;;;;;;;;;;;;
958;0,630508924;0,10920677;0,261017849;1;0,298465043;0,045777976;-0,005116523;1;0,410901015;0,078553735;-0,178197971;1;;;;;;;;;;;;;
959;0,270288259;0,128481799;-0,459423481;1;0,298329223;0,048051272;-0,005569258;1;0,459158775;0,080423069;-0,08168245;1;;;;;;;;;;;;;
960;0,529796864;0,108782061;0,059593728;1;0,310697156;0,045452147;0,035657188;1;0,547460289;0,076708532;0,094920578;1;;;;;;;;;;;;;
961;0,303664972;0,130553434;-0,392670057;1;0,301836027;0,048610395;0,00612009;1;0,469369454;0,083150806;-0,061261092;1;;;;;;;;;;;;;
962;0,634733534;0,106793939;0,269467068;1;0,298186051;0,045703851;-0,006046496;1;0,388441007;0,0756963;-0,223117986;1;;;;;;;;;;;;;
963;0,438864769;0,115928683;-0,122270463;1;0,226526011;0,046185993;-0,244913295;1;0,591828437;0,077754722;0,183656874;1;;;;;;;;;;;;;
964;0,518644431;0,119906086;0,037288861;1;0,258948631;0,047545925;-0,136837897;1;0,384650425;0,079747248;-0,230699149;1;;;;;;;;;;;;;
965;0,407431519;0,116692253;-0,185136962;1;0,307635873;0,046808934;0,025452909;1;0,633285198;0,079083126;0,266570396;1;;;;;;;;;;;;;
966;0,562832806;0,105282334;0,125665612;1;0,359105938;0,04489192;0,197019795;1;0,572179216;0,07498748;0,144358431;1;;;;;;;;;;;;;
967;0,68074276;0,105947859;0,361485521;1;0,287306269;0,045637288;-0,042312436;1;0,435704972;0,076654573;-0,128590056;1;;;;;;;;;;;;;
968;0,326329197;0,132906404;-0,347341606;1;0,25421646;0,04926689;-0,152611799;1;0,460946982;0,084255032;-0,078106037;1;;;;;;;;;;;;;
969;0,559066744;0,114218368;0,118133489;1;0,243709267;0,046792448;-0,187635776;1;0,477147921;0,080322899;-0,045704158;1;;;;;;;;;;;;;
970;0,639973583;0,104182938;0,279947166;1;0,291714577;0,044408868;-0,027618077;1;0,55494667;0,075573538;0,109893339;1;;;;;;;;;;;;;
971;0,478644886;0,117831573;-0,042710227;1;0,282400042;0,047014882;-0,058666526;1;0,555299833;0,079642468;0,110599666;1;;;;;;;;;;;;;
972;0,417192337;0,117181648;-0,165615327;1;0,28963301;0,046587158;-0,034556633;1;0,664587394;0,080444068;0,329174788;0;;;;;;;;;;;;;
973;0,498230485;0,118637164;-0,00353903;1;0,332945721;0,046468161;0,10981907;1;0,487286646;0,080374638;-0,025426707;1;;;;;;;;;;;;;
974;0,514076403;0,112198711;0,028152805;1;0,243763765;0,045583011;-0,187454115;1;0,559801822;0,077684965;0,119603644;1;;;;;;;;;;;;;
975;0,595654934;0,104998245;0,191309867;1;0,331769953;0,044285056;0,105899844;1;0,5918377;0,075075591;0,1836754;1;;;;;;;;;;;;;
976;0,546110888;0,11240826;0,092221777;1;0,283906058;0,046727039;-0,053646474;1;0,38065942;0,076854037;-0,23868116;1;;;;;;;;;;;;;
977;0,649824215;0,10877357;0,299648431;1;0,250068121;0,046289529;-0,166439598;1;0,51634915;0,077000863;0,0326983;1;;;;;;;;;;;;;
978;0,436537797;0,111247365;-0,126924406;1;0,361697608;0,045758386;0,205658695;1;0,53176617;0,077475455;0,063532341;1;;;;;;;;;;;;;
979;0,60508266;0,108232653;0,21016532;1;0,253577239;0,045644335;-0,154742536;1;0,416959633;0,077672651;-0,166080733;1;;;;;;;;;;;;;
980;0,483080457;0,114255316;-0,033839087;1;0,324907056;0,046381913;0,08302352;1;0,495858096;0,078042076;-0,008283808;1;;;;;;;;;;;;;
981;0,363931776;0,120325705;-0,272136447;1;0,304610107;0,047226104;0,015367023;1;0,458757985;0,078715634;-0,082484029;1;;;;;;;;;;;;;
982;0,669875509;0,101203453;0,339751017;1;0,288759081;0,044158039;-0,03746973;1;0,560098832;0,073978176;0,120197664;1;;;;;;;;;;;;;
983;0,654938428;0,104847703;0,309876857;1;0,322756362;0,045313741;0,07585454;1;0,5270717;0,075690719;0,054143401;1;;;;;;;;;;;;;
984;0,319997655;0,132245072;-0,360004689;1;0,319939675;0,048745519;0,066465583;1;0,605895818;0,083390082;0,211791637;1;;;;;;;;;;;;;
985;0,439668512;0,12541238;-0,120662976;1;0,308752085;0,047828568;0,029173616;1;0,289422405;0,080900427;-0,421155191;0;;;;;;;;;;;;;
986;0,486476126;0,114452973;-0,027047747;1;0,22764297;0,046553101;-0,2411901;1;0,54296813;0,078449318;0,085936259;1;;;;;;;;;;;;;
987;0,461612499;0,113784739;-0,076775002;1;0,22132073;0,046311146;-0,262264234;1;0,639136924;0,079973722;0,278273848;1;;;;;;;;;;;;;
988;0,459737969;0,116868821;-0,080524063;1;0,280539785;0,046167278;-0,064867384;1;0,592857402;0,077847278;0,185714804;1;;;;;;;;;;;;;
989;0,575207973;0,1056666;0,150415946;1;0,293224178;0,044911561;-0,022586075;1;0,407661989;0,074302863;-0,184676023;1;;;;;;;;;;;;;
990;0,301402209;0,134620047;-0,397195582;1;0,292066502;0,048586884;-0,026444993;1;0,5473648;0,083097509;0,094729599;1;;;;;;;;;;;;;
991;0,400944001;0,122639384;-0,198111997;1;0,233199859;0,04803366;-0,222667137;1;0,520673033;0,080745674;0,041346065;1;;;;;;;;;;;;;
992;0,519469118;0,113519003;0,038938235;1;0,356388247;0,045867838;0,187960823;1;0,514363028;0,077046185;0,028726055;1;;;;;;;;;;;;;
993;0,364300249;0,117588555;-0,271399503;1;0,322268443;0,046752542;0,074228145;1;0,504060376;0,079261012;0,008120752;1;;;;;;;;;;;;;
994;0,666074526;0,101798661;0,332149052;1;0,309403199;0,044804943;0,031343998;1;0,377844404;0,073452098;-0,244311193;1;;;;;;;;;;;;;
995;0,659070117;0,110948566;0,318140234;1;0,267196115;0,046286466;-0,109346284;1;0,441900503;0,07767522;-0,116198993;1;;;;;;;;;;;;;
996;0,454001057;0,120545603;-0,091997886;1;0,292997399;0,04739836;-0,023342004;1;0,574750312;0,080889537;0,149500624;1;;;;;;;;;;;;;
997;0,662640494;0,100289988;0,325280988;1;0,356239064;0,044384274;0,187463546;1;0,405437308;0,073741892;-0,189125384;1;;;;;;;;;;;;;
998;0,402571319;0,114114942;-0,194857362;1;0,293657814;0,046260932;-0,021140621;1;0,566466852;0,076134594;0,132933704;1;;;;;;;;;;;;;
999;0,479831734;0,110833253;-0,040336532;1;0,334007191;0,045517628;0,113357303;1;0,46562867;0,077031147;-0,06874266;1;;;;;;;;;;;;;
1000;0,506764026;0,108910363;0,013528052;1;0,331437068;0,045604723;0,104790226;1;0,50511432;0,076706436;0,01022864;1;;;;;;;;;;;;;
