;mean;se;bias;cp;mean;se;bias;cp;mean;se;bias;cp;;mean;sd;bias;cp;mean;sd;bias;cp;mean;sd;bias;cp
1;-0,387726184;1,412961216;-0,612273816;1;-1,514340081;0,995565008;0,68260009;1;0,01737768;1,730089223;-1,0868884;1;;-1,480634067;1,666026804;0,480634067;0,952905812;-1,235616111;1,620767995;0,37290679;0,954954955;-0,082614588;2,506468882;-0,586927062;0,921921922
2;-2,02211131;1,648099224;1,02211131;1;-1,276354178;1,713995962;0,418171309;1;3,628595804;2,895345802;-19,14297902;1;;;;;;;;;;;;;
3;-5,303215946;2,76581035;4,303215946;1;0,828832536;2,208391702;-1,92092504;1;3,632876621;3,453800195;-19,16438311;1;;;;;;;;;;;;;
4;-1,321106714;0,966022736;0,321106714;1;-2,154241172;1,022769598;1,393601302;1;-0,016288581;1,692880915;-0,918557095;1;;;;;;;;;;;;;
5;-3,095685202;1,282690695;2,095685202;1;-1,472985744;0,880889658;0,636650827;1;4,196472753;1,823873601;-21,98236377;0;;;;;;;;;;;;;
6;-1,363959056;0,834498052;0,363959056;1;0,202455292;0,814741331;-1,224950324;1;-0,781769921;1,402593574;2,908849607;1;;;;;;;;;;;;;
7;-3,412990161;1,737651744;2,412990161;1;2,824190394;1,47182645;-4,137989326;0;-0,997153894;1,721493046;3,985769472;1;;;;;;;;;;;;;
8;0,457240261;1,0523046;-1,457240261;1;-0,994273404;0,889044847;0,104748227;1;-1,238343594;1,317926267;5,191717969;1;;;;;;;;;;;;;
9;0,709637331;1,760081964;-1,709637331;1;-0,85272013;0,879372691;-0,052533189;1;-2,14659793;2,21225872;9,732989649;1;;;;;;;;;;;;;
10;0,636249935;1,583511512;-1,636249935;1;-1,281262554;1,222097352;0,42362506;1;-4,140490786;2,394590819;19,70245393;1;;;;;;;;;;;;;
11;-0,759066339;3,555921343;-0,240933661;1;-3,263838085;3,860656478;2,626486761;1;-6,910506526;5,633065389;33,55253263;1;;;;;;;;;;;;;
12;-2,545519632;1,593963137;1,545519632;1;-1,410099413;1,243317056;0,566777126;1;1,371421933;1,88254235;-7,857109667;1;;;;;;;;;;;;;
13;-1,535778307;1,329946031;0,535778307;1;-2,025630037;1,211753516;1,250700041;1;0,728286853;2,398975105;-4,641434263;1;;;;;;;;;;;;;
14;-0,957559336;1,444253041;-0,042440664;1;-1,052120536;1,107368541;0,169022818;1;-0,674225665;2,035657994;2,371128326;1;;;;;;;;;;;;;
15;-0,706713143;1,352154075;-0,293286857;1;-2,209657649;1,420188637;1,455175166;1;-1,473737842;1,865387981;6,368689212;1;;;;;;;;;;;;;
16;-1,700862111;1,298855705;0,700862111;1;-2,578130685;1,937815557;1,86458965;1;-1,344633155;2,459465458;5,723165774;1;;;;;;;;;;;;;
17;-0,174620611;1,086744083;-0,825379389;1;-3,032845105;1,457169202;2,369827894;1;-0,575716668;1,260043643;1,878583338;1;;;;;;;;;;;;;
18;-0,453137137;2,587378964;-0,546862863;1;-2,337657166;1,791414479;1,597396852;1;-2,982604563;3,021887365;13,91302282;1;;;;;;;;;;;;;
19;-1,770355577;2,003994933;0,770355577;1;-1,389581691;2,051543972;0,543979656;1;-2,252011096;3,082122325;10,26005548;1;;;;;;;;;;;;;
20;-2,883881527;1,282634325;1,883881527;1;-0,522671932;1,194620618;-0,419253409;1;-0,283251367;1,933577625;0,416256835;1;;;;;;;;;;;;;
21;-2,547211606;1,044936201;1,547211606;1;-0,439642034;0,798965233;-0,511508851;1;-0,027272992;1,393280983;-0,863635038;1;;;;;;;;;;;;;
22;-1,507223115;1,148071595;0,507223115;1;-0,977802946;0,857082948;0,086447717;1;1,062776146;2,079445361;-6,313880728;1;;;;;;;;;;;;;
23;-1,927931325;2,560930559;0,927931325;1;-0,010589489;1,227969612;-0,988233901;1;1,688230497;2,194341799;-9,441152486;1;;;;;;;;;;;;;
24;-1,867186424;1,365639279;0,867186424;1;-1,462197127;1,095481833;0,624663475;1;0,67339522;1,48957198;-4,3669761;1;;;;;;;;;;;;;
25;0,361714776;0,991057515;-1,361714776;1;-1,03898997;0,786245326;0,1544333;1;-2,83938063;1,425517076;13,19690315;1;;;;;;;;;;;;;
26;-1,516180146;1,426450879;0,516180146;1;-1,999373282;1,461505264;1,221525869;1;-1,823118155;2,365185189;8,115590777;1;;;;;;;;;;;;;
27;-4,283741413;1,217917373;3,283741413;0;0,302069249;0,738166486;-1,335632499;1;2,84650319;1,358507521;-15,23251595;0;;;;;;;;;;;;;
28;-0,491587243;0,52075823;-0,508412757;1;-0,868998319;0,609964872;-0,034446312;1;-1,785165001;1,090745582;7,925825007;1;;;;;;;;;;;;;
29;-1,026997628;0,91041679;0,026997628;1;-1,171654462;0,820708266;0,301838292;1;1,211500356;1,263059628;-7,057501782;1;;;;;;;;;;;;;
30;2,781648018;1,079022383;-3,781648018;0;-2,832827019;1,012051252;2,147585577;1;-3,318434699;1,924099661;15,59217349;1;;;;;;;;;;;;;
31;-2,470478245;1,410425246;1,470478245;1;-1,18220364;1,073987286;0,3135596;1;2,085016987;2,03811461;-11,42508494;1;;;;;;;;;;;;;
32;0,695116464;0,898546584;-1,695116464;1;-0,628700731;0,700571352;-0,301443632;1;-5,791863453;1,530975429;27,95931726;0;;;;;;;;;;;;;
33;-0,164779383;1,284977887;-0,835220617;1;-0,297718204;0,934178388;-0,669201996;1;-0,802584791;1,286396979;3,012923955;1;;;;;;;;;;;;;
34;-3,708142238;1,926479062;2,708142238;1;-0,653798521;1,439048607;-0,273557199;1;1,982087199;2,920960695;-10,910436;1;;;;;;;;;;;;;
35;1,116447083;1,688257557;-2,116447083;1;-1,22545844;1,860284934;0,361620488;1;-5,29848353;3,937782884;25,49241765;1;;;;;;;;;;;;;
36;0,276698431;1,343124336;-1,276698431;1;-0,804761855;1,063354914;-0,105820162;1;-0,450342974;1,597968353;1,251714872;1;;;;;;;;;;;;;
37;0,84451325;0,781866165;-1,84451325;0;-1,053590232;0,79160235;0,170655813;1;-1,451034317;1,894596612;6,255171583;1;;;;;;;;;;;;;
38;-3,201683045;1,322292005;2,201683045;1;0,14999639;1,035039034;-1,166662656;1;1,592452305;1,646351456;-8,962261524;1;;;;;;;;;;;;;
39;-2,275470404;1,25297099;1,275470404;1;-0,730183353;1,079521256;-0,188685163;1;0,041106517;1,844829466;-1,205532583;1;;;;;;;;;;;;;
40;-5,145861917;1,41628271;4,145861917;0;-1,609627757;1,103692642;0,788475286;1;6,567256163;2,650896104;-33,83628082;0;;;;;;;;;;;;;
41;-1,376595903;1,72418592;0,376595903;1;-0,800853199;1,297812537;-0,110163112;1;-0,165115196;2,284383727;-0,174424019;1;;;;;;;;;;;;;
42;-1,158410457;0,796838557;0,158410457;1;-0,981198729;0,857047142;0,09022081;1;-1,919727412;1,532953795;8,59863706;1;;;;;;;;;;;;;
43;0,591301383;1,26318394;-1,591301383;1;-2,684395679;1,362882397;1,982661865;1;1,082477986;2,69100067;-6,412389928;1;;;;;;;;;;;;;
44;-0,510401482;1,036318949;-0,489598518;1;-0,544297271;1,317018771;-0,395225255;1;0,599701189;2,113513092;-3,998505943;1;;;;;;;;;;;;;
45;-2,887089767;2,66020472;1,887089767;1;-2,987523542;2,458895984;2,319470603;1;1,98067802;3,484771737;-10,9033901;1;;;;;;;;;;;;;
46;-1,009027977;1,352116175;0,009027977;1;-1,842735738;1,252582892;1,047484154;1;0,326039186;1,953462936;-2,630195931;1;;;;;;;;;;;;;
47;-0,554339705;0,841466974;-0,445660295;1;-1,863612927;0,979665649;1,07068103;1;0,032630305;1,35501286;-1,163151525;1;;;;;;;;;;;;;
48;1,17002047;2,541651396;-2,17002047;1;-3,139222349;2,035867101;2,488024832;1;-0,355123629;3,209500783;0,775618144;1;;;;;;;;;;;;;
49;-0,152130889;0,6729058;-0,847869111;1;-1,514165416;0,995204631;0,682406017;1;-2,912712391;1,227553752;13,56356195;0;;;;;;;;;;;;;
50;0,712011752;1,888964665;-1,712011752;1;-3,171383517;1,502505361;2,523759463;1;1,689066409;2,261538937;-9,445332046;1;;;;;;;;;;;;;
51;-2,185898821;1,730652824;1,185898821;1;-0,860434489;1,348816511;-0,043961679;1;0,45642199;2,197053199;-3,282109951;1;;;;;;;;;;;;;
52;0,402403057;1,571838693;-1,402403057;1;0,406000253;1,536559668;-1,451111392;1;-2,934657987;2,701880152;13,67328993;1;;;;;;;;;;;;;
53;0,661846824;2,83518418;-1,661846824;1;-1,451578796;1,704848197;0,612865328;1;-4,021308733;3,924577175;19,10654366;1;;;;;;;;;;;;;
54;-0,995730423;1,293341662;-0,004269577;1;-1,317975416;1,053471324;0,464417128;1;0,380052479;1,876046088;-2,900262395;1;;;;;;;;;;;;;
55;-1,764604704;1,381438251;0,764604704;1;-1,143808045;1,070563211;0,270897827;1;1,146343472;1,789373366;-6,731717362;1;;;;;;;;;;;;;
56;-0,466105903;1,420937299;-0,533894097;1;-0,705882718;1,389343841;-0,215685869;1;-1,354753679;2,426720116;5,773768393;1;;;;;;;;;;;;;
57;-3,442865677;1,588307948;2,442865677;1;-2,645465204;1,253076155;1,939405782;1;3,273424343;2,255604854;-17,36712172;1;;;;;;;;;;;;;
58;-0,152528512;0,884705135;-0,847471488;1;-0,397145166;0,711816164;-0,558727594;1;-3,389827861;1,698767735;15,94913931;1;;;;;;;;;;;;;
59;-2,921154035;1,622666513;1,921154035;1;-0,981323639;1,065171128;0,090359599;1;2,19998116;1,708283675;-11,9999058;1;;;;;;;;;;;;;
60;-2,203922596;0,93735412;1,203922596;1;-2,752773431;1,352294098;2,058637145;1;1,940598991;1,137540338;-10,70299496;1;;;;;;;;;;;;;
61;-1,887028152;0,976740757;0,887028152;1;-2,165824937;1,366841083;1,406472152;1;-0,92800505;1,928081242;3,640025251;1;;;;;;;;;;;;;
62;-1,317357912;1,130658735;0,317357912;1;-1,734450549;1,305057434;0,927167277;1;-0,422271137;2,254527911;1,111355683;1;;;;;;;;;;;;;
63;-2,050829718;1,440229896;1,050829718;1;-2,173677341;1,661205401;1,415197045;1;0,81993755;2,547500629;-5,099687752;1;;;;;;;;;;;;;
64;-2,274460632;1,673622454;1,274460632;1;0,100792321;1,358283857;-1,111991468;1;0,570408647;2,169748526;-3,852043233;1;;;;;;;;;;;;;
65;-0,181475761;1,132720517;-0,818524239;1;0,640453533;0,897578892;-1,711615037;1;-3,052962663;1,401603857;14,26481332;0;;;;;;;;;;;;;
66;-5,394901418;2,818787175;4,394901418;1;-3,271273068;1,56735303;2,634747854;1;9,962863538;4,082345769;-50,81431769;0;;;;;;;;;;;;;
67;-2,528767256;1,328721527;1,528767256;1;-1,137296677;1,370941287;0,263662975;1;0,632493046;1,704501163;-4,162465229;1;;;;;;;;;;;;;
68;-1,576325522;1,284325117;0,576325522;1;-1,103276077;1,087959637;0,225862307;1;0,844350371;1,833198996;-5,221751853;1;;;;;;;;;;;;;
69;-2,045045333;1,149478691;1,045045333;1;-0,139177363;0,986571401;-0,845358485;1;-0,36744904;1,478920414;0,8372452;1;;;;;;;;;;;;;
70;-0,298937221;1,052153202;-0,701062779;1;-0,207291175;1,014262788;-0,769676472;1;-3,69749844;2,062243045;17,4874922;1;;;;;;;;;;;;;
71;-1,075209997;1,068928357;0,075209997;1;-1,183121091;1,041673514;0,31457899;1;0,224430677;1,472192472;-2,122153384;1;;;;;;;;;;;;;
72;-1,204332327;0,939431312;0,204332327;1;-0,540715979;0,816471496;-0,399204468;1;-0,43266818;1,421315458;1,163340902;1;;;;;;;;;;;;;
73;-2,958106315;1,933032861;1,958106315;1;-3,337962651;1,823406084;2,70884739;1;3,069108578;2,711584012;-16,34554289;1;;;;;;;;;;;;;
74;-3,193660282;2,560453884;2,193660282;1;1,565533955;1,59262158;-2,739482173;1;1,31448763;2,863920406;-7,57243815;1;;;;;;;;;;;;;
75;-5,116624568;2,005894287;4,116624568;0;-2,203971712;1,330615229;1,448857458;1;8,05082265;3,354796023;-41,25411325;0;;;;;;;;;;;;;
76;-1,658184936;1,235156157;0,658184936;1;-0,931090568;0,862996129;0,034545075;1;1,322723283;1,475747947;-7,613616414;1;;;;;;;;;;;;;
77;-3,012465566;1,989011796;2,012465566;1;1,111795302;1,59166463;-2,235328114;1;-3,057124875;2,833285355;14,28562437;1;;;;;;;;;;;;;
78;-0,733532541;0,640124177;-0,266467459;1;-1,30735916;0,915402129;0,452621289;1;-2,776547559;1,818833888;12,88273779;1;;;;;;;;;;;;;
79;-1,540729708;1,017803575;0,540729708;1;-1,043851201;0,908249981;0,159834668;1;0,088188757;1,828733315;-1,440943784;1;;;;;;;;;;;;;
80;-0,552517747;2,332948361;-0,447482253;1;2,077212346;1,830037034;-3,308013718;1;-1,799918618;3,348081127;7,99959309;1;;;;;;;;;;;;;
81;-2,289177779;2,399763427;1,289177779;1;1,349641693;2,061316299;-2,499601882;1;0,62405063;3,333719732;-4,12025315;1;;;;;;;;;;;;;
82;-2,025003351;1,286140018;1,025003351;1;-0,302083279;0,942097877;-0,664351912;1;-0,575744326;1,806144816;1,878721629;1;;;;;;;;;;;;;
83;-0,88643611;0,977817922;-0,11356389;1;-2,454516366;1,285252022;1,727240407;1;0,273739506;1,210230998;-2,368697531;1;;;;;;;;;;;;;
84;-1,103870434;0,651329143;0,103870434;1;-2,490580168;1,358416156;1,767311298;1;-0,537928269;0,917705348;1,689641347;1;;;;;;;;;;;;;
85;0,477416139;1,860459855;-1,477416139;1;-1,387015011;1,636719913;0,54112779;1;-1,786324469;2,72240152;7,931622346;1;;;;;;;;;;;;;
86;-2,370618681;1,5325743;1,370618681;1;-6,55038217;2,826733121;6,278202411;0;5,646623783;4,764193996;-29,23311892;1;;;;;;;;;;;;;
87;-2,0923907;1,242079138;1,0923907;1;-0,19288748;0,878659208;-0,785680577;1;0,264024558;1,527622669;-2,320122791;1;;;;;;;;;;;;;
88;0,020967642;0,738243162;-1,020967642;1;-1,002412292;0,826090108;0,113791436;1;-3,135002057;1,447467178;14,67501028;0;;;;;;;;;;;;;
89;-1,957661753;1,024074356;0,957661753;1;-0,973267835;1,389499322;0,081408706;1;-1,398916371;1,873228596;5,994581854;1;;;;;;;;;;;;;
90;-3,012319303;2,23240607;2,012319303;1;-0,316893312;1,451910583;-0,64789632;1;1,281782347;2,565683241;-7,408911736;1;;;;;;;;;;;;;
91;0,672217974;2,266698389;-1,672217974;1;-1,823519032;1,60382685;1,026132258;1;-1,550715064;2,43006681;6,75357532;1;;;;;;;;;;;;;
92;-0,589522448;1,807659827;-0,410477552;1;-1,241379272;1,550606284;0,379310302;1;2,774879561;2,37170809;-14,8743978;1;;;;;;;;;;;;;
93;-1,326197229;2,629374289;0,326197229;1;-2,426649796;1,764563857;1,696277552;1;-1,080242511;3,19271429;4,401212556;1;;;;;;;;;;;;;
94;-1,172224013;0,996863902;0,172224013;1;-0,737449833;0,829689654;-0,180611296;1;-0,040590469;1,335093693;-0,797047655;1;;;;;;;;;;;;;
95;-2,840796951;1,984385;1,840796951;1;0,64979261;1,915772563;-1,721991789;1;2,90519999;3,216991343;-15,52599995;1;;;;;;;;;;;;;
96;-2,686621172;1,549862361;1,686621172;1;0,276374757;1,039272934;-1,307083063;1;0,936199359;1,663106547;-5,680996796;1;;;;;;;;;;;;;
97;-3,256680174;2,14644794;2,256680174;1;1,058178001;1,838283118;-2,175753334;1;-2,032338388;3,845922084;9,161691941;1;;;;;;;;;;;;;
98;0,905568328;1,264913936;-1,905568328;1;-2,741621739;2,022380249;2,046246376;1;-0,586189265;2,788483764;1,930946325;1;;;;;;;;;;;;;
99;0,40633545;0,731349155;-1,40633545;1;-1,584850324;0,704628399;0,760944804;1;-2,965512523;1,474077858;13,82756262;1;;;;;;;;;;;;;
100;-1,526131183;1,829385023;0,526131183;1;-0,536259166;1,67199006;-0,404156482;1;-0,982497457;2,787869638;3,912487285;1;;;;;;;;;;;;;
101;-0,669889406;1,561030665;-0,330110594;1;-0,874701826;1,396088048;-0,028109082;1;-0,136221032;2,176350611;-0,318894838;1;;;;;;;;;;;;;
102;-0,88653663;1,299700455;-0,11346337;1;1,08850421;0,924106359;-2,209449122;0;-1,972473206;1,65037864;8,862366032;1;;;;;;;;;;;;;
103;1,19182253;1,836417785;-2,19182253;1;-2,105730484;1,396750099;1,339700538;1;-1,575018727;2,469060821;6,875093633;1;;;;;;;;;;;;;
104;0,233544135;1,15690245;-1,233544135;1;-1,881448104;1,151041848;1,090497893;1;-4,487634726;2,434822669;21,43817363;1;;;;;;;;;;;;;
105;-1,28759773;1,545091284;0,28759773;1;-1,794440561;1,547749477;0,993822845;1;-0,112445041;1,752138246;-0,437774795;1;;;;;;;;;;;;;
106;-0,117469162;1,077249829;-0,882530838;1;-1,452268446;0,938594587;0,613631606;1;-0,526637113;1,797342236;1,633185567;1;;;;;;;;;;;;;
107;-0,270834138;0,753909493;-0,729165862;1;-1,830283649;0,89898658;1,033648499;1;1,997696214;1,444433803;-10,98848107;1;;;;;;;;;;;;;
108;-0,089022453;0,605668643;-0,910977547;1;-0,830943987;0,674364866;-0,076728903;1;-1,135238326;1,268755013;4,67619163;1;;;;;;;;;;;;;
109;-2,071058368;1,048265927;1,071058368;1;-2,277673535;1,070808127;1,530748372;1;3,346160812;1,61949229;-17,73080406;0;;;;;;;;;;;;;
110;-0,16961852;1,223851346;-0,83038148;1;-3,163975602;1,213120991;2,515528447;1;-1,687916283;1,569216974;7,439581415;1;;;;;;;;;;;;;
111;-1,318855129;1,317511498;0,318855129;1;-4,180268081;2,142536381;3,644742313;1;1,65901672;1,475130406;-9,2950836;1;;;;;;;;;;;;;
112;-1,19591803;0,844111827;0,19591803;1;-0,097835149;0,636640852;-0,891294278;1;-0,59997185;1,249513375;1,999859251;1;;;;;;;;;;;;;
113;1,284097635;2,08252603;-2,284097635;1;-3,948304056;1,904223845;3,387004507;1;-0,544559193;2,831185372;1,722795963;1;;;;;;;;;;;;;
114;-2,679724785;1,881005903;1,679724785;1;-1,903495439;1,27984142;1,114994933;1;1,279436714;2,618771052;-7,39718357;1;;;;;;;;;;;;;
115;-5,572579442;2,571939141;4,572579442;1;0,352536905;1,241964582;-1,391707672;1;3,554434841;2,439387323;-18,7721742;1;;;;;;;;;;;;;
116;-0,653264016;0,592847085;-0,346735984;1;-1,302500418;0,892364783;0,447222687;1;0,257739767;1,753874886;-2,288698836;1;;;;;;;;;;;;;
117;-0,692435447;2,179781781;-0,307564553;1;-1,111648657;1,794900683;0,235165174;1;-1,191110693;2,696998696;4,955553464;1;;;;;;;;;;;;;
118;-1,482319407;2,322643487;0,482319407;1;-1,460513104;1,413192478;0,622792338;1;1,131969349;2,301414055;-6,659846745;1;;;;;;;;;;;;;
119;2,522048556;2,517076532;-3,522048556;1;-2,272448439;1,693889979;1,52494271;1;-5,573218994;3,253699517;26,86609497;1;;;;;;;;;;;;;
120;-1,097838295;1,029327634;0,097838295;1;-2,291744406;1,206141903;1,546382673;1;-1,889143567;1,770447223;8,445717833;1;;;;;;;;;;;;;
121;0,231017572;1,959662387;-1,231017572;1;0,221933708;0,979694298;-1,246593009;1;-2,071471843;2,024002874;9,357359216;1;;;;;;;;;;;;;
122;-0,153332074;0,927456039;-0,846667926;1;-0,706516077;0,722692469;-0,214982137;1;-1,271699107;1,232337902;5,358495536;1;;;;;;;;;;;;;
123;-1,284412672;0,663490728;0,284412672;1;-3,77496087;1,872740989;3,194400967;1;-0,005015023;0,905971017;-0,974924884;1;;;;;;;;;;;;;
124;-0,748531329;2,006510357;-0,251468671;1;-1,556646167;1,216854926;0,729606852;1;-0,401253895;2,171711294;1,006269476;1;;;;;;;;;;;;;
125;1,636209307;1,978805177;-2,636209307;1;-0,973705959;1,381384671;0,08189551;1;-4,068141074;2,610409358;19,34070537;1;;;;;;;;;;;;;
126;-1,368601069;1,31005746;0,368601069;1;-1,83148115;1,319193748;1,034979056;1;-0,465603592;1,755648683;1,328017959;1;;;;;;;;;;;;;
127;-0,538366193;0,852291146;-0,461633807;1;-1,960418365;1,255799362;1,178242628;1;-0,423335271;1,643942677;1,116676357;1;;;;;;;;;;;;;
128;-0,575630591;0,717152158;-0,424369409;1;-0,895035241;1,029469357;-0,005516398;1;-0,341219158;1,665266514;0,706095788;1;;;;;;;;;;;;;
129;0,289668729;0,90676813;-1,289668729;1;-2,34682289;1,006415348;1,607580989;1;-1,018005575;0,932198653;4,090027874;1;;;;;;;;;;;;;
130;-1,775904401;0,766452406;0,775904401;1;-2,746884979;1,091509331;2,052094421;1;1,267641851;1,192852349;-7,338209254;1;;;;;;;;;;;;;
131;-0,775497049;1,024419494;-0,224502951;1;-1,387731937;1,030221996;0,541924375;1;0,908024002;1,569910388;-5,540120008;1;;;;;;;;;;;;;
132;-3,125816996;1,033153383;2,125816996;0;-0,938282062;0,852069189;0,042535624;1;2,292196274;1,400450785;-12,46098137;1;;;;;;;;;;;;;
133;2,603468816;2,078626113;-3,603468816;1;-2,871105126;1,787094101;2,190116806;1;-2,128977008;2,793532022;9,644885039;1;;;;;;;;;;;;;
134;-1,336140655;0,95220846;0,336140655;1;-0,132590542;1,127920386;-0,852677176;1;-1,922896266;1,776127588;8,614481329;1;;;;;;;;;;;;;
135;0,001192169;1,791727569;-1,001192169;1;-0,584242848;1,151645321;-0,350841281;1;-3,5736109;2,288006031;16,8680545;1;;;;;;;;;;;;;
136;-2,415936957;1,981951451;1,415936957;1;-0,653139576;1,240428196;-0,27428936;1;1,707864451;2,593785667;-9,539322255;1;;;;;;;;;;;;;
137;-2,552601463;1,19925064;1,552601463;1;0,094758362;1,044253926;-1,105287069;1;1,028360516;1,623057663;-6,141802581;1;;;;;;;;;;;;;
138;-0,762479479;1,398574244;-0,237520521;1;-3,873576748;2,836898477;3,303974164;1;-2,356830302;3,243000859;10,78415151;1;;;;;;;;;;;;;
139;-0,79666109;0,806357487;-0,20333891;1;-2,1319689;1,232067516;1,368854333;1;1,872765054;1,547071604;-10,36382527;1;;;;;;;;;;;;;
140;-1,254787693;1,000821012;0,254787693;1;-2,69745024;1,383711562;1,997166933;1;0,229538128;1,551286965;-2,147690639;1;;;;;;;;;;;;;
141;-1,167478495;1,274389629;0,167478495;1;0,069690975;1,120944437;-1,077434417;1;-1,842780765;2,182267416;8,213903823;1;;;;;;;;;;;;;
142;-1,700148824;0,841276539;0,700148824;1;0,322124212;0,607498271;-1,357915791;0;0,500160468;0,977234769;-3,500802339;1;;;;;;;;;;;;;
143;-2,663010526;1,193514185;1,663010526;1;-2,142244369;0,963012303;1,380271521;1;3,640061579;1,828134532;-19,2003079;0;;;;;;;;;;;;;
144;-5,529253613;3,644271105;4,529253613;1;0,044538281;2,373409273;-1,049486979;1;3,285324553;4,545733866;-17,42662276;1;;;;;;;;;;;;;
145;-1,064904542;1,141804943;0,064904542;1;-1,946364314;1,41546727;1,162627016;1;-1,522715549;2,091852827;6,613577747;1;;;;;;;;;;;;;
146;-2,988921761;1,784755731;1,988921761;1;0,482321596;1,307753406;-1,535912885;1;1,275494214;2,276079216;-7,377471071;1;;;;;;;;;;;;;
147;-2,816950791;1,1390274;1,816950791;1;-4,027341506;1,590580621;3,474823895;0;1,752406235;1,529770592;-9,762031176;1;;;;;;;;;;;;;
148;-4,152674786;2,383919799;3,152674786;1;-0,112998987;2,131974202;-0,87444557;1;5,083063256;3,452703143;-26,41531628;1;;;;;;;;;;;;;
149;-1,739481304;2,596733219;0,739481304;1;0,426148162;1,92235182;-1,473497958;1;1,370862556;3,274033867;-7,85431278;1;;;;;;;;;;;;;
150;-2,744091046;1,91371034;1,744091046;1;-0,726046432;1,171783083;-0,193281742;1;3,926921779;2,813005001;-20,63460889;1;;;;;;;;;;;;;
151;-0,411713941;0,737386725;-0,588286059;1;-0,465935633;0,845989879;-0,482293741;1;-3,606227192;1,647271466;17,03113596;0;;;;;;;;;;;;;
152;-1,160264303;1,201620813;0,160264303;1;0,449497086;0,893626289;-1,499441207;1;-2,321689418;1,457764475;10,60844709;1;;;;;;;;;;;;;
153;-2,827475684;1,919515669;1,827475684;1;1,799739131;1,620979597;-2,999710145;1;-4,602168951;3,165915861;22,01084476;1;;;;;;;;;;;;;
154;-2,098774704;1,088749238;1,098774704;1;-3,207840399;1,053284365;2,56426711;0;5,181533458;1,968852487;-26,90766729;0;;;;;;;;;;;;;
155;0,058108465;0,594858642;-1,058108465;1;-1,363569892;0,844649337;0,515077658;1;-0,368681703;1,114340778;0,843408515;1;;;;;;;;;;;;;
156;1,142003352;1,164255684;-2,142003352;1;-1,665158641;0,838448814;0,850176268;1;-3,220158529;1,376580577;15,10079264;0;;;;;;;;;;;;;
157;-7,822092845;2,195465663;6,822092845;0;-0,685813123;1,1345744;-0,237985419;1;7,217775371;2,291286121;-37,08887685;0;;;;;;;;;;;;;
158;1,135397065;1,484771092;-2,135397065;1;-2,747514814;1,085519043;2,052794238;1;-0,386856889;1,666451563;0,934284447;1;;;;;;;;;;;;;
159;-0,16773797;0,841234104;-0,83226203;1;-0,966485396;0,942387189;0,073872662;1;-1,747028697;1,491067756;7,735143483;1;;;;;;;;;;;;;
160;-4,915489479;1,802574953;3,915489479;0;-0,057988614;1,13434667;-0,935568207;1;2,690955211;2,370828382;-14,45477606;1;;;;;;;;;;;;;
161;-1,722727906;1,13565087;0,722727906;1;-0,69313705;0,872531377;-0,229847722;1;-0,42917872;1,456308404;1,145893601;1;;;;;;;;;;;;;
162;-0,4933294;0,715537587;-0,5066706;1;-1,534606756;0,831623699;0,705118618;1;-0,2349442;1,006828216;0,174721;1;;;;;;;;;;;;;
163;-1,226046367;1,811046728;0,226046367;1;-1,898819671;1,187721695;1,109799635;1;1,988653882;2,246990716;-10,94326941;1;;;;;;;;;;;;;
164;-1,119717038;0,848885913;0,119717038;1;-0,157061213;0,786027353;-0,825487541;1;-0,074156033;1,238779122;-0,629219833;1;;;;;;;;;;;;;
165;-2,779564999;1,637807839;1,779564999;1;-2,416767272;1,354366024;1,685296969;1;5,362071969;2,499022286;-27,81035984;0;;;;;;;;;;;;;
166;-0,761743211;1,922269879;-0,238256789;1;1,628981356;1,207890837;-2,809979284;0;-3,925977795;1,711900272;18,62988898;0;;;;;;;;;;;;;
167;-1,965853606;1,138912036;0,965853606;1;-1,958617568;1,120560158;1,176241742;1;0,483750393;1,56932577;-3,418751965;1;;;;;;;;;;;;;
168;-4,489306782;2,147967612;3,489306782;1;-0,882132973;1,600425646;-0,019852252;1;3,910632483;2,411351217;-20,55316242;1;;;;;;;;;;;;;
169;0,379212019;1,064422009;-1,379212019;1;-2,298109181;1,031995535;1,553454645;1;0,103812931;1,162284094;-1,519064656;1;;;;;;;;;;;;;
170;-5,2651858;2,642162241;4,2651858;1;0,73044246;2,361109133;-1,811602733;1;5,505833243;4,22678475;-28,52916622;1;;;;;;;;;;;;;
171;-1,078847695;0,785669675;0,078847695;1;-0,467352771;0,683400269;-0,480719144;1;-0,274061045;1,295076171;0,370305225;1;;;;;;;;;;;;;
172;-3,717734301;2,113216952;2,717734301;1;-7,550209002;4,427478314;7,389121114;1;-1,187028969;2,946810614;4,935144843;1;;;;;;;;;;;;;
173;-5,509029787;2,362647356;4,509029787;1;0,440851633;1,735664164;-1,489835148;1;2,456657927;3,469141981;-13,28328964;1;;;;;;;;;;;;;
174;-1,671237775;1,670760193;0,671237775;1;-0,213831018;1,354580468;-0,76240998;1;-0,384157472;2,106680119;0,920787358;1;;;;;;;;;;;;;
175;-1,074744979;0,715960507;0,074744979;1;-1,560655075;0,833469134;0,734061194;1;0,103043409;0,839507905;-1,515217047;1;;;;;;;;;;;;;
176;-1,584298649;1,566369906;0,584298649;1;0,440417893;1,362446286;-1,489353215;1;2,052078879;2,33006836;-11,26039439;1;;;;;;;;;;;;;
177;-2,500899432;1,375664374;1,500899432;1;-1,85470857;1,209891251;1,0607873;1;-0,525327464;1,976508524;1,62663732;1;;;;;;;;;;;;;
178;-1,732860789;1,079297699;0,732860789;1;-1,498375414;1,060938749;0,664861571;1;0,698838274;1,582642851;-4,494191369;1;;;;;;;;;;;;;
179;-1,675720369;0,701752621;0,675720369;1;-1,082688615;0,828787926;0,20298735;1;-1,411858447;1,338968849;6,059292236;1;;;;;;;;;;;;;
180;-2,403371987;1,766190116;1,403371987;1;-1,316836544;2,598717244;0,463151715;1;-2,365546262;3,673679379;10,82773131;1;;;;;;;;;;;;;
181;-1,404074999;2,010089552;0,404074999;1;-1,54506064;1,355886349;0,716734044;1;1,038934943;2,084140363;-6,194674717;1;;;;;;;;;;;;;
182;-1,148038814;1,240841101;0,148038814;1;-2,845929402;1,714121228;2,16214378;1;-1,520550494;1,682265874;6,602752471;1;;;;;;;;;;;;;
183;-1,148723119;0,585573921;0,148723119;1;-1,554765286;0,713280929;0,727516985;1;0,376751996;0,805978726;-2,883759982;1;;;;;;;;;;;;;
184;-1,215001524;2,154838643;0,215001524;1;2,955356217;1,250308782;-4,28372913;0;-4,842049204;2,105564702;23,21024602;0;;;;;;;;;;;;;
185;-2,104331676;1,188525092;1,104331676;1;0,517491567;0,896983689;-1,57499063;1;-0,152159946;1,392011174;-0,239200269;1;;;;;;;;;;;;;
186;-3,91748436;1,417984993;2,91748436;0;-2,966002172;1,365909584;2,295557968;1;5,341702297;2,365833307;-27,70851149;0;;;;;;;;;;;;;
187;-4,246428099;1,713969578;3,246428099;1;-0,83478721;0,833983648;-0,072458655;1;4,789116183;2,362006098;-24,94558091;0;;;;;;;;;;;;;
188;1,159042247;1,807166678;-2,159042247;1;-2,395164742;1,476943622;1,661294158;1;-5,238233739;2,324711799;25,19116869;0;;;;;;;;;;;;;
189;-0,525480318;0,682192241;-0,474519682;1;-0,796396605;0,952806298;-0,115114883;1;-0,359569619;1,112304725;0,797848097;1;;;;;;;;;;;;;
190;-3,844837373;2,019338793;2,844837373;1;-1,298752767;1,444147614;0,44305863;1;3,36373157;2,860404027;-17,81865785;1;;;;;;;;;;;;;
191;-3,960779901;2,102056719;2,960779901;1;-0,987194299;1,230371124;0,096882554;1;4,559736932;2,658767106;-23,79868466;1;;;;;;;;;;;;;
192;-3,431311593;1,684831006;2,431311593;1;-1,410990898;1,473546249;0,567767664;1;-1,463160935;2,863532567;6,315804676;1;;;;;;;;;;;;;
193;-1,630539663;0,904261063;0,630539663;1;-2,034577929;1,179129606;1,260642144;1;-1,13574065;1,5037703;4,678703248;1;;;;;;;;;;;;;
194;-0,714220465;1,00532388;-0,285779535;1;-0,889096185;1,105582121;-0,01211535;1;-0,12971136;1,386429118;-0,351443202;1;;;;;;;;;;;;;
195;-0,981877566;1,295305385;-0,018122434;1;-1,022999513;1,156775021;0,136666126;1;-1,561748008;1,845787822;6,808740038;1;;;;;;;;;;;;;
196;0,481136214;1,779049393;-1,481136214;1;-1,070517899;0,986664848;0,189464332;1;-0,62041792;1,44340593;2,102089602;1;;;;;;;;;;;;;
197;1,251005915;1,77923761;-2,251005915;1;-3,503346828;1,766534589;2,892607586;1;-3,122972223;2,138904595;14,61486112;1;;;;;;;;;;;;;
198;0,62572964;0,793842986;-1,62572964;0;-2,402601303;0,766732142;1,669557004;1;-0,721077677;1,057414664;2,605388385;1;;;;;;;;;;;;;
199;-6,176842508;2,095062757;5,176842508;0;-1,482964035;1,122261865;0,647737816;1;6,040204372;2,419408899;-31,20102186;0;;;;;;;;;;;;;
200;-0,816990337;3,421058817;-0,183009663;1;-0,341980889;1,939098125;-0,620021234;1;-0,159996826;2,623535134;-0,200015868;1;;;;;;;;;;;;;
201;-1,050838502;0,567521722;0,050838502;1;-1,182538391;0,627843227;0,313931545;1;0,843890488;0,811517195;-5,219452439;1;;;;;;;;;;;;;
202;-1,605853022;0,848483172;0,605853022;1;-0,346659992;0,761731589;-0,614822231;1;-1,303855617;1,242363065;5,519278087;1;;;;;;;;;;;;;
203;2,78986085;1,803856636;-3,78986085;0;-0,946814053;1,704564296;0,052015615;1;-2,234800632;2,982466811;10,17400316;1;;;;;;;;;;;;;
204;0,6761494;1,491440015;-1,6761494;1;-1,65024997;1,104561623;0,833611077;1;-0,428750397;2,142642992;1,143751986;1;;;;;;;;;;;;;
205;-1,55107357;1,622058453;0,55107357;1;-0,089410532;1,38179571;-0,900654965;1;0,670463576;2,179321487;-4,352317878;1;;;;;;;;;;;;;
206;-5,376741501;3,785282327;4,376741501;1;-2,025894216;1,898900835;1,250993574;1;7,079867573;3,829806855;-36,39933787;1;;;;;;;;;;;;;
207;-1,43891969;0,960073631;0,43891969;1;-0,548005902;0,874078194;-0,391104553;1;0,015565777;1,234331322;-1,077828887;1;;;;;;;;;;;;;
208;-0,926169109;1,695747192;-0,073830891;1;-0,549138205;1,437093601;-0,389846439;1;0,678504704;2,977032935;-4,392523522;1;;;;;;;;;;;;;
209;-1,321021181;0,67239997;0,321021181;1;-2,290688029;0,901461009;1,545208921;1;0,368353722;0,853789036;-2,841768612;1;;;;;;;;;;;;;
210;-0,020750559;0,833231326;-0,979249441;1;-2,938599157;1,251293856;2,265110174;1;1,823243648;1,671830112;-10,11621824;1;;;;;;;;;;;;;
211;-2,601995766;1,750870112;1,601995766;1;-1,145235161;1,597846585;0,272483512;1;0,908605639;1,887840587;-5,543028197;1;;;;;;;;;;;;;
212;-2,352280815;0,947362389;1,352280815;1;0,204933155;0,785118146;-1,227703506;1;0,714141375;1,19831021;-4,570706873;1;;;;;;;;;;;;;
213;-1,012503162;1,196832461;0,012503162;1;-0,949585109;1,018404504;0,055094566;1;-1,25369182;1,796486709;5,268459099;1;;;;;;;;;;;;;
214;-0,659808564;0,918384907;-0,340191436;1;-0,545582165;1,181558288;-0,393797595;1;0,945740154;1,820957831;-5,728700769;1;;;;;;;;;;;;;
215;-2,808175628;1,531422452;1,808175628;1;-3,417579816;1,450226986;2,797310907;1;0,814453078;2,009326007;-5,072265391;1;;;;;;;;;;;;;
216;-1,869235093;1,48846842;0,869235093;1;-1,509837381;1,093541998;0,67759709;1;3,142081643;1,908917525;-16,71040822;1;;;;;;;;;;;;;
217;0,63440349;1,490509334;-1,63440349;1;-0,619488566;1,067462432;-0,311679371;1;-2,564394564;2,366160046;11,82197282;1;;;;;;;;;;;;;
218;-2,465075738;1,239133035;1,465075738;1;-1,876868811;1,540788653;1,08540979;1;0,308057326;1,54009814;-2,540286632;1;;;;;;;;;;;;;
219;-2,429671371;1,483455738;1,429671371;1;-2,097801787;1,182447861;1,330890874;1;2,542867579;1,637346407;-13,7143379;1;;;;;;;;;;;;;
220;-1,849835452;1,617622053;0,849835452;1;0,29622135;1,032995433;-1,329134833;1;0,274556505;1,669523404;-2,372782524;1;;;;;;;;;;;;;
221;-1,213086489;1,401710191;0,213086489;1;-2,560558621;1,261914686;1,845065135;1;3,913084281;2,130302817;-20,5654214;1;;;;;;;;;;;;;
222;-4,700210007;2,321752902;3,700210007;1;-0,403439499;1,478900121;-0,55173389;1;1,832913731;3,3812797;-10,16456866;1;;;;;;;;;;;;;
223;-1,853355854;0,994151234;0,853355854;1;-2,69769856;1,004899782;1,997442845;1;2,100932812;1,753119202;-11,50466406;1;;;;;;;;;;;;;
224;-4,662579688;2,017339358;3,662579688;1;-6,175252025;2,205862159;5,861391138;0;4,483711627;2,77723298;-23,41855814;1;;;;;;;;;;;;;
225;-2,941539391;1,086184074;1,941539391;1;0,282124568;0,77413859;-1,313471743;1;2,466857597;1,508533117;-13,33428798;1;;;;;;;;;;;;;
226;-1,932842149;0,895171038;0,932842149;1;-1,877978328;1,065659659;1,086642586;1;0,809620365;1,466745273;-5,048101823;1;;;;;;;;;;;;;
227;-1,838204433;1,027016874;0,838204433;1;-0,592264048;1,028466925;-0,341928835;1;0,357037072;1,665187186;-2,785185362;1;;;;;;;;;;;;;
228;-1,395844986;1,385132455;0,395844986;1;0,725351919;1,235982;-1,805946577;1;-1,541096917;2,09984651;6,705484586;1;;;;;;;;;;;;;
229;-1,518993512;1,783660285;0,518993512;1;-1,7770474;1,128955301;0,974497111;1;0,238658812;2,537835824;-2,19329406;1;;;;;;;;;;;;;
230;-1,432734489;1,429990798;0,432734489;1;-2,052095077;1,200223265;1,280105641;1;0,948885877;1,862203491;-5,744429386;1;;;;;;;;;;;;;
231;2,372523285;1,83429718;-3,372523285;1;-2,802058124;1,641567795;2,113397915;1;-2,954840501;3,161068231;13,7742025;1;;;;;;;;;;;;;
232;-3,765826734;1,525285405;2,765826734;1;-0,981646364;1,143117782;0,090718182;1;5,975601595;2,803192438;-30,87800798;0;;;;;;;;;;;;;
233;-1,221505478;0,894368743;0,221505478;1;-0,883542173;0,781203665;-0,018286475;1;2,010410182;1,375241156;-11,05205091;1;;;;;;;;;;;;;
234;-2,270718303;1,799883195;1,270718303;1;-1,119966347;1,307374005;0,244407053;1;3,41257675;2,602930911;-18,06288375;1;;;;;;;;;;;;;
235;-0,559986927;1,590672673;-0,440013073;1;0,286551066;0,974653481;-1,318390073;1;-2,056799719;2,09391021;9,283998593;1;;;;;;;;;;;;;
236;-0,574969349;0,978813959;-0,425030651;1;-0,261155437;0,758200582;-0,709827292;1;-2,108903247;1,598481487;9,544516237;1;;;;;;;;;;;;;
237;-4,822915153;1,656248112;3,822915153;0;0,471203918;1,123740355;-1,523559909;1;3,006982686;1,999586874;-16,03491343;1;;;;;;;;;;;;;
238;-1,104929831;1,888092328;0,104929831;1;0,270134918;1,197487768;-1,300149909;1;-2,450099159;2,472658526;11,2504958;1;;;;;;;;;;;;;
239;-0,306972593;3,345404504;-0,693027407;1;-1,842746548;1,767741072;1,047496164;1;1,032746453;3,197230024;-6,163732265;1;;;;;;;;;;;;;
240;-0,541862403;1,166075129;-0,458137597;1;0,522945983;0,876869211;-1,581051093;1;-6,373330269;2,583335335;30,86665134;0;;;;;;;;;;;;;
241;-2,376294715;1,587808726;1,376294715;1;-0,225977903;1,20164259;-0,748913441;1;-0,000814241;2,201214322;-0,995928794;1;;;;;;;;;;;;;
242;-0,313394945;1,547821807;-0,686605055;1;-2,992097739;1,302493077;2,324553044;1;1,924541838;2,218921091;-10,62270919;1;;;;;;;;;;;;;
243;0,572222907;1,48689053;-1,572222907;1;-1,694013602;1,192162888;0,882237336;1;-3,831340129;2,312442262;18,15670064;1;;;;;;;;;;;;;
244;-1,786230242;1,391860893;0,786230242;1;-1,035416899;1,050308567;0,150463221;1;1,519311597;2,428697753;-8,596557985;1;;;;;;;;;;;;;
245;-0,840875946;0,650881238;-0,159124054;1;-0,593877726;0,735783404;-0,34013586;1;-1,581912669;1,28190897;6,909563346;1;;;;;;;;;;;;;
246;-0,695019689;1,608403101;-0,304980311;1;-0,244213787;1,169078156;-0,728651348;1;-1,033083082;2,583088077;4,165415408;1;;;;;;;;;;;;;
247;-3,165891008;1,435937663;2,165891008;1;-0,297304173;0,879696442;-0,66966203;1;1,720308132;1,862918419;-9,601540661;1;;;;;;;;;;;;;
248;0,290730484;1,94198439;-1,290730484;1;-1,247351962;1,599836493;0,385946624;1;-0,061270094;2,45987753;-0,693649532;1;;;;;;;;;;;;;
249;-0,378456643;1,479667845;-0,621543357;1;-1,272429284;1,195284981;0,413810315;1;0,181502913;1,736826809;-1,907514565;1;;;;;;;;;;;;;
250;-1,535310076;0,812290344;0,535310076;1;-1,249599793;1,10490647;0,388444215;1;1,064673732;1,05069093;-6,323368662;1;;;;;;;;;;;;;
251;-1,658828196;1,762458351;0,658828196;1;1,757213578;1,404311776;-2,952459531;1;-0,394486778;2,165750368;0,972433889;1;;;;;;;;;;;;;
252;-2,573248621;1,363058462;1,573248621;1;0,980919581;1,013452488;-2,089910645;1;-0,38861724;1,223984043;0,943086199;1;;;;;;;;;;;;;
253;-1,163237565;1,121962397;0,163237565;1;-2,104477996;1,650928475;1,338308884;1;-1,617925516;1,883374207;7,089627582;1;;;;;;;;;;;;;
254;-2,931154923;2,190417835;1,931154923;1;0,773888518;1,674354547;-1,859876132;1;-1,228383796;2,319493366;5,141918978;1;;;;;;;;;;;;;
255;-3,408653541;2,775691418;2,408653541;1;-1,502286317;1,447894455;0,669207019;1;3,335677947;2,997780348;-17,67838973;1;;;;;;;;;;;;;
256;-2,484224323;1,435519195;1,484224323;1;-1,959609559;1,603117592;1,177343954;1;0,667411609;2,933938049;-4,337058045;1;;;;;;;;;;;;;
257;-0,638884093;1,196618645;-0,361115907;1;-1,308769732;1,242793221;0,454188591;1;0,071933529;1,340759271;-1,359667643;1;;;;;;;;;;;;;
258;-0,850289315;0,63756295;-0,149710685;1;-1,385627736;0,868795064;0,539586373;1;-0,83763955;1,056434438;3,188197749;1;;;;;;;;;;;;;
259;-2,21790493;2,071180951;1,21790493;1;-1,523721395;1,722456786;0,693023772;1;-0,043709553;2,594896938;-0,781452237;1;;;;;;;;;;;;;
260;-1,814473747;0,738944443;0,814473747;1;-1,665552196;0,948517916;0,850613551;1;0,010116892;1,336138649;-1,050584458;1;;;;;;;;;;;;;
261;-2,507966006;1,56585027;1,507966006;1;0,933199163;1,120195886;-2,036887959;1;1,853560807;2,907658259;-10,26780404;1;;;;;;;;;;;;;
262;-1,137146758;0,884984486;0,137146758;1;-0,596470361;0,883678626;-0,337255155;1;1,812381636;1,557557522;-10,06190818;1;;;;;;;;;;;;;
263;-4,510676077;1,524967342;3,510676077;0;1,475636912;1,081166901;-2,639596569;0;2,033361082;1,820333409;-11,16680541;1;;;;;;;;;;;;;
264;-1,985529439;1,359315207;0,985529439;1;-0,676670526;1,11897791;-0,24814386;1;0,503402629;2,061629515;-3,517013147;1;;;;;;;;;;;;;
265;-1,353582432;0,950971704;0,353582432;1;-0,793360572;0,743792932;-0,118488254;1;0,493058294;1,21666132;-3,465291471;1;;;;;;;;;;;;;
266;-0,306802102;0,99908544;-0,693197898;1;0,120939067;0,784891229;-1,134376741;1;0,080657154;1,405067703;-1,403285771;1;;;;;;;;;;;;;
267;-1,057100912;0,787674787;0,057100912;1;0,345480881;0,639554421;-1,383867645;1;-1,851300265;1,232430018;8,256501325;1;;;;;;;;;;;;;
268;-0,394628537;1,122788784;-0,605371463;1;-0,042614031;0,903541093;-0,952651077;1;-2,327184064;1,85292222;10,63592032;1;;;;;;;;;;;;;
269;-0,664730061;1,17283246;-0,335269939;1;-1,204701307;0,981052943;0,338557008;1;-2,751693329;1,883623417;12,75846664;1;;;;;;;;;;;;;
270;-3,002650015;1,508700746;2,002650015;1;-0,31935732;1,388035566;-0,645158533;1;-0,220861032;2,302058709;0,104305159;1;;;;;;;;;;;;;
271;-1,133024228;0,83578097;0,133024228;1;-1,292359557;0,919315282;0,435955064;1;-0,160273756;0,980628476;-0,19863122;1;;;;;;;;;;;;;
272;-2,653290709;1,57887518;1,653290709;1;-0,874570162;1,584465013;-0,028255376;1;1,199244958;1,763419605;-6,996224792;1;;;;;;;;;;;;;
273;-1,25751403;1,31955754;0,25751403;1;-1,624882491;1,18137432;0,80542499;1;-0,294920268;2,010806008;0,474601342;1;;;;;;;;;;;;;
274;-2,172174204;1,890945947;1,172174204;1;-2,67295397;1,311111501;1,969948856;1;1,230525863;2,253183406;-7,152629315;1;;;;;;;;;;;;;
275;-3,100443288;1,999546507;2,100443288;1;-1,340756888;1,378613393;0,489729876;1;1,864475987;2,530203353;-10,32237994;1;;;;;;;;;;;;;
276;-2,116424375;2,355488388;1,116424375;1;1,19142418;1,78318728;-2,323804644;1;3,96330172;3,413871216;-20,8165086;1;;;;;;;;;;;;;
277;-2,944150876;1,251104655;1,944150876;1;-2,173754393;1,013482335;1,415282659;1;2,468360616;1,246758662;-13,34180308;0;;;;;;;;;;;;;
278;-2,990986329;1,664346206;1,990986329;1;-2,434858407;1,244875707;1,70539823;1;6,527725049;2,743704311;-33,63862525;0;;;;;;;;;;;;;
279;-5,715016669;3,553428062;4,715016669;1;-1,999014332;2,342534678;1,221127035;1;6,274383055;4,933735517;-32,37191527;1;;;;;;;;;;;;;
280;-1,86469414;1,688831572;0,86469414;1;-1,257449038;1,142621115;0,397165597;1;1,705405629;2,126854809;-9,527028146;1;;;;;;;;;;;;;
281;-0,393475707;1,659172232;-0,606524293;1;0,051682648;1,188921273;-1,057425164;1;-2,972571202;1,792891147;13,86285601;1;;;;;;;;;;;;;
282;-1,30654938;3,571114588;0,30654938;1;-2,789170729;2,964524434;2,099078588;1;1,534420839;5,852378115;-8,672104193;1;;;;;;;;;;;;;
283;-3,930910386;1,747503962;2,930910386;1;-0,738500869;1,286649953;-0,179443478;1;1,718110417;2,122586828;-9,590552087;1;;;;;;;;;;;;;
284;-2,369450378;1,894395307;1,369450378;1;-2,784008862;1,597580092;2,09334318;1;2,824507109;2,119478862;-15,12253555;1;;;;;;;;;;;;;
285;-1,103304846;1,717328237;0,103304846;1;-1,844895395;1,366358769;1,049883773;1;0,036388941;2,555930129;-1,181944707;1;;;;;;;;;;;;;
286;0,184101128;1,213458533;-1,184101128;1;0,020882719;1,330467217;-1,023203021;1;-1,939962532;2,744512421;8,699812658;1;;;;;;;;;;;;;
287;0,565324434;1,069939211;-1,565324434;1;0,163447919;1,061427581;-1,181608798;1;-1,346180506;1,68593656;5,730902532;1;;;;;;;;;;;;;
288;-1,964430878;1,42307158;0,964430878;1;-0,479870905;1,157919274;-0,466810105;1;-0,053433584;1,986686471;-0,732832078;1;;;;;;;;;;;;;
289;-2,843889749;1,187915741;1,843889749;1;-0,01305341;0,836916802;-0,985496211;1;1,995558066;1,301258569;-10,97779033;1;;;;;;;;;;;;;
290;-1,962611963;1,21686767;0,962611963;1;-0,476582445;0,654939642;-0,47046395;1;2,176650299;1,170610699;-11,8832515;0;;;;;;;;;;;;;
291;0,376290527;0,991445141;-1,376290527;1;-1,773569944;1,037452268;0,970633271;1;-1,394566602;1,371145495;5,972833011;1;;;;;;;;;;;;;
292;-1,23803915;1,095993346;0,23803915;1;-0,096404018;1,005791866;-0,892884425;1;-0,024341409;1,822751193;-0,878292956;1;;;;;;;;;;;;;
293;-2,536991052;1,226218272;1,536991052;1;-4,090546048;1,441170025;3,545051164;0;4,110725218;2,104401235;-21,55362609;0;;;;;;;;;;;;;
294;-2,96387773;1,103698037;1,96387773;1;-1,803299667;1,130386813;1,003666297;1;4,742331043;1,731635779;-24,71165522;0;;;;;;;;;;;;;
295;-2,215022725;1,371444841;1,215022725;1;0,114443018;0,864255552;-1,127158909;1;2,891359111;1,634905068;-15,45679555;1;;;;;;;;;;;;;
296;-3,605582441;1,666680735;2,605582441;1;-1,895147328;1,100091147;1,105719254;1;5,768393871;2,303802527;-29,84196936;0;;;;;;;;;;;;;
297;-0,715605803;1,043117534;-0,284394197;1;-0,495066007;0,800212596;-0,449926659;1;-1,162195564;1,439787011;4,810977821;1;;;;;;;;;;;;;
298;-2,983777349;1,960057171;1,983777349;1;-1,343610633;1,613274013;0,492900704;1;2,159242477;2,419892734;-11,79621238;1;;;;;;;;;;;;;
299;-2,347813732;1,626474309;1,347813732;1;-1,657870758;1,449990176;0,84207862;1;0,614866564;2,331312573;-4,074332822;1;;;;;;;;;;;;;
300;-2,637317464;1,961938311;1,637317464;1;-3,716694229;1,960048332;3,129660254;1;0,262505761;3,422330103;-2,312528807;1;;;;;;;;;;;;;
301;-5,707359659;2,340597667;4,707359659;0;-1,247976959;1,588360014;0,386641066;1;9,323258275;3,245358039;-47,61629138;0;;;;;;;;;;;;;
302;-1,124494981;0,726283071;0,124494981;1;-2,412045491;1,343494727;1,680050546;1;-0,716299456;1,12570471;2,581497282;1;;;;;;;;;;;;;
303;-2,601421405;1,027317978;1,601421405;1;-0,505414052;1,039255906;-0,438428831;1;1,0011137;1,523288053;-6,005568498;1;;;;;;;;;;;;;
304;-3,757621992;1,737650097;2,757621992;1;-0,808827509;1,054843355;-0,101302768;1;2,292280335;2,119020995;-12,46140167;1;;;;;;;;;;;;;
305;-3,22064179;2,91887256;2,22064179;1;-3,260224384;2,400951196;2,622471538;1;3,822469526;3,535886524;-20,11234763;1;;;;;;;;;;;;;
306;2,667208261;2,528468725;-3,667208261;1;-7,197082195;2,800863496;6,996757994;0;-9,337604152;4,677623568;45,68802076;1;;;;;;;;;;;;;
307;-1,242539296;1,034838673;0,242539296;1;-0,249447539;1,208238442;-0,722836068;1;1,768714559;1,807006228;-9,843572796;1;;;;;;;;;;;;;
308;-1,524815501;1,154550533;0,524815501;1;-1,220200867;1,077713932;0,355778742;1;1,725409193;1,568374324;-9,627045965;1;;;;;;;;;;;;;
309;-0,596157378;0,82093642;-0,403842622;1;-5,219502281;2,909698851;4,799446979;1;-3,287722915;2,058905279;15,43861458;1;;;;;;;;;;;;;
310;-1,818523747;1,56372772;0,818523747;1;-2,359245459;1,325464229;1,621383843;1;2,680829967;1,463181487;-14,40414983;0;;;;;;;;;;;;;
311;0,696495597;1,028735352;-1,696495597;1;-1,972214231;1,13286711;1,191349145;1;-0,249986586;1,622407294;0,249932931;1;;;;;;;;;;;;;
312;0,088867475;0,93396399;-1,088867475;1;-3,110434367;1,625462762;2,456038186;1;-1,743340372;1,561070259;7,716701861;1;;;;;;;;;;;;;
313;-11,64925195;8,372053579;10,64925195;1;5,655284845;6,826453647;-7,283649828;1;8,374355459;7,139238117;-42,8717773;1;;;;;;;;;;;;;
314;-0,226730505;1,190119039;-0,773269495;1;-2,053180119;1,103733532;1,281311243;1;-0,180753465;1,418032209;-0,096232673;1;;;;;;;;;;;;;
315;-1,274231268;0,757121254;0,274231268;1;0,395227421;0,672761068;-1,439141578;1;-0,562571004;1,002157461;1,812855021;1;;;;;;;;;;;;;
316;-0,672858091;0,855664518;-0,327141909;1;-2,170281192;1,227197266;1,411423547;1;0,062443034;1,658294039;-1,312215172;1;;;;;;;;;;;;;
317;-0,476559653;1,065473576;-0,523440347;1;-1,3722167;1,082108124;0,524685222;1;-2,447683092;1,534488543;11,23841546;1;;;;;;;;;;;;;
318;-1,71031692;3,063314496;0,71031692;1;-0,233972122;1,768795878;-0,740030975;1;0,715658528;2,821788195;-4,578292638;1;;;;;;;;;;;;;
319;-1,718103068;1,411117522;0,718103068;1;-1,926564166;1,245064856;1,140626851;1;0,877925015;2,022862494;-5,389625077;1;;;;;;;;;;;;;
320;-5,496805522;1,902676186;4,496805522;0;-3,28858177;2,017298815;2,653979745;1;5,425175973;2,913900561;-28,12587986;1;;;;;;;;;;;;;
321;-0,930633502;1,087893713;-0,069366498;1;-4,081387851;1,701552834;3,534875389;1;0,114819345;1,803943672;-1,574096723;1;;;;;;;;;;;;;
322;-1,708566771;1,192624874;0,708566771;1;-0,202681682;1,111371241;-0,774798131;1;1,059223732;1,526541273;-6,296118658;1;;;;;;;;;;;;;
323;-1,473127196;2,752977145;0,473127196;1;-1,576532223;1,698533532;0,75170247;1;2,176836663;2,330068843;-11,88418331;1;;;;;;;;;;;;;
324;-3,189871224;1,705558689;2,189871224;1;-9,060333986;4,090268519;9,067037762;0;-0,213404425;2,617711528;0,067022127;1;;;;;;;;;;;;;
325;-0,837486557;0,869271714;-0,162513443;1;-2,135151521;1,366016832;1,372390579;1;-0,351001372;1,243096306;0,755006858;1;;;;;;;;;;;;;
326;-1,282060114;1,597332611;0,282060114;1;-1,392915032;1,582411761;0,547683369;1;-0,438238736;2,174983079;1,191193681;1;;;;;;;;;;;;;
327;-1,950801127;1,56119828;0,950801127;1;-1,167858018;1,107242766;0,29762002;1;-0,139090785;2,767513354;-0,304546074;1;;;;;;;;;;;;;
328;-0,352573334;0,629074001;-0,647426666;1;-0,451037005;0,454137009;-0,498847772;1;-1,233510037;1,060050075;5,167550184;1;;;;;;;;;;;;;
329;-1,81590736;1,484391686;0,81590736;1;-0,561994016;1,022209273;-0,375562205;1;0,604542719;1,581295149;-4,022713597;1;;;;;;;;;;;;;
330;-0,913995197;0,811662358;-0,086004803;1;-1,070710795;1,065940656;0,189678661;1;-1,014030153;1,550984727;4,070150767;1;;;;;;;;;;;;;
331;-2,226782804;1,516570787;1,226782804;1;0,418709967;0,971436888;-1,465233297;1;1,937974914;2,188629772;-10,68987457;1;;;;;;;;;;;;;
332;-2,77268195;1,128898489;1,77268195;1;-1,926149911;1,022720356;1,140166568;1;4,520098029;2,082185369;-23,60049014;0;;;;;;;;;;;;;
333;-4,100346576;2,124417594;3,100346576;1;-2,205165218;1,478694418;1,450183576;1;6,337241869;3,407724672;-32,68620934;1;;;;;;;;;;;;;
334;-0,631642262;0,508671365;-0,368357738;1;-1,612164685;0,830188548;0,791294094;1;-0,839967126;1,027153651;3,199835632;1;;;;;;;;;;;;;
335;-2,395042733;1,345056826;1,395042733;1;-0,202513423;0,949364179;-0,774985086;1;1,925229729;1,750311365;-10,62614865;1;;;;;;;;;;;;;
336;0,159911681;0,795865449;-1,159911681;1;0,169313867;0,916762755;-1,188126518;1;-1,498363168;1,209437191;6,49181584;1;;;;;;;;;;;;;
337;0,291195876;1,800688319;-1,291195876;1;-1,435143431;1,362210458;0,594603813;1;-4,82731261;2,290045825;23,13656305;0;;;;;;;;;;;;;
338;-0,146252461;1,894751411;-0,853747539;1;-0,33722041;1,386303639;-0,625310655;1;-3,298148662;2,835405697;15,49074331;1;;;;;;;;;;;;;
339;0,084799549;1,920993319;-1,084799549;1;-0,824047781;1,418521975;-0,084391354;1;-2,654894052;2,421756376;12,27447026;1;;;;;;;;;;;;;
340;-0,193396746;1,247856949;-0,806603254;1;-0,328296389;1,133891262;-0,635226235;1;-2,038816458;2,081764312;9,194082288;1;;;;;;;;;;;;;
341;-0,718781991;1,001095756;-0,281218009;1;-2,316150608;1,280098823;1,573500676;1;-0,423139764;2,060775763;1,115698821;1;;;;;;;;;;;;;
342;-11,74047683;5,724434828;10,74047683;1;7,642254149;5,003639128;-9,491393499;1;1,105348808;3,722800401;-6,526744042;1;;;;;;;;;;;;;
343;-1,339652744;1,755788156;0,339652744;1;-2,74880898;1,869891295;2,0542322;1;-1,274119258;2,604888967;5,370596288;1;;;;;;;;;;;;;
344;0,257966629;1,935185426;-1,257966629;1;-0,146637502;0,96630252;-0,837069442;1;-2,093106599;1,830316919;9,465532993;1;;;;;;;;;;;;;
345;0,880308067;2,406463535;-1,880308067;1;-1,777675871;1,332819437;0,975195412;1;-2,019038971;2,742994313;9,095194855;1;;;;;;;;;;;;;
346;-2,064404005;1,315770125;1,064404005;1;-2,697542211;1,353324865;1,997269124;1;0,530139478;1,736976687;-3,650697389;1;;;;;;;;;;;;;
347;0,325207944;1,540457326;-1,325207944;1;-0,406353241;1,271874189;-0,548496399;1;-1,642182396;1,669607539;7,210911979;1;;;;;;;;;;;;;
348;-2,089457008;1,347334364;1,089457008;1;-1,486040051;1,127795705;0,651155612;1;2,920731766;2,253165225;-15,60365883;1;;;;;;;;;;;;;
349;-1,121958501;0,807186324;0,121958501;1;-0,766717367;1,036995464;-0,148091814;1;-0,118448366;1,671657825;-0,407758171;1;;;;;;;;;;;;;
350;-0,167600619;1,012691165;-0,832399381;1;-2,557140442;1,375362344;1,841267158;1;-0,51658194;1,418557983;1,582909698;1;;;;;;;;;;;;;
351;-1,962181328;1,540325234;0,962181328;1;-0,232913195;1,288046991;-0,741207561;1;-0,014480444;2,708468606;-0,92759778;1;;;;;;;;;;;;;
352;-0,290783704;1,336469348;-0,709216296;1;1,163244625;1,218395081;-2,292494027;1;-0,249137066;1,906496011;0,245685329;1;;;;;;;;;;;;;
353;-0,823471295;0,887710046;-0,176528705;1;-2,479364959;1,39785766;1,754849954;1;-1,242474318;1,417718602;5,212371591;1;;;;;;;;;;;;;
354;-1,668812736;2,135875651;0,668812736;1;0,406181966;1,57648687;-1,451313295;1;-0,530883483;2,586647158;1,654417417;1;;;;;;;;;;;;;
355;0,861530916;0,883496446;-1,861530916;0;-1,152854568;1,144367156;0,28094952;1;-1,432491012;1,682192289;6,162455059;1;;;;;;;;;;;;;
356;-3,841752479;1,466940805;2,841752479;1;2,71888368;1,641875712;-4,020981867;0;2,312894458;2,077227912;-12,56447229;1;;;;;;;;;;;;;
357;-1,959398657;1,82511628;0,959398657;1;-2,673913923;1,616976423;1,97101547;1;-0,900296654;2,718692996;3,501483271;1;;;;;;;;;;;;;
358;-3,945859088;2,06240925;2,945859088;1;2,131031258;1,749100797;-3,367812509;1;-7,516246501;2,755821507;36,5812325;0;;;;;;;;;;;;;
359;-1,112980541;1,324674778;0,112980541;1;0,202825077;1,043572405;-1,225361196;1;-1,461951499;1,957867705;6,309757494;1;;;;;;;;;;;;;
360;-2,108105659;1,214768459;1,108105659;1;0,038880638;0,91858531;-1,043200709;1;0,280656455;1,806166571;-2,403282274;1;;;;;;;;;;;;;
361;-0,518714673;0,99116487;-0,481285327;1;-0,387618516;0,883357088;-0,56931276;1;-3,228749806;1,678424833;15,14374903;1;;;;;;;;;;;;;
362;-2,574824287;1,570900162;1,574824287;1;0,098377132;1,25886621;-1,109307925;1;-2,017590695;2,019283167;9,087953474;1;;;;;;;;;;;;;
363;2,168748187;3,829678871;-3,168748187;1;-3,887306242;2,143276125;3,319229158;1;-2,443186783;3,740917594;11,21593391;1;;;;;;;;;;;;;
364;-1,306291749;1,276752695;0,306291749;1;-1,511629341;1,148265878;0,679588156;1;0,495074309;1,52545437;-3,475371543;1;;;;;;;;;;;;;
365;-2,264299052;1,072527435;1,264299052;1;-2,161538193;1,386720981;1,401709104;1;-3,4520834;1,841155979;16,260417;1;;;;;;;;;;;;;
366;0,415324385;1,016663846;-1,415324385;1;-4,655478115;1,942232185;4,172753461;1;-3,574903473;2,117322016;16,87451737;1;;;;;;;;;;;;;
367;-2,411401505;1,260756127;1,411401505;1;-0,753923106;1,04489305;-0,16230766;1;1,196455589;1,741889993;-6,982277947;1;;;;;;;;;;;;;
368;-2,189923104;2,391683398;1,189923104;1;0,093416994;2,07039377;-1,10379666;1;-2,147512727;4,141777268;9,737563633;1;;;;;;;;;;;;;
369;-2,447045296;1,375773534;1,447045296;1;0,700270408;0,964532909;-1,778078231;1;-0,64391233;1,537532227;2,219561651;1;;;;;;;;;;;;;
370;-0,732122303;0,829795785;-0,267877697;1;-0,562067151;0,957292263;-0,375480943;1;-2,684912351;1,453806527;12,42456176;1;;;;;;;;;;;;;
371;-1,524478147;1,51778971;0,524478147;1;-0,12242195;1,09775254;-0,863975611;1;1,563914321;1,635120624;-8,819571607;1;;;;;;;;;;;;;
372;-0,047870308;0,615977858;-0,952129692;1;-1,902237397;0,746325692;1,113597108;1;-3,442476358;1,256432083;16,21238179;0;;;;;;;;;;;;;
373;-1,698482745;1,179037131;0,698482745;1;-3,0655144;1,329355351;2,406127111;1;3,727603627;2,224832629;-19,63801813;1;;;;;;;;;;;;;
374;-4,08496771;1,680332;3,08496771;1;-0,376376868;1,290841957;-0,58180348;1;3,771808258;2,354757586;-19,85904129;1;;;;;;;;;;;;;
375;-1,106107111;0,900980403;0,106107111;1;-0,569919792;0,81541842;-0,366755787;1;1,635210944;1,804401532;-9,176054721;1;;;;;;;;;;;;;
376;0,087970127;1,66916885;-1,087970127;1;-1,98272993;1,202579057;1,203033256;1;-1,555317535;2,006896117;6,776587675;1;;;;;;;;;;;;;
377;-1,656669279;1,255408168;0,656669279;1;-0,957811669;1,336371039;0,064235188;1;-1,805027726;2,725881686;8,025138631;1;;;;;;;;;;;;;
378;-2,131408756;1,378465562;1,131408756;1;1,743869499;1,266680943;-2,937632777;0;0,127630706;2,101528349;-1,638153531;1;;;;;;;;;;;;;
379;-1,23008521;0,670314134;0,23008521;1;-2,27078955;1,221717764;1,5230995;1;-2,213581693;1,438646608;10,06790847;1;;;;;;;;;;;;;
380;-0,877173109;1,207683642;-0,122826891;1;0,211629626;1,000063319;-1,235144029;1;-2,271740698;1,94534483;10,35870349;1;;;;;;;;;;;;;
381;-0,885064226;1,895597292;-0,114935774;1;0,521118812;1,485802727;-1,579020903;1;-1,612740958;2,513739032;7,063704791;1;;;;;;;;;;;;;
382;-1,426070486;0,826607305;0,426070486;1;-0,951605968;0,874873855;0,057339964;1;-0,216826967;1,192573625;0,084134837;1;;;;;;;;;;;;;
383;-2,329313456;1,737907214;1,329313456;1;-2,689728703;1,86279999;1,988587448;1;1,823837624;2,000962531;-10,11918812;1;;;;;;;;;;;;;
384;-1,743021197;1,096142631;0,743021197;1;-2,022086903;1,039024643;1,246763226;1;0,871372086;1,377958531;-5,356860428;1;;;;;;;;;;;;;
385;-0,475170206;0,902482174;-0,524829794;1;-0,946703313;0,965395083;0,05189257;1;0,555599625;2,362930012;-3,777998124;1;;;;;;;;;;;;;
386;-0,362701655;1,088740083;-0,637298345;1;-1,00350116;1,115625281;0,115001289;1;-1,947339367;1,778287908;8,736696834;1;;;;;;;;;;;;;
387;-3,540502299;1,380576741;2,540502299;1;-0,434065887;1,008371626;-0,51770457;1;1,394997751;1,631844792;-7,974988756;1;;;;;;;;;;;;;
388;-0,863692983;0,661384427;-0,136307017;1;-1,76399265;0,918430888;0,959991833;1;-0,92170553;1,07831657;3,60852765;1;;;;;;;;;;;;;
389;-0,713893946;0,530892391;-0,286106054;1;-0,875950895;0,710917853;-0,026721227;1;-0,817749281;1,194778456;3,088746406;1;;;;;;;;;;;;;
390;-0,609531691;1,395324311;-0,390468309;1;-1,084797441;1,371539962;0,20533049;1;-6,206329441;3,499535767;30,03164721;1;;;;;;;;;;;;;
391;-1,137720017;0,651862149;0,137720017;1;-2,985892136;1,36161132;2,317657929;1;-0,471968268;1,05004755;1,359841339;1;;;;;;;;;;;;;
392;-1,238584063;2,906164844;0,238584063;1;-0,028269208;2,328729313;-0,968589769;1;-7,408186302;4,58370952;36,04093151;1;;;;;;;;;;;;;
393;-0,783124922;2,322943012;-0,216875078;1;-0,788850412;1,65080837;-0,123499542;1;-4,67074068;3,287328757;22,3537034;1;;;;;;;;;;;;;
394;-0,784395542;1,341080551;-0,215604458;1;-1,050928112;0,814124631;0,167697902;1;1,785008253;1,797042783;-9,925041263;1;;;;;;;;;;;;;
395;-0,180501887;3,059723537;-0,819498113;1;-3,377501649;1,916007048;2,75277961;1;4,183868047;4,795162593;-21,91934024;1;;;;;;;;;;;;;
396;-0,033443213;1,363266846;-0,966556787;1;-0,268800958;0,982704022;-0,701332268;1;0,003159299;1,488999202;-1,015796497;1;;;;;;;;;;;;;
397;-0,48319107;1,238833826;-0,51680893;1;-0,849484147;1,009856914;-0,056128726;1;-0,254274583;1,717824948;0,271372913;1;;;;;;;;;;;;;
398;-3,047150934;1,053079239;2,047150934;1;0,475136863;0,843691159;-1,527929848;1;2,856657458;1,534109818;-15,28328729;0;;;;;;;;;;;;;
399;-0,561949823;1,49078547;-0,438050177;1;-0,877204655;1,313460616;-0,025328161;1;-4,798450588;2,134082873;22,99225294;0;;;;;;;;;;;;;
400;-5,322213369;2,039174745;4,322213369;0;0,93844261;1,137024599;-2,042714012;1;2,99170108;2,385983444;-15,9585054;1;;;;;;;;;;;;;
401;-1,027770012;0,94420324;0,027770012;1;-0,913378303;0,908857605;0,014864782;1;-1,106218939;1,510062021;4,531094696;1;;;;;;;;;;;;;
402;-0,352583114;0,763756604;-0,647416886;1;0,40560842;0,790798394;-1,450676023;1;-1,808167006;1,312222279;8,040835029;1;;;;;;;;;;;;;
403;-4,110663837;1,453727833;3,110663837;0;1,509008052;1,225470702;-2,676675614;0;-0,232169177;1,559192326;0,160845885;1;;;;;;;;;;;;;
404;-0,649043863;1,371302565;-0,350956137;1;-0,351520335;1,137359219;-0,609421849;1;0,969115576;1,998495686;-5,845577879;1;;;;;;;;;;;;;
405;-3,700758378;4,46052004;2,700758378;1;-2,25732054;2,368380844;1,508133934;1;7,408675131;6,060742182;-38,04337565;1;;;;;;;;;;;;;
406;-1,660474243;0,801132656;0,660474243;1;0,896728369;0,717859619;-1,996364855;0;-0,632457142;1,137374794;2,162285708;1;;;;;;;;;;;;;
407;0,307165443;0,81305066;-1,307165443;1;1,165772186;0,935243945;-2,295302429;0;-2,484560909;1,651304641;11,42280454;1;;;;;;;;;;;;;
408;-4,263920029;2,090517511;3,263920029;1;-8,404715234;4,166563508;8,338572482;1;2,331376413;2,193277676;-12,65688206;1;;;;;;;;;;;;;
409;-2,337481832;1,167378909;1,337481832;1;-2,556305316;1,085655844;1,84033924;1;2,281765536;1,482069727;-12,40882768;1;;;;;;;;;;;;;
410;-3,073974489;1,58905167;2,073974489;1;0,345966256;0,922444628;-1,384406951;1;2,58979025;2,716490109;-13,94895125;1;;;;;;;;;;;;;
411;-0,984662036;1,448030224;-0,015337964;1;-0,694640427;1,259079747;-0,228177303;1;-1,445874757;2,083733027;6,229373785;1;;;;;;;;;;;;;
412;-2,659189672;1,311496622;1,659189672;1;-1,968057301;0,956085409;1,186730335;1;0,661030054;1,924577429;-4,30515027;1;;;;;;;;;;;;;
413;0,379221715;1,426211127;-1,379221715;1;-1,815769073;1,238829947;1,017521193;1;-1,548902807;2,188870275;6,744514037;1;;;;;;;;;;;;;
414;-3,4033946;2,418117805;2,4033946;1;0,375576238;2,120425405;-1,417306931;1;-1,283021217;3,317545351;5,415106085;1;;;;;;;;;;;;;
415;0,042419885;0,925830584;-1,042419885;1;-1,555564043;1,055419029;0,728404493;1;-0,575596065;1,528748508;1,877980323;1;;;;;;;;;;;;;
416;-3,103254618;1,421498687;2,103254618;1;-0,15949108;1,000242221;-0,822787689;1;1,373962854;2,009470715;-7,869814268;1;;;;;;;;;;;;;
417;-0,873024664;1,495169454;-0,126975336;1;-1,667018723;1,311510951;0,852243026;1;-2,472302366;2,875145273;11,36151183;1;;;;;;;;;;;;;
418;-0,449876541;2,569107912;-0,550123459;1;-1,159915703;1,152284799;0,288795226;1;0,94164128;2,504557024;-5,708206398;1;;;;;;;;;;;;;
419;-5,10794072;2,340185245;4,10794072;1;0,41879744;1,543062108;-1,465330489;1;1,189590692;2,581975721;-6,947953458;1;;;;;;;;;;;;;
420;-1,982942613;1,101945399;0,982942613;1;-0,944797744;0,982170076;0,049775272;1;-0,299627661;1,438467512;0,498138303;1;;;;;;;;;;;;;
421;-0,492898741;2,164551322;-0,507101259;1;0,539300486;1,083805663;-1,599222762;1;-0,922599375;1,9489428;3,612996875;1;;;;;;;;;;;;;
422;-1,66200362;2,613303403;0,66200362;1;-1,740910369;2,131599065;0,934344854;1;-4,819269104;3,933195292;23,09634552;1;;;;;;;;;;;;;
423;-0,790324679;1,141217358;-0,209675321;1;-2,335906674;1,345196056;1,59545186;1;-0,537729519;1,572100132;1,688647597;1;;;;;;;;;;;;;
424;-2,924243785;1,308050718;1,924243785;1;-0,614018462;1,168549379;-0,317757264;1;0,641920166;2,092096417;-4,209600832;1;;;;;;;;;;;;;
425;-2,432812354;1,642123748;1,432812354;1;-1,775917386;1,171666501;0,97324154;1;1,243519716;1,82907038;-7,21759858;1;;;;;;;;;;;;;
426;-2,641746788;1,722149053;1,641746788;1;0,665167461;1,212071659;-1,739074956;1;0,633731267;1,771123775;-4,168656335;1;;;;;;;;;;;;;
427;0,181439155;1,972469923;-1,181439155;1;-5,196203684;2,614743483;4,773559649;1;1,638880969;2,937998374;-9,194404847;1;;;;;;;;;;;;;
428;-0,488505608;1,246563757;-0,511494392;1;-0,99969626;1,10970717;0,110773622;1;-0,555025026;1,644907388;1,77512513;1;;;;;;;;;;;;;
429;-2,671961735;1,87220988;1,671961735;1;-1,178761144;1,474694599;0,309734604;1;2,50714281;2,196582741;-13,53571405;1;;;;;;;;;;;;;
430;-2,347921557;1,668212497;1,347921557;1;2,208306721;1,372759779;-3,453674134;0;-0,973382658;2,583565483;3,866913288;1;;;;;;;;;;;;;
431;-1,267028576;1,731256843;0,267028576;1;-1,262266007;1,226809882;0,402517786;1;0,018576685;1,954518691;-1,092883427;1;;;;;;;;;;;;;
432;-1,573927483;1,049849617;0,573927483;1;-1,544688959;1,681754268;0,716321065;1;1,92181985;2,549668887;-10,60909925;1;;;;;;;;;;;;;
433;0,830274584;1,389449884;-1,830274584;1;0,232262821;1,132616036;-1,258069801;1;-2,066705815;1,943466991;9,333529076;1;;;;;;;;;;;;;
434;-2,143536756;1,211210465;1,143536756;1;-2,384419528;1,053554677;1,649355031;1;2,977518762;2,141429162;-15,88759381;1;;;;;;;;;;;;;
435;-1,436799532;1,081034904;0,436799532;1;-2,96359079;1,369784664;2,292878656;1;-0,688125059;1,470408422;2,440625297;1;;;;;;;;;;;;;
436;-0,679924685;1,392800717;-0,320075315;1;-0,984101027;1,283125309;0,093445585;1;-3,379390699;2,618803676;15,8969535;1;;;;;;;;;;;;;
437;0,179751238;1,749212302;-1,179751238;1;-2,452997055;1,864727272;1,725552283;1;1,524423931;2,755908481;-8,622119653;1;;;;;;;;;;;;;
438;-1,555967628;0,881816954;0,555967628;1;-1,560962644;0,957601767;0,734402937;1;-1,162212512;1,243210698;4,811062559;1;;;;;;;;;;;;;
439;-1,766787673;1,294157295;0,766787673;1;-0,244276644;1,259745234;-0,728581507;1;-1,648838604;2,090445061;7,244193018;1;;;;;;;;;;;;;
440;0,179615926;1,147144109;-1,179615926;1;-1,372254502;0,957096857;0,524727225;1;-0,119482718;1,562041928;-0,402586412;1;;;;;;;;;;;;;
441;-1,326349608;1,083867076;0,326349608;1;-0,922965713;1,054144617;0,025517459;1;-2,65027608;1,901840978;12,2513804;1;;;;;;;;;;;;;
442;-0,239018351;1,103717035;-0,760981649;1;-1,449270271;1,033306125;0,610300302;1;-2,53211978;1,683232111;11,6605989;1;;;;;;;;;;;;;
443;-1,718577199;0,767521151;0,718577199;1;-2,04956017;1,138743596;1,277289077;1;-0,725469826;1,158941257;2,627349129;1;;;;;;;;;;;;;
444;-0,287011341;2,227790965;-0,712988659;1;-1,001436647;1,928179368;0,112707386;1;1,62106187;3,137649624;-9,105309352;1;;;;;;;;;;;;;
445;-3,523823625;2,679156746;2,523823625;1;-7,843294768;4,062934411;7,714771964;1;-0,206177996;4,339853393;0,030889981;1;;;;;;;;;;;;;
446;-2,87444912;1,265886408;1,87444912;1;0,11162407;0,679664603;-1,124026744;1;2,332062862;1,214579493;-12,66031431;0;;;;;;;;;;;;;
447;-1,395829441;0,955758753;0,395829441;1;-2,311061003;1,58405466;1,567845559;1;-1,344705048;1,831061569;5,723525238;1;;;;;;;;;;;;;
448;-1,444986291;1,336011698;0,444986291;1;-0,628843037;1,103191249;-0,301285514;1;0,64899747;1,89068891;-4,244987349;1;;;;;;;;;;;;;
449;-2,315493905;1,627116903;1,315493905;1;-0,840719809;1,032362559;-0,065866878;1;1,939702908;1,848520516;-10,69851454;1;;;;;;;;;;;;;
450;-1,435671928;1,076809408;0,435671928;1;-1,541188388;0,973500527;0,712431542;1;2,711141741;1,638307861;-14,55570871;1;;;;;;;;;;;;;
451;-0,759354202;0,923069115;-0,240645798;1;-0,441304708;0,960972511;-0,509661436;1;-1,040834027;1,914771178;4,204170136;1;;;;;;;;;;;;;
452;-2,274194152;1,417222063;1,274194152;1;-0,169502911;1,002169251;-0,811663433;1;0,241976293;2,143746336;-2,209881466;1;;;;;;;;;;;;;
453;-3,557306297;2,115529921;2,557306297;1;-0,063025194;1,410893066;-0,929972007;1;2,461413348;2,311757244;-13,30706674;1;;;;;;;;;;;;;
454;-0,478789254;1,033850944;-0,521210746;1;0,181428044;1,095777724;-1,201586716;1;-0,881699252;1,15098841;3,408496259;1;;;;;;;;;;;;;
455;-1,311226641;0,959337783;0,311226641;1;-0,224821114;0,849176642;-0,750198762;1;0,102217225;1,469028833;-1,511086124;1;;;;;;;;;;;;;
456;0,233509522;0,700094534;-1,233509522;1;-0,101138301;0,834580691;-0,88762411;1;-1,70138362;1,681218796;7,5069181;1;;;;;;;;;;;;;
457;-1,088441303;0,769135714;0,088441303;1;-3,163938683;1,330435517;2,515487425;1;-0,77923033;0,932473667;2,896151649;1;;;;;;;;;;;;;
458;-0,426266173;1,23226441;-0,573733827;1;-1,409793694;0,905375069;0,566437438;1;-0,823418693;1,838919382;3,117093464;1;;;;;;;;;;;;;
459;0,614271774;0,913723998;-1,614271774;1;-0,729316181;0,940141343;-0,189648688;1;-0,301993866;1,30687004;0,50996933;1;;;;;;;;;;;;;
460;-1,938145605;1,621228254;0,938145605;1;0,522859562;1,107782503;-1,580955069;1;2,836122259;2,076424352;-15,1806113;1;;;;;;;;;;;;;
461;-3,034809194;1,545398569;2,034809194;1;1,169805738;1,335422411;-2,299784153;1;-2,825221224;2,019948327;13,12610612;1;;;;;;;;;;;;;
462;-2,405352069;1,405535972;1,405352069;1;0,220130232;1,45587987;-1,244589147;1;-1,101924176;1,926435549;4,509620882;1;;;;;;;;;;;;;
463;-0,694731621;0,859521834;-0,305268379;1;-2,30656696;1,160756684;1,562852178;1;-0,595164993;1,39173998;1,975824966;1;;;;;;;;;;;;;
464;-2,954287163;2,022949393;1,954287163;1;-0,055069649;1,132692181;-0,938811501;1;2,164197907;2,354962484;-11,82098953;1;;;;;;;;;;;;;
465;0,447033995;1,275229528;-1,447033995;1;-1,93329125;0,850811523;1,148101389;1;-0,040641814;1,323334388;-0,79679093;1;;;;;;;;;;;;;
466;1,011132488;1,298703249;-2,011132488;1;-3,809827169;1,479785839;3,233141299;0;-3,969911293;2,221501732;18,84955646;1;;;;;;;;;;;;;
467;-5,215465402;2,64374916;4,215465402;1;-2,613243358;1,713381727;1,903603731;1;5,038818232;3,388414922;-26,19409116;1;;;;;;;;;;;;;
468;-1,075018843;1,132620887;0,075018843;1;-0,318505965;0,937108404;-0,646104484;1;-1,258117778;1,893206791;5,290588889;1;;;;;;;;;;;;;
469;-0,545478949;1,568365008;-0,454521051;1;-4,667247826;2,080078949;4,185830918;1;0,697508136;1,839661142;-4,487540679;1;;;;;;;;;;;;;
470;-2,195562301;1,962205036;1,195562301;1;-0,340862314;0,844804556;-0,621264096;1;1,63776482;1,597769108;-9,188824101;1;;;;;;;;;;;;;
471;2,04879945;1,15439622;-3,04879945;0;-2,136700733;0,902893901;1,374111926;1;-3,2699904;1,521134416;15,349952;0;;;;;;;;;;;;;
472;-2,005864439;0,965860778;1,005864439;1;-2,225719259;1,062054773;1,473021399;1;0,853440624;1,153519103;-5,267203122;1;;;;;;;;;;;;;
473;-2,358592657;1,849974501;1,358592657;1;1,044686584;1,61986572;-2,160762871;1;1,986748026;2,680211082;-10,93374013;1;;;;;;;;;;;;;
474;3,438771584;2,655964471;-4,438771584;1;-3,724057879;1,968785554;3,137842088;1;-3,381261842;2,255885711;15,90630921;1;;;;;;;;;;;;;
475;-0,076339673;1,564601223;-0,923660327;1;-1,998011796;1,247691598;1,220013106;1;-3,26575473;2,022133264;15,32877365;1;;;;;;;;;;;;;
476;-2,068152549;1,480380713;1,068152549;1;0,480040444;1,487058613;-1,533378271;1;-0,13196368;3,008361444;-0,340181602;1;;;;;;;;;;;;;
477;-3,155941719;1,519795107;2,155941719;1;-2,805059265;1,431989876;2,116732517;1;3,285545752;2,078007577;-17,42772876;1;;;;;;;;;;;;;
478;-1,282731585;0,633805292;0,282731585;1;-2,639590943;1,407938858;1,932878825;1;-0,487588467;1,065413422;1,437942335;1;;;;;;;;;;;;;
479;-0,146745845;1,153587499;-0,853254155;1;-0,621784378;1,067566628;-0,309128469;1;-4,332803581;2,441998072;20,6640179;1;;;;;;;;;;;;;
480;-2,284440764;2,664375341;1,284440764;1;-0,42785835;1,309501393;-0,524601833;1;2,232760571;2,712646002;-12,16380285;1;;;;;;;;;;;;;
481;-1,216676201;0,622818641;0,216676201;1;-3,056166734;1,175517336;2,395740815;1;0,326624296;1,390163279;-2,633121478;1;;;;;;;;;;;;;
482;-1,483394629;1,091473506;0,483394629;1;-2,187529471;1,296905095;1,430588302;1;-1,849729061;2,105096079;8,248645304;1;;;;;;;;;;;;;
483;-2,06728988;1,000963248;1,06728988;1;-2,265041713;1,637297888;1,516713015;1;-0,968630493;1,598225389;3,843152464;1;;;;;;;;;;;;;
484;-2,674743474;1,931283731;1,674743474;1;1,275238491;1,237286441;-2,416931657;1;0,086607662;2,257344527;-1,433038311;1;;;;;;;;;;;;;
485;1,658659238;1,01062598;-2,658659238;0;0,203367648;1,414462606;-1,225964053;1;-4,059035652;2,170865163;19,29517826;1;;;;;;;;;;;;;
486;-0,765058229;1,117786775;-0,234941771;1;-1,391632016;1,267496558;0,546257796;1;-1,696207343;1,641080409;7,481036714;1;;;;;;;;;;;;;
487;-0,85859647;0,865091697;-0,14140353;1;-3,153863547;1,515066231;2,50429283;1;-2,098852098;1,245846178;9,494260488;1;;;;;;;;;;;;;
488;-1,888758708;1,306244011;0,888758708;1;-1,091054496;1,450618287;0,212282773;1;-1,91992461;2,359602184;8,599623048;1;;;;;;;;;;;;;
489;-0,692323476;1,221232405;-0,307676524;1;-0,901374785;1,014156542;0,001527538;1;-0,174899067;1,762521658;-0,125504667;1;;;;;;;;;;;;;
490;-2,971215079;1,543626943;1,971215079;1;0,0010262;1,037040963;-1,001140223;1;0,975211173;1,889995739;-5,876055866;1;;;;;;;;;;;;;
491;-0,673836357;0,82935165;-0,326163643;1;-1,047081686;0,701073203;0,163424096;1;0,61625056;1,158592013;-4,081252802;1;;;;;;;;;;;;;
492;-0,72524347;0,712957884;-0,27475653;1;-4,886889675;2,460033673;4,429877417;1;-0,459144269;1,076603818;1,295721345;1;;;;;;;;;;;;;
493;0,589969781;1,195398489;-1,589969781;1;-5,945734155;2,350630551;5,606371283;0;-0,874459792;2,576242772;3,372298959;1;;;;;;;;;;;;;
494;-1,20843764;1,080388773;0,20843764;1;0,065591868;0,876651697;-1,072879853;1;-1,122732374;1,855333202;4,613661868;1;;;;;;;;;;;;;
495;-0,643158178;1,07523545;-0,356841822;1;-2,056680446;1,283832671;1,285200496;1;0,530624447;1,461472679;-3,653122233;1;;;;;;;;;;;;;
496;-0,067908141;0,735580316;-0,932091859;1;-0,744008786;0,630879898;-0,173323571;1;-1,366759905;1,216740377;5,833799524;1;;;;;;;;;;;;;
497;-2,737328224;1,551154533;1,737328224;1;-0,501241839;1,269414394;-0,443064624;1;0,078061504;2,013605482;-1,390307518;1;;;;;;;;;;;;;
498;-0,787719062;0,978769363;-0,212280938;1;-0,521886352;0,824409069;-0,420126276;1;-1,689730932;1,598758293;7,448654659;1;;;;;;;;;;;;;
499;-1,335773615;0,814271195;0,335773615;1;-0,161984593;0,799358137;-0,820017119;1;-0,448044097;1,388546326;1,240220486;1;;;;;;;;;;;;;
500;-3,336295432;1,583527172;2,336295432;1;0,761860681;1,198593828;-1,846511868;1;1,29227017;1,8100314;-7,46135085;1;;;;;;;;;;;;;
501;-0,54620759;0,825696953;-0,45379241;1;-1,190082016;1,080376993;0,322313351;1;-1,229324666;1,509555079;5,146623329;1;;;;;;;;;;;;;
502;-0,613229273;0,862010507;-0,386770727;1;-2,124617969;1,549800005;1,360686632;1;-0,672063115;1,683531779;2,360315574;1;;;;;;;;;;;;;
503;-0,729619297;0,928558574;-0,270380703;1;0,324410175;0,897491441;-1,36045575;1;-1,456139342;1,594736703;6,28069671;1;;;;;;;;;;;;;
504;-1,469909859;1,49033934;0,469909859;1;0,150209467;1,231157212;-1,166899408;1;-1,742018676;2,061948852;7,710093378;1;;;;;;;;;;;;;
505;1,324697976;1,114218088;-2,324697976;0;-2,16285882;0,896825028;1,403176466;1;-2,873693185;1,246102582;13,36846593;0;;;;;;;;;;;;;
506;-2,276124123;1,417323127;1,276124123;1;2,645333501;1,082686695;-3,939259446;0;-3,188135522;1,494723241;14,94067761;0;;;;;;;;;;;;;
507;0,484718348;0,891713703;-1,484718348;1;-1,422382299;1,217834182;0,580424777;1;-2,566396922;1,835674914;11,83198461;1;;;;;;;;;;;;;
508;-1,719607486;1,400818616;0,719607486;1;1,153971354;1,04465222;-2,282190393;0;-1,301746478;1,765543121;5,50873239;1;;;;;;;;;;;;;
509;-0,338724758;1,046814983;-0,661275242;1;-2,229675635;1,422682918;1,477417372;1;0,575350578;1,319412797;-3,876752889;1;;;;;;;;;;;;;
510;-0,993229951;1,143308863;-0,006770049;1;-2,41458413;1,551186594;1,682871255;1;-0,193550477;1,609983376;-0,032247614;1;;;;;;;;;;;;;
511;-0,506221469;1,017045311;-0,493778531;1;-2,002453432;1,226339854;1,224948258;1;-1,822696501;2,026522964;8,113482507;1;;;;;;;;;;;;;
512;-0,023697328;1,700734442;-0,976302672;1;-2,179293696;1,334048398;1,42143744;1;-1,881458336;1,922437389;8,407291678;1;;;;;;;;;;;;;
513;-2,598766584;2,169091182;1,598766584;1;-0,066072131;1,947324417;-0,926586522;1;-5,852533049;4,711916309;28,26266524;1;;;;;;;;;;;;;
514;-1,404521572;1,308825077;0,404521572;1;-0,381217041;1,23426935;-0,57642551;1;-2,048160331;2,237366742;9,240801655;1;;;;;;;;;;;;;
515;-0,482346865;0,692366568;-0,517653135;1;-0,794397865;0,79892096;-0,117335706;1;-2,299553335;1,200503242;10,49776667;1;;;;;;;;;;;;;
516;-1,546216848;0,835779051;0,546216848;1;-1,037628422;1,008697257;0,152920469;1;-0,306615944;1,245994485;0,533079719;1;;;;;;;;;;;;;
517;-1,221899628;0,688500454;0,221899628;1;-3,538593043;1,551577568;2,931770048;1;1,610570409;0,952235794;-9,052852044;1;;;;;;;;;;;;;
518;-0,437200947;2,448188051;-0,562799053;1;-3,89991511;2,651980353;3,333239011;1;-1,854172847;3,638952467;8,270864236;1;;;;;;;;;;;;;
519;-1,942254338;1,267241622;0,942254338;1;-1,689197983;1,22944079;0,876886648;1;-0,55608421;1,679355017;1,780421052;1;;;;;;;;;;;;;
520;-2,547154406;1,689838594;1,547154406;1;-1,499541508;1,453922537;0,666157231;1;1,385985777;2,323298557;-7,929928886;1;;;;;;;;;;;;;
521;0,935354515;1,600253287;-1,935354515;1;-0,580946953;1,289645733;-0,354503386;1;-1,551796445;2,29112261;6,758982226;1;;;;;;;;;;;;;
522;-0,107937261;1,036093908;-0,892062739;1;-1,832434154;0,868263681;1,036037949;1;-4,48701721;1,475545015;21,43508605;0;;;;;;;;;;;;;
523;-1,776295546;1,090915372;0,776295546;1;-1,136488956;0,97450894;0,262765507;1;2,089601792;1,396701129;-11,44800896;1;;;;;;;;;;;;;
524;0,065195405;0,818348835;-1,065195405;1;-1,084598911;0,880018458;0,205109901;1;-1,297666494;1,361548981;5,488332472;1;;;;;;;;;;;;;
525;-1,91307729;1,33420574;0,91307729;1;-0,619999594;0,980239871;-0,311111563;1;0,439040621;1,788602834;-3,195203107;1;;;;;;;;;;;;;
526;-0,161277438;0,623394948;-0,838722562;1;-1,128889939;0,607499794;0,254322155;1;-2,843753612;1,077936108;13,21876806;0;;;;;;;;;;;;;
527;-0,960017393;1,280327084;-0,039982607;1;-1,764944017;0,889143962;0,961048907;1;1,724867506;1,732482642;-9,624337531;1;;;;;;;;;;;;;
528;0,590850719;0,824546854;-1,590850719;1;-1,286127098;0,725322933;0,429030108;1;-1,113000477;1,309806252;4,565002384;1;;;;;;;;;;;;;
529;-3,65400839;1,39887649;2,65400839;1;1,644926727;1,119644006;-2,827696363;0;-0,010716585;1,408721887;-0,946417073;1;;;;;;;;;;;;;
530;-3,282515306;1,484838083;2,282515306;1;-0,58387202;1,013894462;-0,351253311;1;2,178549228;1,622423074;-11,89274614;1;;;;;;;;;;;;;
531;1,437477805;0,864576119;-2,437477805;0;-1,537088982;0,960406954;0,707876647;1;-1,822847515;1,665323225;8,114237574;1;;;;;;;;;;;;;
532;-1,20526629;0,85547276;0,20526629;1;0,011715238;0,928227968;-1,013016931;1;-1,61303914;1,41436298;7,065195702;1;;;;;;;;;;;;;
533;3,632590863;1,849420692;-4,632590863;0;-5,228851769;1,933769015;4,809835298;0;-2,015902099;2,151517641;9,079510494;1;;;;;;;;;;;;;
534;1,193110205;3,788598899;-2,193110205;1;-2,492296116;2,021466898;1,769217907;1;-0,973385219;2,503438999;3,866926097;1;;;;;;;;;;;;;
535;-2,470752588;2,787857632;1,470752588;1;-1,828565782;2,171664331;1,031739758;1;1,920077152;3,646529356;-10,60038576;1;;;;;;;;;;;;;
536;-1,000059291;0,769773336;5,93E-05;1;-1,916032369;1,010428542;1,128924854;1;0,220436915;1,128602826;-2,102184577;1;;;;;;;;;;;;;
537;0,760926473;1,531843381;-1,760926473;1;-3,797040349;1,850511214;3,218933722;1;-3,252207878;2,066286498;15,26103939;1;;;;;;;;;;;;;
538;-2,906254313;1,857364496;1,906254313;1;-1,197780663;1,068851859;0,330867404;1;1,921589942;2,568540831;-10,60794971;1;;;;;;;;;;;;;
539;-0,214559441;0,54361259;-0,785440559;1;-1,661360449;0,950404829;0,845956054;1;-2,230344382;1,260527493;10,15172191;1;;;;;;;;;;;;;
540;-2,91292425;2,1819986;1,91292425;1;-0,649351671;1,310889986;-0,278498144;1;-0,254691616;2,589295923;0,273458078;1;;;;;;;;;;;;;
541;-2,54776245;1,287450361;1,54776245;1;-0,922761091;1,13267862;0,025290101;1;2,155481908;1,901344647;-11,77740954;1;;;;;;;;;;;;;
542;2,005028371;2,295542296;-3,005028371;1;0,665850127;1,393520505;-1,739833474;1;-6,914342981;2,934357468;33,5717149;0;;;;;;;;;;;;;
543;-1,078167076;0,881277263;0,078167076;1;-1,214711773;0,905739632;0,349679747;1;-0,401964181;1,240870251;1,009820903;1;;;;;;;;;;;;;
544;-0,64944561;1,192482627;-0,35055439;1;0,665683307;1,140089372;-1,739648119;1;-1,077054698;1,717525953;4,385273491;1;;;;;;;;;;;;;
545;-1,545840864;1,172004462;0,545840864;1;-1,596457465;1,255867194;0,773841628;1;0,039098183;1,896561253;-1,195490917;1;;;;;;;;;;;;;
546;-0,522143916;1,958768598;-0,477856084;1;-2,102361031;1,290988931;1,335956702;1;-0,043973259;1,537673808;-0,780133707;1;;;;;;;;;;;;;
547;-3,25804925;1,996783453;2,25804925;1;-1,658947761;1,398812048;0,84327529;1;2,34703496;2,375708377;-12,7351748;1;;;;;;;;;;;;;
548;-0,424523265;1,703644699;-0,575476735;1;-1,732686867;1,333337065;0,92520763;1;2,2078521;2,406924294;-12,0392605;1;;;;;;;;;;;;;
549;-3,042933165;1,696867898;2,042933165;1;-2,143975533;1,388966325;1,382195037;1;1,597910304;2,527616958;-8,98955152;1;;;;;;;;;;;;;
550;-0,607867037;0,778064719;-0,392132963;1;-1,040574068;0,913266697;0,156193409;1;-2,637466265;1,763602282;12,18733132;1;;;;;;;;;;;;;
551;0,190143138;2,261049606;-1,190143138;1;-1,72087588;1,2663005;0,912084311;1;-0,868649553;2,619811755;3,343247763;1;;;;;;;;;;;;;
552;-2,232608899;1,229242337;1,232608899;1;-0,867444987;1,058305426;-0,036172236;1;3,104050246;1,600778262;-16,52025123;0;;;;;;;;;;;;;
553;-2,711333147;1,858538625;1,711333147;1;-1,326903358;1,427052707;0,474337065;1;0,49171294;2,396748043;-3,458564698;1;;;;;;;;;;;;;
554;-1,566248039;0,966137506;0,566248039;1;-0,897937756;0,879822951;-0,002291382;1;-1,809686397;1,801039292;8,048431984;1;;;;;;;;;;;;;
555;-5,467632476;3,25627376;4,467632476;1;4,04642811;2,916806309;-5,496031233;1;-0,971603769;1,377146447;3,858018846;1;;;;;;;;;;;;;
556;1,354042609;0,989801016;-2,354042609;0;-1,482347967;1,016470224;0,647053297;1;-0,766263344;1,465458588;2,831316718;1;;;;;;;;;;;;;
557;-1,462316497;0,877108306;0,462316497;1;-0,714210151;1,047698204;-0,206433165;1;-0,225751826;1,946139385;0,12875913;1;;;;;;;;;;;;;
558;-1,160945312;1,027980001;0,160945312;1;-4,46617902;1,940919127;3,962421133;1;-0,684933339;1,43182823;2,424666697;1;;;;;;;;;;;;;
559;-0,49899086;1,316394515;-0,50100914;1;-0,776252591;0,970441543;-0,137497121;1;-2,810296676;2,21404435;13,05148338;1;;;;;;;;;;;;;
560;-1,916475044;1,413014144;0,916475044;1;-0,918359289;0,997669948;0,02039921;1;3,098858941;1,899995814;-16,4942947;1;;;;;;;;;;;;;
561;-2,409782845;2,865279652;1,409782845;1;0,497786387;2,389489171;-1,553095986;1;-8,365567424;4,116251865;40,82783712;0;;;;;;;;;;;;;
562;-3,546833719;3,074729206;2,546833719;1;-3,211279246;3,197194471;2,568088051;1;3,457817665;3,456586623;-18,28908832;1;;;;;;;;;;;;;
563;2,515431706;1,396281395;-3,515431706;0;-2,308988732;0,94018892;1,565543035;1;-2,774390854;1,464836655;12,87195427;1;;;;;;;;;;;;;
564;-0,127423172;1,293017641;-0,872576828;1;0,064860757;1,056794432;-1,072067508;1;-3,056237179;1,791633998;14,28118589;1;;;;;;;;;;;;;
565;-2,467069097;1,211849435;1,467069097;1;-2,032574248;1,070339746;1,258415831;1;2,559574227;1,680755912;-13,79787114;1;;;;;;;;;;;;;
566;-4,1886369;1,96725181;3,1886369;1;1,592749324;1,637364897;-2,769721471;1;-1,652742628;2,141595483;7,263713141;1;;;;;;;;;;;;;
567;-3,97391746;1,814276846;2,97391746;1;-0,967920847;1,288328898;0,075467608;1;3,183287024;2,055680943;-16,91643512;1;;;;;;;;;;;;;
568;-0,77546343;0,991676156;-0,22453657;1;-6,128130587;3,82075029;5,809033985;1;-0,54572139;1,399704018;1,728606951;1;;;;;;;;;;;;;
569;-1,493144886;1,22626381;0,493144886;1;0,533722873;1,026301329;-1,593025415;1;-2,446557293;1,816774117;11,23278646;1;;;;;;;;;;;;;
570;-3,44361851;1,964154627;2,44361851;1;1,535072411;1,301689206;-2,705636012;1;2,876921805;2,329694128;-15,38460902;1;;;;;;;;;;;;;
571;-1,083539881;1,203848982;0,083539881;1;-1,792598347;1,693606295;0,991775941;1;-0,510144715;2,888486296;1,550723577;1;;;;;;;;;;;;;
572;-0,483255987;1,205286036;-0,516744013;1;-0,112919251;0,676639539;-0,874534166;1;-0,21700191;0,958091598;0,085009548;1;;;;;;;;;;;;;
573;-1,503485721;1,594716826;0,503485721;1;-0,343914674;1,447532452;-0,617872585;1;-0,310781579;2,453550495;0,553907894;1;;;;;;;;;;;;;
574;-1,005928923;0,798145641;0,005928923;1;-0,107810309;0,751196901;-0,880210768;1;-1,914407104;1,516318896;8,57203552;1;;;;;;;;;;;;;
575;-2,639073774;1,516950842;1,639073774;1;-1,240655487;1,422017024;0,378506097;1;-0,297549087;2,365625242;0,487745434;1;;;;;;;;;;;;;
576;-1,964448056;1,281264857;0,964448056;1;-0,614663321;1,051421563;-0,317040754;1;-1,193996029;1,597197235;4,969980145;1;;;;;;;;;;;;;
577;-0,800672497;0,962488209;-0,199327503;1;0,994355112;0,791438079;-2,104839014;0;-2,036620093;1,403348685;9,183100466;1;;;;;;;;;;;;;
578;-0,183022871;1,039856681;-0,816977129;1;-3,070609662;1,559522074;2,411788514;1;-0,071002828;1,81641296;-0,644985861;1;;;;;;;;;;;;;
579;-1,206282163;0,849531343;0,206282163;1;-1,675495124;1,034623911;0,861661249;1;-0,2878993;1,267600411;0,439496499;1;;;;;;;;;;;;;
580;-0,932204506;1,845081338;-0,067795494;1;0,975732387;1,708433336;-2,084147097;1;-2,798214059;3,110161302;12,9910703;1;;;;;;;;;;;;;
581;-1,134440816;1,153497165;0,134440816;1;-1,954246435;1,160069692;1,171384927;1;-0,319201562;1,832896448;0,596007812;1;;;;;;;;;;;;;
582;0,284955383;1,067371194;-1,284955383;1;-1,333533728;0,850122761;0,481704142;1;-1,374861592;1,283275139;5,874307959;1;;;;;;;;;;;;;
583;-1,336113768;0,855607547;0,336113768;1;-2,227935143;1,402596751;1,475483492;1;1,35194027;2,233560047;-7,759701348;1;;;;;;;;;;;;;
584;-1,699243802;1,10715257;0,699243802;1;-0,553894776;0,825648361;-0,38456136;1;0,161054854;1,519545107;-1,805274271;1;;;;;;;;;;;;;
585;-1,677788461;1,108726213;0,677788461;1;-2,893408093;1,612776783;2,214897881;1;0,253231166;1,903944056;-2,266155829;1;;;;;;;;;;;;;
586;-0,934477618;0,916537122;-0,065522382;1;-2,742971689;1,660794249;2,047746321;1;-0,872079273;1,632059134;3,360396365;1;;;;;;;;;;;;;
587;-2,666547795;1,353834114;1,666547795;1;-2,276445767;1,561580766;1,529384186;1;1,132843898;1,604572077;-6,664219489;1;;;;;;;;;;;;;
588;-2,015863431;1,735620162;1,015863431;1;-0,385528887;1,152752102;-0,57163457;1;1,288682614;2,391071447;-7,443413069;1;;;;;;;;;;;;;
589;-0,892363717;1,642203721;-0,107636283;1;-2,575270354;1,391448187;1,861411505;1;2,9528164;2,675455003;-15,764082;1;;;;;;;;;;;;;
590;-0,759830567;1,140950184;-0,240169433;1;0,28984408;0,822615401;-1,322048978;1;-1,17519058;1,516750749;4,875952899;1;;;;;;;;;;;;;
591;-1,00902594;0,887384689;0,00902594;1;-2,39768218;1,130640595;1,664091311;1;-2,38352137;1,441473047;10,91760685;1;;;;;;;;;;;;;
592;4,404434362;1,985701752;-5,404434362;0;-1,110386725;1,585020723;0,233763028;1;-7,335923195;2,381576363;35,67961597;0;;;;;;;;;;;;;
593;-5,416807691;1,866750774;4,416807691;0;1,34975303;1,514210136;-2,499725588;1;1,666229813;2,440060078;-9,331149064;1;;;;;;;;;;;;;
594;-0,675843093;1,040406523;-0,324156907;1;-0,850293523;0,764870488;-0,055229419;1;0,551795763;1,301336387;-3,758978813;1;;;;;;;;;;;;;
595;-3,510285373;1,196578006;2,510285373;0;-4,311979958;1,324951593;3,791088843;0;3,919003191;2,25407132;-20,59501595;1;;;;;;;;;;;;;
596;-0,898995329;2,326130828;-0,101004671;1;0,328492463;1,827443127;-1,364991626;1;-2,40015854;2,389274476;11,0007927;1;;;;;;;;;;;;;
597;-0,641473033;0,880371867;-0,358526967;1;0,075831772;0,973537544;-1,084257525;1;-3,199575518;1,669094428;14,99787759;1;;;;;;;;;;;;;
598;-1,089240331;1,270083918;0,089240331;1;-1,690267075;1,409990662;0,878074528;1;-2,235054398;2,066832356;10,17527199;1;;;;;;;;;;;;;
599;-0,362854296;0,823079777;-0,637145704;1;-1,879011111;0,981812617;1,087790123;1;-2,240518524;1,309276731;10,20259262;1;;;;;;;;;;;;;
600;-4,451507822;2,03701662;3,451507822;1;-1,452493039;1,147959865;0,613881154;1;4,321390188;2,349464805;-22,60695094;1;;;;;;;;;;;;;
601;-0,845796937;0,694113581;-0,154203063;1;0,099480432;0,716940982;-1,110533813;1;-3,471874896;1,789671829;16,35937448;1;;;;;;;;;;;;;
602;-0,852206186;1,939721436;-0,147793814;1;-0,421609716;1,514896645;-0,53154476;1;1,141734715;2,978758921;-6,708673576;1;;;;;;;;;;;;;
603;-0,658869586;1,522725224;-0,341130414;1;2,075562942;1,447585573;-3,306181046;0;-6,182790014;2,912804389;29,91395007;0;;;;;;;;;;;;;
604;-1,771257463;1,907235901;0,771257463;1;-2,334988276;1,422976553;1,594431418;1;1,972682677;2,218004244;-10,86341339;1;;;;;;;;;;;;;
605;-2,814543223;NA;1,814543223;NA;0,003317989;0,70478214;-1,003686655;1;2,457543029;1,410144798;-13,28771514;1;;;;;;;;;;;;;
606;-2,413569503;1,458773657;1,413569503;1;-1,227677506;1,15260788;0,364086118;1;0,444192368;1,766429097;-3,220961842;1;;;;;;;;;;;;;
607;-1,162342036;2,013678015;0,162342036;1;-0,546398549;1,294002879;-0,392890501;1;-0,618744516;2,89708749;2,093722579;1;;;;;;;;;;;;;
608;-2,253508318;1,124900583;1,253508318;1;-0,453423306;0,690613041;-0,496196327;1;1,654039515;1,372277939;-9,270197574;1;;;;;;;;;;;;;
609;-0,53518712;0,712181005;-0,46481288;1;-0,816445933;0,870889814;-0,092837852;1;-2,2529531;1,628989647;10,2647655;1;;;;;;;;;;;;;
610;-1,017230902;0,876880744;0,017230902;1;-1,425714544;0,939853938;0,584127271;1;-1,499688588;1,140836025;6,498442938;1;;;;;;;;;;;;;
611;0,628812252;1,833976073;-1,628812252;1;-2,498225983;1,621411823;1,775806648;1;-6,362649004;4,187698243;30,81324502;1;;;;;;;;;;;;;
612;-0,163209428;1,780097888;-0,836790572;1;-0,395020206;0,913954625;-0,56108866;1;-0,389733758;1,572591341;0,94866879;1;;;;;;;;;;;;;
613;-2,354452397;1,975958402;1,354452397;1;1,274100556;1,377159448;-2,415667285;1;0,493289317;1,295925867;-3,466446584;1;;;;;;;;;;;;;
614;-0,211713;1,004588658;-0,788287;1;-2,471173174;1,790153739;1,745747971;1;-2,957731521;1,616019851;13,78865761;1;;;;;;;;;;;;;
615;0,280057144;1,197688121;-1,280057144;1;-2,164870991;1,279002141;1,405412213;1;-2,687369698;1,870265504;12,43684849;1;;;;;;;;;;;;;
616;-0,759261721;0,903857619;-0,240738279;1;-0,465698921;1,170534451;-0,482556755;1;-1,323783664;1,462232225;5,618918322;1;;;;;;;;;;;;;
617;-0,507301695;0,659910671;-0,492698305;1;-1,896835107;0,959620431;1,107594564;1;-0,547505739;1,050741212;1,737528696;1;;;;;;;;;;;;;
618;1,153894401;0,86070042;-2,153894401;0;-1,428631294;0,90908167;0,587368104;1;-1,553629752;1,568982849;6,76814876;1;;;;;;;;;;;;;
619;-2,344973868;1,544401061;1,344973868;1;-3,465936089;2,062054418;2,851040099;1;0,747844799;3,04482943;-4,739223993;1;;;;;;;;;;;;;
620;-0,831424862;1,477598538;-0,168575138;1;-2,472486566;1,365247959;1,747207296;1;1,803789514;1,497600296;-10,01894757;1;;;;;;;;;;;;;
621;2,51327168;3,482025073;-3,51327168;1;-3,675604185;2,648224145;3,08400465;1;-0,287102214;4,418089028;0,435511069;1;;;;;;;;;;;;;
622;-0,65342359;1,948164914;-0,34657641;1;-0,228544533;1,256654605;-0,74606163;1;1,193679288;1,956304935;-6,968396439;1;;;;;;;;;;;;;
623;3,224220071;2,074094232;-4,224220071;0;-1,532424489;2,020684326;0,702693877;1;-5,558825329;3,82847191;26,79412664;1;;;;;;;;;;;;;
624;-1,313900127;1,055282554;0,313900127;1;-0,614325521;0,863608552;-0,317416087;1;-1,040594712;1,597428732;4,202973558;1;;;;;;;;;;;;;
625;-3,850683791;1,638100695;2,850683791;1;-0,671894792;1,08616636;-0,253450231;1;1,992241881;2,030467727;-10,9612094;1;;;;;;;;;;;;;
626;-2,541661312;2,277569295;1,541661312;1;-2,692652316;2,168418077;1,991835906;1;1,435326525;2,680304587;-8,176632623;1;;;;;;;;;;;;;
627;-1,742756404;1,395060783;0,742756404;1;-0,456222005;1,292541747;-0,493086661;1;-0,081296966;1,644960176;-0,593515172;1;;;;;;;;;;;;;
628;-3,878948699;1,665409389;2,878948699;1;0,001248098;1,185329252;-1,001386775;1;0,501359884;2,185515575;-3,506799418;1;;;;;;;;;;;;;
629;-2,383500941;1,876861719;1,383500941;1;-1,294073644;1,293895282;0,437859605;1;2,03531735;2,069816184;-11,17658675;1;;;;;;;;;;;;;
630;0,984701253;1,177828439;-1,984701253;1;-2,524999571;0,886592251;1,805555079;1;-3,273569273;1,643591945;15,36784636;1;;;;;;;;;;;;;
631;-2,465157603;1,542826657;1,465157603;1;-5,431856267;2,554543757;5,035395853;1;0,323708025;2,120141508;-2,618540126;1;;;;;;;;;;;;;
632;-0,074784705;0,797195878;-0,925215295;1;-1,832260558;1,137905309;1,035845064;1;-0,654338516;1,305217548;2,271692581;1;;;;;;;;;;;;;
633;-1,233617893;1,199537718;0,233617893;1;-0,443971553;1,282847057;-0,506698275;1;-0,802050351;2,187746099;3,010251755;1;;;;;;;;;;;;;
634;-2,832543164;1,541737002;1,832543164;1;-0,466507227;0,930823591;-0,481658636;1;2,095348351;1,59437152;-11,47674176;1;;;;;;;;;;;;;
635;-0,521233083;0,518750363;-0,478766917;1;-0,496332006;0,620515785;-0,448519994;1;-1,55497601;1,072256398;6,774880048;1;;;;;;;;;;;;;
636;-1,323643372;1,498341231;0,323643372;1;-2,482890752;1,694135313;1,758767502;1;0,876223507;2,188757399;-5,381117537;1;;;;;;;;;;;;;
637;-0,352753183;0,577760296;-0,647246817;1;-0,213206651;0,82642978;-0,763103721;1;-1,161185559;1,047740704;4,805927797;1;;;;;;;;;;;;;
638;-0,331342659;1,5514319;-0,668657341;1;-2,599173507;1,693243306;1,887970563;1;-1,251177568;2,123261585;5,25588784;1;;;;;;;;;;;;;
639;-1,159877644;1,097177014;0,159877644;1;-0,707455626;1,077277049;-0,213938194;1;2,190807238;1,753479055;-11,95403619;1;;;;;;;;;;;;;
640;-1,078887951;0,970613119;0,078887951;1;-0,948322391;0,916399404;0,053691545;1;-0,693511939;1,608115712;2,467559694;1;;;;;;;;;;;;;
641;-5,746709355;1,534430432;4,746709355;0;-0,31888456;0,718040232;-0,645683822;1;5,155533333;1,707192223;-26,77766667;0;;;;;;;;;;;;;
642;0,204241167;1,364257051;-1,204241167;1;-0,885392572;1,229193029;-0,016230475;1;-1,961897762;2,46519714;8,809488812;1;;;;;;;;;;;;;
643;-1,749226486;1,494740489;0,749226486;1;-1,685261944;1,391791219;0,872513271;1;-0,431641177;1,897635854;1,158205884;1;;;;;;;;;;;;;
644;-1,359545808;1,551519211;0,359545808;1;-0,084034663;1,323308355;-0,906628153;1;-1,105306827;1,993888379;4,526534136;1;;;;;;;;;;;;;
645;0,06679641;1,439655162;-1,06679641;1;-3,245889258;1,351347418;2,60654362;1;-0,378887197;1,710280443;0,894435983;1;;;;;;;;;;;;;
646;-1,447122486;0,952284818;0,447122486;1;-0,784422718;0,699909936;-0,128419202;1;0,312868872;1,381930043;-2,564344361;1;;;;;;;;;;;;;
647;-1,44791776;0,845551466;0,44791776;1;-2,127607252;1,002592539;1,364008058;1;0,08190189;1,32467372;-1,409509451;1;;;;;;;;;;;;;
648;-3,448702925;1,56217826;2,448702925;1;-3,19855293;2,831766578;2,5539477;1;6,150596919;4,258903639;-31,75298459;1;;;;;;;;;;;;;
649;-0,404172787;0,490407292;-0,595827213;1;-1,066362015;0,723373711;0,184846683;1;-1,699257609;0,901420803;7,496288047;1;;;;;;;;;;;;;
650;-3,482450621;2,451959982;2,482450621;1;2,070486235;1,930119782;-3,300540261;1;-3,014020525;2,923425207;14,07010262;1;;;;;;;;;;;;;
651;1,064597364;1,716175626;-2,064597364;1;0,375003858;1,052426869;-1,416670954;1;-3,492722611;2,086059316;16,46361305;1;;;;;;;;;;;;;
652;-3,519927633;2,704470192;2,519927633;1;4,609485507;2,471398296;-6,121650563;0;-3,842946933;2,75348288;18,21473467;1;;;;;;;;;;;;;
653;-4,801614594;4,036911609;3,801614594;1;-5,422901014;2,851233502;5,025445571;1;9,914315223;7,044651697;-50,57157612;1;;;;;;;;;;;;;
654;-1,613387107;1,395941957;0,613387107;1;0,390044796;0,858881291;-1,433383107;1;0,160186849;1,543846763;-1,800934246;1;;;;;;;;;;;;;
655;-1,29844843;1,583526519;0,29844843;1;-1,215313907;1,754992199;0,350348785;1;-2,021401913;2,293912446;9,107009567;1;;;;;;;;;;;;;
656;-1,949223712;1,67818442;0,949223712;1;-6,310529131;2,44233102;6,011699034;0;3,688691595;4,135450875;-19,44345798;1;;;;;;;;;;;;;
657;-0,818920957;1,908002697;-0,181079043;1;-4,980817431;2,341461489;4,53424159;1;0,28795548;2,897342587;-2,4397774;1;;;;;;;;;;;;;
658;-0,41942926;0,910559381;-0,58057074;1;-3,66977409;1,506895066;3,077526767;1;-1,558019272;1,651560176;6,790096359;1;;;;;;;;;;;;;
659;-0,712980535;2,375490267;-0,287019465;1;-1,857942823;2,080647937;1,064380914;1;-1,656087699;3,445110513;7,280438497;1;;;;;;;;;;;;;
660;-2,022172739;1,586336214;1,022172739;1;-1,284193814;1,194070317;0,426882016;1;0,737838382;2,571346166;-4,689191908;1;;;;;;;;;;;;;
661;-4,907805745;1,915805549;3,907805745;0;0,073730488;1,416163665;-1,081922765;1;1,96862829;2,312332293;-10,84314145;1;;;;;;;;;;;;;
662;0,660244079;1,185585439;-1,660244079;1;0,100089165;1,132341843;-1,111210183;1;-2,366181023;1,518392346;10,83090512;1;;;;;;;;;;;;;
663;-1,285470894;1,195768013;0,285470894;1;0,35163448;0,943773898;-1,390704978;1;-1,219882933;1,511379423;5,099414667;1;;;;;;;;;;;;;
664;-0,625337365;0,948311914;-0,374662635;1;-0,96602656;1,185446313;0,073362844;1;-9,40285022;2,789956457;46,0142511;0;;;;;;;;;;;;;
665;-0,919584175;1,362828254;-0,080415825;1;-2,079544234;1,258059269;1,310604704;1;0,546612775;1,384357745;-3,733063874;1;;;;;;;;;;;;;
666;-0,233151676;1,102346072;-0,766848324;1;-0,576665874;0,841850942;-0,35926014;1;-0,60053081;1,73655573;2,002654049;1;;;;;;;;;;;;;
667;0,469024653;1,231456905;-1,469024653;1;-2,804284732;1,372347848;2,115871925;1;-1,728983879;1,172659069;7,644919393;1;;;;;;;;;;;;;
668;0,20844402;0,66492335;-1,20844402;1;-2,549396529;1,022774093;1,83266281;1;-1,216978885;0,949369158;5,084894427;1;;;;;;;;;;;;;
669;-1,411429465;1,149339251;0,411429465;1;-1,828078779;1,365884333;1,031198643;1;-0,240097792;1,531496857;0,200488958;1;;;;;;;;;;;;;
670;-0,535609254;0,827274675;-0,464390746;1;-2,794833736;1,607464869;2,105370818;1;-3,189395811;2,421057966;14,94697906;1;;;;;;;;;;;;;
671;-2,298725768;1,275326022;1,298725768;1;0,065038991;1,032013058;-1,072265545;1;-0,524121214;1,5682625;1,62060607;1;;;;;;;;;;;;;
672;-3,63661966;2,894327384;2,63661966;1;-1,599748176;1,896947626;0,777497973;1;1,977870984;2,789558367;-10,88935492;1;;;;;;;;;;;;;
673;-0,496269927;0,810450011;-0,503730073;1;-1,440218839;0,645325774;0,600243155;1;-1,472999177;1,450210646;6,364995885;1;;;;;;;;;;;;;
674;0,088749209;1,328099819;-1,088749209;1;0,586558095;0,828864211;-1,651731216;1;-1,861719959;1,618876442;8,308599796;1;;;;;;;;;;;;;
675;-0,884884249;2,010670939;-0,115115751;1;-5,446859798;2,845362828;5,052066442;1;-2,434262116;2,695481578;11,17131058;1;;;;;;;;;;;;;
676;1,315752984;1,098488988;-2,315752984;0;-0,59035788;1,15816058;-0,3440468;1;-4,601905993;2,48575929;22,00952997;1;;;;;;;;;;;;;
677;0,532635545;1,8155785;-1,532635545;1;-1,649318984;1,306974103;0,832576649;1;-2,771670203;2,055699733;12,85835102;1;;;;;;;;;;;;;
678;-0,386945494;0,903719218;-0,613054506;1;-1,043091245;0,922078469;0,158990272;1;-1,452308342;1,533211879;6,261541709;1;;;;;;;;;;;;;
679;-2,446583441;1,372634308;1,446583441;1;-1,349030495;1,028915206;0,498922772;1;1,437508491;1,440341774;-8,187542454;1;;;;;;;;;;;;;
680;-0,922317798;0,577067669;-0,077682202;1;-1,533431908;0,839210066;0,703813231;1;0,328304808;0,916951799;-2,641524039;1;;;;;;;;;;;;;
681;-2,433368797;1,519989019;1,433368797;1;1,312140213;1,458822104;-2,45793357;1;-1,151102964;2,311190515;4,75551482;1;;;;;;;;;;;;;
682;-2,695942975;1,586640171;1,695942975;1;0,190991341;1,218958944;-1,212212601;1;-0,968383826;2,11923213;3,841919129;1;;;;;;;;;;;;;
683;-2,280018359;1,699450889;1,280018359;1;-1,642880124;1,730641413;0,82542236;1;-2,082952602;2,581832121;9,414763011;1;;;;;;;;;;;;;
684;1,659876478;2,274157773;-2,659876478;1;-4,270086841;1,861765745;3,744540935;1;-2,47929642;2,653458254;11,3964821;1;;;;;;;;;;;;;
685;0,47016151;NA;-1,47016151;NA;-1,143711325;NA;0,270790361;NA;-0,419733826;NA;1,09866913;NA;;;;;;;;;;;;;
686;-1,639362328;1,077809858;0,639362328;1;-1,027549434;1,375412022;0,141721594;1;-0,277658904;2,152908607;0,388294518;1;;;;;;;;;;;;;
687;-1,525572333;1,354931569;0,525572333;1;-0,499789867;1,204099988;-0,444677926;1;0,473076434;2,039115363;-3,365382168;1;;;;;;;;;;;;;
688;-2,748459574;3,357219486;1,748459574;1;-1,899518211;1,962887946;1,11057579;1;3,554506497;3,779913052;-18,77253249;1;;;;;;;;;;;;;
689;-1,743561587;0,878914655;0,743561587;1;-2,974295346;1,327305734;2,304772606;1;-2,125206577;1,569585645;9,626032887;1;;;;;;;;;;;;;
690;-3,362685285;1,774981389;2,362685285;1;0,12958642;1,645698649;-1,143984911;1;-1,713284251;3,102270725;7,566421254;1;;;;;;;;;;;;;
691;0,661175634;1,098594661;-1,661175634;1;-6,749284615;2,543005751;6,499205128;0;-2,394053525;1,374223142;10,97026763;1;;;;;;;;;;;;;
692;-5,177900467;3,002155549;4,177900467;1;-3,759947326;2,323370314;3,177719251;1;4,984962879;4,084912542;-25,92481439;1;;;;;;;;;;;;;
693;-0,681855009;0,977054107;-0,318144991;1;-1,127056803;0,751424184;0,252285337;1;-2,722467377;1,548029507;12,61233689;1;;;;;;;;;;;;;
694;-1,078356765;1,186822704;0,078356765;1;-1,147474701;1,189464504;0,27497189;1;-0,70626142;1,982435015;2,531307099;1;;;;;;;;;;;;;
695;-0,990768981;1,068891955;-0,009231019;1;-1,556236642;0,917516581;0,729151824;1;-0,590841265;1,302633008;1,954206325;1;;;;;;;;;;;;;
696;-0,162734421;1,000996317;-0,837265579;1;-2,743436366;1,09008399;2,048262628;1;-1,401523128;1,456195856;6,007615641;1;;;;;;;;;;;;;
697;-1,559385587;0,998467443;0,559385587;1;-0,734131878;0,89901415;-0,184297913;1;-0,552818453;1,725344073;1,764092263;1;;;;;;;;;;;;;
698;-1,50500051;1,059350163;0,50500051;1;0,257131813;0,708578655;-1,285702015;1;1,939924823;1,502278391;-10,69962412;1;;;;;;;;;;;;;
699;-0,026002893;1,984880711;-0,973997107;1;-0,960158652;1,447276623;0,066842947;1;-3,510775233;2,591858753;16,55387617;1;;;;;;;;;;;;;
700;-4,965557249;1,84966077;3,965557249;0;-0,261596601;1,19661227;-0,70933711;1;3,251026437;2,434991104;-17,25513219;1;;;;;;;;;;;;;
701;0,474464779;0,677301234;-1,474464779;0;-0,573800819;0,643398954;-0,362443535;1;-3,417550984;1,291904815;16,08775492;0;;;;;;;;;;;;;
702;-2,144486724;1,249656302;1,144486724;1;1,321235074;1,138773309;-2,468038971;1;-1,807326862;1,955335399;8,036634312;1;;;;;;;;;;;;;
703;-1,1323862;0,680791616;0,1323862;1;-0,703738789;0,721582119;-0,218068012;1;-0,238790041;0,978288282;0,193950206;1;;;;;;;;;;;;;
704;-1,944408293;1,302525659;0,944408293;1;-2,674414068;1,408970829;1,971571187;1;1,647650864;1,695296601;-9,238254322;1;;;;;;;;;;;;;
705;-1,810394251;1,284878878;0,810394251;1;0,328826679;1,263101126;-1,365362977;1;-1,217802492;2,24114629;5,089012458;1;;;;;;;;;;;;;
706;-0,255022882;1,1433872;-0,744977118;1;0,325256397;1,240664732;-1,361395997;1;-1,497244966;1,88649261;6,486224829;1;;;;;;;;;;;;;
707;-1,359392604;2,461429384;0,359392604;1;1,846583958;1,875026011;-3,051759953;1;-0,759194337;2,704344727;2,795971683;1;;;;;;;;;;;;;
708;-1,269092337;1,171286332;0,269092337;1;-0,268359285;0,993534319;-0,701823017;1;0,014022969;1,654845507;-1,070114845;1;;;;;;;;;;;;;
709;-1,810774493;1,233432484;0,810774493;1;-1,428410099;1,726659972;0,587122332;1;-1,722718423;2,112086947;7,613592113;1;;;;;;;;;;;;;
710;-2,979068497;1,599151793;1,979068497;1;-0,577476259;1,187355658;-0,358359712;1;1,597092203;1,94719232;-8,985461016;1;;;;;;;;;;;;;
711;-2,287801379;1,450143264;1,287801379;1;-1,353832963;1,603809963;0,504258848;1;0,638259988;2,594143943;-4,19129994;1;;;;;;;;;;;;;
712;1,657738171;2,006808241;-2,657738171;1;-2,308808789;1,350858575;1,565343099;1;-2,861138469;2,483914083;13,30569234;1;;;;;;;;;;;;;
713;-3,648365862;2,616669032;2,648365862;1;-1,379790141;1,917325825;0,533100157;1;3,086272702;3,435116179;-16,43136351;1;;;;;;;;;;;;;
714;-1,380793207;0,945407879;0,380793207;1;-0,985522613;0,834551847;0,095025126;1;0,699459402;1,152932569;-4,49729701;1;;;;;;;;;;;;;
715;-1,834204358;0,994978739;0,834204358;1;-4,160908891;1,65510208;3,623232101;0;-0,197821959;1,386493425;-0,010890206;1;;;;;;;;;;;;;
716;-1,472388176;1,276175354;0,472388176;1;-2,045637728;1,924650624;1,272930809;1;-0,131710949;1,643764102;-0,341445253;1;;;;;;;;;;;;;
717;-2,253900312;1,114639433;1,253900312;1;0,374577794;0,716464908;-1,416197549;1;1,423023621;1,275063178;-8,115118103;1;;;;;;;;;;;;;
718;-1,66790028;0,773084247;0,66790028;1;-1,091831562;0,694264658;0,21314618;1;0,428295233;1,005150541;-3,141476164;1;;;;;;;;;;;;;
719;-0,477502047;1,3771864;-0,522497953;1;-0,680730207;1,474384951;-0,243633103;1;-1,917136761;1,867773254;8,585683804;1;;;;;;;;;;;;;
720;-1,05396279;0,561494255;0,05396279;1;-3,792852405;1,521535888;3,21428045;1;-0,580209038;0,851167132;1,90104519;1;;;;;;;;;;;;;
721;-1,279228422;0,876176259;0,279228422;1;-1,700670076;1,12709133;0,889633417;1;-0,209970511;1,250951631;0,049852556;1;;;;;;;;;;;;;
722;-0,865687243;1,368847706;-0,134312757;1;-1,179159211;0,95216776;0,310176901;1;1,341652727;1,72788793;-7,708263636;1;;;;;;;;;;;;;
723;-0,043313626;1,208407424;-0,956686374;1;-1,597396968;1,095244297;0,77488552;1;-0,842558851;1,410927137;3,212794254;1;;;;;;;;;;;;;
724;-0,115302435;0,81333873;-0,884697565;1;-0,440456737;0,660124488;-0,510603625;1;0,100221546;1,357651927;-1,501107728;1;;;;;;;;;;;;;
725;0,223220685;1,248355137;-1,223220685;1;-1,38909718;0,923620136;0,543441311;1;-0,928089045;1,322600299;3,640445223;1;;;;;;;;;;;;;
726;-4,019367504;1,691778884;3,019367504;1;1,609320411;1,178369381;-2,78813379;0;1,927268382;1,459060241;-10,63634191;1;;;;;;;;;;;;;
727;-2,290590885;1,378678044;1,290590885;1;-4,955935853;2,279783492;4,506595392;1;-4,312505443;2,654770182;20,56252721;1;;;;;;;;;;;;;
728;0,832998445;1,438637507;-1,832998445;1;-1,09148921;1,104020591;0,212765789;1;-1,879275929;2,67620827;8,396379645;1;;;;;;;;;;;;;
729;-0,115415851;3,074649516;-0,884584149;1;-0,437715346;2,293931587;-0,513649616;1;-0,222873669;3,935438411;0,114368345;1;;;;;;;;;;;;;
730;-0,622374007;0,618911523;-0,377625993;1;-1,845783929;0,866907411;1,050871032;1;-0,562207071;0,820427269;1,811035354;1;;;;;;;;;;;;;
731;0,542460517;0,986095959;-1,542460517;1;-0,646219267;0,97018455;-0,281978593;1;-0,910147243;1,657623324;3,550736216;1;;;;;;;;;;;;;
732;-1,007297982;0,913106745;0,007297982;1;-1,52523826;0,990900858;0,694709178;1;0,549979748;1,05105796;-3,749898739;1;;;;;;;;;;;;;
733;-1,80819914;0,725092161;0,80819914;1;-3,233514546;1,573546819;2,592793941;1;0,777232521;1,167946612;-4,886162603;1;;;;;;;;;;;;;
734;-0,469895922;0,592612044;-0,530104078;1;-1,610554023;1,149745215;0,78950447;1;-1,551167346;1,117216533;6,755836731;1;;;;;;;;;;;;;
735;-1,822191368;0,976908285;0,822191368;1;-1,359303057;0,909746928;0,51033673;1;0,206970597;1,327811302;-2,034852986;1;;;;;;;;;;;;;
736;-1,002573046;1,272512491;0,002573046;1;-2,114454401;1,514100708;1,349393779;1;-2,220706749;2,242204544;10,10353374;1;;;;;;;;;;;;;
737;-2,28608231;1,359791323;1,28608231;1;-0,081007767;1,041658762;-0,90999137;1;0,72838865;1,531092575;-4,641943251;1;;;;;;;;;;;;;
738;-1,050586969;0,779823159;0,050586969;1;-0,47206191;0,874919726;-0,475486767;1;-2,587963064;1,760930373;11,93981532;1;;;;;;;;;;;;;
739;-0,981747622;0,727881346;-0,018252378;1;-0,661320972;0,977116855;-0,26519892;1;-4,389833865;1,741413974;20,94916933;0;;;;;;;;;;;;;
740;0,67211451;0,907813066;-1,67211451;1;-3,198558845;1,178239959;2,553954272;1;-3,572348635;1,712168841;16,86174317;0;;;;;;;;;;;;;
741;-3,352878781;1,449791885;2,352878781;1;-2,585433065;1,623590212;1,872703406;1;2,871478202;2,409576089;-15,35739101;1;;;;;;;;;;;;;
742;-0,319902441;1,101244685;-0,680097559;1;-0,676383878;0,870484199;-0,248462357;1;-0,904329748;1,707211772;3,521648742;1;;;;;;;;;;;;;
743;-3,327158189;1,801588863;2,327158189;1;1,04358642;1,635792918;-2,159540467;1;-0,918836317;2,093621455;3,594181583;1;;;;;;;;;;;;;
744;-2,494095171;1,020610475;1,494095171;1;-0,225586564;0,939495227;-0,749348263;1;1,206882964;1,432983347;-7,034414818;1;;;;;;;;;;;;;
745;-2,247133889;1,822814595;1,247133889;1;-0,782682487;1,743418699;-0,130352793;1;2,447005218;2,469703695;-13,23502609;1;;;;;;;;;;;;;
746;-0,297084165;1,49242163;-0,702915835;1;-1,239725099;1,030084206;0,377472332;1;-1,021246722;1,674767155;4,10623361;1;;;;;;;;;;;;;
747;-1,54578642;1,159729276;0,54578642;1;-2,497095815;1,098319063;1,774550905;1;0,885826733;1,705743888;-5,429133667;1;;;;;;;;;;;;;
748;-1,51770451;1,911464009;0,51770451;1;-1,419609269;1,274751446;0,577343632;1;0,596948829;2,218501988;-3,984744147;1;;;;;;;;;;;;;
749;-2,531024304;2,468301648;1,531024304;1;0,426110603;1,607438218;-1,473456225;1;5,802553271;3,908323125;-30,01276636;1;;;;;;;;;;;;;
750;-6,55413076;3,905025603;5,55413076;1;-1,33079625;2,334885009;0,4786625;1;5,838634217;4,581816431;-30,19317109;1;;;;;;;;;;;;;
751;-1,32136648;1,474095263;0,32136648;1;-1,271196791;0,944031633;0,412440879;1;1,024551691;1,687254931;-6,122758455;1;;;;;;;;;;;;;
752;-2,544216054;1,515582192;1,544216054;1;-0,023278133;1,101890915;-0,974135407;1;1,311184924;1,997556275;-7,555924618;1;;;;;;;;;;;;;
753;-4,603568644;3,393310581;3,603568644;1;1,578015951;1,947228154;-2,753351057;1;5,157527832;3,801491086;-26,78763916;1;;;;;;;;;;;;;
754;-2,144017515;1,176214117;1,144017515;1;-2,549197528;1,052288079;1,832441698;1;3,181412011;1,64196119;-16,90706005;0;;;;;;;;;;;;;
755;-0,07283022;1,804198772;-0,92716978;1;-0,764204295;1,24532582;-0,150884117;1;-0,026709834;2,875791018;-0,866450828;1;;;;;;;;;;;;;
756;-1,359674787;1,284675908;0,359674787;1;-3,017548716;2,808946282;2,352831906;1;1,240550862;1,698176325;-7,202754311;1;;;;;;;;;;;;;
757;-1,99435958;1,840621146;0,99435958;1;-2,613790027;2,178436538;1,904211141;1;-1,886656688;2,956105197;8,433283442;1;;;;;;;;;;;;;
758;-2,30792735;1,096047683;1,30792735;1;-0,429557725;0,874722476;-0,522713639;1;1,606975472;1,27142759;-9,034877359;1;;;;;;;;;;;;;
759;-4,476540669;1,896865994;3,476540669;1;-5,782525829;2,542259142;5,425028699;1;3,109107617;2,431412313;-16,54553809;1;;;;;;;;;;;;;
760;-0,893915713;1,18677144;-0,106084287;1;-0,629161206;1,031259951;-0,300931994;1;-1,563713746;1,714937591;6,81856873;1;;;;;;;;;;;;;
761;-0,031053553;1,260240631;-0,968946447;1;-3,580130948;2,051840479;2,977923275;1;-1,06689828;1,824279261;4,334491401;1;;;;;;;;;;;;;
762;-2,601587891;0,951049407;1,601587891;1;-3,269067768;1,272076917;2,63229752;1;3,036795169;1,495405724;-16,18397584;0;;;;;;;;;;;;;
763;-1,05389702;1,523407867;0,05389702;1;-2,919829767;2,113377534;2,244255296;1;-2,294625852;2,325801717;10,47312926;1;;;;;;;;;;;;;
764;-2,997295879;1,419843854;1,997295879;1;-1,299922672;0,757219906;0,444358525;1;3,811355078;2,087374928;-20,05677539;1;;;;;;;;;;;;;
765;-0,957874638;1,121086001;-0,042125362;1;0,054052662;1,16355363;-1,060058513;1;-5,321575392;2,850918698;25,60787696;1;;;;;;;;;;;;;
766;-5,052772537;2,661601828;4,052772537;1;0,196679698;1,831359822;-1,218532997;1;0,919558837;3,182777736;-5,597794185;1;;;;;;;;;;;;;
767;-2,331644261;1,594298547;1,331644261;1;0,761658532;1,363043372;-1,846287257;1;-1,752811754;2,081342165;7,76405877;1;;;;;;;;;;;;;
768;0,261664603;1,366442028;-1,261664603;1;-0,000839965;1,684744755;-0,999066705;1;-0,490175758;2,055195993;1,450878789;1;;;;;;;;;;;;;
769;-1,004777594;0,678802811;0,004777594;1;-2,828137466;1,335707933;2,142374962;1;-0,862217443;1,350960963;3,311087216;1;;;;;;;;;;;;;
770;-2,023787449;1,0001778;1,023787449;1;-5,229809979;2,499177742;4,810899977;1;-0,415271879;1,401295898;1,076359395;1;;;;;;;;;;;;;
771;-7,94639977;2,080397292;6,94639977;0;1,759785561;1,087022306;-2,95531729;0;6,19377474;2,217637474;-31,9688737;0;;;;;;;;;;;;;
772;-1,382084107;0,765345112;0,382084107;1;-4,462495532;2,017795717;3,958328369;1;-0,783326148;1,377524625;2,916630742;1;;;;;;;;;;;;;
773;0,929284595;1,691019831;-1,929284595;1;-1,333184288;1,281019661;0,481315875;1;-0,004288371;2,111163371;-0,978558145;1;;;;;;;;;;;;;
774;0,439108166;0,872329247;-1,439108166;1;-1,515552619;1,005647921;0,683947355;1;-1,111712537;1,431494117;4,558562686;1;;;;;;;;;;;;;
775;-1,061044631;1,791471336;0,061044631;1;-0,956416396;1,112890325;0,062684884;1;0,557734758;3,473849836;-3,788673789;1;;;;;;;;;;;;;
776;-1,077948459;0,779850218;0,077948459;1;-0,536377952;0,897672596;-0,404024497;1;-0,152042339;1,311057165;-0,239788304;1;;;;;;;;;;;;;
777;-1,028026518;1,270543468;0,028026518;1;-1,666459054;1,18706159;0,851621171;1;-0,720838356;1,523040754;2,604191779;1;;;;;;;;;;;;;
778;-3,35956044;1,636625455;2,35956044;1;-1,806367994;1,231545319;1,007075549;1;1,659650265;2,245530718;-9,298251327;1;;;;;;;;;;;;;
779;-1,234142992;0,853752313;0,234142992;1;-0,196727393;1,046971019;-0,781414008;1;-0,715673328;1,873173061;2,578366641;1;;;;;;;;;;;;;
780;-1,984533518;1,235383967;0,984533518;1;-2,750226949;1,424390486;2,055807721;1;0,602530154;2,039118912;-4,012650768;1;;;;;;;;;;;;;
781;-1,393468654;1,25309861;0,393468654;1;-2,791761002;1,327418839;2,101956669;1;2,830260576;2,092542984;-15,15130288;1;;;;;;;;;;;;;
782;-1,956412573;1,507470573;0,956412573;1;-2,763619131;1,450400275;2,070687923;1;0,043098182;1,958697493;-1,215490912;1;;;;;;;;;;;;;
783;0,093697292;2,181932826;-1,093697292;1;-1,190743245;1,238876461;0,323048049;1;-0,649331971;2,390744168;2,246659856;1;;;;;;;;;;;;;
784;-0,606401388;0,982282892;-0,393598612;1;-0,580886985;1,006776837;-0,354570016;1;-5,113029019;2,131337234;24,5651451;0;;;;;;;;;;;;;
785;0,293273112;1,86644165;-1,293273112;1;-0,833140547;1,920391588;-0,074288281;1;-3,880507898;3,81668508;18,40253949;1;;;;;;;;;;;;;
786;-0,576682759;0,825422831;-0,423317241;1;-0,218468878;0,612520893;-0,757256802;1;-1,013584914;1,050779539;4,067924569;1;;;;;;;;;;;;;
787;-4,462831757;2,430276247;3,462831757;1;0,773632841;1,643392652;-1,859592046;1;5,132303786;3,295144059;-26,66151893;1;;;;;;;;;;;;;
788;-0,899367896;1,383893336;-0,100632104;1;-0,966810232;1,40857527;0,074233591;1;1,253559468;2,141265047;-7,267797341;1;;;;;;;;;;;;;
789;-1,449553533;2,024275819;0,449553533;1;-0,502260849;1,782698801;-0,44193239;1;2,228259783;2,589184271;-12,14129892;1;;;;;;;;;;;;;
790;-1,549239214;1,025930773;0,549239214;1;-1,238420483;0,817558171;0,376022759;1;0,659429756;1,47568272;-4,297148779;1;;;;;;;;;;;;;
791;-2,857694526;1,367191198;1,857694526;1;-2,376460206;1,27910512;1,64051134;1;3,245465318;2,009058974;-17,22732659;1;;;;;;;;;;;;;
792;-1,787351665;1,247159334;0,787351665;1;1,002602568;0,974114984;-2,114002853;1;-1,279086961;1,681870873;5,395434804;1;;;;;;;;;;;;;
793;0,046270907;1,704830551;-1,046270907;1;-0,306371771;1,625269097;-0,659586921;1;-1,550961579;2,911327488;6,754807896;1;;;;;;;;;;;;;
794;-3,576364599;2,998778295;2,576364599;1;-3,211573304;2,050069536;2,568414783;1;6,546251593;4,518584185;-33,73125797;1;;;;;;;;;;;;;
795;-0,487680027;1,075470467;-0,512319973;1;-2,043864271;1,353133695;1,270960301;1;-1,82952553;1,397148692;8,147627649;1;;;;;;;;;;;;;
796;0,594331049;1,848926304;-1,594331049;1;-3,195628461;1,611825698;2,55069829;1;-4,374980455;2,15525595;20,87490227;1;;;;;;;;;;;;;
797;-3,264684642;1,966887479;2,264684642;1;-0,463565014;1,138204505;-0,484927763;1;1,817791471;2,368234975;-10,08895735;1;;;;;;;;;;;;;
798;-4,506943854;2,432429676;3,506943854;1;-2,249659957;1,505169675;1,499622175;1;7,384739567;3,23346523;-37,92369784;0;;;;;;;;;;;;;
799;-1,715556031;1,577023331;0,715556031;1;0,781674873;1,491721536;-1,868527637;1;-5,711737134;2,813829754;27,55868567;1;;;;;;;;;;;;;
800;-1,688688638;1,179075059;0,688688638;1;-0,061690701;1,132152735;-0,931454777;1;1,873938025;1,708926791;-10,36969013;1;;;;;;;;;;;;;
801;-3,748611445;2,055473409;2,748611445;1;-4,991407772;2,732205896;4,546008636;1;2,8426907;2,541986358;-15,2134535;1;;;;;;;;;;;;;
802;-0,599789705;1,367137412;-0,400210295;1;-1,566363953;1,0120323;0,740404392;1;-1,514034873;1,579733463;6,570174363;1;;;;;;;;;;;;;
803;-1,730020025;1,185257087;0,730020025;1;0,119264796;1,11196438;-1,132516441;1;-5,957346078;2,438191544;28,78673039;0;;;;;;;;;;;;;
804;-2,798758567;1,010699473;1,798758567;1;0,533403567;1,02117587;-1,59267063;1;-1,615359825;1,762563479;7,076799127;1;;;;;;;;;;;;;
805;-0,290975311;1,311609986;-0,709024689;1;-2,879518556;1,659149005;2,199465063;1;0,67100425;1,926531728;-4,355021251;1;;;;;;;;;;;;;
806;-1,519088681;1,173734968;0,519088681;1;-2,185408483;1,089669957;1,428231648;1;0,976310773;2,260658222;-5,881553866;1;;;;;;;;;;;;;
807;-1,126661582;1,002915143;0,126661582;1;-2,688972058;1,539885182;1,987746731;1;-0,646047985;1,494829587;2,230239923;1;;;;;;;;;;;;;
808;-2,141690835;1,014784489;1,141690835;1;-4,440130351;1,738493865;3,933478167;0;0,580419195;1,291414445;-3,902095974;1;;;;;;;;;;;;;
809;-0,641488447;4,134815563;-0,358511553;1;-0,836685044;1,479443406;-0,070349951;1;-0,006006969;2,195173347;-0,969965154;1;;;;;;;;;;;;;
810;-0,277518488;1,820725873;-0,722481512;1;-1,081778384;1,633902957;0,201975983;1;-0,371812085;1,665007439;0,859060426;1;;;;;;;;;;;;;
811;-3,012156262;1,953629976;2,012156262;1;1,141346971;1,398829478;-2,268163301;1;1,491412958;2,089944595;-8,457064792;1;;;;;;;;;;;;;
812;-3,036846346;1,443009537;2,036846346;1;-0,834891105;0,890318097;-0,072343217;1;2,780504803;1,492918008;-14,90252402;0;;;;;;;;;;;;;
813;-3,27729263;1,934143599;2,27729263;1;1,124333242;1,442015672;-2,249259157;1;2,577558387;2,378487627;-13,88779194;1;;;;;;;;;;;;;
814;-2,443878456;1,745994081;1,443878456;1;0,066872402;0,835814202;-1,074302669;1;2,684942233;1,990909411;-14,42471116;1;;;;;;;;;;;;;
815;-0,986462071;0,996496595;-0,013537929;1;-3,026502133;1,692015148;2,362780148;1;-0,755200634;1,422353177;2,77600317;1;;;;;;;;;;;;;
816;-1,198018336;1,078018615;0,198018336;1;-1,95446407;1,048273997;1,171626744;1;0,138333728;1,572839597;-1,691668638;1;;;;;;;;;;;;;
817;-1,638082564;1,174677634;0,638082564;1;-0,39541772;1,123164645;-0,560646977;1;-1,212850578;1,984632744;5,064252889;1;;;;;;;;;;;;;
818;2,843104736;1,969702171;-3,843104736;1;-3,577539275;1,525528077;2,975043639;1;-6,36135219;2,463078847;30,80676095;0;;;;;;;;;;;;;
819;1,869616685;1,320602438;-2,869616685;0;-1,05126463;1,007244723;0,168071811;1;-2,186184029;1,684431412;9,930920147;1;;;;;;;;;;;;;
820;-2,694423669;1,477385759;1,694423669;1;-0,095131033;1,049881866;-0,894298853;1;0,542688729;2,271659915;-3,713443646;1;;;;;;;;;;;;;
821;-0,258793254;0,926847404;-0,741206746;1;-0,148998903;0,775618065;-0,834445663;1;-2,863786487;1,372281131;13,31893244;1;;;;;;;;;;;;;
822;-2,599039228;1,127182537;1,599039228;1;-2,402812543;1,410879595;1,669791714;1;0,726475145;1,651748562;-4,632375726;1;;;;;;;;;;;;;
823;0,024478765;0,668856762;-1,024478765;1;-0,591040111;0,758624834;-0,343288765;1;-0,787306808;0,910246936;2,936534039;1;;;;;;;;;;;;;
824;-4,164822042;1,692371683;3,164822042;1;1,194535721;1,249318585;-2,327261912;1;1,05700865;1,546997739;-6,285043248;1;;;;;;;;;;;;;
825;-1,622136696;1,047119885;0,622136696;1;-4,149400342;2,306271657;3,610444825;1;-1,676005737;1,989883057;7,380028685;1;;;;;;;;;;;;;
826;-2,633747252;1,68275575;1,633747252;1;-3,554224974;1,579034404;2,94913886;1;1,609386562;2,126095547;-9,046932811;1;;;;;;;;;;;;;
827;-3,012746486;1,859969709;2,012746486;1;-0,310558157;1,874149847;-0,654935381;1;-0,301674825;2,646249949;0,508374127;1;;;;;;;;;;;;;
828;-0,923594164;0,825863118;-0,076405836;1;-5,072560996;2,041577603;4,636178884;0;0,156790842;1,327338875;-1,78395421;1;;;;;;;;;;;;;
829;-3,26455762;1,372024067;2,26455762;1;-0,254012957;0,849707525;-0,717763381;1;2,316820091;1,710527315;-12,58410045;1;;;;;;;;;;;;;
830;-0,782700801;1,222990841;-0,217299199;1;-5,36782928;2,228058482;4,964254756;0;-4,362196715;2,094661499;20,81098357;0;;;;;;;;;;;;;
831;0,148624018;1,482897644;-1,148624018;1;-1,338112549;1,157123847;0,486791721;1;-5,366386839;2,02995892;25,8319342;0;;;;;;;;;;;;;
832;-1,004033263;0,94878204;0,004033263;1;-2,817379387;1,288855161;2,130421541;1;1,543404209;1,117479434;-8,717021045;1;;;;;;;;;;;;;
833;-5,071302082;1,935540439;4,071302082;0;-0,39202747;1,080117241;-0,564413923;1;3,710552031;2,132241003;-19,55276015;1;;;;;;;;;;;;;
834;0,421510748;3,140384841;-1,421510748;1;-2,549422356;3,645025952;1,832691507;1;0,085167615;4,140015968;-1,425838073;1;;;;;;;;;;;;;
835;-0,709977909;0,848957451;-0,290022091;1;-0,934513118;0,793296673;0,038347908;1;0,955794666;1,250227665;-5,778973329;1;;;;;;;;;;;;;
836;-3,856591067;2,052545984;2,856591067;1;2,326608139;1,452553286;-3,585120155;0;2,764264644;2,182946712;-14,82132322;1;;;;;;;;;;;;;
837;-2,077576416;1,362487119;1,077576416;1;0,089470522;0,861747824;-1,099411691;1;-0,90338627;2,149998271;3,516931348;1;;;;;;;;;;;;;
838;-2,35390721;1,828468251;1,35390721;1;-1,569035187;1,487332882;0,74337243;1;1,739543072;2,544827221;-9,697715358;1;;;;;;;;;;;;;
839;-2,904025031;2,023824347;1,904025031;1;0,433076671;1,695518804;-1,481196301;1;0,181139312;3,032863858;-1,905696558;1;;;;;;;;;;;;;
840;-1,642821114;0,7123632;0,642821114;1;-8,247934545;3,435718246;8,164371717;0;-0,70947789;1,093212384;2,547389448;1;;;;;;;;;;;;;
841;-1,685936126;1,259444396;0,685936126;1;-1,281596801;0,948694728;0,423996446;1;0,973338774;1,663010993;-5,866693871;1;;;;;;;;;;;;;
842;1,867027621;1,981996353;-2,867027621;1;-3,424654654;1,418458188;2,805171838;1;-3,092706364;1,968101276;14,46353182;1;;;;;;;;;;;;;
843;0,896536449;0,985801842;-1,896536449;1;-1,820789799;0,787984601;1,023099777;1;-3,088799529;1,580619719;14,44399764;1;;;;;;;;;;;;;
844;-2,279358677;0,847868681;1,279358677;1;-2,874028748;1,727694472;2,193365276;1;1,110832964;1,207213421;-6,55416482;1;;;;;;;;;;;;;
845;-2,356721807;1,102754256;1,356721807;1;-1,305990797;0,910566044;0,451100885;1;3,33792351;1,66389996;-17,68961755;0;;;;;;;;;;;;;
846;-1,677020593;1,070250379;0,677020593;1;0,065809345;0,822324253;-1,073121494;1;0,092054539;1,343010498;-1,460272694;1;;;;;;;;;;;;;
847;-1,890102815;1,285656362;0,890102815;1;-0,720093889;0,878162118;-0,199895679;1;1,387072354;1,448961241;-7,935361768;1;;;;;;;;;;;;;
848;-2,152461878;1,220470555;1,152461878;1;-2,04363943;1,335267331;1,270710478;1;0,880935423;1,650768165;-5,404677115;1;;;;;;;;;;;;;
849;0,335510262;0,758378192;-1,335510262;1;-1,534143875;0,986267836;0,704604306;1;-0,965587995;1,059672302;3,827939977;1;;;;;;;;;;;;;
850;-5,416630437;1,884139223;4,416630437;0;0,563397257;1,228418222;-1,625996953;1;3,627899692;1,891158404;-19,13949846;0;;;;;;;;;;;;;
851;-0,814174279;0,84446831;-0,185825721;1;-0,797867491;0,999581834;-0,113480565;1;-0,094613567;1,162467796;-0,526932164;1;;;;;;;;;;;;;
852;-1,34607907;1,527837687;0,34607907;1;-2,089989507;1,547164873;1,322210564;1;1,078763728;2,513199743;-6,39381864;1;;;;;;;;;;;;;
853;-1,353814646;2,619593159;0,353814646;1;-0,428016884;1,900705947;-0,524425684;1;0,157879073;4,228262052;-1,789395364;1;;;;;;;;;;;;;
854;-1,475944591;1,351185596;0,475944591;1;-1,564712132;1,3161794;0,738569035;1;3,08237274;2,401796976;-16,4118637;1;;;;;;;;;;;;;
855;-1,113276898;1,094899088;0,113276898;1;-1,058696209;0,920714715;0,176329121;1;-0,553193867;1,310128651;1,765969337;1;;;;;;;;;;;;;
856;-0,900948565;0,9290515;-0,099051435;1;-0,499843785;0,999005704;-0,444618017;1;0,257944115;1,380015564;-2,289720577;1;;;;;;;;;;;;;
857;0,222502777;0,815075482;-1,222502777;1;-1,046133867;0,831217488;0,162370963;1;-3,567435244;1,440219655;16,83717622;0;;;;;;;;;;;;;
858;-1,757821835;0,886215105;0,757821835;1;-0,691672577;0,860011301;-0,231474915;1;0,495382192;1,515869577;-3,476910961;1;;;;;;;;;;;;;
859;-1,659599594;1,694903167;0,659599594;1;-1,723602987;1,778214684;0,91511443;1;-2,266582844;3,140988006;10,33291422;1;;;;;;;;;;;;;
860;-4,582689943;2,418587779;3,582689943;1;-0,271318879;1,847665964;-0,698534579;1;1,907864735;3,101514561;-10,53932368;1;;;;;;;;;;;;;
861;-2,522395546;1,809720385;1,522395546;1;0,422014314;1,414091682;-1,468904793;1;-1,032289736;2,791970608;4,161448682;1;;;;;;;;;;;;;
862;-0,972835455;1,129930042;-0,027164545;1;-0,259525162;0,863306773;-0,711638709;1;0,014273068;1,286002888;-1,071365341;1;;;;;;;;;;;;;
863;-0,346444492;1,582711216;-0,653555508;1;-0,87593693;1,048556451;-0,026736744;1;-0,028564594;1,680311942;-0,857177029;1;;;;;;;;;;;;;
864;-1,133041031;1,901434239;0,133041031;1;-6,910752689;2,70533437;6,678614099;0;0,540874002;2,295742361;-3,704370008;1;;;;;;;;;;;;;
865;-2,669670282;4,093685924;1,669670282;1;0,311467461;2,483247;-1,346074957;1;-1,113286159;4,834745332;4,566430797;1;;;;;;;;;;;;;
866;-2,707819187;1,603896011;1,707819187;1;-0,998733388;1,275123119;0,109703765;1;1,802782595;1,726539161;-10,01391297;1;;;;;;;;;;;;;
867;-4,84224589;2,27143748;3,84224589;1;0,526793158;1,269682208;-1,585325731;1;3,383076636;2,272529212;-17,91538318;1;;;;;;;;;;;;;
868;-1,863687345;1,585425157;0,863687345;1;-0,455604983;0,984531119;-0,493772242;1;1,860078135;1,850161839;-10,30039068;1;;;;;;;;;;;;;
869;-1,822034927;1,333548367;0,822034927;1;-1,714262559;1,221931663;0,904736177;1;-0,768945579;2,003658291;2,844727895;1;;;;;;;;;;;;;
870;-1,495327325;3,48916836;0,495327325;1;-0,064204927;2,168158924;-0,928661192;1;-0,299370725;5,291018765;0,496853623;1;;;;;;;;;;;;;
871;-0,948487104;0,637908863;-0,051512896;1;-0,44388065;0,899723394;-0,506799278;1;-1,326641871;1,345113654;5,633209357;1;;;;;;;;;;;;;
872;-0,879783572;1,120453845;-0,120216428;1;-2,806171462;1,372361837;2,117968291;1;-1,058625651;1,455935148;4,293128254;1;;;;;;;;;;;;;
873;-1,076105728;1,029086671;0,076105728;1;-0,376892008;1,06751409;-0,581231102;1;-1,899443261;1,432481985;8,497216303;1;;;;;;;;;;;;;
874;-1,244379129;1,146530358;0,244379129;1;-3,291717714;1,494302969;2,657464127;1;-1,454558488;1,660329523;6,272792441;1;;;;;;;;;;;;;
875;-0,386484953;0,958746184;-0,613515047;1;-2,083747801;1,095695103;1,315275335;1;0,294857847;1,59964038;-2,474289236;1;;;;;;;;;;;;;
876;-0,714202535;2,047218962;-0,285797465;1;-2,00179515;1,517981271;1,224216834;1;-0,513987082;2,491488054;1,56993541;1;;;;;;;;;;;;;
877;-3,689893955;2,056711858;2,689893955;1;-2,833042972;1,448460678;2,147825524;1;5,180311086;3,297802881;-26,90155543;1;;;;;;;;;;;;;
878;-2,975650068;1,717726883;1,975650068;1;-2,484176262;1,55827372;1,760195846;1;3,434257601;2,205287895;-18,171288;1;;;;;;;;;;;;;
879;2,180351795;2,450169865;-3,180351795;1;0,221593311;2,342041325;-1,24621479;1;-4,073103965;4,200622251;19,36551983;1;;;;;;;;;;;;;
880;-1,568215065;1,65926106;0,568215065;1;-0,912647824;1,334597673;0,014053138;1;-0,620928751;2,154184236;2,104643753;1;;;;;;;;;;;;;
881;-0,703936585;1,126800774;-0,296063415;1;-0,281537209;0,834498334;-0,687180879;1;-1,333481192;1,643302215;5,66740596;1;;;;;;;;;;;;;
882;-1,966203971;0,999832885;0,966203971;1;-0,588150095;1,094672521;-0,346499895;1;-0,817346213;1,593524512;3,086731063;1;;;;;;;;;;;;;
883;-1,894054823;0,768791649;0,894054823;1;-1,510688705;1,08794547;0,678543006;1;-0,783790874;1,371017806;2,918954372;1;;;;;;;;;;;;;
884;0,70320704;0,862168776;-1,70320704;0;-0,633023723;0,808923159;-0,296640308;1;-2,54254199;2,261837041;11,71270995;1;;;;;;;;;;;;;
885;-1,445493042;1,029322082;0,445493042;1;-6,705918463;2,398328531;6,451020514;0;0,617025019;1,043156125;-4,085125094;1;;;;;;;;;;;;;
886;-0,80706745;1,036447433;-0,19293255;1;-2,328949814;1,073286268;1,587722016;1;-1,020747893;1,660828522;4,103739465;1;;;;;;;;;;;;;
887;-0,960418209;0,850356992;-0,039581791;1;0,115192759;1,447424002;-1,127991954;1;-3,756566076;2,539785841;17,78283038;1;;;;;;;;;;;;;
888;-1,838684968;1,17841998;0,838684968;1;0,943928167;1,182283652;-2,048809075;1;-0,799718699;1,769529819;2,998593497;1;;;;;;;;;;;;;
889;-1,174758157;0,861083812;0,174758157;1;-0,886825161;0,939135758;-0,01463871;1;-0,313713996;1,093599874;0,568569979;1;;;;;;;;;;;;;
890;0,100149093;1,27942123;-1,100149093;1;-0,727729992;1,244016025;-0,19141112;1;-5,311205808;2,055551202;25,55602904;0;;;;;;;;;;;;;
891;-0,441494589;0,984488183;-0,558505411;1;-1,745490936;1,1264688;0,939434373;1;-0,463814095;1,194934524;1,319070473;1;;;;;;;;;;;;;
892;-3,645141477;2,138974776;2,645141477;1;-0,814032885;1,288951066;-0,095519017;1;2,626619527;2,677812617;-14,13309764;1;;;;;;;;;;;;;
893;-1,909153326;1,034451683;0,909153326;1;-0,866718093;1,100041867;-0,036979897;1;-0,094186723;1,737398623;-0,529066387;1;;;;;;;;;;;;;
894;-2,144782991;1,202152885;1,144782991;1;-2,841449639;2,117211761;2,157166266;1;0,445189609;1,66176977;-3,225948044;1;;;;;;;;;;;;;
895;-4,139505409;2,840473379;3,139505409;1;-3,983299105;2,477693743;3,425887895;1;3,789599013;2,664017353;-19,94799507;1;;;;;;;;;;;;;
896;-0,841654759;1,105607894;-0,158345241;1;-1,457255316;1,410267109;0,619172574;1;-0,942140057;1,784338073;3,710700284;1;;;;;;;;;;;;;
897;-0,615057275;1,358175609;-0,384942725;1;-0,989329586;1,306963738;0,099255096;1;-1,800942224;2,042658802;8,004711119;1;;;;;;;;;;;;;
898;-6,961270197;2,082340868;5,961270197;0;-1,889599462;1,382937744;1,099554958;1;9,552774314;3,735652849;-48,76387157;0;;;;;;;;;;;;;
899;-2,943727301;1,48928318;1,943727301;1;-4,124790119;2,041252643;3,583100132;1;2,138492153;2,134798047;-11,69246077;1;;;;;;;;;;;;;
900;0,072731077;0,673135639;-1,072731077;1;-1,189192342;1,159357344;0,321324825;1;1,280227601;1,713597651;-7,401138005;1;;;;;;;;;;;;;
901;-2,057865293;1,275902871;1,057865293;1;-1,010580659;1,442827082;0,122867399;1;-4,498101193;2,190681706;21,49050597;0;;;;;;;;;;;;;
902;-2,926154002;1,631741682;1,926154002;1;0,651207518;1,264541613;-1,723563909;1;0,233879798;2,288629376;-2,169398988;1;;;;;;;;;;;;;
903;0,802289856;1,803245038;-1,802289856;1;-0,134529969;1,079957119;-0,850522257;1;-3,162853689;1,574888829;14,81426845;1;;;;;;;;;;;;;
904;-4,285609564;1,491266049;3,285609564;0;-1,232984751;1,303982296;0,369983056;1;5,494693281;2,319352681;-28,4734664;0;;;;;;;;;;;;;
905;-1,355970113;1,674523621;0,355970113;1;-0,044214189;1,452257108;-0,950873123;1;0,337636568;2,232334066;-2,688182838;1;;;;;;;;;;;;;
906;-1,559863297;0,759498495;0,559863297;1;-0,733175371;0,861764792;-0,185360699;1;0,719699749;0,95042205;-4,598498743;1;;;;;;;;;;;;;
907;-2,425575239;1,211417719;1,425575239;1;-0,444023072;1,247169214;-0,506641031;1;-0,51567128;2,078724488;1,578356401;1;;;;;;;;;;;;;
908;-1,830355082;1,327761647;0,830355082;1;0,079849158;0,955546405;-1,088721286;1;2,152719307;2,240014906;-11,76359654;1;;;;;;;;;;;;;
909;-4,134574368;2,835676351;3,134574368;1;2,396814274;2,178584345;-3,663126971;1;0,970997118;5,001014272;-5,85498559;1;;;;;;;;;;;;;
910;-6,547757943;2,255113581;5,547757943;0;-2,473271585;1,733587606;1,748079539;1;4,790689027;2,470982192;-24,95344513;0;;;;;;;;;;;;;
911;-4,566368079;2,123291883;3,566368079;1;0,119615724;1,883770578;-1,132906361;1;-0,204076305;3,563229377;0,020381524;1;;;;;;;;;;;;;
912;-0,281194118;1,047641983;-0,718805882;1;-1,51607076;1,208714498;0,684523067;1;-0,677130621;1,980380461;2,385653104;1;;;;;;;;;;;;;
913;-0,710220488;0,737436253;-0,289779512;1;0,052307303;0,784553391;-1,058119225;1;-3,772284246;1,521878965;17,86142123;0;;;;;;;;;;;;;
914;1,48440439;1,967431697;-2,48440439;1;-0,483089968;1,322257379;-0,463233369;1;-6,533389204;2,544137932;31,66694602;0;;;;;;;;;;;;;
915;-0,521024675;1,039244698;-0,478975325;1;-0,680033224;0,900092906;-0,244407528;1;1,151546572;2,05928995;-6,757732862;1;;;;;;;;;;;;;
916;-0,07783126;0,733430929;-0,92216874;1;-0,211587269;0,679748928;-0,764903035;1;-2,494125639;1,466921187;11,4706282;1;;;;;;;;;;;;;
917;-2,368170468;1,96174844;1,368170468;1;-0,075779231;1,378441062;-0,915800855;1;-0,455324076;2,19063216;1,27662038;1;;;;;;;;;;;;;
918;-1,073877632;1,544432111;0,073877632;1;-0,819147948;1,303842069;-0,089835614;1;-0,778865942;2,102655789;2,894329711;1;;;;;;;;;;;;;
919;-1,441135631;1,681792421;0,441135631;1;0,968657038;1,494443924;-2,076285597;1;0,058048694;2,338457222;-1,290243468;1;;;;;;;;;;;;;
920;0,916161756;1,36944709;-1,916161756;1;-2,334706387;0,996816763;1,594118208;1;-3,270415405;2,419004083;15,35207703;1;;;;;;;;;;;;;
921;-2,956425407;2,129520616;1,956425407;1;-0,903987204;1,4267693;0,004430227;1;1,697000993;3,262581811;-9,485004965;1;;;;;;;;;;;;;
922;-5,939635513;2,610750543;4,939635513;1;-0,354327615;1,707709196;-0,60630265;1;4,275423221;3,163810583;-22,3771161;1;;;;;;;;;;;;;
923;-5,357789969;3,893623332;4,357789969;1;-4,716423682;2,221853737;4,240470758;1;4,460583002;4,932228911;-23,30291501;1;;;;;;;;;;;;;
924;-1,44867317;0,976638028;0,44867317;1;-0,415675185;1,059931198;-0,538138683;1;-0,472271236;1,785210876;1,361356178;1;;;;;;;;;;;;;
925;-0,287099717;3,008541438;-0,712900283;1;-1,6825313;1,346845398;0,869479222;1;2,014261979;2,711986139;-11,07130989;1;;;;;;;;;;;;;
926;0,142964783;1,485207445;-1,142964783;1;-1,386278445;1,331405539;0,540309384;1;-1,5502018;1,898482327;6,751008999;1;;;;;;;;;;;;;
927;-1,818038546;1,233125456;0,818038546;1;0,597548882;1,059772305;-1,663943202;1;-0,946145578;1,33272452;3,73072789;1;;;;;;;;;;;;;
928;-3,302624571;2,880994793;2,302624571;1;-1,100016179;1,706070373;0,222240199;1;1,82926176;3,492986923;-10,1463088;1;;;;;;;;;;;;;
929;-2,185953992;1,402108619;1,185953992;1;-1,407810789;0,953629617;0,56423421;1;2,55987986;2,135755833;-13,7993993;1;;;;;;;;;;;;;
930;-4,312575446;2,163933373;3,312575446;1;-1,418082392;1,474431343;0,575647102;1;2,898509153;2,537220789;-15,49254577;1;;;;;;;;;;;;;
931;-2,512225276;1,632240538;1,512225276;1;0,319965297;1,037722155;-1,355516997;1;1,606327939;1,837637332;-9,031639694;1;;;;;;;;;;;;;
932;-0,339635927;1,445145667;-0,660364073;1;-2,61088205;1,789245787;1,900980056;1;-1,33555057;2,254664821;5,677752849;1;;;;;;;;;;;;;
933;-1,243231507;0,964398292;0,243231507;1;-0,996836869;1,116181905;0,107596522;1;-2,131424905;1,753077374;9,657124525;1;;;;;;;;;;;;;
934;-3,639730838;1,520384462;2,639730838;1;-0,157476634;0,774893572;-0,825025963;1;2,864009851;1,682568419;-15,32004926;1;;;;;;;;;;;;;
935;-2,796973972;2,93404811;1,796973972;1;-0,813331607;1,884417973;-0,096298215;1;2,416963058;3,046563153;-13,08481529;1;;;;;;;;;;;;;
936;0,080090468;1,138749303;-1,080090468;1;-1,12171127;0,749989229;0,246345855;1;-2,708015489;1,946415043;12,54007745;1;;;;;;;;;;;;;
937;-2,861289357;1,648419447;1,861289357;1;0,051001357;1,469520084;-1,056668175;1;-1,256839555;2,365503009;5,284197773;1;;;;;;;;;;;;;
938;-0,506479179;1,165085204;-0,493520821;1;-2,582250911;1,468479868;1,869167679;1;-0,627093641;1,825233839;2,135468207;1;;;;;;;;;;;;;
939;-0,750456325;0,899173637;-0,249543675;1;-0,800795083;0,774516011;-0,110227685;1;-1,043845881;1,381713871;4,219229404;1;;;;;;;;;;;;;
940;-0,57154979;1,41625772;-0,42845021;1;-2,632630565;1,230875288;1,925145073;1;3,377395854;2,614797113;-17,88697927;1;;;;;;;;;;;;;
941;-1,447196107;2,023674199;0,447196107;1;-2,979058561;1,659946765;2,310065068;1;2,264873083;3,092023123;-12,32436542;1;;;;;;;;;;;;;
942;1,644646532;1,037879775;-2,644646532;0;-1,526731401;0,832993396;0,696368223;1;-2,558205542;1,664254814;11,79102771;1;;;;;;;;;;;;;
943;-1,617415677;0,753212213;0,617415677;1;0,359178351;0,795973861;-1,399087056;1;-0,569846042;1,237194679;1,849230212;1;;;;;;;;;;;;;
944;-7,2421023;3,10853442;6,2421023;0;-0,419464253;1,529625508;-0,533928608;1;4,297302053;3,184453087;-22,48651027;1;;;;;;;;;;;;;
945;-1,414591204;1,935665267;0,414591204;1;-4,147200488;2,390279769;3,608000542;1;0,106164041;2,665045738;-1,530820207;1;;;;;;;;;;;;;
946;0,155187215;1,06710511;-1,155187215;1;-3,306679718;1,308831742;2,674088575;1;-1,064549012;1,278605441;4,322745062;1;;;;;;;;;;;;;
947;-2,686106895;1,690973397;1,686106895;1;0,024412774;1,289984404;-1,027125304;1;2,755813823;2,620869566;-14,77906911;1;;;;;;;;;;;;;
948;-1,186266216;1,515670525;0,186266216;1;-1,354631436;1,327933104;0,50514604;1;-2,230234641;2,179252617;10,15117321;1;;;;;;;;;;;;;
949;-2,316433876;1,188742432;1,316433876;1;-1,778183177;1,494251985;0,975759085;1;-1,693959795;2,455416952;7,469798973;1;;;;;;;;;;;;;
950;-0,718333374;1,278524246;-0,281666626;1;0,290850382;0,883414794;-1,323167091;1;-0,719741287;1,433563151;2,598706435;1;;;;;;;;;;;;;
951;-0,943623941;0,980498085;-0,056376059;1;-0,483538098;1,042933029;-0,462735446;1;-0,493245978;1,859697556;1,466229889;1;;;;;;;;;;;;;
952;4,512625894;1,870443367;-5,512625894;0;-3,753249418;2,725555308;3,170277131;1;-8,234761527;3,463782894;40,17380764;0;;;;;;;;;;;;;
953;-2,615495163;1,647748732;1,615495163;1;-2,010147059;1,152526064;1,233496732;1;5,378450016;2,321987941;-27,89225008;0;;;;;;;;;;;;;
954;-2,391815168;1,483989189;1,391815168;1;-0,381046668;0,990783751;-0,576614813;1;0,309799405;1,804266212;-2,548997026;1;;;;;;;;;;;;;
955;-1,796636025;2,190549233;0,796636025;1;-1,235952472;1,931772854;0,373280525;1;2,189495013;3,616375341;-11,94747507;1;;;;;;;;;;;;;
956;-0,915216664;1,012420873;-0,084783336;1;-1,244279062;1,069278493;0,382532291;1;-2,240483875;1,899417814;10,20241937;1;;;;;;;;;;;;;
957;-1,684320475;0,760441752;0,684320475;1;-4,160598182;1,64244689;3,622886868;0;1,758417204;1,29799783;-9,792086022;1;;;;;;;;;;;;;
958;-0,697697376;0,864964626;-0,302302624;1;-1,058471575;0,782753558;0,176079528;1;-0,79855464;1,245994597;2,992773201;1;;;;;;;;;;;;;
959;-0,915796328;2,084227198;-0,084203672;1;-0,677053073;1,093462858;-0,247718808;1;0,162090691;2,165093057;-1,810453454;1;;;;;;;;;;;;;
960;0,224020239;0,975055552;-1,224020239;1;-1,059169074;0,900087261;0,176854526;1;-1,150581105;1,188446614;4,752905526;1;;;;;;;;;;;;;
961;-3,221332245;1,652141999;2,221332245;1;-0,808459458;1,173012827;-0,101711713;1;4,515507621;2,409681402;-23,5775381;1;;;;;;;;;;;;;
962;-0,752925262;1,234164509;-0,247074738;1;0,070935659;1,509591427;-1,078817399;1;-1,180941277;2,397425737;4,904706387;1;;;;;;;;;;;;;
963;-2,292072697;1,978210245;1,292072697;1;-0,003587089;1,295047655;-0,996014346;1;0,514417933;2,507712737;-3,572089667;1;;;;;;;;;;;;;
964;-1,626557292;3,776422017;0,626557292;1;-1,496083485;2,877462245;0,662314983;1;-4,090529621;4,950705464;19,45264811;1;;;;;;;;;;;;;
965;-3,460098947;1,335720672;2,460098947;1;0,284472754;0,99413782;-1,316080838;1;0,777128243;1,72819754;-4,885641215;1;;;;;;;;;;;;;
966;-0,724617126;0,874304005;-0,275382874;1;-3,441183861;2,056555087;2,823537623;1;-1,863948908;1,49800038;8,31974454;1;;;;;;;;;;;;;
967;0,015051727;0,814720852;-1,015051727;1;-1,967512518;0,954949143;1,18612502;1;-1,114271307;1,280622653;4,571356536;1;;;;;;;;;;;;;
968;-1,843535035;1,512218559;0,843535035;1;-8,417408836;5,576506464;8,352676485;1;0,284970775;1,924681778;-2,424853874;1;;;;;;;;;;;;;
969;-1,266158046;1,33981111;0,266158046;1;-1,226139333;1,118926671;0,362377036;1;-0,609445241;2,340093968;2,047226204;1;;;;;;;;;;;;;
970;-3,578553171;1,860251734;2,578553171;1;1,03692632;1,415712553;-2,152140355;1;-1,125110483;2,397119883;4,625552415;1;;;;;;;;;;;;;
971;-1,661629685;0,852929704;0,661629685;1;-2,552920096;1,324778225;1,836577884;1;-0,840308578;1,300200708;3,20154289;1;;;;;;;;;;;;;
972;-0,368863022;1,265463412;-0,631136978;1;-1,820176205;1,420329445;1,022418005;1;0,974220688;1,985054324;-5,871103442;1;;;;;;;;;;;;;
973;-2,574504491;1,785486113;1,574504491;1;1,761797214;0,99270497;-2,95755246;0;1,300466897;2,351546266;-7,502334484;1;;;;;;;;;;;;;
974;-1,158570677;0,758622949;0,158570677;1;-0,693423193;0,796579504;-0,229529785;1;-0,237508567;1,120398574;0,187542836;1;;;;;;;;;;;;;
975;-1,804049217;1,402430258;0,804049217;1;-2,405825301;1,779541199;1,673139224;1;2,51014673;2,457968214;-13,55073365;1;;;;;;;;;;;;;
976;0,005675757;1,654254416;-1,005675757;1;-1,551726862;1,37730066;0,724140958;1;0,367455509;2,535053428;-2,837277543;1;;;;;;;;;;;;;
977;-1,651101845;1,185554141;0,651101845;1;0,906425798;0,828580656;-2,007139776;0;1,436464116;1,643878427;-8,182320579;1;;;;;;;;;;;;;
978;-0,026277242;1,251134932;-0,973722758;1;-1,924563727;1,265535054;1,138404141;1;-0,545184902;1,713310358;1,725924511;1;;;;;;;;;;;;;
979;-0,157067914;1,994580325;-0,842932086;1;-1,507111924;1,114828798;0,674568804;1;-1,069412149;1,736940754;4,347060744;1;;;;;;;;;;;;;
980;-4,15651017;2,162725542;3,15651017;1;-3,88738519;2,62582706;3,319316878;1;-0,579659039;3,09510887;1,898295197;1;;;;;;;;;;;;;
981;-0,708792922;0,989072438;-0,291207078;1;-0,586148748;0,888530886;-0,348723614;1;-1,573143629;1,908921443;6,865718144;1;;;;;;;;;;;;;
982;1,069645877;1,66945456;-2,069645877;1;-4,277192613;2,666962536;3,752436237;1;-0,398969103;2,482870383;0,994845516;1;;;;;;;;;;;;;
983;-3,512514609;2,021993725;2,512514609;1;1,357237946;1,489038804;-2,508042162;1;0,553697887;2,626766999;-3,768489436;1;;;;;;;;;;;;;
984;-3,371121036;1,75667142;2,371121036;1;-0,719940738;0,966526318;-0,200065847;1;2,133893922;2,109703645;-11,66946961;1;;;;;;;;;;;;;
985;0,360912125;1,338478934;-1,360912125;1;-2,838311225;1,825130002;2,153679139;1;-3,369049051;2,175189133;15,84524526;1;;;;;;;;;;;;;
986;-2,649541438;2,034954298;1,649541438;1;-0,173037658;1,424383501;-0,807735935;1;0,612115841;2,549261629;-4,060579204;1;;;;;;;;;;;;;
987;0,564583064;1,033398398;-1,564583064;1;-2,201678854;1,055914767;1,446309837;1;-4,31625092;1,306315358;20,5812546;0;;;;;;;;;;;;;
988;-3,631245036;1,774654063;2,631245036;1;-1,177255368;1,760020579;0,30806152;1;-0,185261974;2,383507577;-0,073690129;1;;;;;;;;;;;;;
989;2,849627926;2,205789061;-3,849627926;1;-2,78732167;2,301470765;2,097024078;1;-4,797651985;3,381463857;22,98825992;1;;;;;;;;;;;;;
990;-1,819846234;0,85548435;0,819846234;1;-2,31297911;1,116701681;1,569976789;1;-0,572196981;1,287879724;1,860984906;1;;;;;;;;;;;;;
991;-2,394595371;0,885724821;1,394595371;1;-3,570664069;1,274716978;2,967404522;0;2,660594806;1,271875556;-14,30297403;0;;;;;;;;;;;;;
992;-0,585968509;2,809660546;-0,414031491;1;3,059686336;2,404291755;-4,399651485;1;-2,687580313;3,783705607;12,43790156;1;;;;;;;;;;;;;
993;-0,169920404;1,154521673;-0,830079596;1;0,343232855;1,044876377;-1,381369838;1;-2,761784647;2,312790134;12,80892323;1;;;;;;;;;;;;;
994;-0,196044374;1,165624951;-0,803955626;1;-0,948774947;1,185990433;0,054194386;1;0,444564919;2,156160044;-3,222824594;1;;;;;;;;;;;;;
995;-3,702345406;1,901575448;2,702345406;1;1,545769426;1,432535449;-2,717521585;1;-0,318555501;1,983908302;0,592777503;1;;;;;;;;;;;;;
996;-1,308685438;1,534851773;0,308685438;1;0,601326239;1,246664341;-1,668140266;1;-0,062135307;2,175797222;-0,689323467;1;;;;;;;;;;;;;
997;-1,365506418;0,788451109;0,365506418;1;-0,622795448;0,714311276;-0,308005058;1;-0,513900301;1,018329609;1,569501506;1;;;;;;;;;;;;;
998;-0,989131455;1,676162965;-0,010868545;1;-0,861511531;1,479669988;-0,042764965;1;0,137595963;2,302571066;-1,687979817;1;;;;;;;;;;;;;
999;-2,38327651;1,220067384;1,38327651;1;0,693092451;0,980331292;-1,770102724;1;0,720350524;1,37526291;-4,601752618;1;;;;;;;;;;;;;
1000;-1,060661317;1,145972269;0,060661317;1;-0,030737168;0,759309339;-0,965847591;1;0,60480379;1,422183454;-4,024018948;1;;;;;;;;;;;;;
