;mean;se;bias;cp;mean;se;bias;cp;mean;se;bias;cp;;mean;sd;bias;cp;mean;sd;bias;cp;mean;sd;bias;cp
1;-0,935005585;0,067140771;-0,064994415;1;-0,95355711;0,072780462;0,0595079;1;-0,237402355;0,104135574;0,187011773;1;;-0,999320639;0,072019876;-0,000679361;0,951;-0,903691546;0,072313288;0,004101718;0,954;-0,205697793;0,105372449;0,028488966;0,956
2;-0,925603911;0,069774325;-0,074396089;1;-0,889843282;0,073374872;-0,011285242;1;-0,204605324;0,104283607;0,023026619;1;;;;;;;;;;;;;
3;-0,94752568;0,06680821;-0,05247432;1;-0,9577833;0,076472966;0,064203667;1;-0,390683107;0,104924471;0,953415535;1;;;;;;;;;;;;;
4;-0,900601559;0,063015364;-0,099398441;1;-0,834237454;0,068391802;-0,073069495;1;-0,291479153;0,097169182;0,457395765;1;;;;;;;;;;;;;
5;-1,060133613;0,070576252;0,060133613;1;-0,935517429;0,073785289;0,039463811;1;-0,105017207;0,102828305;-0,474913964;1;;;;;;;;;;;;;
6;-0,98487095;0,069903592;-0,01512905;1;-0,947745574;0,073208861;0,053050638;1;-0,128494958;0,102203391;-0,357525208;1;;;;;;;;;;;;;
7;-1,051383285;0,075474024;0,051383285;1;-0,996643204;0,077758538;0,107381338;1;-0,113441065;0,108508941;-0,432794675;1;;;;;;;;;;;;;
8;-0,955259697;0,072008493;-0,044740303;1;-0,985528894;0,07536991;0,095032104;1;-0,193110167;0,106830363;-0,034449167;1;;;;;;;;;;;;;
9;-0,95243806;0,074598869;-0,04756194;1;-0,960459639;0,076279612;0,067177376;1;-0,156658727;0,107002555;-0,216706364;1;;;;;;;;;;;;;
10;-1,030329354;0,083502933;0,030329354;1;-0,874110129;0,07658538;-0,028766524;1;0,038537391;0,113771185;-1,192686955;0;;;;;;;;;;;;;
11;-0,96643779;0,060538868;-0,03356221;1;-0,868568532;0,068813469;-0,034923853;1;-0,262928007;0,092700375;0,314640037;1;;;;;;;;;;;;;
12;-0,951700788;0,072471617;-0,048299212;1;-0,89439535;0,075020339;-0,006227388;1;-0,326293882;0,106622441;0,631469409;1;;;;;;;;;;;;;
13;-0,906479161;0,064798634;-0,093520839;1;-0,894682267;0,072397816;-0,005908593;1;-0,343986629;0,099589625;0,719933143;1;;;;;;;;;;;;;
14;-0,929195262;0,066043357;-0,070804738;1;-0,9644718;0,074508563;0,071635333;1;-0,396662946;0,103082775;0,983314729;1;;;;;;;;;;;;;
15;-1,104446135;0,070459964;0,104446135;1;-1,08777517;0,077127354;0,208639078;0;0,001702209;0,102500632;-1,008511045;0;;;;;;;;;;;;;
16;-1,038615034;0,07080834;0,038615034;1;-0,879230984;0,074360406;-0,023076685;1;-0,220860956;0,105531054;0,104304778;1;;;;;;;;;;;;;
17;-1,077206518;0,064740661;0,077206518;1;-0,983455938;0,072484272;0,09272882;1;-0,095382893;0,095786309;-0,523085534;1;;;;;;;;;;;;;
18;-1,050227781;0,070626841;0,050227781;1;-0,85914944;0,073955704;-0,045389511;1;-0,283458216;0,105904493;0,417291079;1;;;;;;;;;;;;;
19;-0,957588146;0,074763056;-0,042411854;1;-0,957820972;0,077407572;0,064245524;1;-0,23721169;0,11149155;0,186058448;1;;;;;;;;;;;;;
20;-1,026437147;0,071462965;0,026437147;1;-0,947105064;0,075389964;0,05233896;1;-0,152147928;0,103626913;-0,239260361;1;;;;;;;;;;;;;
21;-0,993197883;0,074378645;-0,006802117;1;-0,905446245;0,074570238;0,006051383;1;-0,080390741;0,106538469;-0,598046295;1;;;;;;;;;;;;;
22;-0,979285175;0,067317633;-0,020714825;1;-0,974769771;0,075746444;0,083077523;1;-0,257537307;0,101545384;0,287686534;1;;;;;;;;;;;;;
23;-1,092599565;0,077947436;0,092599565;1;-0,938169351;0,077567413;0,04241039;1;-0,037944349;0,111286913;-0,810278255;1;;;;;;;;;;;;;
24;-1,010224773;0,068470561;0,010224773;1;-0,896454039;0,071693499;-0,003939956;1;-0,13538722;0,100399467;-0,323063898;1;;;;;;;;;;;;;
25;-1,080952235;0,075732556;0,080952235;1;-0,918832937;0,076026462;0,020925486;1;0,050380435;0,1054899;-1,251902176;0;;;;;;;;;;;;;
26;-0,964375167;0,081686243;-0,035624833;1;-0,831027943;0,078075132;-0,076635618;1;-0,206272799;0,117665866;0,031363996;1;;;;;;;;;;;;;
27;-0,924329859;0,074553843;-0,075670141;1;-0,96297304;0,07700317;0,069970044;1;-0,223961656;0,107661325;0,119808278;1;;;;;;;;;;;;;
28;-1,090933251;0,077141477;0,090933251;1;-0,923935173;0,077241064;0,026594637;1;-0,072498347;0,108666394;-0,637508266;1;;;;;;;;;;;;;
29;-0,914743665;0,05902388;-0,085256335;1;-1,008498281;0,072647603;0,120553646;1;-0,450238077;0,094664221;1,251190385;0;;;;;;;;;;;;;
30;-1,0032711;0,068563556;0,0032711;1;-0,911084097;0,074078861;0,012315663;1;-0,21202319;0,101926421;0,06011595;1;;;;;;;;;;;;;
31;-1,032150464;0,066800951;0,032150464;1;-0,783021208;0,06894066;-0,129976436;1;-0,168861274;0,099323835;-0,155693628;1;;;;;;;;;;;;;
32;-0,953716594;0,071085045;-0,046283406;1;-0,989677648;0,077789967;0,099641831;1;-0,30224952;0,10571162;0,511247598;1;;;;;;;;;;;;;
33;-1,065085485;0,074923782;0,065085485;1;-0,927371929;0,076501024;0,030413254;1;-0,18641876;0,109314894;-0,067906202;1;;;;;;;;;;;;;
34;-0,891688521;0,063850881;-0,108311479;1;-1,0209462;0,072395778;0,134384666;1;-0,257363723;0,097013611;0,286818616;1;;;;;;;;;;;;;
35;-0,963501052;0,07350415;-0,036498948;1;-0,8292052;0,074442929;-0,078660889;1;-0,240862793;0,108109769;0,204313965;1;;;;;;;;;;;;;
36;-1,007120265;0,075207115;0,007120265;1;-0,92971462;0,076463983;0,033016245;1;-0,113521666;0,109662901;-0,432391669;1;;;;;;;;;;;;;
37;-1,08239196;0,070802048;0,08239196;1;-1,036814506;0,07549132;0,152016118;1;-0,027153804;0,102619661;-0,86423098;1;;;;;;;;;;;;;
38;-0,847092887;0,06417586;-0,152907113;0;-0,949323953;0,072599004;0,054804392;1;-0,41134006;0,103994623;1,056700302;0;;;;;;;;;;;;;
39;-0,979695984;0,074810821;-0,020304016;1;-0,969820516;0,078537014;0,077578351;1;-0,216938246;0,11198667;0,08469123;1;;;;;;;;;;;;;
40;-1,072676967;0,078316533;0,072676967;1;-0,954107535;0,07854813;0,060119483;1;-0,140032991;0,112891185;-0,299835043;1;;;;;;;;;;;;;
41;-1,053363947;0,076598789;0,053363947;1;-0,902216945;0,077104446;0,002463272;1;-0,237689863;0,113728374;0,188449317;1;;;;;;;;;;;;;
42;-0,85004183;0,064258267;-0,14995817;0;-1,065775056;0,073386951;0,184194506;0;-0,239932526;0,098517177;0,199662628;1;;;;;;;;;;;;;
43;-0,921772714;0,067229375;-0,078227286;1;-0,853167268;0,071506377;-0,052036369;1;-0,263763523;0,101130163;0,318817613;1;;;;;;;;;;;;;
44;-0,936201572;0,065326013;-0,063798428;1;-0,968476704;0,072880004;0,076085227;1;-0,278602132;0,099510811;0,393010658;1;;;;;;;;;;;;;
45;-0,936879088;0,06655947;-0,063120912;1;-0,884276261;0,071470377;-0,017470821;1;-0,28940828;0,099757027;0,447041401;1;;;;;;;;;;;;;
46;-0,922148218;0,070519299;-0,077851782;1;-0,878042529;0,071357504;-0,02439719;1;-0,092468604;0,10214565;-0,537656979;1;;;;;;;;;;;;;
47;-0,97417756;0,07617503;-0,02582244;1;-0,869509348;0,074968039;-0,033878502;1;-0,163904417;0,110201246;-0,180477913;1;;;;;;;;;;;;;
48;-1,028391347;0,067374609;0,028391347;1;-1,007394517;0,075313116;0,119327241;1;-0,196750198;0,100491543;-0,01624901;1;;;;;;;;;;;;;
49;-0,961662548;0,074260383;-0,038337452;1;-0,920384883;0,075339532;0,02264987;1;-0,344073902;0,109234954;0,720369508;1;;;;;;;;;;;;;
50;-0,866252546;0,076961702;-0,133747454;1;-0,881769081;0,076991242;-0,020256577;1;-0,416531845;0,11497961;1,082659226;1;;;;;;;;;;;;;
51;-0,99751307;0,062050598;-0,00248693;1;-0,842754199;0,069384111;-0,063606446;1;-0,198643829;0,095681982;-0,006780857;1;;;;;;;;;;;;;
52;-0,911934008;0,075022773;-0,088065992;1;-0,991019542;0,076527931;0,101132824;1;-0,274224244;0,109910197;0,37112122;1;;;;;;;;;;;;;
53;-0,982593023;0,078020489;-0,017406977;1;-0,950596132;0,079627277;0,056217924;1;-0,283844727;0,118580171;0,419223634;1;;;;;;;;;;;;;
54;-1,130308709;0,074533997;0,130308709;1;-0,87374459;0,074211041;-0,029172678;1;-0,041206731;0,105482913;-0,793966347;1;;;;;;;;;;;;;
55;-1,015409943;0,070237822;0,015409943;1;-0,923556246;0,074787489;0,026173607;1;-0,217039408;0,104843248;0,08519704;1;;;;;;;;;;;;;
56;-0,98953386;0,065240643;-0,01046614;1;-0,949812971;0,072789381;0,055347746;1;-0,145158665;0,095247767;-0,274206676;1;;;;;;;;;;;;;
57;-1,062078909;0,070129408;0,062078909;1;-0,980659092;0,073241145;0,089621213;1;-0,024194021;0,098727779;-0,879029893;1;;;;;;;;;;;;;
58;-0,997969692;0,064335097;-0,002030308;1;-1,064888313;0,075070764;0,183209236;0;-0,23998608;0,099065944;0,199930402;1;;;;;;;;;;;;;
59;-1,106841196;0,071744355;0,106841196;1;-0,853585443;0,074115282;-0,05157173;1;-0,039354452;0,105130951;-0,803227742;1;;;;;;;;;;;;;
60;-0,996479676;0,067998292;-0,003520324;1;-1,070943859;0,075899524;0,189937622;0;-0,240778737;0,10223061;0,203893687;1;;;;;;;;;;;;;
61;-0,930606177;0,064744755;-0,069393823;1;-0,744597961;0,067381438;-0,172668933;0;-0,337171607;0,100395074;0,685858036;1;;;;;;;;;;;;;
62;-1,036941501;0,071687126;0,036941501;1;-0,901853319;0,074923071;0,002059243;1;-0,120994326;0,106279053;-0,395028368;1;;;;;;;;;;;;;
63;-1,025614812;0,080447054;0,025614812;1;-0,91206868;0,079853122;0,013409644;1;-0,248368059;0,117694976;0,241840293;1;;;;;;;;;;;;;
64;-1,01303477;0,064845446;0,01303477;1;-0,801578058;0,068167095;-0,109357713;1;-0,164101233;0,100205185;-0,179493836;1;;;;;;;;;;;;;
65;-0,913504664;0,068125435;-0,086495336;1;-0,903092368;0,072733155;0,003435964;1;-0,243840071;0,100456452;0,219200355;1;;;;;;;;;;;;;
66;-0,985968152;0,066643792;-0,014031848;1;-1,008757423;0,07492566;0,120841581;1;-0,311413305;0,102307741;0,557066524;1;;;;;;;;;;;;;
67;-0,894026765;0,069953557;-0,105973235;1;-0,86551194;0,072750681;-0,038320067;1;-0,353153848;0,104814608;0,765769242;1;;;;;;;;;;;;;
68;-1,077423092;0,076346319;0,077423092;1;-0,786292787;0,07425927;-0,126341348;1;-0,233783542;0,113143079;0,16891771;1;;;;;;;;;;;;;
69;-1,020284855;0,070036435;0,020284855;1;-0,812973805;0,07183211;-0,096695772;1;-0,225944031;0,105074221;0,129720153;1;;;;;;;;;;;;;
70;-1,195728045;0,070039447;0,195728045;0;-0,856600921;0,071349503;-0,048221199;1;0,036726717;0,102431956;-1,183633585;0;;;;;;;;;;;;;
71;-0,932308572;0,068396085;-0,067691428;1;-0,968747975;0,072273161;0,076386639;1;-0,118743137;0,098273615;-0,406284315;1;;;;;;;;;;;;;
72;-1,020543434;0,064754141;0,020543434;1;-0,902321406;0,07019048;0,00257934;1;-0,107611754;0,096023426;-0,461941229;1;;;;;;;;;;;;;
73;-0,941952353;0,073161508;-0,058047647;1;-0,768497765;0,074656309;-0,146113594;1;-0,360549581;0,110304545;0,802747906;1;;;;;;;;;;;;;
74;-1,01613027;0,0710679;0,01613027;1;-0,889224098;0,072563995;-0,011973224;1;-0,146383596;0,102626223;-0,268082022;1;;;;;;;;;;;;;
75;-1,076183855;0,076464185;0,076183855;1;-1,030070842;0,079135124;0,144523157;1;-0,12168262;0,112414249;-0,3915869;1;;;;;;;;;;;;;
76;-0,95403473;0,06451313;-0,04596527;1;-0,867694109;0,070528552;-0,035895434;1;-0,267248312;0,097243408;0,336241559;1;;;;;;;;;;;;;
77;-1,111176488;0,073276405;0,111176488;1;-0,821396098;0,073278402;-0,087337668;1;-0,258052129;0,108343718;0,290260645;1;;;;;;;;;;;;;
78;-1,064742954;0,079091522;0,064742954;1;-0,866426389;0,077561461;-0,037304013;1;-0,213058994;0,115578792;0,065294971;1;;;;;;;;;;;;;
79;-1,020618225;0,076939177;0,020618225;1;-0,867004059;0,074018206;-0,036662157;1;-0,076950493;0,109832878;-0,615247534;1;;;;;;;;;;;;;
80;-0,998663709;0,063421047;-0,001336291;1;-0,994418389;0,073318318;0,104909321;1;-0,211457616;0,093912329;0,057288079;1;;;;;;;;;;;;;
81;-0,94564213;0,070016482;-0,05435787;1;-0,868771625;0,07266302;-0,034698194;1;-0,21636935;0,105553063;0,081846752;1;;;;;;;;;;;;;
82;-0,987678585;0,073559382;-0,012321415;1;-0,883047412;0,074108891;-0,018836209;1;-0,238861883;0,108127754;0,194309417;1;;;;;;;;;;;;;
83;-1,004710085;0,072103213;0,004710085;1;-0,81816121;0,071080701;-0,090931988;1;-0,022549757;0,102974998;-0,887251213;1;;;;;;;;;;;;;
84;-0,929636235;0,064909138;-0,070363765;1;-0,885651248;0,071012394;-0,015943058;1;-0,346423855;0,100599052;0,732119274;1;;;;;;;;;;;;;
85;-0,966018443;0,063429416;-0,033981557;1;-0,828533796;0,070175992;-0,079406893;1;-0,445148188;0,100203028;1,225740939;0;;;;;;;;;;;;;
86;-0,989006124;0,06580451;-0,010993876;1;-0,867841583;0,071151583;-0,035731574;1;-0,278183121;0,101305333;0,390915606;1;;;;;;;;;;;;;
87;-0,996807719;0,069737558;-0,003192281;1;-0,799795219;0,071319466;-0,111338645;1;-0,314735487;0,105320604;0,573677436;1;;;;;;;;;;;;;
88;-1,030762358;0,067540405;0,030762358;1;-0,895409398;0,072589502;-0,005100669;1;-0,202845503;0,101000315;0,014227513;1;;;;;;;;;;;;;
89;-0,988812925;0,077858506;-0,011187075;1;-0,79514207;0,072127903;-0,116508811;1;-0,132655702;0,110957324;-0,336721489;1;;;;;;;;;;;;;
90;-1,046977373;0,074630403;0,046977373;1;-0,922686417;0,075209155;0,02520713;1;-0,099183379;0,109100417;-0,504083103;1;;;;;;;;;;;;;
91;-0,99950438;0,071116535;-0,00049562;1;-0,855357074;0,073202995;-0,049603251;1;-0,276045979;0,107006385;0,380229897;1;;;;;;;;;;;;;
92;-1,098618565;0,068776327;0,098618565;1;-0,783303411;0,070281325;-0,129662876;1;-0,177651461;0,101156066;-0,111742697;1;;;;;;;;;;;;;
93;-1,053097208;0,07630208;0,053097208;1;-0,967797611;0,077446701;0,075330679;1;-0,11213616;0,112220991;-0,439319201;1;;;;;;;;;;;;;
94;-0,96239421;0,078245838;-0,03760579;1;-0,808344871;0,075063458;-0,101839033;1;-0,213810495;0,116295757;0,069052475;1;;;;;;;;;;;;;
95;-0,988025689;0,069170563;-0,011974311;1;-0,881072906;0,075712164;-0,021030104;1;-0,38808931;0,107459428;0,940446552;1;;;;;;;;;;;;;
96;-1,053559698;0,075690856;0,053559698;1;-0,953124987;0,075186096;0,059027763;1;-0,005989091;0,108607889;-0,970054546;1;;;;;;;;;;;;;
97;-1,209301544;0,081106407;0,209301544;0;-0,77697878;0,07723181;-0,136690244;1;-0,091151551;0,117011633;-0,544242246;1;;;;;;;;;;;;;
98;-0,885532543;0,069965004;-0,114467457;1;-0,917696611;0,074324843;0,019662901;1;-0,28817317;0,103889935;0,440865852;1;;;;;;;;;;;;;
99;-0,993455792;0,070232883;-0,006544208;1;-0,990189993;0,077019044;0,100211104;1;-0,26363853;0,106184472;0,318192652;1;;;;;;;;;;;;;
100;-0,837111239;0,06605803;-0,162888761;0;-1,031859794;0,074831411;0,146510882;1;-0,350971356;0,101036875;0,754856779;1;;;;;;;;;;;;;
101;-1,101343757;0,078728179;0,101343757;1;-0,906681542;0,075303044;0,007423936;1;0,056927778;0,109081205;-1,284638892;0;;;;;;;;;;;;;
102;-0,942103049;0,073330504;-0,057896951;1;-0,862188055;0,073224253;-0,042013273;1;-0,135073557;0,107003925;-0,324632215;1;;;;;;;;;;;;;
103;-0,902018296;0,070019223;-0,097981704;1;-1,087997831;0,07795355;0,208886479;0;-0,24656663;0,104559381;0,232833148;1;;;;;;;;;;;;;
104;-0,990783115;0,074801985;-0,009216885;1;-0,927118108;0,076495314;0,030131231;1;-0,207694001;0,107408788;0,038470004;1;;;;;;;;;;;;;
105;-1,136714228;0,070959202;0,136714228;1;-0,8834204;0,073971713;-0,018421778;1;-0,054670957;0,104103817;-0,726645214;1;;;;;;;;;;;;;
106;-1,068997766;0,071561687;0,068997766;1;-0,897320839;0,073942882;-0,002976845;1;-0,097723289;0,103251493;-0,511383555;1;;;;;;;;;;;;;
107;-1,090118326;0,071152484;0,090118326;1;-0,866554795;0,073223095;-0,037161339;1;-0,124159557;0,104723409;-0,379202213;1;;;;;;;;;;;;;
108;-0,983038392;0,068290052;-0,016961608;1;-0,876920784;0,072961255;-0,025643573;1;-0,306208966;0,103995748;0,531044829;1;;;;;;;;;;;;;
109;-0,943320267;0,068454111;-0,056679733;1;-0,811450976;0,069873409;-0,098387805;1;-0,253207185;0,103816819;0,266035924;1;;;;;;;;;;;;;
110;-0,890781037;0,066858704;-0,109218963;1;-0,953418898;0,073378595;0,059354331;1;-0,303222302;0,102089728;0,516111509;1;;;;;;;;;;;;;
111;-0,900900311;0,069729744;-0,099099689;1;-0,863699652;0,072986106;-0,04033372;1;-0,411073545;0,107145036;1,055367723;0;;;;;;;;;;;;;
112;-1,096116945;0,077829046;0,096116945;1;-0,810428781;0,07512881;-0,099523576;1;-0,123581512;0,111122128;-0,382092439;1;;;;;;;;;;;;;
113;-0,941211534;0,073349077;-0,058788466;1;-0,925270523;0,073879956;0,028078359;1;-0,17198908;0,106314697;-0,1400546;1;;;;;;;;;;;;;
114;-0,942025163;0,071086193;-0,057974837;1;-0,869506752;0,073728554;-0,033881387;1;-0,230184108;0,104054799;0,150920539;1;;;;;;;;;;;;;
115;-1,022689645;0,071839167;0,022689645;1;-0,878380174;0,074752737;-0,024022029;1;-0,314190626;0,109692563;0,570953128;1;;;;;;;;;;;;;
116;-1,030087267;0,066496538;0,030087267;1;-0,903573349;0,072216506;0,003970388;1;-0,254964022;0,102280967;0,27482011;1;;;;;;;;;;;;;
117;-0,993603729;0,075771423;-0,006396271;1;-0,815104283;0,07327654;-0,094328575;1;-0,072210235;0,109078933;-0,638948823;1;;;;;;;;;;;;;
118;-0,977254459;0,066661303;-0,022745541;1;-0,869559358;0,07055648;-0,033822935;1;-0,20958212;0,099828592;0,047910601;1;;;;;;;;;;;;;
119;-0,96530995;0,073789246;-0,03469005;1;-0,960259879;0,0799378;0,066955421;1;-0,288976451;0,110684179;0,444882255;1;;;;;;;;;;;;;
120;-1,031184753;0,067314776;0,031184753;1;-0,912337545;0,074466766;0,013708383;1;-0,282690853;0,104573937;0,413454266;1;;;;;;;;;;;;;
121;-1,055342875;0,075177433;0,055342875;1;-0,977560413;0,077886559;0,086178237;1;-0,180340275;0,111810581;-0,098298627;1;;;;;;;;;;;;;
122;-0,991492572;0,068336884;-0,008507428;1;-0,919005167;0,073464959;0,021116853;1;-0,194565058;0,101450421;-0,027174711;1;;;;;;;;;;;;;
123;-1,006020133;0,074275169;0,006020133;1;-0,883343697;0,076475175;-0,018507003;1;-0,287258068;0,112083981;0,436290342;1;;;;;;;;;;;;;
124;-0,959432036;0,066831858;-0,040567964;1;-1,015633704;0,077298977;0,128481893;1;-0,384447435;0,10499997;0,922237176;1;;;;;;;;;;;;;
125;-1,0904642;0,076899157;0,0904642;1;-0,887699768;0,077694038;-0,013666925;1;-0,176126383;0,114604787;-0,119368084;1;;;;;;;;;;;;;
126;-1,045160047;0,07502261;0,045160047;1;-0,884506873;0,075617384;-0,017214585;1;-0,125678931;0,112282313;-0,371605343;1;;;;;;;;;;;;;
127;-0,966377674;0,076779046;-0,033622326;1;-0,923492672;0,077893306;0,026102969;1;-0,199761353;0,111133848;-0,001193235;1;;;;;;;;;;;;;
128;-1,226364959;0,076530139;0,226364959;0;-0,849958799;0,076352081;-0,055601334;1;-0,153703848;0,112787353;-0,231480759;1;;;;;;;;;;;;;
129;-0,897730016;0,0647014;-0,102269984;1;-0,906068386;0,071770563;0,006742651;1;-0,361755222;0,100684067;0,808776112;1;;;;;;;;;;;;;
130;-0,955897474;0,068617693;-0,044102526;1;-0,840504257;0,071707612;-0,066106381;1;-0,242396902;0,104842509;0,211984511;1;;;;;;;;;;;;;
131;-1,054406514;0,076932094;0,054406514;1;-0,846753741;0,07486189;-0,05916251;1;-0,120204819;0,109457531;-0,398975905;1;;;;;;;;;;;;;
132;-0,979299052;0,066529232;-0,020700948;1;-0,946748805;0,072652006;0,051943117;1;-0,268480908;0,101345147;0,342404539;1;;;;;;;;;;;;;
133;-0,891092946;0,067984686;-0,108907054;1;-0,927061649;0,07368916;0,030068499;1;-0,313597634;0,103110258;0,56798817;1;;;;;;;;;;;;;
134;-1,094442076;0,072754258;0,094442076;1;-1,105479694;0,081415817;0,228310771;0;-0,036372208;0,10333103;-0,818138961;1;;;;;;;;;;;;;
135;-1,066236245;0,073590464;0,066236245;1;-0,793790989;0,07250255;-0,118010012;1;-0,231735116;0,108096967;0,158675581;1;;;;;;;;;;;;;
136;-0,897573177;0,068807666;-0,102426823;1;-0,965084193;0,074615515;0,07231577;1;-0,301660941;0,10424798;0,508304705;1;;;;;;;;;;;;;
137;-1,135099242;0,073115984;0,135099242;1;-0,871965806;0,072618194;-0,031149104;1;-0,069663621;0,106323728;-0,651681895;1;;;;;;;;;;;;;
138;-0,905759074;0,066227089;-0,094240926;1;-0,988035065;0,073842152;0,097816739;1;-0,377579717;0,102368799;0,887898585;1;;;;;;;;;;;;;
139;-1,033452976;0,064899192;0,033452976;1;-0,887248362;0,069575898;-0,014168487;1;-0,086060812;0,095759729;-0,569695939;1;;;;;;;;;;;;;
140;-1,008835867;0,066891012;0,008835867;1;-0,918891719;0,072336351;0,020990799;1;-0,256317336;0,102350556;0,28158668;1;;;;;;;;;;;;;
141;-0,974530957;0,080577377;-0,025469043;1;-0,889345316;0,077127185;-0,011838537;1;-0,166183234;0,112681308;-0,169083828;1;;;;;;;;;;;;;
142;-1,052162052;0,0741102;0,052162052;1;-0,967731131;0,076264273;0,075256812;1;-0,198402668;0,11119502;-0,007986662;1;;;;;;;;;;;;;
143;-1,082584386;0,071250807;0,082584386;1;-0,889441694;0,073529488;-0,011731451;1;-0,170439046;0,106345377;-0,147804772;1;;;;;;;;;;;;;
144;-0,961418262;0,07151879;-0,038581738;1;-0,880186494;0,073896115;-0,022015006;1;-0,191534709;0,106987399;-0,042326457;1;;;;;;;;;;;;;
145;-1,122545479;0,079058193;0,122545479;1;-1,033026209;0,081855642;0,147806899;1;-0,092383051;0,11447299;-0,538084744;1;;;;;;;;;;;;;
146;-0,936154196;0,070331683;-0,063845804;1;-0,872683907;0,07555933;-0,030351214;1;-0,392923305;0,109490739;0,964616523;1;;;;;;;;;;;;;
147;-0,949437451;0,066011114;-0,050562549;1;-0,915118609;0,070241961;0,016798454;1;-0,129100381;0,097793735;-0,354498095;1;;;;;;;;;;;;;
148;-0,999457605;0,072726424;-0,000542395;1;-0,784089632;0,072447878;-0,128789298;1;-0,190106288;0,108351185;-0,049468561;1;;;;;;;;;;;;;
149;-1,066476755;0,075940738;0,066476755;1;-0,878908572;0,077882489;-0,02343492;1;-0,190455216;0,112806728;-0,04772392;1;;;;;;;;;;;;;
150;-1,04975248;0,074694983;0,04975248;1;-0,854114988;0,074082042;-0,050983347;1;-0,132992099;0,107398328;-0,335039507;1;;;;;;;;;;;;;
151;-0,990353203;0,072310972;-0,009646797;1;-0,818422184;0,071475594;-0,090642018;1;-0,117765346;0,104506214;-0,41117327;1;;;;;;;;;;;;;
152;-0,924265466;0,075843647;-0,075734534;1;-0,877487623;0,0763292;-0,025013753;1;-0,392895793;0,113967128;0,964478965;1;;;;;;;;;;;;;
153;-1,021867145;0,069334127;0,021867145;1;-0,772649083;0,070174046;-0,141501019;1;-0,260408356;0,104095212;0,302041778;1;;;;;;;;;;;;;
154;-1,157528122;0,08243465;0,157528122;1;-0,976356366;0,079655035;0,084840406;1;0,007906751;0,115094377;-1,039533756;1;;;;;;;;;;;;;
155;-0,986332657;0,070077698;-0,013667343;1;-0,918555796;0,072352575;0,020617551;1;-0,133617863;0,103547325;-0,331910686;1;;;;;;;;;;;;;
156;-0,978989701;0,067147906;-0,021010299;1;-0,862283061;0,071652155;-0,04190771;1;-0,269628551;0,103373511;0,348142754;1;;;;;;;;;;;;;
157;-1,009512213;0,069095246;0,009512213;1;-0,897711248;0,075351309;-0,002543058;1;-0,344257557;0,106001735;0,721287785;1;;;;;;;;;;;;;
158;-0,987314712;0,073288903;-0,012685288;1;-0,894915336;0,073344734;-0,005649627;1;-0,180781443;0,106256541;-0,096092785;1;;;;;;;;;;;;;
159;-0,972264425;0,075292017;-0,027735575;1;-0,926389713;0,07687517;0,029321903;1;-0,230036996;0,108535121;0,150184979;1;;;;;;;;;;;;;
160;-0,910808286;0,069421923;-0,089191714;1;-0,900115248;0,072370519;0,000128053;1;-0,185765622;0,101354846;-0,071171888;1;;;;;;;;;;;;;
161;-0,963532701;0,066977853;-0,036467299;1;-0,9192891;0,070886204;0,021432334;1;-0,207637182;0,100637594;0,038185908;1;;;;;;;;;;;;;
162;-1,095622419;0,065934958;0,095622419;1;-1,029432686;0,073102437;0,143814096;1;-0,109263226;0,096765654;-0,453683871;1;;;;;;;;;;;;;
163;-0,904559041;0,067409308;-0,095440959;1;-0,947180664;0,075003507;0,05242296;1;-0,334949032;0,104826068;0,674745159;1;;;;;;;;;;;;;
164;-1,029055557;0,070797112;0,029055557;1;-0,942859197;0,075563597;0,04762133;1;-0,287576609;0,107047875;0,437883043;1;;;;;;;;;;;;;
165;-1,019718288;0,070077767;0,019718288;1;-0,881572578;0,073056423;-0,020474913;1;-0,089008057;0,102666293;-0,554959717;1;;;;;;;;;;;;;
166;-0,990759557;0,067291099;-0,009240443;1;-1,022340895;0,076430774;0,135934327;1;-0,219795471;0,099871416;0,098977353;1;;;;;;;;;;;;;
167;-1,041690134;0,072552132;0,041690134;1;-0,8582141;0,074477042;-0,046428777;1;-0,208334635;0,107143538;0,041673175;1;;;;;;;;;;;;;
168;-0,958215345;0,064959573;-0,041784655;1;-0,919807467;0,07052339;0,022008297;1;-0,199243643;0,097061977;-0,003781783;1;;;;;;;;;;;;;
169;-0,873549902;0,069882937;-0,126450098;1;-0,827942621;0,072563451;-0,080063755;1;-0,482740182;0,107105951;1,41370091;0;;;;;;;;;;;;;
170;-1,041428226;0,067470378;0,041428226;1;-0,833816146;0,070731404;-0,073537616;1;-0,167223487;0,102445528;-0,163882564;1;;;;;;;;;;;;;
171;-1,115396646;0,076253064;0,115396646;1;-0,92757009;0,076317388;0,030633433;1;-0,031724079;0,108582134;-0,841379605;1;;;;;;;;;;;;;
172;-0,934330118;0,062697001;-0,065669882;1;-0,870884516;0,068654075;-0,032350537;1;-0,279256524;0,093605884;0,396282622;1;;;;;;;;;;;;;
173;-0,976569033;0,085744126;-0,023430967;1;-0,859867269;0,079038141;-0,044591923;1;-0,056747244;0,117128337;-0,716263782;1;;;;;;;;;;;;;
174;-0,984328485;0,064172579;-0,015671515;1;-0,930152461;0,072002348;0,033502734;1;-0,215217908;0,099807542;0,076089541;1;;;;;;;;;;;;;
175;-1,133228807;0,075979649;0,133228807;1;-0,813292095;0,073387284;-0,096342117;1;-0,077397339;0,108996778;-0,613013305;1;;;;;;;;;;;;;
176;-0,975381639;0,077810373;-0,024618361;1;-0,938499524;0,077234562;0,042777249;1;-0,057124149;0,112337814;-0,714379256;1;;;;;;;;;;;;;
177;-0,986401124;0,0719682;-0,013598876;1;-0,984238117;0,076522547;0,093597907;1;-0,230766221;0,106679543;0,153831106;1;;;;;;;;;;;;;
178;-1,011804782;0,063391199;0,011804782;1;-0,944775695;0,070990974;0,049750772;1;-0,228765632;0,097235242;0,143828158;1;;;;;;;;;;;;;
179;-1,060392568;0,077057182;0,060392568;1;-0,861971046;0,07601513;-0,042254393;1;-0,109740623;0,112695132;-0,451296883;1;;;;;;;;;;;;;
180;-1,113798024;0,079277842;0,113798024;1;-0,775076771;0,07627481;-0,138803587;1;-0,166296302;0,113113294;-0,168518491;1;;;;;;;;;;;;;
181;-0,983482946;0,072724164;-0,016517054;1;-0,850391238;0,073757254;-0,055120847;1;-0,171985969;0,105467994;-0,140070154;1;;;;;;;;;;;;;
182;-0,879005888;0,067061288;-0,120994112;1;-0,94239437;0,074389421;0,047104856;1;-0,335103064;0,102676575;0,675515322;1;;;;;;;;;;;;;
183;-0,871572193;0,069938044;-0,128427807;1;-0,969591599;0,078173705;0,077323998;1;-0,490604597;0,110951679;1,453022987;0;;;;;;;;;;;;;
184;-1,056538147;0,067994108;0,056538147;1;-0,893488536;0,071151757;-0,00723496;1;-0,109120363;0,099680914;-0,454398183;1;;;;;;;;;;;;;
185;-0,944651386;0,067818264;-0,055348614;1;-0,977151583;0,074119374;0,085723981;1;-0,227836622;0,101476931;0,139183109;1;;;;;;;;;;;;;
186;-0,933240857;0,080208172;-0,066759143;1;-0,836574223;0,077619823;-0,070473086;1;-0,501242606;0,120394906;1,50621303;0;;;;;;;;;;;;;
187;-1,069617066;0,071298323;0,069617066;1;-0,875205818;0,075184052;-0,027549092;1;-0,180901152;0,104236969;-0,095494241;1;;;;;;;;;;;;;
188;-0,986459508;0,071641417;-0,013540492;1;-1,009032134;0,078516837;0,121146816;1;-0,165700454;0,1061276;-0,171497732;1;;;;;;;;;;;;;
189;-1,100715205;0,08014051;0,100715205;1;-0,785492025;0,073277665;-0,127231084;1;-0,088817525;0,115032726;-0,555912373;1;;;;;;;;;;;;;
190;-0,934985913;0,064742959;-0,065014087;1;-0,894896841;0,070952502;-0,005670177;1;-0,330154899;0,101131737;0,650774494;1;;;;;;;;;;;;;
191;-0,942358143;0,074248141;-0,057641857;1;-0,78444768;0,073049073;-0,128391467;1;-0,308143028;0,107174622;0,540715138;1;;;;;;;;;;;;;
192;-0,95608028;0,067315057;-0,04391972;1;-0,939186759;0,074133289;0,043540843;1;-0,267588593;0,102389081;0,337942963;1;;;;;;;;;;;;;
193;-0,918777265;0,065366187;-0,081222735;1;-0,964436493;0,072855276;0,071596103;1;-0,306548018;0,100600631;0,532740091;1;;;;;;;;;;;;;
194;-0,95250359;0,072298331;-0,04749641;1;-0,836380061;0,071627291;-0,070688822;1;-0,168961302;0,106523679;-0,155193491;1;;;;;;;;;;;;;
195;-0,958276494;0,068065968;-0,041723506;1;-1,035157503;0,077510844;0,150175003;1;-0,293456946;0,103428522;0,467284729;1;;;;;;;;;;;;;
196;-0,96575308;0,064715856;-0,03424692;1;-0,952909013;0,073488127;0,058787792;1;-0,337511025;0,100824165;0,687555125;1;;;;;;;;;;;;;
197;-1,121135482;0,07500196;0,121135482;1;-0,882154847;0,076173132;-0,019827947;1;-0,015920209;0,108685144;-0,920398957;1;;;;;;;;;;;;;
198;-0,943191527;0,076315067;-0,056808473;1;-0,853723761;0,07637148;-0,051418043;1;-0,315111775;0,113945762;0,575558875;1;;;;;;;;;;;;;
199;-0,935618578;0,068117884;-0,064381422;1;-0,803623257;0,071378213;-0,10708527;1;-0,373066146;0,104334097;0,865330732;1;;;;;;;;;;;;;
200;-0,955625367;0,072857309;-0,044374633;1;-0,868540394;0,073307887;-0,034955118;1;-0,272144916;0,107702026;0,360724578;1;;;;;;;;;;;;;
201;-0,888850249;0,067490077;-0,111149751;1;-0,883411557;0,071428001;-0,018431603;1;-0,317820565;0,100844438;0,589102824;1;;;;;;;;;;;;;
202;-1,063829313;0,070362614;0,063829313;1;-0,891364699;0,074499384;-0,009594778;1;-0,201676594;0,106496738;0,008382972;1;;;;;;;;;;;;;
203;-1,037600037;0,071753493;0,037600037;1;-0,783348502;0,07117787;-0,129612775;1;-0,161017365;0,103402648;-0,194913173;1;;;;;;;;;;;;;
204;-1,004399329;0,070692527;0,004399329;1;-0,960703649;0,077201039;0,067448499;1;-0,23106497;0,106227409;0,15532485;1;;;;;;;;;;;;;
205;-0,964420937;0,072193853;-0,035579063;1;-0,890867804;0,07430444;-0,010146885;1;-0,130689583;0,106254878;-0,346552083;1;;;;;;;;;;;;;
206;-0,841305811;0,06301869;-0,158694189;0;-0,816490787;0,0680789;-0,092788015;1;-0,491280946;0,099496125;1,456404731;0;;;;;;;;;;;;;
207;-0,939964826;0,067561961;-0,060035174;1;-0,842125396;0,072120261;-0,064305115;1;-0,293794975;0,103532002;0,468974875;1;;;;;;;;;;;;;
208;-0,888767435;0,070640013;-0,111232565;1;-1,020439489;0,076663376;0,133821655;1;-0,242856712;0,104349745;0,21428356;1;;;;;;;;;;;;;
209;-0,834014453;0,068231432;-0,165985547;0;-0,978059451;0,075146084;0,086732724;1;-0,357696267;0,103936307;0,788481334;1;;;;;;;;;;;;;
210;-0,908977034;0,064317342;-0,091022966;1;-0,881753642;0,06998659;-0,020273731;1;-0,234559284;0,099308027;0,172796419;1;;;;;;;;;;;;;
211;-0,930462627;0,070833131;-0,069537373;1;-0,905329231;0,073955303;0,005921368;1;-0,182545377;0,103247734;-0,087273117;1;;;;;;;;;;;;;
212;-1,030259676;0,073775953;0,030259676;1;-0,845904991;0,072875045;-0,060105565;1;-0,162198669;0,110118314;-0,189006653;1;;;;;;;;;;;;;
213;-0,990970147;0,069229475;-0,009029853;1;-0,928692614;0,075225946;0,031880683;1;-0,241069691;0,101838145;0,205348457;1;;;;;;;;;;;;;
214;-0,972464859;0,069329682;-0,027535141;1;-0,963142479;0,0755343;0,07015831;1;-0,286684849;0,106848856;0,433424246;1;;;;;;;;;;;;;
215;-1,191818954;0,082033441;0,191818954;0;-0,722119981;0,075300679;-0,197644465;0;-0,128991858;0,116874917;-0,355040709;1;;;;;;;;;;;;;
216;-1,048529577;0,070940772;0,048529577;1;-0,908989889;0,072605342;0,009988765;1;-0,0308701;0,100167912;-0,8456495;1;;;;;;;;;;;;;
217;-1,011348465;0,069267894;0,011348465;1;-0,851372832;0,073732543;-0,054030186;1;-0,286091737;0,106175795;0,430458685;1;;;;;;;;;;;;;
218;-1,074184066;0,070006232;0,074184066;1;-0,909850316;0,073094304;0,010944795;1;-0,129109429;0,104999833;-0,354452853;1;;;;;;;;;;;;;
219;-1,006048557;0,06528626;0,006048557;1;-0,822788292;0,068293109;-0,085790787;1;-0,0925468;0,095713465;-0,537266;1;;;;;;;;;;;;;
220;-0,996822306;0,069501114;-0,003177694;1;-0,944502296;0,073366362;0,049446996;1;-0,133759439;0,103466302;-0,331202806;1;;;;;;;;;;;;;
221;-1,03171402;0,072069564;0,03171402;1;-1,009267826;0,077267704;0,121408695;1;-0,086780855;0,105952356;-0,566095723;1;;;;;;;;;;;;;
222;-0,976505834;0,071661193;-0,023494166;1;-0,966394862;0,074953765;0,073772069;1;-0,146966926;0,104674111;-0,265165369;1;;;;;;;;;;;;;
223;-1,066569545;0,069094522;0,066569545;1;-0,869152828;0,074614741;-0,034274635;1;-0,183175257;0,103342858;-0,084123715;1;;;;;;;;;;;;;
224;-1,050082342;0,072562255;0,050082342;1;-0,862742742;0,072390046;-0,041396953;1;-0,076121001;0,107753937;-0,619394993;1;;;;;;;;;;;;;
225;-1,035008707;0,07453578;0,035008707;1;-0,956489831;0,078384361;0,062766479;1;-0,162569051;0,107266354;-0,187154744;1;;;;;;;;;;;;;
226;-0,918153308;0,071050851;-0,081846692;1;-1,030067815;0,076380511;0,144519795;1;-0,204848158;0,107134752;0,024240792;1;;;;;;;;;;;;;
227;-1,02877922;0,067471331;0,02877922;1;-0,903586828;0,074175581;0,003985365;1;-0,278720431;0,102321663;0,393602154;1;;;;;;;;;;;;;
228;-1,089170116;0,077559221;0,089170116;1;-0,883055707;0,07621594;-0,018826993;1;-0,073553309;0,109893355;-0,632233456;1;;;;;;;;;;;;;
229;-1,01185876;0,062694158;0,01185876;1;-0,849799613;0,06816396;-0,055778208;1;-0,07936831;0,09322855;-0,603158448;1;;;;;;;;;;;;;
230;-1,107585327;0,065224939;0,107585327;1;-0,914068066;0,07019001;0,015631184;1;-0,207467672;0,099164357;0,037338359;1;;;;;;;;;;;;;
231;-0,943106461;0,067269147;-0,056893539;1;-0,899524639;0,072898383;-0,000528179;1;-0,181088066;0,101629749;-0,094559671;1;;;;;;;;;;;;;
232;-0,928284667;0,069413039;-0,071715333;1;-0,867783086;0,072975375;-0,035796572;1;-0,419248914;0,106666622;1,09624457;0;;;;;;;;;;;;;
233;-1,006701101;0,067898775;0,006701101;1;-0,926003598;0,072816462;0,028892887;1;-0,178913551;0,101086972;-0,105432243;1;;;;;;;;;;;;;
234;-0,985285321;0,065414695;-0,014714679;1;-0,962340459;0,074074611;0,069267177;1;-0,370132683;0,100992699;0,850663416;1;;;;;;;;;;;;;
235;-0,934679782;0,070322531;-0,065320218;1;-0,952229856;0,074995353;0,058033174;1;-0,18902966;0,104369761;-0,054851698;1;;;;;;;;;;;;;
236;-0,93839379;0,06672098;-0,06160621;1;-0,997378262;0,076824969;0,108198069;1;-0,281490635;0,103735447;0,407453174;1;;;;;;;;;;;;;
237;-0,862765324;0,067279426;-0,137234676;0;-1,009025965;0,076351549;0,121139961;1;-0,29024685;0,100976773;0,451234251;1;;;;;;;;;;;;;
238;-1,021026629;0,069558794;0,021026629;1;-1,01465411;0,075480685;0,127393455;1;-0,114517341;0,099751768;-0,427413293;1;;;;;;;;;;;;;
239;-1,013646951;0,071674327;0,013646951;1;-0,992511796;0,07611343;0,102790884;1;-0,159111308;0,104444072;-0,204443461;1;;;;;;;;;;;;;
240;-0,915348501;0,069140061;-0,084651499;1;-0,742499047;0,068891906;-0,175001059;0;-0,22216594;0,101099468;0,110829699;1;;;;;;;;;;;;;
241;-1,105596205;0,076825199;0,105596205;1;-0,87367351;0,075834014;-0,029251655;1;-0,112154047;0,111505049;-0,439229765;1;;;;;;;;;;;;;
242;-0,943509456;0,068400841;-0,056490544;1;-0,954259061;0,07340184;0,060287846;1;-0,148644954;0,098280763;-0,256775228;1;;;;;;;;;;;;;
243;-1,013425044;0,072611056;0,013425044;1;-0,987805199;0,077736046;0,097561332;1;-0,199457716;0,107929832;-0,00271142;1;;;;;;;;;;;;;
244;-0,928653536;0,0659491;-0,071346464;1;-0,893403207;0,070033232;-0,00732977;1;-0,165418951;0,097767871;-0,172905246;1;;;;;;;;;;;;;
245;-1,052859363;0,06736454;0,052859363;1;-0,868070832;0,070845651;-0,035476853;1;-0,145040112;0,099386091;-0,274799441;1;;;;;;;;;;;;;
246;-1,029550439;0,067712303;0,029550439;1;-0,923561622;0,073866614;0,02617958;1;-0,148509791;0,101512782;-0,257451045;1;;;;;;;;;;;;;
247;-0,965805781;0,075643582;-0,034194219;1;-0,895712288;0,074870989;-0,004764124;1;-0,303493336;0,111431273;0,517466679;1;;;;;;;;;;;;;
248;-0,964546724;0,073385653;-0,035453276;1;-0,825603628;0,073835375;-0,082662636;1;-0,273487177;0,108361319;0,367435885;1;;;;;;;;;;;;;
249;-1,084373696;0,075594688;0,084373696;1;-0,8287754;0,076011857;-0,079138445;1;-0,224599057;0,112565357;0,122995284;1;;;;;;;;;;;;;
250;-1,015030196;0,074006282;0,015030196;1;-0,957953195;0,077516567;0,064392439;1;-0,354769998;0,114408058;0,773849989;1;;;;;;;;;;;;;
251;-1,136638885;0,07138928;0,136638885;1;-0,861006392;0,072773474;-0,043326231;1;-0,128240859;0,103735064;-0,358795703;1;;;;;;;;;;;;;
252;-0,963227719;0,062522756;-0,036772281;1;-0,904439017;0,069193668;0,004932242;1;-0,242594069;0,096044741;0,212970343;1;;;;;;;;;;;;;
253;-0,945596803;0,058454887;-0,054403197;1;-0,8481033;0,06703041;-0,057663001;1;-0,32872512;0,092763154;0,643625601;1;;;;;;;;;;;;;
254;-0,951773058;0,071320832;-0,048226942;1;-0,884064264;0,075948951;-0,017706373;1;-0,479031129;0,111662308;1,395155643;0;;;;;;;;;;;;;
255;-0,932788725;0,069768365;-0,067211275;1;-0,834089485;0,072016347;-0,073233905;1;-0,330522717;0,103838801;0,652613587;1;;;;;;;;;;;;;
256;-1,0725893;0,071052012;0,0725893;1;-0,892123153;0,072969487;-0,008752052;1;-0,151180752;0,104598726;-0,244096239;1;;;;;;;;;;;;;
257;-1,031706315;0,067811612;0,031706315;1;-0,916966195;0,072208125;0,018851328;1;-0,092946116;0,099865307;-0,535269421;1;;;;;;;;;;;;;
258;-0,976004907;0,068825826;-0,023995093;1;-0,932222919;0,072300714;0,035803243;1;-0,237977513;0,102786408;0,189887566;1;;;;;;;;;;;;;
259;-1,04318141;0,072249641;0,04318141;1;-0,857571945;0,072751543;-0,047142284;1;-0,178031563;0,104985955;-0,109842184;1;;;;;;;;;;;;;
260;-1,086825913;0,073872867;0,086825913;1;-1,052242453;0,079348027;0,169158281;1;-0,081529292;0,106694937;-0,592353541;1;;;;;;;;;;;;;
261;-1,036360293;0,073953198;0,036360293;1;-0,901664488;0,07640936;0,001849431;1;-0,152169338;0,108643028;-0,239153312;1;;;;;;;;;;;;;
262;-1,052430152;0,066862461;0,052430152;1;-0,962331148;0,073165928;0,069256831;1;-0,172724527;0,099028622;-0,136377363;1;;;;;;;;;;;;;
263;-0,98573215;0,064132312;-0,01426785;1;-0,881364713;0,069798242;-0,020705874;1;-0,171800354;0,097494266;-0,140998232;1;;;;;;;;;;;;;
264;-1,056175731;0,073942563;0,056175731;1;-0,918190928;0,074783213;0,020212142;1;-0,103767527;0,109590349;-0,481162366;1;;;;;;;;;;;;;
265;-0,960687938;0,079619751;-0,039312062;1;-0,87269982;0,079684772;-0,030333533;1;-0,224548101;0,119192784;0,122740505;1;;;;;;;;;;;;;
266;-1,035092503;0,071105541;0,035092503;1;-0,934549325;0,076232375;0,038388139;1;-0,278262067;0,106938924;0,391310333;1;;;;;;;;;;;;;
267;-0,728440206;0,066998126;-0,271559794;0;-0,861278987;0,071030023;-0,043023347;1;-0,426961995;0,103337086;1,134809976;0;;;;;;;;;;;;;
268;-0,920807931;0,062337169;-0,079192069;1;-0,936940954;0,072460207;0,041045504;1;-0,338332257;0,100119992;0,691661287;1;;;;;;;;;;;;;
269;-0,914073719;0,06157097;-0,085926281;1;-0,828960374;0,067356857;-0,078932918;1;-0,317868243;0,098345319;0,589341214;1;;;;;;;;;;;;;
270;-0,937492625;0,067398475;-0,062507375;1;-0,984237798;0,073567509;0,093597553;1;-0,205225669;0,100781619;0,026128345;1;;;;;;;;;;;;;
271;-0,919864431;0,067860671;-0,080135569;1;-0,851381182;0,071735499;-0,054020909;1;-0,297330172;0,101239363;0,48665086;1;;;;;;;;;;;;;
272;-1,037841936;0,07359173;0,037841936;1;-0,888911074;0,075863856;-0,012321029;1;-0,214047253;0,108732705;0,070236266;1;;;;;;;;;;;;;
273;-1,000742761;0,068774891;0,000742761;1;-0,82268946;0,071346204;-0,0859006;1;-0,279631778;0,10536109;0,398158888;1;;;;;;;;;;;;;
274;-0,925024337;0,06843112;-0,074975663;1;-1,119430088;0,081144837;0,243811209;0;-0,351424117;0,105002806;0,757120585;1;;;;;;;;;;;;;
275;-1,164267588;0,076287131;0,164267588;0;-0,956030276;0,076148624;0,062255862;1;-0,098253444;0,108548061;-0,508732781;1;;;;;;;;;;;;;
276;-0,986617795;0,073302453;-0,013382205;1;-0,953448277;0,077515295;0,059386974;1;-0,219005829;0,107454068;0,095029147;1;;;;;;;;;;;;;
277;-1,014595742;0,070749657;0,014595742;1;-0,840886385;0,074111462;-0,065681795;1;-0,231996232;0,107626084;0,159981161;1;;;;;;;;;;;;;
278;-0,850558203;0,072933775;-0,149441797;0;-0,901618527;0,075840502;0,001798363;1;-0,424922311;0,112520206;1,124611554;0;;;;;;;;;;;;;
279;-1,096809185;0,073273128;0,096809185;1;-0,91871526;0,075287852;0,020794734;1;-0,162816892;0,107663798;-0,185915542;1;;;;;;;;;;;;;
280;-0,98231784;0,071505572;-0,01768216;1;-0,795829531;0,07195283;-0,115744965;1;-0,223645407;0,105395763;0,118227037;1;;;;;;;;;;;;;
281;-1,092635281;0,071641426;0,092635281;1;-0,836518456;0,073071366;-0,070535049;1;-0,079315051;0,104751166;-0,603424745;1;;;;;;;;;;;;;
282;-1,031996275;0,067023671;0,031996275;1;-0,857878258;0,071262954;-0,046801935;1;-0,162426741;0,101387405;-0,187866293;1;;;;;;;;;;;;;
283;-0,918129112;0,059754296;-0,081870888;1;-1,007735083;0,071208003;0,119705647;1;-0,251290944;0,092181005;0,256454721;1;;;;;;;;;;;;;
284;-0,932340534;0,064548273;-0,067659466;1;-0,919313016;0,072253971;0,021458907;1;-0,281084002;0,096333236;0,405420008;1;;;;;;;;;;;;;
285;-1,078853679;0,075609049;0,078853679;1;-0,814857149;0,074794473;-0,094603167;1;-0,217460658;0,112332281;0,08730329;1;;;;;;;;;;;;;
286;-1,064398827;0,071551748;0,064398827;1;-0,900743441;0,075029569;0,000826046;1;-0,205869325;0,105672646;0,029346626;1;;;;;;;;;;;;;
287;-0,992670894;0,070294914;-0,007329106;1;-0,912667114;0,073761568;0,014074571;1;-0,100048018;0,10207928;-0,499759909;1;;;;;;;;;;;;;
288;-1,066682377;0,072134953;0,066682377;1;-0,932873371;0,075430756;0,036525968;1;-0,054888134;0,103926515;-0,725559331;1;;;;;;;;;;;;;
289;-1,045739911;0,075470566;0,045739911;1;-0,814693601;0,072814887;-0,094784887;1;-0,218022306;0,111578059;0,090111529;1;;;;;;;;;;;;;
290;-1,049849901;0,067540562;0,049849901;1;-0,897515097;0,0720452;-0,002761004;1;-0,131905238;0,102220906;-0,340473811;1;;;;;;;;;;;;;
291;-0,975292861;0,069468277;-0,024707139;1;-1,000184566;0,074015497;0,111316184;1;-0,091849016;0,102063082;-0,540754918;1;;;;;;;;;;;;;
292;-0,981264431;0,071472118;-0,018735569;1;-0,759433148;0,072132769;-0,156185391;1;-0,27919139;0,108999075;0,39595695;1;;;;;;;;;;;;;
293;-1,007154638;0,065611248;0,007154638;1;-1,043217674;0,075429551;0,159130749;1;-0,228001303;0,103676158;0,140006515;1;;;;;;;;;;;;;
294;-0,939581525;0,06864632;-0,060418475;1;-1,026464901;0,076692686;0,140516556;1;-0,219118608;0,102235299;0,095593042;1;;;;;;;;;;;;;
295;-0,985678997;0,071208743;-0,014321003;1;-1,07319245;0,081476654;0,192436056;0;-0,268768767;0,107415128;0,343843837;1;;;;;;;;;;;;;
296;-1,006310697;0,066924719;0,006310697;1;-1,042995566;0,07583305;0,158883962;1;-0,176309171;0,102299081;-0,118454143;1;;;;;;;;;;;;;
297;-0,901890741;0,064707451;-0,098109259;1;-0,936405834;0,073416134;0,040450927;1;-0,475370852;0,103410041;1,376854258;0;;;;;;;;;;;;;
298;-0,907008027;0,071530116;-0,092991973;1;-0,962534679;0,075316107;0,069482977;1;-0,291898347;0,106731684;0,459491733;1;;;;;;;;;;;;;
299;-0,969741836;0,06479237;-0,030258164;1;-0,946541557;0,071438175;0,051712841;1;-0,244388303;0,098996268;0,221941517;1;;;;;;;;;;;;;
300;-0,946083615;0,072327837;-0,053916385;1;-0,889159016;0,073599727;-0,012045538;1;-0,30597746;0,107567549;0,529887298;1;;;;;;;;;;;;;
301;-1,017541108;0,071071995;0,017541108;1;-0,869563618;0,072686367;-0,033818203;1;-0,100847262;0,103841443;-0,49576369;1;;;;;;;;;;;;;
302;-0,929357676;0,071047598;-0,070642324;1;-1,005431273;0,075701416;0,117145859;1;-0,199083084;0,105333408;-0,004584581;1;;;;;;;;;;;;;
303;-1,005239504;0,075690135;0,005239504;1;-0,870628496;0,075784745;-0,032635005;1;-0,241955275;0,109417992;0,209776376;1;;;;;;;;;;;;;
304;-1,00302122;0,065499316;0,00302122;1;-0,895266972;0,07087443;-0,00525892;1;-0,227824779;0,099844;0,139123894;1;;;;;;;;;;;;;
305;-1,003533345;0,07530907;0,003533345;1;-0,715096105;0,073715038;-0,205448772;0;-0,33522124;0,111815815;0,676106201;1;;;;;;;;;;;;;
306;-0,937782803;0,066862228;-0,062217197;1;-0,815527364;0,07135416;-0,093858484;1;-0,286694151;0,101653135;0,433470753;1;;;;;;;;;;;;;
307;-1,068357678;0,068713308;0,068357678;1;-0,937885608;0,074476458;0,04209512;1;-0,248672863;0,104042869;0,243364317;1;;;;;;;;;;;;;
308;-1,036704456;0,080024577;0,036704456;1;-0,878615862;0,078311169;-0,023760153;1;-0,186386357;0,116649772;-0,068068217;1;;;;;;;;;;;;;
309;-0,982904929;0,067028406;-0,017095071;1;-0,839582762;0,069935881;-0,067130264;1;-0,223725225;0,100846487;0,118626123;1;;;;;;;;;;;;;
310;-0,982674238;0,068323591;-0,017325762;1;-0,944860518;0,073304094;0,049845021;1;-0,210394035;0,100722671;0,051970177;1;;;;;;;;;;;;;
311;-0,905423849;0,064622748;-0,094576151;1;-0,85197458;0,068308609;-0,053361578;1;-0,269936189;0,096411672;0,349680946;1;;;;;;;;;;;;;
312;-0,993349539;0,073370823;-0,006650461;1;-0,954780344;0,077099309;0,060867049;1;-0,238268645;0,107890506;0,191343227;1;;;;;;;;;;;;;
313;-0,987962653;0,07226304;-0,012037347;1;-0,810692194;0,07359973;-0,099230896;1;-0,282657294;0,109385274;0,413286471;1;;;;;;;;;;;;;
314;-1,02757472;0,064662844;0,02757472;1;-0,935985823;0,072574959;0,039984247;1;-0,28621777;0,097281164;0,431088849;1;;;;;;;;;;;;;
315;-0,999996153;0,065814341;-3,85E-06;1;-1,004500867;0,07582091;0,116112075;1;-0,23600945;0,099677963;0,180047252;1;;;;;;;;;;;;;
316;-1,066305173;0,06861132;0,066305173;1;-0,850603155;0,072212734;-0,054885383;1;-0,18302114;0,102954956;-0,084894299;1;;;;;;;;;;;;;
317;-1,04072531;0,069179383;0,04072531;1;-0,836397036;0,072145045;-0,07066996;1;-0,220436191;0,103352229;0,102180955;1;;;;;;;;;;;;;
318;-0,966822852;0,072727738;-0,033177148;1;-0,811990484;0,072032071;-0,097788351;1;-0,358211285;0,107626968;0,791056426;1;;;;;;;;;;;;;
319;-1,054636152;0,076038503;0,054636152;1;-1,004037432;0,077893835;0,115597147;1;-0,019630192;0,109009335;-0,901849038;1;;;;;;;;;;;;;
320;-1,011352791;0,074061776;0,011352791;1;-0,804358474;0,072888446;-0,106268362;1;-0,17098223;0,10891807;-0,145088851;1;;;;;;;;;;;;;
321;-1,03424949;0,072122846;0,03424949;1;-1,025658773;0,078713257;0,139620859;1;-0,177378701;0,107110972;-0,113106493;1;;;;;;;;;;;;;
322;-1,144299885;0,071263437;0,144299885;0;-0,971738082;0,07698227;0,07970898;1;-0,066798976;0,107590624;-0,666005119;1;;;;;;;;;;;;;
323;-0,926649078;0,069183188;-0,073350922;1;-0,816477232;0,071512708;-0,092803076;1;-0,363171235;0,105716481;0,815856177;1;;;;;;;;;;;;;
324;-0,971149828;0,069053393;-0,028850172;1;-0,689499341;0,068431703;-0,233889621;0;-0,279350912;0,102360954;0,396754562;1;;;;;;;;;;;;;
325;-0,94804761;0,071096783;-0,05195239;1;-0,942484556;0,075495223;0,047205062;1;-0,268868054;0,106978907;0,344340269;1;;;;;;;;;;;;;
326;-0,916413525;0,062415376;-0,083586475;1;-0,950277598;0,072715801;0,055863997;1;-0,344590587;0,097792037;0,722952937;1;;;;;;;;;;;;;
327;-0,94237524;0,071612038;-0,05762476;1;-0,926775914;0,076274997;0,029751015;1;-0,248421846;0,106029413;0,242109229;1;;;;;;;;;;;;;
328;-1,058632184;0,074752761;0,058632184;1;-0,893019351;0,07651168;-0,007756277;1;-0,207822753;0,110598999;0,039113766;1;;;;;;;;;;;;;
329;-1,025300912;0,067336114;0,025300912;1;-0,815609817;0,068858436;-0,09376687;1;-0,09566048;0,097277399;-0,521697598;1;;;;;;;;;;;;;
330;-0,927010225;0,067718307;-0,072989775;1;-0,949861227;0,073735333;0,055401364;1;-0,220391375;0,101087319;0,101956876;1;;;;;;;;;;;;;
331;-0,924081582;0,073653573;-0,075918418;1;-1,001251253;0,078588961;0,112501392;1;-0,32922426;0,110039726;0,646121299;1;;;;;;;;;;;;;
332;-1,003026074;0,071527006;0,003026074;1;-0,857952335;0,07220883;-0,046719628;1;-0,209350727;0,10695733;0,046753633;1;;;;;;;;;;;;;
333;-1,13138648;0,070356708;0,13138648;1;-0,942572599;0,074603894;0,047302887;1;-0,189500164;0,103114748;-0,052499178;1;;;;;;;;;;;;;
334;-0,95321426;0,065403636;-0,04678574;1;-0,964423524;0,07147181;0,071581694;1;-0,114482589;0,098837758;-0,427587057;1;;;;;;;;;;;;;
335;-1,124290768;0,075067506;0,124290768;1;-0,940703336;0,076947325;0,045225929;1;-0,069680039;0,10818133;-0,651599806;1;;;;;;;;;;;;;
336;-1,172759555;0,071176415;0,172759555;0;-0,880877363;0,072395688;-0,021247375;1;-0,015281992;0,105459826;-0,92359004;1;;;;;;;;;;;;;
337;-0,995283553;0,066194571;-0,004716447;1;-0,848908831;0,071265973;-0,056767965;1;-0,34579418;0,103272034;0,728970898;1;;;;;;;;;;;;;
338;-0,906466138;0,065805311;-0,093533862;1;-0,956851439;0,073449732;0,063168266;1;-0,355280049;0,100642029;0,776400246;1;;;;;;;;;;;;;
339;-0,890633658;0,068201712;-0,109366342;1;-1,003328431;0,07488791;0,114809367;1;-0,272756608;0,101037133;0,363783042;1;;;;;;;;;;;;;
340;-1,063778988;0,070158512;0,063778988;1;-0,878378282;0,074792636;-0,024024131;1;-0,172045224;0,106072873;-0,139773879;1;;;;;;;;;;;;;
341;-1,117680511;0,075649713;0,117680511;1;-1,074955299;0,081239907;0,194394777;0;-0,136451273;0,113942446;-0,317743633;1;;;;;;;;;;;;;
342;-0,99516977;0,073660244;-0,00483023;1;-0,874612265;0,07712208;-0,028208594;1;-0,345298098;0,113167579;0,726490488;1;;;;;;;;;;;;;
343;-1,121108718;0,073212247;0,121108718;1;-0,846874829;0,073010917;-0,059027968;1;-0,045025202;0,10424521;-0,774873992;1;;;;;;;;;;;;;
344;-0,991454565;0,065384888;-0,008545435;1;-0,911713565;0,072702245;0,013015072;1;-0,28588411;0,099783247;0,429420552;1;;;;;;;;;;;;;
345;-0,948949318;0,063874459;-0,051050682;1;-0,889520049;0,07069493;-0,01164439;1;-0,244333766;0,095933704;0,221668832;1;;;;;;;;;;;;;
346;-0,935177029;0,062659277;-0,064822971;1;-0,876370937;0,068462719;-0,026254515;1;-0,110889269;0,094216441;-0,445553653;1;;;;;;;;;;;;;
347;-1,052805858;0,069879274;0,052805858;1;-1,029741796;0,076266074;0,144157551;1;-0,122384943;0,102547421;-0,388075286;1;;;;;;;;;;;;;
348;-1,070940546;0,073887203;0,070940546;1;-0,883923665;0,074784884;-0,017862595;1;-0,083307811;0,105987794;-0,583460946;1;;;;;;;;;;;;;
349;-1,004952286;0,075516851;0,004952286;1;-0,767766101;0,070486228;-0,146926555;1;-0,097341024;0,10709028;-0,513294878;1;;;;;;;;;;;;;
350;-0,973275645;0,064436355;-0,026724355;1;-0,956672174;0,070061431;0,062969082;1;-0,161652115;0,095536793;-0,191739423;1;;;;;;;;;;;;;
351;-1,04386609;0,068703475;0,04386609;1;-0,900890878;0,072514879;0,000989865;1;-0,13762189;0,102694676;-0,31189055;1;;;;;;;;;;;;;
352;-1,02654021;0,07818475;0,02654021;1;-1,009238977;0,079392872;0,121376642;1;-0,15154024;0,115470621;-0,242298799;1;;;;;;;;;;;;;
353;-0,852121654;0,067220364;-0,147878346;0;-0,913915663;0,073996311;0,015461848;1;-0,445782218;0,102938273;1,228911089;0;;;;;;;;;;;;;
354;-1,057274885;0,06824855;0,057274885;1;-0,890844942;0,073639068;-0,010172287;1;-0,186985561;0,102319322;-0,065072194;1;;;;;;;;;;;;;
355;-1,081363157;0,066332434;0,081363157;1;-0,958986539;0,072335092;0,065540599;1;-0,070932481;0,098185422;-0,645337597;1;;;;;;;;;;;;;
356;-1,022273596;0,072756797;0,022273596;1;-0,880998634;0,073321578;-0,021112629;1;-0,125829993;0,107133876;-0,370850037;1;;;;;;;;;;;;;
357;-0,977437628;0,079661538;-0,022562372;1;-0,848348375;0,076048418;-0,057390694;1;-0,171165229;0,114315125;-0,144173856;1;;;;;;;;;;;;;
358;-1,023532627;0,069114583;0,023532627;1;-0,876641657;0,072939915;-0,025953714;1;-0,265800748;0,103804531;0,32900374;1;;;;;;;;;;;;;
359;-0,933935071;0,067659396;-0,066064929;1;-1,053315757;0,076998637;0,170350841;0;-0,231566665;0,102522865;0,157833327;1;;;;;;;;;;;;;
360;-1,018420456;0,074154575;0,018420456;1;-0,94325185;0,075043609;0,048057611;1;-0,176526658;0,106992733;-0,117366712;1;;;;;;;;;;;;;
361;-0,993052832;0,068909994;-0,006947168;1;-0,749114866;0,069283057;-0,167650149;0;-0,190820798;0,102816022;-0,045896011;1;;;;;;;;;;;;;
362;-0,996183069;0,067689181;-0,003816931;1;-0,885971845;0,074768235;-0,015586839;1;-0,365033958;0,104248825;0,825169791;1;;;;;;;;;;;;;
363;-0,892199176;0,069449381;-0,107800824;1;-0,912163185;0,073657348;0,01351465;1;-0,353495288;0,105509199;0,76747644;1;;;;;;;;;;;;;
364;-0,903953286;0,066384558;-0,096046714;1;-1,005064485;0,07597857;0,116738316;1;-0,382218149;0,104468322;0,911090744;1;;;;;;;;;;;;;
365;-0,954470797;0,07056521;-0,045529203;1;-0,869869313;0,073421174;-0,033478541;1;-0,310312397;0,10630284;0,551561987;1;;;;;;;;;;;;;
366;-0,990384277;0,068236131;-0,009615723;1;-0,900699941;0,073040386;0,000777712;1;-0,288844261;0,102154214;0,444221305;1;;;;;;;;;;;;;
367;-0,99508766;0,073821598;-0,00491234;1;-0,98933335;0,07912512;0,099259278;1;-0,221817238;0,108166158;0,109086188;1;;;;;;;;;;;;;
368;-1,018674478;0,068259632;0,018674478;1;-0,914957211;0,074432102;0,016619123;1;-0,188939404;0,102551475;-0,055302982;1;;;;;;;;;;;;;
369;-1,04338269;0,070336163;0,04338269;1;-1,054709733;0,07835522;0,171899704;0;-0,210489613;0,107430306;0,052448064;1;;;;;;;;;;;;;
370;-0,999101956;0,06401568;-0,000898044;1;-0,786910667;0,067885505;-0,125654815;1;-0,164479386;0,095503838;-0,177603072;1;;;;;;;;;;;;;
371;-0,975481634;0,068920472;-0,024518366;1;-0,825890335;0,068917875;-0,082344072;1;-0,129431003;0,100890607;-0,352844985;1;;;;;;;;;;;;;
372;-0,984696387;0,072029384;-0,015303613;1;-0,858508649;0,073476143;-0,046101501;1;-0,264793775;0,109408159;0,323968877;1;;;;;;;;;;;;;
373;-0,967080848;0,064397751;-0,032919152;1;-0,840070453;0,068166487;-0,066588385;1;-0,160503681;0,095823715;-0,197481595;1;;;;;;;;;;;;;
374;-0,980037475;0,068202149;-0,019962525;1;-0,830686093;0,072046982;-0,077015453;1;-0,262374633;0,103186246;0,311873166;1;;;;;;;;;;;;;
375;-0,890819389;0,063406403;-0,109180611;1;-0,881626025;0,068987431;-0,020415528;1;-0,292113121;0,097971359;0,460565607;1;;;;;;;;;;;;;
376;-0,901069862;0,073023147;-0,098930138;1;-0,887106863;0,07581633;-0,014325708;1;-0,365893174;0,112079595;0,829465872;1;;;;;;;;;;;;;
377;-1,032022276;0,072344222;0,032022276;1;-0,816670682;0,071193002;-0,092588131;1;-0,036359112;0,102260863;-0,81820444;1;;;;;;;;;;;;;
378;-1,1206259;0,069386736;0,1206259;1;-0,880926147;0,07000483;-0,02119317;1;0,075149111;0,099054294;-1,375745555;0;;;;;;;;;;;;;
379;-1,048360082;0,079556692;0,048360082;1;-0,710377626;0,073283567;-0,210691527;0;-0,207299866;0,114810897;0,036499329;1;;;;;;;;;;;;;
380;-0,986402842;0,0706768;-0,013597158;1;-0,95200208;0,075615948;0,057780089;1;-0,421056231;0,10937555;1,105281155;0;;;;;;;;;;;;;
381;-0,969729911;0,074040119;-0,030270089;1;-0,864764783;0,072820774;-0,039150241;1;-0,239726591;0,110731808;0,198632955;1;;;;;;;;;;;;;
382;-1,068966892;0,075878814;0,068966892;1;-0,849410452;0,074420894;-0,056210609;1;-0,114427359;0,109469503;-0,427863204;1;;;;;;;;;;;;;
383;-1,07292344;0,071582818;0,07292344;1;-0,972538183;0,075605708;0,080597982;1;-0,058847522;0,103830675;-0,70576239;1;;;;;;;;;;;;;
384;-1,031498393;0,067748131;0,031498393;1;-0,828953417;0,071387079;-0,078940648;1;-0,176949777;0,101697601;-0,115251114;1;;;;;;;;;;;;;
385;-0,944531359;0,071048536;-0,055468641;1;-0,934571892;0,075148761;0,038413213;1;-0,191224308;0,105163627;-0,043878459;1;;;;;;;;;;;;;
386;-1,096388093;0,076084761;0,096388093;1;-1,041216141;0,07899029;0,156906823;1;0,006328523;0,108775691;-1,031642616;1;;;;;;;;;;;;;
387;-1,027939663;0,077079594;0,027939663;1;-0,818571859;0,073613298;-0,090475712;1;-0,118470236;0,111124457;-0,40764882;1;;;;;;;;;;;;;
388;-0,909062229;0,065195143;-0,090937771;1;-1,059672247;0,074695726;0,177413608;0;-0,154113602;0,098393074;-0,229431991;1;;;;;;;;;;;;;
389;-0,973908365;0,076188244;-0,026091635;1;-0,841591542;0,076571702;-0,064898286;1;-0,341672419;0,113711723;0,708362097;1;;;;;;;;;;;;;
390;-1,095747495;0,073003139;0,095747495;1;-1,015467004;0,07718003;0,128296672;1;-0,065161784;0,105951849;-0,674191079;1;;;;;;;;;;;;;
391;-0,971547635;0,067786005;-0,028452365;1;-0,938473035;0,075327935;0,042747817;1;-0,339869285;0,10436513;0,699346425;1;;;;;;;;;;;;;
392;-0,99040556;0,068086015;-0,00959444;1;-0,875120528;0,072704449;-0,027643858;1;-0,175543484;0,101634584;-0,122282581;1;;;;;;;;;;;;;
393;-0,890048715;0,066712565;-0,109951285;1;-0,816917896;0,070822174;-0,092313448;1;-0,350766237;0,102788594;0,753831184;1;;;;;;;;;;;;;
394;-0,847408959;0,074379889;-0,152591041;0;-0,845478629;0,074394023;-0,060579301;1;-0,468646747;0,11281349;1,343233733;0;;;;;;;;;;;;;
395;-1,056541034;0,070993407;0,056541034;1;-0,940087082;0,076468081;0,044541202;1;-0,20334305;0,106207241;0,016715248;1;;;;;;;;;;;;;
396;-1,07639306;0,080039224;0,07639306;1;-1,131229608;0,08446933;0,256921787;0;-0,148740206;0,115710882;-0,256298972;1;;;;;;;;;;;;;
397;-1,138953072;0,072530325;0,138953072;1;-0,842228146;0,072519358;-0,064190949;1;-0,065400891;0,105596071;-0,672995545;1;;;;;;;;;;;;;
398;-0,989588864;0,073124961;-0,010411136;1;-0,934566983;0,075365353;0,038407759;1;-0,178968005;0,10574374;-0,105159973;1;;;;;;;;;;;;;
399;-0,998696193;0,073863409;-0,001303807;1;-0,860254092;0,07559702;-0,04416212;1;-0,216337847;0,109060681;0,081689234;1;;;;;;;;;;;;;
400;-0,999766343;0,075224056;-0,000233657;1;-0,967323;0,076643163;0,074803334;1;-0,139703097;0,108385591;-0,301484514;1;;;;;;;;;;;;;
401;-1,053848636;0,070160537;0,053848636;1;-0,850607786;0,071960722;-0,054880238;1;-0,154271321;0,104939791;-0,228643394;1;;;;;;;;;;;;;
402;-1,035866495;0,075102233;0,035866495;1;-0,876297909;0,07549742;-0,026335657;1;-0,13387945;0,107338534;-0,330602752;1;;;;;;;;;;;;;
403;-1,007979021;0,075656229;0,007979021;1;-1,036952438;0,081164213;0,152169375;1;-0,323068635;0,114300584;0,615343174;1;;;;;;;;;;;;;
404;-0,944158416;0,073491536;-0,055841584;1;-0,832238617;0,0707709;-0,075290426;1;-0,020613124;0,102257466;-0,896934381;1;;;;;;;;;;;;;
405;-0,991559026;0,069106259;-0,008440974;1;-0,914899353;0,072194164;0,016554837;1;-0,161245664;0,105228737;-0,193771682;1;;;;;;;;;;;;;
406;-1,191068562;0,076125491;0,191068562;0;-0,905724865;0,074931866;0,006360961;1;-0,005097041;0,108631551;-0,974514794;1;;;;;;;;;;;;;
407;-0,981338817;0,064200255;-0,018661183;1;-0,905117012;0,071452554;0,005685568;1;-0,29495574;0,098552166;0,474778702;1;;;;;;;;;;;;;
408;-0,965655146;0,072910906;-0,034344854;1;-0,889979498;0,07357708;-0,011133891;1;-0,169193732;0,105786718;-0,15403134;1;;;;;;;;;;;;;
409;-0,998947012;0,068577154;-0,001052988;1;-0,915470916;0,073361736;0,017189906;1;-0,224152378;0,103203661;0,120761889;1;;;;;;;;;;;;;
410;-0,952257481;0,068477293;-0,047742519;1;-1,001752597;0,075059379;0,113058441;1;-0,164061019;0,101939005;-0,179694904;1;;;;;;;;;;;;;
411;-1,021739602;0,068608789;0,021739602;1;-0,886826703;0,072890684;-0,014636996;1;-0,141567731;0,101319041;-0,292161347;1;;;;;;;;;;;;;
412;-0,879694017;0,070952495;-0,120305983;1;-0,907451134;0,072277804;0,008279038;1;-0,12237081;0,103356908;-0,388145951;1;;;;;;;;;;;;;
413;-0,877151746;0,064670379;-0,122848254;1;-0,953999257;0,072128543;0,059999174;1;-0,320404039;0,099278536;0,602020195;1;;;;;;;;;;;;;
414;-0,943782656;0,073959245;-0,056217344;1;-0,939065714;0,076152676;0,043406349;1;-0,250614637;0,108667675;0,253073184;1;;;;;;;;;;;;;
415;-0,955437477;0,069121349;-0,044562523;1;-0,842450048;0,072138106;-0,063944391;1;-0,35479993;0,105303373;0,773999652;1;;;;;;;;;;;;;
416;-1,094442433;0,071937748;0,094442433;1;-0,815469014;0,073346172;-0,093923318;1;-0,092658677;0,10561045;-0,536706613;1;;;;;;;;;;;;;
417;-1,059423133;0,072738947;0,059423133;1;-1,032206926;0,077632366;0,146896585;1;-0,097824711;0,105935592;-0,510876443;1;;;;;;;;;;;;;
418;-0,892027053;0,066330436;-0,107972947;1;-0,910628619;0,074582916;0,011809577;1;-0,369337901;0,103734078;0,846689507;1;;;;;;;;;;;;;
419;-1,045971089;0,078956587;0,045971089;1;-0,923162325;0,079536396;0,025735917;1;-0,110307038;0,111841513;-0,44846481;1;;;;;;;;;;;;;
420;-1,061749973;0,071782074;0,061749973;1;-0,886742153;0,073996479;-0,014730941;1;-0,191976165;0,1052964;-0,040119173;1;;;;;;;;;;;;;
421;-1,082689024;0,073478572;0,082689024;1;-0,876624144;0,075383077;-0,025973174;1;-0,155677984;0,109514625;-0,221610079;1;;;;;;;;;;;;;
422;-1,072937243;0,071762212;0,072937243;1;-0,810216755;0,071229899;-0,099759161;1;-0,147233749;0,104128814;-0,263831253;1;;;;;;;;;;;;;
423;-0,993808806;0,07354138;-0,006191194;1;-1,028182785;0,07904495;0,142425317;1;-0,242281456;0,111260927;0,211407278;1;;;;;;;;;;;;;
424;-1,125465914;0,074692621;0,125465914;1;-0,991529586;0,077334375;0,10169954;1;-0,062132152;0,107761389;-0,689339241;1;;;;;;;;;;;;;
425;-0,964427546;0,069115218;-0,035572454;1;-0,805869756;0,071443235;-0,10458916;1;-0,372837931;0,107419956;0,864189653;1;;;;;;;;;;;;;
426;-0,970669425;0,064817758;-0,029330575;1;-0,930352739;0,0734655;0,033725265;1;-0,342519572;0,099659011;0,712597861;1;;;;;;;;;;;;;
427;-0,992802579;0,062641497;-0,007197421;1;-0,933606352;0,072385179;0,037340391;1;-0,193447546;0,095400015;-0,03276227;1;;;;;;;;;;;;;
428;-1,009439057;0,074446868;0,009439057;1;-0,864114188;0,075454718;-0,039873124;1;-0,242874147;0,110670553;0,214370736;1;;;;;;;;;;;;;
429;-1,016843802;0,068698494;0,016843802;1;-0,879274978;0,073208136;-0,023027802;1;-0,208205208;0,102146872;0,041026038;1;;;;;;;;;;;;;
430;-0,940664132;0,068252482;-0,059335868;1;-0,841689662;0,069997571;-0,064789265;1;-0,23182987;0,102371706;0,159149351;1;;;;;;;;;;;;;
431;-0,973770251;0,072824519;-0,026229749;1;-0,850314119;0,073654192;-0,055206534;1;-0,212405709;0,108279228;0,062028545;1;;;;;;;;;;;;;
432;-1,020948406;0,070590143;0,020948406;1;-0,774104883;0,070613191;-0,139883463;1;-0,169699239;0,103745216;-0,151503806;1;;;;;;;;;;;;;
433;-0,923391468;0,065972294;-0,076608532;1;-0,903772246;0,07195264;0,004191385;1;-0,216873244;0,098195642;0,084366222;1;;;;;;;;;;;;;
434;-1,012830217;0,065164236;0,012830217;1;-0,967975684;0,073447632;0,075528538;1;-0,233981031;0,098597276;0,169905153;1;;;;;;;;;;;;;
435;-1,048606305;0,06631865;0,048606305;1;-0,867592917;0,071128899;-0,03600787;1;-0,136191846;0,098765109;-0,319040769;1;;;;;;;;;;;;;
436;-1,029176769;0,070321131;0,029176769;1;-0,957543061;0,077290524;0,063936734;1;-0,22180762;0,104623712;0,109038102;1;;;;;;;;;;;;;
437;-1,113309;0,070684037;0,113309;1;-0,947272247;0,076823448;0,052524719;1;-0,200001272;0,106828607;6,36E-06;1;;;;;;;;;;;;;
438;-1,072437266;0,071549749;0,072437266;1;-0,76068176;0,070702591;-0,154798044;0;-0,095888937;0,104469933;-0,520555316;1;;;;;;;;;;;;;
439;-1,007454135;0,070232129;0,007454135;1;-0,858553736;0,073997621;-0,046051404;1;-0,214352827;0,107073131;0,071764136;1;;;;;;;;;;;;;
440;-1,133114172;0,071304524;0,133114172;1;-0,802964985;0,070326785;-0,107816683;1;-0,002441574;0,103271771;-0,987792129;1;;;;;;;;;;;;;
441;-0,937909722;0,069610507;-0,062090278;1;-0,934559698;0,07438576;0,038399664;1;-0,281067671;0,104539965;0,405338354;1;;;;;;;;;;;;;
442;-0,998301662;0,063193567;-0,001698338;1;-1,019595574;0,073515482;0,132883971;1;-0,245701484;0,097023556;0,228507419;1;;;;;;;;;;;;;
443;-0,96237851;0,072160542;-0,03762149;1;-0,881324827;0,073535815;-0,020750193;1;-0,120792762;0,104540162;-0,396036189;1;;;;;;;;;;;;;
444;-1,036782389;0,074336944;0,036782389;1;-1,060189374;0,077972673;0,177988193;0;0,017549656;0,105195436;-1,087748282;0;;;;;;;;;;;;;
445;-0,968165973;0,070868154;-0,031834027;1;-0,926108477;0,075978034;0,029009419;1;-0,303753295;0,109339489;0,518766474;1;;;;;;;;;;;;;
446;-1,022154623;0,077505568;0,022154623;1;-0,929137826;0,079036144;0,032375362;1;-0,196662059;0,113374402;-0,016689703;1;;;;;;;;;;;;;
447;-0,965816448;0,061665474;-0,034183552;1;-0,857650669;0,068952373;-0,047054812;1;-0,237806341;0,094490169;0,189031707;1;;;;;;;;;;;;;
448;-1,019368407;0,070045366;0,019368407;1;-0,88699124;0,072920594;-0,014454178;1;-0,229018104;0,108239929;0,145090519;1;;;;;;;;;;;;;
449;-1,044436329;0,081135662;0,044436329;1;-0,932675197;0,079728358;0,036305775;1;-0,181175604;0,117161071;-0,094121981;1;;;;;;;;;;;;;
450;-1,051378175;0,072615113;0,051378175;1;-0,926057807;0,074559499;0,028953119;1;-0,156250032;0,107363876;-0,218749839;1;;;;;;;;;;;;;
451;-0,967371899;0,064684076;-0,032628101;1;-0,904971618;0,072516002;0,00552402;1;-0,329786114;0,102292903;0,648930571;1;;;;;;;;;;;;;
452;-0,917306656;0,06726917;-0,082693344;1;-0,976966558;0,075959137;0,085518398;1;-0,333879618;0,104222121;0,669398091;1;;;;;;;;;;;;;
453;-1,03495174;0,073051021;0,03495174;1;-0,828609079;0,074916439;-0,079323245;1;-0,274091671;0,108116728;0,370458355;1;;;;;;;;;;;;;
454;-1,049970232;0,067206995;0,049970232;1;-0,837721973;0,069138296;-0,069197807;1;-0,012016632;0,096035024;-0,939916839;1;;;;;;;;;;;;;
455;-1,015619689;0,068126414;0,015619689;1;-0,881599891;0,071839901;-0,020444566;1;-0,104708538;0,099162675;-0,476457308;1;;;;;;;;;;;;;
456;-0,886632842;0,066188628;-0,113367158;1;-0,9962204;0,075052554;0,106911556;1;-0,381852865;0,103275632;0,909264327;1;;;;;;;;;;;;;
457;-1,146844588;0,076079117;0,146844588;1;-0,809285342;0,074300644;-0,100794064;1;-0,107263536;0,111476987;-0,463682319;1;;;;;;;;;;;;;
458;-1,029545244;0,068480735;0,029545244;1;-0,88233193;0,072257531;-0,019631189;1;-0,104196938;0,099894761;-0,479015311;1;;;;;;;;;;;;;
459;-1,100671355;0,074286437;0,100671355;1;-0,841770278;0,074905715;-0,064699691;1;-0,149791501;0,110053248;-0,251042494;1;;;;;;;;;;;;;
460;-0,936859435;0,064830681;-0,063140565;1;-0,952418634;0,071673367;0,058242927;1;-0,209947576;0,099191381;0,049737882;1;;;;;;;;;;;;;
461;-0,972771922;0,069850383;-0,027228078;1;-0,957757357;0,075124781;0,064174841;1;-0,235141089;0,105500424;0,175705445;1;;;;;;;;;;;;;
462;-1,014469795;0,068814113;0,014469795;1;-0,90158969;0,073695396;0,001766322;1;-0,181248681;0,101960907;-0,093756595;1;;;;;;;;;;;;;
463;-1,017361741;0,067451541;0,017361741;1;-0,838654944;0,071637973;-0,068161174;1;-0,271658898;0,1020704;0,358294489;1;;;;;;;;;;;;;
464;-0,933995951;0,063804893;-0,066004049;1;-0,917753856;0,071194605;0,019726507;1;-0,275814904;0,098289788;0,379074522;1;;;;;;;;;;;;;
465;-1,091070578;0,077292297;0,091070578;1;-0,88930106;0,079252178;-0,011887711;1;-0,203759023;0,114609487;0,018795117;1;;;;;;;;;;;;;
466;-0,9491459;0,075719526;-0,0508541;1;-0,955915095;0,077654276;0,062127884;1;-0,384438759;0,112603409;0,922193793;1;;;;;;;;;;;;;
467;-0,985371804;0,071193031;-0,014628196;1;-0,900339066;0,075361184;0,00037674;1;-0,185270427;0,104475472;-0,073647867;1;;;;;;;;;;;;;
468;-0,972770036;0,065469731;-0,027229964;1;-0,893561509;0,072209393;-0,007153879;1;-0,351543796;0,10322271;0,757718979;1;;;;;;;;;;;;;
469;-0,986160737;0,076870974;-0,013839263;1;-0,932868128;0,078507846;0,036520142;1;-0,27800468;0,11420148;0,390023402;1;;;;;;;;;;;;;
470;-0,917115585;0,070310086;-0,082884415;1;-0,979490772;0,075540619;0,08832308;1;-0,23118511;0,105480259;0,155925551;1;;;;;;;;;;;;;
471;-0,969346789;0,070092027;-0,030653211;1;-0,851792854;0,071360318;-0,053563495;1;-0,247121092;0,103891493;0,23560546;1;;;;;;;;;;;;;
472;-0,927468541;0,079922738;-0,072531459;1;-0,893190546;0,07872642;-0,00756606;1;-0,242169287;0,115766795;0,210846434;1;;;;;;;;;;;;;
473;-0,7818641;0,069758656;-0,2181359;0;-0,872222258;0,071299514;-0,030864158;1;-0,253433812;0,105730308;0,267169058;1;;;;;;;;;;;;;
474;-1,17154933;0,077178303;0,17154933;0;-0,992506356;0,07771626;0,10278484;1;0,096273275;0,107707454;-1,481366374;0;;;;;;;;;;;;;
475;-0,953363946;0,069281884;-0,046636054;1;-1,000465568;0,075137592;0,111628409;1;-0,161116872;0,101295462;-0,194415638;1;;;;;;;;;;;;;
476;-1,04197809;0,072919022;0,04197809;1;-0,971227611;0,077914831;0,07914179;1;-0,173104779;0,109084048;-0,134476104;1;;;;;;;;;;;;;
477;-1,100075765;0,074519229;0,100075765;1;-0,946499092;0,076960792;0,051665658;1;-0,136488347;0,108859415;-0,317558266;1;;;;;;;;;;;;;
478;-1,032996728;0,067553803;0,032996728;1;-0,941602013;0,071837064;0,046224459;1;-0,070663513;0,09988265;-0,646682433;1;;;;;;;;;;;;;
479;-0,968126962;0,074013674;-0,031873038;1;-0,938132392;0,077888619;0,042369325;1;-0,273097318;0,109949322;0,365486589;1;;;;;;;;;;;;;
480;-1,008675144;0,078032428;0,008675144;1;-0,830750709;0,076430937;-0,076943656;1;-0,278695653;0,113289599;0,393478264;1;;;;;;;;;;;;;
481;-1,065873066;0,071289318;0,065873066;1;-0,802313515;0,07213394;-0,108540539;1;-0,151793315;0,104635465;-0,241033424;1;;;;;;;;;;;;;
482;-0,997954248;0,06031907;-0,002045752;1;-0,927911328;0,068481251;0,031012586;1;-0,078806632;0,090094899;-0,605966841;1;;;;;;;;;;;;;
483;-1,028306947;0,070418694;0,028306947;1;-0,850740124;0,072610675;-0,054733196;1;-0,234162647;0,105989419;0,170813237;1;;;;;;;;;;;;;
484;-0,971917377;0,064966624;-0,028082623;1;-0,873187034;0,069667058;-0,029792184;1;-0,186241029;0,09779416;-0,068794857;1;;;;;;;;;;;;;
485;-1,095778276;0,073754436;0,095778276;1;-0,821943108;0,072139482;-0,086729879;1;-0,040389477;0,107559434;-0,798052616;1;;;;;;;;;;;;;
486;-0,894519346;0,065889503;-0,105480654;1;-0,91159287;0,072878351;0,012880967;1;-0,277566985;0,102625771;0,387834923;1;;;;;;;;;;;;;
487;-0,948394843;0,069809013;-0,051605157;1;-0,8194586;0,070134644;-0,089490445;1;-0,197288008;0,103806581;-0,013559961;1;;;;;;;;;;;;;
488;-1,024921675;0,069463977;0,024921675;1;-0,779337473;0,071160037;-0,134069475;1;-0,232571746;0,104580541;0,16285873;1;;;;;;;;;;;;;
489;-0,919927589;0,066087269;-0,080072411;1;-0,927154674;0,071459046;0,03017186;1;-0,290921389;0,10157582;0,454606947;1;;;;;;;;;;;;;
490;-0,954177909;0,065246984;-0,045822091;1;-0,868042587;0,071132485;-0,035508236;1;-0,353311676;0,102159474;0,766558378;1;;;;;;;;;;;;;
491;-0,935599332;0,071138701;-0,064400668;1;-0,954337358;0,075181722;0,060374842;1;-0,191711727;0,106364576;-0,041441365;1;;;;;;;;;;;;;
492;-0,956382346;0,068938583;-0,043617654;1;-0,8644507;0,072704619;-0,039499222;1;-0,26131415;0,104495933;0,306570751;1;;;;;;;;;;;;;
493;-1,056133017;0,074523588;0,056133017;1;-0,958024954;0,077400068;0,064472171;1;-0,135456124;0,109568885;-0,322719378;1;;;;;;;;;;;;;
494;-0,968444268;0,071280336;-0,031555732;1;-0,930021258;0,075347645;0,033356954;1;-0,229289219;0,105317887;0,146446096;1;;;;;;;;;;;;;
495;-1,04037344;0,07467028;0,04037344;1;-0,830597209;0,074702514;-0,077114212;1;-0,180823936;0,1104726;-0,095880319;1;;;;;;;;;;;;;
496;-1,024697232;0,075937124;0,024697232;1;-0,826512047;0,074987424;-0,081653281;1;-0,063870104;0,109903942;-0,680649478;1;;;;;;;;;;;;;
497;-0,811090582;0,075308297;-0,188909418;0;-0,963651206;0,077605329;0,070723562;1;-0,44882474;0,113652776;1,244123699;0;;;;;;;;;;;;;
498;-1,030543567;0,070597355;0,030543567;1;-0,854228366;0,073534777;-0,050857371;1;-0,314070483;0,10708529;0,570352414;1;;;;;;;;;;;;;
499;-1,073344319;0,073414068;0,073344319;1;-0,854194836;0,073572898;-0,050894626;1;-0,099937616;0,106190669;-0,500311919;1;;;;;;;;;;;;;
500;-1,07089266;0,076047375;0,07089266;1;-0,766916573;0,074645765;-0,147870475;1;-0,172911922;0,110709376;-0,135440391;1;;;;;;;;;;;;;
501;-1,100907412;0,076693097;0,100907412;1;-0,846743475;0,074871973;-0,059173917;1;-0,075967703;0,109867898;-0,620161486;1;;;;;;;;;;;;;
502;-1,032869433;0,074616369;0,032869433;1;-0,880061998;0,075245548;-0,022153335;1;-0,163109024;0,109355861;-0,184454878;1;;;;;;;;;;;;;
503;-1,151686305;0,084371829;0,151686305;1;-0,877926118;0,081471724;-0,024526536;1;-0,172185344;0,120009022;-0,13907328;1;;;;;;;;;;;;;
504;-0,987970295;0,064972616;-0,012029705;1;-0,980774901;0,074532286;0,08974989;1;-0,327588459;0,099833412;0,637942294;1;;;;;;;;;;;;;
505;-0,99173538;0,073010189;-0,00826462;1;-0,953620942;0,07657242;0,059578825;1;-0,342242861;0,108743238;0,711214306;1;;;;;;;;;;;;;
506;-0,946754319;0,073507785;-0,053245681;1;-0,945347651;0,076419074;0,050386279;1;-0,160939599;0,105584506;-0,195302005;1;;;;;;;;;;;;;
507;-0,989430938;0,068359334;-0,010569062;1;-0,813275154;0,072199894;-0,09636094;1;-0,316115436;0,104335348;0,580577179;1;;;;;;;;;;;;;
508;-1,067621371;0,07378484;0,067621371;1;-0,865016474;0,073056701;-0,038870584;1;-0,115608929;0,105360418;-0,421955355;1;;;;;;;;;;;;;
509;-0,908119234;0,072137886;-0,091880766;1;-0,976718392;0,075650323;0,085242658;1;-0,343706668;0,108248455;0,718533341;1;;;;;;;;;;;;;
510;-1,020579117;0,070348637;0,020579117;1;-0,951090713;0,074934016;0,056767459;1;-0,213974162;0,103856539;0,06987081;1;;;;;;;;;;;;;
511;-1,127431096;0,078644445;0,127431096;1;-0,841043879;0,076398692;-0,065506801;1;-0,194030077;0,115349526;-0,029849617;1;;;;;;;;;;;;;
512;-0,920082681;0,068692959;-0,079917319;1;-0,831847799;0,071376382;-0,075724667;1;-0,210598122;0,103762406;0,052990609;1;;;;;;;;;;;;;
513;-0,977049041;0,067530743;-0,022950959;1;-0,933381638;0,072362696;0,037090709;1;-0,145865712;0,101838927;-0,270671442;1;;;;;;;;;;;;;
514;-0,920248581;0,062856121;-0,079751419;1;-0,856596823;0,070005274;-0,048225752;1;-0,340314031;0,097796965;0,701570156;1;;;;;;;;;;;;;
515;-1,03443014;0,071049188;0,03443014;1;-0,961407498;0,075443919;0,068230553;1;-0,227016305;0,107074916;0,135081527;1;;;;;;;;;;;;;
516;-1,063016994;0,068150318;0,063016994;1;-0,816746958;0,070771891;-0,092503379;1;-0,156861791;0,099853672;-0,215691044;1;;;;;;;;;;;;;
517;-1,050575231;0,076576921;0,050575231;1;-0,844472823;0,074417216;-0,061696864;1;-0,077414762;0,110543592;-0,612926189;1;;;;;;;;;;;;;
518;-0,986345429;0,069602101;-0,013654571;1;-0,916981676;0,072959689;0,018868529;1;-0,131559245;0,104028728;-0,342203773;1;;;;;;;;;;;;;
519;-1,101636151;0,08038195;0,101636151;1;-0,938380792;0,081427841;0,042645325;1;-0,224707983;0,118485328;0,123539913;1;;;;;;;;;;;;;
520;-1,091911822;0,070614504;0,091911822;1;-0,848549202;0,073528489;-0,057167553;1;-0,203376454;0,105863539;0,016882271;1;;;;;;;;;;;;;
521;-1,015917785;0,07897203;0,015917785;1;-0,803267596;0,076076183;-0,107480449;1;-0,282720462;0,117420998;0,413602312;1;;;;;;;;;;;;;
522;-1,112544718;0,07398367;0,112544718;1;-0,769662936;0,071570354;-0,14481896;1;-0,053823317;0,109154664;-0,730883417;1;;;;;;;;;;;;;
523;-1,144854456;0,069510552;0,144854456;0;-0,881655711;0,071055038;-0,020382543;1;0,058772775;0,099890717;-1,293863873;0;;;;;;;;;;;;;
524;-1,036195924;0,069799791;0,036195924;1;-0,831909186;0,070536286;-0,07565646;1;-0,121230863;0,101432545;-0,393845687;1;;;;;;;;;;;;;
525;-1,086765469;0,069717102;0,086765469;1;-0,955086334;0,07583692;0,061207038;1;-0,219471132;0,103411928;0,097355658;1;;;;;;;;;;;;;
526;-1,004530838;0,076424065;0,004530838;1;-0,852972659;0,073024783;-0,052252601;1;-0,105008423;0,109826253;-0,474957886;1;;;;;;;;;;;;;
527;-0,898754118;0,070682507;-0,101245882;1;-0,807113172;0,073727789;-0,103207587;1;-0,315440002;0,108148141;0,577200008;1;;;;;;;;;;;;;
528;-1,026387108;0,077895178;0,026387108;1;-0,926672516;0,076646595;0,029636129;1;-0,016371448;0,110298659;-0,918142758;1;;;;;;;;;;;;;
529;-1,03641442;0,071214651;0,03641442;1;-1,066710976;0,077568538;0,185234417;0;-0,186830997;0,105693861;-0,065845013;1;;;;;;;;;;;;;
530;-1,076958555;0,069526092;0,076958555;1;-0,793354596;0,069481781;-0,118494894;1;-0,052363879;0,100576536;-0,738180606;1;;;;;;;;;;;;;
531;-0,98349236;0,075297493;-0,01650764;1;-0,961309792;0,078166213;0,068121991;1;-0,294161124;0,110813062;0,470805621;1;;;;;;;;;;;;;
532;-1,081422468;0,070124978;0,081422468;1;-0,928697527;0,07271687;0,031886141;1;-0,025331918;0,10287743;-0,873340409;1;;;;;;;;;;;;;
533;-1,009899433;0,067150127;0,009899433;1;-0,846353098;0,070620412;-0,059607669;1;-0,143888318;0,098995152;-0,280558411;1;;;;;;;;;;;;;
534;-0,871644283;0,068133683;-0,128355717;1;-0,917935192;0,073201355;0,019927992;1;-0,284673285;0,102077373;0,423366424;1;;;;;;;;;;;;;
535;-1,074121729;0,076619522;0,074121729;1;-0,982917163;0,07867757;0,092130181;1;-0,109986591;0,10963176;-0,450067044;1;;;;;;;;;;;;;
536;-1,0295245;0,072236667;0,0295245;1;-0,897168116;0,075480986;-0,003146538;1;-0,359135568;0,109127686;0,795677839;1;;;;;;;;;;;;;
537;-1,05704854;0,068661668;0,05704854;1;-0,869989262;0,073685287;-0,033345264;1;-0,307568674;0,104655156;0,537843368;1;;;;;;;;;;;;;
538;-1,002815437;0,072670291;0,002815437;1;-0,839516263;0,07397677;-0,067204152;1;-0,238396136;0,107653114;0,191980679;1;;;;;;;;;;;;;
539;-1,007061884;0,070900669;0,007061884;1;-1,009952833;0,076908601;0,122169814;1;-0,205394402;0,105696071;0,026972012;1;;;;;;;;;;;;;
540;-1,135215628;0,079294109;0,135215628;1;-0,931062308;0,079698567;0,034513676;1;-0,151676454;0,115851862;-0,241617729;1;;;;;;;;;;;;;
541;-1,005531885;0,074924473;0,005531885;1;-0,898478147;0,076839925;-0,001690948;1;-0,247965546;0,110811686;0,239827731;1;;;;;;;;;;;;;
542;-0,963950081;0,076228201;-0,036049919;1;-1,009004196;0,079799343;0,121115774;1;-0,260167219;0,110584678;0,300836097;1;;;;;;;;;;;;;
543;-1,127780661;0,08512713;0,127780661;1;-0,777601591;0,075875893;-0,135998232;1;0,010954206;0,119408893;-1,054771029;1;;;;;;;;;;;;;
544;-0,877104258;0,069937345;-0,122895742;1;-0,827313863;0,070310037;-0,080762374;1;-0,329330988;0,103439008;0,646654941;1;;;;;;;;;;;;;
545;-0,963598728;0,067718277;-0,036401272;1;-0,934406287;0,072822048;0,038229208;1;-0,170387856;0,099666048;-0,14806072;1;;;;;;;;;;;;;
546;-0,916896994;0,076556525;-0,083103006;1;-0,911368795;0,076048158;0,012631994;1;-0,159767405;0,108699576;-0,201162974;1;;;;;;;;;;;;;
547;-1,00493641;0,069871924;0,00493641;1;-0,932378181;0,075484912;0,035975756;1;-0,166992678;0,10508112;-0,16503661;1;;;;;;;;;;;;;
548;-0,958110046;0,073801336;-0,041889954;1;-0,795201986;0,073169236;-0,116442238;1;-0,314549232;0,109876887;0,572746161;1;;;;;;;;;;;;;
549;-1,06801219;0,079713227;0,06801219;1;-0,723108037;0,074953193;-0,196546626;0;-0,100151758;0,117882488;-0,499241212;1;;;;;;;;;;;;;
550;-0,959366442;0,067853548;-0,040633558;1;-0,963868945;0,072340114;0,070965495;1;-0,118461388;0,099127747;-0,407693058;1;;;;;;;;;;;;;
551;-0,870611048;0,062898371;-0,129388952;0;-0,991869066;0,074030808;0,10207674;1;-0,310726024;0,097461773;0,553630118;1;;;;;;;;;;;;;
552;-1,126633683;0,076732539;0,126633683;1;-0,931568629;0,076995359;0,035076255;1;-0,046756988;0,111909774;-0,76621506;1;;;;;;;;;;;;;
553;-0,920459728;0,068487571;-0,079540272;1;-0,911115826;0,072922982;0,012350918;1;-0,211610753;0,10148873;0,058053766;1;;;;;;;;;;;;;
554;-1,074549838;0,073080954;0,074549838;1;-0,952073652;0,078993343;0,057859614;1;-0,254948107;0,110932692;0,274740533;1;;;;;;;;;;;;;
555;-0,951346629;0,072219645;-0,048653371;1;-0,874254198;0,075215957;-0,028606446;1;-0,292842808;0,111299856;0,464214042;1;;;;;;;;;;;;;
556;-1,063557296;0,069900713;0,063557296;1;-0,87490102;0,072660829;-0,027887755;1;-0,131701085;0,102650542;-0,341494576;1;;;;;;;;;;;;;
557;-0,982223529;0,071746872;-0,017776471;1;-0,874014018;0,073532851;-0,028873314;1;-0,239785145;0,106373893;0,198925723;1;;;;;;;;;;;;;
558;-1,078422065;0,070435754;0,078422065;1;-0,933468274;0,07252379;0,037186971;1;-0,026867106;0,101542289;-0,865664471;1;;;;;;;;;;;;;
559;-1,045856076;0,077138258;0,045856076;1;-0,914370009;0,076926099;0,015966676;1;-0,114181646;0,112526239;-0,429091771;1;;;;;;;;;;;;;
560;-1,004609662;0,071147541;0,004609662;1;-0,860452863;0,073464093;-0,043941263;1;-0,273863146;0,10606141;0,369315731;1;;;;;;;;;;;;;
561;-1,198353459;0,074343273;0,198353459;0;-0,843669811;0,073017466;-0,062589099;1;-0,028397693;0,106425656;-0,858011535;1;;;;;;;;;;;;;
562;-0,972378765;0,067381495;-0,027621235;1;-0,929493952;0,073898592;0,032771058;1;-0,361637222;0,102206337;0,808186112;1;;;;;;;;;;;;;
563;-0,975346162;0,065979866;-0,024653838;1;-0,808885519;0,069531114;-0,101238312;1;-0,294872372;0,10023857;0,474361861;1;;;;;;;;;;;;;
564;-0,960530141;0,074639923;-0,039469859;1;-0,871384743;0,075769435;-0,03179473;1;-0,212976553;0,11007948;0,064882766;1;;;;;;;;;;;;;
565;-0,979074334;0,073451884;-0,020925666;1;-0,873741236;0,073601763;-0,029176405;1;-0,127227155;0,104909987;-0,363864225;1;;;;;;;;;;;;;
566;-0,979622799;0,072131094;-0,020377201;1;-0,930448226;0,074113432;0,033831362;1;-0,216337397;0,105436764;0,081686984;1;;;;;;;;;;;;;
567;-0,969541285;0,068454887;-0,030458715;1;-0,982915454;0,075164052;0,092128282;1;-0,249666298;0,106491817;0,248331491;1;;;;;;;;;;;;;
568;-0,890092187;0,06796259;-0,109907813;1;-0,783583386;0,070464289;-0,129351794;1;-0,318652082;0,105721707;0,593260409;1;;;;;;;;;;;;;
569;-1,006795417;0,066580167;0,006795417;1;-0,923199097;0,071139634;0,025776775;1;-0,093251897;0,096568171;-0,533740517;1;;;;;;;;;;;;;
570;-1,039462119;0,070546647;0,039462119;1;-0,842153569;0,071753026;-0,064273812;1;-0,252567285;0,105114478;0,262836427;1;;;;;;;;;;;;;
571;-1,076934903;0,071837551;0,076934903;1;-0,95613377;0,074828955;0,062370856;1;-0,130546755;0,106145871;-0,347266225;1;;;;;;;;;;;;;
572;-1,08364849;0,073401601;0,08364849;1;-1,092854885;0,080137067;0,214283206;0;-0,036623333;0,107785095;-0,816883337;1;;;;;;;;;;;;;
573;-0,847550449;0,070176039;-0,152449551;0;-0,948069186;0,075528984;0,053410207;1;-0,328368183;0,10632984;0,641840916;1;;;;;;;;;;;;;
574;-0,968647244;0,072354051;-0,031352756;1;-0,827511883;0,07306111;-0,080542352;1;-0,184480753;0,107594338;-0,077596233;1;;;;;;;;;;;;;
575;-1,034664189;0,071267604;0,034664189;1;-0,932425145;0,074734175;0,036027939;1;-0,096786768;0,105413329;-0,516066159;1;;;;;;;;;;;;;
576;-1,056227752;0,068717927;0,056227752;1;-0,955989184;0,072587562;0,062210204;1;-0,095077343;0,101151897;-0,524613287;1;;;;;;;;;;;;;
577;-0,988891141;0,062271413;-0,011108859;1;-0,91371437;0,069913238;0,015238189;1;-0,321301556;0,096787657;0,60650778;1;;;;;;;;;;;;;
578;-0,973658418;0,075983404;-0,026341582;1;-0,746807108;0,074985758;-0,170214325;0;-0,415408848;0,115782056;1,077044239;1;;;;;;;;;;;;;
579;-1,124490304;0,071497241;0,124490304;1;-0,938976484;0,073555761;0,043307204;1;-0,003825507;0,103502599;-0,980872464;1;;;;;;;;;;;;;
580;-1,010641752;0,066547882;0,010641752;1;-0,789497675;0,070344611;-0,122780361;1;-0,215957211;0,100391506;0,079786057;1;;;;;;;;;;;;;
581;-0,954666333;0,068861108;-0,045333667;1;-1,033365204;0,076937339;0,14818356;1;-0,209614103;0,102896031;0,048070513;1;;;;;;;;;;;;;
582;-0,957864709;0,076503983;-0,042135291;1;-0,972522457;0,079157691;0,080580508;1;-0,26663442;0,115987572;0,333172098;1;;;;;;;;;;;;;
583;-0,949383604;0,068261108;-0,050616396;1;-0,954153652;0,075227076;0,060170724;1;-0,347696728;0,104813975;0,738483642;1;;;;;;;;;;;;;
584;-0,953864112;0,071849893;-0,046135888;1;-0,849936163;0,07403525;-0,055626486;1;-0,298307707;0,10941662;0,491538537;1;;;;;;;;;;;;;
585;-0,94469697;0,060546191;-0,05530303;1;-0,790913136;0,067309399;-0,121207627;1;-0,358648865;0,095528364;0,793244326;1;;;;;;;;;;;;;
586;-0,9655102;0,069433922;-0,0344898;1;-0,865704992;0,071912575;-0,038105564;1;-0,210644835;0,102558683;0,053224176;1;;;;;;;;;;;;;
587;-1,040182612;0,074196185;0,040182612;1;-0,81155239;0,075236227;-0,098275123;1;-0,20592886;0,110289799;0,029644301;1;;;;;;;;;;;;;
588;-1,016767887;0,068542669;0,016767887;1;-0,916121174;0,073276457;0,017912415;1;-0,246241398;0,105238688;0,23120699;1;;;;;;;;;;;;;
589;-0,932780948;0,061564855;-0,067219052;1;-0,962757519;0,071248556;0,069730576;1;-0,307433453;0,096074191;0,537167267;1;;;;;;;;;;;;;
590;-0,975635805;0,066373302;-0,024364195;1;-0,883859054;0,070792205;-0,017934385;1;-0,258225058;0,099312123;0,291125291;1;;;;;;;;;;;;;
591;-0,960803372;0,072599798;-0,039196628;1;-0,932319905;0,077194914;0,035911006;1;-0,303992331;0,108549169;0,519961653;1;;;;;;;;;;;;;
592;-0,934338594;0,073505813;-0,065661406;1;-0,967242675;0,077264311;0,074714084;1;-0,339654122;0,109424333;0,698270612;1;;;;;;;;;;;;;
593;-1,023503787;0,071918928;0,023503787;1;-0,920481226;0,073734577;0,022756918;1;-0,117322447;0,10552399;-0,413387765;1;;;;;;;;;;;;;
594;-1,097532221;0,079672019;0,097532221;1;-0,850260285;0,076206432;-0,05526635;1;-0,062263136;0,112301663;-0,688684321;1;;;;;;;;;;;;;
595;-0,905099719;0,067113065;-0,094900281;1;-0,998275063;0,074002961;0,109194514;1;-0,285373105;0,10056773;0,426865527;1;;;;;;;;;;;;;
596;-0,985457408;0,075708492;-0,014542592;1;-0,974802211;0,076807112;0,083113568;1;-0,266462742;0,110219388;0,332313711;1;;;;;;;;;;;;;
597;-0,986681853;0,06950642;-0,013318147;1;-0,86433497;0,071927112;-0,039627811;1;-0,250295577;0,102897517;0,251477884;1;;;;;;;;;;;;;
598;-0,881557515;0,065362579;-0,118442485;1;-0,790275683;0,070672667;-0,121915908;1;-0,364329847;0,101412615;0,821649233;1;;;;;;;;;;;;;
599;-0,946760588;0,066259368;-0,053239412;1;-0,859049022;0,070468369;-0,045501087;1;-0,257383982;0,100317198;0,286919911;1;;;;;;;;;;;;;
600;-0,979491966;0,071334404;-0,020508034;1;-0,927676787;0,074285116;0,030751985;1;-0,15354121;0,1052558;-0,232293948;1;;;;;;;;;;;;;
601;-1,033108027;0,067836066;0,033108027;1;-1,090770556;0,077152125;0,211967284;0;-0,146752267;0,101037189;-0,266238664;1;;;;;;;;;;;;;
602;-0,909763688;0,074167637;-0,090236312;1;-0,821755316;0,074514482;-0,086938538;1;-0,35679556;0,109279814;0,7839778;1;;;;;;;;;;;;;
603;-1,086849469;0,080020949;0,086849469;1;-0,909331767;0,077640701;0,01036863;1;-0,075843711;0,113829732;-0,620781445;1;;;;;;;;;;;;;
604;-0,894142264;0,068431508;-0,105857736;1;-0,843313864;0,07026907;-0,062984596;1;-0,230252297;0,103378412;0,151261484;1;;;;;;;;;;;;;
605;-0,907484533;0,063718237;-0,092515467;1;-0,985773409;0,07293249;0,095303788;1;-0,218090761;0,099152553;0,090453806;1;;;;;;;;;;;;;
606;-0,970050056;0,068738539;-0,029949944;1;-0,939974993;0,076311573;0,044416659;1;-0,280405114;0,103139675;0,402025571;1;;;;;;;;;;;;;
607;-1,128169279;0,075722747;0,128169279;1;-0,907485367;0,075557827;0,008317074;1;-0,115268659;0,110987508;-0,423656707;1;;;;;;;;;;;;;
608;-0,976667634;0,072013125;-0,023332366;1;-0,890230253;0,075812187;-0,010855275;1;-0,232246543;0,105511358;0,161232715;1;;;;;;;;;;;;;
609;-0,993142744;0,070049284;-0,006857256;1;-0,845795204;0,071207392;-0,060227551;1;-0,112266443;0,104515696;-0,438667786;1;;;;;;;;;;;;;
610;-0,994842195;0,067193677;-0,005157805;1;-1,025044822;0,075043656;0,138938691;1;-0,252946788;0,100828457;0,264733942;1;;;;;;;;;;;;;
611;-1,054093785;0,072753818;0,054093785;1;-0,991105238;0,078839458;0,101228042;1;-0,310432872;0,110561839;0,552164362;1;;;;;;;;;;;;;
612;-1,016126354;0,066804475;0,016126354;1;-0,917027482;0,072447549;0,018919425;1;-0,225435715;0,101122043;0,127178577;1;;;;;;;;;;;;;
613;-1,022589464;0,069154518;0,022589464;1;-1,071067411;0,075363864;0,190074901;0;-0,126342276;0,099739381;-0,368288618;1;;;;;;;;;;;;;
614;-0,92779835;0,074465329;-0,07220165;1;-1,104928206;0,081942012;0,227698006;0;-0,336634437;0,109715373;0,683172184;1;;;;;;;;;;;;;
615;-0,998951628;0,068856687;-0,001048372;1;-0,895310399;0,07326129;-0,005210668;1;-0,238608871;0,103149136;0,193044356;1;;;;;;;;;;;;;
616;-1,013176965;0,075134457;0,013176965;1;-0,921408201;0,077471636;0,02378689;1;-0,234584647;0,10853911;0,172923235;1;;;;;;;;;;;;;
617;-0,983711837;0,081861803;-0,016288163;1;-0,936397913;0,079900457;0,040442125;1;-0,312561212;0,118816351;0,562806059;1;;;;;;;;;;;;;
618;-0,935529488;0,070735362;-0,064470512;1;-0,967355861;0,075432554;0,074839846;1;-0,252455338;0,105836189;0,26227669;1;;;;;;;;;;;;;
619;-1,027372375;0,071022392;0,027372375;1;-0,868413264;0,075505593;-0,035096373;1;-0,383767261;0,108309635;0,918836305;1;;;;;;;;;;;;;
620;-0,980815881;0,064920963;-0,019184119;1;-0,892503941;0,071769412;-0,008328955;1;-0,288852217;0,098928713;0,444261087;1;;;;;;;;;;;;;
621;-0,958186385;0,069721356;-0,041813615;1;-0,780637999;0,07019452;-0,132624445;1;-0,180371477;0,103897816;-0,098142613;1;;;;;;;;;;;;;
622;-1,068821531;0,07507159;0,068821531;1;-0,816028986;0,07367865;-0,093301127;1;-0,227235495;0,110447061;0,136177477;1;;;;;;;;;;;;;
623;-1,081409592;0,073512304;0,081409592;1;-0,869545569;0,072536128;-0,033838256;1;0,049545323;0,103883048;-1,247726616;0;;;;;;;;;;;;;
624;-1,015031631;0,071240559;0,015031631;1;-1,030330896;0,07896304;0,144812106;1;-0,325453152;0,109301413;0,627265759;1;;;;;;;;;;;;;
625;-0,974296321;0,071445991;-0,025703679;1;-0,894917939;0,073946357;-0,005646734;1;-0,136766575;0,105366266;-0,316167124;1;;;;;;;;;;;;;
626;-0,991721197;0,070579727;-0,008278803;1;-0,932616196;0,075949713;0,036240218;1;-0,300120807;0,108119495;0,500604035;1;;;;;;;;;;;;;
627;-0,934987048;0,064681755;-0,065012952;1;-1,039385368;0,07523628;0,154872631;1;-0,386321703;0,098762918;0,931608513;1;;;;;;;;;;;;;
628;-1,005024943;0,067828845;0,005024943;1;-0,94234432;0,07265592;0,047049244;1;-0,148206249;0,099342373;-0,258968756;1;;;;;;;;;;;;;
629;-1,132129318;0,069135874;0,132129318;1;-0,827170396;0,069833037;-0,080921783;1;-0,070880576;0,100031848;-0,645597122;1;;;;;;;;;;;;;
630;-0,922705794;0,064594911;-0,077294206;1;-0,856167222;0,069653349;-0,048703086;1;-0,325632913;0,098529159;0,628164563;1;;;;;;;;;;;;;
631;-0,965719755;0,069228308;-0,034280245;1;-0,948615979;0,072977239;0,054017754;1;-0,177731009;0,103328814;-0,111344954;1;;;;;;;;;;;;;
632;-0,962399563;0,063128346;-0,037600437;1;-0,976952892;0,072484306;0,085503214;1;-0,198458032;0,096315043;-0,00770984;1;;;;;;;;;;;;;
633;-1,002129158;0,076798188;0,002129158;1;-0,793404168;0,075483755;-0,118439814;1;-0,270714094;0,11068509;0,35357047;1;;;;;;;;;;;;;
634;-1,064391641;0,076360008;0,064391641;1;-1,004230881;0,080761219;0,11581209;1;-0,239451913;0,116388492;0,197259565;1;;;;;;;;;;;;;
635;-1,110924424;0,07019905;0,110924424;1;-0,755981502;0,069984626;-0,160020553;0;-0,210124355;0,107050142;0,050621776;1;;;;;;;;;;;;;
636;-1,039784949;0,077526767;0,039784949;1;-0,931280791;0,077630478;0,034756435;1;-0,190381527;0,113674072;-0,048092364;1;;;;;;;;;;;;;
637;-1,013189147;0,069174971;0,013189147;1;-0,865739575;0,072267485;-0,038067139;1;-0,207729842;0,103871048;0,038649209;1;;;;;;;;;;;;;
638;-1,000236033;0,067300443;0,000236033;1;-0,811465462;0,070832396;-0,098371709;1;-0,292866295;0,10269384;0,464331473;1;;;;;;;;;;;;;
639;-0,965873706;0,07191078;-0,034126294;1;-0,848560544;0,074067768;-0,057154951;1;-0,260877514;0,10819653;0,304387569;1;;;;;;;;;;;;;
640;-1,024975405;0,078124154;0,024975405;1;-0,900627839;0,077808443;0,000697599;1;-0,045514716;0,110442976;-0,772426422;1;;;;;;;;;;;;;
641;-0,96543565;0,070266447;-0,03456435;1;-0,953826492;0,077118403;0,059807213;1;-0,382136701;0,105205224;0,910683507;1;;;;;;;;;;;;;
642;-0,998758347;0,070225961;-0,001241653;1;-0,908984673;0,074016836;0,00998297;1;-0,202282312;0,105836425;0,011411559;1;;;;;;;;;;;;;
643;-0,968604633;0,072085981;-0,031395367;1;-0,789144283;0,073041805;-0,123173019;1;-0,422224966;0,111764984;1,111124831;0;;;;;;;;;;;;;
644;-1,063150624;0,079377871;0,063150624;1;-0,895585975;0,078657017;-0,004904473;1;-0,229502455;0,117870439;0,147512276;1;;;;;;;;;;;;;
645;-0,93774928;0,071826914;-0,06225072;1;-1,036410126;0,078937009;0,151566806;1;-0,334480236;0,109913459;0,672401181;1;;;;;;;;;;;;;
646;-0,997642024;0,065401156;-0,002357976;1;-0,892024678;0,071502566;-0,008861469;1;-0,258913995;0,099627423;0,294569975;1;;;;;;;;;;;;;
647;-0,908469771;0,077408661;-0,091530229;1;-0,891113663;0,076531619;-0,009873708;1;-0,281042721;0,114642308;0,405213606;1;;;;;;;;;;;;;
648;-0,991100922;0,069437549;-0,008899078;1;-0,916889885;0,073162323;0,018766538;1;-0,163677657;0,104441933;-0,181611715;1;;;;;;;;;;;;;
649;-0,96418672;0,070296181;-0,03581328;1;-1,016054807;0,075712907;0,128949786;1;-0,207849034;0,104378076;0,039245169;1;;;;;;;;;;;;;
650;-0,956988238;0,071222098;-0,043011762;1;-0,83350098;0,07433622;-0,0738878;1;-0,301635866;0,1074917;0,508179332;1;;;;;;;;;;;;;
651;-0,882311219;0,066480811;-0,117688781;1;-0,962088141;0,07164534;0,068986824;1;-0,233591968;0,100639774;0,167959839;1;;;;;;;;;;;;;
652;-0,929149142;0,063043381;-0,070850858;1;-0,9119792;0,070321737;0,013310223;1;-0,281784524;0,096637068;0,408922618;1;;;;;;;;;;;;;
653;-0,915829353;0,067609768;-0,084170647;1;-0,966322626;0,074857295;0,073691807;1;-0,299106801;0,104314407;0,495534007;1;;;;;;;;;;;;;
654;-0,97777639;0,060303472;-0,02222361;1;-0,9368503;0,069344129;0,040944777;1;-0,184035636;0,092173319;-0,079821821;1;;;;;;;;;;;;;
655;-1,082491223;0,074830414;0,082491223;1;-0,870058411;0,076122972;-0,033268432;1;-0,178020091;0,111758407;-0,109899543;1;;;;;;;;;;;;;
656;-1,030777687;0,078824638;0,030777687;1;-0,877550599;0,076719888;-0,024943779;1;-0,154683273;0,115556521;-0,226583633;1;;;;;;;;;;;;;
657;-0,961938765;0,07874275;-0,038061235;1;-0,964353098;0,079708695;0,071503443;1;-0,229979614;0,117085858;0,14989807;1;;;;;;;;;;;;;
658;-1,022595806;0,069879717;0,022595806;1;-0,888266383;0,072542475;-0,013037353;1;-0,125552044;0,102874458;-0,372239782;1;;;;;;;;;;;;;
659;-1,036801203;0,069307815;0,036801203;1;-0,823012439;0,071159914;-0,085541735;1;-0,107310775;0,100058829;-0,463446125;1;;;;;;;;;;;;;
660;-0,998769732;0,065568639;-0,001230268;1;-0,945098801;0,072012331;0,050109778;1;-0,159090991;0,096961995;-0,204545047;1;;;;;;;;;;;;;
661;-0,972958201;0,060191302;-0,027041799;1;-0,903670549;0,072243543;0,004078388;1;-0,377527094;0,096475542;0,887635472;1;;;;;;;;;;;;;
662;-0,992977324;0,072291617;-0,007022676;1;-0,958415448;0,074619974;0,064906053;1;-0,006316878;0,102317264;-0,96841561;1;;;;;;;;;;;;;
663;-0,855511894;0,067882202;-0,144488106;0;-0,827650369;0,071138304;-0,080388479;1;-0,375404853;0,103307907;0,877024267;1;;;;;;;;;;;;;
664;-0,878031446;0,069523162;-0,121968554;1;-0,937043873;0,075580774;0,041159858;1;-0,368360852;0,103283452;0,841804259;1;;;;;;;;;;;;;
665;-1,030853625;0,071565378;0,030853625;1;-0,866973765;0,072811435;-0,036695816;1;-0,164729988;0,107390391;-0,176350062;1;;;;;;;;;;;;;
666;-1,140181355;0,080816391;0,140181355;1;-0,913505415;0,078228209;0,015006017;1;-0,112712811;0,113614263;-0,436435943;1;;;;;;;;;;;;;
667;-1,042689649;0,069248608;0,042689649;1;-0,981165981;0,074167997;0,090184423;1;-0,109292944;0,100841538;-0,453535282;1;;;;;;;;;;;;;
668;-1,127544289;0,075733552;0,127544289;1;-0,898594319;0,076357076;-0,001561868;1;-0,139937162;0,110648321;-0,300314192;1;;;;;;;;;;;;;
669;-1,028372099;0,083294141;0,028372099;1;-0,931536668;0,079211876;0,035040743;1;-0,132823801;0,11873561;-0,335880994;1;;;;;;;;;;;;;
670;-1,018024074;0,075814731;0,018024074;1;-0,693102738;0,070386807;-0,229885847;0;-0,182330331;0,107845612;-0,088348344;1;;;;;;;;;;;;;
671;-1,036510891;0,07365295;0,036510891;1;-0,85207477;0,074713241;-0,053250256;1;-0,180331124;0,113321945;-0,098344379;1;;;;;;;;;;;;;
672;-0,938517363;0,06911734;-0,061482637;1;-0,972041516;0,073867868;0,080046129;1;-0,168871207;0,10060799;-0,155643964;1;;;;;;;;;;;;;
673;-0,972753138;0,063082122;-0,027246862;1;-0,780051722;0,066778324;-0,133275864;1;-0,241172044;0,096034906;0,205860219;1;;;;;;;;;;;;;
674;-1,006228127;0,07143769;0,006228127;1;-0,937308564;0,074789982;0,04145396;1;-0,206176869;0,105848009;0,030884345;1;;;;;;;;;;;;;
675;-0,987758947;0,07363887;-0,012241053;1;-0,941963246;0,075040442;0,046625829;1;-0,132963002;0,107032173;-0,335184989;1;;;;;;;;;;;;;
676;-1,040537831;0,071135321;0,040537831;1;-0,930563973;0,07430971;0,03395997;1;-0,100489146;0,104544464;-0,497554271;1;;;;;;;;;;;;;
677;-1,026533318;0,069285594;0,026533318;1;-0,976512424;0,076081525;0,085013804;1;-0,231454605;0,106134325;0,157273027;1;;;;;;;;;;;;;
678;-0,933551557;0,078135356;-0,066448443;1;-0,85203829;0,074565426;-0,053290789;1;-0,308757617;0,114179678;0,543788086;1;;;;;;;;;;;;;
679;-0,985400096;0,073187974;-0,014599904;1;-0,967868721;0,076266167;0,07540969;1;-0,060402528;0,103598458;-0,69798736;1;;;;;;;;;;;;;
680;-1,041850568;0,078230459;0,041850568;1;-0,831732044;0,076330747;-0,075853285;1;-0,209853729;0,114942185;0,049268647;1;;;;;;;;;;;;;
681;-1,034466418;0,068764504;0,034466418;1;-0,988672647;0,074665633;0,098525163;1;-0,123978824;0,102238787;-0,380105881;1;;;;;;;;;;;;;
682;-0,732396992;0,072048287;-0,267603008;0;-0,989365556;0,075368555;0,099295062;1;-0,397158469;0,106461166;0,985792345;1;;;;;;;;;;;;;
683;-0,957520388;0,070633964;-0,042479612;1;-0,842210534;0,072250975;-0,064210517;1;-0,295788628;0,106979915;0,478943142;1;;;;;;;;;;;;;
684;-0,865634374;0,074121371;-0,134365626;1;-0,932276061;0,075794198;0,03586229;1;-0,241170575;0,108203042;0,205852875;1;;;;;;;;;;;;;
685;-0,981544441;0,072388985;-0,018455559;1;-0,894657558;0,073434459;-0,005936047;1;-0,127511068;0,104716904;-0,36244466;1;;;;;;;;;;;;;
686;-1,097001201;0,075208232;0,097001201;1;-0,904521012;0,074512195;0,005023347;1;-0,068364774;0,10780004;-0,658176129;1;;;;;;;;;;;;;
687;-1,080203074;0,071573474;0,080203074;1;-0,874379238;0,074992911;-0,028467513;1;-0,246639622;0,107536852;0,233198109;1;;;;;;;;;;;;;
688;-0,868206061;0,065042137;-0,131793939;0;-1,017141479;0,074867878;0,130157199;1;-0,468409853;0,103218556;1,342049264;0;;;;;;;;;;;;;
689;-1,170823909;0,075002419;0,170823909;0;-0,96626455;0,076966609;0,073627278;1;-0,093610244;0,108395173;-0,531948778;1;;;;;;;;;;;;;
690;-1,036144406;0,079670207;0,036144406;1;-0,976609064;0,077943132;0,085121182;1;-0,052738423;0,109811837;-0,736307884;1;;;;;;;;;;;;;
691;-1,114843414;0,069639274;0,114843414;1;-0,794492005;0,06984329;-0,117231106;1;-0,017473302;0,100849941;-0,91263349;1;;;;;;;;;;;;;
692;-0,931789539;0,065022188;-0,068210461;1;-0,953763813;0,071996758;0,05973757;1;-0,193306843;0,099099968;-0,033465783;1;;;;;;;;;;;;;
693;-1,01785391;0,067362166;0,01785391;1;-0,829484918;0,071829108;-0,078350091;1;-0,321339307;0,103427792;0,606696535;1;;;;;;;;;;;;;
694;-0,958824039;0,066399943;-0,041175961;1;-0,927786221;0,072782547;0,030873579;1;-0,23380076;0,101050927;0,169003798;1;;;;;;;;;;;;;
695;-1,044450155;0,074343503;0,044450155;1;-0,839943709;0,07303794;-0,066729213;1;-0,073056268;0,108098687;-0,634718661;1;;;;;;;;;;;;;
696;-1,015307708;0,075734694;0,015307708;1;-0,976370767;0,077491125;0,084856408;1;-0,135434436;0,111151066;-0,322827822;1;;;;;;;;;;;;;
697;-1,006532952;0,065232752;0,006532952;1;-0,923369878;0,073080777;0,025966531;1;-0,191716958;0,098330658;-0,041415208;1;;;;;;;;;;;;;
698;-1,032207146;0,066133333;0,032207146;1;-0,947206991;0,072306053;0,052452212;1;-0,209944075;0,099257847;0,049720374;1;;;;;;;;;;;;;
699;-1,127698299;0,072325291;0,127698299;1;-0,834263953;0,071547263;-0,073040052;1;0,012787944;0,10292208;-1,063939722;0;;;;;;;;;;;;;
700;-1,108652852;0,079924134;0,108652852;1;-0,732212174;0,074909108;-0,186430918;0;-0,141628844;0,114820919;-0,291855782;1;;;;;;;;;;;;;
701;-0,913321008;0,070708283;-0,086678992;1;-0,896624483;0,074001473;-0,003750575;1;-0,327128808;0,107663831;0,63564404;1;;;;;;;;;;;;;
702;-0,992150117;0,072575357;-0,007849883;1;-0,819197099;0,073029658;-0,089781001;1;-0,129213996;0,10618921;-0,35393002;1;;;;;;;;;;;;;
703;-0,977034092;0,071318547;-0,022965908;1;-0,927725049;0,075169898;0,03080561;1;-0,261517689;0,108394791;0,307588446;1;;;;;;;;;;;;;
704;-0,819353475;0,067654225;-0,180646525;0;-0,889534559;0,072066207;-0,011628268;1;-0,328282101;0,103320086;0,641410503;1;;;;;;;;;;;;;
705;-1,085570745;0,074272624;0,085570745;1;-0,824386788;0,074611176;-0,08401468;1;-0,301799184;0,114445938;0,508995921;1;;;;;;;;;;;;;
706;-1,070128363;0,076144786;0,070128363;1;-0,839910425;0,074160936;-0,066766195;1;-0,01202909;0,111044291;-0,939854551;1;;;;;;;;;;;;;
707;-0,961437794;0,071017406;-0,038562206;1;-0,936174247;0,074335399;0,040193608;1;-0,169713059;0,105037844;-0,151434705;1;;;;;;;;;;;;;
708;-0,970798155;0,072185423;-0,029201845;1;-0,90517627;0,072590585;0,005751411;1;-0,086094256;0,103970099;-0,569528718;1;;;;;;;;;;;;;
709;-0,978934101;0,066089476;-0,021065899;1;-0,846290366;0,069519025;-0,059677372;1;-0,166649401;0,096355517;-0,166752995;1;;;;;;;;;;;;;
710;-0,961710103;0,07253;-0,038289897;1;-0,941541961;0,076413416;0,046157734;1;-0,255948637;0,109299524;0,279743185;1;;;;;;;;;;;;;
711;-1,085468043;0,074945441;0,085468043;1;-0,874578735;0,074880602;-0,028245851;1;-0,160062641;0,109779321;-0,199686795;1;;;;;;;;;;;;;
712;-0,972386065;0,068716609;-0,027613935;1;-0,74073404;0,070024293;-0,176962178;0;-0,359582459;0,104130771;0,797912297;1;;;;;;;;;;;;;
713;-1,054203648;0,07782621;0,054203648;1;-0,796599319;0,075000812;-0,114889646;1;-0,270349401;0,114897452;0,351747005;1;;;;;;;;;;;;;
714;-1,051461278;0,062945944;0,051461278;1;-0,922434436;0,070888006;0,024927152;1;-0,197268194;0,095400768;-0,013659032;1;;;;;;;;;;;;;
715;-0,959346625;0,072327398;-0,040653375;1;-0,936483352;0,075582814;0,040537058;1;-0,217407846;0,107287832;0,087039231;1;;;;;;;;;;;;;
716;-1,075372501;0,072745971;0,075372501;1;-0,973720022;0,075599781;0,081911136;1;-0,035917497;0,105707996;-0,820412516;1;;;;;;;;;;;;;
717;-1,081552402;0,079113202;0,081552402;1;-0,910133746;0,079781;0,011259718;1;-0,310846554;0,116991678;0,554232768;1;;;;;;;;;;;;;
718;-0,856106664;0,078544757;-0,143893336;1;-0,805155439;0,07514526;-0,105382846;1;-0,33037515;0,115154306;0,651875751;1;;;;;;;;;;;;;
719;-0,887391386;0,064346458;-0,112608614;1;-0,749129868;0,068572919;-0,16763348;0;-0,341090706;0,100720751;0,705453532;1;;;;;;;;;;;;;
720;-1,058825991;0,065632692;0,058825991;1;-0,880292921;0,070708176;-0,021896755;1;-0,123823234;0,097500076;-0,380883831;1;;;;;;;;;;;;;
721;-0,931706416;0,068349215;-0,068293584;1;-0,773822775;0,070868559;-0,140196917;1;-0,265322498;0,10190316;0,326612492;1;;;;;;;;;;;;;
722;-0,938746785;0,074493759;-0,061253215;1;-0,944919271;0,078040736;0,049910301;1;-0,30512724;0,111599878;0,525636202;1;;;;;;;;;;;;;
723;-1,01807331;0,065818618;0,01807331;1;-1,006456054;0,073885154;0,118284505;1;-0,166021069;0,098064437;-0,169894655;1;;;;;;;;;;;;;
724;-1,009152831;0,067795114;0,009152831;1;-0,980344129;0,073093857;0,089271254;1;-0,110166595;0,099533979;-0,449167027;1;;;;;;;;;;;;;
725;-1,025085462;0,071365185;0,025085462;1;-0,851029168;0,071661304;-0,054412036;1;-0,092408413;0,103334512;-0,537957935;1;;;;;;;;;;;;;
726;-0,845389221;0,062341493;-0,154610779;0;-0,835265072;0,068460026;-0,071927698;1;-0,394401658;0,099412739;0,97200829;1;;;;;;;;;;;;;
727;-1,01396915;0,077879652;0,01396915;1;-0,851683483;0,075646112;-0,053685019;1;-0,193636189;0,111447518;-0,031819057;1;;;;;;;;;;;;;
728;-0,984545188;0,065492294;-0,015454812;1;-0,818093298;0,071158518;-0,091007447;1;-0,362738265;0,101296745;0,813691324;1;;;;;;;;;;;;;
729;-1,060914064;0,073127369;0,060914064;1;-0,709900724;0,070112477;-0,211221417;0;-0,272935936;0,109079186;0,364679682;1;;;;;;;;;;;;;
730;-0,941316812;0,064603991;-0,058683188;1;-0,776916052;0,066070789;-0,136759942;1;-0,138852072;0,094809431;-0,305739638;1;;;;;;;;;;;;;
731;-0,898253128;0,061021962;-0,101746872;1;-0,939715923;0,071175184;0,044128803;1;-0,341064064;0,095020888;0,705320322;1;;;;;;;;;;;;;
732;-0,933920925;0,069124045;-0,066079075;1;-0,863633981;0,073703953;-0,040406687;1;-0,369845501;0,105503203;0,849227503;1;;;;;;;;;;;;;
733;-0,997237843;0,070899478;-0,002762157;1;-1,025295993;0,076329011;0,13921777;1;-0,054124281;0,104438259;-0,729378593;1;;;;;;;;;;;;;
734;-0,900865132;0,081032983;-0,099134868;1;-0,887597166;0,078295108;-0,013780927;1;-0,348271583;0,11704923;0,741357917;1;;;;;;;;;;;;;
735;-0,935316588;0,06051807;-0,064683412;1;-1,002599642;0,071860192;0,113999602;1;-0,250655034;0,093491258;0,253275168;1;;;;;;;;;;;;;
736;-0,821085122;0,069652903;-0,178914878;0;-0,96589478;0,073781244;0,073216423;1;-0,297863243;0,102634268;0,489316217;1;;;;;;;;;;;;;
737;-1,036403246;0,075630938;0,036403246;1;-0,972094192;0,080621959;0,080104657;1;-0,260996897;0,111401265;0,304984485;1;;;;;;;;;;;;;
738;-0,96029888;0,065270466;-0,03970112;1;-0,986260999;0,074243367;0,095845554;1;-0,187006846;0,099601461;-0,064965772;1;;;;;;;;;;;;;
739;-1,09763154;0,081292518;0,09763154;1;-0,830043171;0,075077839;-0,07772981;1;-0,015262313;0,116845591;-0,923688434;1;;;;;;;;;;;;;
740;-1,038440422;0,075640541;0,038440422;1;-1,002468044;0,078420781;0,113853383;1;-0,073864023;0,106850079;-0,630679885;1;;;;;;;;;;;;;
741;-0,89732217;0,071125812;-0,10267783;1;-0,99896451;0,077535471;0,109960567;1;-0,313249993;0,106722424;0,566249966;1;;;;;;;;;;;;;
742;-1,03503453;0,066500389;0,03503453;1;-0,940957915;0,072052114;0,045508794;1;-0,168675322;0,098387627;-0,156623391;1;;;;;;;;;;;;;
743;-1,046878598;0,070773311;0,046878598;1;-1,040383478;0,07826009;0,155981642;1;-0,205569491;0,106424814;0,027847454;1;;;;;;;;;;;;;
744;-0,887314867;0,063981972;-0,112685133;1;-0,826954906;0,067768673;-0,081161215;1;-0,208403999;0,096932978;0,042019993;1;;;;;;;;;;;;;
745;-0,996666506;0,071294956;-0,003333494;1;-0,929092043;0,074533097;0,032324492;1;-0,154446475;0,10195485;-0,227767625;1;;;;;;;;;;;;;
746;-0,926160322;0,060453505;-0,073839678;1;-0,902823016;0,069029476;0,003136685;1;-0,246750976;0,093014965;0,233754879;1;;;;;;;;;;;;;
747;-1,117512677;0,075244221;0,117512677;1;-0,990985125;0,077179022;0,101094583;1;-0,057075206;0,110685025;-0,714623968;1;;;;;;;;;;;;;
748;-1,094062604;0,067236616;0,094062604;1;-0,893895072;0,071134881;-0,006783254;1;-0,091975986;0,100650243;-0,540120069;1;;;;;;;;;;;;;
749;-0,921496172;0,072232303;-0,078503828;1;-0,91221675;0,074784305;0,013574166;1;-0,286454173;0,108946626;0,432270863;1;;;;;;;;;;;;;
750;-1,086738663;0,077842046;0,086738663;1;-1,023664392;0,080528785;0,13740488;1;-0,243595781;0,116442937;0,217978905;1;;;;;;;;;;;;;
751;-1,160803138;0,083018604;0,160803138;1;-1,019216796;0,081830527;0,132463107;1;0,036960074;0,116457314;-1,18480037;0;;;;;;;;;;;;;
752;-1,058083099;0,068105573;0,058083099;1;-0,908465802;0,073318683;0,009406447;1;-0,250740435;0,10465506;0,253702174;1;;;;;;;;;;;;;
753;-0,985085839;0,069438873;-0,014914161;1;-0,837817373;0,071770691;-0,069091808;1;-0,279482453;0,106202995;0,397412267;1;;;;;;;;;;;;;
754;-0,98083469;0,065386556;-0,01916531;1;-0,819469734;0,069932863;-0,089478073;1;-0,269875433;0,099540918;0,349377164;1;;;;;;;;;;;;;
755;-0,961788134;0,066158578;-0,038211866;1;-0,930694259;0,072342378;0,034104732;1;-0,117332763;0,098889662;-0,413336187;1;;;;;;;;;;;;;
756;-0,949033248;0,067238677;-0,050966752;1;-0,898830946;0,072407787;-0,001298949;1;-0,199148454;0,102114762;-0,004257728;1;;;;;;;;;;;;;
757;-1,108133756;0,080206535;0,108133756;1;-0,846290144;0,07723524;-0,059677618;1;-0,050316359;0,113502278;-0,748418203;1;;;;;;;;;;;;;
758;-1,054812756;0,074364586;0,054812756;1;-0,911541317;0,074672306;0,012823686;1;-0,034390652;0,107670143;-0,828046738;1;;;;;;;;;;;;;
759;-0,994270507;0,0716647;-0,005729493;1;-0,739094477;0,071962858;-0,178783915;0;-0,358389782;0,110231676;0,791948912;1;;;;;;;;;;;;;
760;-1,034731601;0,062756494;0,034731601;1;-0,98506029;0,070877676;0,094511433;1;-0,142008289;0,09321349;-0,289958553;1;;;;;;;;;;;;;
761;-0,957993231;0,067013778;-0,042006769;1;-0,919165486;0,073467729;0,021294985;1;-0,160013064;0,100997836;-0,199934679;1;;;;;;;;;;;;;
762;-0,990033789;0,070927676;-0,009966211;1;-0,877813065;0,074783085;-0,02465215;1;-0,30589619;0,107167617;0,529480948;1;;;;;;;;;;;;;
763;-1,070558003;0,071055759;0,070558003;1;-0,917829387;0,073179738;0,01981043;1;-0,038138363;0,104527094;-0,809308186;1;;;;;;;;;;;;;
764;-1,004498364;0,070437569;0,004498364;1;-0,860480895;0,071862537;-0,043910117;1;-0,17025967;0,102526442;-0,148701652;1;;;;;;;;;;;;;
765;-1,155206886;0,076794778;0,155206886;0;-0,835974339;0,075115697;-0,071139623;1;-0,103143456;0,109349949;-0,484282722;1;;;;;;;;;;;;;
766;-1,04269489;0,077809323;0,04269489;1;-0,863495423;0,078369351;-0,040560641;1;-0,23831101;0,114581597;0,191555052;1;;;;;;;;;;;;;
767;-0,840876858;0,064148182;-0,159123142;0;-0,856977867;0,069613241;-0,04780237;1;-0,45192328;0,100537014;1,259616402;0;;;;;;;;;;;;;
768;-1,035254381;0,068657692;0,035254381;1;-0,856009018;0,07110004;-0,048878869;1;-0,037304344;0,100793751;-0,81347828;1;;;;;;;;;;;;;
769;-1,169442701;0,074385971;0,169442701;0;-0,881537194;0,076144787;-0,020514229;1;-0,248915638;0,113007416;0,244578191;1;;;;;;;;;;;;;
770;-0,989594364;0,071717429;-0,010405636;1;-0,798360769;0,071902826;-0,112932479;1;-0,20942826;0,106344583;0,047141299;1;;;;;;;;;;;;;
771;-0,980939399;0,066503023;-0,019060601;1;-1,002160666;0,074985915;0,113511851;1;-0,2219918;0,100026278;0,109959002;1;;;;;;;;;;;;;
772;-1,012194534;0,068900377;0,012194534;1;-0,95519785;0,074343559;0,061330944;1;-0,156264438;0,102360055;-0,218677809;1;;;;;;;;;;;;;
773;-0,886529757;0,070719255;-0,113470243;1;-1,106514235;0,080761101;0,229460261;0;-0,316863155;0,108448841;0,584315775;1;;;;;;;;;;;;;
774;-1,187684602;0,078205919;0,187684602;0;-0,908374761;0,077076229;0,00930529;1;-0,092787936;0,113018638;-0,536060318;1;;;;;;;;;;;;;
775;-1,046744537;0,075913326;0,046744537;1;-0,946154514;0,077289574;0,051282793;1;-0,097646302;0,110334624;-0,511768488;1;;;;;;;;;;;;;
776;-1,127199108;0,077736591;0,127199108;1;-0,894358157;0,076619339;-0,006268715;1;-0,091853709;0,109887255;-0,540731454;1;;;;;;;;;;;;;
777;-0,967504079;0,068037049;-0,032495921;1;-0,842490197;0,072047739;-0,063899781;1;-0,221998848;0,103451975;0,109994242;1;;;;;;;;;;;;;
778;-0,922232254;0,071428271;-0,077767746;1;-0,939332702;0,074838495;0,043703002;1;-0,225294289;0,105136579;0,126471445;1;;;;;;;;;;;;;
779;-1,008231328;0,069890248;0,008231328;1;-0,949533938;0,074481331;0,055037709;1;-0,262102999;0,10619499;0,310514993;1;;;;;;;;;;;;;
780;-0,981641375;0,067865105;-0,018358625;1;-0,92190842;0,073034192;0,024342689;1;-0,278809553;0,103671152;0,394047767;1;;;;;;;;;;;;;
781;-0,934850971;0,068537763;-0,065149029;1;-0,978622169;0,074428103;0,087357965;1;-0,213021674;0,103557095;0,065108369;1;;;;;;;;;;;;;
782;-1,093573195;0,073252691;0,093573195;1;-0,827140944;0,070779231;-0,080954506;1;-0,034306298;0,10328612;-0,828468512;1;;;;;;;;;;;;;
783;-1,151479549;0,077004498;0,151479549;0;-0,878412439;0,076603315;-0,023986179;1;-0,072482079;0,110665171;-0,637589605;1;;;;;;;;;;;;;
784;-0,934131191;0,065402763;-0,065868809;1;-0,82103379;0,070028474;-0,087740233;1;-0,395176092;0,100839527;0,975880461;1;;;;;;;;;;;;;
785;-0,965398678;0,075880073;-0,034601322;1;-0,876534535;0,075080884;-0,026072739;1;-0,165192655;0,107406294;-0,174036725;1;;;;;;;;;;;;;
786;-0,888159306;0,066229491;-0,111840694;1;-0,90254764;0,072345992;0,002830711;1;-0,261203912;0,098950639;0,306019562;1;;;;;;;;;;;;;
787;-1,061398188;0,074894659;0,061398188;1;-0,913079063;0,074892746;0,014532292;1;-0,105454819;0,108409867;-0,472725906;1;;;;;;;;;;;;;
788;-0,950959572;0,068166856;-0,049040428;1;-0,736958636;0,070645464;-0,181157071;0;-0,358894153;0,103859812;0,794470767;1;;;;;;;;;;;;;
789;-0,968094051;0,06910208;-0,031905949;1;-0,968945044;0,074398145;0,076605605;1;-0,162205096;0,099873063;-0,188974521;1;;;;;;;;;;;;;
790;-0,918213269;0,071614922;-0,081786731;1;-0,912799391;0,074969123;0,014221545;1;-0,278377928;0,106011604;0,391889638;1;;;;;;;;;;;;;
791;-1,06176012;0,081993633;0,06176012;1;-0,924357715;0,080055888;0,027064127;1;-0,197070509;0,118960025;-0,014647454;1;;;;;;;;;;;;;
792;-0,88213748;0,066704876;-0,11786252;1;-0,904498673;0,071481304;0,004998526;1;-0,147967958;0,100757508;-0,260160209;1;;;;;;;;;;;;;
793;-1,127341693;0,07896121;0,127341693;1;-0,946831111;0,077780954;0,052034568;1;0,028941095;0,110291124;-1,144705473;0;;;;;;;;;;;;;
794;-0,873490917;0,061513558;-0,126509083;0;-0,943432306;0,071290398;0,048258118;1;-0,273664535;0,094762453;0,368322677;1;;;;;;;;;;;;;
795;-0,981453819;0,066730913;-0,018546181;1;-1,00967344;0,074234581;0,121859378;1;-0,150002398;0,09908479;-0,249988008;1;;;;;;;;;;;;;
796;-0,969669219;0,073196102;-0,030330781;1;-0,902992965;0,075061928;0,003325516;1;-0,270695615;0,109320884;0,353478077;1;;;;;;;;;;;;;
797;-1,004731487;0,06947677;0,004731487;1;-0,829789532;0,072198053;-0,078011632;1;-0,270615565;0,104914905;0,353077824;1;;;;;;;;;;;;;
798;-0,984562017;0,07034148;-0,015437983;1;-0,939405385;0,07395203;0,043783761;1;-0,140588711;0,103395503;-0,297056446;1;;;;;;;;;;;;;
799;-1,078973063;0,07180999;0,078973063;1;-0,934788729;0,075326115;0,038654143;1;-0,178028074;0,105629972;-0,10985963;1;;;;;;;;;;;;;
800;-1,034123271;0,067254347;0,034123271;1;-0,85903382;0,072210037;-0,045517978;1;-0,19006985;0,098703235;-0,04965075;1;;;;;;;;;;;;;
801;-0,948347064;0,066050589;-0,051652936;1;-0,843319528;0,069097754;-0,062978302;1;-0,182637619;0,096757864;-0,086811907;1;;;;;;;;;;;;;
802;-1,071417935;0,071862034;0,071417935;1;-0,828226921;0,074205051;-0,079747866;1;-0,17677961;0,105548631;-0,116101951;1;;;;;;;;;;;;;
803;-1,058765709;0,078233173;0,058765709;1;-0,947719096;0,080079177;0,053021218;1;-0,195818843;0,115596466;-0,020905784;1;;;;;;;;;;;;;
804;-0,959084543;0,068421277;-0,040915457;1;-0,897363169;0,07343909;-0,002929812;1;-0,164688532;0,100231443;-0,176557339;1;;;;;;;;;;;;;
805;-1,039984281;0,071537048;0,039984281;1;-0,962210493;0,075077085;0,069122771;1;-0,017929448;0,104884841;-0,910352762;1;;;;;;;;;;;;;
806;-1,075310885;0,070990077;0,075310885;1;-0,962334982;0,074674314;0,069261091;1;-0,031063274;0,103276276;-0,844683629;1;;;;;;;;;;;;;
807;-0,969367205;0,0658998;-0,030632795;1;-0,98493307;0,074604917;0,094370078;1;-0,207733016;0,098560107;0,03866508;1;;;;;;;;;;;;;
808;-0,864686885;0,064769443;-0,135313115;0;-0,790238022;0,069764945;-0,121957754;1;-0,334804239;0,100302007;0,674021194;1;;;;;;;;;;;;;
809;-1,062136932;0,081923411;0,062136932;1;-0,944155417;0,078654602;0,049061574;1;0,049206213;0,11180779;-1,246031067;0;;;;;;;;;;;;;
810;-1,058992805;0,070413287;0,058992805;1;-0,944877818;0,075400744;0,049864242;1;-0,170255963;0,105441757;-0,148720186;1;;;;;;;;;;;;;
811;-1,047262967;0,072023129;0,047262967;1;-0,912515428;0,075856691;0,013906032;1;-0,205491066;0,107645634;0,027455329;1;;;;;;;;;;;;;
812;-0,970757786;0,07266208;-0,029242214;1;-0,855300102;0,071988362;-0,049666553;1;-0,187709996;0,104794942;-0,061450019;1;;;;;;;;;;;;;
813;-0,990930743;0,068791169;-0,009069257;1;-0,837559067;0,069875723;-0,069378814;1;-0,090160079;0,101477599;-0,549199604;1;;;;;;;;;;;;;
814;-1,078399672;0,073568922;0,078399672;1;-0,933879069;0,076232093;0,03764341;1;-0,158643789;0,107392947;-0,206781056;1;;;;;;;;;;;;;
815;-0,90264722;0,062082816;-0,09735278;1;-1,006391633;0,073293726;0,118212925;1;-0,34134918;0,097267454;0,706745898;1;;;;;;;;;;;;;
816;-0,919665853;0,070401633;-0,080334147;1;-1,00224555;0,076538291;0,113606166;1;-0,300016438;0,105510493;0,500082192;1;;;;;;;;;;;;;
817;-1,047103183;0,081596221;0,047103183;1;-0,851070476;0,07744099;-0,054366138;1;-0,015182184;0,117200878;-0,924089082;1;;;;;;;;;;;;;
818;-0,941901822;0,066930564;-0,058098178;1;-1,022912806;0,074849283;0,136569785;1;-0,260426896;0,103865857;0,302134479;1;;;;;;;;;;;;;
819;-1,023039633;0,07531523;0,023039633;1;-0,916651378;0,076515215;0,018501531;1;-0,232047291;0,112022475;0,160236453;1;;;;;;;;;;;;;
820;-1,102778706;0,076341873;0,102778706;1;-0,812067764;0,073970019;-0,097702484;1;-0,096723588;0,110699526;-0,516382058;1;;;;;;;;;;;;;
821;-0,974203692;0,070255451;-0,025796308;1;-0,913564869;0,074345369;0,015072077;1;-0,269442663;0,103794933;0,347213315;1;;;;;;;;;;;;;
822;-1,062426913;0,072561749;0,062426913;1;-0,945888161;0,074816563;0,050986845;1;-0,119487437;0,105426666;-0,402562817;1;;;;;;;;;;;;;
823;-1,015751744;0,075493855;0,015751744;1;-0,906427187;0,074822;0,007141319;1;-0,175012236;0,108568896;-0,124938818;1;;;;;;;;;;;;;
824;-0,936072541;0,067394286;-0,063927459;1;-0,890318241;0,07137924;-0,01075751;1;-0,11860148;0,096729137;-0,406992601;1;;;;;;;;;;;;;
825;-0,941976809;0,066427733;-0,058023191;1;-0,930701199;0,072507056;0,034112443;1;-0,261351699;0,100462839;0,306758493;1;;;;;;;;;;;;;
826;-0,982301176;0,072506243;-0,017698824;1;-0,938277885;0,075881795;0,042530984;1;-0,234630515;0,107037658;0,173152577;1;;;;;;;;;;;;;
827;-1,048814816;0,073130763;0,048814816;1;-0,868077933;0,074611217;-0,035468964;1;-0,143088584;0,108731842;-0,284557081;1;;;;;;;;;;;;;
828;-1,163794039;0,07408521;0,163794039;0;-0,873285991;0,0754116;-0,029682232;1;-0,065167821;0,107118992;-0,674160897;1;;;;;;;;;;;;;
829;-1,026619111;0,065956564;0,026619111;1;-0,947492123;0,074634502;0,052769026;1;-0,168907544;0,098804105;-0,155462278;1;;;;;;;;;;;;;
830;-0,937548429;0,069244953;-0,062451571;1;-0,905001113;0,071917071;0,005556792;1;-0,175559918;0,103474003;-0,12220041;1;;;;;;;;;;;;;
831;-1,032753434;0,076697312;0,032753434;1;-0,920524165;0,076116524;0,022804628;1;-0,094362882;0,109459395;-0,528185589;1;;;;;;;;;;;;;
832;-0,976249983;0,069155341;-0,023750017;1;-0,872137854;0,07417576;-0,03095794;1;-0,370149759;0,105207788;0,850748794;1;;;;;;;;;;;;;
833;-0,981163337;0,065518269;-0,018836663;1;-0,923701864;0,07335223;0,026335405;1;-0,313178269;0,100662429;0,565891346;1;;;;;;;;;;;;;
834;-0,94053689;0,067075242;-0,05946311;1;-0,893588793;0,073377976;-0,007123563;1;-0,320428931;0,101215815;0,602144656;1;;;;;;;;;;;;;
835;-1,067124536;0,067985977;0,067124536;1;-1,058159445;0,077575831;0,175732716;0;-0,133154587;0,099017089;-0,334227067;1;;;;;;;;;;;;;
836;-0,856098757;0,07430473;-0,143901243;1;-0,913197228;0,075322108;0,014663586;1;-0,469114435;0,113754712;1,345572176;0;;;;;;;;;;;;;
837;-0,967618581;0,066737004;-0,032381419;1;-0,913291581;0,072422809;0,014768423;1;-0,234907255;0,101546171;0,174536273;1;;;;;;;;;;;;;
838;-0,868187571;0,073562343;-0,131812429;1;-0,93644685;0,079257187;0,040496499;1;-0,514096383;0,114148191;1,570481917;0;;;;;;;;;;;;;
839;-1,071634686;0,071011444;0,071634686;1;-0,964367916;0,076847926;0,071519907;1;-0,335988861;0,108830543;0,679944306;1;;;;;;;;;;;;;
840;-1,005791125;0,065982004;0,005791125;1;-0,914733481;0,07221647;0,016370535;1;-0,08631278;0,099244421;-0,568436102;1;;;;;;;;;;;;;
841;-1,073559347;0,076439199;0,073559347;1;-0,918372863;0,076910758;0,020414293;1;-0,15573452;0,110811982;-0,221327398;1;;;;;;;;;;;;;
842;-1,035440488;0,074315808;0,035440488;1;-0,883880533;0,075273401;-0,017910519;1;-0,294080153;0,110272215;0,470400767;1;;;;;;;;;;;;;
843;-1,141820588;0,071380877;0,141820588;0;-0,92197108;0,075993793;0,024412312;1;-0,209790432;0,106926881;0,048952161;1;;;;;;;;;;;;;
844;-0,987800877;0,072421184;-0,012199123;1;-0,953259376;0,075925454;0,059177085;1;-0,174988183;0,106283232;-0,125059083;1;;;;;;;;;;;;;
845;-1,061319878;0,076223676;0,061319878;1;-0,919179511;0,078624648;0,021310568;1;-0,179087926;0,112929187;-0,104560369;1;;;;;;;;;;;;;
846;-0,934262415;0,069378863;-0,065737585;1;-0,81078748;0,069264471;-0,099125022;1;-0,117050979;0,10142306;-0,414745103;1;;;;;;;;;;;;;
847;-0,920821242;0,071204559;-0,079178758;1;-1,120351772;0,081205362;0,244835302;0;-0,289597518;0,104894206;0,447987592;1;;;;;;;;;;;;;
848;-0,984968962;0,063579669;-0,015031038;1;-0,926412644;0,071286051;0,029347382;1;-0,161836991;0,095658508;-0,190815044;1;;;;;;;;;;;;;
849;-1,06517171;0,069933231;0,06517171;1;-0,855324795;0,073758399;-0,049639117;1;-0,242618501;0,105973519;0,213092506;1;;;;;;;;;;;;;
850;-1,174688685;0,0772166;0,174688685;0;-0,883489621;0,077472354;-0,018344865;1;-0,039148066;0,110860182;-0,804259672;1;;;;;;;;;;;;;
851;-0,833099896;0,071130108;-0,166900104;0;-0,746867981;0,069532184;-0,170146687;0;-0,291065016;0,104948921;0,455325082;1;;;;;;;;;;;;;
852;-1,0742835;0,070311773;0,0742835;1;-0,917417134;0,07506155;0,019352371;1;-0,169789357;0,103806147;-0,151053215;1;;;;;;;;;;;;;
853;-1,130267798;0,071326349;0,130267798;1;-1,026802665;0,076121302;0,140891849;1;-0,012339605;0,104946221;-0,938301976;1;;;;;;;;;;;;;
854;-1,04430592;0,069378188;0,04430592;1;-0,927115689;0,074254418;0,030128544;1;-0,099023902;0,102575307;-0,504880492;1;;;;;;;;;;;;;
855;-0,998458665;0,072687741;-0,001541335;1;-0,975141769;0,077009781;0,083490855;1;-0,142242423;0,107995299;-0,288787883;1;;;;;;;;;;;;;
856;-1,1332213;0,077335353;0,1332213;1;-0,837332383;0,075691048;-0,069630685;1;-0,011436062;0,112114529;-0,942819691;1;;;;;;;;;;;;;
857;-1,04928026;0,0751547;0,04928026;1;-0,879431325;0,074397752;-0,022854083;1;-0,144295222;0,108647895;-0,278523891;1;;;;;;;;;;;;;
858;-1,049204006;0,070415075;0,049204006;1;-0,888208082;0,07419843;-0,013102131;1;-0,165566903;0,104752213;-0,172165483;1;;;;;;;;;;;;;
859;-0,967149546;0,067483226;-0,032850454;1;-0,878814896;0,07222195;-0,023539004;1;-0,178027878;0,101661603;-0,109860612;1;;;;;;;;;;;;;
860;-0,876101603;0,06924148;-0,123898397;1;-0,890768689;0,072732514;-0,010257012;1;-0,412969606;0,106813176;1,064848029;0;;;;;;;;;;;;;
861;-0,862468352;0,066976833;-0,137531648;0;-0,977637855;0,072938271;0,086264283;1;-0,370376095;0,101252795;0,851880477;1;;;;;;;;;;;;;
862;-1,002045893;0,071033496;0,002045893;1;-0,854057589;0,073253425;-0,051047123;1;-0,270934568;0,106798814;0,354672839;1;;;;;;;;;;;;;
863;-0,971192231;0,070582642;-0,028807769;1;-0,807014049;0,07377324;-0,103317724;1;-0,504986738;0,111723977;1,524933692;0;;;;;;;;;;;;;
864;-0,941700234;0,070197691;-0,058299766;1;-0,999662359;0,074250063;0,110735954;1;-0,102598202;0,101095161;-0,487008992;1;;;;;;;;;;;;;
865;-0,993293831;0,071344702;-0,006706169;1;-0,976076552;0,077007159;0,084529502;1;-0,166450885;0,106457225;-0,167745577;1;;;;;;;;;;;;;
866;-1,055014756;0,077721668;0,055014756;1;-0,768032795;0,074774272;-0,146630228;1;-0,216394386;0,113081594;0,081971929;1;;;;;;;;;;;;;
867;-1,021118866;0,078593929;0,021118866;1;-0,832548812;0,077303244;-0,074945764;1;-0,349806428;0,116313198;0,74903214;1;;;;;;;;;;;;;
868;-0,991864237;0,064087214;-0,008135763;1;-0,848117233;0,069003096;-0,057647519;1;-0,220582281;0,097543274;0,102911406;1;;;;;;;;;;;;;
869;-1,097508997;0,076298981;0,097508997;1;-0,989117426;0,079675452;0,099019362;1;-0,153530264;0,110784767;-0,232348681;1;;;;;;;;;;;;;
870;-0,911247803;0,081728471;-0,088752197;1;-0,926898253;0,080170611;0,029886947;1;-0,32029393;0,118508989;0,601469648;1;;;;;;;;;;;;;
871;-1,007700631;0,07114816;0,007700631;1;-0,716185176;0,069942972;-0,204238693;0;-0,23518163;0,105421685;0,175908149;1;;;;;;;;;;;;;
872;-1,162274692;0,082612649;0,162274692;0;-0,881576236;0,077722433;-0,020470849;1;0,042964006;0,113912056;-1,21482003;0;;;;;;;;;;;;;
873;-0,97676296;0,071489111;-0,02323704;1;-0,793813988;0,071042325;-0,117984458;1;-0,190525453;0,105960485;-0,047372733;1;;;;;;;;;;;;;
874;-1,084881189;0,072600651;0,084881189;1;-0,874340522;0,074725091;-0,028510531;1;-0,107481286;0,108088855;-0,462593568;1;;;;;;;;;;;;;
875;-1,095451908;0,073557199;0,095451908;1;-0,858400977;0,074365835;-0,046221136;1;-0,105295322;0,108003009;-0,473523388;1;;;;;;;;;;;;;
876;-0,991779206;0,062274927;-0,008220794;1;-0,882361691;0,070505537;-0,019598121;1;-0,238621296;0,095302107;0,193106479;1;;;;;;;;;;;;;
877;-0,965450393;0,063618197;-0,034549607;1;-1,054436247;0,074872645;0,17159583;0;-0,17275981;0,095729703;-0,136200948;1;;;;;;;;;;;;;
878;-0,879564282;0,077632421;-0,120435718;1;-0,888456717;0,076362891;-0,01282587;1;-0,246344784;0,109892508;0,231723918;1;;;;;;;;;;;;;
879;-1,048314837;0,071404747;0,048314837;1;-0,846836921;0,074294103;-0,059070088;1;-0,216957134;0,107438229;0,084785672;1;;;;;;;;;;;;;
880;-0,94953106;0,070997148;-0,05046894;1;-0,888494191;0,075615297;-0,012784232;1;-0,392994445;0,107379847;0,964972227;1;;;;;;;;;;;;;
881;-0,946448043;0,067388914;-0,053551957;1;-1,025662468;0,07507006;0,139624964;1;-0,183058935;0,101291966;-0,084705327;1;;;;;;;;;;;;;
882;-0,923051623;0,070961094;-0,076948377;1;-0,854992009;0,071085989;-0,050008879;1;-0,24616366;0,10398775;0,230818299;1;;;;;;;;;;;;;
883;-0,974330925;0,077288208;-0,025669075;1;-1,004037189;0,079027413;0,115596877;1;-0,16025062;0,112320451;-0,198746901;1;;;;;;;;;;;;;
884;-0,942935388;0,071532531;-0,057064612;1;-0,867916708;0,07404982;-0,035648102;1;-0,237188201;0,106794014;0,185941003;1;;;;;;;;;;;;;
885;-1,05239228;0,068196727;0,05239228;1;-0,913393062;0,072252848;0,01488118;1;-0,141906138;0,101741446;-0,290469312;1;;;;;;;;;;;;;
886;-1,024493193;0,068676473;0,024493193;1;-0,970014165;0,072886875;0,077793517;1;-0,059963069;0,099000414;-0,700184654;1;;;;;;;;;;;;;
887;-1,028769051;0,073298461;0,028769051;1;-0,855516525;0,074571637;-0,049426083;1;-0,241058733;0,109028956;0,205293666;1;;;;;;;;;;;;;
888;-1,064150355;0,078871093;0,064150355;1;-0,893296261;0,077297679;-0,007448598;1;-0,071774566;0,112497947;-0,641127168;1;;;;;;;;;;;;;
889;-1,014087939;0,070949811;0,014087939;1;-0,909500705;0,072393812;0,010556339;1;-0,079757286;0,10239384;-0,601213571;1;;;;;;;;;;;;;
890;-1,056311729;0,077098657;0,056311729;1;-1,093521223;0,082665459;0,215023581;0;-0,234030142;0,114543811;0,170150708;1;;;;;;;;;;;;;
891;-1,027697551;0,065831952;0,027697551;1;-0,800837527;0,068091783;-0,110180525;1;-0,219602639;0,099615288;0,098013193;1;;;;;;;;;;;;;
892;-0,952500265;0,069546142;-0,047499735;1;-0,891512449;0,073744865;-0,009430612;1;-0,22179683;0,102425916;0,108984149;1;;;;;;;;;;;;;
893;-0,956370879;0,069686079;-0,043629121;1;-0,937528219;0,073414903;0,041698021;1;-0,215493809;0,10258859;0,077469043;1;;;;;;;;;;;;;
894;-0,845518367;0,063919805;-0,154481633;0;-0,844713505;0,070284381;-0,061429439;1;-0,419870294;0,101312929;1,099351471;0;;;;;;;;;;;;;
895;-1,085322481;0,07864817;0,085322481;1;-0,90501219;0,075983629;0,005569101;1;-0,065467324;0,110988534;-0,672663379;1;;;;;;;;;;;;;
896;-0,934508693;0,065789049;-0,065491307;1;-0,855837082;0,069649037;-0,049069909;1;-0,162822016;0,099096343;-0,185889918;1;;;;;;;;;;;;;
897;-0,944867991;0,060952592;-0,055132009;1;-0,948553679;0,071556026;0,053948532;1;-0,330714068;0,095221466;0,653570339;1;;;;;;;;;;;;;
898;-0,887281022;0,066269109;-0,112718978;1;-0,957253954;0,07427921;0,063615504;1;-0,305354225;0,102413381;0,526771124;1;;;;;;;;;;;;;
899;-0,961728714;0,068067119;-0,038271286;1;-0,915951397;0,072524144;0,017723775;1;-0,139025619;0,098063221;-0,304871906;1;;;;;;;;;;;;;
900;-0,909039855;0,068159722;-0,090960145;1;-1,013828676;0,076603968;0,126476306;1;-0,240928832;0,098869693;0,204644162;1;;;;;;;;;;;;;
901;-0,902772488;0,068621836;-0,097227512;1;-0,817320727;0,070491152;-0,091865859;1;-0,306396319;0,104329053;0,531981595;1;;;;;;;;;;;;;
902;-1,002669846;0,070158495;0,002669846;1;-0,836898452;0,073010939;-0,070112831;1;-0,262836424;0,105578984;0,314182119;1;;;;;;;;;;;;;
903;-0,979822168;0,066460375;-0,020177832;1;-0,878171879;0,070094917;-0,024253468;1;-0,133765237;0,09763794;-0,331173817;1;;;;;;;;;;;;;
904;-0,876560214;0,074902539;-0,123439786;1;-0,900367952;0,076185304;0,000408835;1;-0,268625357;0,109069128;0,343126786;1;;;;;;;;;;;;;
905;-1,060906571;0,069348194;0,060906571;1;-0,889806433;0,071159124;-0,011326186;1;-0,149636946;0,103341102;-0,251815268;1;;;;;;;;;;;;;
906;-0,925107739;0,061042489;-0,074892261;1;-0,962593107;0,071150074;0,069547897;1;-0,162761477;0,092651612;-0,186192614;1;;;;;;;;;;;;;
907;-1,007236342;0,074740941;0,007236342;1;-0,86576807;0,074235395;-0,038035478;1;-0,10514049;0,110273855;-0,474297551;1;;;;;;;;;;;;;
908;-1,053141276;0,069475481;0,053141276;1;-0,902694671;0,074279893;0,002994078;1;-0,189234609;0,103653655;-0,053826957;1;;;;;;;;;;;;;
909;-0,965282083;0,069519263;-0,034717917;1;-0,840095132;0,071821056;-0,066560965;1;-0,244730255;0,103776066;0,223651274;1;;;;;;;;;;;;;
910;-1,038873852;0,066591653;0,038873852;1;-0,865696183;0,071664825;-0,038115353;1;-0,268225259;0,102074702;0,341126295;1;;;;;;;;;;;;;
911;-0,96089438;0,063722859;-0,03910562;1;-0,822421309;0,068189504;-0,086198546;1;-0,223676742;0,09630797;0,118383709;1;;;;;;;;;;;;;
912;-0,993398755;0,069228361;-0,006601245;1;-1,013995688;0,075109958;0,126661875;1;-0,124079769;0,100806134;-0,379601154;1;;;;;;;;;;;;;
913;-1,044048915;0,079459939;0,044048915;1;-0,826293949;0,078305193;-0,081895612;1;-0,371191771;0,121124604;0,855958853;1;;;;;;;;;;;;;
914;-1,095882531;0,079118036;0,095882531;1;-0,883977307;0,077167491;-0,017802992;1;0,03973677;0,109981077;-1,198683851;0;;;;;;;;;;;;;
915;-0,936860879;0,070080639;-0,063139121;1;-0,947828058;0,074280584;0,053142286;1;-0,253614855;0,103723652;0,268074277;1;;;;;;;;;;;;;
916;-1,058359093;0,074753667;0,058359093;1;-1,017167949;0,079210547;0,13018661;1;-0,136198288;0,111203636;-0,319008559;1;;;;;;;;;;;;;
917;-1,133848978;0,072819187;0,133848978;1;-0,931521874;0,074269201;0,035024304;1;-0,00621088;0,103707004;-0,968945599;1;;;;;;;;;;;;;
918;-1,029796025;0,073359393;0,029796025;1;-1,003543516;0,075846838;0,115048351;1;-0,154576408;0,104657753;-0,227117961;1;;;;;;;;;;;;;
919;-1,093511433;0,075097253;0,093511433;1;-0,850768195;0,075116944;-0,054702005;1;-0,140311521;0,112258431;-0,298442393;1;;;;;;;;;;;;;
920;-1,078337738;0,077266188;0,078337738;1;-0,776849124;0,074053797;-0,136834306;1;-0,101510284;0,111590595;-0,49244858;1;;;;;;;;;;;;;
921;-0,952735874;0,065454744;-0,047264126;1;-0,9874664;0,075326947;0,097184889;1;-0,419955058;0,102389708;1,099775291;0;;;;;;;;;;;;;
922;-1,064856883;0,077782824;0,064856883;1;-0,886751921;0,076307343;-0,014720088;1;-0,192133718;0,111604186;-0,039331409;1;;;;;;;;;;;;;
923;-0,84520718;0,075705865;-0,15479282;0;-0,841478536;0,075241079;-0,065023849;1;-0,407585241;0,111440246;1,037926207;1;;;;;;;;;;;;;
924;-0,988107554;0,070350894;-0,011892446;1;-0,956859455;0,075129715;0,063177172;1;-0,226683275;0,105845429;0,133416374;1;;;;;;;;;;;;;
925;-1,030708865;0,073680817;0,030708865;1;-0,958924286;0,075873231;0,065471429;1;-0,070431319;0,106024246;-0,647843405;1;;;;;;;;;;;;;
926;-1,059923639;0,070676868;0,059923639;1;-0,946590697;0,077694228;0,051767442;1;-0,251173394;0,107583813;0,255866971;1;;;;;;;;;;;;;
927;-0,942808057;0,061323607;-0,057191943;1;-0,873118975;0,068763025;-0,029867805;1;-0,224673214;0,094389359;0,123366071;1;;;;;;;;;;;;;
928;-1,015640124;0,077519553;0,015640124;1;-1,006895482;0,079641237;0,118772758;1;-0,092202476;0,113865998;-0,538987621;1;;;;;;;;;;;;;
929;-0,890979571;0,066016252;-0,109020429;1;-0,996547986;0,076958219;0,10727554;1;-0,41947579;0,103318253;1,097378951;0;;;;;;;;;;;;;
930;-1,076542408;0,069761987;0,076542408;1;-0,829549782;0,072276669;-0,07827802;1;-0,134163415;0,102591126;-0,329182925;1;;;;;;;;;;;;;
931;-0,974173839;0,070729088;-0,025826161;1;-0,933183097;0,077589414;0,036870107;1;-0,335021899;0,109812074;0,675109497;1;;;;;;;;;;;;;
932;-0,997731792;0,069025461;-0,002268208;1;-0,910057796;0,071477364;0,011175329;1;-0,176597008;0,100722752;-0,117014958;1;;;;;;;;;;;;;
933;-0,991160989;0,069482472;-0,008839011;1;-0,970896223;0,075920396;0,078773581;1;-0,241796169;0,104765997;0,208980846;1;;;;;;;;;;;;;
934;-0,995723347;0,069669249;-0,004276653;1;-0,981823379;0,07510628;0,090914866;1;-0,182393017;0,103872218;-0,088034917;1;;;;;;;;;;;;;
935;-0,904066275;0,071163553;-0,095933725;1;-0,872422331;0,073920341;-0,030641854;1;-0,288461867;0,107572127;0,442309335;1;;;;;;;;;;;;;
936;-1,013027998;0,068635416;0,013027998;1;-0,900962129;0,074003154;0,001069032;1;-0,224380677;0,102625483;0,121903386;1;;;;;;;;;;;;;
937;-0,878529507;0,071086933;-0,121470493;1;-0,796807833;0,071060064;-0,114657963;1;-0,262956098;0,104576169;0,314780489;1;;;;;;;;;;;;;
938;-0,950765721;0,063381648;-0,049234279;1;-1,015428615;0,073960293;0,128254016;1;-0,24346991;0,098392503;0,217349549;1;;;;;;;;;;;;;
939;-0,823308655;0,06540336;-0,176691345;0;-0,801319882;0,06883053;-0,109644576;1;-0,35186046;0,098901313;0,7593023;1;;;;;;;;;;;;;
940;-1,011446607;0,072588203;0,011446607;1;-0,89408793;0,074634111;-0,006568967;1;-0,183133021;0,105770652;-0,084334896;1;;;;;;;;;;;;;
941;-0,974252782;0,067444926;-0,025747218;1;-0,79560178;0,070638955;-0,115998023;1;-0,265533639;0,101523376;0,327668197;1;;;;;;;;;;;;;
942;-0,97557336;0,068765314;-0,02442664;1;-0,896150181;0,073554276;-0,004277576;1;-0,309059618;0,106302414;0,545298091;1;;;;;;;;;;;;;
943;-1,012264087;0,067829801;0,012264087;1;-0,822896401;0,068324287;-0,085670665;1;-0,014302232;0,096104975;-0,928488841;1;;;;;;;;;;;;;
944;-1,111961179;0,080663508;0,111961179;1;-0,800175955;0,077000062;-0,110915606;1;-0,104849975;0,115996493;-0,475750124;1;;;;;;;;;;;;;
945;-1,172574378;0,080376233;0,172574378;0;-0,765469487;0,074046315;-0,149478348;1;0,00557958;0,1137404;-1,027897902;1;;;;;;;;;;;;;
946;-1,045623275;0,071264191;0,045623275;1;-0,850910346;0,071278247;-0,05454406;1;-0,115995386;0,104116085;-0,420023071;1;;;;;;;;;;;;;
947;-1,023618099;0,070983734;0,023618099;1;-0,928298493;0,073292774;0,03144277;1;-0,242464646;0,104240075;0,212323228;1;;;;;;;;;;;;;
948;-1,063244497;0,073449367;0,063244497;1;-0,971180076;0,074921845;0,079088974;1;-0,005275278;0,103034251;-0,973623609;1;;;;;;;;;;;;;
949;-0,957058734;0,065948077;-0,042941266;1;-0,954907437;0,071457357;0,061008263;1;-0,083324689;0,099895576;-0,583376555;1;;;;;;;;;;;;;
950;-0,859716371;0,073094738;-0,140283629;1;-0,908678357;0,076422988;0,009642619;1;-0,407017497;0,11052745;1,035087487;1;;;;;;;;;;;;;
951;-0,959280122;0,074112459;-0,040719878;1;-1,029828665;0,079452009;0,144254073;1;-0,268435738;0,11041424;0,342178691;1;;;;;;;;;;;;;
952;-0,920555394;0,067621452;-0,079444606;1;-0,870806584;0,069879032;-0,032437129;1;-0,160466449;0,098314166;-0,197667756;1;;;;;;;;;;;;;
953;-1,054268392;0,069040498;0,054268392;1;-0,923365985;0,072417464;0,025962206;1;-0,030332626;0,099745628;-0,848336871;1;;;;;;;;;;;;;
954;-0,991181526;0,075113648;-0,008818474;1;-0,774964188;0,072910205;-0,13892868;1;-0,275635889;0,110706424;0,378179445;1;;;;;;;;;;;;;
955;-0,882090548;0,071428333;-0,117909452;1;-1,0602277;0,076404435;0,178030777;0;-0,16715383;0,103121182;-0,164230848;1;;;;;;;;;;;;;
956;-0,952920381;0,080031983;-0,047079619;1;-0,912066232;0,078122571;0,013406925;1;-0,229413377;0,11457679;0,147066885;1;;;;;;;;;;;;;
957;-1,036510311;0,076040573;0,036510311;1;-0,932769501;0,077282068;0,036410557;1;-0,094438246;0,109813457;-0,527808768;1;;;;;;;;;;;;;
958;-1,069256267;0,074014989;0,069256267;1;-0,928702416;0,075651078;0,031891574;1;-0,143282063;0,110485623;-0,283589685;1;;;;;;;;;;;;;
959;-0,921399081;0,065380908;-0,078600919;1;-0,782952954;0,068861634;-0,130052273;1;-0,221594603;0,097637261;0,107973014;1;;;;;;;;;;;;;
960;-0,998982313;0,067665682;-0,001017687;1;-0,959699487;0,0738637;0,066332763;1;-0,171702379;0,101921994;-0,141488105;1;;;;;;;;;;;;;
961;-0,980911726;0,073910247;-0,019088274;1;-0,836701453;0,072643402;-0,070331719;1;-0,027902419;0,108990406;-0,860487905;1;;;;;;;;;;;;;
962;-1,139432171;0,07171583;0,139432171;1;-0,95393141;0,075751882;0,059923789;1;0,011400636;0,105790155;-1,057003178;0;;;;;;;;;;;;;
963;-0,927277506;0,066893892;-0,072722494;1;-0,763176864;0,068687673;-0,152025707;0;-0,338826674;0,100185402;0,694133371;1;;;;;;;;;;;;;
964;-1,000178173;0,073112299;0,000178173;1;-0,914795337;0,073338763;0,016439263;1;-0,030540299;0,104072128;-0,847298503;1;;;;;;;;;;;;;
965;-0,868422474;0,069009439;-0,131577526;1;-0,990134586;0,074828617;0,100149539;1;-0,302764728;0,103666051;0,513823642;1;;;;;;;;;;;;;
966;-0,9717467;0,065541565;-0,0282533;1;-0,997008072;0,075325252;0,107786746;1;-0,318108534;0,101380711;0,590542668;1;;;;;;;;;;;;;
967;-1,095014687;0,074013048;0,095014687;1;-0,896492398;0,077139181;-0,003897336;1;-0,190599405;0,11128788;-0,047002975;1;;;;;;;;;;;;;
968;-0,954889923;0,075745149;-0,045110077;1;-0,843278944;0,07312049;-0,063023395;1;-0,047642525;0,10733819;-0,761787373;1;;;;;;;;;;;;;
969;-1,055771328;0,076193596;0,055771328;1;-0,826912326;0,07467353;-0,081208527;1;-0,176688551;0,112769397;-0,116557244;1;;;;;;;;;;;;;
970;-1,086650677;0,07211437;0,086650677;1;-0,802403646;0,073889052;-0,108440394;1;-0,261824697;0,108339184;0,309123485;1;;;;;;;;;;;;;
971;-1,07872536;0,073881134;0,07872536;1;-0,900138758;0,07640128;0,000154175;1;-0,164262188;0,110067145;-0,178689059;1;;;;;;;;;;;;;
972;-0,923564591;0,071308016;-0,076435409;1;-0,874971573;0,074666445;-0,027809363;1;-0,359115694;0,110847575;0,795578469;1;;;;;;;;;;;;;
973;-1,015329796;0,076064598;0,015329796;1;-0,834925443;0,073338162;-0,072305063;1;-0,142113328;0,111031342;-0,289433359;1;;;;;;;;;;;;;
974;-0,978093613;0,06897823;-0,021906387;1;-0,780551737;0,069659624;-0,132720292;1;-0,271276813;0,104055085;0,356384066;1;;;;;;;;;;;;;
975;-0,973675881;0,071264411;-0,026324119;1;-0,958759483;0,075456363;0,065288314;1;-0,335917374;0,108453224;0,679586869;1;;;;;;;;;;;;;
976;-0,959653848;0,068400341;-0,040346152;1;-0,89085213;0,072537394;-0,0101643;1;-0,189420428;0,101244984;-0,052897858;1;;;;;;;;;;;;;
977;-1,080924617;0,074232395;0,080924617;1;-0,950888229;0,078415442;0,056542477;1;-0,201701629;0,110295544;0,008508147;1;;;;;;;;;;;;;
978;-0,999825476;0,067947064;-0,000174524;1;-0,93664786;0,072872579;0,040719844;1;-0,08118746;0,100733433;-0,594062701;1;;;;;;;;;;;;;
979;-1,060063908;0,070866705;0,060063908;1;-0,86493746;0,072322111;-0,038958378;1;-0,146735252;0,105187311;-0,266323742;1;;;;;;;;;;;;;
980;-0,980154112;0,070153706;-0,019845888;1;-0,938681614;0,074265624;0,042979572;1;-0,1968477;0,104161018;-0,015761499;1;;;;;;;;;;;;;
981;-0,976851283;0,065161944;-0,023148717;1;-0,854786822;0,069644721;-0,050236865;1;-0,174017316;0,097005448;-0,129913419;1;;;;;;;;;;;;;
982;-1,074770036;0,069577991;0,074770036;1;-0,898285444;0,075357459;-0,001905062;1;-0,3401038;0,10693701;0,700519001;1;;;;;;;;;;;;;
983;-0,994894262;0,069867713;-0,005105738;1;-0,952581031;0,078170076;0,058423367;1;-0,390439854;0,109739323;0,952199269;1;;;;;;;;;;;;;
984;-0,918231549;0,075473773;-0,081768451;1;-0,959349089;0,078249059;0,065943433;1;-0,283954814;0,114491581;0,419774069;1;;;;;;;;;;;;;
985;-1,009787552;0,074667525;0,009787552;1;-0,806000892;0,071825319;-0,104443453;1;-0,021868014;0,105245649;-0,890659929;1;;;;;;;;;;;;;
986;-1,014567292;0,070516903;0,014567292;1;-0,808935411;0,072388976;-0,101182877;1;-0,186472388;0,104255095;-0,067638061;1;;;;;;;;;;;;;
987;-1,018933977;0,070581965;0,018933977;1;-0,794976136;0,072090324;-0,116693183;1;-0,270314369;0,108938804;0,351571844;1;;;;;;;;;;;;;
988;-0,885107481;0,070812387;-0,114892519;1;-0,868112188;0,072444072;-0,035430902;1;-0,396589014;0,104102448;0,98294507;1;;;;;;;;;;;;;
989;-1,044555328;0,065928149;0,044555328;1;-0,869769352;0,068829334;-0,033589608;1;-0,061209267;0,095956315;-0,693953665;1;;;;;;;;;;;;;
990;-0,940386286;0,076054654;-0,059613714;1;-0,927484153;0,075656649;0,030537947;1;-0,16924368;0,109339038;-0,153781601;1;;;;;;;;;;;;;
991;-1,029838381;0,070973028;0,029838381;1;-0,786740249;0,071785859;-0,125844167;1;-0,085859353;0,103684786;-0,570703237;1;;;;;;;;;;;;;
992;-1,038907273;0,071009778;0,038907273;1;-0,978033349;0,075895703;0,086703721;1;-0,192489235;0,104893769;-0,037553827;1;;;;;;;;;;;;;
993;-0,950066295;0,066479567;-0,049933705;1;-0,844473767;0,069310387;-0,061695814;1;-0,14010913;0,099025388;-0,299454348;1;;;;;;;;;;;;;
994;-1,058287945;0,067960758;0,058287945;1;-1,000138825;0,074165142;0,111265362;1;-0,078303979;0,099502158;-0,608480104;1;;;;;;;;;;;;;
995;-1,150623135;0,077046942;0,150623135;1;-0,863709173;0,077584509;-0,040323141;1;-0,102828961;0,111472261;-0,485855196;1;;;;;;;;;;;;;
996;-0,974437092;0,079038885;-0,025562908;1;-0,892543262;0,077910944;-0,008285264;1;-0,1966783;0,114806351;-0,0166085;1;;;;;;;;;;;;;
997;-1,071327723;0,068047788;0,071327723;1;-0,999396803;0,074648475;0,110440892;1;-0,073243213;0,099473399;-0,633783936;1;;;;;;;;;;;;;
998;-0,945170768;0,062244337;-0,054829232;1;-0,887728897;0,070376206;-0,013634559;1;-0,242250919;0,093627072;0,211254593;1;;;;;;;;;;;;;
999;-1,001271935;0,066327682;0,001271935;1;-0,869954314;0,069795182;-0,033384096;1;-0,180702422;0,099200032;-0,096487889;1;;;;;;;;;;;;;
1000;-0,986106495;0,06614034;-0,013893505;1;-0,96157517;0,073311904;0,068416855;1;-0,198256113;0,101812377;-0,008719436;1;;;;;;;;;;;;;
