;mean;se;bias;cp;mean;se;bias;cp;mean;se;bias;cp;;mean;sd;bias;cp;mean;sd;bias;cp;mean;sd;bias;cp
1;-1,025406508;0,17517225;0,025406508;1;-1,103760762;0,185991951;0,226400847;1;-0,164695895;0,246432274;-0,176520525;1;;-1,021914215;0,186525673;0,021914215;0,948;-0,916283924;0,175034118;0,018093249;0,951;-0,189387001;0,258479026;-0,053064993;0,952
2;-0,878512976;0,153949497;-0,121487024;1;-1,414364306;0,195091577;0,571515895;0;-0,54530678;0,236724329;1,726533901;1;;;;;;;;;;;;;
3;-1,254068055;0,205833759;0,254068055;1;-0,877711;0,193111819;-0,024765556;1;-0,394589126;0,295414726;0,972945628;1;;;;;;;;;;;;;
4;-1,001862618;0,17358953;0,001862618;1;-1,090281572;0,185850598;0,211423969;1;-0,135405441;0,252322717;-0,322972796;1;;;;;;;;;;;;;
5;-1,093748583;0,176365867;0,093748583;1;-0,863723918;0,16851475;-0,040306758;1;-0,093761826;0,247973849;-0,531190868;1;;;;;;;;;;;;;
6;-1,08565315;0,155966014;0,08565315;1;-0,753311651;0,147812944;-0,162987055;1;0,180996162;0,214567938;-1,904980808;1;;;;;;;;;;;;;
7;-1,02771412;0,177365926;0,02771412;1;-0,875443265;0,180797346;-0,027285261;1;-0,34377236;0,257916162;0,7188618;1;;;;;;;;;;;;;
8;-1,122830676;0,164114683;0,122830676;1;-0,864608097;0,159038949;-0,039324337;1;0,081122517;0,232821148;-1,405612585;1;;;;;;;;;;;;;
9;-1,532246027;0,200956176;0,532246027;0;-0,766452402;0,180909361;-0,14838622;1;0,17373199;0,276905275;-1,868659951;1;;;;;;;;;;;;;
10;-0,925897915;0,164188617;-0,074102085;1;-0,797885368;0,155376894;-0,113460702;1;-0,100614537;0,23184889;-0,496927314;1;;;;;;;;;;;;;
11;-1,213847423;0,182303534;0,213847423;1;-1,245716526;0,19821254;0,384129474;1;-0,079444365;0,260348497;-0,602778174;1;;;;;;;;;;;;;
12;-1,022410617;0,178455739;0,022410617;1;-1,046531747;0,17937817;0,162813053;1;-0,04777084;0,241579532;-0,761145798;1;;;;;;;;;;;;;
13;-0,896992528;0,206878371;-0,103007472;1;-0,782806439;0,191128768;-0,130215068;1;-0,735165465;0,300987967;2,675827327;1;;;;;;;;;;;;;
14;-1,142308538;0,168215364;0,142308538;1;-0,77551614;0,169634341;-0,1383154;1;-0,435378007;0,258734917;1,176890036;1;;;;;;;;;;;;;
15;-1,061119314;0,186672884;0,061119314;1;-1,090726077;0,183831342;0,211917863;1;-0,034446643;0,25196968;-0,827766784;1;;;;;;;;;;;;;
16;-1,002541641;0,1953687;0,002541641;1;-0,860928661;0,184925131;-0,043412599;1;-0,456680353;0,276796416;1,283401764;1;;;;;;;;;;;;;
17;-0,776511268;0,166388337;-0,223488732;1;-0,845908094;0,162067511;-0,060102118;1;-0,72446653;0,258567549;2,622332651;0;;;;;;;;;;;;;
18;-0,987686796;0,143654216;-0,012313204;1;-0,80405891;0,151911509;-0,106601211;1;-0,304979233;0,215855992;0,524896167;1;;;;;;;;;;;;;
19;-1,447930474;0,20736708;0,447930474;0;-1,354651773;0,211946148;0,505168637;0;-0,017115157;0,290534806;-0,914424215;1;;;;;;;;;;;;;
20;-0,919751088;0,161036225;-0,080248912;1;-0,982712951;0,171245104;0,091903278;1;-0,420063398;0,244652721;1,100316988;1;;;;;;;;;;;;;
21;-1,265964117;0,166853919;0,265964117;1;-0,857318835;0,166505629;-0,047423517;1;-0,186948651;0,243090574;-0,065256745;1;;;;;;;;;;;;;
22;-0,850703314;0,158847113;-0,149296686;1;-0,711714891;0,15432158;-0,209205677;1;-0,162251274;0,225330376;-0,188743632;1;;;;;;;;;;;;;
23;-0,800996561;0,17234082;-0,199003439;1;-0,981584078;0,17963615;0,090648976;1;-0,727358127;0,269016998;2,636790634;0;;;;;;;;;;;;;
24;-1,127626393;0,137101234;0,127626393;1;-1,025809763;0,158378213;0,139788626;1;0,125249508;0,201895567;-1,626247538;1;;;;;;;;;;;;;
25;-0,832675355;0,1928947;-0,167324645;1;-0,846106546;0,17900729;-0,059881615;1;-0,382177888;0,283636909;0,91088944;1;;;;;;;;;;;;;
26;-1,304738552;0,174507072;0,304738552;1;-0,960240463;0,179422993;0,066933848;1;0,10643592;0,241337511;-1,532179599;1;;;;;;;;;;;;;
27;-1,559311398;0,189525638;0,559311398;0;-0,716601441;0,165949848;-0,203776176;1;0,295838592;0,262815694;-2,47919296;1;;;;;;;;;;;;;
28;-1,075301014;0,211514559;0,075301014;1;-0,709775663;0,182221245;-0,211360374;1;-0,13787359;0,298263443;-0,31063205;1;;;;;;;;;;;;;
29;-1,189991852;0,176894814;0,189991852;1;-0,981001816;0,166196707;0,090002018;1;0,275259337;0,240977051;-2,376296683;0;;;;;;;;;;;;;
30;-1,183890664;0,190878888;0,183890664;1;-0,877546798;0,17493923;-0,024948002;1;0,101817278;0,266719212;-1,509086388;1;;;;;;;;;;;;;
31;-0,774856885;0,147104637;-0,225143115;1;-1,071659676;0,172848341;0,190732974;1;-0,543521605;0,219028887;1,717608027;1;;;;;;;;;;;;;
32;-0,994904429;0,155268704;-0,005095571;1;-0,844526088;0,152387288;-0,06163768;1;-0,070759504;0,224073009;-0,646202479;1;;;;;;;;;;;;;
33;-0,55773991;0,18453553;-0,44226009;0;-1,300547029;0,195192228;0,445052254;0;-0,413048946;0,246775578;1,06524473;1;;;;;;;;;;;;;
34;-1,29049303;0,186900926;0,29049303;1;-0,827867256;0,188311753;-0,080147493;1;-0,137093411;0,283728794;-0,314532946;1;;;;;;;;;;;;;
35;-1,297859216;0,183273807;0,297859216;1;-0,613067119;0,164625222;-0,318814313;1;-0,106675711;0,268895394;-0,466621444;1;;;;;;;;;;;;;
36;-0,960172499;0,200048528;-0,039827501;1;-1,018104217;0,203245113;0,131226908;1;-0,40673173;0,302172139;1,033658652;1;;;;;;;;;;;;;
37;-1,536926164;0,216776279;0,536926164;0;-0,980448394;0,191502351;0,089387105;1;0,115058694;0,290690289;-1,57529347;1;;;;;;;;;;;;;
38;-1,118506635;0,175710125;0,118506635;1;-1,213516009;0,183030322;0,348351121;1;-0,169098804;0,250443936;-0,154505982;1;;;;;;;;;;;;;
39;-1,001113568;0,173480826;0,001113568;1;-0,736221025;0,174390988;-0,181976639;1;-0,317352645;0,267350946;0,586763226;1;;;;;;;;;;;;;
40;-1,00944883;0,176588993;0,00944883;1;-0,690943694;0,168369737;-0,232284784;1;-0,394122856;0,263115669;0,970614281;1;;;;;;;;;;;;;
41;-1,050236748;0,185213929;0,050236748;1;-1,064329639;0,196309699;0,182588487;1;-0,292824049;0,266047988;0,464120245;1;;;;;;;;;;;;;
42;-0,852492558;0,159760564;-0,147507442;1;-0,933216732;0,181263406;0,03690748;1;-0,528045078;0,255310448;1,640225392;1;;;;;;;;;;;;;
43;-1,105669904;0,176094413;0,105669904;1;-1,266934431;0,196363608;0,407704924;1;0,144473769;0,240473769;-1,722368846;1;;;;;;;;;;;;;
44;-1,101030046;0,176068709;0,101030046;1;-0,79998215;0,182338417;-0,111130944;1;-0,510119251;0,280550188;1,550596253;1;;;;;;;;;;;;;
45;-1,179397958;0,18298191;0,179397958;1;-0,844630537;0,166989388;-0,061521626;1;0,183611248;0,257101693;-1,918056241;1;;;;;;;;;;;;;
46;-1,201988711;0,189010828;0,201988711;1;-0,352602973;0,168991819;-0,608218919;0;-0,402776889;0,286963267;1,013884446;1;;;;;;;;;;;;;
47;-0,612610355;0,220183908;-0,387389645;1;-0,944369658;0,194077554;0,04929962;1;-0,434445869;0,295856919;1,172229345;1;;;;;;;;;;;;;
48;-0,961627366;0,156756435;-0,038372634;1;-0,976683562;0,167560848;0,085203957;1;-0,267222428;0,238185382;0,33611214;1;;;;;;;;;;;;;
49;-0,883520289;0,200036662;-0,116479711;1;-0,881688634;0,173785498;-0,020345962;1;0,063030725;0,285497408;-1,315153624;1;;;;;;;;;;;;;
50;-1,02070454;0,158942874;0,02070454;1;-1,131745961;0,174943232;0,257495512;1;-0,140676301;0,221287266;-0,296618497;1;;;;;;;;;;;;;
51;-1,034611518;0,172349904;0,034611518;1;-0,790819526;0,158632734;-0,121311637;1;0,154250608;0,244656122;-1,77125304;1;;;;;;;;;;;;;
52;-0,92990998;0,192855267;-0,07009002;1;-0,657406274;0,171767901;-0,269548584;1;-0,18906981;0,259612659;-0,054650952;1;;;;;;;;;;;;;
53;-1,038468811;0,16305104;0,038468811;1;-0,803727891;0,168713932;-0,10696901;1;-0,265083879;0,244149143;0,325419395;1;;;;;;;;;;;;;
54;-0,95771179;0,192933833;-0,04228821;1;-0,754357132;0,171778956;-0,161825409;1;-0,305339109;0,277145914;0,526695547;1;;;;;;;;;;;;;
55;-0,928286115;0,173014468;-0,071713885;1;-0,848243953;0,174842655;-0,057506719;1;-0,470371376;0,263314124;1,351856882;1;;;;;;;;;;;;;
56;-0,856969251;0,175187619;-0,143030749;1;-1,13785032;0,196353949;0,264278134;1;-0,463861368;0,274927421;1,319306838;1;;;;;;;;;;;;;
57;-0,878068515;0,14356071;-0,121931485;1;-0,747050658;0,140359531;-0,169943714;1;0,011279772;0,205313376;-1,056398862;1;;;;;;;;;;;;;
58;-0,765582038;0,13578389;-0,234417962;1;-1,279809506;0,172430205;0,422010562;0;-0,114068157;0,204564484;-0,429659215;1;;;;;;;;;;;;;
59;-1,150383292;0,164840491;0,150383292;1;-0,845708191;0,162029652;-0,060324232;1;0,016217612;0,24018717;-1,08108806;1;;;;;;;;;;;;;
60;-0,941629617;0,156735156;-0,058370383;1;-0,758212501;0,154674713;-0,157541666;1;-0,243722311;0,237228369;0,218611557;1;;;;;;;;;;;;;
61;-0,901271377;0,143074219;-0,098728623;1;-1,054960357;0,16585982;0,172178175;1;-0,378136642;0,224347061;0,890683211;1;;;;;;;;;;;;;
62;-0,960963947;0,174712593;-0,039036053;1;-0,99788467;0,172717238;0,108760745;1;-0,142026704;0,242030117;-0,289866478;1;;;;;;;;;;;;;
63;-1,163857422;0,232750711;0,163857422;1;-0,994905241;0,209447582;0,105450267;1;0,180485775;0,297320927;-1,902428874;1;;;;;;;;;;;;;
64;-1,091478136;0,146844056;0,091478136;1;-1,029201436;0,171564196;0,143557151;1;-0,223578657;0,227316022;0,117893283;1;;;;;;;;;;;;;
65;-0,88869315;0,196984298;-0,11130685;1;-0,652759198;0,168021597;-0,274712002;1;-0,226435463;0,270567135;0,132177313;1;;;;;;;;;;;;;
66;-1,089333001;0,191078355;0,089333001;1;-0,664297743;0,178218698;-0,261891397;1;-0,571851121;0,288644422;1,859255604;1;;;;;;;;;;;;;
67;-1,020858045;0,241069158;0,020858045;1;-0,907178241;0,196568522;0,007975824;1;0,070368995;0,307071054;-1,351844973;1;;;;;;;;;;;;;
68;-0,954310213;0,144433357;-0,045689787;1;-0,696985707;0,147643698;-0,225571437;1;-0,255124357;0,223704718;0,275621783;1;;;;;;;;;;;;;
69;-0,903747412;0,167388588;-0,096252588;1;-0,994421402;0,176925517;0,104912669;1;-0,429863993;0,260483061;1,149319966;1;;;;;;;;;;;;;
70;-0,801922174;0,218022572;-0,198077826;1;-0,789577059;0,18274123;-0,122692156;1;-0,306883818;0,292176821;0,534419091;1;;;;;;;;;;;;;
71;-0,893691199;0,215414297;-0,106308801;1;-1,089425808;0,209497111;0,21047312;1;-0,318669658;0,306476668;0,593348289;1;;;;;;;;;;;;;
72;-1,14067792;0,186006763;0,14067792;1;-1,408573665;0,19844718;0,56508185;0;0,160176406;0,254135556;-1,80088203;1;;;;;;;;;;;;;
73;-1,064737677;0,170470966;0,064737677;1;-0,770724305;0,161393891;-0,143639662;1;-0,108498684;0,25194215;-0,457506579;1;;;;;;;;;;;;;
74;-1,194110695;0,173568054;0,194110695;1;-0,898778327;0,170642066;-0,001357414;1;0,140104673;0,237499252;-1,700523366;1;;;;;;;;;;;;;
75;-1,004444358;0,160176037;0,004444358;1;-0,914536364;0,17396812;0,016151516;1;-0,481764453;0,252449956;1,408822265;1;;;;;;;;;;;;;
76;-1,218674923;0,182388931;0,218674923;1;-0,489051465;0,155420751;-0,456609484;0;-0,023836004;0,255218326;-0,88081998;1;;;;;;;;;;;;;
77;-0,870253744;0,183335945;-0,129746256;1;-0,934105074;0,17733336;0,037894526;1;-0,281629102;0,257797257;0,40814551;1;;;;;;;;;;;;;
78;-1,031585784;0,182374002;0,031585784;1;-1,293149877;0,200722281;0,436833196;1;-0,066683634;0,259939973;-0,666581831;1;;;;;;;;;;;;;
79;-1,049458539;0,192458238;0,049458539;1;-0,9909359;0,180771037;0,101039889;1;0,19277323;0,267397347;-1,963866148;1;;;;;;;;;;;;;
80;-1,206599959;0,177947648;0,206599959;1;-0,836501215;0,169634096;-0,070554205;1;-0,087443218;0,255775241;-0,562783911;1;;;;;;;;;;;;;
81;-1,097687472;0,175325187;0,097687472;1;-1,076553785;0,187138295;0,196170872;1;-0,431120548;0,263289247;1,155602738;1;;;;;;;;;;;;;
82;-1,078132513;0,171411725;0,078132513;1;-0,91626273;0,169469985;0,0180697;1;0,011082546;0,237753008;-1,055412732;1;;;;;;;;;;;;;
83;-0,734141174;0,131094165;-0,265858826;0;-1,233005959;0,177017407;0,370006621;1;-0,411267854;0,207847922;1,056339269;1;;;;;;;;;;;;;
84;-1,264791086;0,187982231;0,264791086;1;-0,85104103;0,177009164;-0,054398855;1;0,068138816;0,255985973;-1,340694081;1;;;;;;;;;;;;;
85;-1,311411501;0,191932181;0,311411501;1;-0,962622548;0,178314679;0,069580609;1;0,135506172;0,275398548;-1,677530859;1;;;;;;;;;;;;;
86;-1,33687828;0,203973743;0,33687828;1;-0,708870022;0,188188484;-0,212366643;1;-0,268664484;0,29467838;0,343322418;1;;;;;;;;;;;;;
87;-1,08254439;0,204575463;0,08254439;1;-0,871925279;0,178568436;-0,031194134;1;-0,037974636;0,276140827;-0,810126821;1;;;;;;;;;;;;;
88;-1,437866829;0,2048853;0,437866829;0;-0,953590135;0,190614558;0,059544595;1;0,183953531;0,278876878;-1,919767656;1;;;;;;;;;;;;;
89;-0,790358968;0,166333635;-0,209641032;1;-0,721455053;0,161190978;-0,198383275;1;-0,434772904;0,246653615;1,173864518;1;;;;;;;;;;;;;
90;-0,610704026;0,231790041;-0,389295974;1;-0,990710964;0,20913673;0,10078996;1;-0,384777436;0,32164307;0,92388718;1;;;;;;;;;;;;;
91;-1,135741541;0,179448074;0,135741541;1;-0,80127494;0,180455711;-0,109694511;1;-0,527734843;0,272486832;1,638674213;1;;;;;;;;;;;;;
92;-0,880090955;0,169592958;-0,119909045;1;-0,893429234;0,160383487;-0,007300852;1;-0,217164462;0,249016542;0,085822309;1;;;;;;;;;;;;;
93;-0,651897665;0,152911811;-0,348102335;0;-1,061616758;0,173578723;0,179574176;1;-0,552856685;0,228034488;1,764283427;1;;;;;;;;;;;;;
94;-0,958466012;0,191830949;-0,041533988;1;-0,982840081;0,185660002;0,092044534;1;-0,019014751;0,265854272;-0,904926244;1;;;;;;;;;;;;;
95;-1,296412278;0,23450906;0,296412278;1;-0,951178817;0,212461957;0,056865352;1;0,11773173;0,309458991;-1,588658648;1;;;;;;;;;;;;;
96;-1,204782086;0,174654787;0,204782086;1;-0,807249098;0,166867295;-0,103056558;1;0,050640994;0,251301778;-1,25320497;1;;;;;;;;;;;;;
97;-1,07828012;0,174181023;0,07828012;1;-0,676198884;0,153100789;-0,248667907;1;-0,213893423;0,248383883;0,069467117;1;;;;;;;;;;;;;
98;-1,276042013;0,202778882;0,276042013;1;-1,180283887;0,200159097;0,311426541;1;0,062916531;0,28180767;-1,314582657;1;;;;;;;;;;;;;
99;-0,891032211;0,193646542;-0,108967789;1;-0,887038382;0,182826806;-0,014401798;1;-0,338704416;0,274888711;0,693522078;1;;;;;;;;;;;;;
100;-1,080579703;0,171511235;0,080579703;1;-0,833696417;0,166763435;-0,073670648;1;0,062170588;0,239229311;-1,310852938;1;;;;;;;;;;;;;
101;-1,133597535;0,171948619;0,133597535;1;-0,96120519;0,17590687;0,068005766;1;-0,034669413;0,237409549;-0,826652934;1;;;;;;;;;;;;;
102;-1,107255442;0,173399151;0,107255442;1;-0,743700629;0,155102529;-0,173665967;1;0,078865951;0,239469713;-1,394329753;1;;;;;;;;;;;;;
103;-1,153316127;0,161698124;0,153316127;1;-0,542867809;0,160080181;-0,396813546;0;-0,474791761;0,263007414;1,373958803;1;;;;;;;;;;;;;
104;-1,256454073;0,180448428;0,256454073;1;-1,127138833;0,193531229;0,252376481;1;-0,065712439;0,261580985;-0,671437805;1;;;;;;;;;;;;;
105;-1,035427386;0,201596065;0,035427386;1;-1,123718976;0,183889494;0,24857664;1;0,286701081;0,252750415;-2,433505407;1;;;;;;;;;;;;;
106;-1,189457139;0,196512093;0,189457139;1;-1,099399244;0,204262125;0,221554715;1;-0,219736878;0,280661039;0,098684389;1;;;;;;;;;;;;;
107;-0,744368721;0,156960728;-0,255631279;1;-0,522550897;0,15301193;-0,419387893;0;-0,694636925;0,243215478;2,473184624;0;;;;;;;;;;;;;
108;-0,965576605;0,175331315;-0,034423395;1;-0,741464271;0,166218122;-0,17615081;1;-0,344750922;0,265165045;0,723754611;1;;;;;;;;;;;;;
109;-0,943360823;0,201752024;-0,056639177;1;-1,14992349;0,198187089;0,277692766;1;-0,042375489;0,266646606;-0,788122555;1;;;;;;;;;;;;;
110;-0,640928296;0,211778396;-0,359071704;1;-0,565048781;0,162980397;-0,372168021;0;-0,18173126;0,292289255;-0,091343699;1;;;;;;;;;;;;;
111;-1,03416609;0,191180273;0,03416609;1;-0,663174011;0,178301236;-0,263139988;1;-0,350404187;0,276205277;0,752020933;1;;;;;;;;;;;;;
112;-0,995647556;0,192161119;-0,004352444;1;-0,900263218;0,171707233;0,000292464;1;-0,035242901;0,277450785;-0,823785494;1;;;;;;;;;;;;;
113;-1,269055215;0,181751002;0,269055215;1;-0,874017292;0,171753491;-0,028869676;1;-0,049927056;0,25892727;-0,750364719;1;;;;;;;;;;;;;
114;-1,152406215;0,163417313;0,152406215;1;-0,864294245;0,169370293;-0,039673061;1;-0,204558937;0,239150603;0,022794686;1;;;;;;;;;;;;;
115;-0,925385649;0,144424775;-0,074614351;1;-0,963987308;0,152506627;0,071097009;1;0,059650057;0,201612708;-1,298250287;1;;;;;;;;;;;;;
116;-0,963709235;0,175734321;-0,036290765;1;-0,83015618;0,176752077;-0,077604245;1;-0,563688388;0,26430788;1,81844194;1;;;;;;;;;;;;;
117;-0,862252121;0,168706949;-0,137747879;1;-0,639097105;0,154648799;-0,289892105;1;-0,239857472;0,247477785;0,199287359;1;;;;;;;;;;;;;
118;-0,934309167;0,14751192;-0,065690833;1;-1,08323938;0,173137543;0,203599311;1;-0,27809624;0,22909579;0,390481198;1;;;;;;;;;;;;;
119;-1,549412369;0,19359729;0,549412369;0;-0,855487859;0,171363397;-0,049457935;1;0,350377947;0,24801165;-2,751889736;0;;;;;;;;;;;;;
120;-1,128579833;0,164073205;0,128579833;1;-0,765842527;0,15502766;-0,149063859;1;-0,135775888;0,230633248;-0,321120562;1;;;;;;;;;;;;;
121;-1,08022055;0,174161506;0,08022055;1;-0,881502522;0,17049118;-0,020552753;1;-0,014631583;0,236025546;-0,926842086;1;;;;;;;;;;;;;
122;-1,093111456;0,188275817;0,093111456;1;-0,978707696;0,176631657;0,087452996;1;0,044849692;0,263305917;-1,224248459;1;;;;;;;;;;;;;
123;-1,084144586;0,184570935;0,084144586;1;-0,760663909;0,178089233;-0,154817879;1;-0,348017181;0,285430075;0,740085905;1;;;;;;;;;;;;;
124;-1,210325498;0,17443847;0,210325498;1;-0,902008999;0,173512763;0,002232221;1;0,057739659;0,234423936;-1,288698295;1;;;;;;;;;;;;;
125;-1,113186043;0,173950496;0,113186043;1;-0,932352146;0,183247816;0,035946829;1;-0,452047269;0,266404825;1,260236347;1;;;;;;;;;;;;;
126;-1,128538136;0,1830741;0,128538136;1;-0,679284678;0,162557776;-0,245239247;1;-0,024844284;0,269510634;-0,875778579;1;;;;;;;;;;;;;
127;-1,129103734;0,170627227;0,129103734;1;-0,985470947;0,178756986;0,094967719;1;-0,003087243;0,253100531;-0,984563783;1;;;;;;;;;;;;;
128;-1,070991784;0,158025533;0,070991784;1;-0,927664335;0,171242101;0,03073815;1;-0,346844053;0,231065359;0,734220267;1;;;;;;;;;;;;;
129;-1,203221093;0,171402943;0,203221093;1;-0,873512594;0,168031902;-0,029430451;1;0,158693045;0,241771225;-1,793465225;1;;;;;;;;;;;;;
130;-0,924307588;0,13973062;-0,075692412;1;-1,024335202;0,15822116;0,138150224;1;-0,082250658;0,211960364;-0,58874671;1;;;;;;;;;;;;;
131;-1,232727888;0,175727446;0,232727888;1;-0,986548434;0,17089757;0,096164927;1;0,320195653;0,25948536;-2,600978266;0;;;;;;;;;;;;;
132;-1,18024713;0,19310525;0,18024713;1;-0,74627288;0,178036039;-0,170807911;1;0,063938208;0,272020942;-1,319691041;1;;;;;;;;;;;;;
133;-0,969157809;0,173669545;-0,030842191;1;-0,917964236;0,181799334;0,019960262;1;-0,329462036;0,263817919;0,647310181;1;;;;;;;;;;;;;
134;-0,964941771;0,165906568;-0,035058229;1;-1,345652268;0,200511711;0,495169187;0;-0,228518862;0,253245536;0,142594308;1;;;;;;;;;;;;;
135;-0,862521209;0,149577047;-0,137478791;1;-0,793614329;0,152949163;-0,118206301;1;-0,439853613;0,229234114;1,199268064;1;;;;;;;;;;;;;
136;-1,044047129;0,171456644;0,044047129;1;-0,665288808;0,161932157;-0,260790214;1;-0,330722036;0,244635873;0,653610181;1;;;;;;;;;;;;;
137;-0,843179662;0,199395038;-0,156820338;1;-0,908329409;0,192677709;0,009254899;1;-0,521481041;0,293495913;1,607405205;1;;;;;;;;;;;;;
138;-1,013486015;0,168352233;0,013486015;1;-1,065028636;0,184924284;0,183365151;1;-0,360916;0,262848528;0,804580002;1;;;;;;;;;;;;;
139;-0,882904758;0,142200021;-0,117095242;1;-0,733584724;0,152110326;-0,184905862;1;-0,503256556;0,217841381;1,516282782;1;;;;;;;;;;;;;
140;-1,008104304;0,222768016;0,008104304;1;-0,508402898;0,181813264;-0,435107891;0;-0,254485865;0,302152397;0,272429324;1;;;;;;;;;;;;;
141;-1,07421716;0,16741284;0,07421716;1;-1,00383229;0,175326136;0,115369211;1;-0,186628105;0,258493116;-0,066859475;1;;;;;;;;;;;;;
142;-0,991285633;0,136837706;-0,008714367;1;-1,043578443;0,164229212;0,159531603;1;-0,128203568;0,206884416;-0,358982159;1;;;;;;;;;;;;;
143;-1,097534588;0,227798492;0,097534588;1;-1,054542026;0,212654259;0,171713362;1;-0,235030125;0,337780894;0,175150624;1;;;;;;;;;;;;;
144;-1,160067583;0,191877721;0,160067583;1;-0,950918944;0,185062883;0,056576604;1;0,057782037;0,272089127;-1,288910187;1;;;;;;;;;;;;;
145;-0,658748799;0,161308442;-0,341251201;0;-0,926101208;0,166869698;0,029001342;1;-0,519647636;0,252479332;1,598238182;1;;;;;;;;;;;;;
146;-0,764275252;0,206989103;-0,235724748;1;-1,014360954;0,180680577;0,127067727;1;-0,038661415;0,268095007;-0,806692926;1;;;;;;;;;;;;;
147;-0,984750235;0,195703342;-0,015249765;1;-1,086068811;0,195735914;0,206743123;1;-0,207303049;0,262491122;0,036515244;1;;;;;;;;;;;;;
148;-0,801599781;0,1709139;-0,198400219;1;-0,853351445;0,165406258;-0,051831728;1;-0,188991927;0,243137166;-0,055040363;1;;;;;;;;;;;;;
149;-1,132569031;0,168859461;0,132569031;1;-0,917831252;0,170827692;0,019812502;1;-0,012023642;0,242033912;-0,939881792;1;;;;;;;;;;;;;
150;-1,046984962;0,169835605;0,046984962;1;-1,183430461;0,199686916;0,314922735;1;-0,367241022;0,258557013;0,836205108;1;;;;;;;;;;;;;
151;-0,575109238;0,19113432;-0,424890762;0;-1,009418071;0,176569256;0,121575635;1;-0,24684313;0,260643003;0,234215651;1;;;;;;;;;;;;;
152;-1,210306688;0,177813988;0,210306688;1;-0,879749709;0,16834278;-0,022500323;1;0,212986449;0,235301705;-2,064932247;1;;;;;;;;;;;;;
153;-1,133561626;0,188565569;0,133561626;1;-0,848836727;0,167632625;-0,056848081;1;0,072234907;0,261514867;-1,361174534;1;;;;;;;;;;;;;
154;-1,144990142;0,188565218;0,144990142;1;-0,983356051;0,176333697;0,092617834;1;0,110435723;0,255076407;-1,552178614;1;;;;;;;;;;;;;
155;-0,914064798;0,17226396;-0,085935202;1;-0,725124453;0,161850928;-0,194306163;1;0,007923032;0,250687975;-1,03961516;1;;;;;;;;;;;;;
156;-1,036981338;0,166103212;0,036981338;1;-1,17471959;0,189324963;0,305243989;1;-0,154427221;0,247003277;-0,227863897;1;;;;;;;;;;;;;
157;-1,311315126;0,187315406;0,311315126;1;-1,049292508;0,181847106;0,165880564;1;0,359461347;0,247389795;-2,797306737;0;;;;;;;;;;;;;
158;-0,908435101;0,156290193;-0,091564899;1;-0,943134217;0,174087742;0,047926908;1;-0,395328993;0,241071639;0,976644965;1;;;;;;;;;;;;;
159;-1,154663053;0,180668479;0,154663053;1;-0,593550766;0,151065203;-0,340499149;0;0,085762602;0,245808824;-1,428813011;1;;;;;;;;;;;;;
160;-1,1249236;0,184509437;0,1249236;1;-1,136124091;0,193860334;0,262360101;1;0,123422428;0,247339343;-1,617112142;1;;;;;;;;;;;;;
161;-0,922683725;0,177120926;-0,077316275;1;-0,916520462;0,172988667;0,018356069;1;-0,258097046;0,261976672;0,290485228;1;;;;;;;;;;;;;
162;-1,414747199;0,197136243;0,414747199;0;-0,86599755;0,171052788;-0,0377805;1;0,286249486;0,263746159;-2,43124743;1;;;;;;;;;;;;;
163;-1,25494219;0,197530214;0,25494219;1;-0,826287922;0,184696441;-0,081902308;1;-0,047400834;0,272377523;-0,762995832;1;;;;;;;;;;;;;
164;-0,963898651;0,169282706;-0,036101349;1;-1,04902776;0,174574409;0,1655864;1;-0,130462459;0,25354704;-0,347687705;1;;;;;;;;;;;;;
165;-1,168298157;0,188983267;0,168298157;1;-0,796612621;0,167824971;-0,114874866;1;0,100020557;0,244067008;-1,500102785;1;;;;;;;;;;;;;
166;-1,18169567;0,178762657;0,18169567;1;-1,152612085;0,202629061;0,280680094;1;-0,522087648;0,280420989;1,610438242;1;;;;;;;;;;;;;
167;-0,954514616;0,144384881;-0,045485384;1;-1,088287928;0,171489134;0,209208809;1;-0,466682369;0,228246378;1,333411845;1;;;;;;;;;;;;;
168;-1,17098416;0,177155416;0,17098416;1;-1,022103743;0,170856328;0,135670826;1;0,247611593;0,239897307;-2,238057966;1;;;;;;;;;;;;;
169;-0,81464806;0,165393361;-0,18535194;1;-1,0923415;0,176725538;0,213712778;1;-0,544499031;0,264101008;1,722495157;1;;;;;;;;;;;;;
170;-1,020868565;0,185486862;0,020868565;1;-0,852028413;0,17732791;-0,053301764;1;-0,076458785;0,277461019;-0,617706074;1;;;;;;;;;;;;;
171;-0,976285956;0,176787258;-0,023714044;1;-0,890692977;0,170140242;-0,010341137;1;-0,084291298;0,262774899;-0,578543508;1;;;;;;;;;;;;;
172;-1,109839926;0,182508297;0,109839926;1;-0,683436115;0,158490148;-0,240626539;1;-0,053287012;0,253598414;-0,73356494;1;;;;;;;;;;;;;
173;-1,275450595;0,2489091;0,275450595;1;-0,902086127;0,203284022;0,002317919;1;0,403956701;0,315148507;-3,019783503;1;;;;;;;;;;;;;
174;-1,506612388;0,210739475;0,506612388;0;-1,035870959;0,209104249;0,150967732;1;0,17511175;0,285945509;-1,875558748;1;;;;;;;;;;;;;
175;-0,789220669;0,165609421;-0,210779331;1;-0,904778222;0,16673743;0,005309136;1;-0,23447448;0,252863161;0,1723724;1;;;;;;;;;;;;;
176;-1,14736636;0,19767825;0,14736636;1;-0,972740549;0,192655864;0,080822832;1;0,116874736;0,264909099;-1,584373678;1;;;;;;;;;;;;;
177;-1,039912096;0,184074815;0,039912096;1;-1,234097483;0,19780358;0,371219426;1;-0,236999063;0,266059837;0,184995314;1;;;;;;;;;;;;;
178;-0,937037823;0,159640182;-0,062962177;1;-0,907129098;0,171559467;0,00792122;1;-0,580648725;0,252884755;1,903243624;1;;;;;;;;;;;;;
179;-1,412592122;0,202368686;0,412592122;0;-0,821939358;0,165547087;-0,086734047;1;0,565117929;0,247607847;-3,825589645;0;;;;;;;;;;;;;
180;-0,766934181;0,172505127;-0,233065819;1;-0,794185141;0,180234268;-0,117572066;1;-0,673751726;0,277583181;2,368758632;1;;;;;;;;;;;;;
181;-1,153140116;0,198500516;0,153140116;1;-0,578645246;0,176187115;-0,357060838;1;-0,059817808;0,284638677;-0,700910959;1;;;;;;;;;;;;;
182;-0,680824124;0,164609628;-0,319175876;1;-1,438685387;0,189747254;0,598539319;0;-0,243051313;0,248006722;0,215256565;1;;;;;;;;;;;;;
183;-0,801248699;0,191908636;-0,198751301;1;-0,727968289;0,177395888;-0,191146346;1;-0,313853844;0,287750268;0,569269218;1;;;;;;;;;;;;;
184;-0,973547152;0,14969075;-0,026452848;1;-1,122992604;0,174724276;0,24776956;1;-0,102157636;0,225086796;-0,489211818;1;;;;;;;;;;;;;
185;-1,01594681;0,151773089;0,01594681;1;-0,715404452;0,154269506;-0,205106165;1;-0,309961572;0,2300374;0,549807862;1;;;;;;;;;;;;;
186;-1,199476476;0,210703818;0,199476476;1;-0,943804978;0,185293828;0,048672198;1;0,086397081;0,286284043;-1,431985404;1;;;;;;;;;;;;;
187;-0,985595746;0,152332081;-0,014404254;1;-1,145834586;0,175894297;0,273149541;1;-0,266120797;0,229022801;0,330603983;1;;;;;;;;;;;;;
188;-0,910394891;0,213151977;-0,089605109;1;-1,25908518;0,206989392;0,398983533;1;-0,12513221;0,278953603;-0,374338949;1;;;;;;;;;;;;;
189;-1,257769478;0,174440925;0,257769478;1;-0,769801101;0,17277816;-0,144665443;1;-0,251501434;0,249457697;0,25750717;1;;;;;;;;;;;;;
190;-0,971164153;0,184655678;-0,028835847;1;-0,52126629;0,167767505;-0,420815233;0;-0,553639809;0,271170147;1,768199043;1;;;;;;;;;;;;;
191;-1,341750548;0,194515638;0,341750548;1;-0,912873519;0,192111021;0,01430391;1;0,064652897;0,269370423;-1,323264484;1;;;;;;;;;;;;;
192;-1,105997031;0,194244156;0,105997031;1;-0,888652432;0,181903917;-0,012608409;1;-0,131820618;0,276402164;-0,340896909;1;;;;;;;;;;;;;
193;-0,930846748;0,177474105;-0,069153252;1;-0,528811249;0,151486686;-0,412431946;0;-0,09075834;0,246169808;-0,546208301;1;;;;;;;;;;;;;
194;-1,2519576;0,184623716;0,2519576;1;-1,316723537;0,199663614;0,463026152;0;0,11593819;0,254458601;-1,579690949;1;;;;;;;;;;;;;
195;-0,967093428;0,180229437;-0,032906572;1;-0,963730382;0,183810099;0,070811535;1;-0,385705107;0,277389364;0,928525533;1;;;;;;;;;;;;;
196;-0,869434051;0,155801536;-0,130565949;1;-0,875147765;0,160894364;-0,027613595;1;-0,2605367;0,222075669;0,3026835;1;;;;;;;;;;;;;
197;-1,087591324;0,158980544;0,087591324;1;-1,001652957;0,176268484;0,11294773;1;-0,277338293;0,230964305;0,386691466;1;;;;;;;;;;;;;
198;-0,828660817;0,180631386;-0,171339183;1;-0,840382428;0,165010087;-0,066241746;1;0,070278717;0,24706755;-1,351393587;1;;;;;;;;;;;;;
199;-0,960543827;0,168033124;-0,039456173;1;-0,710623051;0,159299075;-0,210418832;1;-0,325829493;0,243768518;0,629147466;1;;;;;;;;;;;;;
200;-1,08131456;0,170055131;0,08131456;1;-1,060822033;0,173080785;0,178691148;1;0,200161734;0,23130629;-2,000808672;1;;;;;;;;;;;;;
201;-0,915634658;0,162061266;-0,084365342;1;-0,908407047;0,162416353;0,009341164;1;-0,156116183;0,242228841;-0,219419083;1;;;;;;;;;;;;;
202;-1,094088423;0,15123979;0,094088423;1;-1,113332703;0,182169019;0,237036337;1;-0,19799677;0,235391231;-0,010016152;1;;;;;;;;;;;;;
203;-0,903945617;0,183160744;-0,096054383;1;-1,116237285;0,185981848;0,24026365;1;-0,187832553;0,268728755;-0,060837234;1;;;;;;;;;;;;;
204;-1,116292421;0,171030794;0,116292421;1;-1,395903983;0,192485112;0,551004426;0;0,278672435;0,238493032;-2,393362175;0;;;;;;;;;;;;;
205;-1,047039078;0,178612364;0,047039078;1;-0,918044176;0,176575889;0,020049084;1;0,007291483;0,246056824;-1,036457414;1;;;;;;;;;;;;;
206;-1,05361027;0,224860095;0,05361027;1;-0,569523475;0,179446181;-0,367196139;1;-0,143558604;0,302957499;-0,282206981;1;;;;;;;;;;;;;
207;-1,069774279;0,175073088;0,069774279;1;-0,786220084;0,176265914;-0,126422128;1;-0,419889159;0,268798595;1,099445796;1;;;;;;;;;;;;;
208;-1,070890161;0,170416853;0,070890161;1;-0,707843593;0,16120358;-0,213507119;1;-0,143885479;0,246155038;-0,280572604;1;;;;;;;;;;;;;
209;-0,697349147;0,172380873;-0,302650853;1;-0,924324003;0,175177398;0,02702667;1;-0,635347918;0,259730756;2,176739592;1;;;;;;;;;;;;;
210;-1,06197406;0,164824765;0,06197406;1;-0,618374594;0,16171812;-0,312917118;1;-0,463434718;0,25745196;1,317173589;1;;;;;;;;;;;;;
211;-1,096063815;0,172490466;0,096063815;1;-0,824705122;0,177301676;-0,083660976;1;-0,85658761;0,271748169;3,282938048;0;;;;;;;;;;;;;
212;-0,839031693;0,170830573;-0,160968307;1;-0,770801005;0,167699284;-0,143554439;1;-0,484817118;0,253450022;1,424085592;1;;;;;;;;;;;;;
213;-0,994645517;0,16035024;-0,005354483;1;-0,934041653;0,168406453;0,037824059;1;-0,428178689;0,244215766;1,140893444;1;;;;;;;;;;;;;
214;-0,822148196;0,182311634;-0,177851804;1;-1,259367004;0,198275644;0,399296671;1;-0,18435635;0,265560893;-0,078218249;1;;;;;;;;;;;;;
215;-1,274551596;0,196191261;0,274551596;1;-0,702578096;0,172491798;-0,219357672;1;0,170218033;0,278222941;-1,851090165;1;;;;;;;;;;;;;
216;-1,294447032;0,190849241;0,294447032;1;-0,737054815;0,173545797;-0,181050205;1;0,077074907;0,259560438;-1,385374536;1;;;;;;;;;;;;;
217;-1,301102993;0,171892184;0,301102993;1;-1,024290163;0,188834989;0,138100181;1;-0,467916894;0,273346422;1,339584469;1;;;;;;;;;;;;;
218;-1,025908941;0,209106416;0,025908941;1;-0,655531422;0,184795562;-0,271631753;1;-0,360803617;0,286108355;0,804018083;1;;;;;;;;;;;;;
219;-0,727702072;0,168828099;-0,272297928;1;-0,822424048;0,153667421;-0,086195502;1;-0,210664806;0,241516197;0,053324029;1;;;;;;;;;;;;;
220;-0,902811236;0,196482375;-0,097188764;1;-0,815705727;0,189209269;-0,093660304;1;-0,765482855;0,3078475;2,827414277;1;;;;;;;;;;;;;
221;-1,060280086;0,15701792;0,060280086;1;-1,05495406;0,175843705;0,172171177;1;-0,329916378;0,237874784;0,649581891;1;;;;;;;;;;;;;
222;-1,228537238;0,17917267;0,228537238;1;-0,827996704;0,17167277;-0,080003662;1;-0,136079862;0,25357123;-0,319600688;1;;;;;;;;;;;;;
223;-1,301004619;0,215269982;0,301004619;1;-0,73515395;0,184085578;-0,183162278;1;0,142934773;0,280790734;-1,714673867;1;;;;;;;;;;;;;
224;-1,313392196;0,178209707;0,313392196;1;-0,971176092;0,177829917;0,079084547;1;0,129307178;0,253627282;-1,646535892;1;;;;;;;;;;;;;
225;-1,250406995;0,216247948;0,250406995;1;-1,02556729;0,190234729;0,139519211;1;0,224593628;0,278746472;-2,122968142;1;;;;;;;;;;;;;
226;-1,255983027;0,173198469;0,255983027;1;-0,90229048;0,169427809;0,002544978;1;-0,045594787;0,245175483;-0,772026065;1;;;;;;;;;;;;;
227;-0,946677166;0,178666389;-0,053322834;1;-0,809524347;0,177269791;-0,100528503;1;-0,714427549;0,296903006;2,572137743;1;;;;;;;;;;;;;
228;-0,987484815;0,195679291;-0,012515185;1;-0,878802818;0,191215745;-0,023552425;1;-0,273449714;0,291230475;0,367248572;1;;;;;;;;;;;;;
229;-1,39997525;0,243211278;0,39997525;1;-0,762615216;0,191579863;-0,15264976;1;0,438916883;0,320669752;-3,194584413;0;;;;;;;;;;;;;
230;-1,012620905;0,16643089;0,012620905;1;-0,864410326;0,166678094;-0,039544082;1;-0,262754528;0,245700271;0,31377264;1;;;;;;;;;;;;;
231;-0,921015744;0,159839438;-0,078984256;1;-1,063199191;0,178954499;0,181332435;1;-0,464601395;0,250268331;1,323006975;1;;;;;;;;;;;;;
232;-1,079147371;0,171169054;0,079147371;1;-1,040071325;0,181084415;0,155634805;1;-0,194979577;0,253461318;-0,025102117;1;;;;;;;;;;;;;
233;-1,254802755;0,216206256;0,254802755;1;-0,583921505;0,193841982;-0,351198328;1;-0,16776662;0,295398503;-0,161166899;1;;;;;;;;;;;;;
234;-0,881489558;0,193829193;-0,118510442;1;-0,845645104;0,19479177;-0,060394329;1;-0,550340069;0,291862164;1,751700343;1;;;;;;;;;;;;;
235;-1,047634301;0,155147315;0,047634301;1;-1,033594482;0,184135776;0,148438313;1;-0,213154559;0,238473727;0,065772796;1;;;;;;;;;;;;;
236;-1,240599513;0,157110609;0,240599513;1;-1,113086283;0,184637976;0,236762537;1;-0,333362761;0,246624717;0,666813804;1;;;;;;;;;;;;;
237;-0,85806578;0,150990792;-0,14193422;1;-0,882658987;0,161675885;-0,019267793;1;-0,602822801;0,235963783;2,014114007;1;;;;;;;;;;;;;
238;-1,414921904;0,198955586;0,414921904;0;-0,885609301;0,184503277;-0,015989665;1;0,112684054;0,281703982;-1,563420269;1;;;;;;;;;;;;;
239;-1,038609858;0,183663104;0,038609858;1;-1,159514974;0,186391683;0,288349971;1;-0,033803476;0,245099569;-0,830982618;1;;;;;;;;;;;;;
240;-1,087751674;0,183922014;0,087751674;1;-0,589767743;0,174690422;-0,344702507;1;-0,88912515;0,29116835;3,445625748;0;;;;;;;;;;;;;
241;-1,019851218;0,158924404;0,019851218;1;-1,037379811;0,181675833;0,152644235;1;-0,143864506;0,232546713;-0,28067747;1;;;;;;;;;;;;;
242;-1,077968337;0,197005214;0,077968337;1;-0,855659168;0,184973535;-0,049267591;1;-0,186704721;0,297738082;-0,066476396;1;;;;;;;;;;;;;
243;-0,796337753;0,194029924;-0,203662247;1;-1,015631279;0,181965113;0,128479199;1;-0,248061211;0,277845648;0,240306054;1;;;;;;;;;;;;;
244;-0,824754863;0,167726959;-0,175245137;1;-0,977490304;0,188439995;0,086100338;1;-0,650190465;0,265714502;2,250952324;1;;;;;;;;;;;;;
245;-1,175449789;0,197448794;0,175449789;1;-1,187185411;0,205107455;0,319094901;1;0,039186679;0,265997351;-1,195933397;1;;;;;;;;;;;;;
246;-0,963597152;0,17209452;-0,036402848;1;-0,881052933;0,168392516;-0,021052297;1;-0,127149335;0,245067534;-0,364253325;1;;;;;;;;;;;;;
247;-1,325394797;0,202459835;0,325394797;1;-1,348264242;0,209791063;0,49807138;0;0,231411025;0,286205496;-2,157055127;1;;;;;;;;;;;;;
248;-1,090959009;0,191160367;0,090959009;1;-0,718399066;0,179340984;-0,201778816;1;-0,295500587;0,277136026;0,477502937;1;;;;;;;;;;;;;
249;-1,059349234;0,160555107;0,059349234;1;-0,943664198;0,162497935;0,048515776;1;0,052876065;0,228387752;-1,264380323;1;;;;;;;;;;;;;
250;-0,957537706;0,168834389;-0,042462294;1;-1,139080755;0,185961407;0,265645283;1;-0,254476193;0,253820183;0,272380966;1;;;;;;;;;;;;;
251;-0,696270775;0,180010816;-0,303729225;1;-0,682797045;0,165410857;-0,241336617;1;-0,606857224;0,264424667;2,03428612;1;;;;;;;;;;;;;
252;-0,893396885;0,176683233;-0,106603115;1;-0,84399299;0,182513384;-0,062230011;1;-0,524336043;0,273984786;1,621680214;1;;;;;;;;;;;;;
253;-1,042448262;0,164570849;0,042448262;1;-0,527193587;0,163112474;-0,414229348;0;-0,591780573;0,264551414;1,958902867;1;;;;;;;;;;;;;
254;-1,188527058;0,180053507;0,188527058;1;-0,761593893;0,16328788;-0,153784564;1;0,05216328;0,252071027;-1,260816399;1;;;;;;;;;;;;;
255;-0,965091819;0,186809703;-0,034908181;1;-0,882235585;0,166741058;-0,019738239;1;0,057488765;0,242726401;-1,287443824;1;;;;;;;;;;;;;
256;-1,026790689;0,170049278;0,026790689;1;-0,800664202;0,170964773;-0,110373108;1;-0,31079586;0,253882991;0,553979302;1;;;;;;;;;;;;;
257;-1,015108865;0,161840191;0,015108865;1;-1,160152033;0,176182135;0,289057815;1;-0,032666348;0,226665496;-0,836668259;1;;;;;;;;;;;;;
258;-1,234964343;0,197773203;0,234964343;1;-0,972418182;0,19394075;0,080464647;1;-0,070648475;0,276613646;-0,646757627;1;;;;;;;;;;;;;
259;-1,000085056;0,17530306;8,51E-05;1;-0,712800333;0,166481997;-0,207999629;1;-0,586134102;0,270271009;1,930670511;1;;;;;;;;;;;;;
260;-1,24004058;0,185322016;0,24004058;1;-0,980795622;0,18190307;0,089772914;1;-0,029295172;0,254322139;-0,853524138;1;;;;;;;;;;;;;
261;-1,096001324;0,195674912;0,096001324;1;-0,847897451;0,182636115;-0,057891722;1;-0,177588246;0,265178131;-0,112058772;1;;;;;;;;;;;;;
262;-0,958368183;0,173130332;-0,041631817;1;-0,603781365;0,159601098;-0,329131817;1;-0,29622835;0,26971991;0,481141752;1;;;;;;;;;;;;;
263;-0,859488795;0,156149819;-0,140511205;1;-1,019300355;0,177823917;0,13255595;1;-0,510076764;0,249698368;1,550383819;1;;;;;;;;;;;;;
264;-1,277179676;0,196806346;0,277179676;1;-1,015812699;0,199466297;0,128680777;1;-0,014089837;0,292752241;-0,929550814;1;;;;;;;;;;;;;
265;-1,133694658;0,176203234;0,133694658;1;-1,087061082;0,171375794;0,207845646;1;0,286656374;0,222329198;-2,433281872;0;;;;;;;;;;;;;
266;-1,015589048;0,185767698;0,015589048;1;-1,036311146;0,19096402;0,151456828;1;-0,197691649;0,267501727;-0,011541755;1;;;;;;;;;;;;;
267;-1,188978294;0,17232726;0,188978294;1;-0,723668143;0,15471101;-0,195924285;1;0,139096376;0,234742773;-1,69548188;1;;;;;;;;;;;;;
268;-1,146734215;0,228005967;0,146734215;1;-0,779961641;0,192420297;-0,133375955;1;-0,059431011;0,292876544;-0,702844946;1;;;;;;;;;;;;;
269;-0,79209132;0,170083419;-0,20790868;1;-0,940299229;0,171578873;0,044776921;1;-0,5516943;0,249846926;1,7584715;1;;;;;;;;;;;;;
270;-0,843089742;0,175865598;-0,156910258;1;-1,029544317;0,183859951;0,14393813;1;-0,497907637;0,270318092;1,489538183;1;;;;;;;;;;;;;
271;-1,194593063;0,198626642;0,194593063;1;-1,105209057;0,188359291;0,228010063;1;-0,103056239;0,275615459;-0,484718806;1;;;;;;;;;;;;;
272;-0,954073691;0,152237452;-0,045926309;1;-0,659183725;0,154402601;-0,267573639;1;-0,386418494;0,228879035;0,93209247;1;;;;;;;;;;;;;
273;-1,323034122;0,199414555;0,323034122;1;-1,208290233;0,194176737;0,342544703;1;0,228506313;0,284545466;-2,142531566;1;;;;;;;;;;;;;
274;-0,832714515;0,163825166;-0,167285485;1;-1,007075022;0,170924341;0,118972247;1;-0,266750204;0,238261516;0,333751018;1;;;;;;;;;;;;;
275;-0,867246313;0,156618369;-0,132753687;1;-1,221268582;0,180106328;0,356965091;1;-0,204299585;0,223604796;0,021497926;1;;;;;;;;;;;;;
276;-1,043562341;0,189735752;0,043562341;1;-1,025904076;0,202149623;0,139893418;1;-0,225804437;0,277488472;0,129022187;1;;;;;;;;;;;;;
277;-0,932177975;0,172150103;-0,067822025;1;-0,954611557;0,186517733;0,060679508;1;-0,699124619;0,268089535;2,495623094;1;;;;;;;;;;;;;
278;-0,96415553;0,183843762;-0,03584447;1;-1,033629365;0,194870363;0,148477072;1;-0,233092974;0,285417737;0,165464871;1;;;;;;;;;;;;;
279;-1,180978737;0,189849363;0,180978737;1;-0,74905736;0,17423704;-0,167714044;1;-0,146247052;0,26759275;-0,268764742;1;;;;;;;;;;;;;
280;-1,189861453;0,196155093;0,189861453;1;-0,861863187;0,180187567;-0,042374237;1;-0,387320484;0,285608993;0,936602419;1;;;;;;;;;;;;;
281;-1,100386699;0,189059799;0,100386699;1;-1,018998786;0,174074316;0,132220874;1;0,210711811;0,257818668;-2,053559056;1;;;;;;;;;;;;;
282;-1,103310473;0,159722116;0,103310473;1;-0,975301386;0,1778202;0,083668206;1;-0,635366569;0,259886793;2,176832843;1;;;;;;;;;;;;;
283;-1,420137644;0,230627476;0,420137644;1;-1,044350384;0,202331653;0,160389315;1;0,3429623;0,309134322;-2,714811501;1;;;;;;;;;;;;;
284;-0,77037299;0,152035519;-0,22962701;1;-1,028395822;0,175616512;0,142662025;1;-0,37137992;0,233148611;0,8568996;1;;;;;;;;;;;;;
285;-1,145139776;0,178575451;0,145139776;1;-1,011587474;0,170900386;0,123986082;1;0,120760574;0,238059136;-1,603802869;1;;;;;;;;;;;;;
286;-1,030797955;0,180406115;0,030797955;1;-0,870391538;0,178799317;-0,032898291;1;-0,278907619;0,268585814;0,394538094;1;;;;;;;;;;;;;
287;-0,639546777;0,145465191;-0,360453223;0;-1,035524847;0,160785246;0,150583164;1;-0,50769818;0,212312094;1,538490901;1;;;;;;;;;;;;;
288;-0,828748895;0,131029186;-0,171251105;1;-1,2265177;0,169514282;0,362797445;1;-0,428549;0,203006665;1,142745001;1;;;;;;;;;;;;;
289;-0,884326478;0,188352572;-0,115673522;1;-1,038630806;0,188589662;0,154034229;1;-0,397846877;0,281678523;0,989234384;1;;;;;;;;;;;;;
290;-0,940678183;0,158036573;-0,059321817;1;-0,877706741;0,155266992;-0,024770288;1;-0,026043646;0,218012301;-0,869781768;1;;;;;;;;;;;;;
291;-1,171921723;0,190999045;0,171921723;1;-0,813998535;0,180989306;-0,095557183;1;-0,158099206;0,269165069;-0,209503969;1;;;;;;;;;;;;;
292;-0,833767864;0,163299376;-0,166232136;1;-0,828638628;0,168987089;-0,079290414;1;-0,427927085;0,250832371;1,139635424;1;;;;;;;;;;;;;
293;-1,063170005;0,203892579;0,063170005;1;-0,890680496;0,182629863;-0,010355005;1;-0,061313436;0,273495493;-0,693432819;1;;;;;;;;;;;;;
294;-1,207024651;0,188128222;0,207024651;1;-0,989467881;0,184534274;0,099408756;1;0,116953353;0,277604809;-1,584766765;1;;;;;;;;;;;;;
295;-0,973927977;0,186131901;-0,026072023;1;-0,624380513;0,170934861;-0,306243874;1;-0,476000398;0,288485351;1,380001992;1;;;;;;;;;;;;;
296;-0,713480128;0,171699808;-0,286519872;1;-1,054150213;0,179297731;0,171278015;1;-0,585875676;0,25320871;1,929378381;1;;;;;;;;;;;;;
297;-0,992527365;0,153751971;-0,007472635;1;-1,029125081;0,166064358;0,143472312;1;0,029272489;0,226816402;-1,146362445;1;;;;;;;;;;;;;
298;-0,872468535;0,157679875;-0,127531465;1;-1,048772137;0,172248632;0,165302374;1;-0,445054559;0,246233453;1,225272794;1;;;;;;;;;;;;;
299;-1,041717751;0,187746603;0,041717751;1;-0,858569526;0,183015367;-0,04603386;1;-0,39170737;0,280606398;0,958536848;1;;;;;;;;;;;;;
300;-0,91147971;0,170454219;-0,08852029;1;-0,873177275;0,172593067;-0,029803028;1;-0,606011319;0,256167088;2,030056593;1;;;;;;;;;;;;;
301;-1,136834686;0,196080738;0,136834686;1;-0,4820714;0,164564157;-0,464365111;0;-0,253480316;0,271888605;0,267401578;1;;;;;;;;;;;;;
302;-1,016366928;0,211747372;0,016366928;1;-0,783464138;0,185859185;-0,129484291;1;-0,427442692;0,2908157;1,13721346;1;;;;;;;;;;;;;
303;-0,691175285;0,179966807;-0,308824715;1;-0,802751632;0,174946325;-0,108053742;1;-0,638773703;0,274531732;2,193868516;1;;;;;;;;;;;;;
304;-1,091797865;0,16651974;0,091797865;1;-0,998070821;0,173809486;0,108967579;1;-0,095685767;0,244630069;-0,521571164;1;;;;;;;;;;;;;
305;-1,046883637;0,174636479;0,046883637;1;-0,697710486;0,166449528;-0,224766127;1;-0,199596584;0,261079176;-0,002017078;1;;;;;;;;;;;;;
306;-0,851849385;0,152659316;-0,148150615;1;-0,791024644;0,1653948;-0,121083728;1;-0,62970631;0,240011884;2,148531548;1;;;;;;;;;;;;;
307;-1,042221235;0,166121283;0,042221235;1;-0,671805625;0,160709492;-0,253549306;1;-0,173306261;0,257573711;-0,133468697;1;;;;;;;;;;;;;
308;-1,190893923;0,169730008;0,190893923;1;-1,049425307;0,179699255;0,166028118;1;0,010402668;0,256801974;-1,052013342;1;;;;;;;;;;;;;
309;-1,032370326;0,166179433;0,032370326;1;-0,721715642;0,157945207;-0,198093731;1;-0,00665683;0,233968407;-0,966715848;1;;;;;;;;;;;;;
310;-0,977275223;0,186977958;-0,022724777;1;-0,846095532;0,17030854;-0,059893854;1;-0,022130473;0,275401065;-0,889347636;1;;;;;;;;;;;;;
311;-0,94054648;0,198262007;-0,05945352;1;-0,77574357;0,160058814;-0,1380627;1;0,091795364;0,258754771;-1,458976821;1;;;;;;;;;;;;;
312;-0,978110643;0,17441099;-0,021889357;1;-1,060877098;0,18272562;0,178752331;1;-0,218815734;0,255910063;0,094078671;1;;;;;;;;;;;;;
313;-1,100232741;0,19942884;0,100232741;1;-0,908245117;0,189230224;0,009161241;1;-0,356440885;0,292180601;0,782204424;1;;;;;;;;;;;;;
314;-0,915515316;0,158397161;-0,084484684;1;-0,869667855;0,156008753;-0,033702384;1;-0,116654935;0,225764792;-0,416725325;1;;;;;;;;;;;;;
315;-0,712039847;0,159146709;-0,287960153;1;-0,851277162;0,168560753;-0,054136487;1;-0,890756336;0,256563478;3,453781679;0;;;;;;;;;;;;;
316;-0,776662482;0,17289621;-0,223337518;1;-1,069959571;0,181261014;0,188843968;1;-0,21027497;0,249212968;0,051374852;1;;;;;;;;;;;;;
317;-1,006288234;0,189614534;0,006288234;1;-0,85788646;0,168547459;-0,046792823;1;0,117943701;0,254037586;-1,589718505;1;;;;;;;;;;;;;
318;-1,020890668;0,171761846;0,020890668;1;-0,922197771;0,171744485;0,024664191;1;-0,052740299;0,242787475;-0,736298506;1;;;;;;;;;;;;;
319;-1,032187011;0,18270761;0,032187011;1;-1,003698566;0,172805747;0,115220629;1;-0,020568405;0,250129392;-0,897157975;1;;;;;;;;;;;;;
320;-1,348997099;0,242484056;0,348997099;1;-0,790151456;0,207313353;-0,122053938;1;0,245086828;0,336652649;-2,225434138;1;;;;;;;;;;;;;
321;-1,247674944;0,180562347;0,247674944;1;-0,821236355;0,186803245;-0,087515161;1;-0,543039781;0,29138527;1,715198905;1;;;;;;;;;;;;;
322;-1,05101761;0,166089268;0,05101761;1;-1,070811493;0,172114191;0,189790548;1;0,055128405;0,231767948;-1,275642027;1;;;;;;;;;;;;;
323;-0,762017604;0,194562084;-0,237982396;1;-0,802282339;0,166413838;-0,108575178;1;-0,451959475;0,274950432;1,259797374;1;;;;;;;;;;;;;
324;-1,12002351;0,148946258;0,12002351;1;-1,014269662;0,169023826;0,126966291;1;-0,087450899;0,226271103;-0,562745503;1;;;;;;;;;;;;;
325;-0,962484587;0,239866479;-0,037515413;1;-0,843128002;0,188357665;-0,063191109;1;-0,087809034;0,307352622;-0,560954828;1;;;;;;;;;;;;;
326;-1,234969423;0,18573914;0,234969423;1;-1,084922627;0,191632196;0,205469586;1;-0,029725046;0,265876136;-0,851374769;1;;;;;;;;;;;;;
327;-1,038374854;0,208246963;0,038374854;1;-0,900113771;0,185776514;0,000126412;1;-0,080608589;0,28272885;-0,596957057;1;;;;;;;;;;;;;
328;-1,056025727;0,184237523;0,056025727;1;-0,968748706;0,176154513;0,076387451;1;0,027175756;0,249979186;-1,13587878;1;;;;;;;;;;;;;
329;-0,942732997;0,185556144;-0,057267003;1;-0,76596685;0,172621905;-0,148925722;1;-0,264919337;0,266580426;0,324596683;1;;;;;;;;;;;;;
330;-1,264574995;0,198060793;0,264574995;1;-0,927597713;0,178188386;0,030664126;1;0,36487353;0,265636565;-2,824367652;0;;;;;;;;;;;;;
331;-1,043653267;0,216495509;0,043653267;1;-0,884961359;0,186605993;-0,016709601;1;-0,178479975;0,283785763;-0,107600124;1;;;;;;;;;;;;;
332;-1,20614118;0,196847957;0,20614118;1;-1,073663384;0,198412622;0,192959315;1;0,09329053;0,278128093;-1,466452652;1;;;;;;;;;;;;;
333;-1,468827449;0,189676979;0,468827449;0;-1,307209809;0,207296665;0,452455343;0;0,321479488;0,255467108;-2,607397438;0;;;;;;;;;;;;;
334;-0,899469786;0,154508624;-0,100530214;1;-0,918167403;0,158975576;0,020186003;1;-0,285551245;0,230418248;0,427756227;1;;;;;;;;;;;;;
335;-0,938655673;0,138881761;-0,061344327;1;-1,039180671;0,157449467;0,154645191;1;-0,30032377;0,215881482;0,501618851;1;;;;;;;;;;;;;
336;-1,04439046;0,169400287;0,04439046;1;-1,021636421;0,187838222;0,135151578;1;-0,53487437;0,257313448;1,67437185;1;;;;;;;;;;;;;
337;-0,998380849;0,163705862;-0,001619151;1;-0,996898082;0,174596566;0,107664536;1;-0,207335482;0,240864166;0,036677408;1;;;;;;;;;;;;;
338;-1,010763956;0,199503052;0,010763956;1;-0,836000405;0,182535848;-0,071110661;1;-0,412866279;0,281066021;1,064331397;1;;;;;;;;;;;;;
339;-0,856779938;0,195268547;-0,143220062;1;-1,063740436;0,189967707;0,181933818;1;-0,342341105;0,288012024;0,711705526;1;;;;;;;;;;;;;
340;-1,237310455;0,180938366;0,237310455;1;-0,876978741;0,172232792;-0,025579177;1;0,028835897;0,24840697;-1,144179483;1;;;;;;;;;;;;;
341;-1,316351709;0,190671017;0,316351709;1;-0,70180334;0,163766978;-0,220218511;1;0,206952253;0,253853887;-2,034761263;1;;;;;;;;;;;;;
342;-1,153766326;0,165396142;0,153766326;1;-1,262944198;0,19876623;0,403271331;1;-0,288422;0,257640673;0,442110002;1;;;;;;;;;;;;;
343;-1,028672883;0,171160473;0,028672883;1;-1,307006784;0,197969369;0,45222976;0;-0,032365223;0,231708287;-0,838173887;1;;;;;;;;;;;;;
344;-0,987025168;0,234383591;-0,012974832;1;-0,76733972;0,18163745;-0,147400311;1;0,203269406;0,301001446;-2,01634703;1;;;;;;;;;;;;;
345;-0,92531563;0,179402547;-0,07468437;1;-1,277345669;0,183914532;0,419272966;0;-0,010800632;0,237618247;-0,945996838;1;;;;;;;;;;;;;
346;-1,561863877;0,222097873;0,561863877;0;-0,606272201;0,180932239;-0,326364221;1;0,161511043;0,293248513;-1,807555215;1;;;;;;;;;;;;;
347;-1,034098897;0,18514017;0,034098897;1;-0,771511942;0,17124443;-0,142764509;1;-0,209187433;0,268140138;0,045937163;1;;;;;;;;;;;;;
348;-1,273689589;0,184193649;0,273689589;1;-1,118880013;0,190224373;0,243200015;1;0,032399272;0,263156308;-1,161996358;1;;;;;;;;;;;;;
349;-0,767472638;0,143457984;-0,232527362;1;-1,075642377;0,174601532;0,195158196;1;-0,462988514;0,223403159;1,314942572;1;;;;;;;;;;;;;
350;-1,096034469;0,21106197;0,096034469;1;-0,84270089;0,182887815;-0,063665677;1;-0,033266561;0,284919008;-0,833667195;1;;;;;;;;;;;;;
351;-0,891241078;0,154024592;-0,108758922;1;-1,09469299;0,176098435;0,216325545;1;-0,237426983;0,237506567;0,187134913;1;;;;;;;;;;;;;
352;-0,968824178;0,159799665;-0,031175822;1;-0,761880053;0,161456806;-0,153466608;1;-0,129076709;0,242557597;-0,354616455;1;;;;;;;;;;;;;
353;-0,701928657;0,154386486;-0,298071343;1;-0,84695149;0,157837355;-0,058942788;1;-0,512351383;0,241648681;1,561756913;1;;;;;;;;;;;;;
354;-1,23333981;0,218410841;0,23333981;1;-0,754799212;0,183860295;-0,161334209;1;-0,002210289;0,286483892;-0,988948553;1;;;;;;;;;;;;;
355;-0,971349015;0,17943651;-0,028650985;1;-0,708182257;0,16057018;-0,213130825;1;-0,209716674;0,251472243;0,048583368;1;;;;;;;;;;;;;
356;-1,15391478;0,195356562;0,15391478;1;-0,993938856;0,187029511;0,104376507;1;0,088708886;0,265335326;-1,443544432;1;;;;;;;;;;;;;
357;-0,821608363;0,14837135;-0,178391637;1;-1,126864836;0,17352662;0,25207204;1;-0,377278658;0,23237699;0,886393292;1;;;;;;;;;;;;;
358;-1,051887821;0,198200712;0,051887821;1;-0,822639412;0,173439364;-0,085956209;1;0,081593496;0,274631893;-1,407967479;1;;;;;;;;;;;;;
359;-0,770724136;0,178934908;-0,229275864;1;-1,147698177;0,180322105;0,275220197;1;-0,532754366;0,281936801;1,663771828;1;;;;;;;;;;;;;
360;-0,768137249;0,191953638;-0,231862751;1;-1,072490732;0,190823777;0,191656369;1;-0,39638757;0,263338174;0,981937849;1;;;;;;;;;;;;;
361;-0,993418525;0,178866485;-0,006581475;1;-0,915748587;0,17405332;0,01749843;1;-0,156623213;0,256613279;-0,216883936;1;;;;;;;;;;;;;
362;-1,092950418;0,201734967;0,092950418;1;-0,945361481;0,18398087;0,050401645;1;0,232119235;0,269258045;-2,160596175;1;;;;;;;;;;;;;
363;-0,871329398;0,178076944;-0,128670602;1;-0,797286688;0,15903795;-0,114125903;1;-0,067143302;0,235086929;-0,664283488;1;;;;;;;;;;;;;
364;-0,917605657;0,181987255;-0,082394343;1;-0,718983149;0,172904409;-0,201129834;1;-0,368517531;0,282760679;0,842587656;1;;;;;;;;;;;;;
365;-1,023807724;0,146447948;0,023807724;1;-1,020859344;0,17186422;0,13428816;1;-0,314060895;0,225980276;0,570304476;1;;;;;;;;;;;;;
366;-0,903783068;0,156736521;-0,096216932;1;-0,920707997;0,164298716;0,023008886;1;-0,084776667;0,223376416;-0,576116665;1;;;;;;;;;;;;;
367;-0,784846315;0,158029577;-0,215153685;1;-0,834388283;0,156818716;-0,072901907;1;-0,131472511;0,241001781;-0,342637447;1;;;;;;;;;;;;;
368;-1,317634837;0,223194551;0,317634837;1;-0,662411199;0,175021494;-0,263987557;1;0,252653647;0,284154142;-2,263268236;1;;;;;;;;;;;;;
369;-1,21112972;0,207760543;0,21112972;1;-0,784725458;0,182928668;-0,128082825;1;0,070531467;0,297725196;-1,352657337;1;;;;;;;;;;;;;
370;-1,182049781;0,169529891;0,182049781;1;-0,651673661;0,156389815;-0,275918154;1;-0,253554736;0,24761772;0,26777368;1;;;;;;;;;;;;;
371;-1,407992155;0,199234058;0,407992155;0;-0,522561975;0,161158491;-0,419375584;0;0,298429995;0,258317695;-2,492149973;1;;;;;;;;;;;;;
372;-0,858808915;0,166164903;-0,141191085;1;-1,315503868;0,187075637;0,461670964;0;-0,172351224;0,238360154;-0,13824388;1;;;;;;;;;;;;;
373;-1,01405046;0,177183856;0,01405046;1;-0,734108473;0,172513973;-0,184323919;1;-0,275598935;0,274454197;0,377994675;1;;;;;;;;;;;;;
374;-1,054020854;0,204076293;0,054020854;1;-0,788400665;0,188064977;-0,123999261;1;-0,274721771;0,287874055;0,373608853;1;;;;;;;;;;;;;
375;-1,197271516;0,190521274;0,197271516;1;-0,993702532;0,202853203;0,104113924;1;-0,319543456;0,302661599;0,597717281;1;;;;;;;;;;;;;
376;-0,941177153;0,205687962;-0,058822847;1;-0,920936445;0,183625794;0,023262716;1;0,019594476;0,285569256;-1,09797238;1;;;;;;;;;;;;;
377;-0,979002746;0,15611842;-0,020997254;1;-0,972645857;0,160545094;0,080717619;1;-0,075805797;0,229626093;-0,620971016;1;;;;;;;;;;;;;
378;-1,311920678;0,228694046;0,311920678;1;-0,837197414;0,197745136;-0,069780651;1;-0,075953117;0,307913387;-0,620234414;1;;;;;;;;;;;;;
379;-0,964405225;0,175604526;-0,035594775;1;-1,351646163;0,195629149;0,50182907;0;-0,166815584;0,254165626;-0,16592208;1;;;;;;;;;;;;;
380;-0,728402972;0,163603628;-0,271597028;1;-0,959308554;0,175855677;0,065898394;1;-0,374284054;0,249905917;0,87142027;1;;;;;;;;;;;;;
381;-1,192379091;0,18373015;0,192379091;1;-0,934110583;0,181745645;0,037900648;1;-0,053480744;0,252231864;-0,732596282;1;;;;;;;;;;;;;
382;-1,108126115;0,169708076;0,108126115;1;-1,013635281;0,16909172;0,126261423;1;0,028104585;0,239677862;-1,140522925;1;;;;;;;;;;;;;
383;-1,098663598;0,168301601;0,098663598;1;-0,839540243;0,165405675;-0,067177508;1;0,030539365;0,247378687;-1,152696827;1;;;;;;;;;;;;;
384;-0,976748167;0,196109472;-0,023251833;1;-0,656212308;0,173754631;-0,270875213;1;-0,010451988;0,271445141;-0,94774006;1;;;;;;;;;;;;;
385;-1,015803934;0,19699693;0,015803934;1;-0,799133523;0,179496052;-0,112073863;1;-0,100946496;0,2694145;-0,495267522;1;;;;;;;;;;;;;
386;-1,157658664;0,194973778;0,157658664;1;-1,018198194;0,185217828;0,131331327;1;0,257890462;0,274867402;-2,289452309;1;;;;;;;;;;;;;
387;-0,953576673;0,173662729;-0,046423327;1;-0,822887076;0,167608071;-0,085681027;1;-0,11888904;0,248461534;-0,4055548;1;;;;;;;;;;;;;
388;-1,209925853;0,163560849;0,209925853;1;-1,046870032;0,175600922;0,163188925;1;-0,138902362;0,239169108;-0,30548819;1;;;;;;;;;;;;;
389;-0,938836379;0,172615932;-0,061163621;1;-0,783888029;0,168818465;-0,129013301;1;-0,406831357;0,254238227;1,034156787;1;;;;;;;;;;;;;
390;-0,799458031;0,148983568;-0,200541969;1;-1,052263546;0,171413956;0,169181717;1;-0,297023396;0,212653163;0,48511698;1;;;;;;;;;;;;;
391;-1,171548301;0,16534456;0,171548301;1;-1,053084609;0,170514432;0,17009401;1;0,38397127;0,225256177;-2,919856351;0;;;;;;;;;;;;;
392;-0,850121813;0,159708079;-0,149878187;1;-0,772069045;0,171106008;-0,142145506;1;-0,535300544;0,247689416;1,676502719;1;;;;;;;;;;;;;
393;-1,203151604;0,171397941;0,203151604;1;-1,019006903;0,183351055;0,132229892;1;0,005906782;0,236041314;-1,02953391;1;;;;;;;;;;;;;
394;-1,399916458;0,220717298;0,399916458;1;-0,872518563;0,189053947;-0,03053493;1;0,118398624;0,300019448;-1,591993121;1;;;;;;;;;;;;;
395;-0,839647441;0,184017989;-0,160352559;1;-1,021042474;0,183414155;0,134491638;1;-0,134177005;0,262145797;-0,329114976;1;;;;;;;;;;;;;
396;-1,140093266;0,253424044;0,140093266;1;-0,762834807;0,19369695;-0,152405769;1;0,075489535;0,307748902;-1,377447673;1;;;;;;;;;;;;;
397;-0,922601691;0,17147161;-0,077398309;1;-0,915190563;0,173094328;0,016878404;1;-0,345985062;0,255230676;0,729925308;1;;;;;;;;;;;;;
398;-0,949624633;0,186941948;-0,050375367;1;-0,862765399;0,172074018;-0,041371779;1;0,009129562;0,269140012;-1,045647812;1;;;;;;;;;;;;;
399;-1,171952799;0,223407948;0,171952799;1;-0,807552228;0,192926977;-0,102719747;1;-0,043814071;0,309014505;-0,780929643;1;;;;;;;;;;;;;
400;-0,956184453;0,148438392;-0,043815547;1;-1,04172441;0,176185911;0,157471567;1;-0,439646651;0,244670083;1,198233257;1;;;;;;;;;;;;;
401;-1,334358281;0,199275562;0,334358281;1;-0,940959508;0,180828055;0,045510564;1;0,077912476;0,280774985;-1,389562379;1;;;;;;;;;;;;;
402;-0,942768627;0,180237102;-0,057231373;1;-0,626615096;0,16736734;-0,303761004;1;-0,405567782;0,258517197;1,027838912;1;;;;;;;;;;;;;
403;-0,850192288;0,175230655;-0,149807712;1;-0,738880524;0,168092325;-0,179021641;1;-0,303965447;0,264159489;0,519827236;1;;;;;;;;;;;;;
404;-0,978606889;0,148334435;-0,021393111;1;-0,91478172;0,169043762;0,016424133;1;-0,571550627;0,241966251;1,857753136;1;;;;;;;;;;;;;
405;-0,942110355;0,16504714;-0,057889645;1;-1,09103794;0,181760172;0,212264378;1;-0,164094313;0,239404423;-0,179528433;1;;;;;;;;;;;;;
406;-0,845836643;0,181404419;-0,154163357;1;-0,642567929;0,167640331;-0,286035634;1;-0,393429169;0,264940883;0,967145846;1;;;;;;;;;;;;;
407;-0,616036865;0,182058247;-0,383963135;0;-0,961426921;0,175849567;0,068252135;1;-0,665878039;0,270860921;2,329390197;1;;;;;;;;;;;;;
408;-1,325625754;0,199477502;0,325625754;1;-0,886217065;0,178710179;-0,015314372;1;-0,145404182;0,281697488;-0,272979088;1;;;;;;;;;;;;;
409;-0,664962419;0,180911844;-0,335037581;1;-0,810095965;0,171933342;-0,099893372;1;-0,600353273;0,268076274;2,001766364;1;;;;;;;;;;;;;
410;-0,848446102;0,143764854;-0,151553898;1;-0,920677196;0,166010976;0,022974662;1;-0,533017908;0,236305137;1,66508954;1;;;;;;;;;;;;;
411;-1,138149376;0,18138488;0,138149376;1;-0,733155807;0,170492201;-0,185382437;1;0,101144523;0,257683659;-1,505722614;1;;;;;;;;;;;;;
412;-1,0139521;0,188828662;0,0139521;1;-0,749650549;0,160544314;-0,167054946;1;0,155966956;0,248279675;-1,77983478;1;;;;;;;;;;;;;
413;-0,951659397;0,165876661;-0,048340603;1;-0,827466626;0,181142147;-0,080592638;1;-0,594348932;0,265948254;1,97174466;1;;;;;;;;;;;;;
414;-1,138312316;0,170193863;0,138312316;1;-1,026470569;0,177872575;0,140522854;1;-0,24991083;0,247985687;0,24955415;1;;;;;;;;;;;;;
415;-1,023503099;0,167326424;0,023503099;1;-0,884980433;0,180141262;-0,016688408;1;-0,272505286;0,253585231;0,362526431;1;;;;;;;;;;;;;
416;-0,798574546;0,182676323;-0,201425454;1;-0,733569588;0,159223473;-0,18492268;1;-0,309361157;0,241158312;0,546805787;1;;;;;;;;;;;;;
417;-0,996863761;0,174817339;-0,003136239;1;-0,948999263;0,174669442;0,054443625;1;-0,204657191;0,268441805;0,023285956;1;;;;;;;;;;;;;
418;-0,938966516;0,160574873;-0,061033484;1;-0,820617655;0,165901707;-0,088202605;1;-0,309161524;0,231713245;0,545807621;1;;;;;;;;;;;;;
419;-0,688780849;0,168264314;-0,311219151;1;-0,939220748;0,172643976;0,043578609;1;-0,398733215;0,255331176;0,993666077;1;;;;;;;;;;;;;
420;-1,17382921;0,200332408;0,17382921;1;-0,608976393;0,170477753;-0,323359563;1;-0,126528194;0,273669691;-0,367359031;1;;;;;;;;;;;;;
421;-1,295804178;0,205530472;0,295804178;1;-1,07507095;0,199663901;0,194523278;1;0,00296326;0,29110919;-1,014816299;1;;;;;;;;;;;;;
422;-0,940053327;0,141044872;-0,059946673;1;-1,207499824;0,17873286;0,341666471;1;-0,392384092;0,230780382;0,96192046;1;;;;;;;;;;;;;
423;-1,092875167;0,189406214;0,092875167;1;-1,028258837;0,186251696;0,142509819;1;0,01173081;0,266610723;-1,058654052;1;;;;;;;;;;;;;
424;-0,876471126;0,138113602;-0,123528874;1;-1,036840881;0,172373147;0,152045424;1;-0,47321957;0,226533774;1,36609785;1;;;;;;;;;;;;;
425;-1,382629888;0,201695085;0,382629888;1;-0,927264549;0,185008086;0,030293943;1;0,349992163;0,27339646;-2,749960817;0;;;;;;;;;;;;;
426;-1,270748655;0,193149536;0,270748655;1;-0,930980156;0,187513671;0,034422395;1;-0,18512212;0,278619443;-0,074389399;1;;;;;;;;;;;;;
427;-0,824051993;0,141180107;-0,175948007;1;-1,094948194;0,172797982;0,216609104;1;-0,379624387;0,219550409;0,898121935;1;;;;;;;;;;;;;
428;-1,216054044;0,16328982;0,216054044;1;-1,076846114;0,169546645;0,196495682;1;0,237606874;0,231465066;-2,188034369;1;;;;;;;;;;;;;
429;-0,942844743;0,196240133;-0,057155257;1;-0,833330496;0,179593357;-0,074077227;1;0,040792567;0,271092079;-1,203962835;1;;;;;;;;;;;;;
430;-0,780714748;0,182208386;-0,219285252;1;-0,703792902;0,173184436;-0,218007887;1;-0,709793559;0,276572653;2,548967793;1;;;;;;;;;;;;;
431;-1,331607884;0,208953027;0,331607884;1;-0,699474357;0,183738723;-0,22280627;1;0,004392383;0,288341794;-1,021961915;1;;;;;;;;;;;;;
432;-1,046514164;0,172899446;0,046514164;1;-0,988755871;0,177305804;0,098617635;1;-0,04595489;0,235622729;-0,770225549;1;;;;;;;;;;;;;
433;-0,833543665;0,156204095;-0,166456335;1;-0,839994589;0,158455511;-0,066672679;1;-0,383014504;0,239958173;0,915072521;1;;;;;;;;;;;;;
434;-1,224853984;0,177720436;0,224853984;1;-0,847076393;0,168538777;-0,058804008;1;-0,006497614;0,245856289;-0,967511932;1;;;;;;;;;;;;;
435;-1,074893865;0,183429702;0,074893865;1;-0,586905569;0,177503291;-0,347882701;1;-0,236120514;0,279675077;0,180602569;1;;;;;;;;;;;;;
436;-1,157507804;0,181593139;0,157507804;1;-0,749077204;0,169044394;-0,167691995;1;-0,013262206;0,260080664;-0,93368897;1;;;;;;;;;;;;;
437;-0,912522587;0,135210291;-0,087477413;1;-1,216343835;0,177652174;0,35149315;1;-0,276320229;0,208104206;0,381601145;1;;;;;;;;;;;;;
438;-1,179953506;0,216091732;0,179953506;1;-0,948765765;0,191657978;0,054184183;1;0,014938094;0,309349754;-1,074690468;1;;;;;;;;;;;;;
439;-0,902776494;0,147117585;-0,097223506;1;-0,861218067;0,151392118;-0,043091036;1;-0,010025431;0,20688543;-0,949872847;1;;;;;;;;;;;;;
440;-1,069744806;0,175926783;0,069744806;1;-0,732857179;0,162618499;-0,185714245;1;-0,172720827;0,244637322;-0,136395867;1;;;;;;;;;;;;;
441;-1,018941685;0,169295844;0,018941685;1;-1,077410041;0,181933335;0,197122267;1;-0,166506048;0,249297201;-0,167469758;1;;;;;;;;;;;;;
442;-1,13236771;0,224093533;0,13236771;1;-0,955192869;0,187379274;0,06132541;1;0,103383295;0,298621208;-1,516916473;1;;;;;;;;;;;;;
443;-1,167681827;0,192920962;0,167681827;1;-1,159450224;0,193904925;0,288278027;1;0,152400796;0,26362732;-1,76200398;1;;;;;;;;;;;;;
444;-1,299076463;0,182596004;0,299076463;1;-0,762251808;0,175891815;-0,153053546;1;-0,163355343;0,26881498;-0,183223286;1;;;;;;;;;;;;;
445;-0,791555689;0,141889948;-0,208444311;1;-1,28523694;0,188270457;0,428041045;0;-0,561758816;0,222816947;1,808794079;1;;;;;;;;;;;;;
446;-1,082929433;0,172207376;0,082929433;1;-0,705401493;0,165597989;-0,216220563;1;0,018258084;0,247727859;-1,091290422;1;;;;;;;;;;;;;
447;-1,070833806;0,178801937;0,070833806;1;-0,937847969;0,180321312;0,042053299;1;-0,20283264;0,260827789;0,014163201;1;;;;;;;;;;;;;
448;-1,19647978;0,229398244;0,19647978;1;-1,001620238;0,212798676;0,112911376;1;-0,088886677;0,329253185;-0,555566615;1;;;;;;;;;;;;;
449;-0,765055101;0,1503961;-0,234944899;1;-0,784457382;0,151027389;-0,128380687;1;-0,408958065;0,234414635;1,044790324;1;;;;;;;;;;;;;
450;-1,089143578;0,194202334;0,089143578;1;-1,002849818;0,187092759;0,114277576;1;0,0071538;0,258463365;-1,035769;1;;;;;;;;;;;;;
451;-1,102525444;0,195583102;0,102525444;1;-0,710532524;0,171955909;-0,210519418;1;-0,234492291;0,282384004;0,172461455;1;;;;;;;;;;;;;
452;-0,98475348;0,188114685;-0,01524652;1;-0,612853847;0,162759833;-0,319051282;1;0,072497349;0,261730664;-1,362486744;1;;;;;;;;;;;;;
453;-1,082234427;0,185656603;0,082234427;1;-0,954773405;0,177355254;0,060859338;1;0,098042913;0,262542467;-1,490214565;1;;;;;;;;;;;;;
454;-0,835860052;0,178139119;-0,164139948;1;-0,936704747;0,179003885;0,040783052;1;-0,343857098;0,249792373;0,719285488;1;;;;;;;;;;;;;
455;-1,058945324;0,200513903;0,058945324;1;-0,827124727;0,179449876;-0,080972526;1;-0,233174163;0,276355093;0,165870816;1;;;;;;;;;;;;;
456;-1,064778852;0,167971787;0,064778852;1;-0,928554257;0,171356204;0,031726953;1;-0,156920169;0,24494466;-0,215399155;1;;;;;;;;;;;;;
457;-1,196303913;0,179354868;0,196303913;1;-0,806058041;0,168037605;-0,104379954;1;-0,080698944;0,254293626;-0,596505279;1;;;;;;;;;;;;;
458;-0,94500024;0,160694079;-0,05499976;1;-0,768580872;0,159206569;-0,146021253;1;-0,099697798;0,236491994;-0,501511008;1;;;;;;;;;;;;;
459;-0,745266121;0,156754952;-0,254733879;1;-0,981739137;0,180450394;0,090821264;1;-0,785783154;0,25202046;2,92891577;0;;;;;;;;;;;;;
460;-0,986824956;0,180794729;-0,013175044;1;-0,755587784;0,172716662;-0,160458018;1;-0,280158118;0,272208165;0,400790592;1;;;;;;;;;;;;;
461;-0,785884153;0,191990392;-0,214115847;1;-0,719686148;0,177351483;-0,200348725;1;-0,593513194;0,272150297;1,96756597;1;;;;;;;;;;;;;
462;-1,145963777;0,169207355;0,145963777;1;-0,909293448;0,18449087;0,010326054;1;-0,559039108;0,27123812;1,79519554;1;;;;;;;;;;;;;
463;-0,51641477;0,188704374;-0,48358523;0;-0,923975154;0,171008493;0,02663906;1;-0,561897425;0,269492512;1,809487127;1;;;;;;;;;;;;;
464;-1,123096022;0,175512605;0,123096022;1;-0,590138603;0,169063748;-0,344290441;1;-0,371861927;0,264266125;0,859309636;1;;;;;;;;;;;;;
465;-1,047275001;0,190821864;0,047275001;1;-1,032376319;0,188513278;0,147084798;1;-0,078641798;0,274535077;-0,60679101;1;;;;;;;;;;;;;
466;-1,003571388;0,159388433;0,003571388;1;-1,078359105;0,165268507;0,198176784;1;-0,060171499;0,224999643;-0,699142503;1;;;;;;;;;;;;;
467;-0,980774519;0,184351219;-0,019225481;1;-0,952596113;0,185582997;0,058440125;1;-0,530182746;0,278274079;1,650913732;1;;;;;;;;;;;;;
468;-1,270747702;0,198830981;0,270747702;1;-0,746225049;0,181420348;-0,170861056;1;-0,356850097;0,288904935;0,784250483;1;;;;;;;;;;;;;
469;-1,147334454;0,193840511;0,147334454;1;-0,830505969;0,177032722;-0,07721559;1;0,168295311;0,269510029;-1,841476555;1;;;;;;;;;;;;;
470;-0,761261969;0,157575084;-0,238738031;1;-1,130350048;0,174708485;0,255944497;1;0,004125128;0,236783097;-1,020625642;1;;;;;;;;;;;;;
471;-1,187550667;0,194031447;0,187550667;1;-1,176345241;0,187490015;0,307050268;1;0,140725376;0,269905035;-1,703626879;1;;;;;;;;;;;;;
472;-1,345009835;0,204253554;0,345009835;1;-0,991380296;0,195694371;0,101533663;1;0,319014142;0,268779034;-2,595070709;1;;;;;;;;;;;;;
473;-1,022403849;0,173926341;0,022403849;1;-1,042791901;0,178604894;0,158657668;1;-0,089647313;0,248654209;-0,551763433;1;;;;;;;;;;;;;
474;-1,690640593;0,235115198;0,690640593;0;-0,890405646;0,195019461;-0,010660394;1;0,447299098;0,306698807;-3,236495489;0;;;;;;;;;;;;;
475;-0,894407949;0,155560749;-0,105592051;1;-0,991012405;0,171557267;0,101124895;1;-0,3042474;0,228835394;0,521236998;1;;;;;;;;;;;;;
476;-1,111464481;0,180963591;0,111464481;1;-0,710866895;0,169535757;-0,210147895;1;-0,2357633;0,254158789;0,178816498;1;;;;;;;;;;;;;
477;-1,256604797;0,235737576;0,256604797;1;-0,878948645;0,203244518;-0,023390394;1;-0,157290588;0,316760141;-0,213547059;1;;;;;;;;;;;;;
478;-1,050353495;0,170722356;0,050353495;1;-0,792573546;0,164358832;-0,119362727;1;-0,222565731;0,254404203;0,112828657;1;;;;;;;;;;;;;
479;-1,037561404;0,203528425;0,037561404;1;-1,016814267;0,197303057;0,12979363;1;-0,144618314;0,290140607;-0,276908429;1;;;;;;;;;;;;;
480;-1,153281079;0,190643463;0,153281079;1;-0,864752844;0,17427657;-0,039163507;1;-0,119382469;0,264697513;-0,403087653;1;;;;;;;;;;;;;
481;-1,384113204;0,205572915;0,384113204;1;-0,734851841;0,183057694;-0,183497954;1;-0,05182842;0,290318619;-0,7408579;1;;;;;;;;;;;;;
482;-1,108826094;0,171969313;0,108826094;1;-0,726020981;0,177186401;-0,193310021;1;-0,795183351;0,294858458;2,975916753;0;;;;;;;;;;;;;
483;-1,095284582;0,19051469;0,095284582;1;-0,959374509;0,18600361;0,065971677;1;-0,206532535;0,265340973;0,032662673;1;;;;;;;;;;;;;
484;-0,885949163;0,180785433;-0,114050837;1;-0,613396005;0,165100186;-0,318448884;1;-0,319957795;0,272541204;0,599788976;1;;;;;;;;;;;;;
485;-1,254191941;0,200104326;0,254191941;1;-0,816485426;0,188672685;-0,092793971;1;-0,306182777;0,284227013;0,530913886;1;;;;;;;;;;;;;
486;-1,368521322;0,261613338;0,368521322;1;-0,655529264;0,192551166;-0,271634151;1;0,136091672;0,322000739;-1,680458362;1;;;;;;;;;;;;;
487;-0,836911257;0,143687154;-0,163088743;1;-0,761339852;0,151724565;-0,154066831;1;-0,350464728;0,223217246;0,752323639;1;;;;;;;;;;;;;
488;-0,798691319;0,161298945;-0,201308681;1;-1,111397756;0,176890089;0,234886396;1;-0,557395372;0,237135616;1,786976861;1;;;;;;;;;;;;;
489;-0,982081665;0,167369006;-0,017918335;1;-0,934279785;0,165212717;0,038088649;1;-0,034705946;0,233298567;-0,82647027;1;;;;;;;;;;;;;
490;-0,825240095;0,161965671;-0,174759905;1;-0,964730202;0,173237991;0,071922447;1;-0,392791742;0,240058562;0,963958708;1;;;;;;;;;;;;;
491;-1,080191562;0,172955999;0,080191562;1;-0,722495514;0,157572766;-0,197227206;1;-0,041683419;0,23833552;-0,791582905;1;;;;;;;;;;;;;
492;-1,029798778;0,179991561;0,029798778;1;-0,959817074;0,173908389;0,066463415;1;-0,149716948;0,25554043;-0,251415259;1;;;;;;;;;;;;;
493;-1,034931474;0,162651749;0,034931474;1;-0,698108074;0,149751814;-0,224324362;1;-0,029935413;0,225041313;-0,850322933;1;;;;;;;;;;;;;
494;-1,117430839;0,18634836;0,117430839;1;-1,217610575;0,194091276;0,352900639;1;0,103439654;0,253286776;-1,517198269;1;;;;;;;;;;;;;
495;-0,976762734;0,169162324;-0,023237266;1;-1,014811758;0,178055004;0,12756862;1;-0,144468333;0,245110745;-0,277658335;1;;;;;;;;;;;;;
496;-0,904446832;0,154285338;-0,095553168;1;-0,88986128;0,170973836;-0,011265244;1;-0,433031465;0,225478584;1,165157325;1;;;;;;;;;;;;;
497;-1,084994119;0,190157828;0,084994119;1;-1,074715064;0,190225311;0,194127849;1;-0,279290191;0,266635162;0,396450956;1;;;;;;;;;;;;;
498;-1,152209624;0,205175851;0,152209624;1;-1,071786093;0,19678556;0,190873437;1;-0,119727054;0,281622707;-0,40136473;1;;;;;;;;;;;;;
499;-0,987716401;0,197104731;-0,012283599;1;-0,681378719;0,197432984;-0,242912534;1;-0,69928105;0,30938086;2,496405248;1;;;;;;;;;;;;;
500;-0,75738222;0,159191302;-0,24261778;1;-0,673221843;0,151050787;-0,25197573;1;-0,541697547;0,246431936;1,708487737;1;;;;;;;;;;;;;
501;-0,796685698;0,164882584;-0,203314302;1;-0,978078509;0,178279177;0,086753899;1;-0,722823501;0,248320582;2,614117506;0;;;;;;;;;;;;;
502;-1,139760583;0,176076815;0,139760583;1;-0,818161779;0,173351987;-0,090931357;1;-0,096361166;0,248043128;-0,51819417;1;;;;;;;;;;;;;
503;-1,247646201;0,231793564;0,247646201;1;-0,713239211;0,186388024;-0,207511988;1;-0,032733652;0,313331021;-0,836331739;1;;;;;;;;;;;;;
504;-0,846056906;0,150174253;-0,153943094;1;-1,191276142;0,184404948;0,323640158;1;-0,335012947;0,226741813;0,675064736;1;;;;;;;;;;;;;
505;-1,063895156;0,178042297;0,063895156;1;-1,306864916;0,196522923;0,452072128;0;-0,087009803;0,264861408;-0,564950983;1;;;;;;;;;;;;;
506;-1,168585107;0,218266513;0,168585107;1;-0,847610281;0,187871206;-0,058210799;1;0,057714055;0,297659795;-1,288570273;1;;;;;;;;;;;;;
507;-1,00936046;0,194004357;0,00936046;1;-0,808347248;0,166041374;-0,101836391;1;-0,054934949;0,264124075;-0,725325255;1;;;;;;;;;;;;;
508;-1,264834031;0,195564701;0,264834031;1;-0,809574536;0,183851375;-0,100472738;1;-0,099587054;0,289426221;-0,50206473;1;;;;;;;;;;;;;
509;-0,783770816;0,133181802;-0,216229184;1;-0,873603377;0,153650678;-0,029329581;1;-0,434019454;0,216497129;1,170097272;1;;;;;;;;;;;;;
510;-1,098057587;0,174233172;0,098057587;1;-0,817139007;0,176963233;-0,09206777;1;-0,28864521;0,266109797;0,443226049;1;;;;;;;;;;;;;
511;-0,901956815;0,171884583;-0,098043185;1;-0,799043899;0,168105589;-0,112173445;1;-0,339788952;0,249892033;0,698944762;1;;;;;;;;;;;;;
512;-1,063109583;0,175637465;0,063109583;1;-1,127946379;0,181727903;0,253273755;1;-0,060824433;0,25595862;-0,695877836;1;;;;;;;;;;;;;
513;-0,757925424;0,211114423;-0,242074576;1;-0,91150971;0,186333616;0,012788567;1;-0,235791171;0,281536268;0,178955856;1;;;;;;;;;;;;;
514;-1,458098578;0,233215067;0,458098578;0;-1,075499128;0,200463217;0,194999031;1;0,433827319;0,297222717;-3,169136597;0;;;;;;;;;;;;;
515;-0,86956542;0,140796511;-0,13043458;1;-1,105826827;0,166749067;0,228696475;1;-0,3228882;0,2196456;0,614441;1;;;;;;;;;;;;;
516;-1,207277778;0,179796848;0,207277778;1;-1,011554692;0,179565833;0,123949658;1;0,002246777;0,253537265;-1,011233884;1;;;;;;;;;;;;;
517;-0,886452277;0,142620653;-0,113547723;1;-1,257063119;0,186827748;0,396736799;1;-0,283200035;0,22462262;0,416000174;1;;;;;;;;;;;;;
518;-1,253923185;0,190465352;0,253923185;1;-0,697345324;0,169442839;-0,225171862;1;0,127384235;0,261738019;-1,636921176;1;;;;;;;;;;;;;
519;-1,367566774;0,174334302;0,367566774;0;-0,796597963;0,179957119;-0,114891152;1;-0,299448693;0,284907326;0,497243463;1;;;;;;;;;;;;;
520;-0,922495538;0,166940985;-0,077504462;1;-0,847511896;0,177481095;-0,058320115;1;-0,478938538;0,263050077;1,394692691;1;;;;;;;;;;;;;
521;-1,143768624;0,184390497;0,143768624;1;-0,705737378;0,171232087;-0,215847358;1;-0,025356576;0,257320385;-0,87321712;1;;;;;;;;;;;;;
522;-1,163875984;0,182163282;0,163875984;1;-0,849493777;0,172228563;-0,056118025;1;-0,087528665;0,246365834;-0,562356674;1;;;;;;;;;;;;;
523;-1,064688677;0,200035105;0,064688677;1;-0,886490082;0,185328894;-0,01501102;1;-0,412467915;0,286036922;1,062339574;1;;;;;;;;;;;;;
524;-1,040601683;0,14504981;0,040601683;1;-1,035668122;0,171000283;0,150742358;1;-0,210214034;0,225119921;0,051070172;1;;;;;;;;;;;;;
525;-1,205352349;0,180311879;0,205352349;1;-1,243843463;0,186516945;0,382048292;1;0,208555331;0,245643019;-2,042776655;1;;;;;;;;;;;;;
526;-1,108306287;0,155414076;0,108306287;1;-0,809969237;0,163015928;-0,100034181;1;-0,338666168;0,238866778;0,693330839;1;;;;;;;;;;;;;
527;-0,697375893;0,170494403;-0,302624107;1;-1,247881951;0,195932458;0,386535501;1;-0,679407972;0,258363873;2,397039859;1;;;;;;;;;;;;;
528;-0,823877708;0,214403083;-0,176122292;1;-0,612061887;0,178680497;-0,319931237;1;-0,524862264;0,297203104;1,624311319;1;;;;;;;;;;;;;
529;-1,123610105;0,18174038;0,123610105;1;-1,153512166;0,195651042;0,281680185;1;-0,007592373;0,244687691;-0,962038134;1;;;;;;;;;;;;;
530;-0,835292426;0,146233835;-0,164707574;1;-0,81050743;0,147976404;-0,099436189;1;-0,429900265;0,217000576;1,149501324;1;;;;;;;;;;;;;
531;-1,085418995;0,156186278;0,085418995;1;-0,740913321;0,146298149;-0,176762976;1;0,074705852;0,225771287;-1,373529259;1;;;;;;;;;;;;;
532;-1,021747574;0,220122875;0,021747574;1;-0,81117359;0,183570874;-0,098696011;1;-0,060136699;0,291670723;-0,699316507;1;;;;;;;;;;;;;
533;-0,76415064;0,156642797;-0,23584936;1;-0,994800396;0,172694498;0,105333774;1;-0,585527167;0,242357866;1,927635834;1;;;;;;;;;;;;;
534;-0,99632322;0,158040592;-0,00367678;1;-1,241019609;0,177157095;0,378910676;1;-0,015435921;0,231460773;-0,922820395;1;;;;;;;;;;;;;
535;-0,87696325;0,148523735;-0,12303675;1;-0,81369075;0,154650949;-0,095899167;1;-0,379251676;0,228853011;0,896258379;1;;;;;;;;;;;;;
536;-1,430854778;0,207648877;0,430854778;0;-0,479973116;0,163933676;-0,466696538;0;0,339832861;0,268634922;-2,699164304;0;;;;;;;;;;;;;
537;-0,857585398;0,169179647;-0,142414602;1;-0,878288992;0,166608246;-0,024123342;1;-0,126210625;0,2368181;-0,368946875;1;;;;;;;;;;;;;
538;-1,0426527;0,207305822;0,0426527;1;-0,92163389;0,194858136;0,024037656;1;-0,262519558;0,322426508;0,31259779;1;;;;;;;;;;;;;
539;-0,931467414;0,181389243;-0,068532586;1;-1,307957632;0,204898943;0,453286258;0;-0,508068196;0,272383991;1,540340981;1;;;;;;;;;;;;;
540;-1,136555737;0,207763328;0,136555737;1;-0,921957047;0,192480646;0,024396719;1;-0,183001151;0,293572532;-0,084994247;1;;;;;;;;;;;;;
541;-0,884326424;0,176689842;-0,115673576;1;-0,866932669;0,179477077;-0,036741479;1;-0,348012653;0,275899159;0,740063266;1;;;;;;;;;;;;;
542;-0,938079517;0,155596869;-0,061920483;1;-0,906987518;0,175269157;0,007763908;1;-0,680495086;0,275638769;2,402475428;1;;;;;;;;;;;;;
543;-0,985402628;0,152920467;-0,014597372;1;-0,796812108;0,159113319;-0,114653213;1;-0,373703108;0,234638347;0,868515542;1;;;;;;;;;;;;;
544;-1,345070271;0,21825911;0,345070271;1;-0,667898831;0,180662267;-0,257890188;1;0,183748205;0,287837495;-1,918741026;1;;;;;;;;;;;;;
545;-0,987105338;0,18076131;-0,012894662;1;-0,984986874;0,169189084;0,09442986;1;0,068748395;0,243877098;-1,343741977;1;;;;;;;;;;;;;
546;-0,862119242;0,1956036;-0,137880758;1;-0,946735169;0,182624616;0,051927965;1;-0,371447388;0,296756632;0,85723694;1;;;;;;;;;;;;;
547;-1,189910609;0,174917719;0,189910609;1;-0,964676957;0,174289863;0,071863285;1;0,109582972;0,242175895;-1,547914858;1;;;;;;;;;;;;;
548;-0,758219346;0,149486782;-0,241780654;1;-0,757226481;0,156868466;-0,158637243;1;-0,678879108;0,250404271;2,394395539;1;;;;;;;;;;;;;
549;-0,831447438;0,188328618;-0,168552562;1;-1,032101823;0,198334468;0,146779804;1;-0,540635444;0,286989275;1,703177219;1;;;;;;;;;;;;;
550;-1,221878631;0,178818362;0,221878631;1;-0,676327085;0,175276624;-0,248525461;1;-0,312117685;0,276812606;0,560588424;1;;;;;;;;;;;;;
551;-1,164763861;0,178806726;0,164763861;1;-0,846732268;0,173424017;-0,059186369;1;-0,004724869;0,256517141;-0,976375656;1;;;;;;;;;;;;;
552;-1,095886293;0,173275842;0,095886293;1;-0,638151608;0,169391398;-0,290942658;1;-0,453511905;0,266734545;1,267559525;1;;;;;;;;;;;;;
553;-1,306551933;0,18662639;0,306551933;1;-1,003943683;0,189354468;0,115492982;1;0,054060356;0,263884052;-1,270301779;1;;;;;;;;;;;;;
554;-0,73595326;0,170495387;-0,26404674;1;-1,088237311;0,173726858;0,209152568;1;-0,069033913;0,228286547;-0,654830437;1;;;;;;;;;;;;;
555;-0,911589009;0,173490159;-0,088410991;1;-0,846029829;0,181225553;-0,059966857;1;-0,446642277;0,271321561;1,233211386;1;;;;;;;;;;;;;
556;-1,09095643;0,181530806;0,09095643;1;-1,087215224;0,184803336;0,208016916;1;-0,210820512;0,270640206;0,05410256;1;;;;;;;;;;;;;
557;-0,902644578;0,179774098;-0,097355422;1;-0,877320277;0,168832926;-0,025199692;1;-0,083089746;0,238596105;-0,584551272;1;;;;;;;;;;;;;
558;-1,035203074;0,185558772;0,035203074;1;-1,027623658;0,181852654;0,141804064;1;-0,147532531;0,256932842;-0,262337347;1;;;;;;;;;;;;;
559;-0,976032222;0,190264509;-0,023967778;1;-1,180521997;0,193084944;0,311691108;1;0,15627088;0,255549395;-1,781354399;1;;;;;;;;;;;;;
560;-1,048370462;0,167944976;0,048370462;1;-0,967856521;0,173332927;0,075396134;1;-0,334940505;0,255505522;0,674702527;1;;;;;;;;;;;;;
561;-1,074546183;0,179426159;0,074546183;1;-0,988136421;0,187498327;0,097929357;1;-0,402319566;0,269951895;1,01159783;1;;;;;;;;;;;;;
562;-0,93660722;0,159849615;-0,06339278;1;-0,906671107;0,169359659;0,007412341;1;-0,171773941;0,239785344;-0,141130296;1;;;;;;;;;;;;;
563;-1,225145343;0,209027866;0,225145343;1;-1,071420285;0,206392746;0,190466983;1;0,016662719;0,303230214;-1,083313595;1;;;;;;;;;;;;;
564;-0,994750141;0,192796041;-0,005249859;1;-0,995963937;0,192462026;0,106626597;1;-0,349011306;0,283666486;0,745056531;1;;;;;;;;;;;;;
565;-1,181109939;0,203542873;0,181109939;1;-0,907322727;0,181887592;0,008136364;1;0,090226432;0,282647347;-1,451132158;1;;;;;;;;;;;;;
566;-0,885666876;0,183008824;-0,114333124;1;-0,787069889;0,173751166;-0,125477902;1;-0,352057173;0,275667948;0,760285866;1;;;;;;;;;;;;;
567;-0,669563284;0,190723466;-0,330436716;1;-0,91136754;0,184461369;0,0126306;1;-0,452020779;0,275723203;1,260103894;1;;;;;;;;;;;;;
568;-1,006328214;0,169160715;0,006328214;1;-1,006879769;0,189191317;0,118755299;1;-0,555475059;0,267822946;1,777375293;1;;;;;;;;;;;;;
569;-1,118805622;0,179967191;0,118805622;1;-0,635041137;0,171205666;-0,294398737;1;-0,40583824;0,26966568;1,029191201;1;;;;;;;;;;;;;
570;-1,072380339;0,183705466;0,072380339;1;-1,173669966;0,192261116;0,30407774;1;-0,303736255;0,265133103;0,518681273;1;;;;;;;;;;;;;
571;-0,864809681;0,210878656;-0,135190319;1;-0,699610277;0,188879573;-0,222655248;1;-0,492444634;0,312536103;1,462223172;1;;;;;;;;;;;;;
572;-1,039292901;0,159773047;0,039292901;1;-0,935405869;0,160155238;0,039339855;1;-0,031832385;0,220095297;-0,840838074;1;;;;;;;;;;;;;
573;-1,400200632;0,184689304;0,400200632;0;-0,921215576;0,167965212;0,023572863;1;0,367613373;0,248868583;-2,838066867;0;;;;;;;;;;;;;
574;-1,537344565;0,186048696;0,537344565;0;-1,215347938;0,191933276;0,350386597;1;0,485452199;0,26134558;-3,427260997;0;;;;;;;;;;;;;
575;-1,196594365;0,224983373;0,196594365;1;-0,984171003;0,201326495;0,093523336;1;0,183110289;0,303965077;-1,915551447;1;;;;;;;;;;;;;
576;-0,652297464;0,137895647;-0,347702536;0;-0,889896984;0,150855351;-0,011225574;1;-0,353816513;0,22169283;0,769082565;1;;;;;;;;;;;;;
577;-1,491891481;0,214661637;0,491891481;0;-0,795159268;0,18564419;-0,116489702;1;0,332158571;0,280226269;-2,660792856;1;;;;;;;;;;;;;
578;-0,779275415;0,201385525;-0,220724585;1;-1,064084457;0,190449469;0,182316063;1;-0,13950097;0,266783181;-0,302495149;1;;;;;;;;;;;;;
579;-0,642399873;0,191428714;-0,357600127;1;-0,897873957;0,170773908;-0,00236227;1;-0,24784643;0,25995142;0,239232152;1;;;;;;;;;;;;;
580;-1,369144674;0,221865791;0,369144674;1;-0,949685026;0,194089895;0,055205584;1;0,399723083;0,293860194;-2,998615416;0;;;;;;;;;;;;;
581;-1,023320859;0,165309233;0,023320859;1;-0,938232278;0,175354402;0,042480308;1;-0,356550005;0,245161244;0,782750025;1;;;;;;;;;;;;;
582;-0,814821356;0,141176681;-0,185178644;1;-0,936319106;0,158769129;0,040354563;1;-0,676261704;0,218880596;2,381308519;0;;;;;;;;;;;;;
583;-0,986281386;0,158942752;-0,013718614;1;-0,724822936;0,156915722;-0,194641182;1;-0,329693635;0,237952359;0,648468173;1;;;;;;;;;;;;;
584;-1,042879092;0,173205568;0,042879092;1;-1,117285303;0,185045341;0,241428114;1;-0,153336266;0,243547144;-0,233318671;1;;;;;;;;;;;;;
585;-0,899211093;0,159795375;-0,100788907;1;-0,764182698;0,154320473;-0,150908114;1;-0,268258193;0,236379527;0,341290963;1;;;;;;;;;;;;;
586;-1,310288495;0,169130527;0,310288495;1;-0,869455827;0,165996919;-0,03393797;1;0,282098333;0,233290399;-2,410491667;0;;;;;;;;;;;;;
587;-0,855857212;0,151496108;-0,144142788;1;-0,862795539;0,162030169;-0,04133829;1;-0,281721639;0,223316849;0,408608197;1;;;;;;;;;;;;;
588;-0,930969278;0,193348708;-0,069030722;1;-0,675570814;0,170048684;-0,249365763;1;-0,121673732;0,260311803;-0,391631338;1;;;;;;;;;;;;;
589;-0,722987359;0,175710392;-0,277012641;1;-1,1687846;0,188767291;0,298649555;1;-0,215841593;0,259892196;0,079207965;1;;;;;;;;;;;;;
590;-1,076322358;0,161189531;0,076322358;1;-0,931287779;0,173841758;0,034764199;1;-0,205363611;0,234451782;0,026818053;1;;;;;;;;;;;;;
591;-1,177388157;0,164274818;0,177388157;1;-0,754316956;0,157740868;-0,161870049;1;-0,067060405;0,239495594;-0,664697973;1;;;;;;;;;;;;;
592;-0,702298669;0,159782655;-0,297701331;1;-0,79835819;0,153416094;-0,112935345;1;-0,335664956;0,230674458;0,678324781;1;;;;;;;;;;;;;
593;-1,074068659;0,182328628;0,074068659;1;-0,849980621;0,167000814;-0,055577088;1;0,007172097;0,244518754;-1,035860483;1;;;;;;;;;;;;;
594;-1,12091989;0,168829894;0,12091989;1;-0,583066346;0,150217258;-0,352148504;0;-0,18778978;0,242493369;-0,061051098;1;;;;;;;;;;;;;
595;-1,104481564;0,185399928;0,104481564;1;-1,070437726;0,181593;0,189375251;1;-0,091383889;0,279423326;-0,543080556;1;;;;;;;;;;;;;
596;-1,1005898;0,209673403;0,1005898;1;-1,034858168;0,198678048;0,149842409;1;-0,073559916;0,303791162;-0,632200419;1;;;;;;;;;;;;;
597;-0,903836858;0,159115795;-0,096163142;1;-0,932002617;0,162242156;0,035558464;1;-0,134807259;0,229408166;-0,325963706;1;;;;;;;;;;;;;
598;-0,854294416;0,172191247;-0,145705584;1;-0,724851864;0,172448972;-0,19460904;1;-0,533829961;0,261331718;1,669149807;1;;;;;;;;;;;;;
599;-0,906624703;0,146614116;-0,093375297;1;-0,965328296;0,168012202;0,072586995;1;-0,356536158;0,229524585;0,782680789;1;;;;;;;;;;;;;
600;-0,948949052;0,161773809;-0,051050948;1;-0,930806402;0,170405904;0,034229336;1;-0,40629511;0,243595078;1,03147555;1;;;;;;;;;;;;;
601;-0,946788416;0,179630312;-0,053211584;1;-0,688344514;0,177879006;-0,235172762;1;-0,577334932;0,278659404;1,886674658;1;;;;;;;;;;;;;
602;-0,931097668;0,16170659;-0,068902332;1;-0,679171816;0,159034032;-0,245364649;1;-0,352797292;0,242235119;0,763986459;1;;;;;;;;;;;;;
603;-1,084502723;0,204319183;0,084502723;1;-0,895028405;0,174672192;-0,005523994;1;0,277074454;0,264688158;-2,38537227;1;;;;;;;;;;;;;
604;-0,823014099;0,1621317;-0,176985901;1;-0,714974598;0,16270891;-0,20558378;1;-0,383840566;0,23143072;0,919202828;1;;;;;;;;;;;;;
605;-1,28277113;0,209850096;0,28277113;1;-0,836165132;0,194600883;-0,070927631;1;0,055116415;0,293600162;-1,275582073;1;;;;;;;;;;;;;
606;-0,976306683;0,178748135;-0,023693317;1;-0,85857954;0,167276038;-0,046022734;1;0,049038011;0,254768182;-1,245190053;1;;;;;;;;;;;;;
607;-0,892460068;0,210064882;-0,107539932;1;-0,813939547;0,18479165;-0,095622725;1;-0,244996682;0,307188183;0,224983411;1;;;;;;;;;;;;;
608;-1,138774987;0,168271371;0,138774987;1;-0,81064643;0,159116644;-0,099281745;1;0,072512909;0,245399034;-1,362564546;1;;;;;;;;;;;;;
609;-1,041136689;0,223209974;0,041136689;1;-1,050602953;0,212303007;0,167336614;1;-0,428137015;0,312438034;1,140685076;1;;;;;;;;;;;;;
610;-0,743596328;0,16298706;-0,256403672;1;-1,053938138;0,1732301;0,171042375;1;-0,394941212;0,238506095;0,974706059;1;;;;;;;;;;;;;
611;-0,9613613;0,15581808;-0,0386387;1;-0,957931479;0,16922774;0,06436831;1;-0,296010047;0,223843233;0,480050237;1;;;;;;;;;;;;;
612;-0,99432998;0,14400419;-0,00567002;1;-0,454433913;0,131048666;-0,49507343;0;-0,109281723;0,214131173;-0,453591387;1;;;;;;;;;;;;;
613;-1,157336261;0,175095339;0,157336261;1;-1,066941443;0,180104333;0,185490492;1;-0,230348215;0,258529696;0,151741077;1;;;;;;;;;;;;;
614;-1,002744313;0,163489809;0,002744313;1;-1,172153199;0,187119161;0,302392443;1;-0,433469588;0,247890129;1,16734794;1;;;;;;;;;;;;;
615;-0,692591165;0,166289194;-0,307408835;1;-1,046931735;0,17007621;0,163257483;1;-0,249867707;0,230879537;0,249338534;1;;;;;;;;;;;;;
616;-1,085610831;0,182423304;0,085610831;1;-1,3260743;0,198403685;0,473415889;0;0,218341373;0,260125626;-2,091706867;1;;;;;;;;;;;;;
617;-0,97222084;0,170440143;-0,02777916;1;-0,819941174;0,170189556;-0,088954251;1;-0,632264089;0,26969015;2,161320445;1;;;;;;;;;;;;;
618;-1,105148289;0,174523772;0,105148289;1;-1,105725947;0,185280132;0,228584385;1;-0,070711732;0,253676735;-0,646441341;1;;;;;;;;;;;;;
619;-1,319168474;0,186540225;0,319168474;1;-0,814000196;0,181383068;-0,095555338;1;-0,001773024;0,271782194;-0,991134879;1;;;;;;;;;;;;;
620;-1,220551157;0,166537829;0,220551157;1;-1,120342242;0,18963962;0,244824713;1;-0,276140936;0,250751365;0,38070468;1;;;;;;;;;;;;;
621;-1,123259154;0,174733394;0,123259154;1;-0,790495585;0,170542749;-0,121671573;1;-0,187121233;0,254131394;-0,064393833;1;;;;;;;;;;;;;
622;-0,862670884;0,169062848;-0,137329116;1;-1,059673083;0,169889606;0,177414537;1;-0,082650172;0,239344999;-0,586749139;1;;;;;;;;;;;;;
623;-1,084823415;0,164750373;0,084823415;1;-0,954064646;0,172299594;0,060071829;1;-0,024686771;0,236620392;-0,876566144;1;;;;;;;;;;;;;
624;-1,121215694;0,183854016;0,121215694;1;-0,716259798;0,165872795;-0,20415578;1;0,059736957;0,267791299;-1,298684783;1;;;;;;;;;;;;;
625;-1,099865754;0,183364019;0,099865754;1;-1,030977904;0,181719265;0,145531004;1;-0,146337075;0,267764141;-0,268314626;1;;;;;;;;;;;;;
626;-1,26888321;0,18811312;0,26888321;1;-0,977103911;0,183261207;0,085671013;1;0,262806893;0,254268608;-2,314034463;1;;;;;;;;;;;;;
627;-0,931955096;0,158596695;-0,068044904;1;-0,848243579;0,161567486;-0,057507135;1;-0,311596762;0,227161519;0,557983808;1;;;;;;;;;;;;;
628;-0,753784945;0,167014583;-0,246215055;1;-0,944446391;0,179247084;0,049384879;1;-0,567131795;0,240984443;1,835658973;1;;;;;;;;;;;;;
629;-1,221588001;0,188812411;0,221588001;1;-1,238208991;0,198878546;0,375787768;1;-0,091050038;0,276354074;-0,54474981;1;;;;;;;;;;;;;
630;-1,024729994;0,182929851;0,024729994;1;-1,334715442;0,198774345;0,483017157;0;-0,033730297;0,254524978;-0,831348513;1;;;;;;;;;;;;;
631;-1,133529222;0,181846047;0,133529222;1;-0,846747258;0,188757306;-0,059169713;1;-0,169484605;0,277136236;-0,152576977;1;;;;;;;;;;;;;
632;-0,625256938;0,181475049;-0,374743062;0;-0,964965157;0,180345904;0,072183508;1;-0,500807409;0,263896995;1,504037044;1;;;;;;;;;;;;;
633;-0,884970682;0,160286092;-0,115029318;1;-1,062950652;0,17833833;0,18105628;1;-0,355848169;0,245728626;0,779240843;1;;;;;;;;;;;;;
634;-0,914809934;0,153195492;-0,085190066;1;-1,109566321;0,181728479;0,232851467;1;-0,497551598;0,251912669;1,487757988;1;;;;;;;;;;;;;
635;-1,059361729;0,17574043;0,059361729;1;-0,873123243;0,165556563;-0,029863063;1;-0,155065948;0,250067898;-0,224670262;1;;;;;;;;;;;;;
636;-0,916750564;0,177511738;-0,083249436;1;-1,02670451;0,177718751;0,140782789;1;-0,216802705;0,256475289;0,084013524;1;;;;;;;;;;;;;
637;-1,302010706;0,234466922;0,302010706;1;-0,890591866;0,183849183;-0,010453482;1;0,656502336;0,283353806;-4,282511682;0;;;;;;;;;;;;;
638;-0,988010517;0,179875438;-0,011989483;1;-0,681804829;0,167616471;-0,242439079;1;-0,21107547;0,261254819;0,055377349;1;;;;;;;;;;;;;
639;-0,938008672;0,187560307;-0,061991328;1;-0,964782041;0,185617337;0,071980046;1;-0,162237272;0,272151663;-0,188813642;1;;;;;;;;;;;;;
640;-1,073552352;0,171421779;0,073552352;1;-0,742090063;0,159879378;-0,175455486;1;-0,238687667;0,249370983;0,193438336;1;;;;;;;;;;;;;
641;-0,79337444;0,164040077;-0,20662556;1;-1,033150752;0,175981594;0,14794528;1;-0,329764703;0,237780696;0,648823515;1;;;;;;;;;;;;;
642;-1,015392707;0,187524155;0,015392707;1;-0,899266267;0,170795705;-0,000815259;1;-0,289736351;0,267579264;0,448681756;1;;;;;;;;;;;;;
643;-0,577546736;0,207228817;-0,422453264;0;-1,018684427;0,204478349;0,131871586;1;-0,775580432;0,324458842;2,87790216;1;;;;;;;;;;;;;
644;-0,858969596;0,162703097;-0,141030404;1;-1,039819958;0,16888844;0,155355509;1;-0,090702541;0,244428892;-0,546487293;1;;;;;;;;;;;;;
645;-1,006732022;0,158339875;0,006732022;1;-0,907453224;0,167934743;0,00828136;1;-0,29990882;0,238717146;0,499544099;1;;;;;;;;;;;;;
646;-0,911996683;0,174270508;-0,088003317;1;-0,809100072;0,17208087;-0,10099992;1;-0,297244138;0,25040306;0,486220689;1;;;;;;;;;;;;;
647;-1,044514985;0,158982011;0,044514985;1;-1,0183684;0,178445485;0,131520444;1;-0,491407087;0,255681799;1,457035437;1;;;;;;;;;;;;;
648;-1,13939566;0,180725824;0,13939566;1;-0,772079427;0,1722976;-0,14213397;1;-0,053279241;0,252373255;-0,733603796;1;;;;;;;;;;;;;
649;-0,926151544;0,181815767;-0,073848456;1;-1,054271759;0,193450045;0,171413065;1;-0,273925252;0,279249602;0,369626258;1;;;;;;;;;;;;;
650;-1,139714934;0,172416606;0,139714934;1;-0,741799818;0,168348866;-0,17577798;1;-0,18634743;0,260941621;-0,068262851;1;;;;;;;;;;;;;
651;-1,195873089;0,174307862;0,195873089;1;-0,758168696;0,168534157;-0,157590338;1;0,078555277;0,247882834;-1,392776383;1;;;;;;;;;;;;;
652;-0,766527843;0,164587059;-0,233472157;1;-1,069409304;0,180976355;0,18823256;1;-0,387149521;0,259508965;0,935747604;1;;;;;;;;;;;;;
653;-1,274892779;0,205388072;0,274892779;1;-0,873148688;0,189909667;-0,029834791;1;0,051850175;0,300393676;-1,259250877;1;;;;;;;;;;;;;
654;-0,959854083;0,198735476;-0,040145917;1;-1,17467443;0,194826645;0,305193811;1;0,024316545;0,276637727;-1,121582727;1;;;;;;;;;;;;;
655;-0,838366173;0,155088723;-0,161633827;1;-0,915436279;0,168322697;0,017151421;1;-0,306024849;0,232919429;0,530124244;1;;;;;;;;;;;;;
656;-1,102926546;0,180639285;0,102926546;1;-0,806801907;0,170067648;-0,103553437;1;-0,148100829;0,262720027;-0,259495857;1;;;;;;;;;;;;;
657;-0,793640893;0,176646226;-0,206359107;1;-1,186232354;0,188742625;0,318035949;1;-0,305900736;0,24587842;0,52950368;1;;;;;;;;;;;;;
658;-0,99624327;0,157676072;-0,00375673;1;-0,878045873;0,16192435;-0,024393475;1;-0,18119909;0,221950877;-0,094004548;1;;;;;;;;;;;;;
659;-0,971438054;0,203251618;-0,028561946;1;-0,937433603;0,194782202;0,041592892;1;-0,403751284;0,299402019;1,018756422;1;;;;;;;;;;;;;
660;-0,951081206;0,183115633;-0,048918794;1;-1,218696841;0,186095866;0,354107601;1;0,128220107;0,276835207;-1,641100537;1;;;;;;;;;;;;;
661;-0,925604887;0,169710372;-0,074395113;1;-0,997360622;0,16910333;0,108178469;1;-0,138552827;0,245495996;-0,307235864;1;;;;;;;;;;;;;
662;-1,102000217;0,161598974;0,102000217;1;-1,152904179;0,17992002;0,281004643;1;-0,080396944;0,235782843;-0,598015279;1;;;;;;;;;;;;;
663;-1,066330253;0,157294457;0,066330253;1;-0,857422873;0,159952668;-0,047307919;1;-0,107983468;0,229048156;-0,460082661;1;;;;;;;;;;;;;
664;-1,173408916;0,188426935;0,173408916;1;-0,936543357;0,187192688;0,04060373;1;-0,144918417;0,27388516;-0,275407914;1;;;;;;;;;;;;;
665;-0,871292228;0,162401582;-0,128707772;1;-0,886968556;0,166344905;-0,014479383;1;-0,225610442;0,224075978;0,128052211;1;;;;;;;;;;;;;
666;-0,993747048;0,179431615;-0,006252952;1;-0,58009682;0,16276569;-0,355447977;0;-0,293154748;0,263680471;0,465773738;1;;;;;;;;;;;;;
667;-0,669324617;0,190109889;-0,330675383;1;-0,752844747;0,178708573;-0,163505837;1;-0,56937605;0,282958725;1,84688025;1;;;;;;;;;;;;;
668;-0,998223942;0,161563112;-0,001776058;1;-1,155261728;0,173369399;0,283624142;1;-0,109031192;0,227090563;-0,45484404;1;;;;;;;;;;;;;
669;-1,091182805;0,194419344;0,091182805;1;-0,843708369;0,181948182;-0,062546257;1;-0,072198505;0,285373018;-0,639007476;1;;;;;;;;;;;;;
670;-1,241211298;0,191148661;0,241211298;1;-1,000622491;0,188743953;0,111802767;1;0,111677315;0,255260214;-1,558386574;1;;;;;;;;;;;;;
671;-1,000427798;0,159164621;0,000427798;1;-1,123777499;0,17595234;0,248641666;1;-0,08999588;0,236173873;-0,550020601;1;;;;;;;;;;;;;
672;-1,315107914;0,194178733;0,315107914;1;-0,815662243;0,181820668;-0,093708619;1;-0,066246582;0,281630509;-0,668767091;1;;;;;;;;;;;;;
673;-0,861018764;0,178743245;-0,138981236;1;-0,76496681;0,163212734;-0,150036878;1;-0,218451376;0,246957817;0,092256882;1;;;;;;;;;;;;;
674;-1,103838597;0,183007966;0,103838597;1;-0,60569488;0,167730332;-0,327005689;1;-0,078328409;0,272776862;-0,608357957;1;;;;;;;;;;;;;
675;-1,000109572;0,163558376;0,000109572;1;-0,666874868;0,154451521;-0,259027924;1;-0,186953784;0,236552194;-0,065231081;1;;;;;;;;;;;;;
676;-0,722814051;0,162818544;-0,277185949;1;-1,006014066;0,164631179;0,117793406;1;-0,084650896;0,234636539;-0,576745518;1;;;;;;;;;;;;;
677;-0,992539164;0,177321752;-0,007460836;1;-0,659072789;0,159705636;-0,267696901;1;-0,249793694;0,271006996;0,248968468;1;;;;;;;;;;;;;
678;-0,78653651;0,162508494;-0,21346349;1;-1,181680246;0,184314815;0,312978051;1;-0,629447261;0,258237589;2,147236305;1;;;;;;;;;;;;;
679;-0,808293637;0,165447369;-0,191706363;1;-0,835731193;0,166595782;-0,071409785;1;-0,494939918;0,240361626;1,474699591;1;;;;;;;;;;;;;
680;-0,950953772;0,152707683;-0,049046228;1;-1,254300506;0,192109679;0,393667229;1;-0,187682265;0,228251561;-0,061588673;1;;;;;;;;;;;;;
681;-1,016866893;0,183368374;0,016866893;1;-1,023866834;0,182039611;0,137629816;1;-0,189938594;0,269916187;-0,050307029;1;;;;;;;;;;;;;
682;-0,813266954;0,172815448;-0,186733046;1;-0,913037233;0,170858079;0,014485815;1;-0,275780659;0,245756882;0,378903294;1;;;;;;;;;;;;;
683;-0,902834518;0,163997296;-0,097165482;1;-0,65837262;0,151413092;-0,268474866;1;-0,136104993;0,232731412;-0,319475037;1;;;;;;;;;;;;;
684;-1,232970965;0,206003082;0,232970965;1;-0,960032682;0,19956018;0,06670298;1;-0,080214229;0,29997767;-0,598928856;1;;;;;;;;;;;;;
685;-1,002643926;0,18829822;0,002643926;1;-0,841237456;0,17290974;-0,065291716;1;0,071057993;0,255781506;-1,355289964;1;;;;;;;;;;;;;
686;-0,682370636;0,154782161;-0,317629364;0;-0,998669176;0,17366104;0,109632418;1;-0,598518604;0,240303834;1,99259302;1;;;;;;;;;;;;;
687;-1,065241593;0,186131701;0,065241593;1;-1,180755569;0,187070522;0,311950632;1;0,083419489;0,239511293;-1,417097443;1;;;;;;;;;;;;;
688;-1,019205328;0,183976768;0,019205328;1;-0,805684904;0,1768802;-0,104794551;1;0,030627492;0,281068582;-1,15313746;1;;;;;;;;;;;;;
689;-0,741147646;0,171755984;-0,258852354;1;-0,984378428;0,168013426;0,093753809;1;-0,178769217;0,248024981;-0,106153917;1;;;;;;;;;;;;;
690;-0,960772277;0,178626582;-0,039227723;1;-0,966848397;0,178749196;0,074275997;1;-0,495729695;0,267926961;1,478648473;1;;;;;;;;;;;;;
691;-0,613077974;0,176950444;-0,386922026;0;-0,710012667;0,152580032;-0,211097036;1;-0,412386278;0,245192573;1,061931389;1;;;;;;;;;;;;;
692;-0,984338002;0,151753337;-0,015661998;1;-1,168159738;0,182257832;0,297955265;1;-0,405616114;0,241863843;1,028080569;1;;;;;;;;;;;;;
693;-0,924021397;0,180469955;-0,075978603;1;-0,993120686;0,194460128;0,103467429;1;-0,45716301;0,282016978;1,285815051;1;;;;;;;;;;;;;
694;-1,046370414;0,167615169;0,046370414;1;-0,555510437;0,160175899;-0,382766181;0;-0,327752534;0,25149476;0,638762669;1;;;;;;;;;;;;;
695;-0,929346873;0,15151876;-0,070653127;1;-1,042542701;0,172012582;0,158380779;1;-0,206682704;0,221685586;0,033413519;1;;;;;;;;;;;;;
696;-0,763521575;0,167703225;-0,236478425;1;-0,847269602;0,173281281;-0,058589331;1;-0,641731098;0,267214207;2,208655488;1;;;;;;;;;;;;;
697;-0,766206749;0,182504806;-0,233793251;1;-1,070656796;0,195352181;0,189618663;1;-0,925123785;0,288462112;3,625618924;0;;;;;;;;;;;;;
698;-0,955014438;0,156007;-0,044985562;1;-0,863661704;0,166766703;-0,040375884;1;-0,286587738;0,233537898;0,432938691;1;;;;;;;;;;;;;
699;-1,366538771;0,209941925;0,366538771;1;-0,921097326;0,186851874;0,023441473;1;0,031569864;0,29471528;-1,157849319;1;;;;;;;;;;;;;
700;-0,858113401;0,135923641;-0,141886599;1;-1,249769426;0,169030258;0,388632696;0;-0,071439473;0,192304511;-0,642802636;1;;;;;;;;;;;;;
701;-1,010018675;0,192487545;0,010018675;1;-1,059859051;0,197211783;0,177621168;1;-0,377112858;0,271822121;0,885564288;1;;;;;;;;;;;;;
702;-1,276671109;0,219745279;0,276671109;1;-1,056078848;0,207274995;0,173420942;1;0,038881411;0,302244939;-1,194407055;1;;;;;;;;;;;;;
703;-0,848791122;0,185559102;-0,151208878;1;-0,793417024;0,18340297;-0,118425529;1;-0,486686901;0,286962364;1,433434503;1;;;;;;;;;;;;;
704;-0,946647941;0,161310622;-0,053352059;1;-0,925165956;0,170098336;0,027962173;1;-0,327758458;0,241093396;0,638792288;1;;;;;;;;;;;;;
705;-0,591721615;0,186716397;-0,408278385;0;-0,907024069;0,181944752;0,007804521;1;-0,851853611;0,289429467;3,259268055;0;;;;;;;;;;;;;
706;-1,000684485;0,196699143;0,000684485;1;-1,115099532;0,191286138;0,23899948;1;-0,116331802;0,273335943;-0,418340988;1;;;;;;;;;;;;;
707;-0,858051222;0,185260502;-0,141948778;1;-0,680284503;0,166531745;-0,24412833;1;-0,434493439;0,260294954;1,172467196;1;;;;;;;;;;;;;
708;-0,798975307;0,164275921;-0,201024693;1;-0,683999584;0,156269707;-0,240000462;1;-0,29757968;0,240978318;0,487898398;1;;;;;;;;;;;;;
709;-1,139716839;0,172786517;0,139716839;1;-1,059568323;0,181268683;0,177298137;1;0,001020574;0,23459293;-1,005102868;1;;;;;;;;;;;;;
710;-1,090474071;0,163021398;0,090474071;1;-0,656190701;0,162846596;-0,270899221;1;-0,610300836;0,264555875;2,051504178;1;;;;;;;;;;;;;
711;-1,211194302;0,177755485;0,211194302;1;-0,827989691;0,170957201;-0,080011454;1;0,245638574;0,23548181;-2,228192872;1;;;;;;;;;;;;;
712;-1,156824806;0,183585905;0,156824806;1;-0,981160338;0,176502546;0,090178153;1;-0,009273064;0,258914624;-0,95363468;1;;;;;;;;;;;;;
713;-1,048313516;0,184879073;0,048313516;1;-0,840305198;0,185672824;-0,066327557;1;-0,405075424;0,286105586;1,025377119;1;;;;;;;;;;;;;
714;-1,02220134;0,161721425;0,02220134;1;-0,686029707;0,1618645;-0,23774477;1;-0,308548426;0,240887932;0,542742128;1;;;;;;;;;;;;;
715;-0,93296561;0,182384564;-0,06703439;1;-0,75971763;0,177564031;-0,1558693;1;-0,491233347;0,28111637;1,456166733;1;;;;;;;;;;;;;
716;-0,772755509;0,183397053;-0,227244491;1;-0,822167267;0,158358893;-0,086480815;1;-0,069164641;0,243723863;-0,654176793;1;;;;;;;;;;;;;
717;-0,728173018;0,193957167;-0,271826982;1;-0,758228375;0,16508896;-0,157524028;1;-0,361410149;0,272298353;0,807050744;1;;;;;;;;;;;;;
718;-0,976043789;0,180482653;-0,023956211;1;-0,915329125;0,17900507;0,017032362;1;-0,328957726;0,270392833;0,644788628;1;;;;;;;;;;;;;
719;-1,437075765;0,172788192;0,437075765;0;-0,880966611;0,178607198;-0,02114821;1;-0,191290036;0,257014214;-0,043549818;1;;;;;;;;;;;;;
720;-0,950864542;0,171282082;-0,049135458;1;-0,657214512;0,162635582;-0,269761654;1;-0,35096449;0,247284446;0,754822452;1;;;;;;;;;;;;;
721;-1,34951291;0,187999535;0,34951291;1;-0,762874915;0,165668214;-0,152361205;1;0,116807932;0,255941874;-1,584039658;1;;;;;;;;;;;;;
722;-0,827467913;0,232507351;-0,172532087;1;-1,110238259;0,200191133;0,233598066;1;-0,060205679;0,308712557;-0,698971604;1;;;;;;;;;;;;;
723;-0,829621181;0,203986677;-0,170378819;1;-0,908982906;0,182185752;0,009981007;1;-0,397628758;0,290913912;0,988143792;1;;;;;;;;;;;;;
724;-1,262886132;0,199551676;0,262886132;1;-0,976543698;0,182790331;0,085048553;1;0,101512188;0,280432167;-1,50756094;1;;;;;;;;;;;;;
725;-0,91799079;0,188869922;-0,08200921;1;-0,904499645;0,184716496;0,004999605;1;-0,288191305;0,266953689;0,440956527;1;;;;;;;;;;;;;
726;-1,178389355;0,156639099;0,178389355;1;-0,723479224;0,162238409;-0,196134195;1;-0,146861658;0,245700965;-0,265691709;1;;;;;;;;;;;;;
727;-1,01307591;0,163791004;0,01307591;1;-0,953951956;0,177210904;0,059946618;1;-0,410760233;0,239608572;1,053801165;1;;;;;;;;;;;;;
728;-0,905220447;0,197203094;-0,094779553;1;-0,830038382;0,176598404;-0,077735131;1;0,086054898;0,281965375;-1,430274489;1;;;;;;;;;;;;;
729;-0,96016369;0,167113253;-0,03983631;1;-1,039814181;0,179116876;0,15534909;1;-0,372907592;0,253587779;0,864537958;1;;;;;;;;;;;;;
730;-1,158321435;0,197011666;0,158321435;1;-1,093778648;0,196013105;0,215309609;1;-0,123525948;0,288908075;-0,382370259;1;;;;;;;;;;;;;
731;-0,825975569;0,17822731;-0,174024431;1;-1,093895017;0,177443895;0,215438908;1;-0,048178534;0,237513995;-0,759107331;1;;;;;;;;;;;;;
732;-1,260846821;0,195395155;0,260846821;1;-0,712996473;0,173894503;-0,207781696;1;-0,052297797;0,269102535;-0,738511014;1;;;;;;;;;;;;;
733;-1,148631405;0,169962145;0,148631405;1;-0,971190231;0,169028905;0,079100257;1;0,103730675;0,229275264;-1,518653375;1;;;;;;;;;;;;;
734;-0,86954499;0,169164095;-0,13045501;1;-0,86570596;0,172713864;-0,038104489;1;-0,539832148;0,256137269;1,69916074;1;;;;;;;;;;;;;
735;-1,00978969;0,177915696;0,00978969;1;-1,054586992;0,193633794;0,171763325;1;-0,431203468;0,271251089;1,156017342;1;;;;;;;;;;;;;
736;-0,459752014;0,186739721;-0,540247986;0;-0,75664853;0,161825128;-0,159279411;1;-0,562574458;0,259413758;1,81287229;1;;;;;;;;;;;;;
737;-1,24660407;0,198739132;0,24660407;1;-1,065705053;0,194588641;0,184116725;1;-0,100418863;0,287641558;-0,497905687;1;;;;;;;;;;;;;
738;-0,860869129;0,18233956;-0,139130871;1;-1,161853269;0,188206133;0,290948077;1;-0,108953018;0,258589591;-0,45523491;1;;;;;;;;;;;;;
739;-1,013266284;0,187594449;0,013266284;1;-1,059058557;0,178417702;0,17673173;1;0,221117511;0,25044563;-2,105587557;1;;;;;;;;;;;;;
740;-0,837705504;0,167755797;-0,162294496;1;-0,909459091;0,171679463;0,010510101;1;-0,552159977;0,253516227;1,760799886;1;;;;;;;;;;;;;
741;-1,269740001;0,194666078;0,269740001;1;-0,912287326;0,190928226;0,013652584;1;-0,353798643;0,306066797;0,768993215;1;;;;;;;;;;;;;
742;-1,605497504;0,252794231;0,605497504;0;-1,29954167;0,224678396;0,443935189;1;0,572819614;0,333072443;-3,864098072;0;;;;;;;;;;;;;
743;-1,019010997;0,171516567;0,019010997;1;-0,866403953;0,176747628;-0,037328941;1;-0,327180838;0,259583486;0,635904191;1;;;;;;;;;;;;;
744;-0,792227359;0,160286796;-0,207772641;1;-0,998126351;0,165375463;0,109029279;1;-0,115948199;0,231373408;-0,420259004;1;;;;;;;;;;;;;
745;-0,77138594;0,159303867;-0,22861406;1;-1,608908922;0,214003094;0,78767658;0;-0,283390023;0,223234581;0,416950114;1;;;;;;;;;;;;;
746;-0,884908073;0,209231298;-0,115091927;1;-0,829212857;0,176326041;-0,078652382;1;-0,030913861;0,274998773;-0,845430696;1;;;;;;;;;;;;;
747;-0,900677443;0,154542232;-0,099322557;1;-1,252055847;0,179777322;0,391173163;1;-0,179147689;0,228925751;-0,104261553;1;;;;;;;;;;;;;
748;-0,980904013;0,202903076;-0,019095987;1;-0,701691748;0,170623093;-0,220342502;1;0,250188261;0,27437008;-2,250941304;1;;;;;;;;;;;;;
749;-1,001270237;0,174621571;0,001270237;1;-0,901876228;0,175839448;0,002084698;1;-0,264278141;0,259176355;0,321390707;1;;;;;;;;;;;;;
750;-1,097965888;0,187528728;0,097965888;1;-0,875242741;0,174887144;-0,027508066;1;0,143768146;0,243848856;-1,718840732;1;;;;;;;;;;;;;
751;-0,929511823;0,168826245;-0,070488177;1;-1,022264641;0,178533808;0,135849601;1;-0,297256517;0,250700552;0,486282584;1;;;;;;;;;;;;;
752;-0,872576119;0,166002132;-0,127423881;1;-0,930670221;0,165129457;0,034078023;1;-0,118714433;0,233256842;-0,406427833;1;;;;;;;;;;;;;
753;-1,147310876;0,217961922;0,147310876;1;-0,553001656;0,191055585;-0,385553715;1;-0,310951239;0,315416841;0,554756196;1;;;;;;;;;;;;;
754;-0,947840793;0,177495391;-0,052159207;1;-1,068751859;0,175481303;0,187502066;1;-0,005711681;0,261349403;-0,971441596;1;;;;;;;;;;;;;
755;-1,194356685;0,175457943;0,194356685;1;-0,969144492;0,17385855;0,076827214;1;-0,007789241;0,247482118;-0,961053793;1;;;;;;;;;;;;;
756;-1,178922111;0,180172351;0,178922111;1;-1,067587819;0,192475672;0,186208688;1;-0,085682276;0,255645951;-0,571588618;1;;;;;;;;;;;;;
757;-1,444254889;0,208364857;0,444254889;0;-0,64801622;0,182442442;-0,279981978;1;0,084730877;0,293166142;-1,423654386;1;;;;;;;;;;;;;
758;-0,745324235;0,191870783;-0,254675765;1;-0,830116701;0,178566498;-0,07764811;1;-0,545815121;0,292210289;1,729075603;1;;;;;;;;;;;;;
759;-1,012045701;0,155600041;0,012045701;1;-0,693752475;0,156164212;-0,229163916;1;-0,36234366;0,227755431;0,811718299;1;;;;;;;;;;;;;
760;-0,834163331;0,145367346;-0,165836669;1;-1,110017693;0,174562996;0,233352992;1;-0,21771517;0,216848328;0,08857585;1;;;;;;;;;;;;;
761;-0,61601016;0,150879559;-0,38398984;0;-0,980601366;0,168294669;0,089557074;1;-0,702844338;0,229373721;2,514221691;0;;;;;;;;;;;;;
762;-1,13321424;0,175196747;0,13321424;1;-0,609108151;0,164601133;-0,323213166;1;-0,202315905;0,257487658;0,011579525;1;;;;;;;;;;;;;
763;-1,113618384;0,181883331;0,113618384;1;-0,817439349;0,167701193;-0,091734057;1;-0,001957618;0,262884783;-0,990211908;1;;;;;;;;;;;;;
764;-0,910583189;0,172273298;-0,089416811;1;-1,123395306;0,185257309;0,248217006;1;-0,316474924;0,256763409;0,582374622;1;;;;;;;;;;;;;
765;-0,790129156;0,177063148;-0,209870844;1;-1,025854092;0,175984302;0,13983788;1;-0,23668268;0,240790275;0,183413399;1;;;;;;;;;;;;;
766;-0,679514894;0,188205686;-0,320485106;1;-0,887599139;0,185931614;-0,013778735;1;-0,723049183;0,298707383;2,615245914;1;;;;;;;;;;;;;
767;-1,199141513;0,206941453;0,199141513;1;-0,839185521;0,173592999;-0,067571644;1;0,427681084;0,28296229;-3,13840542;0;;;;;;;;;;;;;
768;-1,065033205;0,163385404;0,065033205;1;-1,110555034;0,180720196;0,233950038;1;-0,243950003;0,246978668;0,219750017;1;;;;;;;;;;;;;
769;-1,440634626;0,219632399;0,440634626;0;-0,692652281;0,195356583;-0,230386355;1;-0,120257835;0,31081285;-0,398710824;1;;;;;;;;;;;;;
770;-1,148405336;0,194429623;0,148405336;1;-1,188454348;0,201657413;0,320504832;1;-0,34909061;0,286623762;0,745453052;1;;;;;;;;;;;;;
771;-1,044804192;0,172888996;0,044804192;1;-1,080021283;0,181834624;0,200023648;1;-0,089640892;0,254380651;-0,551795539;1;;;;;;;;;;;;;
772;-1,001458258;0,161455727;0,001458258;1;-0,966813729;0,171281071;0,074237476;1;0,069426338;0,231985878;-1,347131692;1;;;;;;;;;;;;;
773;-0,975453881;0,207980325;-0,024546119;1;-1,115029035;0,193032866;0,23892115;1;0,00383905;0,273376761;-1,019195248;1;;;;;;;;;;;;;
774;-1,310995199;0,208308666;0,310995199;1;-0,995242676;0,19294022;0,105825196;1;0,082485255;0,293272093;-1,412426276;1;;;;;;;;;;;;;
775;-0,824896113;0,152942881;-0,175103887;1;-0,940995387;0,162392759;0,04555043;1;-0,320672763;0,233157354;0,603363815;1;;;;;;;;;;;;;
776;-0,745808131;0,164045516;-0,254191869;1;-0,823014965;0,163188522;-0,085538927;1;-0,376097636;0,232237064;0,880488181;1;;;;;;;;;;;;;
777;-0,971638391;0,173864215;-0,028361609;1;-0,816050408;0,16402752;-0,093277324;1;-0,133714915;0,244593178;-0,331425427;1;;;;;;;;;;;;;
778;-1,036537355;0,180250707;0,036537355;1;-0,759359402;0,168502602;-0,156267331;1;-0,457887851;0,267734967;1,289439254;1;;;;;;;;;;;;;
779;-1,081334968;0,162022891;0,081334968;1;-0,817321189;0,168925623;-0,091865345;1;-0,243897362;0,244547488;0,219486812;1;;;;;;;;;;;;;
780;-0,969767814;0,189387636;-0,030232186;1;-0,872799154;0,184024236;-0,030223163;1;-0,626961647;0,288958437;2,134808234;1;;;;;;;;;;;;;
781;-0,896727604;0,189984503;-0,103272396;1;-0,684059154;0,17045796;-0,239934274;1;-0,337172612;0,273251976;0,685863059;1;;;;;;;;;;;;;
782;-0,869709424;0,126575868;-0,130290576;1;-0,974900682;0,158817703;0,08322298;1;-0,286353055;0,216668122;0,431765277;1;;;;;;;;;;;;;
783;-1,276272322;0,192870395;0,276272322;1;-0,759838959;0,181724871;-0,15573449;1;-0,085565659;0,278481833;-0,572171706;1;;;;;;;;;;;;;
784;-1,15226567;0,199853203;0,15226567;1;-0,767723;0,187503479;-0,146974444;1;-0,176647965;0,289007871;-0,116760173;1;;;;;;;;;;;;;
785;-0,918239995;0,146180042;-0,081760005;1;-1,100014871;0,170767735;0,222238746;1;-0,291441357;0,220917942;0,457206787;1;;;;;;;;;;;;;
786;-0,949844132;0,16926232;-0,050155868;1;-0,796656339;0,177638754;-0,11482629;1;-0,660652514;0,289659942;2,303262571;1;;;;;;;;;;;;;
787;-1,09781506;0,200620061;0,09781506;1;-0,98586813;0,184167777;0,095409033;1;-0,115933812;0,288069403;-0,420330938;1;;;;;;;;;;;;;
788;-0,946863806;0,184832773;-0,053136194;1;-0,802493578;0,186500015;-0,108340469;1;-0,412433924;0,294711206;1,062169619;1;;;;;;;;;;;;;
789;-0,73969419;0,159255037;-0,26030581;1;-1,17400402;0,177050942;0,304448911;1;-0,330895046;0,236943056;0,654475231;1;;;;;;;;;;;;;
790;-1,285334267;0,213926211;0,285334267;1;-1,29136562;0,227635225;0,434850689;1;-0,199587901;0,314561372;-0,002060493;1;;;;;;;;;;;;;
791;-1,012676766;0,200599233;0,012676766;1;-1,121036268;0,194456362;0,245595853;1;-0,480715064;0,294779993;1,403575322;1;;;;;;;;;;;;;
792;-1,154396229;0,22302928;0,154396229;1;-0,846206884;0,18094;-0,059770129;1;0,259794319;0,299703757;-2,298971595;1;;;;;;;;;;;;;
793;-1,021737519;0,188961715;0,021737519;1;-0,758370082;0,16385375;-0,157366575;1;0,056153521;0,239351242;-1,280767606;1;;;;;;;;;;;;;
794;-0,945503373;0,163900996;-0,054496627;1;-0,625041534;0,156127607;-0,305509407;1;-0,192114978;0,249924651;-0,039425112;1;;;;;;;;;;;;;
795;-1,267229368;0,172427102;0,267229368;1;-0,620813623;0,159011745;-0,310207085;1;-0,017313678;0,245406981;-0,913431609;1;;;;;;;;;;;;;
796;-0,814268587;0,180132136;-0,185731413;1;-1,007537512;0,182029715;0,119486125;1;-0,290904252;0,272516594;0,454521258;1;;;;;;;;;;;;;
797;-1,190013269;0,18071164;0,190013269;1;-1,287753772;0,200873022;0,430837524;1;-0,01972879;0,252038575;-0,901356048;1;;;;;;;;;;;;;
798;-1,075668546;0,17139285;0,075668546;1;-0,696672798;0,164753573;-0,225919114;1;-0,197152154;0,259434761;-0,01423923;1;;;;;;;;;;;;;
799;-0,99446211;0,177690193;-0,00553789;1;-0,996030285;0,190810157;0,106700317;1;-0,382990424;0,259229713;0,914952119;1;;;;;;;;;;;;;
800;-0,996753171;0,163515985;-0,003246829;1;-0,822508296;0,170468724;-0,086101893;1;-0,396333359;0,249671213;0,981666797;1;;;;;;;;;;;;;
801;-1,0786899;0,185501334;0,0786899;1;-1,063554577;0,18318862;0,181727308;1;-0,082951579;0,264069192;-0,585242104;1;;;;;;;;;;;;;
802;-0,793147081;0,162178812;-0,206852919;1;-0,988234137;0,180256693;0,09803793;1;-0,506824462;0,251702097;1,534122309;1;;;;;;;;;;;;;
803;-1,055359067;0,200124627;0,055359067;1;-0,969681815;0,186105674;0,077424239;1;-0,189709081;0,272283359;-0,051454597;1;;;;;;;;;;;;;
804;-0,924461814;0,154174803;-0,075538186;1;-0,979331482;0,160783165;0,088146091;1;-0,259556823;0,223493341;0,297784114;1;;;;;;;;;;;;;
805;-0,753630222;0,17387148;-0,246369778;1;-1,109631048;0,18913038;0,232923386;1;-0,419690882;0,263043258;1,098454411;1;;;;;;;;;;;;;
806;-0,810181404;0,15656563;-0,189818596;1;-0,838812197;0,171775164;-0,067986448;1;-0,473188317;0,240339272;1,365941583;1;;;;;;;;;;;;;
807;-1,503728263;0,22700739;0,503728263;0;-0,916278364;0,189896292;0,018087072;1;0,507454512;0,313202561;-3,537272561;0;;;;;;;;;;;;;
808;-1,178200407;0,172842971;0,178200407;1;-0,68225615;0,164533195;-0,241937611;1;-0,382883972;0,255036658;0,914419862;1;;;;;;;;;;;;;
809;-1,012206867;0,174473582;0,012206867;1;-0,810396447;0,166688314;-0,099559503;1;-0,194574864;0,264635426;-0,027125681;1;;;;;;;;;;;;;
810;-0,791741635;0,187661475;-0,208258365;1;-0,922015659;0,174475773;0,024461843;1;-0,342383912;0,259308423;0,711919559;1;;;;;;;;;;;;;
811;-1,123959493;0,159540487;0,123959493;1;-1,025761558;0,164698706;0,139735065;1;-0,052403264;0,234238802;-0,737983681;1;;;;;;;;;;;;;
812;-0,934549253;0,182538301;-0,065450747;1;-1,310238287;0,203600703;0,455820319;0;-0,123170377;0,257724109;-0,384148117;1;;;;;;;;;;;;;
813;-1,263671845;0,18886907;0,263671845;1;-0,892382476;0,188573959;-0,008463916;1;-0,166939156;0,282236342;-0,165304222;1;;;;;;;;;;;;;
814;-1,324614725;0,167648919;0,324614725;1;-0,885140888;0,166796834;-0,016510125;1;-0,036313694;0,244222017;-0,818431532;1;;;;;;;;;;;;;
815;-0,869282214;0,163997646;-0,130717786;1;-0,873421901;0,17289735;-0,029531222;1;-0,529537375;0,260969117;1,647686875;1;;;;;;;;;;;;;
816;-0,999683248;0,148745267;-0,000316752;1;-0,741424217;0,142318339;-0,176195314;1;-0,104195388;0,217043195;-0,479023061;1;;;;;;;;;;;;;
817;-1,112172589;0,169972795;0,112172589;1;-0,67072286;0,161661571;-0,254752378;1;-0,514918882;0,255732427;1,574594411;1;;;;;;;;;;;;;
818;-1,188110335;0,185232954;0,188110335;1;-0,604752699;0,164232419;-0,328052556;1;-0,086718123;0,266674136;-0,566409386;1;;;;;;;;;;;;;
819;-1,078313692;0,197957461;0,078313692;1;-1,05315911;0,182422871;0,170176789;1;0,012238439;0,273205589;-1,061192193;1;;;;;;;;;;;;;
820;-0,730216408;0,212059399;-0,269783592;1;-0,777135379;0,182791967;-0,136516246;1;-0,401487022;0,281923927;1,007435112;1;;;;;;;;;;;;;
821;-0,834828407;0,182266188;-0,165171593;1;-1,147262651;0,196019336;0,274736278;1;-0,454276041;0,269849003;1,271380207;1;;;;;;;;;;;;;
822;-1,098638424;0,164901643;0,098638424;1;-0,901862469;0,168350855;0,00206941;1;-0,101080845;0,239414613;-0,494595777;1;;;;;;;;;;;;;
823;-1,049707609;0,180422253;0,049707609;1;-1,005475199;0,182100165;0,117194665;1;-0,388927074;0,272645782;0,944635371;1;;;;;;;;;;;;;
824;-0,877160907;0,141250435;-0,122839093;1;-0,921667799;0,157817871;0,024075332;1;-0,580317878;0,221238598;1,901589391;1;;;;;;;;;;;;;
825;-1,064374266;0,150907395;0,064374266;1;-0,904685525;0,16540507;0,005206139;1;-0,374177659;0,233181833;0,870888295;1;;;;;;;;;;;;;
826;-0,888300434;0,16361581;-0,111699566;1;-0,979179186;0,173040045;0,087976874;1;-0,224555031;0,236027116;0,122775157;1;;;;;;;;;;;;;
827;-1,109474019;0,187935101;0,109474019;1;-0,809948557;0,175519833;-0,100057159;1;-0,01251866;0,283834678;-0,937406698;1;;;;;;;;;;;;;
828;-0,940167137;0,166899872;-0,059832863;1;-0,807130397;0,164733295;-0,103188447;1;-0,094494028;0,239235927;-0,527529861;1;;;;;;;;;;;;;
829;-0,910874679;0,147733559;-0,089125321;1;-0,960275769;0,165489044;0,066973077;1;-0,248899093;0,232337072;0,244495464;1;;;;;;;;;;;;;
830;-1,035737127;0,147133812;0,035737127;1;-0,970790335;0,1603439;0,078655927;1;0,13520998;0,212887962;-1,6760499;1;;;;;;;;;;;;;
831;-0,930689105;0,187662485;-0,069310895;1;-0,743488998;0,172395098;-0,173901114;1;-0,203639975;0,254573456;0,018199873;1;;;;;;;;;;;;;
832;-0,798916068;0,23773626;-0,201083932;1;-0,618411015;0,181263629;-0,31287665;1;-0,421131305;0,31843554;1,105656524;1;;;;;;;;;;;;;
833;-0,735155525;0,192204106;-0,264844475;1;-0,893016763;0,181641912;-0,007759152;1;-0,686792495;0,293397054;2,433962475;1;;;;;;;;;;;;;
834;-1,115934551;0,16368843;0,115934551;1;-1,007849645;0,175564212;0,119832939;1;-0,184195178;0,249463641;-0,07902411;1;;;;;;;;;;;;;
835;-0,852959908;0,160133725;-0,147040092;1;-0,86304398;0,156761443;-0,041062244;1;-0,049127658;0,211312001;-0,754361712;1;;;;;;;;;;;;;
836;-0,683798583;0,163395458;-0,316201417;1;-0,987628323;0,168254723;0,097364803;1;-0,461344024;0,229762478;1,30672012;1;;;;;;;;;;;;;
837;-0,783363565;0,161239603;-0,216636435;1;-1,058264902;0,1758995;0,175849891;1;-0,513166439;0,245910811;1,565832195;1;;;;;;;;;;;;;
838;-1,406168549;0,2236514;0,406168549;1;-0,881447589;0,189463992;-0,02061379;1;0,241123218;0,299720784;-2,205616088;1;;;;;;;;;;;;;
839;-1,04630082;0,162191001;0,04630082;1;-1,314242973;0,193270171;0,46026997;0;-0,468145508;0,252871981;1,340727538;1;;;;;;;;;;;;;
840;-1,358505056;0,228811077;0,358505056;1;-0,765572097;0,194545637;-0,149364337;1;0,081943179;0,290566849;-1,409715896;1;;;;;;;;;;;;;
841;-0,77802203;0,163978188;-0,22197797;1;-0,898483251;0,166230091;-0,001685277;1;-0,454346491;0,244143151;1,271732455;1;;;;;;;;;;;;;
842;-0,912688149;0,168052012;-0,087311851;1;-1,099407856;0,192330616;0,221564284;1;-0,71119224;0,274750347;2,555961198;1;;;;;;;;;;;;;
843;-1,375425343;0,200497798;0,375425343;1;-0,771373148;0,173645006;-0,142918725;1;0,015359412;0,266165463;-1,07679706;1;;;;;;;;;;;;;
844;-0,964634158;0,165469048;-0,035365842;1;-0,864370758;0,167311349;-0,039588047;1;-0,513316782;0,248800102;1,566583912;1;;;;;;;;;;;;;
845;-0,991470154;0,167901098;-0,008529846;1;-1,069005057;0,186907874;0,187783397;1;-0,231272304;0,252883828;0,156361522;1;;;;;;;;;;;;;
846;-0,832214215;0,179044457;-0,167785785;1;-0,75913252;0,175016097;-0,156519422;1;-0,126366599;0,267698578;-0,368167005;1;;;;;;;;;;;;;
847;-1,234497443;0,186640239;0,234497443;1;-0,780331781;0,186047467;-0,132964687;1;-0,357276734;0,27953021;0,786383668;1;;;;;;;;;;;;;
848;-0,756119518;0,19142381;-0,243880482;1;-0,940392865;0,186449157;0,044880961;1;-0,368905826;0,294710952;0,84452913;1;;;;;;;;;;;;;
849;-0,731907996;0,157046764;-0,268092004;1;-0,826471128;0,170432729;-0,081698747;1;-0,856425422;0,264280826;3,282127111;0;;;;;;;;;;;;;
850;-1,22471815;0,183937457;0,22471815;1;-1,078728549;0,185159367;0,198587276;1;0,071336743;0,252085415;-1,356683713;1;;;;;;;;;;;;;
851;-0,817978879;0,136658431;-0,182021121;1;-1,212659758;0,172023941;0,347399731;1;-0,296298579;0,214405986;0,481492897;1;;;;;;;;;;;;;
852;-0,764946034;0,207019422;-0,235053966;1;-0,894772746;0,175594881;-0,00580806;1;0,069523569;0,266381662;-1,347617846;1;;;;;;;;;;;;;
853;-0,700796617;0,173841356;-0,299203383;1;-1,016986901;0,177144053;0,129985446;1;-0,561434608;0,256561072;1,807173041;1;;;;;;;;;;;;;
854;-1,362944989;0,214429367;0,362944989;1;-1,050270675;0,185149521;0,166967417;1;0,567848477;0,269487264;-3,839242386;0;;;;;;;;;;;;;
855;-1,08661371;0,151305523;0,08661371;1;-0,740554454;0,14718584;-0,177161718;1;-0,072594106;0,22655122;-0,637029472;1;;;;;;;;;;;;;
856;-1,091230678;0,18664318;0,091230678;1;-1,027136025;0,172834077;0,141262251;1;0,070325222;0,259637322;-1,351626109;1;;;;;;;;;;;;;
857;-0,88652838;0,165779998;-0,11347162;1;-0,67072973;0,157175918;-0,254744745;1;-0,286316877;0,241161189;0,431584384;1;;;;;;;;;;;;;
858;-0,648130646;0,126604313;-0,351869354;0;-1,154868235;0,169906884;0,283186928;1;-0,524741195;0,214616173;1,623705977;1;;;;;;;;;;;;;
859;-1,038294026;0,157314083;0,038294026;1;-1,049407015;0,174287698;0,166007795;1;-0,349367085;0,254912958;0,746835425;1;;;;;;;;;;;;;
860;-0,773656252;0,158373364;-0,226343748;1;-0,913016571;0,172166056;0,014462856;1;-0,491822231;0,239197122;1,459111154;1;;;;;;;;;;;;;
861;-0,999719971;0,156949117;-0,000280029;1;-0,861874644;0,173596191;-0,042361507;1;-0,530285253;0,241531978;1,651426267;1;;;;;;;;;;;;;
862;-1,150008044;0,187978655;0,150008044;1;-0,885022971;0,182177101;-0,016641144;1;-0,250368394;0,268173336;0,251841971;1;;;;;;;;;;;;;
863;-0,83217894;0,195729453;-0,16782106;1;-1,373863304;0,206647276;0,526514782;0;-0,466680581;0,277433592;1,333402904;1;;;;;;;;;;;;;
864;-0,972778596;0,172775665;-0,027221404;1;-0,872759947;0,168103533;-0,030266726;1;-0,255111412;0,254611576;0,275557062;1;;;;;;;;;;;;;
865;-0,918097954;0,178757719;-0,081902046;1;-1,201209417;0,192322729;0,33467713;1;-0,142065901;0,265470299;-0,289670495;1;;;;;;;;;;;;;
866;-0,829607685;0,177566372;-0,170392315;1;-1,072610584;0,180745742;0,191789538;1;-0,211746387;0,264960594;0,058731937;1;;;;;;;;;;;;;
867;-1,057713685;0,179236763;0,057713685;1;-0,890383763;0,171427717;-0,010684708;1;0,022751219;0,235432635;-1,113756094;1;;;;;;;;;;;;;
868;-1,277453147;0,175581158;0,277453147;1;-1,073319043;0,183812151;0,192576715;1;-0,084581304;0,250408393;-0,57709348;1;;;;;;;;;;;;;
869;-1,043381392;0,158142494;0,043381392;1;-1,167674097;0,180583005;0,297415663;1;-0,072373293;0,224448617;-0,638133533;1;;;;;;;;;;;;;
870;-1,030219799;0,193203305;0,030219799;1;-0,868781584;0,186347661;-0,034687129;1;-0,170822421;0,276241717;-0,145887893;1;;;;;;;;;;;;;
871;-0,842371565;0,199096918;-0,157628435;1;-1,098974768;0,193831577;0,221083075;1;-0,199948811;0,267916541;-0,000255947;1;;;;;;;;;;;;;
872;-1,034717993;0,167550294;0,034717993;1;-0,831125388;0,166456645;-0,076527346;1;-0,127496669;0,240075676;-0,362516657;1;;;;;;;;;;;;;
873;-0,95564219;0,167248936;-0,04435781;1;-0,975687869;0,164796965;0,084097632;1;-0,169079829;0,235814456;-0,154600856;1;;;;;;;;;;;;;
874;-1,22752162;0,196809829;0,22752162;1;-0,507673454;0,166360421;-0,435918384;0;-0,182546871;0,271704459;-0,087265644;1;;;;;;;;;;;;;
875;-0,767114976;0,187147206;-0,232885024;1;-1,031485391;0,189462846;0,146094879;1;-0,55073126;0,274336689;1,753656302;1;;;;;;;;;;;;;
876;-1,083836598;0,172846278;0,083836598;1;-1,120901436;0,184568266;0,24544604;1;0,067737319;0,248777212;-1,338686593;1;;;;;;;;;;;;;
877;-0,923953971;0,14637676;-0,076046029;1;-0,888143236;0,161178158;-0,013174182;1;-0,48833036;0,229752256;1,4416518;1;;;;;;;;;;;;;
878;-1,022596895;0,160018693;0,022596895;1;-0,561799628;0,153256891;-0,375778191;0;-0,258500556;0,244363539;0,292502782;1;;;;;;;;;;;;;
879;-0,97125771;0,175280904;-0,02874229;1;-0,780426758;0,166728742;-0,132859157;1;-0,194546088;0,254967868;-0,02726956;1;;;;;;;;;;;;;
880;-0,814868389;0,199552479;-0,185131611;1;-0,979263853;0,183977304;0,088070947;1;-0,402133999;0,278580419;1,010669994;1;;;;;;;;;;;;;
881;-1,104811456;0,164291027;0,104811456;1;-0,774864898;0,159287364;-0,139039002;1;-0,017413821;0,233566914;-0,912930894;1;;;;;;;;;;;;;
882;-0,59563073;0,193150952;-0,40436927;0;-0,813071105;0,162872062;-0,096587661;1;-0,378980002;0,250237854;0,894900011;1;;;;;;;;;;;;;
883;-0,799678228;0,137961656;-0,200321772;1;-0,924921381;0,153136019;0,027690423;1;-0,145635284;0,213260998;-0,271823581;1;;;;;;;;;;;;;
884;-0,729644826;0,19161886;-0,270355174;1;-0,841429935;0,172979717;-0,06507785;1;-0,167144395;0,267362028;-0,164278027;1;;;;;;;;;;;;;
885;-1,058052681;0,180250031;0,058052681;1;-0,467352766;0,170043505;-0,480719149;0;-0,375769237;0,275192414;0,878846184;1;;;;;;;;;;;;;
886;-0,946416542;0,160324314;-0,053583458;1;-0,94831998;0,16756739;0,053688867;1;-0,030094698;0,243711675;-0,84952651;1;;;;;;;;;;;;;
887;-1,433056546;0,202610905;0,433056546;0;-1,186026;0,190159236;0,317806667;1;0,434065564;0,267830524;-3,170327818;0;;;;;;;;;;;;;
888;-1,164628057;0,200437112;0,164628057;1;-1,114454941;0,198194843;0,238283268;1;0,20677164;0,268643913;-2,033858198;1;;;;;;;;;;;;;
889;-0,921651094;0,151931268;-0,078348906;1;-0,899378155;0,158952454;-0,000690939;1;-0,370715642;0,238418009;0,853578212;1;;;;;;;;;;;;;
890;-0,847476533;0,169724798;-0,152523467;1;-1,106423109;0,181376111;0,22935901;1;-0,299329257;0,249679869;0,496646286;1;;;;;;;;;;;;;
891;-1,255930999;0,232846076;0,255930999;1;-1,042870185;0,207763383;0,15874465;1;-0,009229141;0,309373969;-0,953854293;1;;;;;;;;;;;;;
892;-1,291674985;0,203992801;0,291674985;1;-1,07656059;0,187549104;0,196178434;1;0,348693252;0,268224092;-2,743466259;0;;;;;;;;;;;;;
893;-1,365890651;0,195149073;0,365890651;1;-0,971688511;0,187290561;0,079653901;1;0,280937105;0,268893993;-2,404685525;1;;;;;;;;;;;;;
894;-0,993399877;0,144743653;-0,006600123;1;-0,869746199;0,162116109;-0,033615334;1;-0,299498578;0,214341553;0,497492891;1;;;;;;;;;;;;;
895;-0,960001775;0,16673146;-0,039998225;1;-1,099427148;0,180056314;0,22158572;1;-0,134967905;0,241164604;-0,325160473;1;;;;;;;;;;;;;
896;-0,996180409;0,232160769;-0,003819591;1;-1,294003507;0,221062453;0,437781675;1;-0,14199246;0,31433927;-0,290037698;1;;;;;;;;;;;;;
897;-1,095389165;0,210268233;0,095389165;1;-0,807552661;0,181230457;-0,102719266;1;0,04455335;0,277386471;-1,222766752;1;;;;;;;;;;;;;
898;-1,308148066;0,189135618;0,308148066;1;-1,012682402;0,182560273;0,125202669;1;-0,140272137;0,263304299;-0,298639317;1;;;;;;;;;;;;;
899;-1,067679991;0,18184057;0,067679991;1;-0,875113593;0,164940345;-0,027651564;1;0,180061287;0,256903422;-1,900306433;1;;;;;;;;;;;;;
900;-0,921829471;0,130714779;-0,078170529;1;-0,95341069;0,160607708;0,059345211;1;-0,385324803;0,217819358;0,926624013;1;;;;;;;;;;;;;
901;-1,236565516;0,178323802;0,236565516;1;-0,873054859;0,175567792;-0,029939045;1;-0,032972451;0,264925984;-0,835137743;1;;;;;;;;;;;;;
902;-0,847196084;0,16339589;-0,152803916;1;-0,857456697;0,159934634;-0,047270336;1;-0,051830384;0,24754741;-0,740848082;1;;;;;;;;;;;;;
903;-1,017582593;0,195401538;0,017582593;1;-0,888383027;0,187018496;-0,012907747;1;-0,184529701;0,282110386;-0,077351495;1;;;;;;;;;;;;;
904;-1,009487657;0,189770317;0,009487657;1;-0,95292804;0,194368648;0,058808934;1;-0,295974795;0,282422224;0,479873976;1;;;;;;;;;;;;;
905;-1,01921491;0,16454469;0,01921491;1;-0,826932684;0,158286209;-0,081185907;1;-0,074222758;0,244811283;-0,628886212;1;;;;;;;;;;;;;
906;-1,09908019;0,171930924;0,09908019;1;-1,082641041;0,183846042;0,20293449;1;-0,1648192;0,23716324;-0,175904001;1;;;;;;;;;;;;;
907;-0,909215353;0,162437586;-0,090784647;1;-1,322637817;0,187484314;0,469597575;0;-0,450668271;0,238877069;1,253341357;1;;;;;;;;;;;;;
908;-0,716992497;0,137574998;-0,283007503;0;-1,237228047;0,175029119;0,37469783;1;-0,378572332;0,215622653;0,892861662;1;;;;;;;;;;;;;
909;-0,811850798;0,16801903;-0,188149202;1;-1,358992305;0,204281598;0,50999145;0;-0,611068381;0,261888309;2,055341903;1;;;;;;;;;;;;;
910;-1,196266272;0,16413698;0,196266272;1;-0,664522512;0,163879489;-0,261641653;1;-0,295251145;0,246257218;0,476255726;1;;;;;;;;;;;;;
911;-1,200847751;0,200793606;0,200847751;1;-0,866311537;0,183748282;-0,037431625;1;0,118806636;0,279940078;-1,594033179;1;;;;;;;;;;;;;
912;-0,895280644;0,167483841;-0,104719356;1;-0,687348866;0,158997854;-0,236279038;1;-0,361272834;0,24953842;0,806364169;1;;;;;;;;;;;;;
913;-1,057868452;0,210841794;0,057868452;1;-0,845918857;0,184125466;-0,060090158;1;-0,191787783;0,280892132;-0,041061087;1;;;;;;;;;;;;;
914;-1,056324219;0,193216252;0,056324219;1;-0,810745917;0,178146729;-0,099171203;1;-0,375004798;0,28007069;0,87502399;1;;;;;;;;;;;;;
915;-0,780001529;0,188770267;-0,219998471;1;-1,063689325;0,187729418;0,181877028;1;-0,586082809;0,279812348;1,930414045;1;;;;;;;;;;;;;
916;-1,062277582;0,172721897;0,062277582;1;-0,953028314;0,171705434;0,058920349;1;0,127053445;0,244284084;-1,635267226;1;;;;;;;;;;;;;
917;-0,91639951;0,162943767;-0,08360049;1;-0,795282756;0,163138777;-0,116352493;1;-0,531299829;0,254349445;1,656499147;1;;;;;;;;;;;;;
918;-0,767404653;0,147670132;-0,232595347;1;-1,160771382;0,182553355;0,289745979;1;-0,63284644;0,233271528;2,164232199;1;;;;;;;;;;;;;
919;-1,030114838;0,132951497;0,030114838;1;-0,851992039;0,164586075;-0,053342179;1;-0,390536316;0,212657119;0,952681582;1;;;;;;;;;;;;;
920;-0,904575323;0,157463426;-0,095424677;1;-0,678962174;0,162375542;-0,245597584;1;-0,910447824;0,251526083;3,552239118;0;;;;;;;;;;;;;
921;-1,447957489;0,211893026;0,447957489;0;-0,990269941;0,184953044;0,100299935;1;0,416234347;0,271517755;-3,081171735;0;;;;;;;;;;;;;
922;-0,897976718;0,163921078;-0,102023282;1;-1,011774081;0,18058652;0,124193423;1;-0,274370389;0,244914722;0,371851947;1;;;;;;;;;;;;;
923;-0,879118482;0,154179326;-0,120881518;1;-0,912802561;0,168346426;0,014225068;1;-0,396162647;0,239436056;0,980813237;1;;;;;;;;;;;;;
924;-0,822506425;0,151953135;-0,177493575;1;-1,025649036;0,168591424;0,13961004;1;-0,445049386;0,234250005;1,225246929;1;;;;;;;;;;;;;
925;-0,681259251;0,171134344;-0,318740749;1;-1,204297415;0,189226765;0,338108239;1;-0,474643837;0,255002336;1,373219185;1;;;;;;;;;;;;;
926;-0,965146054;0,167820108;-0,034853946;1;-0,968265272;0,173281312;0,075850302;1;-0,204987287;0,247912472;0,024936435;1;;;;;;;;;;;;;
927;-1,385542831;0,201274742;0,385542831;1;-0,964522189;0,199015763;0,071691321;1;-0,095685926;0,294997615;-0,52157037;1;;;;;;;;;;;;;
928;-1,104982163;0,169112772;0,104982163;1;-0,857782339;0,171796259;-0,046908512;1;-0,208889671;0,252208087;0,044448355;1;;;;;;;;;;;;;
929;-1,022151139;0,181026246;0,022151139;1;-0,818657183;0,15952447;-0,090380907;1;0,06082463;0,246239029;-1,304123149;1;;;;;;;;;;;;;
930;-1,042264486;0,167377749;0,042264486;1;-0,923343414;0,162809014;0,025937126;1;-0,204503904;0,242765809;0,022519519;1;;;;;;;;;;;;;
931;-1,032880887;0,189992891;0,032880887;1;-0,978713934;0,17280802;0,087459927;1;0,338423711;0,24901061;-2,692118557;0;;;;;;;;;;;;;
932;-0,91580958;0,161647595;-0,08419042;1;-0,944374236;0,176166832;0,049304707;1;-0,46667395;0,26332295;1,333369752;1;;;;;;;;;;;;;
933;-0,884791908;0,176750436;-0,115208092;1;-0,97336896;0,180995021;0,081521067;1;-0,340746381;0,254098025;0,703731905;1;;;;;;;;;;;;;
934;-1,429989609;0,188994352;0,429989609;0;-0,895583729;0,169847656;-0,004906968;1;0,538498582;0,23800815;-3,692492911;0;;;;;;;;;;;;;
935;-0,871728148;0,180290159;-0,128271852;1;-0,964530393;0,1843165;0,071700437;1;-0,223314078;0,257712946;0,116570389;1;;;;;;;;;;;;;
936;-0,833273161;0,211548966;-0,166726839;1;-0,930517405;0,183581251;0,033908227;1;-0,096991788;0,284594489;-0,515041059;1;;;;;;;;;;;;;
937;-1,007637339;0,204008322;0,007637339;1;-0,813616258;0,178532768;-0,095981936;1;0,056341191;0,291876383;-1,281705953;1;;;;;;;;;;;;;
938;-0,528744771;0,215780186;-0,471255229;0;-1,049113959;0,196402165;0,165682176;1;-0,578360719;0,303167579;1,891803595;1;;;;;;;;;;;;;
939;-1,047340376;0,182750419;0,047340376;1;-0,665998653;0,171174217;-0,260001497;1;-0,640747585;0,275183316;2,203737924;1;;;;;;;;;;;;;
940;-0,998070347;0,146293981;-0,001929653;1;-0,87790219;0,160827683;-0,024553122;1;-0,123625789;0,216621468;-0,381871057;1;;;;;;;;;;;;;
941;-0,95373723;0,158309027;-0,04626277;1;-0,654526817;0,153439487;-0,272747981;1;-0,402118852;0,236938703;1,010594258;1;;;;;;;;;;;;;
942;-0,648478061;0,164711951;-0,351521939;0;-0,802549967;0,15193372;-0,108277814;1;-0,19509848;0,239439446;-0,0245076;1;;;;;;;;;;;;;
943;-0,79144751;0,18114926;-0,20855249;1;-0,76695047;0,165136506;-0,147832811;1;-0,402561811;0,260181895;1,012809055;1;;;;;;;;;;;;;
944;-1,079218324;0,210904691;0,079218324;1;-0,715006828;0,196793246;-0,205547969;1;-0,354700995;0,313641368;0,773504973;1;;;;;;;;;;;;;
945;-1,092414689;0,189453003;0,092414689;1;-0,670416063;0,167048422;-0,255093264;1;-0,095629699;0,270670312;-0,521851507;1;;;;;;;;;;;;;
946;-1,131028432;0,161695688;0,131028432;1;-1,005841302;0,163607385;0,117601447;1;0,045015272;0,228891603;-1,225076361;1;;;;;;;;;;;;;
947;-0,938073989;0,160887127;-0,061926011;1;-1,192471974;0,184105475;0,324968859;1;-0,155840071;0,240511764;-0,220799645;1;;;;;;;;;;;;;
948;-1,081540045;0,178111307;0,081540045;1;-1,053653292;0,177283236;0,17072588;1;0,234963638;0,240884104;-2,174818191;1;;;;;;;;;;;;;
949;-0,992388031;0,17161488;-0,007611969;1;-0,900203697;0,177903317;0,00022633;1;-0,196601807;0,256608146;-0,016990966;1;;;;;;;;;;;;;
950;-0,916232549;0,192608779;-0,083767451;1;-1,096846643;0,192476799;0,218718492;1;-0,440598957;0,279599514;1,202994783;1;;;;;;;;;;;;;
951;-1,094918626;0,157310323;0,094918626;1;-1,012547258;0,173672528;0,125052509;1;-0,206322832;0,239701684;0,03161416;1;;;;;;;;;;;;;
952;-1,182646841;0,17511387;0,182646841;1;-0,771677334;0,154655497;-0,14258074;1;0,270885721;0,236416662;-2,354428603;0;;;;;;;;;;;;;
953;-1,310356172;0,184898415;0,310356172;1;-0,865638309;0,17517098;-0,038179657;1;-0,084151252;0,249512435;-0,57924374;1;;;;;;;;;;;;;
954;-1,376059793;0,177654611;0,376059793;0;-0,519147836;0,157476269;-0,423169071;0;0,012765495;0,24217193;-1,063827477;1;;;;;;;;;;;;;
955;-0,672673324;0,172404821;-0,327326676;1;-1,028962717;0,175261847;0,143291907;1;-0,33686953;0,25281276;0,684347652;1;;;;;;;;;;;;;
956;-1,231682341;0,174198114;0,231682341;1;-0,893860382;0,168010548;-0,006821797;1;0,035390991;0,24886006;-1,176954956;1;;;;;;;;;;;;;
957;-0,810127477;0,156904921;-0,189872523;1;-0,761744272;0,161655018;-0,153617475;1;-0,19349412;0,232357684;-0,032529398;1;;;;;;;;;;;;;
958;-0,94348323;0,141616679;-0,05651677;1;-0,98846587;0,179700136;0,098295411;1;-0,714335538;0,250817092;2,571677691;0;;;;;;;;;;;;;
959;-1,244923975;0,164716887;0,244923975;1;-1,038207732;0,176678331;0,153564147;1;-0,016070795;0,239479739;-0,919646024;1;;;;;;;;;;;;;
960;-1,01287732;0,163164675;0,01287732;1;-1,046422056;0,180928562;0,162691173;1;-0,117426073;0,231425138;-0,412869633;1;;;;;;;;;;;;;
961;-0,900401319;0,147471075;-0,099598681;1;-0,973433979;0,166926791;0,08159331;1;-0,243252511;0,228981988;0,216262555;1;;;;;;;;;;;;;
962;-1,048047128;0,188780073;0,048047128;1;-1,15382963;0,190533777;0,282032922;1;-0,200257282;0,264926926;0,001286409;1;;;;;;;;;;;;;
963;-0,857118093;0,158653737;-0,142881907;1;-0,984546027;0,174698242;0,09394003;1;-0,139587182;0,238959983;-0,302064091;1;;;;;;;;;;;;;
964;-1,187243594;0,181057164;0,187243594;1;-0,987493834;0,18730747;0,097215371;1;-0,276433053;0,264579952;0,382165263;1;;;;;;;;;;;;;
965;-0,785037486;0,170634362;-0,214962514;1;-0,905028843;0,174877779;0,005587603;1;-0,26121879;0,253830819;0,306093948;1;;;;;;;;;;;;;
966;-1,131176395;0,1847617;0,131176395;1;-0,737566873;0,171683691;-0,180481252;1;0,015314341;0,264340484;-1,076571703;1;;;;;;;;;;;;;
967;-1,096995803;0,149616826;0,096995803;1;-0,781043141;0,150077593;-0,132174288;1;0,0089397;0,208167847;-1,044698499;1;;;;;;;;;;;;;
968;-1,149118174;0,1746873;0,149118174;1;-1,132392099;0,193948955;0,258213443;1;-0,370563113;0,260623045;0,852815564;1;;;;;;;;;;;;;
969;-0,785272203;0,152354509;-0,214727797;1;-0,885398129;0,165134966;-0,016224301;1;-0,59280549;0,247420487;1,964027452;1;;;;;;;;;;;;;
970;-1,101630985;0,184460951;0,101630985;1;-0,967647176;0,184068023;0,075163529;1;-0,083423861;0,273555651;-0,582880697;1;;;;;;;;;;;;;
971;-0,999767191;0,193416949;-0,000232809;1;-0,751970419;0,162510546;-0,164477312;1;0,272698438;0,251919519;-2,36349219;1;;;;;;;;;;;;;
972;-0,814633032;0,177293026;-0,185366968;1;-1,10782935;0,185155314;0,2309215;1;-0,405349923;0,253465761;1,026749613;1;;;;;;;;;;;;;
973;-0,812641665;0,157095089;-0,187358335;1;-0,879739503;0,167113415;-0,022511664;1;-0,545052541;0,238215696;1,725262703;1;;;;;;;;;;;;;
974;-1,068363954;0,158323288;0,068363954;1;-0,812019851;0,153624285;-0,097755721;1;0,113332207;0,218237929;-1,566661033;1;;;;;;;;;;;;;
975;-1,280260917;0,183861951;0,280260917;1;-0,439675285;0,165170826;-0,511471906;0;-0,26764376;0,273501676;0,338218801;1;;;;;;;;;;;;;
976;-1,10809516;0,197092072;0,10809516;1;-0,961777912;0,178896375;0,068642124;1;-0,070540857;0,274911714;-0,647295714;1;;;;;;;;;;;;;
977;-1,043106064;0,177065408;0,043106064;1;-0,905120277;0,182425638;0,005689196;1;-0,490855147;0,277038198;1,454275733;1;;;;;;;;;;;;;
978;-1,192027862;0,183521448;0,192027862;1;-0,684068473;0,156512199;-0,239923919;1;0,26294084;0,241425556;-2,314704202;1;;;;;;;;;;;;;
979;-1,097616915;0,186770692;0,097616915;1;-0,752371164;0,17731786;-0,16403204;1;-0,417291499;0,28027936;1,086457496;1;;;;;;;;;;;;;
980;-0,927132324;0,200758095;-0,072867676;1;-0,999515444;0,192343616;0,110572716;1;-0,3130827;0,285775652;0,5654135;1;;;;;;;;;;;;;
981;-0,842870034;0,148259194;-0,157129966;1;-0,99427101;0,162342031;0,104745567;1;-0,10281785;0,21502298;-0,485910752;1;;;;;;;;;;;;;
982;-1,487215458;0,19952232;0,487215458;0;-0,679604933;0,165433276;-0,244883408;1;0,420458626;0,254406433;-3,102293132;0;;;;;;;;;;;;;
983;-0,803856081;0,175194334;-0,196143919;1;-1,041989568;0,18627485;0,157766187;1;-0,291081768;0,257244322;0,455408841;1;;;;;;;;;;;;;
984;-1,066842252;0,223025706;0,066842252;1;-0,952664556;0,203328105;0,058516174;1;0,010258297;0,284519186;-1,051291486;1;;;;;;;;;;;;;
985;-1,104916356;0,188366787;0,104916356;1;-1,054888696;0,177528437;0,172098551;1;0,140030737;0,267166936;-1,700153687;1;;;;;;;;;;;;;
986;-1,16700636;0,152123241;0,16700636;1;-0,692876082;0,144165979;-0,230137687;1;0,083075249;0,215689906;-1,415376244;1;;;;;;;;;;;;;
987;-1,091574538;0,199714982;0,091574538;1;-0,715427532;0,171686922;-0,20508052;1;0,019550921;0,262667966;-1,097754607;1;;;;;;;;;;;;;
988;-1,117009443;0,176672525;0,117009443;1;-1,189175695;0,189861517;0,321306327;1;0,047238272;0,243946323;-1,236191361;1;;;;;;;;;;;;;
989;-1,124085319;0,164715798;0,124085319;1;-0,792205661;0,16533771;-0,119771488;1;0,046053797;0,244070773;-1,230268984;1;;;;;;;;;;;;;
990;-0,777868305;0,22008613;-0,222131695;1;-0,711380735;0,179858025;-0,209576961;1;-0,117653727;0,306608552;-0,411731365;1;;;;;;;;;;;;;
991;-1,167751837;0,265156524;0,167751837;1;-0,988603963;0,21039479;0,098448848;1;0,265383745;0,343702559;-2,326918726;1;;;;;;;;;;;;;
992;-0,652556753;0,170002027;-0,347443247;0;-0,976951144;0,175870713;0,085501271;1;-0,695130511;0,249656195;2,475652556;0;;;;;;;;;;;;;
993;-0,783267324;0,165358741;-0,216732676;1;-1,100309984;0,175564871;0,222566649;1;-0,360405505;0,230307464;0,802027525;1;;;;;;;;;;;;;
994;-0,949061644;0,163558235;-0,050938356;1;-0,998722297;0,175923675;0,109691441;1;-0,310421785;0,245388276;0,552108926;1;;;;;;;;;;;;;
995;-0,957678425;0,173272411;-0,042321575;1;-0,858388418;0,183301281;-0,046235091;1;-0,476197015;0,276602756;1,380985075;1;;;;;;;;;;;;;
996;-0,903645504;0,138128218;-0,096354496;1;-0,99397675;0,1585563;0,104418611;1;-0,221555991;0,201599181;0,107779956;1;;;;;;;;;;;;;
997;-1,021822037;0,165093726;0,021822037;1;-0,689648978;0,164844057;-0,233723358;1;-0,371773733;0,259556706;0,858868664;1;;;;;;;;;;;;;
998;-1,116718069;0,166320481;0,116718069;1;-0,80041062;0,162952819;-0,110654866;1;0,024458242;0,245526269;-1,122291212;1;;;;;;;;;;;;;
999;-1,218810856;0,163862162;0,218810856;1;-0,939341557;0,173918826;0,043712842;1;-0,115431199;0,24115937;-0,422844007;1;;;;;;;;;;;;;
1000;-1,379507408;0,218370983;0,379507408;1;-0,883829234;0,191336486;-0,017967518;1;0,007575793;0,295288213;-1,037878964;1;;;;;;;;;;;;;
