;mean;se;bias;cp;mean;se;bias;cp;mean;se;bias;cp;;mean;sd;bias;cp;mean;sd;bias;cp;mean;sd;bias;cp
1;-0,164204762;0,765411278;-0,835795238;1;-1,370980935;0,650549993;0,52331215;1;0,856777517;1,137029501;-5,283887585;1;;-1,191962907;0,910816326;0,191962907;0,940940941;-0,983796153;0,836881176;0,093106836;0,948;-0,109222795;1,289296287;-0,453886027;0,936
2;-2,242754321;0,685082146;1,242754321;1;-1,137569477;0,593638106;0,263966085;1;2,316828631;0,983370503;-12,58414315;0;;;;;;;;;;;;;
3;-1,079788511;0,700665247;0,079788511;1;-2,725729965;1,046212349;2,02858885;1;-0,058276711;0,953920871;-0,708616447;1;;;;;;;;;;;;;
4;-1,665281655;0,858003723;0,665281655;1;-0,166214274;0,617104912;-0,815317473;1;0,668921143;1,013092212;-4,344605715;1;;-1,191962907;0,910816326;0,191962907;0,940940941;;;;;;;;
5;-0,967356021;0,56830335;-0,032643979;1;-0,314634157;0,483320416;-0,650406493;1;-0,811713738;0,790037416;3,05856869;1;;-0,983796153;0,836881176;0,093106836;0,948;;;;;;;;
6;-1,160381599;0,751114645;0,160381599;1;0,181857456;0,606661773;-1,20206384;1;-2,030378057;1,179334282;9,151890285;1;;-0,109222795;1,289296287;-0,453886027;0,936;;;;;;;;
7;-2,006154799;1,063032702;1,006154799;1;-1,878562337;1,156554409;1,087291486;1;0,197923564;1,426744026;-1,989617821;1;;;;;;;;;;;;;
8;-2,513953708;0,950631256;1,513953708;1;-1,063450359;0,653976019;0,18161151;1;1,739249413;1,109225138;-9,696247063;1;;;;;;;;;;;;;
9;0,775986064;0,59591273;-1,775986064;0;-1,166007526;0,626330629;0,295563918;1;-0,503567358;1,060817319;1,51783679;1;;;;;;;;;;;;;
10;0,686008028;1,177311586;-1,686008028;1;-0,850828413;0,74327432;-0,054635097;1;-0,945242499;1,300156641;3,726212493;1;;;;;;;;;;;;;
11;-1,884028064;0,761632548;0,884028064;1;-2,357265926;0,89086773;1,619184362;1;-0,24492292;1,139128551;0,224614598;1;;;;;;;;;;;;;
12;-3,722147641;1,425550825;2,722147641;1;0,062447025;0,904296523;-1,069385584;1;1,969337047;1,706704607;-10,84668523;1;;;;;;;;;;;;;
13;-0,143434839;0,493474791;-0,856565161;1;-1,419783849;0,623900803;0,57753761;1;-1,144502028;0,77355378;4,722510142;1;;;;;;;;;;;;;
14;-3,145681754;1,016151049;2,145681754;0;-1,238508241;0,74761346;0,376120267;1;1,423214195;1,242020271;-8,116070973;1;;;;;;;;;;;;;
15;-1,662448327;0,925360499;0,662448327;1;0,513175172;0,625273155;-1,570194636;0;-0,412685948;1,04336195;1,06342974;1;;;;;;;;;;;;;
16;-2,010626839;0,719426122;1,010626839;1;-0,925754025;0,704655274;0,028615583;1;1,046134548;0,878709133;-6,230672741;1;;;;;;;;;;;;;
17;-0,490532128;0,515698744;-0,509467872;1;-0,650579007;0,505198014;-0,277134436;1;-0,958775834;0,778264541;3,793879172;1;;;;;;;;;;;;;
18;-1,126882224;0,605294777;0,126882224;1;-0,743597494;0,428661977;-0,173780562;1;1,157656193;0,776983197;-6,788280967;1;;;;;;;;;;;;;
19;-1,609922463;0,904716724;0,609922463;1;-1,64057846;0,678480988;0,822864955;1;2,153561572;1,067180253;-11,76780786;0;;;;;;;;;;;;;
20;-0,513737233;1,063784644;-0,486262767;1;-0,645622356;0,805524512;-0,282641827;1;-0,472566615;1,616016786;1,362833073;1;;;;;;;;;;;;;
21;-3,553718109;1,939127369;2,553718109;1;0,830321123;1,114335055;-1,922579025;1;1,948526907;1,951861562;-10,74263453;1;;;;;;;;;;;;;
22;-0,133791195;0,513738892;-0,866208805;1;-2,20077279;0,832845209;1,4453031;1;-1,579226501;0,883314243;6,896132507;1;;;;;;;;;;;;;
23;-2,186725143;1,123309981;1,186725143;1;-0,802908974;0,95357126;-0,107878918;1;-2,333685306;1,548539403;10,66842653;1;;;;;;;;;;;;;
24;-1,049235891;0,652502523;0,049235891;1;-0,803624279;0,59453488;-0,107084134;1;0,553737838;0,970133923;-3,768689189;1;;;;;;;;;;;;;
25;-0,464010271;0,60522196;-0,535989729;1;-1,27841804;0,593787363;0,420464489;1;-1,598428452;1,019349849;6,992142262;1;;;;;;;;;;;;;
26;-1,619652316;0,643899941;0,619652316;1;-0,268016449;0,475906536;-0,702203946;1;1,104654652;0,79115884;-6,523273261;1;;;;;;;;;;;;;
27;-1,496344155;1,065590129;0,496344155;1;-0,785259304;0,916199934;-0,127489662;1;1,655811881;1,37542438;-9,279059406;1;;;;;;;;;;;;;
28;-0,054933462;0,492191776;-0,945066538;1;-0,099765496;0,487662424;-0,889149449;1;-2,548348895;0,925737612;11,74174448;0;;;;;;;;;;;;;
29;-2,045521864;0,862896492;1,045521864;1;-0,733391687;0,685909172;-0,185120348;1;1,16291298;1,122626893;-6,814564898;1;;;;;;;;;;;;;
30;-1,688418201;0,742669242;0,688418201;1;-1,447058844;0,632135591;0,60784316;1;0,379163028;0,875203698;-2,895815142;1;;;;;;;;;;;;;
31;-1,96819026;0,899247019;0,96819026;1;-0,237626319;0,697021252;-0,735970757;1;-1,176863807;1,150839339;4,884319036;1;;;;;;;;;;;;;
32;0,714674013;0,641779155;-1,714674013;0;-2,096832652;0,617829899;1,329814057;1;-0,321087826;1,017833101;0,60543913;1;;;;;;;;;;;;;
33;-0,98642319;0,649112;-0,01357681;1;-0,236399399;0,584006076;-0,737334001;1;-0,258390583;0,961100358;0,291952916;1;;;;;;;;;;;;;
34;-1,084113843;0,596070081;0,084113843;1;-0,527791983;0,718838813;-0,413564464;1;-1,724587968;1,013719206;7,62293984;1;;;;;;;;;;;;;
35;-2,646369499;1,269600179;1,646369499;1;0,575448816;0,887362573;-1,639387573;1;-0,809077099;1,516374792;3,045385496;1;;;;;;;;;;;;;
36;-2,279366162;0,913028056;1,279366162;1;-1,021224872;0,714121507;0,134694302;1;0,808556208;1,136450705;-5,04278104;1;;;;;;;;;;;;;
37;-1,168073783;0,529135925;0,168073783;1;-0,044666716;0,420103978;-0,950370315;0;0,301290342;0,704590773;-2,506451708;1;;;;;;;;;;;;;
38;-3,103412457;1,096141312;2,103412457;1;2,312052744;0,837102568;-3,568947494;0;-1,803258162;1,167009485;8,016290812;1;;;;;;;;;;;;;
39;0,059858127;0,801736285;-1,059858127;1;-0,793682903;0,572750569;-0,118130108;1;-1,954155518;0,896368464;8,770777589;1;;;;;;;;;;;;;
40;-1,313479802;1,708152659;0,313479802;1;-0,571012398;0,87816706;-0,365541781;1;0,963411281;1,273643771;-5,817056403;1;;;;;;;;;;;;;
41;-1,11932392;0,510844869;0,11932392;1;-1,254203617;0,662797198;0,393559574;1;-1,426469828;0,923435461;6,132349139;1;;;;;;;;;;;;;
42;-1,556003036;1,097224668;0,556003036;1;-0,899449073;0,866201336;-0,000612141;1;-0,805185067;1,470388301;3,025925335;1;;;;;;;;;;;;;
43;-1,467397576;1,353382904;0,467397576;1;-0,614420213;0,958386453;-0,317310874;1;1,230133212;1,837725718;-7,15066606;1;;;;;;;;;;;;;
44;-0,964479414;0,555473428;-0,035520586;1;-0,147581624;0,454082162;-0,836020418;1;-0,045812544;0,965730718;-0,770937282;1;;;;;;;;;;;;;
45;-2,164850538;1,325546243;1,164850538;1;0,738625651;0,902173219;-1,820695168;1;1,612711835;1,855336421;-9,063559177;1;;;;;;;;;;;;;
46;-3,671454915;1,270723074;2,671454915;0;-0,949043045;0,775005884;0,054492272;1;3,564799994;1,66980707;-18,82399997;0;;;;;;;;;;;;;
47;-1,103926714;0,840207796;0,103926714;1;-2,630997212;1,049341961;1,923330236;1;1,91912024;1,729994894;-10,5956012;1;;;;;;;;;;;;;
48;-1,571328503;0,878271711;0,571328503;1;-1,220194886;0,817201991;0,355772096;1;-0,519399518;1,119899444;1,59699759;1;;;;;;;;;;;;;
49;-0,63698327;0,719793552;-0,36301673;1;-1,107118436;0,723114589;0,230131595;1;-0,334254294;1,145198695;0,67127147;1;;;;;;;;;;;;;
50;-1,252346636;1,079137134;0,252346636;1;-0,375696444;0,744282207;-0,582559506;1;-0,765688733;1,28353497;2,828443667;1;;;;;;;;;;;;;
51;-1,836225852;0,737300768;0,836225852;1;-0,833580267;0,816783563;-0,073799703;1;-0,737009696;1,36051229;2,68504848;1;;;;;;;;;;;;;
52;-1,25052138;0,945957003;0,25052138;1;-1,045714621;0,649661583;0,161905135;1;0,380307721;1,145410195;-2,901538607;1;;;;;;;;;;;;;
53;-2,055167157;1,289325675;1,055167157;1;-1,335522892;1,042773594;0,483914325;1;0,841468972;1,962449486;-5,207344859;1;;;;;;;;;;;;;
54;-0,937540586;0,401912728;-0,062459414;1;-2,026901173;0,849453572;1,252112414;1;-0,656177189;0,680190337;2,280885945;1;;;;;;;;;;;;;
55;-0,284962578;0,611946065;-0,715037422;1;-1,453166192;0,555299749;0,614629103;1;-0,616083468;0,767769189;2,080417339;1;;;;;;;;;;;;;
56;0,206369123;0,884721773;-1,206369123;1;-1,23410848;0,810608026;0,371231645;1;-0,38054342;1,171617657;0,902717099;1;;;;;;;;;;;;;
57;0,269256972;0,895706491;-1,269256972;1;-0,206800562;0,653947893;-0,770221598;1;-2,162698581;1,189792697;9,813492906;1;;;;;;;;;;;;;
58;-2,616408558;0,883441401;1,616408558;1;-0,426589766;0,56029302;-0,526011372;1;2,150190431;1,173637245;-11,75095215;0;;;;;;;;;;;;;
59;-0,692352496;0,568914633;-0,307647504;1;-0,575893864;0,498228514;-0,360117929;1;0,163776418;0,835663155;-1,818882092;1;;;;;;;;;;;;;
60;-0,918416526;0,866351537;-0,081583474;1;-0,80480535;0,732517386;-0,105771833;1;-0,548540351;1,217367675;1,742701756;1;;;;;;;;;;;;;
61;-1,922819828;0,910695134;0,922819828;1;-0,621721636;0,666127887;-0,309198182;1;1,124278745;1,136623901;-6,621393724;1;;;;;;;;;;;;;
62;-2,925990156;1,235481928;1,925990156;1;-2,397620572;1,02375697;1,664022857;1;1,818607509;1,602794955;-10,09303755;1;;;;;;;;;;;;;
63;-1,584880123;0,969507757;0,584880123;1;-0,577626401;0,833459406;-0,358192888;1;0,480611074;1,213039914;-3,403055369;1;;;;;;;;;;;;;
64;-1,090924522;0,598853341;0,090924522;1;-0,549187099;0,527282283;-0,389792112;1;-0,476115907;0,894034222;1,380579534;1;;;;;;;;;;;;;
65;-2,664109261;1,204409513;1,664109261;1;-0,646517176;0,847487577;-0,281647582;1;1,296593005;1,441231198;-7,482965026;1;;;;;;;;;;;;;
66;-1,087733456;0,77029848;0,087733456;1;-0,052629188;0,675313573;-0,941523125;1;-0,508785914;0,949281147;1,54392957;1;;;;;;;;;;;;;
67;-1,291215653;0,93541661;0,291215653;1;-2,68942642;1,004683843;1,988251578;1;0,16040771;1,246795377;-1,802038549;1;;;;;;;;;;;;;
68;-1,426109653;0,737701625;0,426109653;1;-0,110455657;0,565638641;-0,877271492;1;0,312856713;0,924879887;-2,564283563;1;;;;;;;;;;;;;
69;-0,912990128;0,432531297;-0,087009872;1;-0,449391476;0,461886198;-0,500676137;1;-0,921057158;0,708944228;3,605285788;1;;;;;;;;;;;;;
70;-0,747287175;0,410962922;-0,252712825;1;-0,679694902;0,463242121;-0,244783442;1;-0,2203264;0,739463741;0,101632002;1;;;;;;;;;;;;;
71;-0,952840711;0,556533504;-0,047159289;1;-1,117390416;0,517219062;0,241544907;1;0,603973674;0,786734052;-4,019868368;1;;;;;;;;;;;;;
72;-1,6683425;0,998092749;0,6683425;1;-2,586800653;1,057523076;1,874222948;1;0,100600575;1,326980153;-1,503002875;1;;;;;;;;;;;;;
73;-2,111295422;0,720276466;1,111295422;1;-0,894528729;0,740609065;-0,00607919;1;-0,428750591;1,035099055;1,143752953;1;;;;;;;;;;;;;
74;-0,911171248;0,812154582;-0,088828752;1;-2,115061341;0,796214498;1,350068157;1;0,308528029;1,112041838;-2,542640144;1;;;;;;;;;;;;;
75;-1,950519911;0,998070205;0,950519911;1;0,558412573;0,672511673;-1,620458415;0;-0,225628059;1,044614419;0,128140293;1;;;;;;;;;;;;;
76;-0,647305149;0,699493334;-0,352694851;1;-0,466282324;0,686204724;-0,481908529;1;-1,150777249;1,116331151;4,753886243;1;;;;;;;;;;;;;
77;-1,02149385;0,864510506;0,02149385;1;-1,171663771;0,708533448;0,301848635;1;1,328276655;1,195282947;-7,641383275;1;;;;;;;;;;;;;
78;-2,26920461;0,894776363;1,26920461;1;-1,491467945;0,947731659;0,657186605;1;0,535752338;1,189284131;-3,67876169;1;;;;;;;;;;;;;
79;-0,249908857;0,677683154;-0,750091143;1;-1,146965109;0,618984862;0,274405676;1;-0,235160974;0,911196515;0,17580487;1;;;;;;;;;;;;;
80;-1,142163901;0,605086115;0,142163901;1;-0,573181619;0,576734913;-0,363131534;1;-0,202492075;0,888178891;0,012460373;1;;;;;;;;;;;;;
81;-0,493878421;0,836002574;-0,506121579;1;-1,685484208;0,964703908;0,872760231;1;-2,015695848;1,712771679;9,078479239;1;;;;;;;;;;;;;
82;-1,178891948;0,622162472;0,178891948;1;-1,590751434;0,770111386;0,767501593;1;0,52998274;0,850103087;-3,6499137;1;;;;;;;;;;;;;
83;-1,08102312;0,81600057;0,08102312;1;-1,751557869;0,746102438;0,94617541;1;0,686406569;1,382155353;-4,432032843;1;;;;;;;;;;;;;
84;-1,289732377;0,717579;0,289732377;1;-2,151181529;0,913467835;1,390201699;1;0,343132643;0,933343755;-2,715663213;1;;;;;;;;;;;;;
85;-2,108693816;0,892087398;1,108693816;1;-0,458978374;0,505759323;-0,490024029;1;1,535995748;0,932381715;-8,679978741;1;;;;;;;;;;;;;
86;-3,350517313;1,328291873;2,350517313;1;-1,383045978;0,835413669;0,536717753;1;2,251748706;1,32136077;-12,25874353;1;;;;;;;;;;;;;
87;-0,092374991;0,832397288;-0,907625009;1;-0,804923498;0,751231715;-0,105640558;1;-0,497133543;1,193895386;1,485667715;1;;;;;;;;;;;;;
88;-1,789834271;0,849929672;0,789834271;1;-0,506768063;0,677003513;-0,436924375;1;-0,220291875;1,224226767;0,101459374;1;;;;;;;;;;;;;
89;-0,113421657;0,601163461;-0,886578343;1;-0,946567165;0,663732883;0,051741294;1;-1,774711606;1,061971828;7,87355803;1;;;;;;;;;;;;;
90;-0,65294719;0,652205651;-0,34705281;1;-1,950414173;0,929920368;1,167126859;1;-3,060130606;1,265642389;14,30065303;0;;;;;;;;;;;;;
91;-0,013275507;0,711032147;-0,986724493;1;-1,562088909;0,785765608;0,735654343;1;-0,763902763;1,184171271;2,819513814;1;;;;;;;;;;;;;
92;-1,164865776;0,86344163;0,164865776;1;-0,888586377;0,798338586;-0,012681803;1;-1,32481664;1,258792731;5,624083199;1;;;;;;;;;;;;;
93;-0,799113186;0,480255642;-0,200886814;1;-0,745542489;0,49775341;-0,171619457;1;-0,057229428;0,647803592;-0,713852859;1;;;;;;;;;;;;;
94;-0,143780605;1,056513036;-0,856219395;1;-1,787401791;0,951678224;0,98600199;1;-0,981130021;1,266061433;3,905650103;1;;;;;;;;;;;;;
95;-1,036273213;0,692200924;0,036273213;1;-0,571935647;0,653384313;-0,364515948;1;-1,04089216;0,976945521;4,204460801;1;;;;;;;;;;;;;
96;-1,421634441;0,685502655;0,421634441;1;-1,606543504;0,68535034;0,785048338;1;0,992428496;0,92238332;-5,962142482;1;;;;;;;;;;;;;
97;-1,249998867;0,555737531;0,249998867;1;-0,43498064;0,536629029;-0,516688178;1;-0,116649941;0,783256677;-0,416750296;1;;;;;;;;;;;;;
98;-3,210021276;1,332306725;2,210021276;1;-0,969667549;0,852398872;0,077408388;1;3,901743309;1,818279214;-20,50871654;0;;;;;;;;;;;;;
99;-0,96885108;0,951769536;-0,03114892;1;-0,764338159;0,891260896;-0,150735379;1;-1,983399822;1,464819443;8,916999109;1;;;;;;;;;;;;;
100;-0,739600518;0,737552436;-0,260399482;1;-1,140152543;0,623262385;0,266836158;1;0,065583425;0,870735352;-1,327917127;1;;;;;;;;;;;;;
101;-0,294520451;0,565000956;-0,705479549;1;-1,235774766;0,682254424;0,373083074;1;-1,501044036;0,938484477;6,505220182;1;;;;;;;;;;;;;
102;-0,11746672;0,834228044;-0,88253328;1;-1,066051376;0,592163243;0,184501529;1;-1,000103536;0,958930919;4,000517679;1;;;;;;;;;;;;;
103;-2,297960684;0,974580436;1,297960684;1;0,461615126;0,785660284;-1,512905696;1;-1,027494326;1,226792525;4,137471629;1;;;;;;;;;;;;;
104;-2,533235915;1,008721984;1,533235915;1;0,009354167;0,719069264;-1,010393519;1;1,030627684;1,201854614;-6,153138421;1;;;;;;;;;;;;;
105;-2,572448161;1,279199074;1,572448161;1;-1,150959355;1,064140343;0,278843727;1;0,146586977;1,720318879;-1,732934887;1;;;;;;;;;;;;;
106;-2,501095588;1,153306614;1,501095588;1;-0,619702513;0,839837332;-0,311441653;1;1,276805433;1,559503028;-7,384027167;1;;;;;;;;;;;;;
107;-1,482751679;0,839620428;0,482751679;1;-2,110946512;0,781494757;1,345496125;1;1,006476922;0,929829438;-6,032384609;1;;;;;;;;;;;;;
108;-1,647292425;0,977270371;0,647292425;1;-0,823013901;0,733173325;-0,08554011;1;-0,412050154;1,389601326;1,060250769;1;;;;;;;;;;;;;
109;-1,403206976;1,075129392;0,403206976;1;-1,786394058;0,819124134;0,984882286;1;1,049333341;1,189121762;-6,246666704;1;;;;;;;;;;;;;
110;-2,479266375;0,930003027;1,479266375;1;-0,181444579;0,644937898;-0,798394912;1;1,412260724;1,064242777;-8,061303622;1;;;;;;;;;;;;;
111;1,672600395;1,090053839;-2,672600395;0;-1,149275753;1,072672903;0,276973059;1;-3,409924181;1,666363455;16,0496209;1;;;;;;;;;;;;;
112;-0,828107839;1,23072572;-0,171892161;1;-2,126768626;1,30988443;1,363076251;1;0,032380628;1,756398533;-1,161903142;1;;;;;;;;;;;;;
113;-1,928258147;1,182262112;0,928258147;1;-1,174722013;0,80486326;0,305246681;1;0,393153897;1,632535726;-2,965769485;1;;;;;;;;;;;;;
114;-2,564276198;0,817954747;1,564276198;1;-0,740696528;0,5868612;-0,177003858;1;1,5048429;1,096007978;-8,524214498;1;;;;;;;;;;;;;
115;-0,554001024;0,979490591;-0,445998976;1;0,263302869;0,577146839;-1,292558744;0;0,4669723;1,083705619;-3,334861501;1;;;;;;;;;;;;;
116;-0,558658496;0,857818705;-0,441341504;1;-0,895614472;0,687863478;-0,004872809;1;-0,095560227;0,849122894;-0,522198863;1;;;;;;;;;;;;;
117;-0,711329846;0,603024461;-0,288670154;1;-0,452378161;0,509381987;-0,497357599;1;0,215289533;0,853057584;-2,076447666;1;;;;;;;;;;;;;
118;-1,434798388;1,663529153;0,434798388;1;-0,2973375;1,103942912;-0,669625;1;-1,214478343;1,946277826;5,072391716;1;;;;;;;;;;;;;
119;-0,49451633;0,61035006;-0,50548367;1;-1,37891684;0,732582172;0,532129822;1;-0,871498987;0,856125086;3,357494936;1;;;;;;;;;;;;;
120;-1,920236229;1,228783313;0,920236229;1;0,081159388;0,659024663;-1,090177097;1;1,769277347;1,179216862;-9,846386735;1;;;;;;;;;;;;;
121;-0,933293789;0,541910748;-0,066706211;1;-0,814429621;0,615856581;-0,095078199;1;-0,121205173;0,914468433;-0,393974134;1;;;;;;;;;;;;;
122;-2,416520108;1,141587257;1,416520108;1;-5,122014583;1,629980609;4,691127314;0;-0,560939491;1,600467606;1,804697456;1;;;;;;;;;;;;;
123;-0,735510098;0,732938187;-0,264489902;1;-0,945214428;0,859739245;0,050238253;1;-1,753407077;1,226786698;7,767035384;1;;;;;;;;;;;;;
124;-1,94892535;0,998080539;0,94892535;1;-1,232901181;0,91455024;0,369890201;1;2,801371703;1,562865626;-15,00685852;1;;;;;;;;;;;;;
125;-0,943587213;0,672003225;-0,056412787;1;-1,682899184;0,81883014;0,869887982;1;-0,497590709;1,098722985;1,487953546;1;;;;;;;;;;;;;
126;-0,422435607;0,884341711;-0,577564393;1;-0,957009347;0,577651315;0,063343719;1;-0,839277081;1,203648026;3,196385405;1;;;;;;;;;;;;;
127;-0,592588969;0,946699228;-0,407411031;1;-0,386935594;0,653018871;-0,570071562;1;-1,123154696;1,011632851;4,615773482;1;;;;;;;;;;;;;
128;-0,77951769;0,772486734;-0,22048231;1;-0,602619077;0,697080547;-0,330423248;1;-1,140343288;1,187460868;4,701716439;1;;;;;;;;;;;;;
129;-0,534206217;0,709710814;-0,465793783;1;-0,853176036;0,673684857;-0,052026627;1;-0,277553336;1,226012861;0,387766681;1;;;;;;;;;;;;;
130;-0,450472894;1,009566389;-0,549527106;1;-0,845708523;0,791459919;-0,060323863;1;-1,394833022;1,24397548;5,974165111;1;;;;;;;;;;;;;
131;-3,193704529;1,058051306;2,193704529;0;0,575746229;0,722272455;-1,639718032;0;0,905172536;1,223190477;-5,525862682;1;;;;;;;;;;;;;
132;-2,851616832;0,955837933;1,851616832;1;-2,178800646;1,091413457;1,420889606;1;2,59E-05;1,512130896;-1,000129519;1;;;;;;;;;;;;;
133;-0,427023543;0,727481771;-0,572976457;1;-1,101856946;0,745236965;0,224285495;1;-0,691927112;1,233764851;2,459635562;1;;;;;;;;;;;;;
134;-1,300005895;0,535916597;0,300005895;1;-0,550893661;0,536145881;-0,387895932;1;0,049756459;0,855972867;-1,248782295;1;;;;;;;;;;;;;
135;-1,775889334;1,354834666;0,775889334;1;-0,463551777;0,891066339;-0,48494247;1;0,868260705;1,501604134;-5,341303524;1;;;;;;;;;;;;;
136;-1,407222838;0,742587779;0,407222838;1;-0,976257762;0,628727817;0,084730846;1;1,753934702;1,304569188;-9,769673509;1;;;;;;;;;;;;;
137;-1,122408264;0,748377822;0,122408264;1;-0,290864242;0,651946548;-0,676817509;1;-1,173749507;1,110961079;4,868747534;1;;;;;;;;;;;;;
138;-3,534196519;1,338254233;2,534196519;1;-0,257142871;0,771677742;-0,714285699;1;3,386771903;1,690962287;-17,93385951;0;;;;;;;;;;;;;
139;-1,816163909;1,103545135;0,816163909;1;0,063329781;0,647849989;-1,070366423;1;1,356650152;1,150720674;-7,783250761;1;;;;;;;;;;;;;
140;-2,788045923;0,753533367;1,788045923;0;-1,007336025;0,637451932;0,119262251;1;2,058954779;1,067416334;-11,2947739;0;;;;;;;;;;;;;
141;-1,02668568;1,080396559;0,02668568;1;-2,031221375;0,989662727;1,256912639;1;1,162943032;1,403874757;-6,814715159;1;;;;;;;;;;;;;
142;-1,633205422;0,880169187;0,633205422;1;-0,831257702;0,669191492;-0,076380331;1;0,413499699;1,121982875;-3,067498493;1;;;;;;;;;;;;;
143;-1,729446027;0,768541009;0,729446027;1;-1,2265518;0,677170522;0,362835333;1;0,43032296;1,168960536;-3,1516148;1;;;;;;;;;;;;;
144;-1,273182283;1,069853084;0,273182283;1;-0,53419789;0,78873246;-0,406446789;1;0,829786309;1,420118345;-5,148931543;1;;;;;;;;;;;;;
145;-1,55594114;0,767815821;0,55594114;1;-2,256989872;0,884527096;1,507766524;1;0,420774518;1,130991269;-3,103872591;1;;;;;;;;;;;;;
146;0,354130508;0,950433152;-1,354130508;1;-0,978662966;0,68053313;0,087403295;1;-3,108723658;1,135787969;14,54361829;0;;;;;;;;;;;;;
147;-0,803173957;1,110270017;-0,196826043;1;-1,343412718;0,823358582;0,492680798;1;-0,374906117;1,572924359;0,874530586;1;;;;;;;;;;;;;
148;-4,229863446;1,490828928;3,229863446;0;0,841556055;0,929750324;-1,935062283;1;2,235302298;1,876615419;-12,17651149;1;;;;;;;;;;;;;
149;-0,755811217;0,563752027;-0,244188783;1;-1,192622467;0,767793091;0,325136074;1;-2,005803885;1,039507804;9,029019427;1;;;;;;;;;;;;;
150;-2,300986188;1,338412716;1,300986188;1;-1,303226329;0,971508172;0,448029254;1;0,788226448;1,603368477;-4,94113224;1;;;;;;;;;;;;;
151;-0,708689999;0,769782721;-0,291310001;1;-0,800962237;0,639241931;-0,110041959;1;0,829527324;1,226809012;-5,147636621;1;;;;;;;;;;;;;
152;-0,381269601;0,516399445;-0,618730399;1;-0,797281572;0,548511621;-0,114131587;1;-1,035460653;0,944460122;4,177303266;1;;;;;;;;;;;;;
153;-1,693715891;1,065774641;0,693715891;1;-0,76572243;0,723541267;-0,1491973;1;1,111645152;1,454819759;-6,558225758;1;;;;;;;;;;;;;
154;-3,359051704;1,269515386;2,359051704;1;-1,205722995;0,818161175;0,339692217;1;1,926468867;1,610019727;-10,63234433;1;;;;;;;;;;;;;
155;-2,014422208;0,606508031;1,014422208;1;-1,977926184;0,795031332;1,19769576;1;1,405932875;0,736982374;-8,029664373;0;;;;;;;;;;;;;
156;-0,703765278;1,151528054;-0,296234722;1;-0,579608153;0,5502744;-0,355990941;1;0,074945766;0,797789128;-1,374728828;1;;;;;;;;;;;;;
157;-1,112389669;0,822687321;0,112389669;1;-0,443179817;0,662897046;-0,507577981;1;-0,642817728;1,039274865;2,214088639;1;;;;;;;;;;;;;
158;0,330339683;1,311938661;-1,330339683;1;-0,928942836;0,906315099;0,032158706;1;-0,265878076;1,382116796;0,32939038;1;;;;;;;;;;;;;
159;-0,42656649;0,535824467;-0,57343351;1;-2,618198924;0,954743643;1,909109915;1;-0,759579639;0,715085341;2,797898195;1;;;;;;;;;;;;;
160;-1,402917392;0,916865988;0,402917392;1;-0,00229807;0,709986203;-0,997446589;1;-1,070897862;1,216164127;4,354489312;1;;;;;;;;;;;;;
161;-1,280160912;0,5856764;0,280160912;1;-1,649124025;0,771449975;0,832360028;1;0,22312567;0,79890661;-2,115628349;1;;;;;;;;;;;;;
162;-0,996967402;1,05731921;-0,003032598;1;-0,706263762;0,724977362;-0,215262487;1;0,377555004;1,247720149;-2,887775021;1;;;;;;;;;;;;;
163;-1,38663296;0,752574908;0,38663296;1;-0,686892042;0,703855462;-0,23678662;1;-1,281971052;1,237332105;5,409855261;1;;;;;;;;;;;;;
164;0,04267078;1,058833859;-1,04267078;1;-1,697062203;0,738380232;0,885624669;1;-0,358811374;1,148408123;0,794056868;1;;;;;;;;;;;;;
165;-1,029843311;0,680686691;0,029843311;1;-1,276419771;0,743836976;0,41824419;1;0,007162558;0,997657597;-1,035812791;1;;;;;;;;;;;;;
166;-0,392798337;0,679968005;-0,607201663;1;-1,049393462;0,646267147;0,165992735;1;-0,417533052;0,982275232;1,087665258;1;;;;;;;;;;;;;
167;-1,70067887;0,818512697;0,70067887;1;-1,69040759;0,829309052;0,878230655;1;-0,172843003;0,995644512;-0,135784987;1;;;;;;;;;;;;;
168;-1,2908121;0,813279867;0,2908121;1;-0,760926496;0,646231297;-0,154526115;1;-0,514049364;1,179653236;1,570246822;1;;;;;;;;;;;;;
169;-0,222064518;0,46297677;-0,777935482;1;-1,086387402;0,484151176;0,207097114;1;-1,136760532;0,873750612;4,68380266;1;;;;;;;;;;;;;
170;-1,053558302;0,712379718;0,053558302;1;-1,638612825;1,07824692;0,820680917;1;-0,677009;1,087933543;2,385045;1;;;;;;;;;;;;;
171;-1,643109601;0,608070539;0,643109601;1;-1,427372204;0,586965891;0,585969116;1;0,344028394;0,837282027;-2,720141971;1;;;;;;;;;;;;;
172;-1,305933617;1,057218139;0,305933617;1;-1,658732948;0,984653585;0,843036609;1;-1,808824405;1,72476371;8,044122025;1;;;;;;;;;;;;;
173;-1,930523849;1,017024681;0,930523849;1;-0,631732863;0,722554527;-0,298074596;1;1,188464945;1,152337605;-6,942324723;1;;;;;;;;;;;;;
174;-0,031975521;0,975144339;-0,968024479;1;-0,600545472;0,845748986;-0,332727253;1;-2,056752501;1,579554235;9,283762505;1;;;;;;;;;;;;;
175;-0,730441922;0,541414451;-0,269558078;1;-0,317366877;0,426747609;-0,647370137;1;-0,351183615;0,925873823;0,755918076;1;;;;;;;;;;;;;
176;-2,800059686;0,954582888;1,800059686;1;-0,9476178;0,676302956;0,052908666;1;2,334920724;1,338150808;-12,67460362;1;;;;;;;;;;;;;
177;-0,848863889;0,866606199;-0,151136111;1;0,022227319;0,82844786;-1,024697021;1;-0,568126662;1,389834666;1,840633309;1;;;;;;;;;;;;;
178;0,311660409;0,539393568;-1,311660409;0;-0,901946051;0,543212899;0,002162279;1;-1,094151829;0,866653404;4,470759145;1;;;;;;;;;;;;;
179;-0,915235022;0,87514963;-0,084764978;1;-0,56246481;0,865026378;-0,3750391;1;-1,915517878;1,289434087;8,577589391;1;;;;;;;;;;;;;
180;-2,149610062;0,822097671;1,149610062;1;-0,697480173;0,576491215;-0,22502203;1;1,329020095;0,898304423;-7,645100475;1;;;;;;;;;;;;;
181;-1,08695526;1,288415894;0,08695526;1;-2,203375947;1,001180934;1,448195497;1;0,830390576;1,358073907;-5,15195288;1;;;;;;;;;;;;;
182;-3,884488211;1,091760241;2,884488211;0;0,025989426;0,614228502;-1,02887714;1;2,896316592;1,174911989;-15,48158296;0;;;;;;;;;;;;;
183;-1,140474691;0,427391102;0,140474691;1;-2,085117327;0,86807856;1,31679703;1;-0,510889678;0,782839173;1,554448392;1;;;;;;;;;;;;;
184;-0,733159839;1,062512946;-0,266840161;1;-0,808641746;0,862051462;-0,101509171;1;0,142782764;1,993886091;-1,713913819;1;;;;;;;;;;;;;
185;-3,791479908;1,127890457;2,791479908;0;-1,293617345;0,788459819;0,437352605;1;4,924016206;1,722560565;-25,62008103;0;;;;;;;;;;;;;
186;0,939985979;0,748185215;-1,939985979;0;-1,937406727;0,954113801;1,152674141;1;-2,926012983;1,04808576;13,63006491;0;;;;;;;;;;;;;
187;-1,754019701;0,690021974;0,754019701;1;-0,977591189;0,591981219;0,086212432;1;0,140108952;0,899514519;-1,700544758;1;;;;;;;;;;;;;
188;-2,041224398;0,99794729;1,041224398;1;-0,303323753;0,543599784;-0,662973608;1;1,374496017;1,065374612;-7,872480087;1;;;;;;;;;;;;;
189;-1,919926372;0,836498887;0,919926372;1;-0,316965565;0,633724707;-0,647816038;1;1,170953978;1,121252106;-6,854769892;1;;;;;;;;;;;;;
190;-1,743637923;1,105261279;0,743637923;1;-0,646632989;0,689476865;-0,281518901;1;0,665402789;1,319749184;-4,327013946;1;;;;;;;;;;;;;
191;-1,603161532;0,706908224;0,603161532;1;-1,455095938;0,709491642;0,616773264;1;0,670738851;1,050763477;-4,353694253;1;;;;;;;;;;;;;
192;-0,49669905;0,943977002;-0,50330095;1;-0,999577904;0,686247524;0,110642115;1;0,175570049;1,008209888;-1,877850246;1;;;;;;;;;;;;;
193;-2,059608318;1,103633981;1,059608318;1;-0,494371419;0,726355111;-0,450698423;1;1,233205875;1,289469228;-7,166029377;1;;;;;;;;;;;;;
194;-1,19259331;0,755400869;0,19259331;1;-2,335702562;0,961043771;1,595225069;1;-0,92078806;1,115830182;3,603940302;1;;;;;;;;;;;;;
195;-2,356798541;0,762645384;1,356798541;1;-0,251430114;0,557783012;-0,720633207;1;1,147567352;1,012035862;-6,73783676;1;;;;;;;;;;;;;
196;-0,560487142;0,666199341;-0,439512858;1;-1,548431578;0,739850371;0,720479532;1;-0,59900265;0,781823416;1,995013252;1;;;;;;;;;;;;;
197;-3,54300941;1,395493533;2,54300941;1;0,076908136;0,79921939;-1,085453484;1;1,168994705;1,686394011;-6,844973523;1;;;;;;;;;;;;;
198;-0,251381909;1,209651984;-0,748618091;1;-1,859902786;1,031569032;1,066558651;1;-0,12501957;1,083587228;-0,374902152;1;;;;;;;;;;;;;
199;-0,306396477;0,56425436;-0,693603523;1;-0,77866119;0,581856603;-0,134820901;1;-1,700514753;0,879531475;7,502573764;1;;;;;;;;;;;;;
200;-1,803581754;0,881329968;0,803581754;1;-0,152624613;0,655174556;-0,830417096;1;0,615435499;1,008132099;-4,077177496;1;;;;;;;;;;;;;
201;-0,505367678;1,204086614;-0,494632322;1;0,366348191;0,750890131;-1,407053545;1;0,139268261;1,554436721;-1,696341306;1;;;;;;;;;;;;;
202;-0,031350258;0,723651493;-0,968649742;1;-1,291357937;0,734605815;0,434842152;1;-1,875124249;1,386731678;8,375621245;1;;;;;;;;;;;;;
203;-0,637619848;0,562948196;-0,362380152;1;-0,569994789;0,528495578;-0,366672457;1;-1,118626136;0,950770184;4,593130678;1;;;;;;;;;;;;;
204;-0,616617318;0,759364093;-0,383382682;1;-1,851556242;0,752716726;1,057284714;1;-0,717152222;0,962712695;2,58576111;1;;;;;;;;;;;;;
205;-0,95409664;0,568719679;-0,04590336;1;-1,446007348;0,666969852;0,606674831;1;-0,091697569;0,863681981;-0,541512153;1;;;;;;;;;;;;;
206;-0,682057243;0,588033969;-0,317942757;1;-0,477826479;0,532849837;-0,46908169;1;-1,364140753;1,007200463;5,820703766;1;;;;;;;;;;;;;
207;-0,84004437;0,525117099;-0,15995563;1;-1,185271622;0,643876984;0,316968469;1;-1,110144549;0,952887084;4,550722746;1;;;;;;;;;;;;;
208;-1,021678527;0,411624555;0,021678527;1;-1,508957143;0,685081073;0,676619048;1;-0,449580759;0,771982861;1,247903795;1;;;;;;;;;;;;;
209;-1,389439619;0,517817185;0,389439619;1;-1,842922938;0,775560457;1,047692153;1;0,044015053;0,716691855;-1,220075264;1;;;;;;;;;;;;;
210;-2,83485768;0,937989957;1,83485768;1;-1,492864171;0,720171397;0,658737968;1;2,293517854;1,224998267;-12,46758927;0;;;;;;;;;;;;;
211;-0,7971542;0,809737217;-0,2028458;1;-0,70929921;0,712690486;-0,211889766;1;0,311412869;1,289779027;-2,557064346;1;;;;;;;;;;;;;
212;0,849494225;0,712156548;-1,849494225;0;-0,581043957;0,621542424;-0,354395603;1;-2,150847622;1,184917702;9,754238111;1;;;;;;;;;;;;;
213;-1,506012245;0,997117852;0,506012245;1;0,171881766;0,762735002;-1,19097974;1;-0,59183353;1,261724009;1,959167652;1;;;;;;;;;;;;;
214;-1,131755217;0,603697419;0,131755217;1;-0,692908801;0,620804439;-0,230101333;1;-0,511290846;1,039873543;1,556454231;1;;;;;;;;;;;;;
215;-1,275259135;0,72191418;0,275259135;1;-0,653925538;0,549908656;-0,273416069;1;0,144857153;0,881331029;-1,724285766;1;;;;;;;;;;;;;
216;-3,374981674;0,916453625;2,374981674;0;-0,573152193;0,642872606;-0,363164229;1;1,83434003;1,261972504;-10,17170015;1;;;;;;;;;;;;;
217;-1,453943457;0,685460905;0,453943457;1;-1,202394184;0,685490669;0,335993538;1;-0,578892757;1,119197267;1,894463787;1;;;;;;;;;;;;;
218;-3,804323066;1,617367639;2,804323066;1;-0,652136852;1,121702158;-0,275403498;1;1,191641573;1,906172424;-6,958207863;1;;;;;;;;;;;;;
219;-0,689492076;0,685817406;-0,310507924;1;-1,21607689;0,670253363;0,351196544;1;1,241078327;1,145515213;-7,205391635;1;;;;;;;;;;;;;
220;-0,907890341;0,841423863;-0,092109659;1;-1,581857598;0,766390017;0,757619553;1;0,222400918;1,261473322;-2,11200459;1;;;;;;;;;;;;;
221;-1,219597585;0,658706418;0,219597585;1;0,248341379;0,507675203;-1,275934866;0;-0,31103463;0,841767484;0,555173148;1;;;;;;;;;;;;;
222;-2,84304561;1,039685681;1,84304561;1;-0,295589907;0,717031139;-0,67156677;1;0,981746221;1,218261273;-5,908731104;1;;;;;;;;;;;;;
223;-0,894338904;0,453704232;-0,105661096;1;-2,009974595;0,847673006;1,233305106;1;0,074416116;0,647993945;-1,37208058;1;;;;;;;;;;;;;
224;-0,932026505;0,981342983;-0,067973495;1;-1,154551584;0,732372348;0,282835094;1;-0,081547834;1,092346981;-0,592260832;1;;;;;;;;;;;;;
225;-1,286709684;0,662421024;0,286709684;1;-1,808445084;0,731919087;1,009383427;1;-0,979416234;0,921313728;3,89708117;1;;;;;;;;;;;;;
226;-2,409344752;1,132088223;1,409344752;1;-0,556174238;0,789618259;-0,382028625;1;0,357373742;1,36321919;-2,786868711;1;;;;;;;;;;;;;
227;-2,013803103;0,428939003;1,013803103;0;-1,106368175;0,410535912;0,229297972;1;1,823320605;0,591307159;-10,11660302;0;;;;;;;;;;;;;
228;-1,430612123;0,771017187;0,430612123;1;-0,995182034;0,642179761;0,105757816;1;-0,009550005;1,22299768;-0,952249977;1;;;;;;;;;;;;;
229;-2,368843312;1,029109263;1,368843312;1;0,149643144;0,790855833;-1,16627016;1;0,218204605;1,199659913;-2,091023026;1;;;;;;;;;;;;;
230;-0,392606911;0,998053117;-0,607393089;1;-1,03542533;0,671493899;0,150472589;1;-1,431237264;1,047151154;6,156186318;1;;;;;;;;;;;;;
231;-0,984217868;0,932949032;-0,015782132;1;-0,713406316;0,648846294;-0,207326316;1;-0,58394856;1,157436896;1,919742799;1;;;;;;;;;;;;;
232;-1,350874231;0,699465225;0,350874231;1;-1,054803467;0,652864264;0,172003853;1;-1,041566293;1,035299093;4,207831466;1;;;;;;;;;;;;;
233;-1,069067848;0,674889637;0,069067848;1;-4,413645113;1,421853785;3,904050125;0;-1,760347365;1,046176933;7,801736827;1;;;;;;;;;;;;;
234;-2,310908751;1,555982224;1,310908751;1;-1,087941078;1,08880682;0,20882342;1;0,995115699;1,886231939;-5,975578493;1;;;;;;;;;;;;;
235;-0,521603589;0,735643644;-0,478396411;1;-0,18205773;0,625133872;-0,797713634;1;-1,768147522;1,14414652;7,840737611;1;;;;;;;;;;;;;
236;-0,355862718;0,65131854;-0,644137282;1;-0,562643947;0,525120849;-0,374840059;1;-1,423479828;0,899032002;6,117399141;1;;;;;;;;;;;;;
237;-2,344364517;1,117136129;1,344364517;1;0,184517305;0,749051246;-1,205019228;1;1,511478444;1,327852916;-8,557392221;1;;;;;;;;;;;;;
238;-4,731004248;1,677489454;3,731004248;0;-2,110214836;1,035485799;1,344683151;1;4,319899883;1,731737594;-22,59949942;0;;;;;;;;;;;;;
239;-0,403363176;0,627076078;-0,596636824;1;-0,930919459;0,589065003;0,034354955;1;-1,461808906;1,081242932;6,30904453;1;;;;;;;;;;;;;
240;-1,642023219;0,669637874;0,642023219;1;-1,687927078;0,706542617;0,875474531;1;0,97551312;0,876931338;-5,877565598;1;;;;;;;;;;;;;
241;-1,711667264;1,336018702;0,711667264;1;-0,808792119;0,985003037;-0,10134209;1;0,134798807;1,778765733;-1,673994037;1;;;;;;;;;;;;;
242;-0,676485096;0,511810698;-0,323514904;1;-2,538052712;0,73375767;1,820058569;0;0,382920538;0,617599219;-2,91460269;1;;;;;;;;;;;;;
243;-1,40560421;0,485122134;0,40560421;1;-1,339677935;0,647135853;0,488531039;1;-0,510572793;0,884734139;1,552863965;1;;;;;;;;;;;;;
244;-1,307337958;1,007415134;0,307337958;1;-0,172057314;0,627960723;-0,808825207;1;0,254710683;1,090854504;-2,273553414;1;;;;;;;;;;;;;
245;-1,578861801;0,749377316;0,578861801;1;0,046234493;0,553022816;-1,051371659;1;-0,132324284;0,981446319;-0,338378578;1;;;;;;;;;;;;;
246;0,415470501;1,00975601;-1,415470501;1;-0,085860555;0,697699047;-0,904599384;1;-2,910437138;1,331449044;13,55218569;0;;;;;;;;;;;;;
247;-0,524937972;1,143530249;-0,475062028;1;-1,455899936;0,836728306;0,617666596;1;0,906637374;2,767347783;-5,533186871;1;;;;;;;;;;;;;
248;-1,908264215;1,320502551;0,908264215;1;0,533608656;0,903091171;-1,592898507;1;-0,358424994;1,543334511;0,792124972;1;;;;;;;;;;;;;
249;-3,02177689;1,127125847;2,02177689;1;-0,869176094;0,804089313;-0,034248784;1;1,135737372;1,51661207;-6,678686861;1;;;;;;;;;;;;;
250;-1,990621399;0,611027345;0,990621399;1;-0,151912135;0,528509918;-0,831208739;1;0,453127073;0,864470461;-3,265635367;1;;;;;;;;;;;;;
251;-1,426020896;0,785871683;0,426020896;1;-1,416059954;0,759805879;0,573399949;1;-0,124207305;1,02675298;-0,378963475;1;;;;;;;;;;;;;
252;-1,233513652;0,893835091;0,233513652;1;-2,399877712;1,120662892;1,666530791;1;0,218938375;1,088923226;-2,094691877;1;;;;;;;;;;;;;
253;-0,86109269;1,003592233;-0,13890731;1;0,051299329;0,610711313;-1,056999254;1;0,516420946;0,965182892;-3,58210473;1;;;;;;;;;;;;;
254;-0,676780869;1,188414378;-0,323219131;1;-1,31439288;0,932334879;0,460436533;1;1,984656967;1,650068329;-10,92328483;1;;;;;;;;;;;;;
255;-1,342183423;0,724436944;0,342183423;1;0,007589949;0,425879361;-1,008433277;0;0,740866573;0,818054601;-4,704332867;1;;;;;;;;;;;;;
256;-3,000904605;0,955301252;2,000904605;0;0,053739529;0,758738504;-1,059710587;1;0,292318776;1,254986295;-2,461593882;1;;;;;;;;;;;;;
257;-1,322047759;0,653317015;0,322047759;1;-0,924899044;0,615312622;0,027665604;1;0,103258532;1,123743547;-1,516292659;1;;;;;;;;;;;;;
258;-0,687342462;0,441051921;-0,312657538;1;-0,586594815;0,501061468;-0,348227983;1;-0,071571862;0,762261433;-0,64214069;1;;;;;;;;;;;;;
259;-0,112305936;0,608113006;-0,887694064;1;-1,013038293;0,570481758;0,125598104;1;-1,83957538;1,036124878;8,197876902;1;;;;;;;;;;;;;
260;-2,874232758;0,936989279;1,874232758;0;0,82303988;0,741931151;-1,914488756;0;-0,221478689;1,213962493;0,107393443;1;;;;;;;;;;;;;
261;-0,606603128;0,511180166;-0,393396872;1;-1,133242798;0,658937894;0,259158665;1;-0,978666885;0,827819268;3,893334424;1;;;;;;;;;;;;;
262;-0,849462411;0,613161585;-0,150537589;1;-1,772816235;0,734117461;0,969795817;1;-0,204649261;1,015516193;0,023246306;1;;;;;;;;;;;;;
263;-1,300495942;0,54173997;0,300495942;1;-1,690122994;0,713752525;0,877914437;1;-1,931414175;1,046749054;8,657070875;1;;;;;;;;;;;;;
264;-0,190636898;1,149283929;-0,809363102;1;-1,568544723;0,987936336;0,74282747;1;-1,246709079;1,412293827;5,233545393;1;;;;;;;;;;;;;
265;-1,029246259;0,698829586;0,029246259;1;-0,95841537;0,558211118;0,064905967;1;-0,532825323;0,964536919;1,664126615;1;;;;;;;;;;;;;
266;-2,563605628;1,086392743;1,563605628;1;-0,519163611;0,727987527;-0,423151543;1;1,973888704;1,382245188;-10,86944352;1;;;;;;;;;;;;;
267;-0,322329659;0,705326801;-0,677670341;1;-1,254883692;0,619824698;0,394315213;1;-1,401521063;0,90470097;6,007605315;1;;;;;;;;;;;;;
268;-1,873862836;0,775163135;0,873862836;1;-1,992741692;0,863590425;1,214157436;1;0,332087167;1,026992275;-2,660435835;1;;;;;;;;;;;;;
269;-1,077501888;0,710507263;0,077501888;1;-0,69534773;0,598728971;-0,227391412;1;-0,49108077;0,905980687;1,45540385;1;;;;;;;;;;;;;
270;-0,627959991;0,526532716;-0,372040009;1;-0,538318392;0,512449227;-0,401868453;1;-0,507263199;0,716328259;1,536315995;1;;;;;;;;;;;;;
271;-1,486155548;0,512364199;0,486155548;1;-2,553480734;0,92567878;1,837200815;1;-0,38068914;0,753616596;0,903445701;1;;;;;;;;;;;;;
272;-1,005269629;0,663823687;0,005269629;1;-1,488340579;0,755281859;0,653711754;1;-0,404632563;0,973578892;1,023162815;1;;;;;;;;;;;;;
273;-2,140946524;0,808697264;1,140946524;1;0,118563276;0,559910612;-1,131736974;1;0,690242373;0,947696682;-4,451211867;1;;;;;;;;;;;;;
274;-1,267818156;1,150338806;0,267818156;1;-1,244446;0,758496728;0,382717778;1;0,939262411;1,817360233;-5,696312054;1;;;;;;;;;;;;;
275;0,10206221;0,552143952;-1,10206221;0;-0,612753845;0,437821811;-0,319162395;1;-0,624819436;0,77843966;2,12409718;1;;;;;;;;;;;;;
276;-0,815617031;1,355687242;-0,184382969;1;-0,69445862;0,836201069;-0,228379311;1;-1,343770242;2,007670747;5,718851211;1;;;;;;;;;;;;;
277;-2,477645518;1,031019101;1,477645518;1;-1,432884246;0,724118871;0,592093606;1;2,489114758;1,321459073;-13,44557379;0;;;;;;;;;;;;;
278;-1,525221252;0,763953904;0,525221252;1;-2,497478447;0,865110988;1,774976053;1;0,745487363;1,014322829;-4,727436814;1;;;;;;;;;;;;;
279;-1,661361946;0,74499751;0,661361946;1;-0,818860094;0,661385423;-0,090155451;1;-0,887238755;1,167014774;3,436193775;1;;;;;;;;;;;;;
280;-1,26319151;0,606962399;0,26319151;1;-1,424346164;0,690639158;0,582606848;1;0,00356408;0,882519001;-1,0178204;1;;;;;;;;;;;;;
281;-0,794261369;0,585828169;-0,205738631;1;-1,888682281;0,917878783;1,098535867;1;-1,578145887;1,114893873;6,890729434;1;;;;;;;;;;;;;
282;-1,933473816;0,844127205;0,933473816;1;-1,026004695;0,61821253;0,140005217;1;1,789599032;1,045475999;-9,947995159;1;;;;;;;;;;;;;
283;-1,649938809;0,568391267;0,649938809;1;-0,900614188;0,541577459;0,000682431;1;0,463050636;0,733030622;-3,315253181;1;;;;;;;;;;;;;
284;-0,714638391;0,375446968;-0,285361609;1;-0,248945481;0,44403159;-0,72339391;1;-0,733121334;0,700177196;2,66560667;1;;;;;;;;;;;;;
285;-0,832341743;1,058903126;-0,167658257;1;-0,383693767;0,729465964;-0,573673592;1;0,077027064;1,209488228;-1,385135319;1;;;;;;;;;;;;;
286;-2,66249383;0,872809748;1,66249383;1;-0,7401264;0,846908439;-0,177637333;1;0,464484036;1,381715026;-3,322420182;1;;;;;;;;;;;;;
287;-1,176170221;0,577846128;0,176170221;1;-1,398312579;0,629845381;0,553680644;1;0,63847738;0,867680943;-4,192386901;1;;;;;;;;;;;;;
288;-1,289180192;1,082274525;0,289180192;1;-2,203683795;1,067169702;1,44853755;1;0,703350778;1,183512491;-4,516753888;1;;;;;;;;;;;;;
289;-0,471042875;0,774745919;-0,528957125;1;-1,454688169;0,790355063;0,616320188;1;-0,683541868;1,052029869;2,417709342;1;;;;;;;;;;;;;
290;0,270650684;0,625931368;-1,270650684;0;-2,193759512;0,853513619;1,437510569;1;-0,156232247;1,220880539;-0,218838767;1;;;;;;;;;;;;;
291;-1,182975803;0,646377431;0,182975803;1;-0,895373321;0,537067308;-0,005140755;1;0,319676675;0,73943304;-2,598383377;1;;;;;;;;;;;;;
292;-0,586606142;0,761685913;-0,413393858;1;-2,323928995;0,908211071;1,582143328;1;-0,959865309;0,931287077;3,799326546;1;;;;;;;;;;;;;
293;-1,278844522;0,718141379;0,278844522;1;-1,730905099;0,644668894;0,923227888;1;0,591212606;0,886157765;-3,95606303;1;;;;;;;;;;;;;
294;-1,14553193;0,507675978;0,14553193;1;-2,341279382;0,690175651;1,601421536;0;1,334256589;0,772694936;-7,671282946;0;;;;;;;;;;;;;
295;0,395045431;0,743570187;-1,395045431;1;-2,083119205;1,399453563;1,314576894;1;-1,657729901;1,430712594;7,288649507;1;;;;;;;;;;;;;
296;-1,155850857;0,506488493;0,155850857;1;-1,328784131;0,554399694;0,476426812;1;0,627857493;0,819887128;-4,139287466;1;;;;;;;;;;;;;
297;-1,592408921;0,852984259;0,592408921;1;-0,425758104;0,730484331;-0,52693544;1;-0,469867174;1,203602275;1,349335869;1;;;;;;;;;;;;;
298;-0,876878823;0,692927701;-0,123121177;1;-2,474538617;0,879888569;1,749487353;1;-1,16551571;0,94126477;4,827578549;1;;;;;;;;;;;;;
299;-0,540963625;0,389140926;-0,459036375;1;-0,658239652;0,466262373;-0,268622609;1;-1,063040703;0,633022215;4,315203517;1;;;;;;;;;;;;;
300;-2,08364738;0,918285288;1,08364738;1;-1,746487651;0,911264903;0,940541835;1;0,228670926;1,453124972;-2,143354631;1;;;;;;;;;;;;;
301;-1,227283053;0,790061194;0,227283053;1;-0,393353592;0,634073858;-0,562940453;1;0,183239328;1,104555187;-1,916196642;1;;;;;;;;;;;;;
302;-2,456457226;0,865786516;1,456457226;1;-0,32491363;0,564479702;-0,638984856;1;1,779107187;1,080705815;-9,895535933;1;;;;;;;;;;;;;
303;-0,94313293;0,69511897;-0,05686707;1;-0,90569569;0,788473287;0,006328544;1;-2,236184608;1,195844419;10,18092304;1;;;;;;;;;;;;;
304;-0,393136788;1,001254131;-0,606863212;1;-0,99640063;0,78795448;0,107111811;1;0,152988665;1,41054331;-1,764943323;1;;;;;;;;;;;;;
305;-1,25103689;0,558572012;0,25103689;1;-1,755779424;0,713587652;0,950866026;1;0,198047051;0,723572339;-1,990235254;1;;;;;;;;;;;;;
306;-0,283672021;1,008579291;-0,716327979;1;-1,402064252;0,697261431;0,557849169;1;-0,721443874;1,391333385;2,607219368;1;;;;;;;;;;;;;
307;-0,720683239;0,340065051;-0,279316761;1;-1,059069152;0,523644551;0,176743502;1;-0,558585408;0,571350397;1,792927041;1;;;;;;;;;;;;;
308;-1,31968464;1,263560798;0,31968464;1;-0,182825286;0,644418476;-0,796860794;1;1,076196968;1,093298179;-6,380984841;1;;;;;;;;;;;;;
309;-0,489182236;0,413828439;-0,510817764;1;-0,441293851;0,434682838;-0,509673499;1;-0,888952808;0,715917998;3,444764041;1;;;;;;;;;;;;;
310;-1,702351522;0,971681189;0,702351522;1;-0,337204513;0,707784794;-0,625328319;1;-0,727720956;1,467602182;2,638604781;1;;;;;;;;;;;;;
311;-1,804767768;0,816166591;0,804767768;1;-0,469384582;0,508557852;-0,478461576;1;1,150956419;0,891492417;-6,754782095;1;;;;;;;;;;;;;
312;-0,83210275;1,08017193;-0,16789725;1;0,267730723;0,760591204;-1,297478581;1;-2,250516321;1,357715936;10,25258161;1;;;;;;;;;;;;;
313;-1,030291374;0,721967171;0,030291374;1;-0,726714215;0,567229045;-0,192539761;1;0,529183333;0,900150359;-3,645916664;1;;;;;;;;;;;;;
314;3,095816418;1,461527995;-4,095816418;0;-2,827007379;1,02338727;2,14111931;1;-3,273447314;1,613827728;15,36723657;1;;;;;;;;;;;;;
315;-0,914719022;0,579581768;-0,085280978;1;-0,937424811;0,529862681;0,041583123;1;0,397167988;0,75603235;-2,985839941;1;;;;;;;;;;;;;
316;-0,235091431;1,229512037;-0,764908569;1;-1,09256266;0,826546954;0,213958511;1;-0,648458646;1,633584829;2,242293232;1;;;;;;;;;;;;;
317;-1,233074327;0,85345033;0,233074327;1;-1,87420161;0,839424593;1,082446234;1;0,423268724;1,232893219;-3,11634362;1;;;;;;;;;;;;;
318;-1,280581137;0,729135804;0,280581137;1;-1,357758442;0,675938864;0,508620492;1;0,782977419;1,27797265;-4,914887096;1;;;;;;;;;;;;;
319;-0,865049318;0,591730925;-0,134950682;1;-0,661709209;0,496533405;-0,264767546;1;-0,981571971;0,902582638;3,907859855;1;;;;;;;;;;;;;
320;0,468058912;0,610094991;-1,468058912;0;-2,595877116;0,87615645;1,884307906;1;-0,894277378;0,769055338;3,47138689;1;;;;;;;;;;;;;
321;-0,871397542;1,276477357;-0,128602458;1;-0,75947547;1,2877927;-0,156138367;1;-1,321605767;2,164979613;5,608028834;1;;;;;;;;;;;;;
322;-0,269009012;0,895668479;-0,730990988;1;-0,831288785;0,492058054;-0,076345795;1;0,018928188;0,825326298;-1,094640938;1;;;;;;;;;;;;;
323;-1,679657401;0,744180751;0,679657401;1;-0,772454508;0,67185706;-0,141717214;1;-0,34003959;1,124670454;0,700197948;1;;;;;;;;;;;;;
324;-0,093289123;1,233549728;-0,906710877;1;-2,489322847;0,859106873;1,765914274;1;0,653743374;1,308014676;-4,268716872;1;;;;;;;;;;;;;
325;-1,185227794;0,827556358;0,185227794;1;-1,186348683;0,734309318;0,318165203;1;0,195297257;1,09771969;-1,976486287;1;;;;;;;;;;;;;
326;-1,790439338;0,8038418;0,790439338;1;0,141542159;0,664122297;-1,157269065;1;0,287094468;1,101218189;-2,435472339;1;;;;;;;;;;;;;
327;-1,762305484;0,887460185;0,762305484;1;-1,928071067;1,048463934;1,142301185;1;-0,436073239;1,471238316;1,180366196;1;;;;;;;;;;;;;
328;-1,56880584;0,818618629;0,56880584;1;-3,423512859;1,241740703;2,803903176;0;-0,084129396;1,12508613;-0,579353019;1;;;;;;;;;;;;;
329;-1,655562757;0,744581915;0,655562757;1;-2,191461708;1,071470511;1,434957453;1;0,757385362;0,999505009;-4,786926809;1;;;;;;;;;;;;;
330;-1,241552171;0,667990482;0,241552171;1;-0,710315738;0,597404244;-0,210760292;1;-0,131189826;0,948898383;-0,344050869;1;;;;;;;;;;;;;
331;-0,949099832;0,644361237;-0,050900168;1;-1,166225285;0,68407551;0,295805872;1;-0,331060446;1,015928769;0,655302229;1;;;;;;;;;;;;;
332;-1,547808322;0,687999603;0,547808322;1;-0,322389254;0,673038823;-0,641789718;1;-0,311847237;1,004221703;0,559236186;1;;;;;;;;;;;;;
333;-1,027891001;0,568212756;0,027891001;1;-1,670527408;0,580266487;0,856141565;1;0,685789903;0,872724673;-4,428949516;1;;;;;;;;;;;;;
334;-0,318200968;0,698841431;-0,681799032;1;-0,069035765;0,45468881;-0,923293594;1;-0,324637695;0,832757338;0,623188474;1;;;;;;;;;;;;;
335;-0,877753545;0,756755333;-0,122246455;1;-1,805529304;0,872673278;1,006143671;1;-1,241813002;1,308908645;5,209065008;1;;;;;;;;;;;;;
336;-1,271239127;0,631718023;0,271239127;1;-0,828292734;0,573431416;-0,07967474;1;0,614832363;0,802099932;-4,074161817;1;;;;;;;;;;;;;
337;-1,092260117;0,999641392;0,092260117;1;-1,403477789;0,818893973;0,559419766;1;2,013028052;1,550439607;-11,06514026;1;;;;;;;;;;;;;
338;-0,455717778;0,430303894;-0,544282222;1;-1,296460275;0,600951078;0,440511417;1;-1,207177992;0,803347185;5,03588996;1;;;;;;;;;;;;;
339;-0,902347071;0,585278716;-0,097652929;1;-1,615268379;0,963291111;0,794742643;1;-1,752015048;1,042991817;7,760075241;1;;;;;;;;;;;;;
340;-1,242424248;0,67586765;0,242424248;1;-1,08155046;0,712215003;0,201722733;1;-0,36632775;0,957980018;0,831638749;1;;;;;;;;;;;;;
341;-0,959097469;0,501762918;-0,040902531;1;-0,615547583;0,532894085;-0,316058241;1;0,0561329;0,923644996;-1,280664501;1;;;;;;;;;;;;;
342;-1,077343621;0,547355067;0,077343621;1;-0,653049919;0,5696676;-0,274388979;1;-0,419093529;0,864418381;1,095467646;1;;;;;;;;;;;;;
343;-0,887225157;0,465555083;-0,112774843;1;-0,792620413;0,460011339;-0,119310652;1;-0,586032717;0,653895399;1,930163585;1;;;;;;;;;;;;;
344;-0,907284787;0,623105253;-0,092715213;1;-0,746751803;0,644568687;-0,170275775;1;-0,846356862;1,12380811;3,231784311;1;;;;;;;;;;;;;
345;-0,654153067;0,696707762;-0,345846933;1;-0,389313503;0,569098065;-0,567429441;1;-0,515091211;1,080736579;1,575456054;1;;;;;;;;;;;;;
346;-1,731910639;0,691815131;0,731910639;1;-0,145703608;0,444607057;-0,838107102;1;1,073032056;0,723251452;-6,365160278;1;;;;;;;;;;;;;
347;-0,44248516;0,983965334;-0,55751484;1;-0,515778345;0,684729328;-0,426912951;1;0,352939353;1,038599107;-2,764696765;1;;;;;;;;;;;;;
348;-2,255524599;0,691404162;1,255524599;1;-0,966487656;0,704627941;0,073875174;1;0,532869154;1,024503783;-3,664345769;1;;;;;;;;;;;;;
349;-0,701147841;0,63631104;-0,298852159;1;-1,21053863;0,528259141;0,345042922;1;0,027585437;0,779789975;-1,137927185;1;;;;;;;;;;;;;
350;0,048753157;0,97477846;-1,048753157;1;-1,878704321;0,828069313;1,087449246;1;0,049888713;1,448799142;-1,249443565;1;;;;;;;;;;;;;
351;-1,550952809;0,766939158;0,550952809;1;0,113122478;0,584987846;-1,125691642;1;-0,39184983;1,074627479;0,959249152;1;;;;;;;;;;;;;
352;-3,204655177;1,278868565;2,204655177;1;-0,15070377;0,729263168;-0,832551367;1;2,964217587;1,517040644;-15,82108794;0;;;;;;;;;;;;;
353;-0,64961735;0,6158185;-0,35038265;1;-1,753110903;0,815595855;0,947901003;1;-1,280604245;1,159328082;5,403021224;1;;;;;;;;;;;;;
354;-1,794951018;0,691225526;0,794951018;1;-0,560931429;0,558669343;-0,376742857;1;0,634662608;0,897600955;-4,173313038;1;;;;;;;;;;;;;
355;-1,005648146;1,10551032;0,005648146;1;-0,442549904;0,921796958;-0,508277884;1;1,220612395;1,713363581;-7,103061974;1;;;;;;;;;;;;;
356;-0,009276808;0,670947623;-0,990723192;1;-1,14077562;0,666714928;0,267528466;1;0,86454108;0,973427689;-5,322705399;1;;;;;;;;;;;;;
357;-1,197702908;0,421115692;0,197702908;1;-1,229008939;0,581432535;0,365565488;1;-1,172763034;0,790619432;4,863815169;1;;;;;;;;;;;;;
358;-0,488748214;0,822983435;-0,511251786;1;-0,269545899;0,522508387;-0,700504557;1;-0,317533216;0,855271137;0,587666078;1;;;;;;;;;;;;;
359;-3,426481603;1,139270908;2,426481603;0;0,075606321;0,760494827;-1,084007024;1;1,730294738;1,378465423;-9,651473688;1;;;;;;;;;;;;;
360;-0,747118434;1,088140875;-0,252881566;1;-1,856369067;0,993797539;1,062632297;1;-1,583040885;1,662551136;6,915204426;1;;;;;;;;;;;;;
361;-0,921253366;0,652531157;-0,078746634;1;-0,765952028;0,499053672;-0,148942191;1;0,291181923;0,877716918;-2,455909613;1;;;;;;;;;;;;;
362;-2,139849069;1,346910627;1,139849069;1;-0,919806168;1,048720582;0,022006853;1;0,799827766;1,835795909;-4,999138831;1;;;;;;;;;;;;;
363;-0,33433889;0,75206609;-0,66566111;1;-0,391213006;0,678836818;-0,565318882;1;-1,58823209;1,146877852;6,94116045;1;;;;;;;;;;;;;
364;-0,066229993;0,632474534;-0,933770007;1;-0,911196171;0,53826821;0,01244019;1;-0,909165893;0,860511236;3,545829465;1;;;;;;;;;;;;;
365;-4,283215915;1,687992439;3,283215915;1;-2,209834935;1,120002334;1,45537215;1;7,892053606;2,921929992;-40,46026803;0;;;;;;;;;;;;;
366;-0,843376862;0,737014257;-0,156623138;1;-1,165792815;0,627623062;0,29532535;1;1,19305234;1,348935844;-6,965261701;1;;;;;;;;;;;;;
367;-1,210409395;0,565739794;0,210409395;1;-1,879860965;0,741019319;1,088734406;1;-0,088090698;0,859872604;-0,559546512;1;;;;;;;;;;;;;
368;-0,620231336;0,666277984;-0,379768664;1;0,054665748;0,597336732;-1,06073972;1;-0,016084443;1,003707865;-0,919577785;1;;;;;;;;;;;;;
369;-0,657019965;0,859910284;-0,342980035;1;-0,037306788;0,56459503;-0,958548013;1;-0,234104957;0,92002233;0,170524783;1;;;;;;;;;;;;;
370;-0,828630179;0,663179527;-0,171369821;1;-0,770891301;0,523238101;-0,14345411;1;-0,120282449;0,778757186;-0,398587755;1;;;;;;;;;;;;;
371;-1,672217319;0,64255648;0,672217319;1;-0,36487473;0,50692597;-0,594583634;1;0,573781925;0,837019206;-3,868909624;1;;;;;;;;;;;;;
372;-1,540850447;0,604305635;0,540850447;1;-0,77383558;0,542496566;-0,140182688;1;-0,165142671;0,940106218;-0,174286643;1;;;;;;;;;;;;;
373;-2,941864084;1,134292934;1,941864084;1;-1,985976756;1,104334523;1,20664084;1;1,924975285;1,382219371;-10,62487642;1;;;;;;;;;;;;;
374;-1,483558176;0,527568446;0,483558176;1;-1,234409861;0,608384611;0,371566512;1;-0,426870503;0,785807057;1,134352517;1;;;;;;;;;;;;;
375;0,064948284;1,011373226;-1,064948284;1;-2,699406978;1,106157159;1,999341087;1;-2,954907612;1,760568675;13,77453806;1;;;;;;;;;;;;;
376;-1,701868924;0,850820076;0,701868924;1;0,575580185;0,730650127;-1,639533539;0;-0,447617625;1,392115088;1,238088124;1;;;;;;;;;;;;;
377;-0,488398915;0,435779296;-0,511601085;1;-1,790639788;0,609056487;0,989599765;1;-1,148070366;0,762390983;4,740351828;1;;;;;;;;;;;;;
378;-0,469608421;0,93476001;-0,530391579;1;0,059650761;0,837658275;-1,066278623;1;-1,299441924;1,620284253;5,497209619;1;;;;;;;;;;;;;
379;-0,671373903;0,675223292;-0,328626097;1;-1,149566772;0,520179519;0,277296413;1;0,293683322;0,796552231;-2,468416611;1;;;;;;;;;;;;;
380;-1,683991621;0,787322169;0,683991621;1;-0,874952285;0,68277118;-0,027830794;1;1,51293051;1,102249857;-8,56465255;1;;;;;;;;;;;;;
381;-1,585929825;1,014895017;0,585929825;1;-0,399091521;0,807277256;-0,556564977;1;-1,018262086;1,575152011;4,091310432;1;;;;;;;;;;;;;
382;-0,993283175;0,46611076;-0,006716825;1;-1,186426711;0,652516126;0,318251901;1;-0,225357972;0,678434994;0,126789861;1;;;;;;;;;;;;;
383;-1,68679328;0,762445851;0,68679328;1;-1,223545928;0,624347104;0,359495476;1;0,571434941;0,872090179;-3,857174705;1;;;;;;;;;;;;;
384;-0,121630147;1,392475418;-0,878369853;1;-2,322973024;1,16474523;1,581081138;1;-0,886731191;1,77739915;3,433655953;1;;;;;;;;;;;;;
385;-0,382036286;0,930495551;-0,617963714;1;-2,161593683;0,830532597;1,401770759;1;-0,633658543;1,190095322;2,168292713;1;;;;;;;;;;;;;
386;-1,354902298;1,444760134;0,354902298;1;-1,346055227;1,097727906;0,495616919;1;-1,350492712;1,817443444;5,752463562;1;;;;;;;;;;;;;
387;-1,024437207;0,783005055;0,024437207;1;-0,962816841;0,624916474;0,06979649;1;-0,30506919;1,070076991;0,525345952;1;;;;;;;;;;;;;
388;-2,343568606;1,241798896;1,343568606;1;-0,822117279;0,964580385;-0,086536357;1;0,847208565;1,827497907;-5,236042826;1;;;;;;;;;;;;;
389;-1,001059417;1,567846567;0,001059417;1;-1,205608522;0,805256632;0,339565024;1;2,599388546;1,787381964;-13,99694273;1;;;;;;;;;;;;;
390;-1,902602415;0,83354722;0,902602415;1;-1,092718076;0,733170506;0,214131195;1;1,070616828;0,996499288;-6,353084138;1;;;;;;;;;;;;;
391;-1,688215747;1,038120775;0,688215747;1;-0,266221846;0,81744433;-0,704197949;1;0,181317288;1,589132451;-1,906586439;1;;;;;;;;;;;;;
392;0,240815999;1,007743048;-1,240815999;1;-1,075071021;0,809049408;0,194523357;1;0,526786542;1,608346139;-3,63393271;1;;;;;;;;;;;;;
393;-1,043095796;0,600672992;0,043095796;1;-0,443142156;0,596501206;-0,507619826;1;-0,492165123;1,301311433;1,460825614;1;;;;;;;;;;;;;
394;-1,526861395;0,743530079;0,526861395;1;-0,747565849;0,545767238;-0,169371279;1;0,483262626;0,944159404;-3,416313131;1;;;;;;;;;;;;;
395;-0,972303088;0,625613893;-0,027696912;1;-1,965322671;0,824405745;1,183691856;1;0,039699389;0,972959165;-1,198496943;1;;;;;;;;;;;;;
396;-0,466413106;0,59500944;-0,533586894;1;-0,919464058;0,515881036;0,021626731;1;-0,643996486;1,057987005;2,219982428;1;;;;;;;;;;;;;
397;-0,346470678;1,022265912;-0,653529322;1;-0,859291822;0,703442547;-0,045231309;1;-0,525577691;1,209350968;1,627888454;1;;;;;;;;;;;;;
398;-1,431888205;0,773923049;0,431888205;1;-0,382220198;0,536042126;-0,575310891;1;0,776237735;1,070006621;-4,881188673;1;;;;;;;;;;;;;
399;-0,710949526;0,825548733;-0,289050474;1;-0,392309686;0,780842264;-0,564100349;1;1,142437316;1,288917221;-6,712186582;1;;;;;;;;;;;;;
400;-1,030017394;0,472393633;0,030017394;1;-1,796904481;0,818397006;0,996560534;1;-1,466574195;1,002423647;6,332870973;1;;;;;;;;;;;;;
401;-0,743939263;0,788264053;-0,256060737;1;-1,159762416;0,643937163;0,288624907;1;-0,117815019;1,008419423;-0,410924905;1;;;;;;;;;;;;;
402;-2,122301392;0,722881235;1,122301392;1;0,069576824;0,579805784;-1,077307582;1;0,753873506;0,902870997;-4,769367531;1;;;;;;;;;;;;;
403;-1,213506936;0,6780986;0,213506936;1;-2,066180932;0,82414473;1,295756591;1;-0,239385544;1,034072235;0,196927722;1;;;;;;;;;;;;;
404;-1,381375385;0,963128153;0,381375385;1;-0,158398993;0,726595205;-0,824001118;1;-0,678277566;1,397801167;2,391387829;1;;;;;;;;;;;;;
405;0,022709991;0,439883438;-1,022709991;0;-2,507808932;0,732531093;1,786454369;0;-2,026193409;0,856724172;9,130967046;0;;;;;;;;;;;;;
406;-0,06201656;0,761499832;-0,93798344;1;-0,300642502;0,693619956;-0,665952776;1;-0,354001718;1,228319433;0,770008591;1;;;;;;;;;;;;;
407;-3,359202898;1,354762401;2,359202898;1;-0,364422544;0,702437802;-0,595086062;1;2,797399911;1,356221475;-14,98699956;0;;;;;;;;;;;;;
408;-0,089570473;1,039284403;-0,910429527;1;0,114480184;0,915189251;-1,127200205;1;-1,221450828;1,742080972;5,10725414;1;;;;;;;;;;;;;
409;1,45608013;1,015732079;-2,45608013;0;-1,406500513;0,750680846;0,562778348;1;-1,28406136;1,308600879;5,420306802;1;;;;;;;;;;;;;
410;-1,122356904;0,555279781;0,122356904;1;-3,096143607;0,897087696;2,440159563;0;0,231688804;0,706869312;-2,158444019;1;;;;;;;;;;;;;
411;0,919934405;0,746865461;-1,919934405;0;-1,055846407;0,678654265;0,173162675;1;-2,336207517;1,250996409;10,68103758;1;;;;;;;;;;;;;
412;-3,057437562;1,084527065;2,057437562;1;-2,630811049;1,077218291;1,923123388;1;1,7542346;1,279503598;-9,771173;1;;;;;;;;;;;;;
413;-2,911611499;0,978706339;1,911611499;1;-1,198406441;1,095063952;0,331562712;1;0,744160882;1,355463949;-4,720804411;1;;;;;;;;;;;;;
414;-1,277725299;0,769577837;0,277725299;1;-0,939886826;0,73514984;0,044318696;1;0,121721899;1,090594677;-1,608609497;1;;;;;;;;;;;;;
415;-1,456991224;0,618071665;0,456991224;1;-0,770774787;0,551490825;-0,14358357;1;1,69156637;0,912951182;-9,457831851;0;;;;;;;;;;;;;
416;-0,571291625;0,699637145;-0,428708375;1;-1,060355511;0,620094387;0,17817279;1;0,847971204;1,302415322;-5,239856022;1;;;;;;;;;;;;;
417;-1,496749519;0,693120537;0,496749519;1;0,138452575;0,524570187;-1,153836194;0;0,013444259;0,770407777;-1,067221294;1;;;;;;;;;;;;;
418;-1,827691773;0,717387885;0,827691773;1;-1,326707071;0,602526127;0,474118968;1;1,799965905;1,06057188;-9,999829525;1;;;;;;;;;;;;;
419;-0,731149672;0,662412064;-0,268850328;1;-1,338258116;0,614534217;0,486953462;1;0,57153941;0,948046062;-3,857697049;1;;;;;;;;;;;;;
420;-1,385643711;0,703324034;0,385643711;1;-1,265082861;0,693160915;0,405647623;1;-0,750510287;0,995222941;2,752551437;1;;;;;;;;;;;;;
421;-2,417246552;0,929882388;1,417246552;1;-1,917586107;0,963102131;1,13065123;1;0,448888606;1,352158668;-3,244443032;1;;;;;;;;;;;;;
422;-1,287437134;0,681859407;0,287437134;1;-0,921298342;0,593019997;0,023664824;1;-0,378715234;0,86731699;0,893576168;1;;;;;;;;;;;;;
423;-0,640221667;0,631153278;-0,359778333;1;-1,419622194;0,617556893;0,577357993;1;0,246287635;0,984991833;-2,231438177;1;;;;;;;;;;;;;
424;-1,965166935;1,092109905;0,965166935;1;0,279624803;0,659960269;-1,310694226;1;1,196622289;1,115316995;-6,983111443;1;;;;;;;;;;;;;
425;-1,508912229;1,438332316;0,508912229;1;-0,487043257;0,966601389;-0,458840826;1;0,676284859;1,528090945;-4,381424293;1;;;;;;;;;;;;;
426;-0,994444623;0,654525928;-0,005555377;1;-0,604287017;0,5909425;-0,328569981;1;0,858985632;0,886047758;-5,294928159;1;;;;;;;;;;;;;
427;-1,36098039;0,568662837;0,36098039;1;-0,612694476;0,52982186;-0,31922836;1;-0,044327332;0,831247715;-0,778363342;1;;;;;;;;;;;;;
428;-0,896238708;1,122004346;-0,103761292;1;-0,416214525;0,927920102;-0,537539417;1;0,205216161;1,968558729;-2,026080805;1;;;;;;;;;;;;;
429;-1,003326916;0,863204558;0,003326916;1;-0,463910889;0,71721721;-0,484543456;1;-0,037170328;1,190120543;-0,814148362;1;;;;;;;;;;;;;
430;0,189789763;0,62087684;-1,189789763;1;-0,906392477;0,589293117;0,007102752;1;-1,73782732;1,23364959;7,689136601;1;;;;;;;;;;;;;
431;-0,596883515;0,57541862;-0,403116485;1;-0,781994974;0,513208602;-0,131116696;1;-0,067378134;0,962801997;-0,663109329;1;;;;;;;;;;;;;
432;-1,480318004;1,291006188;0,480318004;1;0,076209711;0,722474214;-1,084677457;1;-0,509294414;1,326159231;1,546472068;1;;;;;;;;;;;;;
433;-1,151344919;0,605178562;0,151344919;1;-1,090862861;0,721459992;0,212069845;1;-1,516775414;1,014678061;6,583877069;1;;;;;;;;;;;;;
434;-2,611463487;1,289152446;1,611463487;1;-1,312576839;1,046408596;0,458418709;1;1,512074725;1,754755872;-8,560373624;1;;;;;;;;;;;;;
435;-2,35851777;0,949327711;1,35851777;1;-0,662989271;0,604862962;-0,263345255;1;1,599662177;1,360090018;-8,998310886;1;;;;;;;;;;;;;
436;-2,133721147;1,153297377;1,133721147;1;-0,88186679;0,803969456;-0,020148011;1;2,071091709;1,363936593;-11,35545855;1;;;;;;;;;;;;;
437;-2,866373672;0,803094193;1,866373672;0;-0,267568091;0,494995026;-0,702702121;1;2,079704341;0,9075102;-11,39852171;0;;;;;;;;;;;;;
438;-0,480791848;0,620303038;-0,519208152;1;-0,608374595;0,598131705;-0,324028228;1;-1,532610882;1,134823596;6,663054411;1;;;;;;;;;;;;;
439;-1,643923157;0,760453482;0,643923157;1;-1,061817927;0,646499513;0,179797697;1;0,315999244;0,947166322;-2,579996222;1;;;;;;;;;;;;;
440;0,572976552;0,554742163;-1,572976552;0;-1,302859427;0,637611613;0,447621586;1;-2,358399435;1,185306017;10,79199717;1;;;;;;;;;;;;;
441;-0,450249032;0,969862327;-0,549750968;1;-1,3980453;0,74239339;0,553383667;1;-0,140950603;1,064443104;-0,295246983;1;;;;;;;;;;;;;
442;-1,129103268;0,726868315;0,129103268;1;-0,787859113;0,628415077;-0,124600986;1;1,397737214;1,143236803;-7,988686068;1;;;;;;;;;;;;;
443;-0,149925648;0,616438019;-0,850074352;1;-1,258470327;0,580894333;0,398300364;1;-0,800994195;1,078288574;3,004970976;1;;;;;;;;;;;;;
444;-0,452637918;0,558519851;-0,547362082;1;-2,92232927;0,927673235;2,247032522;0;-0,139502721;0,792747028;-0,302486395;1;;;;;;;;;;;;;
445;-0,114797158;0,531481189;-0,885202842;1;-0,191786471;0,520999255;-0,786903921;1;-2,795484091;0,928079668;12,97742045;0;;;;;;;;;;;;;
446;-0,127194089;0,994065018;-0,872805911;1;-0,183766895;0,65354316;-0,795814561;1;-0,928898053;1,282730539;3,644490266;1;;;;;;;;;;;;;
447;0,041756762;0,953288394;-1,041756762;1;-2,093693847;0,940537549;1,326326497;1;1,230666844;1,565617964;-7,15333422;1;;;;;;;;;;;;;
448;-2,119375138;0,95447519;1,119375138;1;-0,293140082;0,67109172;-0,674288798;1;0,831285913;1,250735945;-5,156429567;1;;;;;;;;;;;;;
449;-0,801216462;0,675972177;-0,198783538;1;-2,088782992;0,78863466;1,320869991;1;0,992973394;1,066289859;-5,964866969;1;;;;;;;;;;;;;
450;-0,946802988;0,511812496;-0,053197012;1;-0,232946882;0,440285616;-0,741170132;1;-0,530792824;0,779927693;1,653964122;1;;;;;;;;;;;;;
451;-2,291494286;1,020437725;1,291494286;1;-0,100315323;0,676434398;-0,88853853;1;1,146821323;1,290019808;-6,734106613;1;;;;;;;;;;;;;
452;-0,95241998;0,780549543;-0,04758002;1;-1,76992158;0,794685759;0,966579533;1;-0,795826878;1,148784839;2,979134388;1;;;;;;;;;;;;;
453;0,177281749;1,223870408;-1,177281749;1;-1,754808415;0,741004076;0,949787128;1;-0,134830729;1,121558047;-0,325846357;1;;;;;;;;;;;;;
454;-0,920668217;0,506331635;-0,079331783;1;-1,310809943;0,658532286;0,456455492;1;0,069326015;0,684096918;-1,346630073;1;;;;;;;;;;;;;
455;-0,074706871;0,571387735;-0,925293129;1;-0,51314565;0,700145156;-0,429838167;1;-2,799102306;1,130825377;12,99551153;0;;;;;;;;;;;;;
456;-1,290123081;0,752555205;0,290123081;1;-0,582820706;0,678970072;-0,352421437;1;-0,791267306;1,237167785;2,956336532;1;;;;;;;;;;;;;
457;-1,510134951;0,813589533;0,510134951;1;-1,297883708;0,70349791;0,442093009;1;0,54964323;1,150454258;-3,748216149;1;;;;;;;;;;;;;
458;-1,392255558;2,957913978;0,392255558;1;-0,013110084;1,041226258;-0,98543324;1;0,425480572;1,921257335;-3,127402858;1;;;;;;;;;;;;;
459;-0,343087233;1,244876933;-0,656912767;1;-0,561268008;0,788892918;-0,37636888;1;-1,17969672;1,352775817;4,898483601;1;;;;;;;;;;;;;
460;-0,978434321;0,66375794;-0,021565679;1;-0,52870553;0,595108075;-0,412549411;1;-0,592793116;0,968114925;1,963965581;1;;;;;;;;;;;;;
461;-3,529262258;1,121713119;2,529262258;0;0,943382347;0,703094139;-2,048202608;0;1,703080773;1,212206355;-9,515403865;1;;;;;;;;;;;;;
462;-2,370533402;1,101301571;1,370533402;1;-0,812934098;0,725452392;-0,096739891;1;1,992112413;1,397154305;-10,96056207;1;;;;;;;;;;;;;
463;-0,432287848;0,580999792;-0,567712152;1;-1,350799198;0,692181127;0,500887998;1;-1,141893559;0,951681045;4,709467794;1;;;;;;;;;;;;;
464;-1,317322995;0,695468413;0,317322995;1;-1,411280728;0,748128079;0,568089698;1;-0,221013412;0,894819251;0,10506706;1;;;;;;;;;;;;;
465;-1,218318777;0,399400056;0,218318777;1;-1,214949418;0,581695511;0,349943798;1;-0,874747907;0,610251366;3,373739534;1;;;;;;;;;;;;;
466;0,055229093;0,532532302;-1,055229093;0;-2,555058854;0,689663504;1,838954283;0;-0,747672053;0,618055084;2,738360263;1;;;;;;;;;;;;;
467;-0,8891488;0,921321271;-0,1108512;1;-1,452308439;1,016012409;0,613676043;1;-1,738838314;1,501136073;7,694191568;1;;;;;;;;;;;;;
468;-0,938285226;0,90967562;-0,061714774;1;0,014924992;0,825451474;-1,016583324;1;-3,055980778;1,390424321;14,27990389;0;;;;;;;;;;;;;
469;-0,265981971;0,466078618;-0,734018029;1;-1,10703585;0,508742032;0,230039833;1;-1,260121585;0,750958502;5,300607925;1;;;;;;;;;;;;;
470;0,680155848;0,571015546;-1,680155848;0;-1,814343786;0,795978618;1,01593754;1;-1,261944913;0,943031927;5,309724565;1;;;;;;;;;;;;;
471;-1,227330678;0,5721039;0,227330678;1;-0,366817791;0,60811826;-0,592424677;1;-1,029559888;0,991364636;4,14779944;1;;;;;;;;;;;;;
472;-1,259782773;0,967423901;0,259782773;1;-1,131951982;0,888903033;0,257724425;1;-0,345543144;1,328252825;0,727715722;1;;;;;;;;;;;;;
473;-1,179464273;0,48823688;0,179464273;1;-1,029808926;0,579593879;0,144232141;1;-0,097930226;0,730088509;-0,510348872;1;;;;;;;;;;;;;
474;-1,680883176;0,948224685;0,680883176;1;-0,438170187;0,624351126;-0,513144237;1;0,175866475;1,199966065;-1,879332375;1;;;;;;;;;;;;;
475;-0,917943155;1,023120735;-0,082056845;1;-1,723753587;0,863206498;0,915281763;1;0,162812402;1,098177742;-1,81406201;1;;;;;;;;;;;;;
476;-0,815904555;0,877918495;-0,184095445;1;-0,611264786;0,729768992;-0,320816904;1;-1,028883113;1,279018909;4,144415563;1;;;;;;;;;;;;;
477;-0,485887023;0,615513208;-0,514112977;1;-1,953546844;0,769319546;1,170607605;1;-1,238634381;0,982950148;5,193171907;1;;;;;;;;;;;;;
478;-0,849588574;0,497029007;-0,150411426;1;-1,630438294;0,671952288;0,811598104;1;-1,139658331;0,783034143;4,698291653;1;;;;;;;;;;;;;
479;-1,062038658;0,490368799;0,062038658;1;-1,530508619;0,733969013;0,700565132;1;-2,13966392;0,950934966;9,698319598;0;;;;;;;;;;;;;
480;-3,249283731;1,111177174;2,249283731;0;-0,105046878;0,583871829;-0,883281247;1;2,311032122;1,055775217;-12,55516061;0;;;;;;;;;;;;;
481;-0,961618507;0,619512645;-0,038381493;1;-1,227695839;0,668992488;0,364106488;1;1,147836176;0,960448728;-6,739180879;1;;;;;;;;;;;;;
482;-1,317939562;0,709298281;0,317939562;1;-0,207460967;0,627946645;-0,769487814;1;-0,708097852;1,000671456;2,540489262;1;;;;;;;;;;;;;
483;-0,908545523;0,480684476;-0,091454477;1;-0,745128719;0,517065656;-0,172079202;1;0,48544741;0,754177311;-3,427237051;1;;;;;;;;;;;;;
484;-2,489172765;0,986344766;1,489172765;1;-1,218043156;0,837028921;0,353381285;1;0,834443427;1,433544953;-5,172217137;1;;;;;;;;;;;;;
485;-1,646354249;0,752720138;0,646354249;1;-0,263387671;0,665246762;-0,707347032;1;-1,61598433;1,232324517;7,079921648;1;;;;;;;;;;;;;
486;-1,379165184;1,310305608;0,379165184;1;-0,452636906;0,951495147;-0,497070104;1;4,604914423;2,059498872;-24,02457212;0;;;;;;;;;;;;;
487;-2,575960741;1,044463894;1,575960741;1;-0,266793464;0,787056804;-0,703562818;1;0,731760601;1,146418527;-4,658803004;1;;;;;;;;;;;;;
488;-2,393530988;1,00541877;1,393530988;1;-1,233890733;0,815956148;0,370989703;1;0,931419085;1,172014515;-5,657095423;1;;;;;;;;;;;;;
489;-1,334631476;0,835926746;0,334631476;1;-1,050737372;0,758603602;0,167485969;1;-0,017368302;0,982482865;-0,913158491;1;;;;;;;;;;;;;
490;-1,141700336;1,266603704;0,141700336;1;-0,596779362;0,75042832;-0,33691182;1;1,304555515;1,527395099;-7,522777577;1;;;;;;;;;;;;;
491;-1,401659502;0,52322685;0,401659502;1;-1,544051983;0,603396673;0,715613314;1;-0,209697617;0,691208194;0,048488087;1;;;;;;;;;;;;;
492;-1,397561214;0,869049775;0,397561214;1;-1,738402044;0,817889407;0,931557827;1;2,371720587;1,262400448;-12,85860294;0;;;;;;;;;;;;;
493;-1,076964411;0,454726654;0,076964411;1;-0,668949639;0,498845252;-0,256722623;1;-0,626417957;0,784850731;2,132089785;1;;;;;;;;;;;;;
494;-2,314694782;0,881447459;1,314694782;1;0,615023186;0,601011458;-1,683359095;0;0,77894529;0,979245881;-4,894726452;1;;;;;;;;;;;;;
495;-0,147013785;1,119119089;-0,852986215;1;-0,245379025;0,794699376;-0,727356639;1;-1,329078174;1,045731621;5,64539087;1;;;;;;;;;;;;;
496;-0,032568597;0,685021218;-0,967431403;1;-0,808433071;0,493651667;-0,101741032;1;-0,802138759;0,833296003;3,010693795;1;;;;;;;;;;;;;
497;-1,964147756;0,881669541;0,964147756;1;-0,441054585;0,912735233;-0,50993935;1;-0,772588;1,510739874;2,86294;1;;;;;;;;;;;;;
498;-1,475834347;1,0855529;0,475834347;1;-1,409098976;0,885151902;0,565665529;1;-0,149041699;1,370274139;-0,254791505;1;;;;;;;;;;;;;
499;-0,973510307;0,574625334;-0,026489693;1;-0,585133862;0,515779944;-0,349851265;1;-0,213724555;0,758597359;0,068622775;1;;;;;;;;;;;;;
500;-2,063233026;1,370730596;1,063233026;1;-1,892369162;1,031832005;1,102632402;1;2,4654863;1,787063549;-13,3274315;1;;;;;;;;;;;;;
501;-0,447789455;0,541136207;-0,552210545;1;-2,078223224;0,864908095;1,309136916;1;-0,799833184;0,770178238;2,999165922;1;;;;;;;;;;;;;
502;-1,357229736;0,91588357;0,357229736;1;-3,943502453;1,264963659;3,381669392;0;0,391401131;0,955805963;-2,957005654;1;;;;;;;;;;;;;
503;-2,828703754;1,085597651;1,828703754;1;-1,057464068;0,73338069;0,174960076;1;1,52674441;1,518095098;-8,633722049;1;;;;;;;;;;;;;
504;-0,452850288;0,695860773;-0,547149712;1;-1,5479995;0,707551501;0,719999445;1;-0,031577973;1,039298434;-0,842110133;1;;;;;;;;;;;;;
505;-0,845242242;0,686809412;-0,154757758;1;-1,029350687;0,547348271;0,143722985;1;0,603764417;0,943683904;-4,018822085;1;;;;;;;;;;;;;
506;-0,64746621;0,541268162;-0,35253379;1;-1,904599326;0,745348426;1,116221473;1;-1,268950412;0,845776955;5,34475206;1;;;;;;;;;;;;;
507;-5,156148056;1,538011895;4,156148056;0;-2,391937085;0,987073031;1,657707872;1;3,70568976;2,071047443;-19,5284488;1;;;;;;;;;;;;;
508;-1,482530672;0,886737376;0,482530672;1;-1,748331618;0,894182112;0,942590687;1;-0,246979456;1,219071274;0,234897278;1;;;;;;;;;;;;;
509;-0,735900511;1,193451765;-0,264099489;1;-1,428911723;1,197345979;0,587679693;1;-3,314202252;1,855651154;15,57101126;1;;;;;;;;;;;;;
510;0,32681076;0,563198685;-1,32681076;0;-1,693913098;0,84647628;0,882125664;1;-1,350504222;1,568000103;5,752521109;1;;;;;;;;;;;;;
511;-2,235114829;0,884435407;1,235114829;1;-0,847902557;0,694203816;-0,057886048;1;1,921392884;1,096983756;-10,60696442;1;;;;;;;;;;;;;
512;0,796015471;0,884650943;-1,796015471;0;-0,639966383;0,677244759;-0,288926241;1;-2,933500707;1,353917248;13,66750353;0;;;;;;;;;;;;;
513;-0,912889264;1,155691492;-0,087110736;1;-0,430333367;1,08571375;-0,521851814;1;-0,222456841;1,730326787;0,112284205;1;;;;;;;;;;;;;
514;-0,840471199;0,517788037;-0,159528801;1;-2,520066652;0,880680198;1,800074057;1;-1,049540913;0,843566189;4,247704564;1;;;;;;;;;;;;;
515;-0,955660589;0,614580352;-0,044339411;1;-0,803528081;0,579068472;-0,107191021;1;-0,411431602;0,867222997;1,057158012;1;;;;;;;;;;;;;
516;-0,500747316;0,612031845;-0,499252684;1;-1,389030785;0,554594001;0,543367539;1;-0,306100639;0,822006309;0,530503196;1;;;;;;;;;;;;;
517;-2,099415555;1,133834969;1,099415555;1;-1,975050557;0,876902778;1,194500619;1;0,931523215;1,26166567;-5,657616073;1;;;;;;;;;;;;;
518;-1,525034617;0,728009282;0,525034617;1;-2,746130782;0,983801675;2,051256424;1;0,93597112;0,856091599;-5,679855599;1;;;;;;;;;;;;;
519;-3,18506927;1,142581793;2,18506927;1;0,040970401;0,742501466;-1,045522668;1;1,45641952;1,375877719;-8,282097601;1;;;;;;;;;;;;;
520;0,109141295;0,569245683;-1,109141295;1;-1,671933848;0,588311688;0,857704276;1;-4,709278609;1,137313642;22,54639304;0;;;;;;;;;;;;;
521;-0,662849782;0,620529409;-0,337150218;1;-0,783002025;0,725125624;-0,12999775;1;-0,780622542;1,308201247;2,90311271;1;;;;;;;;;;;;;
522;-1,931253791;1,028755815;0,931253791;1;0,301225588;0,734448189;-1,334695098;1;0,467147384;1,246736162;-3,335736921;1;;;;;;;;;;;;;
523;-1,673583301;0,837838647;0,673583301;1;-0,236967223;0,609154281;-0,736703086;1;-0,016909124;1,060725793;-0,915454381;1;;;;;;;;;;;;;
524;-1,907859379;0,90184703;0,907859379;1;-0,273814604;0,71880101;-0,695761551;1;-0,473114592;1,3833418;1,365572962;1;;;;;;;;;;;;;
525;-0,512598557;0,787065863;-0,487401443;1;-0,185065569;0,535425594;-0,79437159;1;-0,349857111;0,973914761;0,749285553;1;;;;;;;;;;;;;
526;-0,999308402;0,555788969;-0,000691598;1;-0,731114967;0,58810197;-0,187650037;1;-1,103548337;0,9674605;4,517741686;1;;;;;;;;;;;;;
527;-0,785267243;0,907516111;-0,214732757;1;-3,13183756;1,201912135;2,479819512;1;0,292196401;1,001656521;-2,460982005;1;;;;;;;;;;;;;
528;0,794071554;0,702442432;-1,794071554;0;0,015694574;0,799026501;-1,017438416;1;-2,639581102;1,311780148;12,19790551;1;;;;;;;;;;;;;
529;-0,905218694;0,674834371;-0,094781306;1;-0,687919396;0,645356385;-0,235645115;1;0,260371711;1,394973629;-2,301858555;1;;;;;;;;;;;;;
530;-1,392884782;0,938756591;0,392884782;1;-1,113375216;0,677669458;0,237083574;1;0,083093718;1,244142911;-1,415468588;1;;;;;;;;;;;;;
531;-1,087812094;0,62095403;0,087812094;1;-0,288896268;0,49639411;-0,679004147;1;-0,578835116;0,857256929;1,894175582;1;;;;;;;;;;;;;
532;-0,330005161;0,838268455;-0,669994839;1;0,213429876;0,682988018;-1,237144306;1;-0,549758302;1,036657271;1,748791511;1;;;;;;;;;;;;;
533;-1,476817377;0,715872716;0,476817377;1;-0,815490698;0,567885881;-0,093899225;1;0,682140021;0,931093248;-4,410700105;1;;;;;;;;;;;;;
534;-2,971758162;1,184522165;1,971758162;1;-0,218411342;0,768453101;-0,757320731;1;2,157810035;1,610602852;-11,78905017;1;;;;;;;;;;;;;
535;-0,261732533;0,545870747;-0,738267467;1;-0,980798564;0,465244422;0,089776182;1;-0,866912119;0,758308968;3,334560593;1;;;;;;;;;;;;;
536;-3,060450864;1,530875121;2,060450864;1;-1,210816658;1,121512845;0,345351843;1;0,6315676;2,34565947;-4,157838;1;;;;;;;;;;;;;
537;-0,738442308;0,837953012;-0,261557692;1;-0,401591878;0,689460276;-0,553786803;1;-0,746574384;1,157205478;2,732871919;1;;;;;;;;;;;;;
538;-0,924439025;0,508262447;-0,075560975;1;-1,524189582;0,596381102;0,69354398;1;0,561347554;0,696054712;-3,806737772;1;;;;;;;;;;;;;
539;-0,941279093;0,439456654;-0,058720907;1;-0,821128694;0,461551999;-0,087634784;1;0,207571869;0,648520797;-2,037859347;1;;;;;;;;;;;;;
540;-0,33516569;0,540970162;-0,66483431;1;-0,897609858;0,643337264;-0,002655713;1;-2,381264857;1,123868316;10,90632429;1;;;;;;;;;;;;;
541;-2,397548712;1,381037318;1,397548712;1;-0,943776631;1,024351558;0,048640701;1;0,917704005;1,614217598;-5,588520025;1;;;;;;;;;;;;;
542;-0,900858421;0,747404258;-0,099141579;1;-0,880151702;0,678030674;-0,022053664;1;-0,174798191;0,994194242;-0,126009046;1;;;;;;;;;;;;;
543;-0,048012711;0,598453046;-0,951987289;1;-1,598710823;0,687450246;0,776345359;1;-1,682870518;1,00213767;7,414352588;1;;;;;;;;;;;;;
544;-1,718223345;0,765233921;0,718223345;1;-0,510237427;0,670225434;-0,433069526;1;0,607410553;1,037371521;-4,037052767;1;;;;;;;;;;;;;
545;-1,230465828;1,064821585;0,230465828;1;-0,264667667;0,995974413;-0,705924814;1;-2,700283814;1,718127909;12,50141907;1;;;;;;;;;;;;;
546;-2,908058965;0,927588593;1,908058965;0;-0,291510239;0,533092916;-0,676099734;1;1,679814604;1,016296282;-9,399073021;1;;;;;;;;;;;;;
547;-0,543612966;1,051368631;-0,456387034;1;0,353907389;0,795532835;-1,393230432;1;-1,045215498;0,901791888;4,226077492;1;;;;;;;;;;;;;
548;-0,954653082;1,499542242;-0,045346918;1;0,035361686;0,948683085;-1,039290763;1;-0,628885425;1,729574118;2,144427127;1;;;;;;;;;;;;;
549;-0,695750091;1,740564593;-0,304249909;1;-2,56562443;1,720807022;1,850693811;1;-2,256674527;2,401004251;10,28337264;1;;;;;;;;;;;;;
550;-1,959412834;1,065339928;0,959412834;1;-0,98226104;0,855168136;0,091401155;1;0,420204805;1,217391998;-3,101024024;1;;;;;;;;;;;;;
551;-0,455984075;0,58318878;-0,544015925;1;-1,134085942;0,569349602;0,260095491;1;-0,760467285;0,799567721;2,802336424;1;;;;;;;;;;;;;
552;1,084293889;1,027250063;-2,084293889;0;-1,287891774;0,779006794;0,43099086;1;-0,94941409;1,343764116;3,747070451;1;;;;;;;;;;;;;
553;-2,258811472;1,446093295;1,258811472;1;0,111037452;0,818257351;-1,123374946;1;1,146198871;1,563819195;-6,730994354;1;;;;;;;;;;;;;
554;-1,532830856;0,810085423;0,532830856;1;-2,147881429;1,072786469;1,386534921;1;-0,637521782;1,158285856;2,187608911;1;;;;;;;;;;;;;
555;-0,719529173;0,586791104;-0,280470827;1;-0,259386792;0,57976023;-0,711792453;1;-0,874887003;1,115986774;3,374435014;1;;;;;;;;;;;;;
556;-0,149463327;0,741045731;-0,850536673;1;-0,588149139;0,643513427;-0,346500957;1;-0,485800575;1,188718261;1,429002874;1;;;;;;;;;;;;;
557;-0,872623369;0,738481508;-0,127376631;1;-1,81705978;0,770643203;1,018955311;1;-0,251901747;0,990971215;0,259508736;1;;;;;;;;;;;;;
558;-1,5365845;0,567830684;0,5365845;1;-1,400139356;0,584747904;0,555710395;1;0,373591806;0,785395867;-2,867959032;1;;;;;;;;;;;;;
559;-1,76056136;1,124176702;0,76056136;1;-0,605429093;0,922338401;-0,327301008;1;-0,454662343;1,358045259;1,273311714;1;;;;;;;;;;;;;
560;-1,383535977;0,817335645;0,383535977;1;-2,746644526;1,337096136;2,051827251;1;-1,791302614;1,401728528;7,956513072;1;;;;;;;;;;;;;
561;-1,490367161;1,086017603;0,490367161;1;-1,566422329;0,961686944;0,740469254;1;-0,368796503;1,470311958;0,843982515;1;;;;;;;;;;;;;
562;-1,22971662;1,033243302;0,22971662;1;-1,768725866;1,046673684;0,965250962;1;-1,02386865;1,639258869;4,119343248;1;;;;;;;;;;;;;
563;-0,321303787;0,552769156;-0,678696213;1;-1,397103354;0,629594521;0,55233706;1;-1,122867265;0,776260944;4,614336326;1;;;;;;;;;;;;;
564;-0,532688496;0,346707192;-0,467311504;1;-0,983172881;0,45976981;0,092414312;1;-1,034255577;0,538125297;4,171277885;1;;;;;;;;;;;;;
565;-0,552622224;0,60786812;-0,447377776;1;-1,225149004;0,619856825;0,361276671;1;-1,62877228;0,961957645;7,143861398;1;;;;;;;;;;;;;
566;-1,266030069;1,060817601;0,266030069;1;-0,715073867;0,784309413;-0,205473481;1;0,35448178;1,403238325;-2,772408899;1;;;;;;;;;;;;;
567;-1,417800551;0,721974463;0,417800551;1;-0,572704151;0,60779712;-0,363662055;1;0,855049652;0,979627947;-5,275248259;1;;;;;;;;;;;;;
568;0,011349067;0,922156703;-1,011349067;1;-0,847320444;0,514652245;-0,05853284;1;-0,476945338;0,922232913;1,384726688;1;;;;;;;;;;;;;
569;-2,486306629;0,896671826;1,486306629;1;-2,091388365;0,886967825;1,32376485;1;1,576526458;1,196008759;-8,88263229;1;;;;;;;;;;;;;
570;-1,381160596;0,675392018;0,381160596;1;-3,060895297;1,122411382;2,400994774;1;-0,518203926;1,136344453;1,591019631;1;;;;;;;;;;;;;
571;-0,131550852;0,516259862;-0,868449148;1;-1,319229071;0,662659262;0,465810079;1;-0,456981693;0,770526237;1,284908465;1;;;;;;;;;;;;;
572;-0,73283572;1,636959604;-0,26716428;1;0,28328404;0,845608375;-1,314760044;1;-0,053698586;1,126969706;-0,731507069;1;;;;;;;;;;;;;
573;-0,854961923;0,611326915;-0,145038077;1;-0,66436296;0,606228276;-0,261818933;1;-0,824140575;1,066598734;3,120702876;1;;;;;;;;;;;;;
574;-2,50145935;0,905790973;1,50145935;1;-2,248440779;0,902214361;1,498267532;1;2,705919185;1,441940476;-14,52959593;0;;;;;;;;;;;;;
575;-1,491265765;0,967771541;0,491265765;1;-0,132510058;0,750841554;-0,852766603;1;2,371737763;1,68197876;-12,85868882;1;;;;;;;;;;;;;
576;-3,17051675;0,973642661;2,17051675;0;-1,854409011;1,008400674;1,060454456;1;0,412871317;1,493010998;-3,064356586;1;;;;;;;;;;;;;
577;-0,556516299;0,738721952;-0,443483701;1;-2,812582781;1,165141925;2,125091979;1;-1,694806054;1,269325926;7,474030269;1;;;;;;;;;;;;;
578;-0,53887599;0,686988819;-0,46112401;1;-1,022044712;0,636863565;0,135605236;1;0,188472582;1,002822307;-1,942362912;1;;;;;;;;;;;;;
579;-1,22751047;0,878393213;0,22751047;1;-0,183583734;0,607128491;-0,796018073;1;0,871646673;1,101290637;-5,358233364;1;;;;;;;;;;;;;
580;-0,836781222;0,681201764;-0,163218778;1;0,023274197;0,570725702;-1,025860218;1;-2,22542747;1,194085548;10,12713735;1;;;;;;;;;;;;;
581;-1,238727499;0,940258307;0,238727499;1;-2,044643299;1,090526103;1,271825887;1;-1,614723342;1,5052974;7,073616712;1;;;;;;;;;;;;;
582;-2,130327937;0,923217423;1,130327937;1;-0,341877295;0,677567523;-0,620136339;1;-0,158408824;1,373943985;-0,20795588;1;;;;;;;;;;;;;
583;-0,12835976;1,212503781;-0,87164024;1;-0,080953734;0,985103159;-0,910051407;1;-0,274844116;1,534925663;0,374220581;1;;;;;;;;;;;;;
584;1,272308709;0,89588544;-2,272308709;0;-1,055422716;0,728139348;0,172691907;1;-2,134689526;1,335377083;9,673447632;1;;;;;;;;;;;;;
585;-0,351204936;0,316243238;-0,648795064;0;-2,034390128;0,691355234;1,260433475;1;-0,944673636;0,548280126;3,72336818;1;;;;;;;;;;;;;
586;-1,15913403;0,827504757;0,15913403;1;-1,551026192;0,719236314;0,723362435;1;-0,109864775;1,077061334;-0,450676127;1;;;;;;;;;;;;;
587;-1,626668734;0,917724916;0,626668734;1;-0,334661298;0,549795393;-0,628154113;1;0,958477149;1,060525414;-5,792385743;1;;;;;;;;;;;;;
588;-1,053804159;0,961439074;0,053804159;1;-1,02588853;0,662546527;0,139876145;1;0,368209909;1,141110945;-2,841049544;1;;;;;;;;;;;;;
589;-1,870919236;0,925871353;0,870919236;1;-1,17568347;0,794160273;0,306314966;1;0,271092532;1,12353563;-2,355462658;1;;;;;;;;;;;;;
590;-0,098519655;0,499970426;-0,901480345;1;-0,955289846;0,53028174;0,061433163;1;-1,522393352;0,774458941;6,611966762;1;;;;;;;;;;;;;
591;-3,004621696;0,967398326;2,004621696;0;-0,771714045;0,55647154;-0,142539949;1;3,092545861;1,243394011;-16,4627293;0;;;;;;;;;;;;;
592;-2,250413427;0,802379353;1,250413427;1;-1,356226234;0,656552547;0,506918038;1;1,213312756;0,807349645;-7,066563779;1;;;;;;;;;;;;;
593;-1,190753842;0,927832793;0,190753842;1;-0,365926525;0,773517567;-0,593414972;1;-3,037317277;1,421356164;14,18658638;0;;;;;;;;;;;;;
594;-0,968988842;0,820374179;-0,031011158;1;-1,589319116;0,92173468;0,765910129;1;-1,218867401;1,361063602;5,094337005;1;;;;;;;;;;;;;
595;-1,448772037;0,625435335;0,448772037;1;-0,889722563;0,577609656;-0,011419374;1;0,114164485;0,875405612;-1,570822423;1;;;;;;;;;;;;;
596;-1,020174171;0,838785147;0,020174171;1;-1,242370443;0,750297681;0,380411603;1;-0,524875714;1,157572336;1,62437857;1;;;;;;;;;;;;;
597;-2,391901015;0,984595913;1,391901015;1;0,029358157;0,77946244;-1,032620174;1;0,254902197;1,220360314;-2,274510985;1;;;;;;;;;;;;;
598;-2,260269117;1,153506513;1,260269117;1;-0,059292279;0,84146774;-0,93411969;1;0,377922164;1,390373249;-2,88961082;1;;;;;;;;;;;;;
599;-0,234014128;0,687453469;-0,765985872;1;-2,044074669;0,809015526;1,271194077;1;-0,874201391;0,971339373;3,371006955;1;;;;;;;;;;;;;
600;-0,962255685;0,43484664;-0,037744315;1;-1,22016048;0,55381423;0,355733867;1;-0,511547616;0,753986084;1,557738079;1;;;;;;;;;;;;;
601;-1,048390067;0,67696396;0,048390067;1;-2,185679714;0,82987;1,428533016;1;-0,765190229;0,893913534;2,825951145;1;;;;;;;;;;;;;
602;-0,96427495;0,472925173;-0,03572505;1;-1,202859848;0,599330253;0,336510942;1;-0,254550879;0,690497623;0,272754393;1;;;;;;;;;;;;;
603;-2,119737946;1,050331991;1,119737946;1;-0,295413175;0,738289226;-0,671763139;1;1,101817827;1,245195736;-6,509089136;1;;;;;;;;;;;;;
604;-1,783667268;0,762570211;0,783667268;1;-2,351803041;0,768231269;1,613114491;1;1,193123985;0,972095171;-6,965619925;1;;;;;;;;;;;;;
605;-0,841433212;0,613833792;-0,158566788;1;-0,693621857;0,689128816;-0,229309048;1;-1,331414443;1,101643607;5,657072216;1;;;;;;;;;;;;;
606;-0,922388068;0,451238481;-0,077611932;1;-1,341570498;0,746282239;0,490633887;1;-0,668196113;0,878492927;2,340980564;1;;;;;;;;;;;;;
607;-1,683416501;0,777118954;0,683416501;1;-0,981370385;0,629470734;0,090411539;1;-0,383979335;1,164377571;0,919896676;1;;;;;;;;;;;;;
608;-0,816183779;0,674254923;-0,183816221;1;-1,07416432;0,773246573;0,193515911;1;-1,944135631;1,299738897;8,720678157;1;;;;;;;;;;;;;
609;-1,120728372;1,795381119;0,120728372;1;0,334277862;1,29867045;-1,371419847;1;-2,026772457;2,133995577;9,133862284;1;;;;;;;;;;;;;
610;-1,713917875;0,964514006;0,713917875;1;-0,259316809;0,694292889;-0,711870213;1;0,689762149;1,015337674;-4,448810745;1;;;;;;;;;;;;;
611;-1,576746;0,766048762;0,576746;1;-2,302346845;0,977498394;1,558163161;1;1,282096982;0,975513701;-7,410484908;1;;;;;;;;;;;;;
612;-0,527639587;0,521032607;-0,472360413;1;-1,283925887;0,588495842;0,426584319;1;-0,605994529;0,67036563;2,029972647;1;;;;;;;;;;;;;
613;-1,65081928;0,816533651;0,65081928;1;-2,201242838;0,998911534;1,445825375;1;0,920076947;0,910117138;-5,600384734;1;;;;;;;;;;;;;
614;-1,584333385;0,958800382;0,584333385;1;-0,509001431;0,755205878;-0,434442854;1;-0,192311771;1,206223512;-0,038441147;1;;;;;;;;;;;;;
615;-1,309948837;0,704558584;0,309948837;1;-1,24622873;0,685710375;0,384698589;1;-0,25667972;0,961084765;0,283398599;1;;;;;;;;;;;;;
616;-0,950841791;0,470235555;-0,049158209;1;-0,702834076;0,47250755;-0,219073249;1;-0,335555808;0,798491001;0,677779042;1;;;;;;;;;;;;;
617;0,459140539;1,007669813;-1,459140539;1;-1,277277471;0,76448637;0,41919719;1;-3,09339783;1,362921324;14,46698915;0;;;;;;;;;;;;;
618;-0,331644014;0,551786822;-0,668355986;1;-0,747115502;0,520092441;-0,169871665;1;0,062832028;0,797519745;-1,31416014;1;;;;;;;;;;;;;
619;0,188430543;0,621652157;-1,188430543;1;-1,892632544;0,741103642;1,102925049;1;-1,703680633;0,87413617;7,518403165;1;;;;;;;;;;;;;
620;-1,533590362;0,591212494;0,533590362;1;-1,10225487;0,602673108;0,224727633;1;0,128087111;0,904538398;-1,640435557;1;;;;;;;;;;;;;
621;-2,13378755;1,100203515;1,13378755;1;-0,337993785;0,770636712;-0,62445135;1;0,081420201;1,483278908;-1,407101007;1;;;;;;;;;;;;;
622;0,293031773;0,671089391;-1,293031773;1;-3,825838103;1,244450424;3,250931225;0;-0,222150168;1,006839694;0,110750841;1;;;;;;;;;;;;;
623;-3,382192778;1,11938625;2,382192778;0;-0,334157603;0,610293736;-0,628713775;1;2,503257594;1,202847803;-13,51628797;0;;;;;;;;;;;;;
624;-2,290707074;0,966255339;1,290707074;1;-0,305781316;0,776851621;-0,660242982;1;-0,399651236;1,43612251;0,998256182;1;;;;;;;;;;;;;
625;-1,435611511;0,692788433;0,435611511;1;-1,09861586;0,656691068;0,220684289;1;0,178553001;0,967803123;-1,892765006;1;;;;;;;;;;;;;
626;-0,813999682;0,7208156;-0,186000318;1;-0,098338115;0,591583721;-0,890735428;1;-0,762191792;1,012998185;2,810958962;1;;;;;;;;;;;;;
627;-1,184011634;0,543957349;0,184011634;1;-1,491214686;0,61965319;0,656905206;1;0,099611435;0,718168385;-1,498057174;1;;;;;;;;;;;;;
628;-1,627121026;0,593426426;0,627121026;1;-2,65386159;0,923329424;1,9487351;1;1,040550866;0,797406762;-6,202754328;1;;;;;;;;;;;;;
629;-1,02196228;0,628463446;0,02196228;1;-0,768432502;0,493196455;-0,146186109;1;0,448968728;0,819695998;-3,24484364;1;;;;;;;;;;;;;
630;-1,466148573;0,819082973;0,466148573;1;-1,030167823;0,662048117;0,144630915;1;0,600772328;1,244775378;-4,003861639;1;;;;;;;;;;;;;
631;-2,400647405;0,713268336;1,400647405;0;-0,745803391;0,543335299;-0,171329566;1;1,455306061;0,774260007;-8,276530307;0;;;;;;;;;;;;;
632;-0,186396997;0,896941323;-0,813603003;1;0,62473655;0,88668614;-1,694151722;1;-2,840097853;1,825756877;13,20048927;1;;;;;;;;;;;;;
633;-1,263444188;0,746220108;0,263444188;1;-1,885499253;0,837156813;1,09499917;1;0,635855122;1,009396621;-4,179275612;1;;;;;;;;;;;;;
634;-2,140111148;0,901098811;1,140111148;1;-0,608603214;0,522768109;-0,323774207;1;1,464549316;1,057229646;-8,322746582;1;;;;;;;;;;;;;
635;-0,52614794;0,586011147;-0,47385206;1;-1,090149389;0,477973336;0,211277099;1;-0,046690511;0,920734813;-0,766547444;1;;;;;;;;;;;;;
636;-1,231488444;0,910962708;0,231488444;1;-1,166968082;0,871972038;0,296631202;1;-0,413229098;1,226853726;1,066145489;1;;;;;;;;;;;;;
637;-0,260848899;0,593377198;-0,739151101;1;-0,914649703;0,58623854;0,016277448;1;-0,610031777;0,733580645;2,050158884;1;;;;;;;;;;;;;
638;-1,716824331;1,128214998;0,716824331;1;-0,192483647;0,82929089;-0,786129281;1;0,249523533;1,57715914;-2,247617665;1;;;;;;;;;;;;;
639;-2,418944948;1,146978181;1,418944948;1;1,30432913;0,912251749;-2,449254589;0;-1,287910339;1,418560079;5,439551697;1;;;;;;;;;;;;;
640;-0,928983053;0,708590566;-0,071016947;1;-0,809646162;0,603509035;-0,100393153;1;0,106391058;1,268622219;-1,531955292;1;;;;;;;;;;;;;
641;-0,700055263;0,700178318;-0,299944737;1;-0,665698182;0,62587383;-0,260335353;1;0,09158273;1,17940536;-1,45791365;1;;;;;;;;;;;;;
642;-0,82881122;0,800103088;-0,17118878;1;-3,269561417;1,118514009;2,632846019;0;-2,202846086;1,385055339;10,01423043;1;;;;;;;;;;;;;
643;-1,083114014;0,438589796;0,083114014;1;-1,043954673;0,597145488;0,159949636;1;-1,471025242;0,904928181;6,355126209;1;;;;;;;;;;;;;
644;-0,888303611;0,609365103;-0,111696389;1;-1,032061969;0,625300562;0,146735521;1;-1,101941021;0,883116446;4,509705107;1;;;;;;;;;;;;;
645;-2,486265433;1,153957786;1,486265433;1;-0,433854275;0,64200035;-0,517939694;1;2,309774876;1,171126127;-12,54887438;0;;;;;;;;;;;;;
646;-1,695835816;1,0348591;0,695835816;1;0,158504148;0,753597121;-1,17611572;1;-0,468844891;1,260775539;1,344224457;1;;;;;;;;;;;;;
647;-1,324253957;0,654784504;0,324253957;1;-0,521900484;0,551579709;-0,420110573;1;-0,947762254;0,994651315;3,738811271;1;;;;;;;;;;;;;
648;-1,595505648;0,650277936;0,595505648;1;-0,428795442;0,621442986;-0,523560621;1;0,305715392;0,867720788;-2,528576958;1;;;;;;;;;;;;;
649;0,051985063;1,098962739;-1,051985063;1;-0,818650098;0,703394742;-0,09038878;1;-0,471934998;1,311556536;1,359674989;1;;;;;;;;;;;;;
650;-0,603625159;0,547971585;-0,396374841;1;-0,793318913;0,563585035;-0,118534541;1;-0,776615856;0,87119121;2,88307928;1;;;;;;;;;;;;;
651;-1,078020235;1,326954207;0,078020235;1;-0,058366616;1,00775425;-0,935148204;1;-1,26553366;1,716288212;5,327668298;1;;;;;;;;;;;;;
652;-0,383600302;0,506339041;-0,616399698;1;-0,823873708;0,506043624;-0,084584769;1;0,289365237;0,794662874;-2,446826184;1;;;;;;;;;;;;;
653;-0,785786943;0,667735164;-0,214213057;1;-0,562693579;0,517481828;-0,374784913;1;-0,022851319;0,894545818;-0,885743404;1;;;;;;;;;;;;;
654;-1,828576752;0,976018131;0,828576752;1;0,845023575;0,760485556;-1,938915083;0;-1,974850942;1,288476666;8,87425471;1;;;;;;;;;;;;;
655;-0,716416657;1,075172513;-0,283583343;1;-0,332051584;0,849735559;-0,631053795;1;0,335035315;1,608695589;-2,675176573;1;;;;;;;;;;;;;
656;-1,051599455;0,486513217;0,051599455;1;-0,557014152;0,479435069;-0,381095386;1;-0,474039186;0,797959183;1,370195928;1;;;;;;;;;;;;;
657;-0,684336939;0,581593291;-0,315663061;1;-1,097403068;0,728581605;0,219336742;1;0,43405532;1,033377894;-3,1702766;1;;;;;;;;;;;;;
658;-2,09133716;1,864528196;1,09133716;1;0,870657617;1,003446026;-1,967397352;1;1,296521402;2,407134964;-7,482607012;1;;;;;;;;;;;;;
659;-2,102160374;0,982180042;1,102160374;1;0,255940067;0,771900274;-1,284377853;1;0,593210606;1,285404552;-3,966053031;1;;;;;;;;;;;;;
660;-2,116864009;0,859865406;1,116864009;1;0,640571709;0,629913701;-1,711746344;0;0,760189911;0,898698859;-4,800949554;1;;;;;;;;;;;;;
661;-0,017898362;1,357736165;-0,982101638;1;-1,024102233;0,957804092;0,13789137;1;-0,662398629;1,865357055;2,311993144;1;;;;;;;;;;;;;
662;0,311413799;0,563889833;-1,311413799;0;-0,584403044;0,624159069;-0,350663284;1;-0,115580648;0,99169268;-0,422096762;1;;;;;;;;;;;;;
663;-0,646631105;0,684456562;-0,353368895;1;-0,36256316;0,60347055;-0,597152045;1;-1,5477003;1,165373145;6,738501502;1;;;;;;;;;;;;;
664;-0,945343368;1,01868455;-0,054656632;1;-0,18777901;0,74844979;-0,791356655;1;-0,302324697;1,188614245;0,511623484;1;;;;;;;;;;;;;
665;-1,640095433;0,643324316;0,640095433;1;-2,910668306;0,767240779;2,234075896;0;2,18246286;0,946820417;-11,9123143;0;;;;;;;;;;;;;
666;-1,279125529;0,611738541;0,279125529;1;-1,627135816;0,718453189;0,807928685;1;0,163868906;0,891533761;-1,819344531;1;;;;;;;;;;;;;
667;-1,512199588;0,682048597;0,512199588;1;0,019964627;0,740008925;-1,022182919;1;-1,231465359;1,115810667;5,157326797;1;;;;;;;;;;;;;
668;-1,147443046;0,75547559;0,147443046;1;-0,237720696;0,62067888;-0,735865893;1;-0,53953486;1,044696259;1,697674299;1;;;;;;;;;;;;;
669;-0,896940077;0,628121862;-0,103059923;1;-0,96172141;0,585755284;0,068579344;1;-0,923580171;0,921432367;3,617900857;1;;;;;;;;;;;;;
670;-0,811676715;0,445256589;-0,188323285;1;-0,657348096;0,455657179;-0,269613226;1;-2,317818568;0,871244638;10,58909284;0;;;;;;;;;;;;;
671;-1,160393306;0,811830169;0,160393306;1;0,030927095;0,705772947;-1,034363438;1;0,499398427;1,226203156;-3,496992135;1;;;;;;;;;;;;;
672;-2,699206867;0,833361492;1,699206867;0;-1,752961374;0,743732567;0,94773486;1;2,761372353;1,28154869;-14,80686176;0;;;;;;;;;;;;;
673;-0,797043802;0,425303058;-0,202956198;1;-1,164518981;0,55886853;0,293909979;1;-0,690239517;0,778963678;2,451197584;1;;;;;;;;;;;;;
674;-0,455512241;0,575837968;-0,544487759;1;-1,627785986;0,791361214;0,808651096;1;-1,272950376;0,864104118;5,364751879;1;;;;;;;;;;;;;
675;-1,580787038;1,152503856;0,580787038;1;-0,848544346;0,846912097;-0,057172949;1;-0,117058382;1,466336815;-0,414708088;1;;;;;;;;;;;;;
676;-1,359576289;1,086126617;0,359576289;1;-1,750710185;0,884036892;0,945233539;1;0,566496766;1,273386644;-3,83248383;1;;;;;;;;;;;;;
677;-1,237725428;0,535707653;0,237725428;1;-1,657935464;0,653560989;0,842150516;1;-1,023221668;0,780574611;4,116108342;1;;;;;;;;;;;;;
678;-1,044735413;0,692850726;0,044735413;1;-0,457431857;0,632108723;-0,491742381;1;-0,616102045;1,056203434;2,080510227;1;;;;;;;;;;;;;
679;-1,528660035;0,891464313;0,528660035;1;-1,161154092;0,710033281;0,290171213;1;-0,117921786;1,228055596;-0,410391072;1;;;;;;;;;;;;;
680;-0,993572988;0,876538035;-0,006427012;1;-1,374254475;0,761048059;0,526949416;1;-2,77561545;1,387478559;12,87807725;1;;;;;;;;;;;;;
681;-1,363580274;0,718898303;0,363580274;1;-0,572789098;0,619693724;-0,363567669;1;0,24938687;1,079582957;-2,246934348;1;;;;;;;;;;;;;
682;-1,739948737;0,94116512;0,739948737;1;-0,238724876;0,642663373;-0,734750138;1;0,896214507;0,994082487;-5,481072536;1;;;;;;;;;;;;;
683;-1,176834465;0,955855363;0,176834465;1;-0,788551871;0,890231328;-0,123831255;1;-0,492254549;1,462463316;1,461272744;1;;;;;;;;;;;;;
684;-1,041193737;1,04475709;0,041193737;1;-4,277062209;1,778702087;3,752291343;1;-0,307301827;1,485009253;0,536509135;1;;;;;;;;;;;;;
685;0,235769319;0,543918536;-1,235769319;0;-1,28740885;0,52388974;0,430454277;1;0,035335845;1,009700827;-1,176679226;1;;;;;;;;;;;;;
686;-1,600017717;0,628681395;0,600017717;1;-0,707143969;0,641276127;-0,214284479;1;-0,694584329;0,900118046;2,472921645;1;;;;;;;;;;;;;
687;-0,92743557;1,395496215;-0,07256443;1;0,186061952;0,716863117;-1,206735502;1;0,700020307;1,264471826;-4,500101534;1;;;;;;;;;;;;;
688;-1,500763672;0,866610508;0,500763672;1;-2,083681563;0,753535829;1,315201736;1;1,787364122;0,922910289;-9,93682061;0;;;;;;;;;;;;;
689;-0,274362159;0,474869311;-0,725637841;1;-1,793204587;0,786449096;0,992449542;1;-0,81296913;0,781139107;3,064845649;1;;;;;;;;;;;;;
690;0,235761333;0,841931508;-1,235761333;1;-1,030103495;0,800442845;0,144559439;1;-0,173042919;1,38508539;-0,134785403;1;;;;;;;;;;;;;
691;-0,179700918;0,751717834;-0,820299082;1;-2,730782897;1,003539886;2,034203219;1;0,058923183;1,131356101;-1,294615914;1;;;;;;;;;;;;;
692;-0,192455604;0,462229177;-0,807544396;1;-1,533856252;0,68802473;0,704284724;1;-0,711439003;0,823334301;2,557195017;1;;;;;;;;;;;;;
693;-1,050141473;0,546221649;0,050141473;1;-0,422140826;0,461673949;-0,530954638;1;-0,211265863;0,760184635;0,056329317;1;;;;;;;;;;;;;
694;-2,898482565;1,04484682;1,898482565;1;0,417395141;0,750822559;-1,463772379;1;0,22432436;1,218467672;-2,121621798;1;;;;;;;;;;;;;
695;-0,294708866;1,00565612;-0,705291134;1;-0,712646658;0,910346337;-0,20817038;1;-1,777948438;1,76561939;7,889742191;1;;;;;;;;;;;;;
696;-1,070939738;0,626972282;0,070939738;1;0,510847178;0,564804559;-1,567607975;0;-0,665135313;0,868470261;2,325676566;1;;;;;;;;;;;;;
697;-2,217901638;1,44886099;1,217901638;1;0,855211628;1,007645519;-1,950235142;1;-1,632572362;1,786262304;7,162861811;1;;;;;;;;;;;;;
698;-2,415628644;1,40993442;1,415628644;1;0,920429807;0,788862248;-2,022699786;0;0,678902526;1,401840179;-4,394512628;1;;;;;;;;;;;;;
699;-0,692007299;0,472663894;-0,307992701;1;-0,366278507;0,528648523;-0,593023881;1;-1,179098341;0,727652721;4,895491703;1;;;;;;;;;;;;;
700;-1,33420221;0,558428277;0,33420221;1;-1,059370432;0,55014635;0,177078258;1;0,518501124;0,806694898;-3,592505619;1;;;;;;;;;;;;;
701;-1,466295492;1,505360456;0,466295492;1;-0,331073981;1,077458385;-0,632140021;1;-1,445004167;1,999936946;6,225020834;1;;;;;;;;;;;;;
702;-1,882863339;0,775343697;0,882863339;1;-0,723103659;0,719114964;-0,19655149;1;0,286211235;1,097897474;-2,431056174;1;;;;;;;;;;;;;
703;-0,233017859;0,468085098;-0,766982141;1;-0,98864371;0,501818661;0,098493011;1;-1,930964531;0,829730558;8,654822656;0;;;;;;;;;;;;;
704;-0,81950032;0,741549775;-0,18049968;1;-1,529281271;0,655049707;0,699201413;1;0,324964966;0,93602201;-2,624824829;1;;;;;;;;;;;;;
705;-0,937521473;0,872810023;-0,062478527;1;-0,870985415;0,616226641;-0,032238428;1;0,694928057;1,205894946;-4,474640286;1;;;;;;;;;;;;;
706;-0,271023052;0,445440052;-0,728976948;1;-2,207210967;0,764375309;1,45245663;1;-3,070628375;1,016291517;14,35314187;0;;;;;;;;;;;;;
707;-0,420142648;0,697953965;-0,579857352;1;-0,275408086;0,509125723;-0,693991015;1;-1,058151578;0,950736439;4,29075789;1;;;;;;;;;;;;;
708;0,045451437;0,593084882;-1,045451437;1;-0,912631554;0,687464717;0,01403506;1;-0,785406077;1,003958796;2,927030387;1;;;;;;;;;;;;;
709;-1,599445469;0,680472748;0,599445469;1;-0,220869139;0,601496718;-0,754589846;1;0,102748969;1,099773773;-1,513744846;1;;;;;;;;;;;;;
710;-2,762773352;1,077079522;1,762773352;1;1,252309365;0,752054882;-2,39145485;0;-0,143549248;1,126491916;-0,282253761;1;;;;;;;;;;;;;
711;-1,660485282;0,664568074;0,660485282;1;-0,97828739;0,451813852;0,086985989;1;1,053196184;0,770138213;-6,26598092;1;;;;;;;;;;;;;
712;-0,822235571;0,727828559;-0,177764429;1;-1,351994501;0,646216353;0,502216112;1;0,152023201;0,878945482;-1,760116007;1;;;;;;;;;;;;;
713;-1,610886126;0,743753041;0,610886126;1;-0,240905364;0,572320314;-0,732327374;1;0,176128608;0,984901839;-1,880643042;1;;;;;;;;;;;;;
714;-1,594494567;0,795127979;0,594494567;1;-0,128923127;0,496040835;-0,856752081;1;0,763500279;0,871141581;-4,817501395;1;;;;;;;;;;;;;
715;-1,044230055;0,696425225;0,044230055;1;-0,576005348;0,569311711;-0,359994057;1;0,06744333;0,970518005;-1,337216649;1;;;;;;;;;;;;;
716;-0,721210189;0,573735832;-0,278789811;1;-0,657238505;0,449114941;-0,269734995;1;0,267923019;0,735146272;-2,339615093;1;;;;;;;;;;;;;
717;-1,630142981;0,809915767;0,630142981;1;-0,932568643;0,775294029;0,036187381;1;-0,169266711;1,158824764;-0,153666445;1;;;;;;;;;;;;;
718;-1,212201749;0,644458057;0,212201749;1;-0,491264949;0,544403035;-0,454150057;1;-0,297264145;0,980958844;0,486320727;1;;;;;;;;;;;;;
719;-1,860596878;0,731243796;0,860596878;1;-0,92947523;0,648684145;0,032750256;1;0,656164322;0,863683715;-4,280821608;1;;;;;;;;;;;;;
720;-0,773900784;0,778365177;-0,226099216;1;-0,180560139;0,633534886;-0,799377623;1;0,173457931;1,073856237;-1,867289655;1;;;;;;;;;;;;;
721;-1,493400023;0,863829022;0,493400023;1;-0,056095069;0,633646395;-0,937672145;1;-0,060383199;1,171804181;-0,698084005;1;;;;;;;;;;;;;
722;-0,829686431;0,554267935;-0,170313569;1;-1,758998228;0,625460037;0,954442476;1;-0,021470162;1,190396232;-0,892649189;1;;;;;;;;;;;;;
723;-0,566077309;0,7805743;-0,433922691;1;-1,051175509;0,660869113;0,167972788;1;0,92722566;1,260381334;-5,636128301;1;;;;;;;;;;;;;
724;-0,513422138;0,857595337;-0,486577862;1;-1,714856834;0,780011323;0,905396482;1;-1,102125499;1,022586357;4,510627497;1;;;;;;;;;;;;;
725;-1,728412913;0,925516639;0,728412913;1;-1,573435589;0,767417163;0,748261766;1;1,533004844;1,139801287;-8,665024219;1;;;;;;;;;;;;;
726;-0,752717321;0,842917443;-0,247282679;1;-1,05987521;0,754066948;0,177639122;1;0,88166147;1,224306633;-5,40830735;1;;;;;;;;;;;;;
727;-1,920458983;0,765646251;0,920458983;1;-1,536316643;0,747229366;0,707018492;1;0,695894494;0,852804015;-4,479472468;1;;;;;;;;;;;;;
728;-2,123514776;1,269171144;1,123514776;1;1,036469658;0,839226912;-2,151632954;0;0,171495313;1,061500239;-1,857476566;1;;;;;;;;;;;;;
729;-2,186820516;0,731370564;1,186820516;1;0,589828242;0,539660841;-1,655364713;0;-0,417975232;0,901517031;1,089876161;1;;;;;;;;;;;;;
730;-3,538716043;1,40216662;2,538716043;1;-0,045595074;0,881499922;-0,949338806;1;2,139527388;1,600513268;-11,69763694;1;;;;;;;;;;;;;
731;-2,370909795;0,889633865;1,370909795;1;-2,06330784;0,885833678;1,292564267;1;1,921167977;1,038836156;-10,60583989;0;;;;;;;;;;;;;
732;-2,232331984;0,873598342;1,232331984;1;-1,363933601;0,646377366;0,515481778;1;1,602842869;0,931797435;-9,014214346;1;;;;;;;;;;;;;
733;-1,667000032;0,708110638;0,667000032;1;-0,403979369;0,523247762;-0,551134035;1;0,960179338;0,866472312;-5,800896691;1;;;;;;;;;;;;;
734;-0,203193741;NA;-0,796806259;NA;-0,993559454;0,693963624;0,103954949;1;0,552038808;0,716741351;-3,760194039;1;;;;;;;;;;;;;
735;-0,915584558;0,580083387;-0,084415442;1;-0,283010882;0,530169571;-0,685543465;1;-0,69805674;0,913170523;2,490283699;1;;;;;;;;;;;;;
736;-1,22747329;1,02897204;0,22747329;1;-1,386876486;0,885976443;0,540973874;1;-0,299288453;1,227557363;0,496442265;1;;;;;;;;;;;;;
737;-1,692942933;0,634967833;0,692942933;1;-1,139882538;0,643462181;0,266536153;1;0,521067411;0,847396579;-3,605337054;1;;;;;;;;;;;;;
738;-1,220522578;0,650545786;0,220522578;1;-1,192681858;0,748739409;0,325202065;1;-0,332911433;0,934189666;0,664557164;1;;;;;;;;;;;;;
739;-0,347061078;0,734966485;-0,652938922;1;-0,525209205;0,751097188;-0,416434217;1;-0,38256667;1,148853534;0,91283335;1;;;;;;;;;;;;;
740;-0,449537822;0,552633359;-0,550462178;1;-1,465548584;0,688441504;0,628387316;1;-0,487753252;0,927140746;1,43876626;1;;;;;;;;;;;;;
741;0,066685753;1,024250176;-1,066685753;1;-1,098894916;0,661886124;0,220994351;1;-0,418865026;1,100918072;1,094325132;1;;;;;;;;;;;;;
742;-1,896073094;0,690734341;0,896073094;1;-1,682610007;0,658281138;0,869566675;1;1,500455806;0,945395923;-8,502279032;1;;;;;;;;;;;;;
743;-1,223740087;1,0347055;0,223740087;1;-0,707245058;0,771847441;-0,214172157;1;-0,739934314;1,472343105;2,699671569;1;;;;;;;;;;;;;
744;-0,969845689;0,728576669;-0,030154311;1;-1,574909854;0,799684381;0,749899838;1;0,433841282;1,245103812;-3,169206409;1;;;;;;;;;;;;;
745;-2,514812438;1,054094075;1,514812438;1;-0,982393645;0,692394871;0,091548495;1;2,829226012;1,491569374;-15,14613006;0;;;;;;;;;;;;;
746;-1,001759399;0,553831373;0,001759399;1;-1,508449993;0,624598225;0,676055548;1;0,06749719;0,802925194;-1,337485948;1;;;;;;;;;;;;;
747;-2,081222899;0,884934058;1,081222899;1;-0,61990536;0,613633411;-0,311216267;1;1,374537138;1,020642006;-7,872685691;1;;;;;;;;;;;;;
748;-2,334309354;0,777793209;1,334309354;1;0,042198548;0,643428103;-1,046887275;1;0,010518364;1,104043551;-1,05259182;1;;;;;;;;;;;;;
749;-0,450649267;1,090226573;-0,549350733;1;-1,160389578;0,762219424;0,289321753;1;-0,796429503;1,241732363;2,982147515;1;;;;;;;;;;;;;
750;-0,559658582;0,924414147;-0,440341418;1;-2,01924669;0,900759688;1,243607433;1;-0,28777165;1,104852035;0,43885825;1;;;;;;;;;;;;;
751;-0,894184626;1,058099077;-0,105815374;1;-0,295267251;0,795714643;-0,671925276;1;0,16617376;1,437742356;-1,830868799;1;;;;;;;;;;;;;
752;-0,464547966;0,520476954;-0,535452034;1;-2,421281863;0,769743786;1,690313181;0;-1,619484534;0,861819471;7,097422672;1;;;;;;;;;;;;;
753;-0,259445559;1,00818634;-0,740554441;1;-1,207115876;0,729690314;0,341239862;1;-1,770396956;1,228513045;7,851984782;1;;;;;;;;;;;;;
754;-0,458492251;0,517695304;-0,541507749;1;-0,568040313;0,501642771;-0,368844097;1;-1,099765591;0,764804898;4,498827956;1;;;;;;;;;;;;;
755;-2,143238406;0,839543669;1,143238406;1;0,782443769;0,703338794;-1,869381966;0;-0,110016779;1,011622708;-0,449916105;1;;;;;;;;;;;;;
756;-1,189321118;0,72944859;0,189321118;1;-2,548615315;0,873181158;1,831794794;1;0,465764471;1,037998067;-3,328822353;1;;;;;;;;;;;;;
757;-1,051891467;0,488923489;0,051891467;1;-0,469150556;0,578362883;-0,478721604;1;-1,558284342;0,941429591;6,79142171;1;;;;;;;;;;;;;
758;-1,704435876;0,708253813;0,704435876;1;-0,736593253;0,56741254;-0,181563053;1;0,859163331;0,887407341;-5,295816657;1;;;;;;;;;;;;;
759;-1,03759104;0,747862084;0,03759104;1;-1,265916909;0,720532361;0,406574343;1;0,057138257;1,188910759;-1,285691284;1;;;;;;;;;;;;;
760;-0,832894768;0,889059834;-0,167105232;1;-2,949172568;1,080568289;2,276858409;1;0,61888913;1,127162139;-4,094445648;1;;;;;;;;;;;;;
761;-0,465751864;0,441896525;-0,534248136;1;-2,393344689;0,792447423;1,659271877;1;-0,271175941;0,55017674;0,355879705;1;;;;;;;;;;;;;
762;-0,284832055;0,631348315;-0,715167945;1;-1,037174295;0,601011553;0,152415884;1;-0,1744165;0,916276652;-0,1279175;1;;;;;;;;;;;;;
763;-1,466227764;0,574979027;0,466227764;1;-3,779119685;1,078348891;3,199021873;0;0,838290163;0,89937464;-5,191450817;1;;;;;;;;;;;;;
764;-0,582324181;0,526864465;-0,417675819;1;-0,596766239;0,547701725;-0,336926401;1;-1,410395433;0,85821109;6,051977163;1;;;;;;;;;;;;;
765;-1,245332051;0,935219267;0,245332051;1;0,143484119;0,631977246;-1,159426799;1;-0,205451355;1,124976755;0,027256777;1;;;;;;;;;;;;;
766;-0,568846309;0,758802351;-0,431153691;1;-1,230009815;0,802145121;0,366677572;1;-2,423981178;1,40250059;11,11990589;1;;;;;;;;;;;;;
767;-0,331214204;0,760846603;-0,668785796;1;-1,249050574;0,728505817;0,387833971;1;-0,812556348;1,201506207;3,062781738;1;;;;;;;;;;;;;
768;-0,920132684;0,901435108;-0,079867316;1;-1,561033528;0,850851818;0,734481698;1;-0,1184762;1,234232751;-0,407619002;1;;;;;;;;;;;;;
769;-0,239766946;0,547411688;-0,760233054;1;-0,475739082;0,573390755;-0,47140102;1;-0,872440785;0,870813465;3,362203927;1;;;;;;;;;;;;;
770;-0,923298219;0,655853485;-0,076701781;1;-0,821587257;0,551434478;-0,08712527;1;0,003761678;0,971887418;-1,018808391;1;;;;;;;;;;;;;
771;-0,824389555;0,714371717;-0,175610445;1;-0,475541725;0,581263818;-0,471620306;1;-1,700811661;1,105036566;7,504058307;1;;;;;;;;;;;;;
772;-1,184692518;1,021545357;0,184692518;1;-2,022608351;0,856052702;1,247342612;1;1,513647959;1,43837671;-8,568239794;1;;;;;;;;;;;;;
773;-2,946010978;1,133601847;1,946010978;1;-0,591154856;0,878217991;-0,343161271;1;1,547300933;1,405212627;-8,736504665;1;;;;;;;;;;;;;
774;-1,189244499;0,492390851;0,189244499;1;-0,951932502;0,450186395;0,05770278;1;0,544089503;0,656746108;-3,720447513;1;;;;;;;;;;;;;
775;-2,655292439;0,89377512;1,655292439;1;-0,307800062;0,575145393;-0,657999931;1;1,474580188;1,146967401;-8,372900942;1;;;;;;;;;;;;;
776;-5,252515652;1,457033997;4,252515652;0;-3,134687323;0,953478339;2,482985914;0;6,981075342;1,969693396;-35,90537671;0;;;;;;;;;;;;;
777;-1,050674246;0,987420253;0,050674246;1;-0,709043167;0,830465614;-0,212174259;1;0,527461061;1,24131133;-3,637305303;1;;;;;;;;;;;;;
778;-1,788204836;1,063536384;0,788204836;1;-0,610863292;0,78689197;-0,321263009;1;0,806564509;1,473479174;-5,032822543;1;;;;;;;;;;;;;
779;-1,904801931;0,7235008;0,904801931;1;-3,529382319;1,580853055;2,92153591;1;-0,436470197;1,105424865;1,182350987;1;;;;;;;;;;;;;
780;-1,299322333;0,748651972;0,299322333;1;-1,143151924;0,617993948;0,270168804;1;0,084624967;0,903911162;-1,423124834;1;;;;;;;;;;;;;
781;-0,660156249;0,585705814;-0,339843751;1;-1,296599637;0,560573779;0,440666263;1;0,724075619;0,879898998;-4,620378093;1;;;;;;;;;;;;;
782;-0,771956313;0,744853163;-0,228043687;1;-1,222706399;0,754831818;0,358562665;1;-0,280551009;1,025742673;0,402755044;1;;;;;;;;;;;;;
783;-0,72546236;0,608422718;-0,27453764;1;-1,262508876;0,817273371;0,40278764;1;-1,135372189;0,946361439;4,676860946;1;;;;;;;;;;;;;
784;-0,36216891;0,757686907;-0,63783109;1;-0,529389588;0,620673087;-0,411789346;1;-1,643798712;1,04916517;7,218993561;1;;;;;;;;;;;;;
785;-1,29917907;0,851882391;0,29917907;1;-1,776599559;0,836307113;0,97399951;1;0,749612034;1,017840232;-4,748060169;1;;;;;;;;;;;;;
786;-0,710759938;0,897072779;-0,289240062;1;-0,411219974;0,58506727;-0,543088918;1;0,498081131;1,082456333;-3,490405657;1;;;;;;;;;;;;;
787;-2,570983162;1,387703589;1,570983162;1;2,314680079;1,018506048;-3,571866754;0;-1,651510846;1,250205557;7,257554231;1;;;;;;;;;;;;;
788;-1,609482791;0,716334102;0,609482791;1;-0,490959063;0,612726565;-0,45448993;1;0,04449834;1,058327226;-1,222491699;1;;;;;;;;;;;;;
789;-0,407172179;0,992003499;-0,592827821;1;-1,730694465;0,809120003;0,92299385;1;-0,854462229;1,42914568;3,272311146;1;;;;;;;;;;;;;
790;-1,418335932;0,614905961;0,418335932;1;-1,450072407;0,696736647;0,611191563;1;-0,898120495;1,061414304;3,490602473;1;;;;;;;;;;;;;
791;-1,780160497;0,704230397;0,780160497;1;-1,708194511;0,891281562;0,897993901;1;0,553119725;0,888902851;-3,765598623;1;;;;;;;;;;;;;
792;-1,270637938;0,718189333;0,270637938;1;-0,11761612;0,583393152;-0,869315422;1;-0,976430403;1,003944778;3,882152016;1;;;;;;;;;;;;;
793;-1,03131062;1,224674301;0,03131062;1;-1,302976169;1,204691365;0,447751299;1;-1,833910895;1,87730074;8,169554477;1;;;;;;;;;;;;;
794;1,62414422;1,430139389;-2,62414422;1;-2,27751719;0,886132924;1,530574656;1;-3,074888702;1,511589075;14,37444351;1;;;;;;;;;;;;;
795;-1,888263292;0,792847798;0,888263292;1;-0,398668095;0,498571066;-0,55703545;1;0,886044986;0,861365;-5,430224928;1;;;;;;;;;;;;;
796;0,517797393;1,879102191;-1,517797393;1;-1,222369412;0,990025038;0,358188236;1;-0,910509096;1,80395343;3,552545482;1;;;;;;;;;;;;;
797;-0,034606927;0,584756423;-0,965393073;1;-1,421278293;0,709374449;0,579198104;1;-1,022942551;1,023573749;4,114712756;1;;;;;;;;;;;;;
798;-1,162150342;0,630850227;0,162150342;1;-1,224918623;0,665458701;0,361020692;1;0,520229627;0,849463744;-3,601148137;1;;;;;;;;;;;;;
799;-1,338004181;0,811196832;0,338004181;1;-1,065011905;0,525417161;0,183346561;1;1,019447195;1,091135437;-6,097235977;1;;;;;;;;;;;;;
800;-0,506751436;1,110202889;-0,493248564;1;-0,293569672;1,011043111;-0,673811476;1;-0,792140758;1,897932954;2,960703791;1;;;;;;;;;;;;;
801;-0,961689563;0,594703432;-0,038310437;1;-0,495033844;0,585326921;-0,449962395;1;-0,738538729;1,105435425;2,692693645;1;;;;;;;;;;;;;
802;-1,063288345;0,825780344;0,063288345;1;-1,322078127;0,799293022;0,468975697;1;-0,275972958;1,525934211;0,379864788;1;;;;;;;;;;;;;
803;-1,375031925;0,951000317;0,375031925;1;-0,779265162;0,654743238;-0,13414982;1;1,278569054;1,051583357;-7,392845269;1;;;;;;;;;;;;;
804;-2,253473559;0,831647935;1,253473559;1;-1,653950701;0,915408381;0,837723001;1;-0,824256327;1,284935812;3,121281633;1;;;;;;;;;;;;;
805;-1,246805657;0,76245621;0,246805657;1;-1,85906701;0,876404026;1,065630011;1;-0,89744816;1,213709832;3,487240801;1;;;;;;;;;;;;;
806;-1,854481826;0,879275743;0,854481826;1;-0,883791156;0,588440527;-0,018009826;1;1,287697656;1,013721479;-7,43848828;1;;;;;;;;;;;;;
807;-2,322825993;0,880512939;1,322825993;1;-0,477576895;0,659183383;-0,469359005;1;0,637320324;1,040357061;-4,186601619;1;;;;;;;;;;;;;
808;-0,49063762;0,9654248;-0,50936238;1;-0,856236135;0,645985658;-0,048626516;1;-1,079204635;1,038779545;4,396023174;1;;;;;;;;;;;;;
809;-1,269758291;0,883106027;0,269758291;1;-0,325806817;0,6829245;-0,637992425;1;-0,199746735;1,321466585;-0,001266323;1;;;;;;;;;;;;;
810;0,381168862;0,583363257;-1,381168862;0;-0,98846879;0,693951465;0,098298655;1;-1,099917164;1,059926922;4,499585822;1;;;;;;;;;;;;;
811;-2,685229938;1,023628549;1,685229938;1;-0,179357945;0,714049215;-0,800713395;1;2,641447249;1,3645407;-14,20723625;0;;;;;;;;;;;;;
812;-0,382681265;0,92177139;-0,617318735;1;-1,086940759;0,762391775;0,207711954;1;-0,940679351;1,398971863;3,703396757;1;;;;;;;;;;;;;
813;-0,828363048;0,864746841;-0,171636952;1;-0,632871856;0,696253983;-0,296809049;1;-1,327938306;1,204057888;5,639691529;1;;;;;;;;;;;;;
814;-2,942337098;1,329093421;1,942337098;1;-0,804296794;0,958677061;-0,106336896;1;-0,188278025;1,639078909;-0,058609875;1;;;;;;;;;;;;;
815;-1,685074369;0,808885604;0,685074369;1;-0,651278023;0,519655329;-0,276357753;1;1,114295657;0,923238245;-6,571478284;1;;;;;;;;;;;;;
816;-0,568905552;0,940374913;-0,431094448;1;-0,332087432;0,654032671;-0,631013964;1;-0,267563572;1,228516071;0,33781786;1;;;;;;;;;;;;;
817;-1,52267914;0,814889787;0,52267914;1;-0,692647196;0,578887421;-0,230392004;1;0,78415606;0,967323483;-4,920780301;1;;;;;;;;;;;;;
818;0,35935635;0,56078265;-1,35935635;0;-1,384257031;0,52134955;0,538063368;1;-1,373962282;1,02863943;5,869811411;1;;;;;;;;;;;;;
819;-3,223247477;1,202576292;2,223247477;1;-0,719102997;0,819047124;-0,20099667;1;2,509095085;1,370706621;-13,54547543;0;;;;;;;;;;;;;
820;-1,514591127;0,772300819;0,514591127;1;0,177586445;0,657508761;-1,197318272;1;-0,314866652;0,996670058;0,57433326;1;;;;;;;;;;;;;
821;-0,884217796;0,705281545;-0,115782204;1;-1,575267547;0,700013215;0,750297275;1;-1,156832197;1,018478949;4,784160987;1;;;;;;;;;;;;;
822;-0,838269583;0,629060178;-0,161730417;1;-2,151687287;0,735636941;1,390763652;1;1,205762833;0,950529633;-7,028814164;1;;;;;;;;;;;;;
823;-2,111313832;0,640424474;1,111313832;1;-0,945773565;0,719206671;0,050859517;1;-0,184804679;1,139894681;-0,075976606;1;;;;;;;;;;;;;
824;-1,554849062;0,717874117;0,554849062;1;-1,35459808;0,633046985;0,505108978;1;0,780807894;0,836767073;-4,904039468;1;;;;;;;;;;;;;
825;-0,746671972;1,05427299;-0,253328028;1;-1,845607523;1,000539866;1,050675026;1;-1,700449928;1,482932761;7,502249638;1;;;;;;;;;;;;;
826;0,048831913;0,759868098;-1,048831913;1;-1,771050786;0,674924577;0,967834207;1;0,909138454;1,776259905;-5,545692268;1;;;;;;;;;;;;;
827;-1,187492769;0,766623371;0,187492769;1;-0,695399544;0,621547356;-0,22733384;1;0,194581056;0,919378395;-1,972905279;1;;;;;;;;;;;;;
828;-1,272786431;0,91508533;0,272786431;1;-1,318187521;0,816525835;0,464652801;1;-0,740638532;1,20655574;2,703192662;1;;;;;;;;;;;;;
829;-0,455168722;0,583578236;-0,544831278;1;-1,551332254;0,806929624;0,723702504;1;-0,722362166;0,830212154;2,611810828;1;;;;;;;;;;;;;
830;-2,182285018;1,263169158;1,182285018;1;-1,367806251;0,9473278;0,519784724;1;0,755737571;1,496906234;-4,778687853;1;;;;;;;;;;;;;
831;-2,099990412;0,92215962;1,099990412;1;0,943159811;0,770576708;-2,047955345;0;-2,732808348;1,261590585;12,66404174;0;;;;;;;;;;;;;
832;-0,703863833;0,487305244;-0,296136167;1;-1,309601492;0,599566825;0,455112769;1;-0,06559124;0,71310539;-0,672043801;1;;;;;;;;;;;;;
833;-1,074007188;0,928325007;0,074007188;1;-0,921911976;0,916368941;0,02434664;1;-1,924116218;1,476800879;8,620581089;1;;;;;;;;;;;;;
834;-0,171936;0,75966893;-0,828064;1;-1,210391473;0,777494563;0,344879415;1;-1,071494777;1,066215739;4,357473885;1;;;;;;;;;;;;;
835;-0,843142966;0,665047033;-0,156857034;1;-1,113255023;0,639551908;0,236950025;1;-0,544933956;0,930820752;1,724669779;1;;;;;;;;;;;;;
836;-2,639594319;1,127728967;1,639594319;1;-0,050064379;0,783921046;-0,944372913;1;0,498754467;1,524410516;-3,493772337;1;;;;;;;;;;;;;
837;-2,062635601;0,911323863;1,062635601;1;0,228474982;0,645010336;-1,253861091;1;0,105194588;1,125581483;-1,525972942;1;;;;;;;;;;;;;
838;-0,963799294;0,718857759;-0,036200706;1;-0,000506708;0,593059642;-0,999436991;1;-1,638610924;1,048794411;7,193054621;1;;;;;;;;;;;;;
839;-0,553182614;0,373542604;-0,446817386;1;-2,615764758;0,748467325;1,906405286;0;-1,526666559;0,715680432;6,633332796;1;;;;;;;;;;;;;
840;-2,46440501;1,060830626;1,46440501;1;-2,047334776;1,016735872;1,274816418;1;2,472093681;1,481610909;-13,3604684;1;;;;;;;;;;;;;
841;-0,667840127;0,735497867;-0,332159873;1;-0,68668914;0,681514633;-0,237012066;1;-2,198064321;1,296775816;9,990321605;1;;;;;;;;;;;;;
842;0,483201624;0,769612682;-1,483201624;1;-1,215796007;0,63444344;0,350884452;1;-3,313583733;1,338875817;15,56791867;0;;;;;;;;;;;;;
843;-2,06629774;1,08566383;1,06629774;1;-1,234918128;0,790178501;0,372131253;1;0,241794297;1,393529128;-2,208971487;1;;;;;;;;;;;;;
844;-0,671044502;0,889198821;-0,328955498;1;-0,692008143;0,804814832;-0,231102063;1;-2,754174741;1,946248058;12,77087371;1;;;;;;;;;;;;;
845;-0,371919284;0,54086985;-0,628080716;1;-0,88249447;0,531595016;-0,019450589;1;-0,530482489;0,899144856;1,652412443;1;;;;;;;;;;;;;
846;-1,785664268;0,847193881;0,785664268;1;-0,239848046;0,59539974;-0,733502171;1;1,841728964;1,277467855;-10,20864482;1;;;;;;;;;;;;;
847;-0,182423676;0,614115316;-0,817576324;1;0,227057794;0,507701164;-1,252286437;0;-3,810096461;1,134907472;18,05048231;0;;;;;;;;;;;;;
848;-1,230595949;0,588484327;0,230595949;1;-0,263161254;0,461294967;-0,707598606;1;0,089514876;0,701416823;-1,44757438;1;;;;;;;;;;;;;
849;-2,353944794;0,936029492;1,353944794;1;-1,638766361;0,911790817;0,820851512;1;0,484075244;1,241998188;-3,42037622;1;;;;;;;;;;;;;
850;-1,725972757;0,8556692;0,725972757;1;-3,135170657;1,070326187;2,483522952;0;0,803492413;1,020138987;-5,017462065;1;;;;;;;;;;;;;
851;-0,952158326;1,062887251;-0,047841674;1;-0,80417342;0,642852715;-0,106473977;1;0,079009901;1,059100078;-1,395049507;1;;;;;;;;;;;;;
852;-0,366202017;0,573602145;-0,633797983;1;-0,582180673;0,515216518;-0,353132586;1;-1,183220844;0,879615846;4,91610422;1;;;;;;;;;;;;;
853;-1,114072941;0,786937872;0,114072941;1;-2,514252433;0,931188745;1,793613815;1;0,806232902;0,988929426;-5,031164508;1;;;;;;;;;;;;;
854;-4,54074896;1,450356736;3,54074896;0;0,059766777;0,981472461;-1,06640753;1;2,562553757;1,681935956;-13,81276879;1;;;;;;;;;;;;;
855;-0,751460016;0,535758026;-0,248539984;1;-2,877523354;0,830546616;2,197248171;0;-1,235249652;0,909673849;5,176248262;1;;;;;;;;;;;;;
856;0,185600105;0,934535966;-1,185600105;1;-0,349547219;0,63751135;-0,611614201;1;-2,981230308;1,366299016;13,90615154;0;;;;;;;;;;;;;
857;-0,464173969;1,012082632;-0,535826031;1;-1,437382001;0,891212117;0,597091112;1;-1,865409961;1,557549352;8,327049805;1;;;;;;;;;;;;;
858;-0,638607591;0,626671995;-0,361392409;1;-1,687491388;0,60372902;0,874990431;1;0,34194342;1,042077003;-2,709717101;1;;;;;;;;;;;;;
859;-0,832694141;0,879822215;-0,167305859;1;-1,607925986;0,697441222;0,786584429;1;0,904936603;1,114285776;-5,524683014;1;;;;;;;;;;;;;
860;-2,233079297;0,845941096;1,233079297;1;-1,431720225;0,786563227;0,59080025;1;0,884370051;1,027618064;-5,421850254;1;;;;;;;;;;;;;
861;-1,915704373;0,958888277;0,915704373;1;-0,481516861;0,660008593;-0,464981266;1;0,714768484;1,417862018;-4,573842422;1;;;;;;;;;;;;;
862;0,227516182;0,83376317;-1,227516182;1;-2,418253595;1,026869785;1,686948439;1;-3,07214355;1,092415906;14,36071775;0;;;;;;;;;;;;;
863;-0,616128223;0,656007147;-0,383871777;1;-1,433896751;0,723018979;0,593218612;1;-1,965631906;1,209556066;8,828159528;1;;;;;;;;;;;;;
864;-2,775291824;0,877453216;1,775291824;0;1,137109324;0,735023288;-2,263454805;0;-0,981468617;1,015200027;3,907343087;1;;;;;;;;;;;;;
865;0,449460848;1,104082626;-1,449460848;1;-1,696297903;0,924026976;0,884775447;1;-2,377190491;1,608098074;10,88595246;1;;;;;;;;;;;;;
866;-0,666404715;0,705436275;-0,333595285;1;0,57673192;0,680604553;-1,640813245;0;-2,315802024;1,38350671;10,57901012;1;;;;;;;;;;;;;
867;-0,814811902;0,532041231;-0,185188098;1;-1,70401438;0,662922549;0,893349311;1;-0,434130127;0,706348294;1,170650635;1;;;;;;;;;;;;;
868;-0,446816766;0,822572151;-0,553183234;1;-0,238150368;0,672763241;-0,73538848;1;-2,455965565;1,352167251;11,27982783;1;;;;;;;;;;;;;
869;-2,139488353;1,393868722;1,139488353;1;-0,024079288;1,106235543;-0,973245235;1;-0,837886649;1,950739277;3,189433243;1;;;;;;;;;;;;;
870;-0,967391186;0,839467065;-0,032608814;1;-0,990765379;0,716702948;0,100850421;1;0,272754771;1,037272968;-2,363773855;1;;;;;;;;;;;;;
871;-0,974408997;0,777913279;-0,025591003;1;0,051233808;0,61827568;-1,056926454;1;-1,450312392;1,235480205;6,251561959;1;;;;;;;;;;;;;
872;-0,719310104;0,520402571;-0,280689896;1;-1,014539406;0,587905454;0,127266007;1;-0,203372056;0,694077475;0,016860281;1;;;;;;;;;;;;;
873;-0,314870342;0,917620946;-0,685129658;1;-0,623997578;0,751395947;-0,306669358;1;0,994294543;1,431462199;-5,971472714;1;;;;;;;;;;;;;
874;-0,42773688;0,620098037;-0,57226312;1;-0,328528014;0,53370183;-0,634968873;1;-0,483027125;1,017914959;1,415135623;1;;;;;;;;;;;;;
875;-0,336913554;0,904878219;-0,663086446;1;-0,253114021;0,752647544;-0,718762199;1;-0,678005085;1,125581342;2,390025425;1;;;;;;;;;;;;;
876;-0,476398878;1,042923837;-0,523601122;1;-0,961299985;1,006065981;0,068111095;1;-1,533717898;1,653533329;6,668589488;1;;;;;;;;;;;;;
877;-1,372266396;1,00995851;0,372266396;1;0,047785413;0,672665765;-1,053094904;1;-0,152005491;1,249412604;-0,239972544;1;;;;;;;;;;;;;
878;-0,752493395;0,578943003;-0,247506605;1;-0,133496574;0,451609028;-0,851670474;1;-0,665755525;0,853187442;2,328777624;1;;;;;;;;;;;;;
879;-0,991426265;0,719579935;-0,008573735;1;-0,12284074;0,654405203;-0,863510289;1;-0,548700905;1,240812522;1,743504525;1;;;;;;;;;;;;;
880;-0,1786675;0,500436107;-0,8213325;1;-0,948512803;0,566809033;0,053903114;1;-1,888607297;0,98220874;8,443036485;1;;;;;;;;;;;;;
881;-1,416580317;0,833148362;0,416580317;1;-0,386263926;0,643906894;-0,57081786;1;-0,603941173;1,207952595;2,019705865;1;;;;;;;;;;;;;
882;-1,705215769;0,810752819;0,705215769;1;-1,714804014;0,814571921;0,905337794;1;-0,47123797;1,161107646;1,35618985;1;;;;;;;;;;;;;
883;-0,640370691;0,515125596;-0,359629309;1;-1,375804772;0,568766899;0,528671969;1;0,198232137;0,988411733;-1,991160685;1;;;;;;;;;;;;;
884;-1,045453366;1,350744405;0,045453366;1;-0,872973296;0,745697559;-0,030029671;1;1,164435808;1,166016786;-6,82217904;1;;;;;;;;;;;;;
885;0,046624276;0,60260169;-1,046624276;1;-1,271948972;0,575202181;0,413276635;1;-0,923660584;1,081212387;3,618302919;1;;;;;;;;;;;;;
886;-1,287832961;0,692104362;0,287832961;1;-1,210436976;0,611438796;0,344929973;1;0,161066271;1,003548346;-1,805331356;1;;;;;;;;;;;;;
887;-1,100990235;0,548905425;0,100990235;1;0,0564531;0,470442727;-1,062725667;0;-1,145006149;1,008192421;4,725030744;1;;;;;;;;;;;;;
888;-1,681727978;0,894967232;0,681727978;1;-0,389672185;0,806718603;-0,567030906;1;-1,371374867;1,256364816;5,856874335;1;;;;;;;;;;;;;
889;-3,190724539;0,965450623;2,190724539;0;0,575937088;0,781757963;-1,639930098;1;1,281397822;1,176494603;-7,406989112;1;;;;;;;;;;;;;
890;-0,714848945;0,683710797;-0,285151055;1;0,053273704;0,581228891;-1,059193004;1;-1,794484234;0,980636236;7,972421168;1;;;;;;;;;;;;;
891;-0,78055349;0,615674244;-0,21944651;1;-2,609200384;0,898191215;1,899111538;1;-0,046813135;0,819716864;-0,765934323;1;;;;;;;;;;;;;
892;0,335794635;1,134346262;-1,335794635;1;-1,196111722;0,779885489;0,329013024;1;-2,880782358;1,194916836;13,40391179;0;;;;;;;;;;;;;
893;-0,826810692;0,441686551;-0,173189308;1;-1,121826495;0,478857444;0,246473884;1;-0,08394354;0,694782229;-0,580282299;1;;;;;;;;;;;;;
894;-1,806304248;0,7664215;0,806304248;1;-0,638466927;0,867630566;-0,290592304;1;-1,195023849;1,323177602;4,975119244;1;;;;;;;;;;;;;
895;0,064152307;0,709437509;-1,064152307;1;-1,359453326;0,685373292;0,510503696;1;-1,182822377;1,011378557;4,914111886;1;;;;;;;;;;;;;
896;-0,729077511;0,506936865;-0,270922489;1;-0,61894414;0,506400068;-0,312284289;1;-1,007211224;0,810327544;4,036056119;1;;;;;;;;;;;;;
897;-0,850656771;1,092978869;-0,149343229;1;-1,047731882;0,798185813;0,164146536;1;-0,170110116;1,477095693;-0,149449418;1;;;;;;;;;;;;;
898;-2,161868757;1,438815878;1,161868757;1;-0,033791002;1,011786805;-0,962454442;1;3,199868416;1,980433664;-16,99934208;1;;;;;;;;;;;;;
899;-0,077846926;0,197553083;-0,922153074;0;-0,764945522;0,594102358;-0,150060531;1;-0,290103987;1,060637676;0,450519935;1;;;;;;;;;;;;;
900;-1,673605279;1,037622544;0,673605279;1;-0,51976443;0,780107006;-0,422483967;1;0,284255788;1,278928975;-2,42127894;1;;;;;;;;;;;;;
901;-1,022373825;0,65629361;0,022373825;1;-0,690805609;0,567597743;-0,232438212;1;0,216702572;0,854147873;-2,083512858;1;;;;;;;;;;;;;
902;-1,208593087;0,817657739;0,208593087;1;-1,424733952;0,896591156;0,583037724;1;0,267506956;1,388468671;-2,337534782;1;;;;;;;;;;;;;
903;-0,455814318;0,756545217;-0,544185682;1;-1,068173231;0,712080209;0,186859146;1;-0,88838482;1,107585468;3,441924101;1;;;;;;;;;;;;;
904;-1,556639825;0,888127343;0,556639825;1;-1,562678306;0,901076;0,736309229;1;0,722755421;1,583870108;-4,613777105;1;;;;;;;;;;;;;
905;-2,384914706;0,889340303;1,384914706;1;-0,607898586;0,705578076;-0,324557127;1;1,01907971;1,291540655;-6,09539855;1;;;;;;;;;;;;;
906;-1,866782594;1,127210099;0,866782594;1;-2,030353076;0,946216151;1,255947862;1;1,043360659;1,574533857;-6,216803297;1;;;;;;;;;;;;;
907;-0,725913805;0,710615212;-0,274086195;1;0,043859782;0,561100603;-1,048733091;1;-1,310311918;1,100822905;5,55155959;1;;;;;;;;;;;;;
908;-1,09808988;0,53617172;0,09808988;1;-0,985508297;0,480498656;0,095009219;1;0,213884018;0,841670455;-2,069420091;1;;;;;;;;;;;;;
909;-0,523943966;0,852994646;-0,476056034;1;-0,412205116;0,718394244;-0,541994316;1;-0,269509984;1,075926336;0,347549918;1;;;;;;;;;;;;;
910;-0,565339844;0,926191351;-0,434660156;1;0,052247113;0,778677651;-1,058052347;1;-0,158920998;1,554366946;-0,205395012;1;;;;;;;;;;;;;
911;-1,675511843;1,038435567;0,675511843;1;-1,815174445;0,99579362;1,016860494;1;-0,596383591;1,581492138;1,981917955;1;;;;;;;;;;;;;
912;-2,835313288;0,874114524;1,835313288;0;-0,974542699;0,687341488;0,082825221;1;1,855695316;1,123312804;-10,27847658;1;;;;;;;;;;;;;
913;-0,411233099;0,782685484;-0,588766901;1;-0,537158831;0,690908506;-0,403156854;1;-2,054715333;1,239637804;9,273576666;1;;;;;;;;;;;;;
914;0,283860468;0,715648685;-1,283860468;1;-1,172003333;0,833786392;0,302225926;1;-0,435753598;1,398565178;1,17876799;1;;;;;;;;;;;;;
915;-0,805553195;0,665541667;-0,194446805;1;-1,053928596;0,817830833;0,171031773;1;-1,089230748;1,241421514;4,446153739;1;;;;;;;;;;;;;
916;-1,289639413;1,056730242;0,289639413;1;-0,918330168;0,834223514;0,020366853;1;0,396897357;1,742878118;-2,984486785;1;;;;;;;;;;;;;
917;-0,728158244;1,109484722;-0,271841756;1;-0,651518136;0,887776471;-0,27609096;1;-0,702653916;1,351089392;2,513269579;1;;;;;;;;;;;;;
918;-0,819788098;0,950085488;-0,180211902;1;-1,397760745;0,770811219;0,553067495;1;0,227869288;1,341037134;-2,139346441;1;;;;;;;;;;;;;
919;-0,726137755;0,634481865;-0,273862245;1;-0,378671892;0,507045129;-0,579253453;1;-0,111334516;0,999259616;-0,443327419;1;;;;;;;;;;;;;
920;0,288649337;0,799715442;-1,288649337;1;-2,387656656;0,754019679;1,65295184;0;-0,452713978;1,060049003;1,263569888;1;;;;;;;;;;;;;
921;-1,428098348;0,763986141;0,428098348;1;-0,535659172;0,654540856;-0,404823143;1;-1,920714104;1,184206943;8,603570522;1;;;;;;;;;;;;;
922;-1,030014505;0,709840929;0,030014505;1;-1,880656121;0,707309015;1,089617912;1;0,148298989;0,849963785;-1,741494945;1;;;;;;;;;;;;;
923;-1,071878522;0,59739343;0,071878522;1;-2,065698915;0,917100032;1,295221017;1;0,199359518;0,892918828;-1,996797588;1;;;;;;;;;;;;;
924;-0,755991137;0,525869437;-0,244008863;1;-0,635139987;0,527487969;-0,294288903;1;-1,731411867;0,982903405;7,657059337;1;;;;;;;;;;;;;
925;-0,46770175;0,683192752;-0,53229825;1;0,045014455;0,495057708;-1,050016061;1;-0,398776722;0,862876315;0,993883611;1;;;;;;;;;;;;;
926;-0,04462892;1,076116886;-0,95537108;1;-1,434958028;0,900971078;0,594397809;1;1,722148627;1,516399346;-9,610743137;1;;;;;;;;;;;;;
927;-0,87566559;0,650700602;-0,12433441;1;-0,952710598;0,709238758;0,058567331;1;-0,269588705;0,798091032;0,347943527;1;;;;;;;;;;;;;
928;-0,519036823;0,949959441;-0,480963177;1;-0,813586458;0,814789256;-0,096015047;1;-0,029823789;1,305002494;-0,850881053;1;;;;;;;;;;;;;
929;-0,194452559;0,499032346;-0,805547441;1;-0,504664344;0,504011471;-0,43926184;1;-0,695417863;0,857001997;2,477089313;1;;;;;;;;;;;;;
930;-0,235742035;0,626807428;-0,764257965;1;-1,571995664;0,719930358;0,746661849;1;-1,07287731;1,035242535;4,364386551;1;;;;;;;;;;;;;
931;-0,496879186;0,90999479;-0,503120814;1;-0,953298426;0,792923973;0,059220473;1;-0,042773004;1,298492938;-0,786134981;1;;;;;;;;;;;;;
932;-1,644443431;0,863917914;0,644443431;1;-0,551553216;0,722646359;-0,387163093;1;-0,115102555;1,260090193;-0,424487224;1;;;;;;;;;;;;;
933;-0,592356211;0,593520015;-0,407643789;1;-1,188909749;0,584698656;0,321010832;1;-1,314012661;0,831943406;5,570063304;1;;;;;;;;;;;;;
934;-0,7880261;0,508128513;-0,2119739;1;-2,266874243;0,775783592;1,518749159;1;-0,124162542;0,713300573;-0,379187289;1;;;;;;;;;;;;;
935;-1,757346692;0,59718415;0,757346692;1;-0,956386991;0,635865761;0,062652212;1;-0,522490628;0,945224456;1,61245314;1;;;;;;;;;;;;;
936;-1,281197942;0,611792278;0,281197942;1;-1,081072593;0,724273182;0,20119177;1;-2,218849505;1,128144613;10,09424752;1;;;;;;;;;;;;;
937;-1,179058956;0,77048749;0,179058956;1;-0,88276761;0,689965159;-0,0191471;1;-1,041505413;1,314295019;4,207527064;1;;;;;;;;;;;;;
938;-0,331874301;0,961767055;-0,668125699;1;-1,577802973;0,8122825;0,753114415;1;1,299601304;2,234529993;-7,498006522;1;;;;;;;;;;;;;
939;-0,449623494;0,699600539;-0,550376506;1;-2,228039138;1,06822738;1,475599043;1;-0,865696116;1,046204206;3,328480578;1;;;;;;;;;;;;;
940;-1,484993655;0,568854017;0,484993655;1;-1,521207716;0,58966398;0,690230795;1;0,611763473;0,934972465;-4,058817363;1;;;;;;;;;;;;;
941;-1,769106214;0,844778747;0,769106214;1;-0,922735776;0,73241407;0,025261974;1;-0,208978364;1,064906399;0,04489182;1;;;;;;;;;;;;;
942;0,561416999;0,67569937;-1,561416999;0;-1,221400062;0,672661879;0,35711118;1;-0,2720164;1,130634447;0,360081998;1;;;;;;;;;;;;;
943;-1,852564429;0,743448718;0,852564429;1;-0,70738661;0,679872344;-0,214014878;1;0,809512822;0,967081109;-5,047564111;1;;;;;;;;;;;;;
944;-1,539513418;0,688621127;0,539513418;1;-1,183856203;0,75970898;0,315395781;1;0,867191376;1,029711163;-5,335956881;1;;;;;;;;;;;;;
945;-0,754063114;0,925897902;-0,245936886;1;-0,76365325;0,790542985;-0,151496389;1;-0,531340539;1,271623906;1,656702694;1;;;;;;;;;;;;;
946;-1,156247721;0,612621602;0,156247721;1;-1,79892989;0,835707716;0,998810989;1;-0,839792515;1,153820543;3,198962575;1;;;;;;;;;;;;;
947;-1,041473026;0,825590409;0,041473026;1;-0,85656102;0,697067343;-0,048265533;1;-0,152153047;1,189979978;-0,239234763;1;;;;;;;;;;;;;
948;-1,485296791;0,665250264;0,485296791;1;-0,118126296;0,614639372;-0,86874856;1;-0,586233139;1,03856888;1,931165696;1;;;;;;;;;;;;;
949;-0,719869969;0,727875215;-0,280130031;1;-1,011868407;0,651983542;0,12429823;1;-0,546009032;0,949257901;1,730045158;1;;;;;;;;;;;;;
950;-1,524236881;1,377302499;0,524236881;1;1,620015314;0,930799855;-2,800017016;0;-1,824696881;1,659809914;8,123484406;1;;;;;;;;;;;;;
951;-2,607344801;0,613975757;1,607344801;0;-1,653614959;0,686383888;0,837349954;1;1,785747062;1,072499475;-9,928735312;1;;;;;;;;;;;;;
952;-1,438156556;0,711541945;0,438156556;1;-0,600509801;0,613406048;-0,332766887;1;1,085246607;0,918103697;-6,426233035;1;;;;;;;;;;;;;
953;-0,306207338;1,446091505;-0,693792662;1;0,089677697;0,833530662;-1,099641885;1;-1,251108235;1,198756807;5,255541177;1;;;;;;;;;;;;;
954;-0,504827767;0,809285948;-0,495172233;1;-1,48819499;0,698455538;0,653549989;1;-1,751760646;1,185535629;7,75880323;1;;;;;;;;;;;;;
955;-0,919853044;0,64169848;-0,080146956;1;-0,346598511;0,534638201;-0,614890543;1;-0,435168072;0,860989104;1,175840361;1;;;;;;;;;;;;;
956;-0,707490352;0,604115514;-0,292509648;1;-1,58574359;0,610101486;0,761937322;1;1,523999675;0,99704089;-8,619998375;1;;;;;;;;;;;;;
957;-0,69474626;0,673811986;-0,30525374;1;-0,635125237;0,754869958;-0,294305292;1;0,803086243;1,228862693;-5,015431217;1;;;;;;;;;;;;;
958;-1,271180916;0,822297972;0,271180916;1;-0,137663186;0,628165578;-0,847040905;1;0,82759593;1,509552847;-5,137979649;1;;;;;;;;;;;;;
959;-1,73685985;0,621418636;0,73685985;1;-0,369515212;0,538994031;-0,589427542;1;-0,315357739;0,871779282;0,576788695;1;;;;;;;;;;;;;
960;-0,720769861;0,9991842;-0,279230139;1;-0,982796239;0,769164433;0,091995821;1;-0,406762374;1,185100632;1,033811869;1;;;;;;;;;;;;;
961;-1,366377682;0,919194627;0,366377682;1;-0,783640252;0,759368206;-0,129288609;1;1,784605626;1,783896993;-9,923028129;1;;;;;;;;;;;;;
962;-1,754219204;0,990428067;0,754219204;1;-2,846427195;1,075457378;2,162696884;1;0,73992593;1,137851469;-4,699629649;1;;;;;;;;;;;;;
963;-2,840868361;0,879717328;1,840868361;0;0,082990168;0,4665356;-1,092211297;0;2,29659916;0,956288157;-12,4829958;0;;;;;;;;;;;;;
964;-3,836464977;1,663218404;2,836464977;1;-1,190359377;0,934123425;0,32262153;1;3,452911669;1,934733771;-18,26455835;1;;;;;;;;;;;;;
965;-0,537782068;0,400598426;-0,462217932;1;-0,760632307;0,500656967;-0,154852993;1;-1,429112116;0,829255203;6,145560578;1;;;;;;;;;;;;;
966;-0,392401531;0,993949928;-0,607598469;1;-1,317337486;0,85312503;0,463708317;1;-1,078470804;1,350489491;4,392354021;1;;;;;;;;;;;;;
967;0,502246102;0,715804505;-1,502246102;0;-0,975174028;0,683465319;0,083526698;1;-0,472692888;1,102434244;1,363464439;1;;;;;;;;;;;;;
968;-0,210688961;0,866206425;-0,789311039;1;-2,337372674;0,97952866;1,597080749;1;-2,614539261;1,666266047;12,0726963;1;;;;;;;;;;;;;
969;-0,213060167;0,434782156;-0,786939833;1;-0,462257374;0,519067133;-0,486380696;1;-1,526481843;0,863868931;6,632409215;1;;;;;;;;;;;;;
970;-0,670501268;0,648919376;-0,329498732;1;-1,392824657;0,577464099;0,547582952;1;-0,319131266;0,821796091;0,595656331;1;;;;;;;;;;;;;
971;-1,418173925;0,776566733;0,418173925;1;-0,487176292;0,672866501;-0,458693009;1;-0,616084993;1,091919041;2,080424967;1;;;;;;;;;;;;;
972;-1,273916213;0,82209145;0,273916213;1;-0,695713026;0,622634316;-0,226985527;1;-0,060583612;1,238235371;-0,697081941;1;;;;;;;;;;;;;
973;-2,073165285;1,025973105;1,073165285;1;-0,284386224;0,644986446;-0,684015306;1;1,306869628;1,407419233;-7,534348141;1;;;;;;;;;;;;;
974;-0,967566128;0,470263089;-0,032433872;1;-0,319631717;0,423083854;-0,644853648;1;0,002159382;0,585767114;-1,010796911;1;;;;;;;;;;;;;
975;-3,65952949;1,62497747;2,65952949;1;-6,14378397;2,082312209;5,826426633;0;0,832256479;2,324630346;-5,161282397;1;;;;;;;;;;;;;
976;-0,90913814;0,515842357;-0,09086186;1;-1,086708938;0,66693468;0,207454376;1;-1,315011534;1,044399709;5,575057669;1;;;;;;;;;;;;;
977;-2,517814458;1,011529506;1,517814458;1;-1,016385439;0,908530377;0,129317154;1;0,968562603;1,273427105;-5,842813016;1;;;;;;;;;;;;;
978;-0,500515442;0,490974859;-0,499484558;1;-0,876666745;0,608639619;-0,025925839;1;-2,258137241;0,963603722;10,29068621;0;;;;;;;;;;;;;
979;-0,859553441;0,422830114;-0,140446559;1;-1,976359328;0,694814631;1,195954809;1;-1,727979759;0,889191241;7,639898793;1;;;;;;;;;;;;;
980;-2,09629663;1,223137856;1,09629663;1;-0,086593035;0,622826118;-0,903785516;1;1,599062131;1,233356843;-8,995310654;1;;;;;;;;;;;;;
981;-1,096041893;0,495605674;0,096041893;1;-1,762492175;0,739106207;0,958324639;1;0,19623399;0,746796774;-1,981169949;1;;;;;;;;;;;;;
982;-1,634624614;0,563090071;0,634624614;1;0,120460402;0,515695684;-1,133844891;0;-1,481587267;0,877618874;6,407936334;1;;;;;;;;;;;;;
983;-0,976591678;1,090517872;-0,023408322;1;-1,695657345;0,880093729;0,884063717;1;1,205588527;1,431287027;-7,027942634;1;;;;;;;;;;;;;
984;-1,058215364;0,670778905;0,058215364;1;-0,932033336;0,611310647;0,035592596;1;-0,51482585;1,050562611;1,574129249;1;;;;;;;;;;;;;
985;-0,164479716;0,427367267;-0,835520284;1;-1,111855862;0,511410276;0,235395402;1;-2,477568671;0,853482524;11,38784335;0;;;;;;;;;;;;;
986;-0,645478977;0,801426935;-0,354521023;1;-0,514169977;0,461009946;-0,428700026;1;-0,142168277;0,86214006;-0,289158613;1;;;;;;;;;;;;;
987;-2,176691491;0,768976351;1,176691491;1;-1,835330187;0,666118194;1,039255763;1;2,433502453;0,993822143;-13,16751226;0;;;;;;;;;;;;;
988;0,144993126;0,924459696;-1,144993126;1;-1,457208158;0,839590808;0,619120176;1;-4,58346542;1,824009862;21,9173271;0;;;;;;;;;;;;;
989;-1,700920488;0,890758311;0,700920488;1;-1,706535989;0,981692956;0,896151099;1;-0,747553832;1,415088904;2,737769158;1;;;;;;;;;;;;;
990;-1,255774223;0,841824798;0,255774223;1;-0,254642822;0,662102406;-0,717063531;1;-0,852542965;1,26013661;3,262714825;1;;;;;;;;;;;;;
991;-1,385973422;0,478930431;0,385973422;1;-1,50830966;0,619960913;0,675899623;1;0,89630699;0,651901669;-5,481534952;1;;;;;;;;;;;;;
992;-0,245277124;0,662480266;-0,754722876;1;-1,188806501;0,626326549;0,320896112;1;0,584101424;1,006698823;-3,92050712;1;;;;;;;;;;;;;
993;-1,366808669;0,849635279;0,366808669;1;-1,379304878;0,704020232;0,532560976;1;1,578224484;1,374074904;-8,891122418;1;;;;;;;;;;;;;
994;-2,196108165;0,708941264;1,196108165;1;-0,231308725;0,610387327;-0,742990306;1;-0,588736339;0,978144937;1,943681696;1;;;;;;;;;;;;;
995;-1,638936812;0,750987823;0,638936812;1;-0,521019937;0,660697765;-0,421088959;1;0,094662351;1,132438246;-1,473311753;1;;;;;;;;;;;;;
996;-0,693309658;0,619011982;-0,306690342;1;-1,162299983;0,640369377;0,291444426;1;-0,353943251;0,747837901;0,769716257;1;;;;;;;;;;;;;
997;-1,544991666;0,818148309;0,544991666;1;-0,943901037;0,757596879;0,04877893;1;0,027112269;1,199382758;-1,135561347;1;;;;;;;;;;;;;
998;-0,781155183;0,434469492;-0,218844817;1;-1,757085652;0,593881883;0,952317391;1;0,046166446;0,642364455;-1,230832231;1;;;;;;;;;;;;;
999;-1,123953718;0,391265493;0,123953718;1;-1,021634824;0,427294748;0,135149805;1;0,337520851;0,510636441;-2,687604257;1;;;;;;;;;;;;;
1000;-0,65784377;0,732201084;-0,34215623;1;-1,64759109;0,742864224;0,830656767;1;-0,829964832;1,011471217;3,149824159;1;;;;;;;;;;;;;
