;mean;se;bias;cp;mean;se;bias;cp;mean;se;bias;cp;;mean;sd;bias;cp;mean;sd;bias;cp;mean;sd;bias;cp
1;0,769510858;0,338263841;0,539021716;1;0,304005526;0,145990158;0,013351752;1;0,433048649;0,23978031;-0,133902703;1;;0,516316298;0,426478495;0,032632596;0,942;0,300266965;0,150300317;0,000889882;0,95;0,472304784;0,26697921;-0,055390433;0,948
2;1,238581055;0,378390804;1,477162111;1;0,237243021;0,160238453;-0,209189932;1;0,114356315;0,269079105;-0,771287371;1;;;;;;;;;;;;;
3;-0,090091843;0,587420947;-1,180183685;1;0,458097527;0,1712751;0,526991756;1;0,379715808;0,304562199;-0,240568384;1;;;;;;;;;;;;;
4;0,752711318;0,380129997;0,505422637;1;0,407827085;0,148860461;0,359423617;1;0,357626901;0,255646268;-0,284746197;1;;;;;;;;;;;;;
5;-0,059944546;0,588831698;-1,119889092;1;0,165684454;0,170839032;-0,447718487;1;0,926843295;0,314224786;0,853686591;1;;;;;;;;;;;;;
6;0,962530704;0,309851346;0,925061407;1;0,430411433;0,132983566;0,434704776;1;0,628371492;0,217223324;0,256742985;1;;;;;;;;;;;;;
7;-0,344112592;0,594600875;-1,688225184;1;0,345834063;0,171135928;0,152780211;1;1,030299427;0,310673973;1,060598854;1;;;;;;;;;;;;;
8;1,051288945;0,303019833;1,102577889;1;0,424600448;0,136768453;0,415334825;1;0,404424587;0,227770979;-0,191150827;1;;;;;;;;;;;;;
9;0,553905917;0,427869886;0,107811834;1;0,540409374;0,155864629;0,801364579;1;0,174785783;0,258799171;-0,650428433;1;;;;;;;;;;;;;
10;0,365012004;0,446812696;-0,269975991;1;0,411875957;0,160937002;0,372919855;1;0,490591926;0,273993321;-0,018816149;1;;;;;;;;;;;;;
11;0,463857739;0,381677484;-0,072284522;1;0,321301126;0,143720591;0,071003752;1;0,139787312;0,238562844;-0,720425375;1;;;;;;;;;;;;;
12;0,789177947;0,321075667;0,578355894;1;0,429328004;0,138101777;0,431093348;1;-0,055771331;0,235765864;-1,111542661;0;;;;;;;;;;;;;
13;0,694291981;0,2914078;0,388583961;1;0,356998952;0,13167213;0,189996508;1;0,360370002;0,219024792;-0,279259997;1;;;;;;;;;;;;;
14;0,321522292;0,481304346;-0,356955416;1;0,220289758;0,157875326;-0,265700806;1;0,675729821;0,276844216;0,351459642;1;;;;;;;;;;;;;
15;1,046370952;0,287306245;1,092741905;1;0,539420653;0,134677248;0,798068844;1;0,405837945;0,219915268;-0,18832411;1;;;;;;;;;;;;;
16;0,617817887;0,467451221;0,235635775;1;0,38332889;0,159116701;0,277762965;1;0,031113787;0,286100442;-0,937772427;1;;;;;;;;;;;;;
17;0,924095096;0,321545905;0,848190192;1;0,281959724;0,141330229;-0,060134253;1;0,355788611;0,235181897;-0,288422778;1;;;;;;;;;;;;;
18;-0,806785066;1,108942391;-2,613570131;1;0,364731113;0,189441543;0,215770376;1;0,96301718;0,334233237;0,92603436;1;;;;;;;;;;;;;
19;0,456495075;0,481956101;-0,087009851;1;0,249538329;0,163750858;-0,168205571;1;0,250880996;0,284867697;-0,498238008;1;;;;;;;;;;;;;
20;0,2419699;0,581282723;-0,516060199;1;0,176268706;0,169221096;-0,412437645;1;-0,030368486;0,294033041;-1,060736972;1;;;;;;;;;;;;;
21;1,075101645;0,328183132;1,150203291;1;0,170879362;0,143514067;-0,430402126;1;0,137213486;0,248588286;-0,725573028;1;;;;;;;;;;;;;
22;0,693086749;0,317243112;0,386173499;1;0,418411034;0,132567943;0,394703448;1;0,940719841;0,235669813;0,881439682;1;;;;;;;;;;;;;
23;0,518221006;0,46959285;0,036442013;1;0,354744484;0,16186548;0,182481612;1;0,518781975;0,287588564;0,03756395;1;;;;;;;;;;;;;
24;0,831653721;0,356321831;0,663307443;1;0,155726832;0,146353331;-0,480910559;1;0,42978055;0,246891762;-0,140438901;1;;;;;;;;;;;;;
25;0,923715522;0,328038987;0,847431045;1;0,512118921;0,142478539;0,707063069;1;0,143313992;0,238679019;-0,713372016;1;;;;;;;;;;;;;
26;0,348585291;0,36856499;-0,302829417;1;0,491268587;0,149852403;0,637561955;1;0,932825535;0,2518887;0,865651071;1;;;;;;;;;;;;;
27;1,107854895;0,308600428;1,21570979;0;0,286021433;0,137782524;-0,046595222;1;0,397756218;0,235933203;-0,204487564;1;;;;;;;;;;;;;
28;0,713004747;0,447455049;0,426009494;1;0,305552114;0,155242597;0,018507048;1;0,228844055;0,275115562;-0,54231189;1;;;;;;;;;;;;;
29;0,829592716;0,395575152;0,659185433;1;0,186010964;0,157736994;-0,379963453;1;0,245396011;0,270226301;-0,509207979;1;;;;;;;;;;;;;
30;0,557488846;0,356035578;0,114977693;1;0,291109772;0,149232502;-0,029634093;1;0,878453581;0,264715491;0,756907162;1;;;;;;;;;;;;;
31;0,284739821;0,40653331;-0,430520359;1;0,335511559;0,150070985;0,118371865;1;0,579716115;0,254767762;0,159432229;1;;;;;;;;;;;;;
32;0,923295231;0,270482253;0,846590461;1;0,349317333;0,133072623;0,164391108;1;0,523301644;0,224336972;0,046603288;1;;;;;;;;;;;;;
33;0,796180471;0,342618577;0,592360941;1;0,201554925;0,145018997;-0,32815025;1;0,382809133;0,251738357;-0,234381733;1;;;;;;;;;;;;;
34;0,327439716;0,460230576;-0,345120567;1;0,314441437;0,159178549;0,048138124;1;0,260565892;0,276803729;-0,478868217;1;;;;;;;;;;;;;
35;0,820104871;0,296065363;0,640209742;1;0,247413604;0,13571589;-0,175287985;1;0,694356389;0,225302479;0,388712777;1;;;;;;;;;;;;;
36;0,692861544;0,31289462;0,385723088;1;0,100904633;0,13708591;-0,663651224;1;0,717792286;0,231861859;0,435584572;1;;;;;;;;;;;;;
37;0,962992769;0,299560735;0,925985539;1;0,465250551;0,134689171;0,55083517;1;-0,017842462;0,230022014;-1,035684924;0;;;;;;;;;;;;;
38;0,163024481;0,472266027;-0,673951037;1;0,081963017;0,160706971;-0,726789944;1;1,342443644;0,291940193;1,684887289;0;;;;;;;;;;;;;
39;0,586949213;0,427272997;0,173898426;1;0,096089409;0,157667232;-0,679701972;1;0,531199863;0,27073614;0,062399726;1;;;;;;;;;;;;;
40;0,371042499;0,447564894;-0,257915002;1;0,32667783;0,166206728;0,088926098;1;0,425619158;0,282345434;-0,148761684;1;;;;;;;;;;;;;
41;0,656401441;0,39938251;0,312802881;1;0,214223819;0,155533653;-0,285920605;1;0,774988968;0,27157802;0,549977935;1;;;;;;;;;;;;;
42;-0,651127445;0,895601085;-2,30225489;1;0,437920207;0,197757804;0,459734022;1;1,00644597;0,338011438;1,01289194;1;;;;;;;;;;;;;
43;0,63156261;0,390107893;0,26312522;1;0,457427404;0,155192654;0,524758014;1;0,458290611;0,245828798;-0,083418778;1;;;;;;;;;;;;;
44;-0,016139386;0,518444429;-1,032278772;1;0,302786968;0,163175446;0,009289895;1;0,941868057;0,292095963;0,883736114;1;;;;;;;;;;;;;
45;0,640808003;0,37758835;0,281616006;1;0,159724635;0,15239777;-0,467584548;1;0,133287574;0,257475109;-0,733424852;1;;;;;;;;;;;;;
46;0,43280494;0,487797211;-0,13439012;1;0,286965993;0,168073172;-0,043446689;1;0,537841372;0,284214754;0,075682744;1;;;;;;;;;;;;;
47;0,487063635;0,412280903;-0,02587273;1;0,31516135;0,154840691;0,050537834;1;0,448282519;0,267943291;-0,103434963;1;;;;;;;;;;;;;
48;0,947210289;0,308919923;0,894420578;1;0,196802446;0,143196632;-0,343991846;1;0,277189931;0,225906603;-0,445620139;1;;;;;;;;;;;;;
49;0,884251459;0,353471137;0,768502917;1;0,407837419;0,147380884;0,359458063;1;0,13575621;0,233783549;-0,72848758;1;;;;;;;;;;;;;
50;0,828876277;0,302372878;0,657752553;1;0,386718858;0,134155468;0,28906286;1;0,416133822;0,226010032;-0,167732357;1;;;;;;;;;;;;;
51;-0,009499183;0,572136079;-1,018998366;1;0,243514502;0,165499156;-0,188284993;1;0,363026191;0,274302619;-0,273947619;1;;;;;;;;;;;;;
52;0,723551824;0,359972408;0,447103647;1;0,121270046;0,152402503;-0,595766513;1;-0,072286421;0,248469279;-1,144572843;0;;;;;;;;;;;;;
53;0,921915136;0,357720545;0,843830272;1;0,228810572;0,153016704;-0,237298092;1;0,004772439;0,250949591;-0,990455121;0;;;;;;;;;;;;;
54;0,721084914;0,334056944;0,442169828;1;0,155566999;0,140397385;-0,481443337;1;0,716378463;0,240577738;0,432756926;1;;;;;;;;;;;;;
55;0,661760061;0,345436024;0,323520122;1;0,164221815;0,143436639;-0,452593951;1;0,628009533;0,252472809;0,256019067;1;;;;;;;;;;;;;
56;0,723536982;0,410436787;0,447073964;1;0,30519002;0,151045489;0,017300068;1;0,209940772;0,258467369;-0,580118456;1;;;;;;;;;;;;;
57;0,494658662;0,3955779;-0,010682677;1;0,437329138;0,14895461;0,457763792;1;0,340166379;0,243802186;-0,319667243;1;;;;;;;;;;;;;
58;0,318270005;0,454090009;-0,36345999;1;0,427102146;0,156688601;0,423673819;1;0,560759173;0,268262322;0,121518346;1;;;;;;;;;;;;;
59;0,874420475;0,33132138;0,748840951;1;0,547528196;0,139895814;0,825093986;1;0,397687633;0,227798228;-0,204624733;1;;;;;;;;;;;;;
60;1,392939944;0,274505196;1,785879887;0;0,300723564;0,129524958;0,002411879;1;0,225903916;0,221077269;-0,548192168;1;;;;;;;;;;;;;
61;0,398090238;0,432535936;-0,203819524;1;0,275457261;0,156621897;-0,081809129;1;0,488442741;0,274707991;-0,023114517;1;;;;;;;;;;;;;
62;0,400776152;0,441121851;-0,198447695;1;0,487565665;0,150517099;0,625218882;1;0,595704052;0,256042983;0,191408104;1;;;;;;;;;;;;;
63;0,71475245;0,358168011;0,4295049;1;0,398684712;0,145033425;0,32894904;1;0,211792127;0,248409534;-0,576415747;1;;;;;;;;;;;;;
64;1,176536985;0,314042128;1,35307397;0;0,217686471;0,14197162;-0,274378429;1;0,652027831;0,249761659;0,304055662;1;;;;;;;;;;;;;
65;0,466836711;0,391951258;-0,066326579;1;0,194232687;0,152847425;-0,352557711;1;0,343397911;0,261055863;-0,313204178;1;;;;;;;;;;;;;
66;0,504760054;0,424839368;0,009520109;1;0,204443644;0,161545872;-0,318521187;1;0,605613143;0,268347521;0,211226286;1;;;;;;;;;;;;;
67;0,395537567;0,426758701;-0,208924865;1;0,63269708;0,151405881;1,108990267;0;0,995851638;0,252117636;0,991703275;0;;;;;;;;;;;;;
68;0,921105603;0,295785426;0,842211207;1;0,395148878;0,127031979;0,317162926;1;0,662844916;0,231469648;0,325689833;1;;;;;;;;;;;;;
69;0,200746784;0,483085083;-0,598506431;1;0,342813403;0,162502206;0,142711343;1;0,658246071;0,277685938;0,316492142;1;;;;;;;;;;;;;
70;0,606495895;0,405885132;0,21299179;1;0,474262771;0,148726998;0,580875903;1;0,481105681;0,246786918;-0,037788639;1;;;;;;;;;;;;;
71;-0,05602666;0,710763307;-1,112053319;1;0,248803656;0,176305338;-0,170654479;1;0,282408381;0,288141825;-0,435183239;1;;;;;;;;;;;;;
72;1,275626201;0,289488266;1,551252403;0;0,189188716;0,137615702;-0,369370946;1;0,265311828;0,239376181;-0,469376345;1;;;;;;;;;;;;;
73;0,882147433;0,324942508;0,764294866;1;0,106797652;0,138643782;-0,644007826;1;0,563716792;0,240022449;0,127433583;1;;;;;;;;;;;;;
74;0,175000459;0,486043087;-0,649999082;1;0,448925048;0,164409891;0,496416828;1;0,592687679;0,275649168;0,185375357;1;;;;;;;;;;;;;
75;0,762993729;0,326646082;0,525987459;1;0,157442528;0,146548487;-0,475191575;1;0,337647683;0,252111723;-0,324704635;1;;;;;;;;;;;;;
76;0,300233793;0,460989364;-0,399532414;1;0,193573338;0,162242227;-0,35475554;1;0,734304131;0,277703803;0,468608262;1;;;;;;;;;;;;;
77;0,771942484;0,343468102;0,543884967;1;0,480936971;0,141066059;0,603123236;1;0,578613176;0,249478082;0,157226352;1;;;;;;;;;;;;;
78;1,260575091;0,258279534;1,521150181;0;0,398485404;0,132020736;0,328284681;1;0,130111432;0,209096018;-0,739777135;1;;;;;;;;;;;;;
79;0,93336577;0,309779379;0,86673154;1;0,329178496;0,140293838;0,097261654;1;0,147149195;0,240403263;-0,70570161;1;;;;;;;;;;;;;
80;0,492286684;0,403822634;-0,015426632;1;0,435007226;0,15143659;0,450024088;1;0,543971798;0,26094012;0,087943596;1;;;;;;;;;;;;;
81;0,492445929;0,360162476;-0,015108142;1;0,269699176;0,143412294;-0,101002747;1;0,845469289;0,251804408;0,690938577;1;;;;;;;;;;;;;
82;0,025819479;0,526941702;-0,948361041;1;0,441161958;0,162822003;0,470539859;1;0,746540133;0,277992871;0,493080267;1;;;;;;;;;;;;;
83;0,877807126;0,360620104;0,755614253;1;0,520589575;0,146713274;0,735298583;1;-0,312959965;0,244308967;-1,62591993;0;;;;;;;;;;;;;
84;0,332474558;0,418739422;-0,335050884;1;0,420855909;0,156039404;0,402853031;1;0,636246088;0,27777242;0,272492175;1;;;;;;;;;;;;;
85;1,331818979;0,292818494;1,663637959;0;0,31420198;0,133994877;0,047339933;1;0,075579135;0,224757175;-0,848841729;1;;;;;;;;;;;;;
86;1,218900919;0,24929124;1,437801837;0;0,277583178;0,128252429;-0,074722739;1;0,475706121;0,211693973;-0,048587759;1;;;;;;;;;;;;;
87;0,270135238;0,400013249;-0,459729524;1;0,262362223;0,151698109;-0,125459255;1;0,85271088;0,263080199;0,705421759;1;;;;;;;;;;;;;
88;0,607693424;0,357974684;0,215386848;1;0,17399702;0,148968226;-0,420009935;1;0,558656665;0,252662938;0,11731333;1;;;;;;;;;;;;;
89;0,074050776;0,488525612;-0,851898449;1;0,437488806;0,160792773;0,458296019;1;0,576367686;0,278826472;0,152735372;1;;;;;;;;;;;;;
90;0,288427852;0,405939703;-0,423144296;1;0,247283042;0,148861586;-0,175723195;1;0,578191414;0,248829595;0,156382828;1;;;;;;;;;;;;;
91;0,432339428;0,372364692;-0,135321144;1;0,175953342;0,149896588;-0,413488859;1;0,699255926;0,25076287;0,398511852;1;;;;;;;;;;;;;
92;0,452015136;0,471588069;-0,095969729;1;0,424622392;0,159970983;0,415407974;1;0,491459474;0,287393417;-0,017081053;1;;;;;;;;;;;;;
93;0,567774244;0,334127425;0,135548488;1;0,038959426;0,139787572;-0,870135246;1;0,885648623;0,240877384;0,771297245;1;;;;;;;;;;;;;
94;0,697556324;0,398528342;0,395112649;1;0,222821279;0,154711985;-0,257262405;1;0,589062961;0,271513214;0,178125922;1;;;;;;;;;;;;;
95;0,491707393;0,383883749;-0,016585214;1;0,38856855;0,150550873;0,295228501;1;0,443051687;0,252767646;-0,113896626;1;;;;;;;;;;;;;
96;0,753479076;0,428233916;0,506958153;1;0,246838952;0,160540586;-0,177203494;1;-0,144544052;0,271744093;-1,289088103;0;;;;;;;;;;;;;
97;1,111592223;0,332586742;1,223184446;1;0,213496195;0,141752725;-0,288346018;1;0,295579526;0,235717168;-0,408840949;1;;;;;;;;;;;;;
98;-0,027404071;0,585556834;-1,054808142;1;0,168884318;0,171763948;-0,437052272;1;0,52733303;0,293275553;0,05466606;1;;;;;;;;;;;;;
99;0,250588217;0,479311892;-0,498823566;1;0,412618766;0,160685502;0,375395886;1;0,693654751;0,274860925;0,387309501;1;;;;;;;;;;;;;
100;0,423463767;0,381592685;-0,153072466;1;0,207050856;0,145291618;-0,309830478;1;0,844333728;0,263156187;0,688667456;1;;;;;;;;;;;;;
101;0,581986104;0,442316549;0,163972207;1;0,101390337;0,156453654;-0,66203221;1;0,268484242;0,269406334;-0,463031516;1;;;;;;;;;;;;;
102;0,275076509;0,505241857;-0,449846981;1;0,542514688;0,160692439;0,808382295;1;0,314836902;0,273523178;-0,370326196;1;;;;;;;;;;;;;
103;-0,435514379;1,009507644;-1,871028758;1;0,222047156;0,182492925;-0,259842812;1;0,480990666;0,314259723;-0,038018667;1;;;;;;;;;;;;;
104;0,081690048;0,462450986;-0,836619903;1;0,27209555;0,158937914;-0,093014833;1;0,761880954;0,269431537;0,523761908;1;;;;;;;;;;;;;
105;0,548916764;0,382412054;0,097833527;1;0,261323268;0,147433401;-0,128922441;1;0,50772256;0,244830432;0,015445119;1;;;;;;;;;;;;;
106;0,696519831;0,320129005;0,393039661;1;0,249079004;0,136445845;-0,169736653;1;0,761503023;0,242386209;0,523006047;1;;;;;;;;;;;;;
107;0,42310014;0,409666785;-0,15379972;1;0,476582295;0,149491869;0,588607652;1;0,43476385;0,264098654;-0,130472301;1;;;;;;;;;;;;;
108;-0,375533031;0,628518941;-1,751066061;1;0,170756095;0,173444071;-0,430813015;1;0,650748598;0,295849591;0,301497197;1;;;;;;;;;;;;;
109;0,675795787;0,362274928;0,351591575;1;0,285147336;0,150364428;-0,04950888;1;0,29813029;0,253053607;-0,40373942;1;;;;;;;;;;;;;
110;0,713652863;0,358431297;0,427305725;1;0,332918752;0,150243509;0,109729173;1;0,471776937;0,24305917;-0,056446125;1;;;;;;;;;;;;;
111;0,411605002;0,375674123;-0,176789995;1;0,293486822;0,147839155;-0,021710594;1;0,599639816;0,249609954;0,199279633;1;;;;;;;;;;;;;
112;1,0310448;0,283385438;1,062089601;1;0,516142707;0,129069743;0,720475692;1;0,496547549;0,221043653;-0,006904902;1;;;;;;;;;;;;;
113;0,71837562;0,305984779;0,436751239;1;0,318202886;0,139506764;0,060676288;1;0,857154971;0,238774076;0,714309942;1;;;;;;;;;;;;;
114;1,030594889;0,317108389;1,061189778;1;0,025361101;0,147730017;-0,915462998;1;0,261618607;0,249563255;-0,476762786;1;;;;;;;;;;;;;
115;0,26394591;0,522889788;-0,472108181;1;0,450189505;0,167468093;0,500631684;1;0,308594207;0,281843341;-0,382811586;1;;;;;;;;;;;;;
116;0,883802929;0,303730902;0,767605857;1;0,286615084;0,142843586;-0,044616386;1;0,507893204;0,234155067;0,015786408;1;;;;;;;;;;;;;
117;0,89767878;0,364040569;0,79535756;1;0,290085101;0,152509597;-0,033049663;1;0,029511729;0,255294532;-0,940976542;1;;;;;;;;;;;;;
118;0,476225704;0,417728775;-0,047548592;1;0,392294136;0,152321911;0,307647119;1;0,286530469;0,245870589;-0,426939062;1;;;;;;;;;;;;;
119;0,895887184;0,371790604;0,791774367;1;0,287908928;0,14965616;-0,040303572;1;0,102582051;0,253960348;-0,794835898;1;;;;;;;;;;;;;
120;0,646111139;0,33911593;0,292222278;1;0,332365482;0,141457518;0,107884939;1;0,634978925;0,235897518;0,26995785;1;;;;;;;;;;;;;
121;0,114367228;0,458693669;-0,771265545;1;0,026956236;0,164286771;-0,910145879;1;1,028119057;0,274918031;1,056238114;1;;;;;;;;;;;;;
122;0,421751645;0,399616889;-0,156496711;1;0,364277132;0,151480737;0,214257106;1;0,376606642;0,251250435;-0,246786717;1;;;;;;;;;;;;;
123;0,517582849;0,393244368;0,035165697;1;0,344159225;0,151443975;0,147197416;1;0,356257232;0,267366325;-0,287485535;1;;;;;;;;;;;;;
124;0,517045516;0,392114525;0,034091032;1;0,28057933;0,152441853;-0,064735566;1;0,576819827;0,259010368;0,153639654;1;;;;;;;;;;;;;
125;-0,049032542;0,594944112;-1,098065085;1;-0,028673212;0,173097367;-1,095577374;1;0,459700054;0,299186466;-0,080599891;1;;;;;;;;;;;;;
126;1,151293708;0,286539085;1,302587416;0;0,298232992;0,132112028;-0,005890026;1;0,485147951;0,21262725;-0,029704097;1;;;;;;;;;;;;;
127;-0,208752265;0,503767661;-1,417504529;1;0,538352833;0,161931082;0,794509444;1;0,955844897;0,273504954;0,911689793;1;;;;;;;;;;;;;
128;0,967022485;0,300831683;0,934044969;1;0,3763344;0,131722513;0,254448001;1;0,39503627;0,226377487;-0,20992746;1;;;;;;;;;;;;;
129;-0,616107867;0,760159905;-2,232215735;1;0,243267801;0,181472422;-0,189107331;1;1,13752953;0,334915985;1,275059059;1;;;;;;;;;;;;;
130;0,365193161;0,413219924;-0,269613678;1;0,403411898;0,151912624;0,344706326;1;0,679913819;0,258291529;0,359827637;1;;;;;;;;;;;;;
131;0,29464506;0,469933316;-0,410709881;1;0,353364969;0,161084914;0,177883229;1;0,418218814;0,278272918;-0,163562371;1;;;;;;;;;;;;;
132;0,603907904;0,369861575;0,207815809;1;0,332939435;0,151640352;0,109798117;1;0,628956464;0,255159223;0,257912928;1;;;;;;;;;;;;;
133;0,911573479;0,287135473;0,823146958;1;0,319424345;0,131698816;0,064747816;1;0,485353535;0,215951752;-0,029292931;1;;;;;;;;;;;;;
134;0,266216107;0,423644121;-0,467567787;1;0,21225679;0,156505107;-0,292477367;1;0,617273951;0,272929364;0,234547902;1;;;;;;;;;;;;;
135;0,628350724;0,367839096;0,256701447;1;0,12701809;0,15005868;-0,576606365;1;0,845601586;0,259861499;0,691203172;1;;;;;;;;;;;;;
136;0,40924648;0,400775742;-0,181507039;1;0,258007819;0,153339412;-0,139973936;1;0,867236841;0,269694408;0,734473682;1;;;;;;;;;;;;;
137;0,425600791;0,359723769;-0,148798418;1;0,166931537;0,143969471;-0,443561545;1;0,796918567;0,246379129;0,593837133;1;;;;;;;;;;;;;
138;-0,501222405;1,069882027;-2,002444811;1;0,22011382;0,182152756;-0,266287267;1;-0,086011009;0,318446351;-1,172022018;1;;;;;;;;;;;;;
139;0,845924143;0,279559285;0,691848286;1;0,335641179;0,123917594;0,11880393;1;0,643553736;0,218039121;0,287107471;1;;;;;;;;;;;;;
140;1,17765519;0,316792431;1,355310381;0;0,228445696;0,142899993;-0,238514347;1;0,139002209;0,241022723;-0,721995581;1;;;;;;;;;;;;;
141;0,517079355;0,402685736;0,03415871;1;0,289017234;0,162431707;-0,03660922;1;0,128654757;0,249048984;-0,742690487;1;;;;;;;;;;;;;
142;0,787353074;0,331212631;0,574706148;1;0,209947035;0,142830898;-0,30017655;1;0,416084353;0,247104969;-0,167831295;1;;;;;;;;;;;;;
143;0,698475691;0,332694629;0,396951382;1;0,185572606;0,142383692;-0,381424645;1;0,453584385;0,24022716;-0,09283123;1;;;;;;;;;;;;;
144;-0,026631565;0,510726757;-1,05326313;1;0,540757956;0,161534187;0,802526521;1;0,713417376;0,279628475;0,426834752;1;;;;;;;;;;;;;
145;0,321847158;0,431415022;-0,356305684;1;0,316704901;0,156066802;0,055683003;1;0,65115838;0,266479701;0,30231676;1;;;;;;;;;;;;;
146;0,473304789;0,430588661;-0,053390423;1;0,443461261;0,155887313;0,478204205;1;0,903070984;0,271020973;0,806141968;1;;;;;;;;;;;;;
147;0,867845988;0,323541916;0,735691975;1;0,355330469;0,137630295;0,184434897;1;0,310296853;0,232321993;-0,379406294;1;;;;;;;;;;;;;
148;0,691641101;0,343960751;0,383282203;1;0,521634667;0,14606241;0,738782224;1;0,122638506;0,245718549;-0,754722989;1;;;;;;;;;;;;;
149;0,482716963;0,369951281;-0,034566074;1;0,499337897;0,144687664;0,664459655;1;0,297083129;0,251339404;-0,405833741;1;;;;;;;;;;;;;
150;0,767855373;0,407956673;0,535710746;1;0,273581998;0,155793142;-0,088060005;1;0,079813559;0,255960963;-0,840372882;1;;;;;;;;;;;;;
151;1,041991653;0,343809752;1,083983307;1;0,199957604;0,1419089;-0,333474653;1;0,430482377;0,264082778;-0,139035246;1;;;;;;;;;;;;;
152;0,816466218;0,34129577;0,632932435;1;0,321602314;0,144348108;0,072007712;1;0,243422456;0,23146311;-0,513155088;1;;;;;;;;;;;;;
153;1,126805683;0,325455132;1,253611366;1;0,313205591;0,144871641;0,044018636;1;0,335983458;0,243274019;-0,328033083;1;;;;;;;;;;;;;
154;0,649985674;0,377452294;0,299971349;1;0,309771045;0,147117507;0,032570151;1;0,501396954;0,24792674;0,002793909;1;;;;;;;;;;;;;
155;0,489239447;0,358480728;-0,021521106;1;0,534152663;0,145040526;0,780508876;1;0,403217741;0,233489258;-0,193564519;1;;;;;;;;;;;;;
156;0,831587172;0,305324588;0,663174344;1;0,247482549;0,137916328;-0,175058171;1;0,488348895;0,226978634;-0,023302209;1;;;;;;;;;;;;;
157;0,344524246;0,340042423;-0,310951508;1;0,318246628;0,142655729;0,060822094;1;0,731895455;0,240655895;0,46379091;1;;;;;;;;;;;;;
158;0,624723745;0,392823088;0,249447491;1;0,327484928;0,153066274;0,091616427;1;0,396330902;0,25121594;-0,207338196;1;;;;;;;;;;;;;
159;0,706250183;0,390005587;0,412500367;1;0,573266675;0,152648995;0,910888917;1;0,238509023;0,251158063;-0,522981954;1;;;;;;;;;;;;;
160;-1,973678296;2,75236039;-4,947356592;1;0,73717878;0,202308137;1,457262602;0;0,484180158;0,329858998;-0,031639684;1;;;;;;;;;;;;;
161;0,056054896;0,5759022;-0,887890209;1;0,076164701;0,171646181;-0,746117664;1;0,58160575;0,311783741;0,1632115;1;;;;;;;;;;;;;
162;0,789424298;0,363929663;0,578848597;1;0,261842581;0,146648622;-0,127191396;1;0,272770629;0,243509403;-0,454458742;1;;;;;;;;;;;;;
163;0,373032494;0,450500284;-0,253935011;1;0,071372805;0,160756986;-0,762090651;1;0,454686605;0,279196228;-0,09062679;1;;;;;;;;;;;;;
164;0,193014683;0,547568486;-0,613970634;1;-0,034271949;0,181402495;-1,114239831;1;0,429559874;0,298432085;-0,140880251;1;;;;;;;;;;;;;
165;0,254333355;0,392069894;-0,491333289;1;0,323352011;0,148437026;0,077840037;1;0,753899092;0,259284903;0,507798183;1;;;;;;;;;;;;;
166;0,585641201;0,351816352;0,171282402;1;0,25767276;0,149070029;-0,141090801;1;0,248884919;0,24745713;-0,502230162;1;;;;;;;;;;;;;
167;0,451390198;0,369885118;-0,097219605;1;0,058803605;0,148434433;-0,803987982;1;0,697464589;0,247955762;0,394929177;1;;;;;;;;;;;;;
168;0,571229932;0,377480742;0,142459865;1;0,28247408;0,146883577;-0,058419735;1;0,668934721;0,252308755;0,337869442;1;;;;;;;;;;;;;
169;0,700075706;0,359112234;0,400151413;1;0,259029955;0,141804469;-0,136566816;1;0,672414144;0,268030767;0,344828287;1;;;;;;;;;;;;;
170;-0,03521619;0,465002605;-1,07043238;1;0,323324621;0,157918835;0,077748737;1;0,822213765;0,277993876;0,644427531;1;;;;;;;;;;;;;
171;1,171368732;0,299620598;1,342737464;0;0,402565679;0,139645733;0,341885596;1;0,079791876;0,229163039;-0,840416248;1;;;;;;;;;;;;;
172;0,268615685;0,438222584;-0,462768631;1;-0,071412803;0,157514484;-1,238042677;0;0,970818015;0,274326638;0,94163603;1;;;;;;;;;;;;;
173;1,070108519;0,311742524;1,140217038;1;0,078608182;0,138205408;-0,737972727;1;0,228199477;0,235768636;-0,543601046;1;;;;;;;;;;;;;
174;0,127203955;0,45956789;-0,745592091;1;0,526897334;0,16030866;0,756324445;1;0,558104175;0,273310715;0,11620835;1;;;;;;;;;;;;;
175;0,343541066;0,44910296;-0,312917868;1;0,292898899;0,160531146;-0,023670336;1;0,465251466;0,282919055;-0,069497068;1;;;;;;;;;;;;;
176;0,014995466;0,456304792;-0,970009067;1;0,482291736;0,154401878;0,607639121;1;0,91323392;0,277462589;0,82646784;1;;;;;;;;;;;;;
177;0,482558452;0,341097811;-0,034883096;1;0,264331475;0,143523525;-0,118895082;1;0,728841072;0,247473952;0,457682144;1;;;;;;;;;;;;;
178;0,59136319;0,362821816;0,182726381;1;0,412624245;0,146215685;0,37541415;1;0,518639644;0,264639084;0,037279288;1;;;;;;;;;;;;;
179;0,798089543;0,355346956;0,596179087;1;0,312257362;0,14630244;0,040857873;1;0,337295997;0,260320132;-0,325408006;1;;;;;;;;;;;;;
180;0,493236727;0,314285128;-0,013526547;1;0,46233617;0,135699494;0,541120565;1;0,580162821;0,226668755;0,160325643;1;;;;;;;;;;;;;
181;0,937547716;0,282444022;0,875095433;1;0,421342494;0,129617055;0,404474981;1;0,467434921;0,213202853;-0,065130157;1;;;;;;;;;;;;;
182;0,14712845;0,45560741;-0,7057431;1;0,179486651;0,156329321;-0,401711162;1;0,716099109;0,274816276;0,432198217;1;;;;;;;;;;;;;
183;0,677008602;0,350627793;0,354017204;1;0,019234423;0,155971423;-0,935885258;1;0,400143675;0,253644134;-0,199712651;1;;;;;;;;;;;;;
184;0,959078995;0,343860531;0,91815799;1;0,117218592;0,145269303;-0,60927136;1;0,118449375;0,248599315;-0,763101251;1;;;;;;;;;;;;;
185;0,217968642;0,600602334;-0,564062716;1;0,360695842;0,175018358;0,202319473;1;0,310692572;0,294601718;-0,378614855;1;;;;;;;;;;;;;
186;0,260017206;0,572075122;-0,479965587;1;0,255322345;0,175412635;-0,148925517;1;0,013535226;0,310320864;-0,972929548;1;;;;;;;;;;;;;
187;-0,040583659;0,621065563;-1,081167319;1;0,263642136;0,171465279;-0,121192881;1;0,538456977;0,304004118;0,076913953;1;;;;;;;;;;;;;
188;0,176239394;0,556674829;-0,647521213;1;0,341941302;0,169367195;0,139804342;1;0,505743386;0,291991852;0,011486773;1;;;;;;;;;;;;;
189;0,952467307;0,315766358;0,904934613;1;0,174816055;0,140422896;-0,417279816;1;0,349428765;0,240387911;-0,30114247;1;;;;;;;;;;;;;
190;0,43334234;0,367983689;-0,13331532;1;0,428670803;0,148020507;0,428902676;1;0,328729066;0,246196499;-0,342541869;1;;;;;;;;;;;;;
191;1,276682855;0,281809549;1,553365711;0;0,15902413;0,132487124;-0,469919568;1;0,172755569;0,223085557;-0,654488862;1;;;;;;;;;;;;;
192;1,136711683;0,257703895;1,273423365;0;0,53102919;0,131849928;0,770097301;1;0,125118261;0,208821189;-0,749763479;1;;;;;;;;;;;;;
193;1,272299605;0,315307671;1,54459921;0;0,413268643;0,142644985;0,377562142;1;-0,116786031;0,232089002;-1,233572062;0;;;;;;;;;;;;;
194;-0,100135847;0,558125965;-1,200271695;1;0,301524994;0,163930369;0,005083313;1;0,456105202;0,281579554;-0,087789595;1;;;;;;;;;;;;;
195;1,123957128;0,301164936;1,247914256;0;0,247746843;0,134601975;-0,174177189;1;0,312678784;0,231668839;-0,374642432;1;;;;;;;;;;;;;
196;0,670877186;0,337420091;0,341754373;1;0,452423189;0,143273316;0,508077296;1;0,492665609;0,246218592;-0,014668783;1;;;;;;;;;;;;;
197;0,444772003;0,370534979;-0,110455993;1;0,266053239;0,151019121;-0,113155871;1;0,410979484;0,252782341;-0,178041032;1;;;;;;;;;;;;;
198;0,999186406;0,326688091;0,998372812;1;0,333790366;0,13969313;0,112634552;1;0,438699889;0,236536791;-0,122600221;1;;;;;;;;;;;;;
199;1,18191154;0,292512287;1,363823081;0;0,415826268;0,133515913;0,38608756;1;0,236105966;0,216296649;-0,527788067;1;;;;;;;;;;;;;
200;0,573435926;0,343105323;0,146871852;1;0,018308896;0,146554478;-0,938970348;1;0,703452084;0,250860211;0,406904169;1;;;;;;;;;;;;;
201;0,891484084;0,31379372;0,782968168;1;0,414597964;0,139080634;0,381993212;1;0,502999702;0,221048333;0,005999404;1;;;;;;;;;;;;;
202;0,469283309;0,352010214;-0,061433382;1;0,272764243;0,140409117;-0,090785856;1;0,87896875;0,255206037;0,757937499;1;;;;;;;;;;;;;
203;-0,243499761;1,242368829;-1,486999521;1;0,118728118;0,18959716;-0,604239606;1;0,049457082;0,329758838;-0,901085836;1;;;;;;;;;;;;;
204;-0,223313235;0,777766314;-1,44662647;1;0,245657024;0,176933998;-0,181143254;1;0,591418083;0,307270478;0,182836166;1;;;;;;;;;;;;;
205;0,621282862;0,339308464;0,242565724;1;0,398522049;0,143496446;0,328406828;1;0,173271068;0,240379215;-0,653457864;1;;;;;;;;;;;;;
206;0,94932292;0,293129671;0,89864584;1;0,363562667;0,133873728;0,211875558;1;0,277761672;0,224096234;-0,444476656;1;;;;;;;;;;;;;
207;0,858626703;0,371311562;0,717253406;1;0,208373717;0,144890257;-0,305420944;1;0,263646082;0,244426539;-0,472707836;1;;;;;;;;;;;;;
208;0,593914202;0,346908867;0,187828405;1;0,356546693;0,140951964;0,188488975;1;0,785703942;0,242098013;0,571407884;1;;;;;;;;;;;;;
209;0,533609882;0,329767416;0,067219764;1;0,260790652;0,144993473;-0,130697826;1;0,725000229;0,243491308;0,450000458;1;;;;;;;;;;;;;
210;0,860870254;0,363584839;0,721740507;1;0,250570057;0,146795323;-0,164766477;1;0,171898695;0,251313644;-0,656202609;1;;;;;;;;;;;;;
211;0,53586769;0,386284899;0,071735379;1;0,661821687;0,148581365;1,206072289;0;0,308256252;0,264612305;-0,383487496;1;;;;;;;;;;;;;
212;0,184345517;0,424284682;-0,631308966;1;0,014603569;0,156136737;-0,951321438;1;0,812286237;0,270143597;0,624572474;1;;;;;;;;;;;;;
213;1,166033259;0,349644352;1,332066517;1;0,356239608;0,147141374;0,187465359;1;0,200629578;0,241633313;-0,598740844;1;;;;;;;;;;;;;
214;0,739363614;0,346006862;0,478727228;1;0,295398319;0,142675785;-0,015338937;1;0,526840572;0,25111754;0,053681144;1;;;;;;;;;;;;;
215;0,801864889;0,345361457;0,603729779;1;0,416407327;0,148566147;0,388024424;1;0,216741693;0,235498248;-0,566516613;1;;;;;;;;;;;;;
216;0,576111308;0,380846387;0,152222615;1;0,270992603;0,14836447;-0,096691324;1;0,623479908;0,253551375;0,246959817;1;;;;;;;;;;;;;
217;1,062140173;0,264742261;1,124280346;0;0,405601863;0,12486224;0,352006209;1;0,64794595;0,214373787;0,295891901;1;;;;;;;;;;;;;
218;-0,516835303;0,782798717;-2,033670606;1;0,294363802;0,173081611;-0,018787327;1;0,907638835;0,316085741;0,81527767;1;;;;;;;;;;;;;
219;0,853534128;0,315512756;0,707068257;1;0,439806845;0,135269355;0,466022817;1;0,579635506;0,238831446;0,159271012;1;;;;;;;;;;;;;
220;0,527653674;0,385764914;0,055307347;1;0,296199829;0,151194183;-0,012667235;1;0,48384189;0,245979096;-0,032316221;1;;;;;;;;;;;;;
221;1,209339503;0,278828783;1,418679006;0;0,38928344;0,133370808;0,297611465;1;0,030841509;0,227517759;-0,938316982;0;;;;;;;;;;;;;
222;0,30957554;0,490991483;-0,38084892;1;0,089513117;0,162262824;-0,701622944;1;0,537927257;0,279713019;0,075854513;1;;;;;;;;;;;;;
223;0,820903353;0,368549658;0,641806707;1;0,235047942;0,151643688;-0,216506862;1;-0,149870367;0,267414489;-1,299740733;0;;;;;;;;;;;;;
224;0,650650044;0,389264998;0,301300089;1;0,300764093;0,154441508;0,002546978;1;0,528330157;0,267955775;0,056660314;1;;;;;;;;;;;;;
225;0,4277095;0,426566476;-0,144580999;1;0,316408068;0,158126269;0,054693561;1;0,686098617;0,266541443;0,372197233;1;;;;;;;;;;;;;
226;0,089043793;0,508426577;-0,821912414;1;0,203089053;0,163549592;-0,323036492;1;0,725333765;0,282013188;0,450667531;1;;;;;;;;;;;;;
227;0,00546127;0,453252015;-0,989077461;1;0,478271603;0,158079604;0,594238677;1;0,653735164;0,255553884;0,307470328;1;;;;;;;;;;;;;
228;0,255999648;0,492890477;-0,488000704;1;0,422727463;0,156739016;0,409091545;1;0,568584096;0,27681774;0,137168193;1;;;;;;;;;;;;;
229;0,08599075;0,417644839;-0,8280185;1;0,370369233;0,150507979;0,234564111;1;1,062600922;0,273762362;1,125201843;0;;;;;;;;;;;;;
230;0,039813955;0,55559588;-0,920372091;1;0,219490482;0,169238923;-0,268365059;1;0,335067399;0,282688295;-0,329865202;1;;;;;;;;;;;;;
231;-0,004715777;0,546436436;-1,009431555;1;0,084084193;0,167971762;-0,719719358;1;0,723838778;0,282108224;0,447677555;1;;;;;;;;;;;;;
232;0,074443099;0,487934205;-0,851113802;1;0,248153485;0,165887275;-0,172821718;1;0,58332154;0,273393105;0,16664308;1;;;;;;;;;;;;;
233;0,858447345;0,384572827;0,716894691;1;0,217175135;0,150338823;-0,276082883;1;0,325102346;0,24984791;-0,349795308;1;;;;;;;;;;;;;
234;0,893034986;0,319216014;0,786069973;1;0,384414054;0,138512122;0,281380181;1;0,009780774;0,235398886;-0,980438451;0;;;;;;;;;;;;;
235;0,336050519;0,464897658;-0,327898962;1;0,353843232;0,161002444;0,179477441;1;0,582363012;0,276409874;0,164726024;1;;;;;;;;;;;;;
236;0,638114617;0,316659142;0,276229234;1;0,210854012;0,147470772;-0,297153292;1;0,386864429;0,240501868;-0,226271143;1;;;;;;;;;;;;;
237;0,368577533;0,385024271;-0,262844933;1;0,437639922;0,147748092;0,458799738;1;0,676749912;0,252473727;0,353499823;1;;;;;;;;;;;;;
238;0,457604384;0,365348242;-0,084791232;1;0,284687957;0,150215508;-0,051040144;1;0,347061355;0,24314655;-0,305877291;1;;;;;;;;;;;;;
239;0,748655457;0,389742087;0,497310914;1;0,1105313;0,154599422;-0,631562332;1;0,054917476;0,254172021;-0,890165048;1;;;;;;;;;;;;;
240;0,979295207;0,347131721;0,958590413;1;0,213117287;0,141520025;-0,289609042;1;0,407165695;0,252307958;-0,18566861;1;;;;;;;;;;;;;
241;0,362182188;0,412923148;-0,275635624;1;0,365373898;0,159009217;0,217912995;1;0,164293043;0,259762664;-0,671413914;1;;;;;;;;;;;;;
242;0,440198203;0,373143357;-0,119603594;1;0,279696373;0,149403179;-0,067678756;1;0,426140535;0,252826686;-0,147718929;1;;;;;;;;;;;;;
243;-0,081479234;0,548665299;-1,162958469;1;0,279803334;0,165341624;-0,06732222;1;0,458048149;0,279296091;-0,083903703;1;;;;;;;;;;;;;
244;1,010073675;0,297427742;1,02014735;1;0,485507828;0,139827623;0,618359425;1;0,001838495;0,216057867;-0,99632301;0;;;;;;;;;;;;;
245;0,608315378;0,380203597;0,216630756;1;0,296478647;0,148839618;-0,011737843;1;0,657228508;0,261376846;0,314457015;1;;;;;;;;;;;;;
246;0,388823746;0,404361055;-0,222352508;1;0,130297223;0,156466338;-0,565675922;1;0,588379196;0,257731397;0,176758393;1;;;;;;;;;;;;;
247;1,280624209;0,266879541;1,561248418;0;0,115653807;0,13143634;-0,614487308;1;0,004825179;0,209846831;-0,990349643;0;;;;;;;;;;;;;
248;0,7017603;0,415867537;0,403520599;1;0,306430349;0,149250289;0,021434497;1;0,401161345;0,264111779;-0,19767731;1;;;;;;;;;;;;;
249;0,586470354;0,300965096;0,172940709;1;0,257615344;0,129415327;-0,141282186;1;0,863474294;0,225534088;0,726948588;1;;;;;;;;;;;;;
250;0,035448487;0,633918605;-0,929103027;1;0,310783331;0,17476767;0,035944435;1;0,601594575;0,293433808;0,20318915;1;;;;;;;;;;;;;
251;0,390464945;0,454672754;-0,219070109;1;0,009581872;0,166479346;-0,968060426;1;0,15773667;0,275828795;-0,68452666;1;;;;;;;;;;;;;
252;0,866294537;0,322185641;0,732589074;1;0,387367478;0,135850919;0,291224928;1;0,210351493;0,233589672;-0,579297014;1;;;;;;;;;;;;;
253;0,438881375;0,384140866;-0,12223725;1;0,382717034;0,147321968;0,275723448;1;0,328901545;0,247814078;-0,34219691;1;;;;;;;;;;;;;
254;-0,303489385;0,689520954;-1,606978769;1;0,264055139;0,169733242;-0,119816205;1;0,690026339;0,301606809;0,380052679;1;;;;;;;;;;;;;
255;0,339147885;0,521590481;-0,32170423;1;0,557367217;0,169855706;0,857890724;1;0,113449379;0,274039308;-0,773101243;1;;;;;;;;;;;;;
256;0,671054632;0,334060643;0,342109265;1;0,360258601;0,141169463;0,200862004;1;0,489050288;0,233631946;-0,021899423;1;;;;;;;;;;;;;
257;0,555609991;0,39780347;0,111219983;1;0,223864459;0,148776026;-0,253785138;1;0,687401056;0,246761204;0,374802113;1;;;;;;;;;;;;;
258;0,945459362;0,328191129;0,890918725;1;0,126164434;0,149818297;-0,579451886;1;0,260835204;0,237517761;-0,478329591;1;;;;;;;;;;;;;
259;0,547308142;0,409166681;0,094616284;1;0,287063006;0,154413962;-0,043123313;1;0,39635327;0,262137509;-0,20729346;1;;;;;;;;;;;;;
260;0,098141353;0,684733227;-0,803717294;1;0,094527241;0,175788396;-0,684909197;1;0,050701422;0,297024401;-0,898597155;1;;;;;;;;;;;;;
261;0,905959678;0,323814365;0,811919357;1;0,19318195;0,143177507;-0,356060165;1;0,469906747;0,241791854;-0,060186507;1;;;;;;;;;;;;;
262;0,526585312;0,509423236;0,053170624;1;0,008085956;0,16893422;-0,973046814;1;0,470965768;0,280618331;-0,058068465;1;;;;;;;;;;;;;
263;0,478122527;0,379551914;-0,043754946;1;0,332859408;0,147834187;0,10953136;1;0,781946075;0,264223091;0,56389215;1;;;;;;;;;;;;;
264;0,682633036;0,378510635;0,365266071;1;0,281379917;0,14534333;-0,062066945;1;0,302381496;0,253610331;-0,395237007;1;;;;;;;;;;;;;
265;0,116961668;0,562442914;-0,766076664;1;0,598891981;0,175493309;0,996306604;1;0,575675006;0,296481421;0,151350012;1;;;;;;;;;;;;;
266;0,334510172;0,41667674;-0,330979656;1;-0,00182167;0,162599325;-1,006072233;1;0,822172838;0,289830157;0,644345676;1;;;;;;;;;;;;;
267;0,515739317;0,530056007;0,031478635;1;0,400878795;0,167171686;0,33626265;1;0,323181943;0,292272157;-0,353636113;1;;;;;;;;;;;;;
268;0,658918985;0,344540237;0,31783797;1;0,205480227;0,14829418;-0,315065909;1;0,632478203;0,25009959;0,264956406;1;;;;;;;;;;;;;
269;0,258450403;0,433847073;-0,483099193;1;0,45234524;0,152532112;0,507817468;1;0,389418439;0,260475145;-0,221163121;1;;;;;;;;;;;;;
270;0,507620108;0,449171908;0,015240217;1;0,389173092;0,154146591;0,297243641;1;0,024345301;0,258189541;-0,951309397;1;;;;;;;;;;;;;
271;-0,138840526;0,596181704;-1,277681053;1;0,469089647;0,170366515;0,563632157;1;0,590546829;0,291820707;0,181093658;1;;;;;;;;;;;;;
272;0,026979927;0,613696935;-0,946040146;1;0,051239651;0,166976803;-0,829201163;1;0,502234698;0,300953167;0,004469396;1;;;;;;;;;;;;;
273;0,850354366;0,355297369;0,700708733;1;0,248113661;0,142563109;-0,172954463;1;0,49490796;0,244130432;-0,010184081;1;;;;;;;;;;;;;
274;0,442178604;0,424454851;-0,115642793;1;0,456914617;0,153805433;0,523048723;1;0,517346905;0,277504719;0,034693811;1;;;;;;;;;;;;;
275;-0,346940654;0,706278812;-1,693881308;1;0,320857809;0,177430447;0,06952603;1;0,704847493;0,309217156;0,409694986;1;;;;;;;;;;;;;
276;0,551939922;0,374673802;0,103879844;1;0,303675756;0,147373423;0,012252521;1;0,380138285;0,253794772;-0,239723429;1;;;;;;;;;;;;;
277;0,182753283;0,42850219;-0,634493433;1;0,29921874;0,157369515;-0,002604201;1;1,045071016;0,301296384;1,090142032;1;;;;;;;;;;;;;
278;0,106011754;0,57158375;-0,787976492;1;0,149543507;0,175636952;-0,501521644;1;0,555111077;0,303336363;0,110222155;1;;;;;;;;;;;;;
279;1,263686583;0,302402131;1,527373166;0;0,144471821;0,137246543;-0,518427264;1;0,3824261;0,235283474;-0,235147801;1;;;;;;;;;;;;;
280;0,678612749;0,317538737;0,357225499;1;0,518720686;0,137070824;0,729068953;1;0,483322791;0,234150748;-0,033354418;1;;;;;;;;;;;;;
281;0,521371329;0,407452659;0,042742659;1;0,12339773;0,154997622;-0,588674233;1;0,425453043;0,27316811;-0,149093914;1;;;;;;;;;;;;;
282;0,855531965;0,378193445;0,71106393;1;0,2921111;0,150009789;-0,026296334;1;0,199152228;0,258780224;-0,601695544;1;;;;;;;;;;;;;
283;0,44538398;0,405161143;-0,10923204;1;0,509552265;0,154859644;0,69850755;1;0,630052128;0,254097116;0,260104256;1;;;;;;;;;;;;;
284;1,225530513;0,256373867;1,451061025;0;0,030670347;0,135721273;-0,897765511;0;0,421109978;0,213471505;-0,157780045;1;;;;;;;;;;;;;
285;0,117052062;0,519652103;-0,765895876;1;0,322181623;0,161861665;0,073938743;1;0,283853298;0,278601497;-0,432293404;1;;;;;;;;;;;;;
286;0,852559262;0,317746842;0,705118525;1;0,356890355;0,140292584;0,189634517;1;0,592738865;0,239813158;0,185477731;1;;;;;;;;;;;;;
287;-0,161544189;0,520498424;-1,323088377;1;0,514381901;0,16312777;0,714606336;1;0,617701482;0,263763999;0,235402963;1;;;;;;;;;;;;;
288;-0,612280952;0,817136916;-2,224561904;1;0,285978602;0,177580756;-0,046737995;1;1,151278211;0,326175383;1,302556422;0;;;;;;;;;;;;;
289;0,392232066;0,423877086;-0,215535869;1;0,029765979;0,156752313;-0,90078007;1;0,606161061;0,269681417;0,212322122;1;;;;;;;;;;;;;
290;0,670649027;0,326366555;0,341298054;1;0,460443628;0,144791031;0,534812094;1;0,275352563;0,228939905;-0,449294874;1;;;;;;;;;;;;;
291;0,352494226;0,459276251;-0,295011548;1;0,197754594;0,161052618;-0,340818021;1;0,207315813;0,275997216;-0,585368374;1;;;;;;;;;;;;;
292;-0,203463559;0,732053544;-1,406927118;1;0,208543969;0,180280065;-0,304853438;1;0,708936592;0,329042717;0,417873184;1;;;;;;;;;;;;;
293;0,00469143;0,427337301;-0,990617141;1;0,351890103;0,155987106;0,172967011;1;0,816384232;0,266314708;0,632768464;1;;;;;;;;;;;;;
294;0,185596541;0,448712682;-0,628806918;1;0,164527091;0,159049208;-0,451576363;1;0,799740265;0,274844261;0,59948053;1;;;;;;;;;;;;;
295;-0,101308008;0,593033321;-1,202616016;1;0,495137736;0,169183245;0,650459119;1;0,205178055;0,280999414;-0,589643889;1;;;;;;;;;;;;;
296;-0,827494791;2,450140388;-2,654989583;1;0,055446208;0,207991186;-0,815179306;1;0,146877789;0,347055239;-0,706244422;1;;;;;;;;;;;;;
297;0,727216833;0,33510454;0,454433666;1;0,356164926;0,140917855;0,187216422;1;0,624663364;0,23174191;0,249326727;1;;;;;;;;;;;;;
298;0,771832099;0,362627766;0,543664198;1;0,164981292;0,149659416;-0,450062361;1;0,794356168;0,267057856;0,588712336;1;;;;;;;;;;;;;
299;0,296926709;0,420684272;-0,406146582;1;0,435663781;0,152984237;0,452212603;1;0,451154687;0,271506753;-0,097690626;1;;;;;;;;;;;;;
300;-0,210597232;0,605818097;-1,421194465;1;0,475334922;0,161168691;0,584449739;1;0,975936106;0,288587023;0,951872213;1;;;;;;;;;;;;;
301;0,752816871;0,348341706;0,505633742;1;0,209168248;0,148530714;-0,302772507;1;0,505209588;0,26393702;0,010419176;1;;;;;;;;;;;;;
302;0,817913445;0,358934274;0,63582689;1;0,372780335;0,149282808;0,242601115;1;0,224354438;0,249213595;-0,551291125;1;;;;;;;;;;;;;
303;1,080227461;0,305208664;1,160454921;1;0,183060453;0,140166985;-0,389798491;1;0,003524219;0,245156439;-0,992951562;0;;;;;;;;;;;;;
304;0,396293629;0,40738645;-0,207412741;1;0,356969555;0,154913448;0,189898517;1;0,424357646;0,252213836;-0,151284708;1;;;;;;;;;;;;;
305;1,155845172;0,307816306;1,311690344;0;0,003521522;0,149926993;-0,988261593;0;-0,025069329;0,239235054;-1,050138659;0;;;;;;;;;;;;;
306;0,561586971;0,434811845;0,123173942;1;0,118677622;0,159408245;-0,604407928;1;0,386020193;0,277858002;-0,227959614;1;;;;;;;;;;;;;
307;-0,408443621;0,872483257;-1,816887243;1;0,403844531;0,182182738;0,346148438;1;0,34640347;0,29826091;-0,307193061;1;;;;;;;;;;;;;
308;-0,082975786;0,613762741;-1,165951572;1;0,566995208;0,172669772;0,889984026;1;0,360422234;0,295950596;-0,279155532;1;;;;;;;;;;;;;
309;0,59220948;0,400507956;0,184418959;1;0,254496604;0,154949095;-0,151677987;1;0,108777657;0,259365435;-0,782444686;1;;;;;;;;;;;;;
310;0,706840181;0,37623829;0,413680362;1;0,397155172;0,149323355;0,323850573;1;0,677098593;0,25058265;0,354197187;1;;;;;;;;;;;;;
311;-0,025896291;0,60627128;-1,051792583;1;0,431435763;0,169256881;0,438119211;1;0,803348872;0,304186796;0,606697744;1;;;;;;;;;;;;;
312;0,723565124;0,383518156;0,447130247;1;0,302720285;0,150766045;0,009067617;1;0,382854705;0,253869132;-0,23429059;1;;;;;;;;;;;;;
313;0,077164954;0,531231275;-0,845670093;1;0,257724147;0,167204058;-0,14091951;1;0,396337373;0,286472442;-0,207325254;1;;;;;;;;;;;;;
314;0,377510369;0,401687839;-0,244979262;1;0,548849963;0,15040835;0,829499877;1;0,620222872;0,245847177;0,240445744;1;;;;;;;;;;;;;
315;0,259181176;0,474711532;-0,481637648;1;0,321797737;0,160813847;0,072659124;1;0,461176412;0,274971301;-0,077647176;1;;;;;;;;;;;;;
316;0,249449312;0,440189845;-0,501101377;1;-0,000840463;0,163377554;-1,002801543;1;0,546897824;0,274552166;0,093795647;1;;;;;;;;;;;;;
317;-0,59805717;1,129386997;-2,19611434;1;-0,013566676;0,192067044;-1,045222252;1;0,363772915;0,330061296;-0,27245417;1;;;;;;;;;;;;;
318;0,617287377;0,315935945;0,234574754;1;0,60865939;0,138412511;1,028864635;0;0,601134112;0,23461194;0,202268224;1;;;;;;;;;;;;;
319;0,523559923;0,467305346;0,047119846;1;0,480670526;0,157036738;0,602235086;1;0,17360517;0,269230233;-0,652789659;1;;;;;;;;;;;;;
320;0,831765472;0,350595594;0,663530945;1;0,312810625;0,147119643;0,042702082;1;0,275463234;0,245633267;-0,449073532;1;;;;;;;;;;;;;
321;0,374372677;0,518149003;-0,251254646;1;0,209782417;0,167721656;-0,300725277;1;0,194306771;0,292133849;-0,611386459;1;;;;;;;;;;;;;
322;0,685753271;0,343041099;0,371506542;1;0,353346817;0,137496707;0,177822723;1;0,846057818;0,248774027;0,692115637;1;;;;;;;;;;;;;
323;1,015738735;0,344358477;1,031477471;1;0,463342487;0,147686343;0,544474958;1;0,661738373;0,246291655;0,323476745;1;;;;;;;;;;;;;
324;0,78056139;0,37015176;0,561122781;1;0,068973417;0,161067816;-0,770088609;1;0,238730724;0,258690359;-0,522538553;1;;;;;;;;;;;;;
325;0,671352823;0,373018659;0,342705646;1;0,122389831;0,151260461;-0,592033896;1;0,769011253;0,270747862;0,538022505;1;;;;;;;;;;;;;
326;0,553095882;0,380910561;0,106191764;1;0,489568928;0,154579733;0,631896427;1;0,189108118;0,252186823;-0,621783763;1;;;;;;;;;;;;;
327;0,564618432;0,419500708;0,129236864;1;-0,065118541;0,159170408;-1,217061804;0;0,418996141;0,271934068;-0,162007718;1;;;;;;;;;;;;;
328;0,486822258;0,417816779;-0,026355485;1;0,207514796;0,157665728;-0,308284013;1;0,510730953;0,259672862;0,021461906;1;;;;;;;;;;;;;
329;0,882105711;0,335679315;0,764211422;1;0,24052569;0,145496187;-0,198247701;1;0,167577742;0,244170654;-0,664844515;1;;;;;;;;;;;;;
330;0,478878977;0,365399826;-0,042242046;1;0,227575;0,149111092;-0,241416667;1;0,483076624;0,257042233;-0,033846751;1;;;;;;;;;;;;;
331;0,661539069;0,411844103;0,323078138;1;0,11524124;0,150082212;-0,615862535;1;0,487280037;0,26687036;-0,025439925;1;;;;;;;;;;;;;
332;0,49951198;0,348543551;-0,00097604;1;0,236545168;0,140903536;-0,211516107;1;0,727733474;0,255907866;0,455466947;1;;;;;;;;;;;;;
333;-0,135858468;0,595247874;-1,271716935;1;0,047920285;0,175041278;-0,840265715;1;0,839796803;0,307813557;0,679593607;1;;;;;;;;;;;;;
334;1,578694414;0,294464097;2,157388827;0;0,216789149;0,13878396;-0,277369502;1;-0,347967826;0,245201403;-1,695935653;0;;;;;;;;;;;;;
335;0,468776416;0,483207151;-0,062447168;1;0,486591073;0,159641404;0,621970245;1;0,415861807;0,283106203;-0,168276385;1;;;;;;;;;;;;;
336;1,605245998;0,281969725;2,210491995;0;0,132725283;0,135609305;-0,557582391;1;0,011114943;0,228138496;-0,977770114;0;;;;;;;;;;;;;
337;0,963401507;0,359007593;0,926803014;1;0,151527137;0,152580733;-0,494909544;1;0,15890659;0,268842291;-0,68218682;1;;;;;;;;;;;;;
338;0,07167824;0,514658497;-0,85664352;1;0,711189013;0,159331221;1,370630043;0;0,626252265;0,268819153;0,25250453;1;;;;;;;;;;;;;
339;0,681331469;0,36533444;0,362662938;1;0,390695162;0,153895282;0,302317205;1;0,882992465;0,253207012;0,76598493;1;;;;;;;;;;;;;
340;0,526560851;0,391572928;0,053121701;1;0,179067002;0,146054695;-0,403109994;1;0,650569497;0,261204986;0,301138995;1;;;;;;;;;;;;;
341;0,449082529;0,487182918;-0,101834942;1;0,242336728;0,172935632;-0,192210906;1;0,125905438;0,283057013;-0,748189125;1;;;;;;;;;;;;;
342;-0,18341098;0,574488111;-1,36682196;1;0,099280457;0,166472343;-0,669065142;1;0,918564888;0,278542969;0,837129776;1;;;;;;;;;;;;;
343;0,498330195;0,469377659;-0,00333961;1;0,064519899;0,16424829;-0,784933669;1;0,426832207;0,284074263;-0,146335587;1;;;;;;;;;;;;;
344;1,109670491;0,305224691;1,219340983;0;0,228726293;0,138667871;-0,237579023;1;0,293117575;0,235106983;-0,413764849;1;;;;;;;;;;;;;
345;0,940406643;0,333573948;0,880813286;1;0,26423939;0,144526436;-0,119202033;1;0,272012301;0,25356049;-0,455975399;1;;;;;;;;;;;;;
346;0,870626901;0,380888323;0,741253802;1;0,239475146;0,159802296;-0,201749514;1;0,332871417;0,281362123;-0,334257165;1;;;;;;;;;;;;;
347;0,126385076;0,531815013;-0,747229848;1;0,232913801;0,163912083;-0,223620662;1;0,645513277;0,297520402;0,291026554;1;;;;;;;;;;;;;
348;0,516574479;0,441820396;0,033148959;1;0,372519403;0,16065634;0,241731345;1;0,50434637;0,266317717;0,00869274;1;;;;;;;;;;;;;
349;0,596628402;0,358650146;0,193256803;1;0,389809014;0,146739647;0,299363379;1;0,194438307;0,248642297;-0,611123385;1;;;;;;;;;;;;;
350;0,608989961;0,348581376;0,217979922;1;0,480509418;0,142579574;0,601698059;1;0,367501653;0,244932011;-0,264996694;1;;;;;;;;;;;;;
351;0,99993967;0,294702419;0,999879339;1;0,243718549;0,145166691;-0,187604837;1;0,079141946;0,229601731;-0,841716107;1;;;;;;;;;;;;;
352;0,490581104;0,36826769;-0,018837792;1;0,428784443;0,151002611;0,429281475;1;0,562349541;0,25359922;0,124699082;1;;;;;;;;;;;;;
353;-0,232175286;0,804517399;-1,464350572;1;0,306080882;0,190254269;0,020269608;1;0,601425996;0,317270417;0,202851991;1;;;;;;;;;;;;;
354;0,92798386;0,350152905;0,85596772;1;0,318802851;0,147375816;0,062676171;1;0,324549585;0,247297479;-0,35090083;1;;;;;;;;;;;;;
355;0,979383445;0,310300206;0,958766891;1;0,409505248;0,13856555;0,365017493;1;0,201238096;0,240834471;-0,597523808;1;;;;;;;;;;;;;
356;-0,067095815;0,408676523;-1,134191631;1;0,574337097;0,149817963;0,914456991;1;0,788264582;0,241187235;0,576529163;1;;;;;;;;;;;;;
357;0,713612378;0,318974546;0,427224757;1;0,372830496;0,142892383;0,24276832;1;0,572807002;0,233590012;0,145614003;1;;;;;;;;;;;;;
358;0,891206097;0,317878082;0,782412194;1;0,772712803;0,138745101;1,575709345;0;0,050803667;0,225022986;-0,898392666;0;;;;;;;;;;;;;
359;0,360591212;0,448129067;-0,278817576;1;0,103754053;0,159965781;-0,654153156;1;0,632208391;0,279073869;0,264416781;1;;;;;;;;;;;;;
360;0,637028917;0,359492067;0,274057834;1;0,170152006;0,146333059;-0,432826646;1;0,346177587;0,253086415;-0,307644825;1;;;;;;;;;;;;;
361;0,779068485;0,333646167;0,558136971;1;0,397851576;0,142502074;0,326171919;1;0,515495098;0,247702468;0,030990197;1;;;;;;;;;;;;;
362;0,114036375;0,516354323;-0,77192725;1;0,436137382;0,157477798;0,453791274;1;0,653619852;0,279272566;0,307239704;1;;;;;;;;;;;;;
363;0,524525046;0,366076825;0,049050093;1;0,281177707;0,144951817;-0,062740978;1;0,782315111;0,249693238;0,564630222;1;;;;;;;;;;;;;
364;0,046567219;0,568783679;-0,906865561;1;0,486170959;0,166749752;0,620569863;1;0,333666581;0,286826708;-0,332666838;1;;;;;;;;;;;;;
365;0,542479415;0,418754205;0,08495883;1;0,105144907;0,153635097;-0,649516975;1;0,878821608;0,27680667;0,757643216;1;;;;;;;;;;;;;
366;0,155083844;0,485063008;-0,689832313;1;0,515819089;0,159471093;0,719396965;1;0,347331328;0,277667578;-0,305337344;1;;;;;;;;;;;;;
367;0,875049949;0,271863763;0,750099898;1;0,212950222;0,129854641;-0,290165926;1;0,553812049;0,215631573;0,107624098;1;;;;;;;;;;;;;
368;0,87822385;0,301781671;0,756447701;1;0,510983519;0,1268028;0,703278397;1;0,876905461;0,225328464;0,753810921;1;;;;;;;;;;;;;
369;0,235961898;0,631904749;-0,528076204;1;0,259497553;0,170973109;-0,135008157;1;0,167823117;0,283021002;-0,664353766;1;;;;;;;;;;;;;
370;0,82706004;0,317443808;0,65412008;1;0,347536576;0,137217309;0,158455254;1;0,74942498;0,249302191;0,49884996;1;;;;;;;;;;;;;
371;0,868214412;0,329517011;0,736428824;1;0,071713732;0,14073796;-0,760954228;1;0,719917847;0,238673713;0,439835694;1;;;;;;;;;;;;;
372;0,51082922;0,415023611;0,021658439;1;0,288210118;0,153317498;-0,039299608;1;0,585744163;0,262371541;0,171488326;1;;;;;;;;;;;;;
373;0,71467319;0,349332714;0,429346379;1;0,401799561;0,144597522;0,33933187;1;0,411524667;0,240023497;-0,176950665;1;;;;;;;;;;;;;
374;0,832316486;0,359877105;0,664632971;1;-0,026696998;0,159951191;-1,088989994;0;0,277616327;0,26062959;-0,444767346;1;;;;;;;;;;;;;
375;0,915311484;0,303793683;0,830622968;1;0,434443358;0,139093349;0,448144527;1;0,126896898;0,217650685;-0,746206204;1;;;;;;;;;;;;;
376;0,27987834;0,434299297;-0,440243321;1;0,390217502;0,153838528;0,300725008;1;0,735322278;0,283012223;0,470644556;1;;;;;;;;;;;;;
377;0,963501303;0,291819279;0,927002606;1;0,23840027;0,135073288;-0,205332434;1;0,330560623;0,219523783;-0,338878754;1;;;;;;;;;;;;;
378;1,030305963;0,305262941;1,060611927;1;0,152255935;0,140252404;-0,492480218;1;0,403312002;0,233903237;-0,193375997;1;;;;;;;;;;;;;
379;1,064410416;0,306085062;1,128820831;1;0,481630548;0,138602086;0,60543516;1;0,326024519;0,217680121;-0,347950962;1;;;;;;;;;;;;;
380;1,354222854;0,281218244;1,708445709;0;0,354833516;0,13892196;0,182778388;1;-0,229052447;0,235117863;-1,458104895;0;;;;;;;;;;;;;
381;0,676941195;0,319980072;0,35388239;1;0,366571092;0,143895871;0,221903641;1;0,402292404;0,246024418;-0,195415193;1;;;;;;;;;;;;;
382;0,635518145;0,370791381;0,271036291;1;0,310530841;0,150738965;0,035102803;1;0,427232203;0,236882775;-0,145535595;1;;;;;;;;;;;;;
383;0,761208272;0,375815217;0,522416543;1;0,058191709;0,149480296;-0,806027635;1;0,740729321;0,264999807;0,481458642;1;;;;;;;;;;;;;
384;0,855850391;0,374782278;0,711700783;1;-0,058515104;0,15428215;-1,195050347;0;0,188519062;0,251608583;-0,622961876;1;;;;;;;;;;;;;
385;0,300326675;0,443809288;-0,399346649;1;0,449052074;0,156798985;0,496840246;1;0,5675906;0,273500646;0,1351812;1;;;;;;;;;;;;;
386;-0,165709105;0,684691007;-1,33141821;1;0,263997086;0,1754565;-0,120009712;1;0,562563859;0,311626696;0,125127717;1;;;;;;;;;;;;;
387;0,932743205;0,268572538;0,865486411;1;0,411668752;0,129969068;0,372229174;1;0,498883048;0,209006996;-0,002233905;1;;;;;;;;;;;;;
388;-0,117955248;0,500505596;-1,235910496;1;0,381709806;0,165387318;0,272366019;1;0,768010877;0,278340637;0,536021754;1;;;;;;;;;;;;;
389;0,145846499;0,44597114;-0,708307002;1;0,294512921;0,154192807;-0,018290265;1;0,680468875;0,263773142;0,36093775;1;;;;;;;;;;;;;
390;0,287484018;0,589120068;-0,425031964;1;0,400488846;0,171868344;0,334962819;1;0,404137121;0,285235518;-0,191725758;1;;;;;;;;;;;;;
391;0,430455428;0,41077605;-0,139089143;1;0,325494037;0,157214051;0,084980122;1;0,450466353;0,260421966;-0,099067294;1;;;;;;;;;;;;;
392;0,502576326;0,339006189;0,005152652;1;0,41011461;0,142143603;0,3670487;1;0,723295342;0,242226998;0,446590685;1;;;;;;;;;;;;;
393;-0,010868779;0,480268817;-1,021737558;1;0,425500734;0,161832727;0,418335781;1;0,751653186;0,283293649;0,503306372;1;;;;;;;;;;;;;
394;0,127111832;0,570396367;-0,745776336;1;0,325174794;0,174445563;0,08391598;1;0,463146117;0,296516907;-0,073707765;1;;;;;;;;;;;;;
395;0,444918344;0,390829537;-0,110163312;1;0,202526905;0,153545556;-0,324910317;1;0,665102571;0,264185934;0,330205143;1;;;;;;;;;;;;;
396;0,395845364;0,523570518;-0,208309271;1;0,179268447;0,162119033;-0,402438508;1;0,522320165;0,27389006;0,04464033;1;;;;;;;;;;;;;
397;0,419146392;0,486625946;-0,161707217;1;0,150175221;0,161241896;-0,49941593;1;0,702837523;0,275856734;0,405675046;1;;;;;;;;;;;;;
398;0,768798306;0,374081731;0,537596611;1;0,126618311;0,145302078;-0,577938963;1;0,799687704;0,266980623;0,599375408;1;;;;;;;;;;;;;
399;0,785895397;0,481372487;0,571790793;1;0,099970395;0,163172147;-0,666765349;1;0,150601227;0,286703871;-0,698797546;1;;;;;;;;;;;;;
400;-0,755374284;1,417082227;-2,510748567;1;0,506886683;0,204568368;0,689622277;1;0,416455272;0,345364438;-0,167089457;1;;;;;;;;;;;;;
401;0,301606882;0,409661708;-0,396786236;1;0,25293667;0,155044657;-0,156877768;1;0,658292929;0,260101953;0,316585858;1;;;;;;;;;;;;;
402;0,492747292;0,400457584;-0,014505417;1;0,482797569;0,154401815;0,60932523;1;0,250200815;0,262437873;-0,499598369;1;;;;;;;;;;;;;
403;0,226041859;0,350408317;-0,547916282;1;0,693683674;0,141804866;1,312278913;0;0,807379546;0,238540329;0,614759092;1;;;;;;;;;;;;;
404;0,139645462;0,514658343;-0,720709075;1;0,265741788;0,164383805;-0,114194039;1;0,532848815;0,28805178;0,06569763;1;;;;;;;;;;;;;
405;-0,545043578;0,791634205;-2,090087157;1;0,659544563;0,182449731;1,198481877;0;0,708999669;0,319721296;0,417999338;1;;;;;;;;;;;;;
406;0,653489371;0,353357946;0,306978743;1;0,424957677;0,142877227;0,416525591;1;0,412409455;0,248117095;-0,175181091;1;;;;;;;;;;;;;
407;0,913885013;0,40271885;0,827770027;1;0,269892565;0,151202458;-0,100358117;1;0,0977801;0,269494229;-0,8044398;1;;;;;;;;;;;;;
408;0,848029107;0,378856703;0,696058215;1;0,277360728;0,14671731;-0,07546424;1;0,195161628;0,244601792;-0,609676744;1;;;;;;;;;;;;;
409;-0,14441996;0,513370274;-1,288839921;1;0,449150173;0,162308819;0,497167243;1;0,728389113;0,284996917;0,456778227;1;;;;;;;;;;;;;
410;0,27497356;0,481651802;-0,45005288;1;0,597288461;0,16009777;0,990961536;1;0,434222197;0,266508802;-0,131555605;1;;;;;;;;;;;;;
411;0,496896312;0,347443899;-0,006207376;1;0,522530408;0,143869913;0,741768026;1;0,386052845;0,242107188;-0,227894309;1;;;;;;;;;;;;;
412;0,667023248;0,378319468;0,334046496;1;0,146200699;0,154787865;-0,512664335;1;0,663220399;0,262587373;0,326440798;1;;;;;;;;;;;;;
413;0,634118768;0,373462179;0,268237537;1;0,240819288;0,147696445;-0,19726904;1;0,400047044;0,248337554;-0,199905912;1;;;;;;;;;;;;;
414;0,292644775;0,477789913;-0,414710449;1;0,403435298;0,161992237;0,344784327;1;0,823151873;0,277301871;0,646303746;1;;;;;;;;;;;;;
415;1,111885635;0,328941179;1,223771271;1;0,266412348;0,137744607;-0,111958839;1;0,438308494;0,240200268;-0,123383012;1;;;;;;;;;;;;;
416;0,099372706;0,619734209;-0,801254587;1;0,221010624;0,17297234;-0,263297918;1;0,305446009;0,289108377;-0,389107981;1;;;;;;;;;;;;;
417;0,90073414;0,328815402;0,80146828;1;0,245672076;0,143054625;-0,18109308;1;0,263337258;0,24188343;-0,473325485;1;;;;;;;;;;;;;
418;0,398907342;0,381387101;-0,202185316;1;0,365419741;0,148115902;0,218065803;1;0,751169142;0,261771258;0,502338284;1;;;;;;;;;;;;;
419;0,651312652;0,393566997;0,302625303;1;-0,001160575;0,158555076;-1,003868583;1;0,275363749;0,267385367;-0,449272503;1;;;;;;;;;;;;;
420;0,410559716;0,34893235;-0,178880567;1;0,440792927;0,13893833;0,469309757;1;0,64194349;0,251703859;0,283886981;1;;;;;;;;;;;;;
421;0,546998719;0,334132292;0,093997439;1;0,322147912;0,138604055;0,073826374;1;1,018910568;0,234610829;1,037821137;0;;;;;;;;;;;;;
422;0,930247583;0,31384324;0,860495165;1;-0,039773023;0,14989585;-1,132576743;0;0,221124008;0,239342319;-0,557751984;1;;;;;;;;;;;;;
423;0,532697364;0,400087954;0,065394729;1;0,26145672;0,157324719;-0,128477601;1;0,282368541;0,253068652;-0,435262917;1;;;;;;;;;;;;;
424;0,752646172;0,322281887;0,505292345;1;0,438528759;0,136487418;0,46176253;1;0,57298158;0,222937684;0,14596316;1;;;;;;;;;;;;;
425;0,652267634;0,436555335;0,304535268;1;-0,064941579;0,155096912;-1,216471931;0;0,266413108;0,272523933;-0,467173784;1;;;;;;;;;;;;;
426;0,580343302;0,408693338;0,160686604;1;0,204883646;0,144570637;-0,317054513;1;0,679489793;0,257178695;0,358979587;1;;;;;;;;;;;;;
427;-0,277043681;0,595803141;-1,554087363;1;0,417016849;0,169817176;0,390056165;1;0,384868462;0,287390267;-0,230263075;1;;;;;;;;;;;;;
428;0,423420044;0,424666403;-0,153159913;1;-0,079618757;0,160746998;-1,265395855;0;0,808930857;0,275363633;0,617861714;1;;;;;;;;;;;;;
429;0,722999039;0,386188991;0,445998078;1;0,12095421;0,150150747;-0,596819301;1;0,077916099;0,252388183;-0,844167803;1;;;;;;;;;;;;;
430;0,668801872;0,315135811;0,337603743;1;0,379742842;0,141239939;0,265809475;1;0,522231619;0,234664482;0,044463239;1;;;;;;;;;;;;;
431;0,917415604;0,324291321;0,834831208;1;0,012786722;0,144431883;-0,957377593;0;0,444665093;0,242963786;-0,110669813;1;;;;;;;;;;;;;
432;-0,24700321;0,697194673;-1,494006419;1;0,313362558;0,16766579;0,04454186;1;0,986371806;0,305479436;0,972743611;1;;;;;;;;;;;;;
433;0,945329857;0,338721912;0,890659713;1;0,491209409;0,146287004;0,637364696;1;-0,181346323;0,23177116;-1,362692647;0;;;;;;;;;;;;;
434;0,559225846;0,467406254;0,118451691;1;0,302805669;0,159314265;0,009352231;1;0,589577937;0,282684152;0,179155874;1;;;;;;;;;;;;;
435;1,017770718;0,402866886;1,035541437;1;0,053137826;0,156968162;-0,822873914;1;-0,108310904;0,266387454;-1,216621807;0;;;;;;;;;;;;;
436;0,394926764;0,458656629;-0,210146472;1;0,446090007;0,164139644;0,48696669;1;0,181662743;0,277121995;-0,636674515;1;;;;;;;;;;;;;
437;0,355941215;0,336148993;-0,28811757;1;0,39648825;0,142016182;0,3216275;1;0,685680896;0,241748023;0,371361792;1;;;;;;;;;;;;;
438;0,755916475;0,363844587;0,51183295;1;0,171440397;0,150612085;-0,428532009;1;0,368954416;0,262362281;-0,262091167;1;;;;;;;;;;;;;
439;0,794974666;0,308955873;0,589949331;1;0,328738983;0,138113903;0,095796612;1;0,065896481;0,229789314;-0,868207039;1;;;;;;;;;;;;;
440;0,890734313;0,304255293;0,781468625;1;0,431592777;0,134322962;0,43864259;1;0,289409473;0,227056723;-0,421181054;1;;;;;;;;;;;;;
441;1,154973517;0,266113911;1,309947033;0;0,226196363;0,129331362;-0,246012124;1;0,518242685;0,215375925;0,03648537;1;;;;;;;;;;;;;
442;0,156419656;0,489783826;-0,687160688;1;0,03351033;0,163446906;-0,888298899;1;0,833370584;0,285711438;0,666741169;1;;;;;;;;;;;;;
443;0,806780216;0,291073234;0,613560433;1;0,132703159;0,13204684;-0,557656138;1;0,68291082;0,223637546;0,365821639;1;;;;;;;;;;;;;
444;0,850398467;0,326501885;0,700796934;1;0,039215555;0,143094126;-0,869281484;1;0,560936826;0,240359321;0,121873651;1;;;;;;;;;;;;;
445;0,252321708;0,418165283;-0,495356584;1;0,196939427;0,153911558;-0,343535243;1;0,633626506;0,258594024;0,267253012;1;;;;;;;;;;;;;
446;0,398760128;0,447355368;-0,202479744;1;0,220225401;0,155832802;-0,265915331;1;0,516505821;0,259903057;0,033011641;1;;;;;;;;;;;;;
447;0,784980205;0,380141808;0,569960411;1;0,228187683;0,14652941;-0,239374389;1;0,505822195;0,258696263;0,011644389;1;;;;;;;;;;;;;
448;0,686401853;0,359044627;0,372803706;1;-0,019038129;0,157213479;-1,06346043;0;0,729681761;0,26122517;0,459363522;1;;;;;;;;;;;;;
449;0,89732773;0,381066815;0,794655459;1;0,396379606;0,159414151;0,321265353;1;0,183132099;0,266390452;-0,633735801;1;;;;;;;;;;;;;
450;0,628171546;0,50996785;0,256343091;1;0,135060707;0,168245103;-0,549797644;1;-0,064815657;0,286076847;-1,129631313;0;;;;;;;;;;;;;
451;0,628857059;0,352841631;0,257714119;1;0,240877471;0,145938602;-0,197075097;1;0,678807185;0,272925994;0,35761437;1;;;;;;;;;;;;;
452;-0,466324544;0,621354669;-1,932649089;1;0,399815741;0,168579723;0,332719138;1;0,678765204;0,298537104;0,357530408;1;;;;;;;;;;;;;
453;0,90293167;0,340059247;0,805863339;1;0,446401908;0,142652104;0,488006362;1;0,03006479;0,24238724;-0,939870421;1;;;;;;;;;;;;;
454;0,495937651;0,415890998;-0,008124699;1;0,230518214;0,159082035;-0,231605953;1;0,438350423;0,269202575;-0,123299155;1;;;;;;;;;;;;;
455;0,732741117;0,302135954;0,465482235;1;0,320683655;0,13998101;0,068945517;1;0,390225187;0,24018896;-0,219549627;1;;;;;;;;;;;;;
456;0,358084449;0,38978484;-0,283831102;1;0,295092571;0,154189248;-0,016358098;1;0,635767741;0,257183545;0,271535481;1;;;;;;;;;;;;;
457;0,783067198;0,331819127;0,566134396;1;0,02972575;0,137988244;-0,900914165;1;1,002236639;0,235503729;1,004473277;0;;;;;;;;;;;;;
458;0,77444054;0,329812178;0,548881081;1;0,515588486;0,145511841;0,718628288;1;0,481145932;0,242988285;-0,037708136;1;;;;;;;;;;;;;
459;0,993327522;0,364430498;0,986655044;1;0,147809705;0,147276494;-0,507300983;1;0,182848682;0,26475115;-0,634302636;1;;;;;;;;;;;;;
460;0,140130272;0,557573154;-0,719739456;1;-0,040612696;0,169594956;-1,135375652;0;0,327498354;0,288074832;-0,345003293;1;;;;;;;;;;;;;
461;0,496274787;0,395926206;-0,007450425;1;0,12817271;0,161211254;-0,572757632;1;0,527815502;0,264935653;0,055631004;1;;;;;;;;;;;;;
462;0,566705305;0,406962478;0,133410609;1;0,494915098;0,155635006;0,649716992;1;0,07947206;0,248855939;-0,84105588;1;;;;;;;;;;;;;
463;0,445727405;0,529723881;-0,108545189;1;0,311418088;0,171929307;0,038060295;1;0,225348835;0,282143558;-0,549302331;1;;;;;;;;;;;;;
464;-0,464864719;0,632357041;-1,929729437;1;0,371803251;0,173392133;0,239344171;1;1,05354389;0,310234775;1,107087779;1;;;;;;;;;;;;;
465;1,108260063;0,308432762;1,216520127;0;0,222759144;0,139469351;-0,257469521;1;0,242845489;0,239507361;-0,514309022;1;;;;;;;;;;;;;
466;0,391451737;0,496642897;-0,217096526;1;0,417226526;0,158841521;0,390755085;1;0,452321317;0,275201602;-0,095357365;1;;;;;;;;;;;;;
467;0,148124106;0,440541345;-0,703751788;1;0,671521929;0,156468512;1,23840643;0;0,561951563;0,270151321;0,123903126;1;;;;;;;;;;;;;
468;0,127412355;0,48534331;-0,74517529;1;0,236529925;0,163175033;-0,211566916;1;0,599312949;0,281271497;0,198625899;1;;;;;;;;;;;;;
469;0,907842851;0,358779782;0,815685702;1;0,282007733;0,150357245;-0,059974224;1;0,009776869;0,248005305;-0,980446263;0;;;;;;;;;;;;;
470;0,755750656;0,29226748;0,511501313;1;0,488637446;0,132003777;0,628791488;1;0,764857213;0,22170457;0,529714427;1;;;;;;;;;;;;;
471;0,040606332;0,378481849;-0,918787337;1;0,617441758;0,147458634;1,058139194;0;0,497286186;0,252943975;-0,005427629;1;;;;;;;;;;;;;
472;0,723315165;0,3833078;0,446630329;1;0,202469672;0,150760802;-0,325101095;1;0,166558443;0,272049086;-0,666883114;1;;;;;;;;;;;;;
473;0,647916583;0,36269679;0,295833166;1;0,316539284;0,147566302;0,055130947;1;0,748458179;0,249847569;0,496916358;1;;;;;;;;;;;;;
474;0,554694978;0,549743568;0,109389956;1;0,073265381;0,174551013;-0,755782065;1;0,286755555;0,318015665;-0,42648889;1;;;;;;;;;;;;;
475;0,864462979;0,367522472;0,728925958;1;0,388166257;0,150764827;0,293887524;1;-0,158176564;0,255042497;-1,316353127;0;;;;;;;;;;;;;
476;0,911713603;0,363890398;0,823427206;1;0,342178937;0,149182978;0,140596456;1;0,464348046;0,257547785;-0,071303908;1;;;;;;;;;;;;;
477;0,975156944;0,307577059;0,950313888;1;0,238725338;0,139403866;-0,204248875;1;0,563661642;0,235054723;0,127323284;1;;;;;;;;;;;;;
478;0,049505938;0,62595591;-0,900988123;1;0,150268599;0,175800916;-0,499104669;1;0,556835738;0,301590666;0,113671476;1;;;;;;;;;;;;;
479;0,698420576;0,381757882;0,396841153;1;0,090015992;0,152956669;-0,699946692;1;0,302365335;0,263229902;-0,39526933;1;;;;;;;;;;;;;
480;0,59408798;0,343543992;0,18817596;1;0,790649541;0,139739442;1,635498469;0;0,519974211;0,221208602;0,039948421;1;;;;;;;;;;;;;
481;0,566508061;0,358782434;0,133016123;1;0,202304481;0,142429665;-0,325651731;1;0,858141782;0,246011325;0,716283564;1;;;;;;;;;;;;;
482;0,311577318;0,512363606;-0,376845363;1;0,249531052;0,16659153;-0,168229828;1;0,400577439;0,276569694;-0,198845122;1;;;;;;;;;;;;;
483;0,242270334;0,445175197;-0,515459332;1;0,382633451;0,158777291;0,275444835;1;0,660062653;0,282875771;0,320125305;1;;;;;;;;;;;;;
484;0,59115955;0,43700362;0,182319099;1;0,355872483;0,156958287;0,18624161;1;0,628420201;0,273455084;0,256840401;1;;;;;;;;;;;;;
485;0,095522556;0,481114357;-0,808954887;1;0,393080033;0,155310907;0,310266775;1;0,663547793;0,280163761;0,327095585;1;;;;;;;;;;;;;
486;0,083776221;0,495348529;-0,832447558;1;0,388722153;0,161782729;0,295740509;1;0,383480991;0,279909645;-0,233038019;1;;;;;;;;;;;;;
487;0,073534899;0,450987048;-0,852930203;1;0,414629881;0,160661115;0,382099603;1;0,343380442;0,265548128;-0,313239116;1;;;;;;;;;;;;;
488;0,677997271;0,318078149;0,355994543;1;0,441060205;0,140178794;0,470200682;1;0,55331254;0,232576999;0,106625081;1;;;;;;;;;;;;;
489;0,827394531;0,306932104;0,654789062;1;0,38922953;0,130504168;0,297431768;1;0,912912389;0,240931351;0,825824778;1;;;;;;;;;;;;;
490;0,681035302;0,401377585;0,362070604;1;0,158814954;0,152753927;-0,470616821;1;0,065775832;0,253605066;-0,868448336;1;;;;;;;;;;;;;
491;0,636660195;0,440861456;0,27332039;1;0,255701075;0,160223202;-0,147663083;1;0,245632156;0,280686944;-0,508735688;1;;;;;;;;;;;;;
492;1,053518729;0,339074543;1,107037459;1;0,384292946;0,143746589;0,280976486;1;0,120018525;0,252751686;-0,759962949;1;;;;;;;;;;;;;
493;0,48112581;0,325131728;-0,03774838;1;0,440246586;0,141603327;0,46748862;1;0,797322992;0,235550285;0,594645983;1;;;;;;;;;;;;;
494;1,15516347;0,280708337;1,31032694;0;0,124689664;0,141401024;-0,584367786;1;0,051340671;0,231293394;-0,897318659;1;;;;;;;;;;;;;
495;0,281412905;0,395151564;-0,43717419;1;0,322573899;0,14994745;0,075246329;1;0,534231406;0,256177096;0,068462811;1;;;;;;;;;;;;;
496;-0,228211007;0,593312455;-1,456422014;1;0,575621145;0,169690871;0,918737152;1;0,92549102;0,289055732;0,85098204;1;;;;;;;;;;;;;
497;0,330432332;0,455516654;-0,339135336;1;0,147769344;0,159947994;-0,507435519;1;0,6661097;0,282279459;0,332219401;1;;;;;;;;;;;;;
498;-0,513812311;0,752526218;-2,027624622;1;0,318635497;0,175416143;0,062118324;1;0,690793363;0,295923194;0,381586726;1;;;;;;;;;;;;;
499;1,039438242;0,315167166;1,078876483;1;0,505066949;0,140567242;0,683556496;1;0,074308358;0,226971393;-0,851383283;1;;;;;;;;;;;;;
500;-0,013755241;0,682357002;-1,027510482;1;0,198891823;0,185164369;-0,337027257;1;0,610329594;0,32751928;0,220659188;1;;;;;;;;;;;;;
501;0,7666378;0,32867944;0,533275601;1;0,268078819;0,143845952;-0,106403935;1;0,604975157;0,227203387;0,209950314;1;;;;;;;;;;;;;
502;-0,726904058;1,219248732;-2,453808117;1;0,235718793;0,184340931;-0,21427069;1;-0,194590461;0,317702457;-1,389180922;0;;;;;;;;;;;;;
503;0,979767893;0,346625046;0,959535785;1;0,05083435;0,144228464;-0,830552167;1;0,510954814;0,256533829;0,021909629;1;;;;;;;;;;;;;
504;0,838518339;0,292808668;0,677036679;1;0,131865074;0,136671764;-0,560449754;1;0,667032616;0,229761142;0,334065231;1;;;;;;;;;;;;;
505;0,15806475;0,460460356;-0,6838705;1;0,197858837;0,161328319;-0,340470543;1;0,721083899;0,276734868;0,442167797;1;;;;;;;;;;;;;
506;0,278391513;0,450933055;-0,443216975;1;0,058379877;0,161869856;-0,805400409;1;0,638601766;0,268546628;0,277203532;1;;;;;;;;;;;;;
507;0,971482417;0,285771387;0,942964834;1;0,563805511;0,133733475;0,879351705;0;0,353540125;0,219343204;-0,292919749;1;;;;;;;;;;;;;
508;-0,356797383;0,811198073;-1,713594766;1;0,564086741;0,178949912;0,880289138;1;0,612191915;0,313874277;0,22438383;1;;;;;;;;;;;;;
509;0,889849392;0,254695496;0,779698784;1;0,161066047;0,125663546;-0,463113178;1;0,618989945;0,207593763;0,23797989;1;;;;;;;;;;;;;
510;0,7857059;0,343277624;0,5714118;1;0,28015174;0,142220844;-0,066160867;1;0,518910748;0,236148786;0,037821496;1;;;;;;;;;;;;;
511;0,73096383;0,378209339;0,461927661;1;0,155632428;0,149332065;-0,481225241;1;0,353520898;0,253005267;-0,292958203;1;;;;;;;;;;;;;
512;0,55760051;0,411967154;0,11520102;1;0,194892953;0,152349112;-0,350356824;1;0,553462715;0,273679645;0,10692543;1;;;;;;;;;;;;;
513;0,553914219;0,36838953;0,107828438;1;0,425340497;0,146562698;0,417801657;1;0,456912556;0,247847555;-0,086174887;1;;;;;;;;;;;;;
514;0,973161173;0,281954012;0,946322345;1;0,412196271;0,139998544;0,373987569;1;0,107360206;0,223303777;-0,785279588;1;;;;;;;;;;;;;
515;0,537301551;0,414733917;0,074603102;1;0,459432703;0,163074828;0,531442344;1;0,250844711;0,259339525;-0,498310579;1;;;;;;;;;;;;;
516;0,429761424;0,447272389;-0,140477153;1;0,169097842;0,169723145;-0,436340528;1;0,252970918;0,27665236;-0,494058163;1;;;;;;;;;;;;;
517;0,181779227;0,436588048;-0,636441546;1;0,121909301;0,154414016;-0,593635665;1;0,657518487;0,267682629;0,315036975;1;;;;;;;;;;;;;
518;0,942751164;0,2934687;0,885502327;1;0,510672701;0,131646198;0,702242338;1;0,214433022;0,215962022;-0,571133956;1;;;;;;;;;;;;;
519;0,376575595;0,416487809;-0,24684881;1;0,594036221;0,1487353;0,980120736;0;0,812221231;0,28156004;0,624442462;1;;;;;;;;;;;;;
520;0,252830848;0,645737881;-0,494338305;1;0,267212932;0,176691619;-0,109290226;1;0,353199882;0,298215255;-0,293600235;1;;;;;;;;;;;;;
521;0,720090748;0,401440074;0,440181495;1;0,217186281;0,159412187;-0,276045732;1;0,319390216;0,273667256;-0,361219568;1;;;;;;;;;;;;;
522;0,613112326;0,320843759;0,226224652;1;0,525319041;0,141412665;0,751063469;1;0,095853029;0,229277872;-0,808293942;1;;;;;;;;;;;;;
523;0,443305721;0,432818334;-0,113388559;1;0,193794702;0,156958581;-0,35401766;1;0,538265998;0,2826104;0,076531995;1;;;;;;;;;;;;;
524;0,434395927;0,380441271;-0,131208147;1;0,364585925;0,147112108;0,215286418;1;0,540965956;0,251721145;0,081931912;1;;;;;;;;;;;;;
525;1,220844703;0,330279101;1,441689407;0;0,214871099;0,149381599;-0,283763002;1;0,204309992;0,237642854;-0,591380016;1;;;;;;;;;;;;;
526;0,755187066;0,435377973;0,510374131;1;0,311522051;0,160959293;0,038406835;1;0,114394936;0,271343666;-0,771210128;1;;;;;;;;;;;;;
527;1,232457145;0,247764471;1,46491429;0;0,384233769;0,136125444;0,28077923;1;0,090294353;0,205719026;-0,819411293;0;;;;;;;;;;;;;
528;0,239529304;0,41231246;-0,520941391;1;0,499208868;0,150273742;0,664029561;1;0,740431811;0,265249916;0,480863622;1;;;;;;;;;;;;;
529;0,857117657;0,331102229;0,714235313;1;0,318134899;0,140548366;0,060449662;1;0,354946722;0,244653164;-0,290106557;1;;;;;;;;;;;;;
530;1,126098907;0,268828377;1,252197814;0;0,270658802;0,124583123;-0,097803994;1;0,542476033;0,214791747;0,084952065;1;;;;;;;;;;;;;
531;0,28304508;0,459097348;-0,43390984;1;0,350740249;0,159936829;0,169134162;1;0,763109522;0,273372041;0,526219044;1;;;;;;;;;;;;;
532;0,439147155;0,393635657;-0,12170569;1;0,460101301;0,15436067;0,533671002;1;0,349495929;0,250044171;-0,301008141;1;;;;;;;;;;;;;
533;0,666894371;0,399613437;0,333788743;1;0,460771117;0,158656288;0,535903722;1;0,343190316;0,25445942;-0,313619368;1;;;;;;;;;;;;;
534;0,735205771;0,396866748;0,470411542;1;0,290749323;0,15415812;-0,03083559;1;0,258875019;0,254720092;-0,482249961;1;;;;;;;;;;;;;
535;0,3284193;0,417145232;-0,3431614;1;0,360775222;0,154090838;0,202584075;1;0,462402996;0,257040985;-0,075194008;1;;;;;;;;;;;;;
536;0,390150958;0,365535081;-0,219698085;1;0,459470971;0,153380893;0,531569902;1;0,412493356;0,251380493;-0,175013288;1;;;;;;;;;;;;;
537;0,936815683;0,300403583;0,873631366;1;0,176848109;0,137171647;-0,410506302;1;0,4822842;0,232049718;-0,0354316;1;;;;;;;;;;;;;
538;0,747597923;0,332536461;0,495195846;1;0,439047771;0,141942305;0,463492571;1;0,514124817;0,246445942;0,028249633;1;;;;;;;;;;;;;
539;1,20379103;0,294785883;1,407582059;0;0,105836592;0,13378106;-0,647211361;1;0,277410861;0,227565039;-0,445178278;1;;;;;;;;;;;;;
540;1,130216185;0,313771578;1,26043237;0;-0,039794135;0,148712074;-1,132647116;0;0,156222958;0,245465069;-0,687554085;1;;;;;;;;;;;;;
541;0,68447162;0,389803138;0,36894324;1;-0,176300983;0,160647577;-1,587669942;0;0,520222313;0,25990374;0,040444626;1;;;;;;;;;;;;;
542;0,944582786;0,337119669;0,889165572;1;0,370426707;0,148009863;0,23475569;1;0,181757482;0,243313692;-0,636485037;1;;;;;;;;;;;;;
543;0,318554509;0,423333463;-0,362890983;1;0,409506021;0,157011174;0,365020071;1;0,372324387;0,275348993;-0,255351225;1;;;;;;;;;;;;;
544;1,009120418;0,33061682;1,018240835;1;0,172333291;0,144079135;-0,425555696;1;0,110421777;0,246616888;-0,779156445;1;;;;;;;;;;;;;
545;0,301668766;0,456069826;-0,396662468;1;0,241519063;0,163036584;-0,194936455;1;0,679405848;0,277013547;0,358811696;1;;;;;;;;;;;;;
546;0,969905901;0,362098978;0,939811803;1;0,302263222;0,149977746;0,007544073;1;0,259095533;0,257945038;-0,481808933;1;;;;;;;;;;;;;
547;0,90694809;0,389958601;0,813896181;1;0,212221797;0,152169815;-0,292594009;1;0,255074727;0,273830313;-0,489850545;1;;;;;;;;;;;;;
548;0,447801815;0,33506358;-0,10439637;1;0,221298248;0,138757359;-0,262339172;1;0,924871296;0,25251786;0,849742591;1;;;;;;;;;;;;;
549;0,428353851;0,399658632;-0,143292298;1;0,1944772;0,149299936;-0,351742666;1;1,009708452;0,268984415;1,019416904;1;;;;;;;;;;;;;
550;0,014901412;0,524417241;-0,970197176;1;0,468823518;0,166658024;0,56274506;1;0,801774763;0,288358847;0,603549525;1;;;;;;;;;;;;;
551;0,880081821;0,360247008;0,760163642;1;0,1746083;0,14748201;-0,417972332;1;0,245695191;0,249680865;-0,508609619;1;;;;;;;;;;;;;
552;0,870136152;0,307128687;0,740272303;1;0,258837952;0,131397156;-0,137206827;1;0,633783706;0,233981601;0,267567412;1;;;;;;;;;;;;;
553;0,60788985;0,344831967;0,215779701;1;0,48509556;0,141055523;0,616985199;1;0,702116183;0,238109876;0,404232366;1;;;;;;;;;;;;;
554;0,175484977;0,449601711;-0,649030046;1;0,391672325;0,153989498;0,305574416;1;0,714235551;0,290971925;0,428471103;1;;;;;;;;;;;;;
555;0,020199728;0,412867271;-0,959600544;1;0,356574439;0,155685451;0,188581462;1;0,866669387;0,264868624;0,733338774;1;;;;;;;;;;;;;
556;1,278943507;0,290389171;1,557887014;0;0,382053742;0,134956835;0,273512474;1;0,002224418;0,220472329;-0,995551163;0;;;;;;;;;;;;;
557;0,126537842;0,427392895;-0,746924315;1;0,09198898;0,152342621;-0,693370067;1;0,847427643;0,267629789;0,694855286;1;;;;;;;;;;;;;
558;0,241748413;0,528124292;-0,516503173;1;0,15322697;0,166847569;-0,489243434;1;0,454941727;0,296085651;-0,090116545;1;;;;;;;;;;;;;
559;0,46619897;0,46992541;-0,067602061;1;0,152924563;0,161034146;-0,490251458;1;0,259603231;0,275510971;-0,480793539;1;;;;;;;;;;;;;
560;0,54215851;0,41707868;0,08431702;1;0,333442782;0,151771508;0,11147594;1;0,364267792;0,254854487;-0,271464417;1;;;;;;;;;;;;;
561;0,394221095;0,438411788;-0,21155781;1;0,258486913;0,154066717;-0,138376957;1;0,809723959;0,260176755;0,619447919;1;;;;;;;;;;;;;
562;0,415524825;0,430158928;-0,16895035;1;0,250865801;0,149919833;-0,163780662;1;0,632732818;0,264953322;0,265465636;1;;;;;;;;;;;;;
563;0,177167831;0,420385849;-0,645664337;1;0,386107438;0,151195995;0,287024794;1;1,246495581;0,273973681;1,492991162;0;;;;;;;;;;;;;
564;0,883206958;0,315184694;0,766413915;1;0,258982653;0,140632357;-0,13672449;1;0,337155999;0,246163754;-0,325688003;1;;;;;;;;;;;;;
565;0,493541975;0,37447517;-0,012916051;1;0,176766427;0,161329359;-0,410778576;1;0,256745297;0,271210927;-0,486509407;1;;;;;;;;;;;;;
566;1,119724368;0,276192799;1,239448737;0;-0,000140585;0,124301128;-1,000468616;0;0,654349513;0,219134475;0,308699025;1;;;;;;;;;;;;;
567;0,88918518;0,305531982;0,77837036;1;0,293265809;0,131574498;-0,022447303;1;0,681845088;0,229443573;0,363690176;1;;;;;;;;;;;;;
568;-1,151239811;1,993098534;-3,302479622;1;0,203349059;0,190254213;-0,322169805;1;0,309055896;0,317400326;-0,381888209;1;;;;;;;;;;;;;
569;0,051029864;0,609590639;-0,897940272;1;0,47954337;0,169568794;0,598477901;1;0,293093703;0,285261065;-0,413812594;1;;;;;;;;;;;;;
570;0,562598681;0,402820247;0,125197362;1;0,05346708;0,161993271;-0,821776401;1;0,462845804;0,265928311;-0,074308393;1;;;;;;;;;;;;;
571;0,510722547;0,407609928;0,021445094;1;0,161609051;0,15623549;-0,461303165;1;0,585598578;0,273568991;0,171197157;1;;;;;;;;;;;;;
572;0,496853709;0,465068655;-0,006292583;1;0,137736313;0,158862329;-0,540878956;1;0,050000926;0,273383602;-0,899998148;1;;;;;;;;;;;;;
573;0,609759764;0,41800702;0,219519528;1;0,324921111;0,152205831;0,083070371;1;0,083339816;0,277417613;-0,833320368;1;;;;;;;;;;;;;
574;0,092466592;0,446859709;-0,815066817;1;0,213438325;0,15975246;-0,288538917;1;0,950911709;0,283125372;0,901823419;1;;;;;;;;;;;;;
575;0,243285002;0,519188312;-0,513429996;1;0,296903316;0,171561484;-0,010322278;1;0,579719728;0,281975557;0,159439456;1;;;;;;;;;;;;;
576;0,496315826;0,413671766;-0,007368348;1;0,120523657;0,151943992;-0,598254476;1;0,570172293;0,269513631;0,140344587;1;;;;;;;;;;;;;
577;0,69732358;0,382437774;0,39464716;1;-0,062802317;0,154661685;-1,209341056;0;0,494743325;0,263314507;-0,010513351;1;;;;;;;;;;;;;
578;0,814592185;0,30733825;0,629184371;1;0,26503826;0,135983501;-0,116539132;1;0,5331256;0,239659273;0,0662512;1;;;;;;;;;;;;;
579;0,915929391;0,334169619;0,831858781;1;0,15036019;0,146974179;-0,498799368;1;0,30388104;0,24185645;-0,39223792;1;;;;;;;;;;;;;
580;0,316942653;0,507157497;-0,366114695;1;0,235167305;0,16290723;-0,216108984;1;0,342020971;0,279470266;-0,315958057;1;;;;;;;;;;;;;
581;0,47275181;0,389219944;-0,05449638;1;0,137356763;0,152888216;-0,542144123;1;0,804941661;0,256861452;0,609883323;1;;;;;;;;;;;;;
582;0,82519283;0,305561159;0,650385661;1;0,181387983;0,140984597;-0,395373391;1;0,554393046;0,243583906;0,108786093;1;;;;;;;;;;;;;
583;0,784514246;0,306492556;0,569028492;1;0,498213988;0,126417444;0,660713295;1;0,732796659;0,22599377;0,465593319;1;;;;;;;;;;;;;
584;0,56375218;0,391750089;0,12750436;1;0,684137578;0,155482785;1,280458593;0;0,286182807;0,25381628;-0,427634387;1;;;;;;;;;;;;;
585;0,272831853;0,537203287;-0,454336294;1;0,450702957;0,158895095;0,50234319;1;0,480577494;0,270129363;-0,038845012;1;;;;;;;;;;;;;
586;0,528069175;0,561235653;0,05613835;1;0,345707954;0,177309291;0,152359846;1;0,200951316;0,291848068;-0,598097369;1;;;;;;;;;;;;;
587;0,757451917;0,395221523;0,514903834;1;0,268209417;0,147336567;-0,105968611;1;0,72011679;0,265992812;0,440233579;1;;;;;;;;;;;;;
588;-0,451974692;0,632286353;-1,903949383;1;0,490628556;0,164588081;0,63542852;1;0,702965659;0,280970694;0,405931317;1;;;;;;;;;;;;;
589;0,329420787;0,425537011;-0,341158425;1;0,418322969;0,156170271;0,394409896;1;0,676423633;0,269096564;0,352847266;1;;;;;;;;;;;;;
590;0,506500632;0,363781198;0,013001264;1;0,451018821;0,148811094;0,503396068;1;0,615250678;0,250521838;0,230501357;1;;;;;;;;;;;;;
591;0,77541772;0,329332756;0,55083544;1;0,494601563;0,13669354;0,648671878;1;0,502302029;0,226791809;0,004604057;1;;;;;;;;;;;;;
592;1,005555884;0,285280992;1,011111768;1;0,317525983;0,13351772;0,058419945;1;0,351763018;0,227287781;-0,296473964;1;;;;;;;;;;;;;
593;0,985104958;0,321705429;0,970209917;1;0,638024981;0,14219191;1,126749937;0;0,12773293;0,242010134;-0,74453414;1;;;;;;;;;;;;;
594;-0,032049507;0,713268769;-1,064099014;1;-0,058286429;0,193936236;-1,194288096;1;0,745411003;0,319015799;0,490822007;1;;;;;;;;;;;;;
595;0,424845992;0,409858645;-0,150308015;1;0,193035526;0,158516957;-0,356548247;1;0,617887459;0,264942847;0,235774918;1;;;;;;;;;;;;;
596;0,240547837;0,405876729;-0,518904326;1;0,611694053;0,149817769;1,038980176;0;0,882292763;0,257830246;0,764585526;1;;;;;;;;;;;;;
597;0,710483993;0,356427064;0,420967985;1;0,257568183;0,150032526;-0,141439389;1;0,300298783;0,252672601;-0,399402434;1;;;;;;;;;;;;;
598;0,083244006;0,48404785;-0,833511988;1;0,699983056;0,162093437;1,333276852;0;0,298308846;0,271274348;-0,403382308;1;;;;;;;;;;;;;
599;0,777950136;0,318621212;0,555900271;1;0,250388241;0,139256294;-0,165372529;1;0,404459421;0,222169433;-0,191081159;1;;;;;;;;;;;;;
600;0,720229238;0,323319965;0,440458477;1;0,363814232;0,145804876;0,212714107;1;0,511859621;0,244774283;0,023719242;1;;;;;;;;;;;;;
601;0,21719954;0,379017561;-0,565600919;1;0,348202949;0,145462249;0,160676496;1;0,885587759;0,249995008;0,771175519;1;;;;;;;;;;;;;
602;-1,657846776;1,747320843;-4,315693552;1;0,469054594;0,193338309;0,563515312;1;0,698189514;0,333593137;0,396379028;1;;;;;;;;;;;;;
603;0,953223557;0,257162608;0,906447115;1;0,689352446;0,127760834;1,297841487;0;0,204921608;0,199522604;-0,590156784;1;;;;;;;;;;;;;
604;0,99329616;0,333056841;0,986592321;1;0,231941035;0,148553059;-0,226863216;1;0,198490675;0,238760325;-0,603018651;1;;;;;;;;;;;;;
605;0,25655583;0,372735948;-0,486888341;1;0,273833248;0,152179844;-0,087222506;1;0,882311792;0,24712349;0,764623584;1;;;;;;;;;;;;;
606;0,297125025;0,539706704;-0,405749951;1;0,139089062;0,172134199;-0,536369794;1;0,002272958;0,286656322;-0,995454084;1;;;;;;;;;;;;;
607;0,273169053;0,442217628;-0,453661894;1;0,674535315;0,155339639;1,248451051;0;0,567085646;0,259612339;0,134171292;1;;;;;;;;;;;;;
608;0,649886236;0,358944014;0,299772472;1;0,034634258;0,15695966;-0,884552474;1;0,655104518;0,246483118;0,310209036;1;;;;;;;;;;;;;
609;0,581321612;0,328692014;0,162643224;1;0,441980719;0,140392176;0,473269064;1;0,708949147;0,226166842;0,417898294;1;;;;;;;;;;;;;
610;0,943559579;0,282074355;0,887119157;1;0,427370239;0,133195704;0,424567462;1;0,343945518;0,22039446;-0,312108965;1;;;;;;;;;;;;;
611;0,732511249;0,328661239;0,465022499;1;0,23616719;0,14156485;-0,212776035;1;0,609192648;0,237298302;0,218385296;1;;;;;;;;;;;;;
612;0,385903398;0,356724014;-0,228193204;1;0,251748666;0,143619061;-0,160837779;1;0,858491456;0,246441823;0,716982913;1;;;;;;;;;;;;;
613;0,989719901;0,310414381;0,979439803;1;0,248227323;0,136483159;-0,172575589;1;0,397190018;0,229516649;-0,205619963;1;;;;;;;;;;;;;
614;0,526224549;0,38712072;0,052449099;1;0,320370078;0,150458117;0,067900259;1;0,267530467;0,260946045;-0,464939066;1;;;;;;;;;;;;;
615;0,704628555;0,317482088;0,409257111;1;0,179093268;0,140250457;-0,40302244;1;0,663984835;0,239284843;0,327969671;1;;;;;;;;;;;;;
616;0,103570704;0,524866513;-0,792858593;1;0,154379245;0,166635706;-0,485402517;1;0,811567598;0,301977756;0,623135195;1;;;;;;;;;;;;;
617;0,062093956;0,485132971;-0,875812088;1;0,138628137;0,158948415;-0,537906211;1;0,809875041;0,275125569;0,619750082;1;;;;;;;;;;;;;
618;1,216534364;0,292406808;1,433068728;0;0,626917009;0,130320428;1,089723364;0;0,271209502;0,222999826;-0,457580997;1;;;;;;;;;;;;;
619;0,45979699;0,437560538;-0,08040602;1;0,331108398;0,154973677;0,103694659;1;0,619071676;0,280290092;0,238143353;1;;;;;;;;;;;;;
620;1,018548372;0,335121808;1,037096743;1;0,344437173;0,147589702;0,148123909;1;0,195133485;0,23522596;-0,609733031;1;;;;;;;;;;;;;
621;0,731071194;0,331673145;0,462142387;1;0,238632398;0,140740638;-0,204558674;1;0,572969343;0,249384942;0,145938687;1;;;;;;;;;;;;;
622;0,348346154;0,518321484;-0,303307692;1;0,323095497;0,164663662;0,076984989;1;0,428506983;0,268940701;-0,142986035;1;;;;;;;;;;;;;
623;0,583224176;0,444543228;0,166448352;1;0,185405684;0,165867869;-0,381981054;1;0,369379933;0,276710076;-0,261240134;1;;;;;;;;;;;;;
624;0,10180228;0,51335722;-0,79639544;1;0,328855509;0,164073996;0,09618503;1;0,420829817;0,281722253;-0,158340365;1;;;;;;;;;;;;;
625;0,950741451;0,326396312;0,901482902;1;0,188616119;0,138779645;-0,371279602;1;0,414293729;0,251035982;-0,171412542;1;;;;;;;;;;;;;
626;-0,427177903;0,788884786;-1,854355806;1;0,231085329;0,176736617;-0,229715571;1;0,828591856;0,310004465;0,657183711;1;;;;;;;;;;;;;
627;0,506231951;0,457827945;0,012463902;1;0,436580932;0,158198918;0,455269773;1;0,586795493;0,276971234;0,173590986;1;;;;;;;;;;;;;
628;1,172016199;0,254435351;1,344032398;0;0,271130335;0,124336059;-0,096232217;1;0,391087491;0,210530687;-0,217825019;1;;;;;;;;;;;;;
629;-0,528387875;0,753769615;-2,05677575;1;0,387236451;0,180723047;0,290788171;1;0,965193915;0,31850576;0,930387829;1;;;;;;;;;;;;;
630;-0,094538988;0,717760053;-1,189077975;1;0,162880197;0,175897677;-0,457066011;1;0,330268599;0,30728147;-0,339462803;1;;;;;;;;;;;;;
631;-0,164682269;0,645912837;-1,329364537;1;0,151077854;0,17747957;-0,496407152;1;0,539135711;0,295766851;0,078271422;1;;;;;;;;;;;;;
632;1,011552998;0,31279706;1,023105997;1;0,300557704;0,13874953;0,001859013;1;0,326193939;0,239181126;-0,347612123;1;;;;;;;;;;;;;
633;-0,073303334;0,482358148;-1,146606667;1;0,4000937;0,156400468;0,333645667;1;0,911793032;0,264764232;0,823586063;1;;;;;;;;;;;;;
634;0,960950933;0,281550095;0,921901865;1;0,379723205;0,132864948;0,265744017;1;0,357142859;0,225980953;-0,285714282;1;;;;;;;;;;;;;
635;0,31755494;0,549312352;-0,36489012;1;0,520503008;0,168516764;0,735010027;1;0,00515491;0,277276264;-0,98969018;1;;;;;;;;;;;;;
636;-0,701059117;0,899913692;-2,402118234;1;0,39926128;0,184548085;0,330870933;1;0,880194538;0,338461416;0,760389077;1;;;;;;;;;;;;;
637;0,876772675;0,359309491;0,753545351;1;0,288332594;0,147271233;-0,038891353;1;0,138027395;0,242501428;-0,723945211;1;;;;;;;;;;;;;
638;-0,068814681;0,505772138;-1,137629362;1;0,227579628;0,16720752;-0,241401241;1;0,844776483;0,291141203;0,689552966;1;;;;;;;;;;;;;
639;0,465232453;0,355673247;-0,069535095;1;0,361947951;0,14534172;0,20649317;1;0,660422688;0,233801987;0,320845375;1;;;;;;;;;;;;;
640;0,177453591;0,385996216;-0,645092818;1;0,69780268;0,145725728;1,326008935;0;0,815862759;0,251287737;0,631725517;1;;;;;;;;;;;;;
641;0,72673554;0,381914085;0,453471079;1;0,280650996;0,141017718;-0,064496681;1;0,605508809;0,24588219;0,211017618;1;;;;;;;;;;;;;
642;0,720785826;0,397937476;0,441571653;1;0,029975567;0,157205551;-0,900081443;1;0,217830571;0,263464789;-0,564338858;1;;;;;;;;;;;;;
643;-0,43977072;0,743581044;-1,87954144;1;0,374030678;0,174556017;0,246768927;1;0,395955518;0,297979791;-0,208088964;1;;;;;;;;;;;;;
644;0,381852021;0,4018466;-0,236295959;1;0,419996001;0,148389241;0,399986669;1;0,460138301;0,253648475;-0,079723399;1;;;;;;;;;;;;;
645;1,026046351;0,329170022;1,052092702;1;0,455136139;0,144825761;0,517120463;1;0,489193052;0,252602573;-0,021613896;1;;;;;;;;;;;;;
646;0,014523295;0,411941271;-0,97095341;1;0,355295311;0,158335217;0,184317704;1;0,956289931;0,263203264;0,912579863;1;;;;;;;;;;;;;
647;0,702342623;0,342245365;0,404685247;1;0,25240496;0,141991986;-0,158650134;1;0,414503319;0,241789177;-0,170993361;1;;;;;;;;;;;;;
648;0,840443661;0,341546183;0,680887321;1;0,262696365;0,151296034;-0,12434545;1;0,212026122;0,258394272;-0,575947757;1;;;;;;;;;;;;;
649;0,279238957;0,433959599;-0,441522086;1;0,40458466;0,156584755;0,348615533;1;0,404898173;0,259381597;-0,190203654;1;;;;;;;;;;;;;
650;-0,033609076;0,705613317;-1,067218152;1;0,103013004;0,176405762;-0,656623319;1;0,384453445;0,293637793;-0,23109311;1;;;;;;;;;;;;;
651;1,253738019;0,271767384;1,507476039;0;0,414619231;0,127563691;0,382064102;1;0,530939999;0,221697792;0,061879998;1;;;;;;;;;;;;;
652;0,481212451;0,470717987;-0,037575099;1;0,365260354;0,16769239;0,217534512;1;0,214693541;0,267025626;-0,570612917;1;;;;;;;;;;;;;
653;0,500741694;0,352726474;0,001483388;1;0,203240294;0,148686276;-0,322532352;1;0,68228136;0,25820303;0,36456272;1;;;;;;;;;;;;;
654;1,163200357;0,293793555;1,326400715;0;0,340585645;0,132116343;0,135285482;1;0,163932399;0,22753768;-0,672135203;1;;;;;;;;;;;;;
655;0,451538365;0,456589537;-0,096923269;1;0,315786729;0,162927825;0,052622429;1;0,24486184;0,272164126;-0,51027632;1;;;;;;;;;;;;;
656;0,365783603;0,437900882;-0,268432793;1;0,331617282;0,155826871;0,105390939;1;0,783579753;0,269188355;0,567159505;1;;;;;;;;;;;;;
657;0,84350558;0,302934287;0,687011159;1;0,278623538;0,138155464;-0,071254872;1;0,558997575;0,239541363;0,117995151;1;;;;;;;;;;;;;
658;0,612992451;0,357408595;0,225984901;1;0,480271462;0,144761303;0,600904874;1;0,220139087;0,241267769;-0,559721826;1;;;;;;;;;;;;;
659;0,817205038;0,324720385;0,634410077;1;0,279125424;0,144647201;-0,069581921;1;0,508691219;0,238303875;0,017382439;1;;;;;;;;;;;;;
660;0,955223305;0,28956627;0,910446611;1;0,415966203;0,132257522;0,38655401;1;0,399311342;0,21526062;-0,201377316;1;;;;;;;;;;;;;
661;1,191346891;0,277778921;1,382693783;0;0,411210202;0,131250281;0,370700672;1;0,259353885;0,222527219;-0,481292229;1;;;;;;;;;;;;;
662;0,826709164;0,348085355;0,653418329;1;0,311048984;0,143255078;0,036829947;1;0,419020964;0,252282499;-0,161958071;1;;;;;;;;;;;;;
663;0,622509126;0,376073425;0,245018252;1;0,279435567;0,146132805;-0,068548109;1;0,477405866;0,264842788;-0,045188268;1;;;;;;;;;;;;;
664;1,268473807;0,327994818;1,536947615;0;0,143743183;0,140781732;-0,520856058;1;-0,067620399;0,244912333;-1,135240799;0;;;;;;;;;;;;;
665;0,942753922;0,337018715;0,885507843;1;0,17371848;0,148380205;-0,420938399;1;0,252408761;0,253248343;-0,495182479;1;;;;;;;;;;;;;
666;-0,133155064;0,536736217;-1,266310128;1;0,439247534;0,165805219;0,464158447;1;0,786514993;0,275415455;0,573029986;1;;;;;;;;;;;;;
667;-0,138437133;0,545799331;-1,276874265;1;-0,077904789;0,173126665;-1,259682631;0;0,909018445;0,297207781;0,81803689;1;;;;;;;;;;;;;
668;0,622676966;0,338506346;0,245353932;1;0,241913596;0,140621671;-0,193621346;1;0,882418428;0,255325582;0,764836857;1;;;;;;;;;;;;;
669;0,229725362;0,411428555;-0,540549276;1;0,439405899;0,15192775;0,464686331;1;0,82140826;0,249718825;0,64281652;1;;;;;;;;;;;;;
670;0,560505917;0,32808079;0,121011834;1;0,376570976;0,140301738;0,255236585;1;0,487535708;0,2364495;-0,024928583;1;;;;;;;;;;;;;
671;0,202922195;0,569379828;-0,59415561;1;0,211666712;0,170302978;-0,294444293;1;0,348629937;0,288199406;-0,302740125;1;;;;;;;;;;;;;
672;1,074481773;0,311362666;1,148963546;1;0,250662738;0,143760798;-0,16445754;1;0,390507875;0,254192416;-0,218984251;1;;;;;;;;;;;;;
673;0,715763177;0,315394953;0,431526353;1;0,194948229;0,141967568;-0,350172569;1;0,467943853;0,248386547;-0,064112294;1;;;;;;;;;;;;;
674;0,859711297;0,382915633;0,719422594;1;0,275356067;0,155186565;-0,082146443;1;0,227051444;0,27188498;-0,545897112;1;;;;;;;;;;;;;
675;-0,040229761;0,545448827;-1,080459522;1;0,23654171;0,167409365;-0,211527635;1;0,652231973;0,279812712;0,304463946;1;;;;;;;;;;;;;
676;0,916390334;0,272728771;0,832780667;1;0,542997285;0,131566382;0,80999095;1;0,36325051;0,205105345;-0,273498981;1;;;;;;;;;;;;;
677;0,469095804;0,360215564;-0,061808393;1;0,253850494;0,15188205;-0,153831686;1;0,565842854;0,254590044;0,131685707;1;;;;;;;;;;;;;
678;0,631411111;0,37205129;0,262822221;1;0,196292134;0,157786658;-0,345692888;1;0,284819583;0,257910221;-0,430360834;1;;;;;;;;;;;;;
679;0,238132185;0,399411943;-0,523735631;1;0,19508094;0,154399775;-0,349730199;1;0,821252818;0,259448082;0,642505636;1;;;;;;;;;;;;;
680;0,036470084;0,588242468;-0,927059833;1;0,291781934;0,168611975;-0,027393555;1;0,802721044;0,291117004;0,605442087;1;;;;;;;;;;;;;
681;0,600950583;0,342528431;0,201901167;1;0,23653188;0,145105036;-0,2115604;1;0,731699797;0,243815581;0,463399594;1;;;;;;;;;;;;;
682;0,523242041;0,37758903;0,046484082;1;0,307348964;0,144900729;0,024496546;1;0,42849402;0,249844757;-0,14301196;1;;;;;;;;;;;;;
683;0,896174949;0,24832186;0,792349898;1;0,516817234;0,118661073;0,722724112;1;0,555391883;0,200546541;0,110783767;1;;;;;;;;;;;;;
684;0,800664021;0,355435413;0,601328042;1;0,29975796;0,14437418;-0,000806801;1;0,322801336;0,261346975;-0,354397329;1;;;;;;;;;;;;;
685;1,247257684;0,262173154;1,494515368;0;0,498241106;0,132243632;0,660803688;1;-0,140500046;0,211411822;-1,281000092;0;;;;;;;;;;;;;
686;0,624193696;0,346019448;0,248387393;1;0,23416019;0,145194906;-0,219466034;1;0,303512299;0,244283759;-0,392975402;1;;;;;;;;;;;;;
687;0,505916268;0,500416895;0,011832536;1;0,225601197;0,164910663;-0,247996009;1;0,021465791;0,287764123;-0,957068419;1;;;;;;;;;;;;;
688;0,364053758;0,449194946;-0,271892483;1;0,269748953;0,153378675;-0,100836823;1;0,356865012;0,265531584;-0,286269977;1;;;;;;;;;;;;;
689;-0,867211438;1,364016458;-2,734422877;1;0,315312628;0,196171596;0,051042092;1;0,569266237;0,343791748;0,138532474;1;;;;;;;;;;;;;
690;0,212120955;0,498496725;-0,57575809;1;0,404297278;0,167312206;0,347657595;1;0,515916425;0,284317371;0,031832851;1;;;;;;;;;;;;;
691;0,676377428;0,40273855;0,352754856;1;0,417178992;0,152976351;0,390596641;1;0,383559564;0,253200049;-0,232880873;1;;;;;;;;;;;;;
692;0,46795972;0,408598018;-0,064080561;1;0,477261903;0,149667937;0,590873011;1;0,946224939;0,264466269;0,892449878;1;;;;;;;;;;;;;
693;0,557807963;0,477665056;0,115615925;1;0,262870946;0,169553994;-0,123763515;1;0,111818633;0,29992932;-0,776362733;1;;;;;;;;;;;;;
694;0,987842303;0,285045929;0,975684607;1;0,238173109;0,130888709;-0,206089636;1;0,602180272;0,217684625;0,204360544;1;;;;;;;;;;;;;
695;0,793824234;0,343037406;0,587648468;1;0,13304343;0,144001261;-0,556521901;1;0,250293835;0,247283509;-0,49941233;1;;;;;;;;;;;;;
696;0,837378188;0,37635432;0,674756376;1;0,610340087;0,150324293;1,034466957;0;0,04020224;0,255796624;-0,91959552;1;;;;;;;;;;;;;
697;-0,045439009;0,713663766;-1,090878018;1;0,526522214;0,178773293;0,755074046;1;0,440117533;0,303951431;-0,119764934;1;;;;;;;;;;;;;
698;0,905704245;0,312265424;0,81140849;1;0,305583776;0,139667828;0,018612585;1;0,44533452;0,23830677;-0,10933096;1;;;;;;;;;;;;;
699;0,515683573;0,399097561;0,031367146;1;0,308626415;0,149379307;0,028754718;1;0,567060665;0,258304504;0,134121329;1;;;;;;;;;;;;;
700;-0,341260204;0,473727342;-1,682520407;1;0,340689389;0,159037278;0,135631298;1;1,267948652;0,263199985;1,535897304;0;;;;;;;;;;;;;
701;0,671352114;0,379489442;0,342704229;1;0,323447129;0,148744535;0,078157098;1;0,459902156;0,256719752;-0,080195689;1;;;;;;;;;;;;;
702;0,492722765;0,431945794;-0,014554471;1;0,309010843;0,154465296;0,030036144;1;0,819661819;0,266097829;0,639323638;1;;;;;;;;;;;;;
703;1,03177962;0,291481863;1,063559241;1;0,041497805;0,135191167;-0,861673983;1;0,532194732;0,22388765;0,064389465;1;;;;;;;;;;;;;
704;0,474873733;0,440608187;-0,050252535;1;0,492839705;0,158774801;0,642799017;1;0,413594644;0,282806661;-0,172810712;1;;;;;;;;;;;;;
705;1,070054359;0,300893189;1,140108718;1;0,225991846;0,136932133;-0,246693848;1;0,446514881;0,241375979;-0,106970238;1;;;;;;;;;;;;;
706;0,309359115;0,431292732;-0,38128177;1;0,319971853;0,159045939;0,066572843;1;0,286615139;0,25940655;-0,426769722;1;;;;;;;;;;;;;
707;0,067359605;0,449846447;-0,865280791;1;0,137654442;0,161089186;-0,54115186;1;0,848838837;0,26969151;0,697677673;1;;;;;;;;;;;;;
708;-0,973019775;1,171410289;-2,94603955;1;0,417682339;0,188420188;0,392274464;1;0,979210486;0,330265943;0,958420971;1;;;;;;;;;;;;;
709;1,059059608;0,293479376;1,118119216;1;0,275665832;0,1384448;-0,081113894;1;0,474405422;0,232888547;-0,051189155;1;;;;;;;;;;;;;
710;0,502337074;0,350834926;0,004674147;1;0,181201551;0,142511243;-0,395994829;1;0,909399451;0,23824571;0,818798903;1;;;;;;;;;;;;;
711;0,453368211;0,448414244;-0,093263578;1;0,268540373;0,156823632;-0,104865424;1;0,359675568;0,27048769;-0,280648865;1;;;;;;;;;;;;;
712;0,5781339;0,3900849;0,1562678;1;0,500544476;0,152758595;0,668481588;1;0,453788487;0,253388644;-0,092423026;1;;;;;;;;;;;;;
713;1,328082425;0,279926319;1,65616485;0;0,357392691;0,128997067;0,191308971;1;0,450313223;0,215127041;-0,099373554;1;;;;;;;;;;;;;
714;0,652308258;0,379975244;0,304616515;1;0,188875694;0,157054975;-0,370414353;1;0,253273785;0,27017772;-0,493452429;1;;;;;;;;;;;;;
715;-0,660234624;0,887725389;-2,320469249;1;0,401602107;0,186678196;0,338673689;1;1,03874738;0,339579573;1,077494759;1;;;;;;;;;;;;;
716;0,344608997;0,510322366;-0,310782006;1;0,214044521;0,172548675;-0,286518262;1;0,15223097;0,286283433;-0,695538061;1;;;;;;;;;;;;;
717;-0,286515673;0,702981973;-1,573031347;1;0,489885409;0,175316288;0,632951363;1;0,593685932;0,310875138;0,187371863;1;;;;;;;;;;;;;
718;0,932017338;0,33811887;0,864034675;1;0,292164727;0,139980905;-0,026117576;1;0,434083081;0,247235562;-0,131833837;1;;;;;;;;;;;;;
719;0,830780709;0,40647388;0,661561418;1;0,399945803;0,155352697;0,333152675;1;0,183504763;0,267770888;-0,632990475;1;;;;;;;;;;;;;
720;0,664363596;0,391484838;0,328727192;1;0,306914719;0,151241697;0,023049063;1;0,12748393;0,274045966;-0,745032141;1;;;;;;;;;;;;;
721;0,540362296;0,454117635;0,080724592;1;0,327763923;0,160387641;0,092546408;1;0,525510854;0,274079181;0,051021708;1;;;;;;;;;;;;;
722;0,602996227;0,435804286;0,205992455;1;0,180392202;0,159266049;-0,398692661;1;0,489252818;0,279930685;-0,021494363;1;;;;;;;;;;;;;
723;0,210775006;0,418404207;-0,578449988;1;0,416659192;0,154578917;0,388863973;1;0,423471513;0,259218086;-0,153056974;1;;;;;;;;;;;;;
724;-0,314664932;0,532729163;-1,629329864;1;0,371387555;0,16370261;0,237958516;1;0,965517924;0,287193291;0,931035848;1;;;;;;;;;;;;;
725;0,412319055;0,414912908;-0,175361889;1;0,240530573;0,152292996;-0,198231425;1;0,578554196;0,269125946;0,157108391;1;;;;;;;;;;;;;
726;0,131510218;0,467291698;-0,736979564;1;0,508003991;0,163978675;0,693346637;1;0,422693849;0,269766589;-0,154612301;1;;;;;;;;;;;;;
727;0,706973499;0,349868421;0,413946997;1;0,286121537;0,141950695;-0,046261544;1;0,150810516;0,257728279;-0,698378969;1;;;;;;;;;;;;;
728;0,600888282;0,377186196;0,201776564;1;-0,053160377;0,153470261;-1,177201258;0;0,536557347;0,282620584;0,073114694;1;;;;;;;;;;;;;
729;0,933257554;0,259965724;0,866515109;1;0,434604068;0,125423452;0,448680228;1;0,425851025;0,210222214;-0,14829795;1;;;;;;;;;;;;;
730;-0,142913735;0,592504639;-1,285827469;1;0,348622893;0,165838507;0,162076309;1;0,804566358;0,296966667;0,609132716;1;;;;;;;;;;;;;
731;0,425689438;0,485033914;-0,148621123;1;0,358417599;0,162470768;0,194725329;1;0,39981406;0,275732267;-0,20037188;1;;;;;;;;;;;;;
732;0,118487414;0,538449569;-0,763025171;1;0,383590954;0,166267821;0,278636512;1;0,112574519;0,287780574;-0,774850961;1;;;;;;;;;;;;;
733;0,778502191;0,384793566;0,557004383;1;0,439570585;0,152620121;0,465235284;1;0,008393136;0,246307297;-0,983213729;0;;;;;;;;;;;;;
734;0,867449071;0,310953173;0,734898142;1;0,111527583;0,139364044;-0,628241389;1;0,543607825;0,242067189;0,087215649;1;;;;;;;;;;;;;
735;0,947829415;0,329779155;0,89565883;1;0,23535982;0,145395444;-0,215467267;1;0,300074715;0,24145933;-0,399850571;1;;;;;;;;;;;;;
736;0,601214679;0,334034667;0,202429357;1;0,190518495;0,139448124;-0,364938349;1;0,603001042;0,255027836;0,206002085;1;;;;;;;;;;;;;
737;0,109964824;0,54919319;-0,780070353;1;0,212909783;0,171004457;-0,290300723;1;0,022953296;0,274742936;-0,954093407;1;;;;;;;;;;;;;
738;0,093947104;0,454054425;-0,812105791;1;0,454660495;0,156163224;0,515534985;1;0,796146951;0,28443336;0,592293902;1;;;;;;;;;;;;;
739;0,395742521;0,536063482;-0,208514958;1;0,111397724;0,1660506;-0,628674254;1;0,53983149;0,283173611;0,07966298;1;;;;;;;;;;;;;
740;0,86623717;0,34370768;0,73247434;1;0,535519511;0,14242582;0,785065035;1;0,221956054;0,241660607;-0,556087892;1;;;;;;;;;;;;;
741;0,54910134;0,38260653;0,098202681;1;0,317446415;0,154188241;0,058154718;1;0,322074938;0,2559804;-0,355850124;1;;;;;;;;;;;;;
742;0,71110505;0,29891317;0,4222101;1;0,199953445;0,135221576;-0,333488517;1;0,700866314;0,22838354;0,401732627;1;;;;;;;;;;;;;
743;0,515322398;0,392020429;0,030644795;1;0,296950664;0,154856204;-0,010164452;1;0,43393703;0,259072543;-0,132125941;1;;;;;;;;;;;;;
744;0,128814871;0,530804049;-0,742370259;1;0,322718745;0,171010299;0,07572915;1;0,468217251;0,288414548;-0,063565498;1;;;;;;;;;;;;;
745;0,724688569;0,341209736;0,449377138;1;0,154450231;0,145897496;-0,485165896;1;0,481490389;0,254545109;-0,037019222;1;;;;;;;;;;;;;
746;0,967543715;0,278360437;0,93508743;1;0,314685297;0,133402909;0,048950989;1;0,358426767;0,217415008;-0,283146465;1;;;;;;;;;;;;;
747;0,600094042;0,507218603;0,200188084;1;0,014699701;0,165303612;-0,951000996;1;0,2393853;0,28814557;-0,5212294;1;;;;;;;;;;;;;
748;0,484180983;0,327369705;-0,031638035;1;0,565431862;0,138351586;0,884772875;1;0,823829538;0,245324181;0,647659077;1;;;;;;;;;;;;;
749;0,133383255;0,448234233;-0,733233491;1;0,338516809;0,162137457;0,128389362;1;0,349565106;0,258072238;-0,300869787;1;;;;;;;;;;;;;
750;0,265548824;0,458892184;-0,468902351;1;0,598822943;0,157335291;0,996076478;1;0,715780811;0,262488277;0,431561623;1;;;;;;;;;;;;;
751;0,171074855;0,420059581;-0,657850289;1;0,579739209;0,153888473;0,932464031;1;0,687593862;0,254827513;0,375187724;1;;;;;;;;;;;;;
752;0,33046492;0,546147435;-0,339070159;1;0,355057044;0,166733056;0,183523479;1;0,095439248;0,274182146;-0,809121504;1;;;;;;;;;;;;;
753;1,061185366;0,315692789;1,122370732;1;0,259914239;0,142828445;-0,133619205;1;0,385184053;0,244673045;-0,229631895;1;;;;;;;;;;;;;
754;1,006263291;0,281915351;1,012526582;1;0,342172087;0,136192496;0,140573622;1;0,479000863;0,216858973;-0,041998275;1;;;;;;;;;;;;;
755;0,594223185;0,365790743;0,18844637;1;0,276356452;0,147057412;-0,078811828;1;0,540361922;0,250664749;0,080723844;1;;;;;;;;;;;;;
756;1,114116011;0,328118935;1,228232023;1;0,315434795;0,139645877;0,051449317;1;0,211296499;0,242826318;-0,577407001;1;;;;;;;;;;;;;
757;0,288848059;0,460778483;-0,422303882;1;0,417637242;0,159090537;0,39212414;1;0,396199704;0,279143229;-0,207600591;1;;;;;;;;;;;;;
758;0,386404919;0,410056622;-0,227190161;1;0,320212178;0,154268607;0,067373926;1;0,672321637;0,269346335;0,344643274;1;;;;;;;;;;;;;
759;1,058739817;0,279820619;1,117479635;0;0,38299997;0,130818372;0,276666566;1;0,247135478;0,220147592;-0,505729044;1;;;;;;;;;;;;;
760;0,204029797;0,379738504;-0,591940405;1;0,192407672;0,152861692;-0,358641095;1;0,959831062;0,259812858;0,919662124;1;;;;;;;;;;;;;
761;0,236992737;0,438526374;-0,526014525;1;0,375554425;0,152778424;0,251848082;1;0,645185743;0,262755041;0,290371485;1;;;;;;;;;;;;;
762;0,064343753;0,575565176;-0,871312495;1;0,440813126;0,169812111;0,469377088;1;0,524193658;0,294449288;0,048387315;1;;;;;;;;;;;;;
763;0,379366665;0,514248999;-0,241266671;1;0,037379218;0,164041001;-0,875402608;1;0,282170438;0,286352187;-0,435659124;1;;;;;;;;;;;;;
764;0,742540174;0,390994367;0,485080349;1;0,455457978;0,149810665;0,51819326;1;0,408719958;0,239180366;-0,182560084;1;;;;;;;;;;;;;
765;0,27382233;0,454733244;-0,45235534;1;0,190643368;0,154735302;-0,364522106;1;0,952986486;0,296247576;0,905972972;1;;;;;;;;;;;;;
766;1,126791459;0,276385149;1,253582918;0;0,162189587;0,13244498;-0,459368045;1;0,078408564;0,222221095;-0,843182872;1;;;;;;;;;;;;;
767;0,481291286;0,392412315;-0,037417428;1;-0,004751545;0,15871133;-1,015838484;1;0,605772073;0,269807731;0,211544146;1;;;;;;;;;;;;;
768;0,875440301;0,306331405;0,750880601;1;0,415220837;0,135108706;0,384069456;1;0,591649515;0,228546707;0,18329903;1;;;;;;;;;;;;;
769;0,89316464;0,307609628;0,786329279;1;0,342139893;0,139645937;0,140466312;1;0,533328798;0,236565903;0,066657597;1;;;;;;;;;;;;;
770;0,840787121;0,328886328;0,681574242;1;-0,035737049;0,140488294;-1,119123497;0;0,782554689;0,24700104;0,565109378;1;;;;;;;;;;;;;
771;0,91454453;0,358284063;0,82908906;1;0,202360085;0,151047937;-0,325466385;1;-0,290867618;0,247443924;-1,581735237;0;;;;;;;;;;;;;
772;0,864630764;0,42652661;0,729261528;1;0,204025499;0,155506412;-0,319915002;1;0,245555789;0,266028382;-0,508888422;1;;;;;;;;;;;;;
773;0,823742398;0,377473839;0,647484796;1;0,177120082;0,146079879;-0,409599728;1;0,6754743;0,265307242;0,3509486;1;;;;;;;;;;;;;
774;0,407412434;0,528933914;-0,185175133;1;0,499463077;0,165478838;0,664876924;1;0,22604517;0,276994998;-0,547909661;1;;;;;;;;;;;;;
775;0,222680848;0,506397519;-0,554638303;1;0,178071243;0,159392223;-0,406429189;1;0,492506996;0,278103721;-0,014986008;1;;;;;;;;;;;;;
776;0,493362622;0,489827869;-0,013274755;1;0,302351622;0,162617948;0,007838741;1;0,791594201;0,266349789;0,583188402;1;;;;;;;;;;;;;
777;0,086661393;0,739968369;-0,826677214;1;0,467643805;0,18323302;0,558812684;1;-0,228360942;0,325814551;-1,456721885;0;;;;;;;;;;;;;
778;0,82041581;0,313105745;0,640831619;1;0,250903648;0,141179968;-0,163654508;1;0,504253272;0,237517129;0,008506543;1;;;;;;;;;;;;;
779;1,140204969;0,289414361;1,280409938;0;0,173551653;0,136035561;-0,42149449;1;-0,135565255;0,219358341;-1,271130511;0;;;;;;;;;;;;;
780;0,028249378;0,505838022;-0,943501243;1;0,455341969;0,162662328;0,517806563;1;0,395652471;0,274296384;-0,208695057;1;;;;;;;;;;;;;
781;0,579895032;0,362806908;0,159790064;1;0,437210508;0,146921954;0,45736836;1;0,49431782;0,235090438;-0,011364359;1;;;;;;;;;;;;;
782;0,436777839;0,389185945;-0,126444323;1;0,344970844;0,148914586;0,149902812;1;0,643479853;0,252345412;0,286959706;1;;;;;;;;;;;;;
783;0,466296896;0,410502776;-0,067406208;1;0,343807537;0,151172638;0,146025125;1;0,644175422;0,268871894;0,288350844;1;;;;;;;;;;;;;
784;0,001488068;0,600468418;-0,997023864;1;0,118157608;0,174948593;-0,606141307;1;0,447396858;0,298523775;-0,105206285;1;;;;;;;;;;;;;
785;0,775563828;0,346608756;0,551127656;1;0,389978643;0,146551887;0,299928811;1;0,363006713;0,242356159;-0,273986575;1;;;;;;;;;;;;;
786;0,710141181;0,393221609;0,420282362;1;0,260827394;0,152344396;-0,130575354;1;0,226872991;0,246368341;-0,546254017;1;;;;;;;;;;;;;
787;0,696029887;0,338866032;0,392059774;1;0,480688149;0,141689786;0,602293828;1;0,604295801;0,238788167;0,208591602;1;;;;;;;;;;;;;
788;0,788510502;0,430498314;0,577021005;1;0,292123458;0,154653749;-0,026255142;1;-0,072074574;0,259227084;-1,144149148;0;;;;;;;;;;;;;
789;0,688745271;0,455312845;0,377490542;1;0,300410467;0,169217914;0,001368222;1;0,464762893;0,286844543;-0,070474213;1;;;;;;;;;;;;;
790;0,532616436;0,417542119;0,065232873;1;0,376900966;0,147367994;0,256336554;1;0,306723271;0,263172048;-0,386553459;1;;;;;;;;;;;;;
791;1,05251171;0,319063828;1,10502342;1;0,165803619;0,143913112;-0,447321269;1;0,339468124;0,252674239;-0,321063752;1;;;;;;;;;;;;;
792;0,834126206;0,365633713;0,668252411;1;0,393542122;0,150706638;0,311807075;1;0,042481303;0,242024124;-0,915037394;1;;;;;;;;;;;;;
793;0,533613317;0,369783859;0,067226635;1;0,380082491;0,152789728;0,266941636;1;0,279693637;0,256957646;-0,440612726;1;;;;;;;;;;;;;
794;0,407061854;0,413457622;-0,185876291;1;0,623267761;0,152658227;1,077559202;0;0,130258345;0,266603591;-0,739483309;1;;;;;;;;;;;;;
795;1,248702262;0,276645057;1,497404523;0;0,421671571;0,135027841;0,405571905;1;0,067316443;0,208996124;-0,865367113;0;;;;;;;;;;;;;
796;-0,006657573;0,656144083;-1,013315146;1;0,443575542;0,175995181;0,478585141;1;0,409663593;0,299096318;-0,180672814;1;;;;;;;;;;;;;
797;-0,38529201;0,681372522;-1,770584021;1;0,290237226;0,171270722;-0,03254258;1;0,377960115;0,287751877;-0,244079769;1;;;;;;;;;;;;;
798;0,420417186;0,461598424;-0,159165628;1;0,253277767;0,157133492;-0,155740776;1;0,168647941;0,28183158;-0,662704118;1;;;;;;;;;;;;;
799;0,690462418;0,408844667;0,380924836;1;0,367638887;0,150397052;0,225462957;1;0,068206812;0,266070058;-0,863586375;1;;;;;;;;;;;;;
800;-0,304979483;0,585435954;-1,609958965;1;0,222918389;0,165651951;-0,256938703;1;0,575588989;0,296568837;0,151177979;1;;;;;;;;;;;;;
801;-0,045848536;0,554646439;-1,091697073;1;0,386225409;0,164893302;0,287418031;1;0,737771528;0,297416394;0,475543056;1;;;;;;;;;;;;;
802;0,805777049;0,387605709;0,611554097;1;0,426171771;0,150507322;0,420572571;1;0,044590321;0,253220581;-0,910819359;1;;;;;;;;;;;;;
803;0,892726337;0,325578007;0,785452674;1;0,368382711;0,140954093;0,227942371;1;0,255998557;0,227402207;-0,488002887;1;;;;;;;;;;;;;
804;0,429214086;0,412265207;-0,141571828;1;0,379602869;0,150543735;0,265342897;1;0,767784815;0,277548186;0,535569629;1;;;;;;;;;;;;;
805;-0,202367351;0,452477779;-1,404734703;1;0,717635522;0,155907542;1,392118407;0;0,958361812;0,257157587;0,916723623;1;;;;;;;;;;;;;
806;1,124002976;0,286119013;1,248005951;0;0,193460113;0,138004816;-0,355132955;1;0,211153063;0,221846158;-0,577693875;1;;;;;;;;;;;;;
807;0,00928408;0,479863791;-0,98143184;1;0,22672392;0,155610199;-0,244253602;1;0,856623329;0,267058471;0,713246657;1;;;;;;;;;;;;;
808;-0,287924453;0,673405618;-1,575848907;1;0,478002797;0,174036008;0,593342658;1;0,54454341;0,302726342;0,089086819;1;;;;;;;;;;;;;
809;0,735606258;0,329799535;0,471212517;1;0,249159677;0,142697062;-0,169467743;1;0,404963243;0,239336938;-0,190073515;1;;;;;;;;;;;;;
810;0,272021055;0,494158552;-0,455957889;1;0,2817069;0,162443687;-0,060977;1;0,513824413;0,284015219;0,027648826;1;;;;;;;;;;;;;
811;-0,27255549;0,636802771;-1,54511098;1;0,391858854;0,173561662;0,306196182;1;0,759880933;0,29008986;0,519761866;1;;;;;;;;;;;;;
812;-0,131918149;0,460752378;-1,263836299;1;0,280276651;0,163182039;-0,065744497;1;0,664552818;0,270906792;0,329105637;1;;;;;;;;;;;;;
813;0,750029889;0,33051612;0,500059778;1;0,28199142;0,145390554;-0,060028601;1;0,463474098;0,251532263;-0,073051804;1;;;;;;;;;;;;;
814;0,574670599;0,344313655;0,149341198;1;0,385950677;0,143041139;0,286502257;1;0,493926036;0,244059584;-0,012147928;1;;;;;;;;;;;;;
815;0,435531578;0,422195675;-0,128936843;1;0,436958621;0,153452248;0,456528738;1;0,376918841;0,261496051;-0,246162318;1;;;;;;;;;;;;;
816;0,504855576;0,424217107;0,009711152;1;0,616772581;0,156716052;1,055908603;0;0,248396603;0,272599505;-0,503206794;1;;;;;;;;;;;;;
817;0,677939292;0,312043639;0,355878585;1;0,31958097;0,138499274;0,065269899;1;0,596389053;0,233139494;0,192778106;1;;;;;;;;;;;;;
818;0,735355193;0,377872907;0,470710386;1;0,120954499;0,142832036;-0,596818337;1;0,864986031;0,257513357;0,729972062;1;;;;;;;;;;;;;
819;0,096482607;0,445305928;-0,807034787;1;0,380512277;0,155880843;0,268374257;1;0,608336517;0,270211385;0,216673033;1;;;;;;;;;;;;;
820;0,786097793;0,411388075;0,572195585;1;0,391191462;0,1522309;0,30397154;1;0,200363862;0,273455721;-0,599272276;1;;;;;;;;;;;;;
821;0,547560983;0,374496773;0,095121965;1;0,645411924;0,145029932;1,151373082;0;0,853405529;0,245439021;0,706811058;1;;;;;;;;;;;;;
822;0,912537915;0,341364733;0,825075831;1;0,519736203;0,14306504;0,73245401;1;0,210134774;0,237988832;-0,579730452;1;;;;;;;;;;;;;
823;0,441748033;0,309648494;-0,116503935;1;0,114492824;0,140853433;-0,618357252;1;0,966587916;0,242791365;0,933175832;1;;;;;;;;;;;;;
824;-0,891457754;1,250012309;-2,782915507;1;0,395183321;0,192043204;0,317277738;1;0,715373373;0,328784436;0,430746746;1;;;;;;;;;;;;;
825;0,831289352;0,315178083;0,662578704;1;0,3991455;0,140386002;0,330484999;1;0,724745598;0,23623563;0,449491195;1;;;;;;;;;;;;;
826;-0,114121834;0,932993543;-1,228243668;1;0,250633961;0,181370102;-0,164553464;1;0,062397717;0,305707583;-0,875204565;1;;;;;;;;;;;;;
827;0,270305875;0,424175197;-0,459388249;1;0,298912705;0,158874317;-0,003624316;1;0,782780869;0,27509677;0,565561738;1;;;;;;;;;;;;;
828;-0,002095935;0,513159835;-1,00419187;1;0,331192518;0,165420082;0,103975061;1;0,333544621;0,285623316;-0,332910757;1;;;;;;;;;;;;;
829;0,586895604;0,529998164;0,173791208;1;0,113799171;0,17276904;-0,620669431;1;0,269519245;0,29789868;-0,46096151;1;;;;;;;;;;;;;
830;0,469902162;0,470919897;-0,060195677;1;0,598862711;0,158963823;0,996209038;1;0,231350054;0,255186268;-0,537299891;1;;;;;;;;;;;;;
831;0,836048923;0,290973719;0,672097846;1;0,384875459;0,134465908;0,282918198;1;0,436587098;0,218595076;-0,126825805;1;;;;;;;;;;;;;
832;0,842725508;0,41150055;0,685451017;1;0,109857847;0,153354616;-0,633807176;1;0,147483126;0,262802166;-0,705033749;1;;;;;;;;;;;;;
833;0,326523225;0,350712198;-0,346953551;1;0,458364412;0,144230555;0,527881372;1;0,842578366;0,236056085;0,685156732;1;;;;;;;;;;;;;
834;0,698096517;0,56569204;0,396193034;1;0,020792893;0,180406248;-0,930690355;1;0,200279131;0,29916834;-0,599441738;1;;;;;;;;;;;;;
835;0,182870152;0,623048556;-0,634259696;1;0,258459527;0,171155775;-0,138468244;1;0,402268454;0,307876495;-0,195463091;1;;;;;;;;;;;;;
836;-0,044658981;0,666343341;-1,089317962;1;0,328459172;0,173407585;0,094863908;1;0,590388657;0,313247678;0,180777314;1;;;;;;;;;;;;;
837;0,35666455;0,399103866;-0,2866709;1;0,435550962;0,146583337;0,45183654;1;0,775161146;0,25280436;0,550322292;1;;;;;;;;;;;;;
838;0,732053224;0,389174746;0,464106447;1;0,36967705;0,148124428;0,232256834;1;0,154450621;0,265501219;-0,691098759;1;;;;;;;;;;;;;
839;0,538602138;0,395591971;0,077204276;1;0,239978268;0,153619814;-0,200072441;1;0,440321924;0,258527112;-0,119356153;1;;;;;;;;;;;;;
840;1,472289711;0,310352573;1,944579423;0;0,164309848;0,142448142;-0,452300506;1;-0,055813239;0,23918621;-1,111626478;0;;;;;;;;;;;;;
841;-0,553256457;0,838085604;-2,106512915;1;0,023033074;0,175172273;-0,923223086;1;0,669859012;0,309809463;0,339718024;1;;;;;;;;;;;;;
842;0,428509534;0,442468098;-0,142980931;1;0,493646693;0,159426868;0,645488977;1;0,721649616;0,270189557;0,443299232;1;;;;;;;;;;;;;
843;0,381629709;0,373749973;-0,236740582;1;0,253828314;0,150266191;-0,15390562;1;0,426427522;0,26903607;-0,147144955;1;;;;;;;;;;;;;
844;0,890952044;0,300645212;0,781904088;1;0,306142349;0,135382235;0,020474496;1;0,60353721;0,227548185;0,20707442;1;;;;;;;;;;;;;
845;-0,010146714;0,624650165;-1,020293429;1;0,251208455;0,169323981;-0,162638482;1;0,71916978;0,304410757;0,43833956;1;;;;;;;;;;;;;
846;0,473852817;0,422749701;-0,052294366;1;0,389005386;0,155083821;0,296684621;1;0,443733583;0,25413135;-0,112532834;1;;;;;;;;;;;;;
847;0,223847306;0,47014215;-0,552305388;1;0,473520369;0,165169612;0,57840123;1;0,68485004;0,288251535;0,369700079;1;;;;;;;;;;;;;
848;0,348465627;0,558145284;-0,303068745;1;0,287415987;0,173796259;-0,041946709;1;0,403398757;0,29964374;-0,193202487;1;;;;;;;;;;;;;
849;-0,037376337;0,527119503;-1,074752673;1;0,275248052;0,165452389;-0,082506492;1;0,539002405;0,287145672;0,078004809;1;;;;;;;;;;;;;
850;0,398157558;0,335338047;-0,203684883;1;0,262068097;0,139372688;-0,126439676;1;0,94722397;0,234036442;0,894447939;1;;;;;;;;;;;;;
851;0,748491174;0,308824007;0,496982348;1;0,452301179;0,1398377;0,507670596;1;0,525111646;0,234918306;0,050223291;1;;;;;;;;;;;;;
852;0,789787279;0,400117472;0,579574559;1;0,225492875;0,153818788;-0,248357084;1;0,133385082;0,269656394;-0,733229837;1;;;;;;;;;;;;;
853;0,606160592;0,343695564;0,212321184;1;0,406764249;0,140771003;0,35588083;1;0,694781858;0,237749585;0,389563716;1;;;;;;;;;;;;;
854;0,968794057;0,282515285;0,937588113;1;0,169996028;0,138227583;-0,433346575;1;0,403850904;0,221171213;-0,192298192;1;;;;;;;;;;;;;
855;0,667617039;0,345373252;0,335234078;1;0,18311468;0,152351869;-0,389617734;1;0,522123794;0,266060718;0,044247587;1;;;;;;;;;;;;;
856;0,385627241;0,413235457;-0,228745518;1;0,035026575;0,156005089;-0,883244748;1;0,573331461;0,261896529;0,146662922;1;;;;;;;;;;;;;
857;1,191849776;0,264346349;1,383699553;0;0,351399916;0,126207085;0,171333055;1;0,526125136;0,21625334;0,052250272;1;;;;;;;;;;;;;
858;0,366932351;0,431036889;-0,266135298;1;0,34561527;0,15526735;0,152050901;1;0,18230567;0,271389265;-0,63538866;1;;;;;;;;;;;;;
859;0,296253972;0,392882869;-0,407492056;1;0,261728087;0,155386587;-0,127573042;1;0,546050374;0,250588037;0,092100748;1;;;;;;;;;;;;;
860;0,593228112;0,371367597;0,186456224;1;0,104415336;0,157457207;-0,651948881;1;0,523478278;0,26398194;0,046956556;1;;;;;;;;;;;;;
861;0,325548378;0,443410439;-0,348903245;1;0,359039427;0,156067466;0,19679809;1;0,348172772;0,261692685;-0,303654455;1;;;;;;;;;;;;;
862;0,192412568;0,473980123;-0,615174864;1;0,171907681;0,166958977;-0,426974396;1;0,429100817;0,274009704;-0,141798365;1;;;;;;;;;;;;;
863;0,263840482;0,403681628;-0,472319035;1;0,362875197;0,149222811;0,20958399;1;0,371603794;0,264417886;-0,256792412;1;;;;;;;;;;;;;
864;0,048264676;0,571909851;-0,903470648;1;0,333703916;0,166400862;0,112346386;1;0,404872845;0,277036229;-0,19025431;1;;;;;;;;;;;;;
865;0,973949522;0,319627272;0,947899045;1;0,213166759;0,143911507;-0,289444136;1;0,417413413;0,246893083;-0,165173173;1;;;;;;;;;;;;;
866;0,364469554;0,404913367;-0,271060893;1;0,271329711;0,154351871;-0,095567629;1;0,807539953;0,276405367;0,615079906;1;;;;;;;;;;;;;
867;-0,107884533;0,536466736;-1,215769066;1;0,396507831;0,159492087;0,321692769;1;1,124193009;0,296423814;1,248386018;0;;;;;;;;;;;;;
868;0,617295581;0,410476167;0,234591162;1;0,27396037;0,15780551;-0,086798768;1;0,770632952;0,268296325;0,541265903;1;;;;;;;;;;;;;
869;0,348106946;0,447001311;-0,303786108;1;0,328987996;0,158562286;0,096626655;1;0,321522643;0,279780927;-0,356954713;1;;;;;;;;;;;;;
870;0,310535095;0,476728501;-0,378929809;1;0,552052659;0,158966076;0,840175531;1;0,580203211;0,2777899;0,160406423;1;;;;;;;;;;;;;
871;-0,14181892;0,673499929;-1,283637841;1;0,202320619;0,170955515;-0,325597937;1;0,562887374;0,309521085;0,125774748;1;;;;;;;;;;;;;
872;0,7141996;0,33387045;0,428399199;1;0,028265838;0,142071867;-0,905780539;1;0,76529633;0,25323469;0,53059266;1;;;;;;;;;;;;;
873;0,902194042;0,371191643;0,804388085;1;0,290845286;0,153271023;-0,030515713;1;0,008438855;0,267562382;-0,983122289;1;;;;;;;;;;;;;
874;1,169359159;0,29124285;1,338718319;0;0,307588741;0,134506856;0,025295802;1;0,250147305;0,231132901;-0,499705391;1;;;;;;;;;;;;;
875;0,265201083;0,477796758;-0,469597834;1;0,113456794;0,163937413;-0,621810685;1;0,304939502;0,284187053;-0,390120996;1;;;;;;;;;;;;;
876;0,013607185;0,536190047;-0,97278563;1;0,228644507;0,169258083;-0,237851642;1;0,747225491;0,270835761;0,494450982;1;;;;;;;;;;;;;
877;0,684750034;0,360588938;0,369500068;1;0,313486973;0,148258623;0,044956577;1;0,770643904;0,249855788;0,541287807;1;;;;;;;;;;;;;
878;0,758536944;0,312148997;0,517073888;1;0,404018977;0,140957917;0,346729924;1;0,456981001;0,233337592;-0,086037999;1;;;;;;;;;;;;;
879;0,910915983;0,342919638;0,821831966;1;0,19686497;0,146530584;-0,343783434;1;0,562328526;0,243095165;0,124657053;1;;;;;;;;;;;;;
880;0,24288193;0,446896139;-0,514236141;1;0,275030918;0,157414725;-0,083230274;1;0,418542606;0,264901376;-0,162914789;1;;;;;;;;;;;;;
881;0,70847495;0,406241631;0,416949901;1;0,306704589;0,15559607;0,02234863;1;0,299345164;0,264555382;-0,401309671;1;;;;;;;;;;;;;
882;0,647948399;0,406669253;0,295896798;1;0,290466183;0,153873694;-0,03177939;1;0,289803236;0,251493148;-0,420393528;1;;;;;;;;;;;;;
883;0,969859452;0,295129557;0,939718905;1;0,226598985;0,138138026;-0,24467005;1;0,659304012;0,229001492;0,318608023;1;;;;;;;;;;;;;
884;0,863844373;0,340762797;0,727688746;1;0,220192415;0,143262938;-0,266025283;1;0,550165689;0,249306204;0,100331379;1;;;;;;;;;;;;;
885;0,06151618;0,533889987;-0,87696764;1;0,054385698;0,172205068;-0,818714339;1;0,754802205;0,284162662;0,50960441;1;;;;;;;;;;;;;
886;0,61709328;0,389291914;0,23418656;1;0,165929997;0,151670826;-0,446900012;1;0,460043835;0,269019831;-0,079912331;1;;;;;;;;;;;;;
887;0,123933062;0,473521661;-0,752133877;1;0,374387826;0,158846885;0,24795942;1;0,742740683;0,269967543;0,485481365;1;;;;;;;;;;;;;
888;0,959146118;0,29225494;0,918292235;1;0,433066592;0,130880253;0,443555308;1;0,521332944;0,213826766;0,042665887;1;;;;;;;;;;;;;
889;0,817707418;0,33997392;0,635414837;1;0,280613581;0,146045942;-0,064621396;1;0,401193899;0,254252371;-0,197612202;1;;;;;;;;;;;;;
890;0,396667294;0,433774002;-0,206665413;1;0,133685372;0,161417882;-0,554382095;1;0,599176651;0,288812291;0,198353302;1;;;;;;;;;;;;;
891;-0,237506598;0,699558421;-1,475013195;1;0,310261374;0,178363706;0,034204581;1;0,812202883;0,318868277;0,624405766;1;;;;;;;;;;;;;
892;0,612038286;0,333250277;0,224076571;1;0,478577842;0,139773021;0,595259473;1;0,785067034;0,235455806;0,570134069;1;;;;;;;;;;;;;
893;1,050863317;0,333836095;1,101726633;1;0,186694395;0,145968931;-0,377685351;1;0,265208826;0,234521384;-0,469582348;1;;;;;;;;;;;;;
894;-0,004178457;0,507435184;-1,008356915;1;0,272260223;0,165903687;-0,092465923;1;0,610894509;0,282350809;0,221789018;1;;;;;;;;;;;;;
895;1,0139987;0,319766162;1,0279974;1;0,303948642;0,139036574;0,013162141;1;0,299638141;0,2318807;-0,400723718;1;;;;;;;;;;;;;
896;0,424829778;0,525548682;-0,150340444;1;0,417694141;0,16671939;0,392313802;1;0,088031857;0,279656414;-0,823936287;1;;;;;;;;;;;;;
897;-0,241476466;0,482235556;-1,482952932;1;0,411489365;0,150365471;0,371631217;1;1,336943419;0,281957721;1,673886839;0;;;;;;;;;;;;;
898;0,985665256;0,402284762;0,971330511;1;0,137406457;0,159644799;-0,541978477;1;0,344679029;0,264720245;-0,310641941;1;;;;;;;;;;;;;
899;0,615575467;0,471625169;0,231150933;1;0,270634396;0,167723431;-0,097885347;1;0,092257726;0,285641931;-0,815484548;1;;;;;;;;;;;;;
900;0,515924511;0,409909038;0,031849022;1;0,435451057;0,155766322;0,451503522;1;0,172259828;0,250389471;-0,655480343;1;;;;;;;;;;;;;
901;0,877244661;0,345311158;0,754489322;1;-0,074885489;0,144611272;-1,249618298;0;0,660853033;0,263171549;0,321706066;1;;;;;;;;;;;;;
902;0,364823816;0,472003864;-0,270352368;1;0,105161611;0,170652094;-0,649461296;1;0,100320527;0,284028062;-0,799358945;1;;;;;;;;;;;;;
903;0,820330919;0,339995391;0,640661837;1;0,209822456;0,146081617;-0,300591814;1;0,514437628;0,247701195;0,028875256;1;;;;;;;;;;;;;
904;0,058016289;0,471505188;-0,883967422;1;0,24033357;0,164475397;-0,198888101;1;0,305672175;0,276179935;-0,388655649;1;;;;;;;;;;;;;
905;0,894412699;0,307368319;0,788825398;1;0,293966841;0,142034985;-0,02011053;1;0,09708628;0,244647096;-0,80582744;1;;;;;;;;;;;;;
906;0,015256762;0,444628441;-0,969486476;1;0,244699495;0,161967633;-0,184335018;1;0,928272706;0,267221722;0,856545411;1;;;;;;;;;;;;;
907;0,018099422;0,647115174;-0,963801157;1;0,100469362;0,178503875;-0,665102128;1;0,652651872;0,315615671;0,305303744;1;;;;;;;;;;;;;
908;0,679049928;0,367928358;0,358099856;1;0,327613418;0,1552703;0,092044728;1;0,348678894;0,248701582;-0,302642212;1;;;;;;;;;;;;;
909;0,488815498;0,432305592;-0,022369005;1;0,325565551;0,155183696;0,085218504;1;0,477224184;0,267335525;-0,045551632;1;;;;;;;;;;;;;
910;1,047197308;0,282080464;1,094394616;1;0,368029683;0,143818471;0,226765611;1;0,470910921;0,231822191;-0,058178158;1;;;;;;;;;;;;;
911;0,123292519;0,482007552;-0,753414961;1;0,206659483;0,157830228;-0,311135055;1;0,824977415;0,273733499;0,649954831;1;;;;;;;;;;;;;
912;0,976817983;0,290789486;0,953635966;1;0,271948923;0,141794511;-0,093503591;1;0,31647197;0,224547464;-0,367056059;1;;;;;;;;;;;;;
913;0,96305912;0,34852562;0,926118241;1;0,100567062;0,148250035;-0,664776461;1;0,059281642;0,254627343;-0,881436715;1;;;;;;;;;;;;;
914;-0,024135922;0,413174724;-1,048271843;1;0,485760036;0,146995385;0,61920012;1;1,04866111;0,263273115;1,097322221;0;;;;;;;;;;;;;
915;0,80185948;0,391814797;0,60371896;1;0,129591134;0,153471727;-0,568029554;1;0,152664065;0,260896785;-0,694671869;1;;;;;;;;;;;;;
916;0,229875221;0,496484234;-0,540249557;1;0,064533461;0,166607651;-0,784888464;1;0,805885369;0,305644074;0,611770738;1;;;;;;;;;;;;;
917;0,785123552;0,347518717;0,570247105;1;0,573751203;0,140465503;0,91250401;1;0,430264984;0,239191335;-0,139470032;1;;;;;;;;;;;;;
918;0,44152538;0,455828308;-0,11694924;1;0,398410882;0,165129351;0,328036272;1;0,632379239;0,280977176;0,264758477;1;;;;;;;;;;;;;
919;0,671679443;0,371636706;0,343358885;1;0,157065605;0,150061787;-0,476447984;1;0,464631743;0,266229153;-0,070736514;1;;;;;;;;;;;;;
920;0,152399706;0,446238312;-0,695200588;1;0,322468128;0,156746161;0,07489376;1;0,431836087;0,270919867;-0,136327825;1;;;;;;;;;;;;;
921;0,596563592;0,355955798;0,193127184;1;0,175735733;0,141353873;-0,414214224;1;0,784251492;0,252415131;0,568502984;1;;;;;;;;;;;;;
922;0,216869111;0,530994276;-0,566261779;1;0,375818728;0,163933588;0,252729093;1;0,440026085;0,279951654;-0,119947831;1;;;;;;;;;;;;;
923;0,902245312;0,362900395;0,804490624;1;0,16709683;0,147861867;-0,443010568;1;0,382064552;0,255902797;-0,235870897;1;;;;;;;;;;;;;
924;0,515563091;0,317803199;0,031126183;1;0,191877029;0,141910425;-0,360409902;1;0,713720887;0,232696271;0,427441775;1;;;;;;;;;;;;;
925;0,34552167;0,50800716;-0,30895666;1;0,508354499;0,164455051;0,694514995;1;0,195453287;0,276137072;-0,609093427;1;;;;;;;;;;;;;
926;0,504109939;0,403314189;0,008219879;1;0,391114453;0,152293851;0,303714844;1;0,546015174;0,274471874;0,092030348;1;;;;;;;;;;;;;
927;1,117266758;0,341096542;1,234533516;1;0,438028242;0,140526971;0,460094139;1;0,299029102;0,240543704;-0,401941797;1;;;;;;;;;;;;;
928;0,315805028;0,438516406;-0,368389944;1;0,334560956;0,161283711;0,115203188;1;0,501027071;0,271930405;0,002054141;1;;;;;;;;;;;;;
929;0,288171472;0,420250164;-0,423657056;1;0,216086481;0,152752158;-0,279711731;1;0,91282536;0,265875444;0,825650719;1;;;;;;;;;;;;;
930;0,91598468;0,287163077;0,831969359;1;0,322805844;0,131534548;0,076019481;1;0,388631586;0,212508123;-0,222736828;1;;;;;;;;;;;;;
931;-0,482601975;0,763005258;-1,96520395;1;0,3103668;0,177464654;0,034556;1;0,888586329;0,329064365;0,777172657;1;;;;;;;;;;;;;
932;0,341882494;0,459221492;-0,316235012;1;0,047544708;0,159146091;-0,84151764;1;0,878923896;0,296987758;0,757847792;1;;;;;;;;;;;;;
933;0,643813303;0,412956789;0,287626606;1;0,074295554;0,15379358;-0,752348154;1;0,15328119;0,2774495;-0,69343762;1;;;;;;;;;;;;;
934;1,022107796;0,304628551;1,044215591;1;0,293502882;0,135964189;-0,02165706;1;0,504326076;0,223876148;0,008652153;1;;;;;;;;;;;;;
935;1,097752435;0,290493712;1,195504869;0;0,370541433;0,130657371;0,235138108;1;0,163532626;0,215859483;-0,672934748;1;;;;;;;;;;;;;
936;0,887012017;0,328904599;0,774024034;1;0,003627326;0,140337499;-0,987908914;0;0,856994647;0,246916096;0,713989293;1;;;;;;;;;;;;;
937;-0,053302253;0,713865357;-1,106604507;1;0,178313212;0,177999863;-0,405622627;1;0,390166599;0,308919999;-0,219666801;1;;;;;;;;;;;;;
938;0,529688137;0,307595747;0,059376275;1;0,340899197;0,129967986;0,136330657;1;1,164692728;0,22954302;1,329385456;0;;;;;;;;;;;;;
939;0,344117576;0,377788005;-0,311764848;1;0,320115345;0,153291298;0,06705115;1;0,591176058;0,258111511;0,182352117;1;;;;;;;;;;;;;
940;0,388667385;0,391399263;-0,22266523;1;0,416226749;0,152134713;0,387422498;1;0,553338249;0,25504542;0,106676497;1;;;;;;;;;;;;;
941;0,749432839;0,376221029;0,498865677;1;0,317898535;0,149138557;0,059661784;1;0,153877608;0,279665721;-0,692244784;1;;;;;;;;;;;;;
942;1,138611681;0,267002742;1,277223361;0;0,308800663;0,128050505;0,029335543;1;0,51445776;0,211629387;0,02891552;1;;;;;;;;;;;;;
943;0,978947002;0,274613483;0,957894004;1;0,258661316;0,132290617;-0,137795614;1;0,453726974;0,220926301;-0,092546053;1;;;;;;;;;;;;;
944;-0,350850585;0,590657621;-1,701701171;1;0,483539931;0,170598322;0,61179977;1;0,937248515;0,300780699;0,874497029;1;;;;;;;;;;;;;
945;0,43900382;0,376330797;-0,121992359;1;0,355603103;0,14977212;0,185343678;1;0,526670587;0,262769528;0,053341174;1;;;;;;;;;;;;;
946;0,7378023;0,404441251;0,475604601;1;0,186671995;0,150981734;-0,377760017;1;0,191206911;0,27273834;-0,617586178;1;;;;;;;;;;;;;
947;0,462722181;0,399072189;-0,074555638;1;0,269782702;0,1528055;-0,100724325;1;0,686766753;0,265333291;0,373533506;1;;;;;;;;;;;;;
948;0,400627353;0,406567229;-0,198745294;1;0,552973855;0,151563652;0,843246183;1;0,342317482;0,255266735;-0,315365037;1;;;;;;;;;;;;;
949;-0,035283951;0,524068198;-1,070567902;1;0,348163388;0,162010194;0,160544627;1;0,646108135;0,277220084;0,292216271;1;;;;;;;;;;;;;
950;0,584354895;0,416290975;0,16870979;1;0,60158815;0,155557455;1,005293835;1;0,335217754;0,250427995;-0,329564492;1;;;;;;;;;;;;;
951;0,726618335;0,306318035;0,453236671;1;0,583860947;0,137407859;0,946203156;0;0,236411682;0,213381026;-0,527176636;1;;;;;;;;;;;;;
952;0,13615493;0,446824667;-0,72769014;1;0,33805269;0,158968126;0,126842299;1;0,867229103;0,275343188;0,734458207;1;;;;;;;;;;;;;
953;0,695455179;0,293454714;0,390910358;1;0,395756682;0,130113248;0,319188941;1;0,76964712;0,227605196;0,539294239;1;;;;;;;;;;;;;
954;0,080804301;0,47610929;-0,838391398;1;0,56019471;0,159661569;0,867315698;1;0,918389603;0,28158899;0,836779206;1;;;;;;;;;;;;;
955;0,945805828;0,343580567;0,891611655;1;0,246747707;0,143097215;-0,177507643;1;-0,051289603;0,25590382;-1,102579206;0;;;;;;;;;;;;;
956;0,461106761;0,489712302;-0,077786478;1;0,036335889;0,168175427;-0,878880371;1;0,437942708;0,296988894;-0,124114583;1;;;;;;;;;;;;;
957;0,567941405;0,455631176;0,135882809;1;0,189942907;0,166006916;-0,366856975;1;0,400656177;0,286485253;-0,198687645;1;;;;;;;;;;;;;
958;0,176248509;0,642374372;-0,647502981;1;0,131024246;0,172509378;-0,563252514;1;0,263826877;0,302057718;-0,472346246;1;;;;;;;;;;;;;
959;0,221887399;0,373234633;-0,556225203;1;0,248455791;0,148169617;-0,171814032;1;0,89583179;0,244347963;0,791663579;1;;;;;;;;;;;;;
960;0,745567884;0,291866324;0,491135768;1;0,540017884;0,134934233;0,800059613;1;0,348338262;0,21892377;-0,303323476;1;;;;;;;;;;;;;
961;0,738603051;0,374485332;0,477206103;1;0,30606135;0,150320106;0,020204501;1;0,189487994;0,248032312;-0,621024012;1;;;;;;;;;;;;;
962;0,703906192;0,384451781;0,407812384;1;0,3610138;0,154707245;0,203379333;1;0,380371364;0,254268992;-0,239257271;1;;;;;;;;;;;;;
963;0,289607959;0,38796863;-0,420784081;1;0,344162339;0,150479251;0,147207798;1;0,606606139;0,252378063;0,213212279;1;;;;;;;;;;;;;
964;0,817459601;0,342915915;0,634919201;1;0,035781291;0,149797248;-0,880729031;1;0,713547731;0,246472454;0,427095461;1;;;;;;;;;;;;;
965;0,880186304;0,336362492;0,760372608;1;0,236942081;0,152674394;-0,210193063;1;0,341552469;0,240103777;-0,316895063;1;;;;;;;;;;;;;
966;0,478153882;0,374978639;-0,043692236;1;0,402208273;0,15019017;0,340694243;1;0,531598161;0,259092836;0,063196322;1;;;;;;;;;;;;;
967;1,462485915;0,271377783;1,92497183;0;-0,023125746;0,142357336;-1,077085819;0;0,033581298;0,242719756;-0,932837403;1;;;;;;;;;;;;;
968;0,283766655;0,447551484;-0,432466691;1;0,422175511;0,155027652;0,407251704;1;0,359186753;0,250369025;-0,281626494;1;;;;;;;;;;;;;
969;0,864490115;0,31521725;0,728980229;1;0,110971236;0,140091074;-0,630095882;1;0,448867496;0,242328658;-0,102265007;1;;;;;;;;;;;;;
970;0,278066459;0,476269049;-0,443867082;1;0,429893496;0,157935002;0,432978321;1;0,413314278;0,270616176;-0,173371444;1;;;;;;;;;;;;;
971;0,573728981;0,409621266;0,147457962;1;0,233720609;0,156139165;-0,220931305;1;0,386080626;0,258232642;-0,227838749;1;;;;;;;;;;;;;
972;1,325663797;0,295194919;1,651327594;0;0,106600969;0,14162532;-0,644663437;1;-0,025986962;0,239777455;-1,051973924;0;;;;;;;;;;;;;
973;-0,002940856;0,681884029;-1,005881712;1;0,314397416;0,177121163;0,047991385;1;0,272571174;0,297095708;-0,454857653;1;;;;;;;;;;;;;
974;0,780254956;0,280714865;0,560509912;1;0,454428346;0,126852695;0,514761155;1;0,841732101;0,221738076;0,683464203;1;;;;;;;;;;;;;
975;1,024494925;0,299228479;1,048989849;1;0,142134004;0,13919305;-0,526219987;1;0,107605186;0,244880309;-0,784789628;1;;;;;;;;;;;;;
976;1,048659713;0,259835984;1,097319426;0;0,513183128;0,127099905;0,710610427;1;0,217574349;0,211032121;-0,564851301;1;;;;;;;;;;;;;
977;-0,735437988;0,93829382;-2,470875976;1;0,570006453;0,179793142;0,900021509;1;0,446264831;0,323861301;-0,107470338;1;;;;;;;;;;;;;
978;0,644676231;0,475655625;0,289352461;1;0,167448086;0,168797588;-0,441839713;1;-0,073495487;0,287380958;-1,146990974;0;;;;;;;;;;;;;
979;0,317630507;0,448383143;-0,364738987;1;0,342609441;0,153256126;0,14203147;1;0,551030755;0,270741248;0,10206151;1;;;;;;;;;;;;;
980;0,566960279;0,45605741;0,133920557;1;0,247205051;0,158703897;-0,175983162;1;0,129919969;0,262631072;-0,740160061;1;;;;;;;;;;;;;
981;0,858306583;0,36525249;0,716613166;1;0,196936977;0,147201823;-0,343543411;1;0,381629588;0,254197831;-0,236740825;1;;;;;;;;;;;;;
982;0,884052317;0,341689553;0,768104634;1;0,208553016;0,137121033;-0,30482328;1;0,336324651;0,251325266;-0,327350699;1;;;;;;;;;;;;;
983;0,535720949;0,469397605;0,071441899;1;0,138256521;0,161569213;-0,53914493;1;0,416215406;0,274731906;-0,167569188;1;;;;;;;;;;;;;
984;0,324513188;0,441009224;-0,350973624;1;0,48211347;0,155582758;0,607044901;1;0,71816625;0,253133095;0,436332499;1;;;;;;;;;;;;;
985;1,186020836;0,268514946;1,372041671;0;-0,091214366;0,129720184;-1,304047887;0;0,808895317;0,221558888;0,617790634;1;;;;;;;;;;;;;
986;0,946246699;0,331957101;0,892493397;1;0,115307319;0,145495597;-0,615642269;1;0,579693246;0,271876787;0,159386493;1;;;;;;;;;;;;;
987;1,276725984;0,307754399;1,553451968;0;0,189564552;0,13485948;-0,368118159;1;0,409981803;0,22635046;-0,180036393;1;;;;;;;;;;;;;
988;0,356892908;0,401088748;-0,286214184;1;0,544899831;0,148603921;0,816332771;1;0,669337501;0,246965896;0,338675002;1;;;;;;;;;;;;;
989;0,751419736;0,368474401;0,502839472;1;0,470027298;0,145774254;0,566757659;1;0,215388241;0,244538783;-0,569223517;1;;;;;;;;;;;;;
990;0,236240973;0,439627383;-0,527518054;1;0,246765966;0,156272594;-0,177446781;1;0,767122493;0,271322298;0,534244985;1;;;;;;;;;;;;;
991;0,047609361;0,611929752;-0,904781278;1;0,126488971;0,170996237;-0,578370096;1;0,272060938;0,291828087;-0,455878124;1;;;;;;;;;;;;;
992;0,3283786;0,449209671;-0,3432428;1;0,28856581;0,152647518;-0,038113968;1;0,758267953;0,277505586;0,516535906;1;;;;;;;;;;;;;
993;0,816319359;0,384822203;0,632638718;1;0,271927711;0,150164567;-0,093574296;1;-0,193411086;0,25902489;-1,386822172;0;;;;;;;;;;;;;
994;0,392475384;0,430188223;-0,215049232;1;0,019414699;0,155128159;-0,935284338;1;0,615480295;0,269407986;0,230960591;1;;;;;;;;;;;;;
995;1,010531793;0,291791631;1,021063585;1;0,425388876;0,138725926;0,41796292;1;0,121198692;0,231062264;-0,757602616;1;;;;;;;;;;;;;
996;0,679966824;0,350765185;0,359933647;1;0,327743783;0,142843793;0,092479277;1;0,656211264;0,255067269;0,312422528;1;;;;;;;;;;;;;
997;0,382922701;0,339454553;-0,234154599;1;0,410598941;0,138312009;0,368663138;1;1,013137254;0,24323645;1,026274508;0;;;;;;;;;;;;;
998;0,036938361;0,457486453;-0,926123278;1;0,161828237;0,155756114;-0,460572542;1;0,855971127;0,277617591;0,711942254;1;;;;;;;;;;;;;
999;-0,178288064;0,653559552;-1,356576129;1;0,296927303;0,173241555;-0,010242324;1;0,330380402;0,295819571;-0,339239196;1;;;;;;;;;;;;;
1000;0,967842983;0,318235389;0,935685966;1;0,449685087;0,140051959;0,498950288;1;0,137806334;0,235856376;-0,724387333;1;;;;;;;;;;;;;
