;mean;se;bias;cp;mean;se;bias;cp;mean;se;bias;cp;;mean;sd;bias;cp;mean;sd;bias;cp;mean;sd;bias;cp
1;-1,131373669;0,275736775;0,131373669;1;-0,417400017;0,246841468;-0,536222203;1;-0,110100229;0,389787649;-0,449498854;1;;-1,046365677;0,392249794;0,046365677;0,955;-0,935317173;0,373744951;0,039241303;0,95;-0,17705229;0,56231264;-0,114738548;0,949
2;-0,857233488;0,361076001;-0,142766512;1;-0,65040234;0,305657113;-0,277330734;1;-0,401332451;0,506418447;1,006662257;1;;;;;;;;;;;;;
3;-0,614276621;0,30919744;-0,385723379;1;-0,648350296;0,328129371;-0,279610782;1;-1,850835013;0,55020691;8,254175063;0;;;;;;;;;;;;;
4;-0,784630147;0,327735758;-0,215369853;1;-0,458865763;0,316269727;-0,490149153;1;-1,402621276;0,561002039;6,013106378;0;;;;;;;;;;;;;
5;-1,016519892;0,338295533;0,016519892;1;-0,677064808;0,286861653;-0,247705769;1;0,392335036;0,473355651;-2,961675179;1;;;;;;;;;;;;;
6;-0,736875595;0,302206093;-0,263124405;1;-0,827872733;0,310753835;-0,080141407;1;-0,908027285;0,472369755;3,540136423;1;;;;;;;;;;;;;
7;-1,069052822;0,47809842;0,069052822;1;-0,48732971;0,368765277;-0,458522544;1;-0,628247518;0,611928618;2,141237591;1;;;;;;;;;;;;;
8;-0,819450632;0,295877378;-0,180549368;1;-0,752340582;0,295089448;-0,16406602;1;0,096966796;0,524979982;-1,484833978;1;;;;;;;;;;;;;
9;-1,447657116;0,390897187;0,447657116;1;-0,686681511;0,305488241;-0,237020544;1;0,672640404;0,485663492;-4,36320202;1;;;;;;;;;;;;;
10;-1,117337476;0,373421369;0,117337476;1;-1,753610734;0,394642723;0,948456371;0;0,744425049;0,551226059;-4,722125247;1;;;;;;;;;;;;;
11;-1,573714767;0,479885657;0,573714767;1;-1,8156243;0,49764132;1,017360333;1;0,774368647;0,607107843;-4,871843234;1;;;;;;;;;;;;;
12;-1,346858247;0,434633741;0,346858247;1;-1,027638514;0,373325268;0,141820571;1;0,725901127;0,573959945;-4,629505637;1;;;;;;;;;;;;;
13;-0,519966411;0,384628389;-0,480033589;1;-0,745014027;0,32102201;-0,172206637;1;-0,477535219;0,535984188;1,387676097;1;;;;;;;;;;;;;
14;-1,15879801;0,316335408;0,15879801;1;-0,763852419;0,277882918;-0,15127509;1;0,401919658;0,455160809;-3,009598291;1;;;;;;;;;;;;;
15;-1,948389599;0,467972903;0,948389599;0;-1,214290741;0,364372203;0,349211934;1;0,996508749;0,576580166;-5,982543743;0;;;;;;;;;;;;;
16;-0,992039341;0,398672899;-0,007960659;1;-1,098735748;0,366528141;0,220817498;1;0,268398354;0,589816498;-2,341991768;1;;;;;;;;;;;;;
17;-1,298321292;0,322361015;0,298321292;1;-1,402180233;0,353855595;0,557978037;1;0,26152419;0,419581123;-2,307620949;1;;;;;;;;;;;;;
18;-1,856937082;0,478742969;0,856937082;1;-0,593428591;0,383551774;-0,340634899;1;0,366944353;0,693713299;-2,834721763;1;;;;;;;;;;;;;
19;-0,724078459;0,398663229;-0,275921541;1;-0,298090407;0,339522501;-0,668788437;1;-0,948912359;0,531427086;3,744561794;1;;;;;;;;;;;;;
20;-0,990377374;0,303830385;-0,009622626;1;-1,285375316;0,358134119;0,428194796;1;-0,481616855;0,433154815;1,408084277;1;;;;;;;;;;;;;
21;-1,10368038;0,332485683;0,10368038;1;-1,213497237;0,3611724;0,348330263;1;-0,06734546;0,474987908;-0,663272698;1;;;;;;;;;;;;;
22;-1,217754184;0,559680583;0,217754184;1;-0,685078065;0,350668564;-0,23880215;1;0,983635359;0,551978904;-5,918176797;0;;;;;;;;;;;;;
23;-1,261059244;0,378058247;0,261059244;1;-1,055691672;0,347174905;0,172990747;1;0,345484263;0,508092959;-2,727421313;1;;;;;;;;;;;;;
24;-0,87415231;0,482942073;-0,12584769;1;-0,475296207;0,325558593;-0,471893103;1;-0,115094282;0,585269426;-0,424528591;1;;;;;;;;;;;;;
25;-1,731579967;0,457289169;0,731579967;1;-0,549194382;0,354705852;-0,38978402;1;0,562037389;0,623653929;-3,810186944;1;;;;;;;;;;;;;
26;-0,64392784;0,302748815;-0,35607216;1;-0,840574556;0,309899593;-0,066028272;1;-0,663616791;0,432765349;2,318083957;1;;;;;;;;;;;;;
27;-1,050450701;0,261074795;0,050450701;1;-1,058908138;0,28276281;0,176564598;1;-0,105907305;0,368787239;-0,470463477;1;;;;;;;;;;;;;
28;-1,426665179;0,532718151;0,426665179;1;-0,253445321;0,408522952;-0,718394087;1;-0,562849135;0,686583249;1,814245673;1;;;;;;;;;;;;;
29;-1,377429025;0,383122028;0,377429025;1;-0,972867285;0,381963165;0,08096365;1;-0,369689777;0,554087771;0,848448884;1;;;;;;;;;;;;;
30;-1,074886404;0,582053876;0,074886404;1;-0,941640511;0,465235302;0,046267234;1;-0,518994808;0,754179808;1,594974038;1;;;;;;;;;;;;;
31;-0,908018328;0,463178136;-0,091981672;1;-1,228562188;0,412499157;0,365069097;1;-0,015794005;0,600529069;-0,921029974;1;;;;;;;;;;;;;
32;-0,518498388;0,400040205;-0,481501612;1;-1,726852161;0,426077038;0,918724624;1;-1,302620438;0,637461904;5,513102191;1;;;;;;;;;;;;;
33;-1,826301457;0,47527594;0,826301457;1;-1,234673192;0,415642644;0,371859102;1;0,757052329;0,623623159;-4,785261646;1;;;;;;;;;;;;;
34;-0,565044095;0,35905747;-0,434955905;1;-1,181052906;0,319937403;0,312281006;1;-0,551915824;0,522184869;1,759579118;1;;;;;;;;;;;;;
35;-0,736193401;0,319883329;-0,263806599;1;-0,659493767;0,293214268;-0,267229148;1;-0,718164296;0,483555583;2,590821482;1;;;;;;;;;;;;;
36;-0,603103385;0,210457127;-0,396896615;1;-1,117778861;0,292476515;0,241976512;1;-0,865204902;0,379098938;3,326024511;1;;;;;;;;;;;;;
37;-0,531897425;0,415076315;-0,468102575;1;-0,919903896;0,375635832;0,02211544;1;-0,278756022;0,701200326;0,393780111;1;;;;;;;;;;;;;
38;-1,150906965;0,403853687;0,150906965;1;-0,446566721;0,320767401;-0,503814754;1;-0,193395022;0,553269416;-0,033024888;1;;;;;;;;;;;;;
39;-1,049110628;0,366439578;0,049110628;1;-0,969097258;0,350840383;0,076774731;1;-0,19804727;0,5316772;-0,009763649;1;;;;;;;;;;;;;
40;-0,906898152;0,396220561;-0,093101848;1;-0,619596192;0,368234484;-0,311559787;1;-0,181308038;0,585230826;-0,09345981;1;;;;;;;;;;;;;
41;-1,312673263;0,368894951;0,312673263;1;-1,258354182;0,377915454;0,398171314;1;0,220035877;0,490494502;-2,100179383;1;;;;;;;;;;;;;
42;-1,101748933;0,323627894;0,101748933;1;-1,020479522;0,344832216;0,133866135;1;-0,763495896;0,519089959;2,817479482;1;;;;;;;;;;;;;
43;-1,553039737;0,424635583;0,553039737;1;-0,955355802;0,403053107;0,061506447;1;-0,716545889;0,636309933;2,582729445;1;;;;;;;;;;;;;
44;-0,776023871;0,252079613;-0,223976129;1;-1,415787915;0,348749068;0,573097683;1;-1,102982982;0,463955371;4,514914911;1;;;;;;;;;;;;;
45;-1,340906887;0,362312552;0,340906887;1;-0,364923582;0,317289111;-0,594529354;1;-0,16347495;0,525857888;-0,18262525;1;;;;;;;;;;;;;
46;-0,764371153;0,294725234;-0,235628847;1;-0,851673371;0,29094435;-0,053696254;1;-0,414609779;0,434410783;1,073048897;1;;;;;;;;;;;;;
47;-0,12432371;0,513322493;-0,87567629;1;-1,420197413;0,412450554;0,577997126;1;-0,062736535;0,62554629;-0,686317325;1;;;;;;;;;;;;;
48;-0,580197806;0,295178312;-0,419802194;1;-1,089029385;0,295051296;0,21003265;1;-0,765984737;0,446278794;2,829923686;1;;;;;;;;;;;;;
49;-0,88624741;0,444683145;-0,11375259;1;-0,572473879;0,327920767;-0,363917913;1;0,158922318;0,559347667;-1,794611592;1;;;;;;;;;;;;;
50;-0,54034821;0,392983227;-0,45965179;1;-0,589037567;0,346701832;-0,345513814;1;-0,773716783;0,571262839;2,868583916;1;;;;;;;;;;;;;
51;-1,435664167;0,427273153;0,435664167;1;-0,949706185;0,298050327;0,055229095;1;0,969291815;0,491406511;-5,846459073;0;;;;;;;;;;;;;
52;-0,319780953;0,438390232;-0,680219047;1;-1,859488927;0,486056129;1,066098808;0;-1,555421146;0,664764801;6,777105728;0;;;;;;;;;;;;;
53;-1,406209595;0,448593809;0,406209595;1;-1,256161315;0,394061507;0,395734794;1;0,333464519;0,644682757;-2,667322594;1;;;;;;;;;;;;;
54;-1,483169399;0,473910437;0,483169399;1;-0,961561993;0,382455305;0,068402215;1;0,917178483;0,681250683;-5,585892414;1;;;;;;;;;;;;;
55;-0,09835895;0,418467819;-0,90164105;0;-1,845170155;0,419317741;1,050189061;0;-1,239672917;0,621169862;5,198364585;1;;;;;;;;;;;;;
56;-0,872257723;0,320571516;-0,127742277;1;-0,930235712;0,377988576;0,033595236;1;-1,095909259;0,540095309;4,479546294;1;;;;;;;;;;;;;
57;-1,691413189;0,422279563;0,691413189;1;-1,430213747;0,426536854;0,589126385;1;0,740418147;0,571419348;-4,702090733;1;;;;;;;;;;;;;
58;-1,008345489;0,397703995;0,008345489;1;-0,682505178;0,376515864;-0,241660913;1;-0,868235488;0,608633318;3,341177438;1;;;;;;;;;;;;;
59;-1,12454759;0,32338573;0,12454759;1;-0,986608165;0,288025127;0,096231295;1;0,485301601;0,410916051;-3,426508005;1;;;;;;;;;;;;;
60;-1,326755547;0,618899966;0,326755547;1;-0,633883936;0,459178579;-0,295684516;1;-0,294184128;0,842891779;0,470920639;1;;;;;;;;;;;;;
61;-0,952710275;0,382867143;-0,047289725;1;-1,071954414;0,327701824;0,19106046;1;0,269005828;0,462157919;-2,345029142;1;;;;;;;;;;;;;
62;-1,528464443;0,475971684;0,528464443;1;-0,849799741;0,419493551;-0,055778066;1;-0,679344212;0,676791634;2,396721061;1;;;;;;;;;;;;;
63;-1,152124383;0,307231401;0,152124383;1;-0,633233353;0,301969229;-0,296407386;1;-0,431299586;0,478967138;1,156497931;1;;;;;;;;;;;;;
64;-1,118253019;0,349379468;0,118253019;1;-0,929705165;0,34537917;0,033005739;1;-0,376805091;0,50413345;0,884025453;1;;;;;;;;;;;;;
65;-0,939569844;0,498004906;-0,060430156;1;-0,217393848;0,372321279;-0,75845128;1;-0,990537627;0,689504977;3,952688133;1;;;;;;;;;;;;;
66;-1,135856086;0,314236134;0,135856086;1;-1,05651127;0,329054015;0,173901412;1;-0,103686134;0,444633915;-0,481569332;1;;;;;;;;;;;;;
67;-1,93731387;0,498935128;0,93731387;1;-0,267638;0,345173663;-0,702624445;1;0,515682983;0,602897148;-3,578414913;1;;;;;;;;;;;;;
68;-1,565294932;0,479802032;0,565294932;1;-0,604618686;0,372384662;-0,32820146;1;0,500370533;0,590912049;-3,501852665;1;;;;;;;;;;;;;
69;-1,202688828;0,377582033;0,202688828;1;-0,259857147;0,330198634;-0,711269837;1;-1,091751015;0,575762603;4,458755073;1;;;;;;;;;;;;;
70;-1,193221897;0,405942218;0,193221897;1;-0,673189471;0,349157257;-0,252011698;1;-0,123206921;0,568896922;-0,383965397;1;;;;;;;;;;;;;
71;-0,949345967;0,450983028;-0,050654033;1;-0,629637845;0,468200919;-0,300402394;1;0,708829794;0,76079977;-4,544148969;1;;;;;;;;;;;;;
72;-1,30418695;0,364371892;0,30418695;1;-0,326442604;0,311441304;-0,637285995;1;-0,305802877;0,521828833;0,529014386;1;;;;;;;;;;;;;
73;-1,226174791;0,340197704;0,226174791;1;-1,156969105;0,370602758;0,285521228;1;-0,256016685;0,497468929;0,280083427;1;;;;;;;;;;;;;
74;-1,213753687;0,429316592;0,213753687;1;-0,540342254;0,351463853;-0,399619718;1;-0,278946695;0,570653861;0,394733477;1;;;;;;;;;;;;;
75;-1,046537211;0,401221633;0,046537211;1;-0,697038418;0,360758728;-0,225512868;1;-0,591764893;0,614046596;1,958824465;1;;;;;;;;;;;;;
76;-1,541446005;0,304044835;0,541446005;1;-0,95339392;0,272767151;0,059326578;1;0,625813969;0,407928273;-4,129069844;0;;;;;;;;;;;;;
77;-0,656076534;0,24104222;-0,343923466;1;-1,008214822;0,288291408;0,120238692;1;-0,601015112;0,360362428;2,005075562;1;;;;;;;;;;;;;
78;-1,452266284;0,362466566;0,452266284;1;-0,822794175;0,287470746;-0,08578425;1;0,726355819;0,477046206;-4,631779096;1;;;;;;;;;;;;;
79;-0,359754058;0,30998854;-0,640245942;0;-1,469457334;0,338769923;0,632730372;1;-1,042372301;0,429561888;4,211861505;0;;;;;;;;;;;;;
80;-0,601970864;0,280182004;-0,398029136;1;-0,783593298;0,302342301;-0,12934078;1;-1,148944003;0,514917162;4,744720015;1;;;;;;;;;;;;;
81;-1,346828082;0,490837849;0,346828082;1;-1,105755382;0,407539932;0,228617091;1;0,04248884;0,661949069;-1,212444199;1;;;;;;;;;;;;;
82;-0,845143051;0,370099534;-0,154856949;1;-1,091181237;0,358514524;0,212423597;1;-0,457283896;0,536980356;1,28641948;1;;;;;;;;;;;;;
83;-0,87388375;0,354988792;-0,12611625;1;-0,819568852;0,312803192;-0,089367942;1;-0,297633498;0,490075803;0,488167488;1;;;;;;;;;;;;;
84;-0,967106624;0,237064076;-0,032893376;1;-1,006640426;0,291861542;0,118489362;1;-0,506323043;0,387332106;1,531615217;1;;;;;;;;;;;;;
85;-0,759736725;0,310943915;-0,240263275;1;-0,751570263;0,321003017;-0,16492193;1;-1,189463498;0,498109647;4,947317491;0;;;;;;;;;;;;;
86;-1,959014962;0,502882036;0,959014962;1;-0,650310083;0,351947055;-0,277433241;1;1,191012949;0,65272169;-6,955064747;0;;;;;;;;;;;;;
87;-0,912769526;0,309024635;-0,087230474;1;-1,522439122;0,373968764;0,691599024;1;-0,098548469;0,446353053;-0,507257653;1;;;;;;;;;;;;;
88;-1,464746605;0,38994084;0,464746605;1;-0,936484687;0,376915787;0,040538541;1;0,263465586;0,529704891;-2,317327931;1;;;;;;;;;;;;;
89;-1,430569492;0,359759459;0,430569492;1;-1,058902426;0,349390374;0,176558251;1;0,544784546;0,449220368;-3,723922729;1;;;;;;;;;;;;;
90;-0,826482634;0,347864797;-0,173517366;1;-1,32082085;0,382976322;0,467578722;1;-0,292666042;0,472134514;0,463330211;1;;;;;;;;;;;;;
91;-0,945875046;0,39239747;-0,054124954;1;-1,117568653;0,415822083;0,241742948;1;-0,580902743;0,6022372;1,904513716;1;;;;;;;;;;;;;
92;-1,104553679;0,25146799;0,104553679;1;-1,117665583;0,32338166;0,241850647;1;-0,438733384;0,41000267;1,193666918;1;;;;;;;;;;;;;
93;-0,515563547;0,37082319;-0,484436453;1;-1,350263237;0,448234704;0,500292485;1;-1,253304179;0,621153848;5,266520894;1;;;;;;;;;;;;;
94;-0,957540635;0,329725459;-0,042459365;1;-0,631038125;0,305986734;-0,298846528;1;-0,32492612;0,48775221;0,624630601;1;;;;;;;;;;;;;
95;-1,00730263;0,402703369;0,00730263;1;-0,666249007;0,317234095;-0,259723325;1;0,348494386;0,490243481;-2,742471931;1;;;;;;;;;;;;;
96;-1,561006595;0,447768102;0,561006595;1;-0,473502243;0,30933597;-0,473886396;1;0,500555231;0,5549275;-3,502776157;1;;;;;;;;;;;;;
97;-0,721084322;0,325211704;-0,278915678;1;-0,946076796;0,341607843;0,05119644;1;-0,787959656;0,485668199;2,939798278;1;;;;;;;;;;;;;
98;-0,992649542;0,421077056;-0,007350458;1;-1,175904893;0,438493922;0,306560992;1;-0,878071223;0,676652162;3,390356117;1;;;;;;;;;;;;;
99;-1,120429279;0,276377879;0,120429279;1;-1,1578663;0,336877003;0,286518111;1;-0,569518851;0,403585107;1,847594253;1;;;;;;;;;;;;;
100;-0,769817703;0,332103578;-0,230182297;1;-1,35823247;0,414890094;0,509147189;1;-0,402427383;0,463698665;1,012136915;1;;;;;;;;;;;;;
101;-0,859119265;0,363223662;-0,140880735;1;-1,051211123;0,38315311;0,168012359;1;-0,880883108;0,573592862;3,404415539;1;;;;;;;;;;;;;
102;-1,411566453;0,412600996;0,411566453;1;-0,730448059;0,327225625;-0,188391046;1;-0,003634749;0,545605176;-0,981826255;1;;;;;;;;;;;;;
103;-1,138571839;0,348506447;0,138571839;1;-0,883736321;0,328488289;-0,018070755;1;0,117078227;0,502038239;-1,585391136;1;;;;;;;;;;;;;
104;-0,776281592;0,350751403;-0,223718408;1;-0,955703356;0,327520351;0,061892618;1;-0,271642028;0,473654275;0,358210142;1;;;;;;;;;;;;;
105;-0,919466967;0,261869423;-0,080533033;1;-1,699335188;0,381817333;0,888150209;0;-0,282835942;0,397907443;0,41417971;1;;;;;;;;;;;;;
106;-1,049631393;0,272382298;0,049631393;1;-1,407547931;0,313866387;0,563942146;1;0,432327434;0,381457985;-3,161637171;1;;;;;;;;;;;;;
107;-0,591309148;0,377144569;-0,408690852;1;-0,877956985;0,328606307;-0,024492239;1;-0,184429291;0,50050935;-0,077853543;1;;;;;;;;;;;;;
108;-0,739040247;0,287424017;-0,260959753;1;-1,123712644;0,347437046;0,248569605;1;-0,498595746;0,448186336;1,492978732;1;;;;;;;;;;;;;
109;-0,332207098;0,482656262;-0,667792902;1;-1,009736961;0,365505291;0,121929957;1;-0,524404534;0,589497591;1,622022672;1;;;;;;;;;;;;;
110;-0,814993301;0,370803345;-0,185006699;1;-0,237967355;0,326673274;-0,735591828;0;-1,048092155;0,594183698;4,240460775;1;;;;;;;;;;;;;
111;-1,323568154;0,336466075;0,323568154;1;-1,302363289;0,409580186;0,447070321;1;-0,190944267;0,510327428;-0,045278666;1;;;;;;;;;;;;;
112;-0,94458118;0,379372731;-0,05541882;1;-0,662191234;0,342209239;-0,264231962;1;-0,79869422;0,550327385;2,993471099;1;;;;;;;;;;;;;
113;-0,907019537;0,453892509;-0,092980463;1;-0,810144114;0,376116868;-0,099839873;1;-0,256559666;0,598000334;0,282798332;1;;;;;;;;;;;;;
114;-0,991081034;0,467321538;-0,008918966;1;-0,632655212;0,370203712;-0,297049764;1;-0,486261816;0,596403161;1,43130908;1;;;;;;;;;;;;;
115;-1,295657789;0,37809746;0,295657789;1;-0,828953684;0,306982733;-0,078940351;1;0,542053901;0,517372446;-3,710269505;1;;;;;;;;;;;;;
116;-1,42777754;0,327982459;0,42777754;1;-1,319117338;0,346130641;0,465685931;1;-0,245572418;0,474944517;0,227862092;1;;;;;;;;;;;;;
117;-0,552294979;0,309362078;-0,447705021;1;-0,893408335;0,322675103;-0,007324072;1;-1,352158531;0,526210308;5,760792656;0;;;;;;;;;;;;;
118;-0,45960071;0,34122125;-0,54039929;1;-1,388659234;0,335447242;0,542954704;1;-0,361577494;0,445584816;0,807887471;1;;;;;;;;;;;;;
119;-0,674515106;0,294015765;-0,325484894;1;-1,063747037;0,309866873;0,181941152;1;-0,552614608;0,430277775;1,763073042;1;;;;;;;;;;;;;
120;-0,964792032;0,289410066;-0,035207968;1;-0,737584601;0,280659261;-0,180461554;1;-0,215286403;0,444426268;0,076432017;1;;;;;;;;;;;;;
121;-0,807378975;0,389366873;-0,192621025;1;-0,896977061;0,326138435;-0,003358821;1;0,109308671;0,495125072;-1,546543353;1;;;;;;;;;;;;;
122;-1,074673705;0,348780461;0,074673705;1;-0,896341048;0,358425742;-0,004065503;1;-0,677563527;0,507724563;2,387817636;1;;;;;;;;;;;;;
123;-0,992561826;0,305036192;-0,007438174;1;-1,32342275;0,328030313;0,470469722;1;-0,040425862;0,43582563;-0,797870691;1;;;;;;;;;;;;;
124;-1,022915242;0,347038409;0,022915242;1;-0,760790703;0,309034778;-0,154676997;1;-0,008345737;0,444265078;-0,958271313;1;;;;;;;;;;;;;
125;-0,664772401;0,271158878;-0,335227599;1;-0,904035117;0,28935617;0,004483463;1;-1,102335949;0,480649121;4,511679747;1;;;;;;;;;;;;;
126;-1,755732322;0,472350079;0,755732322;1;-0,272065551;0,397042082;-0,697704944;1;0,045893482;0,719443647;-1,22946741;1;;;;;;;;;;;;;
127;-1,460157689;0,354170112;0,460157689;1;-0,057280356;0,272857661;-0,93635516;0;-0,042159905;0,454306834;-0,789200476;1;;;;;;;;;;;;;
128;-1,147204607;0,386947735;0,147204607;1;-1,30411514;0,4615634;0,449016822;1;-1,156588693;0,603031134;4,782943463;1;;;;;;;;;;;;;
129;-0,689747986;0,275594588;-0,310252014;1;-0,887136906;0,296182849;-0,014292326;1;-0,763398104;0,428102038;2,816990518;1;;;;;;;;;;;;;
130;-1,273724834;0,386850549;0,273724834;1;-0,657203498;0,365501636;-0,269773892;1;-0,304918459;0,598447782;0,524592295;1;;;;;;;;;;;;;
131;-1,930441498;0,493109575;0,930441498;1;-0,542816761;0,360805816;-0,396870265;1;0,711621972;0,600426158;-4,55810986;1;;;;;;;;;;;;;
132;-1,923365875;0,418972401;0,923365875;0;-0,64375298;0,341604726;-0,284718912;1;0,288366525;0,570287743;-2,441832623;1;;;;;;;;;;;;;
133;-0,584600773;0,479524528;-0,415399227;1;-1,75146161;0,46466223;0,946068455;1;-0,34840647;0,649036987;0,74203235;1;;;;;;;;;;;;;
134;-1,111047691;0,346002421;0,111047691;1;-0,709873379;0,327103485;-0,211251801;1;-0,041708229;0,53011333;-0,791458857;1;;;;;;;;;;;;;
135;-1,324333183;0,439069804;0,324333183;1;-1,262659175;0,431025225;0,402954639;1;-0,096473324;0,603573851;-0,51763338;1;;;;;;;;;;;;;
136;-0,933347131;0,321086812;-0,066652869;1;-1,319561106;0,344650465;0,466179007;1;-0,438058611;0,465550186;1,190293055;1;;;;;;;;;;;;;
137;-0,952150766;0,450837268;-0,047849234;1;-0,667679482;0,334776201;-0,258133909;1;0,09583004;0,559635556;-1,479150198;1;;;;;;;;;;;;;
138;-0,706771731;0,307309183;-0,293228269;1;-0,755110896;0,278812525;-0,160987894;1;-0,30194876;0,434217446;0,509743798;1;;;;;;;;;;;;;
139;-1,237676676;0,433241292;0,237676676;1;-1,055404551;0,39544917;0,172671723;1;-0,527456494;0,584843383;1,63728247;1;;;;;;;;;;;;;
140;-1,617781969;0,360668861;0,617781969;1;-0,763927599;0,34853337;-0,151191556;1;-0,045349392;0,527566453;-0,773253039;1;;;;;;;;;;;;;
141;-1,743463642;0,332374387;0,743463642;0;-0,372423516;0,305587943;-0,586196093;1;0,009264444;0,497424458;-1,046322219;1;;;;;;;;;;;;;
142;-0,865484607;0,330260542;-0,134515393;1;-0,687461925;0,322438084;-0,236153416;1;-0,853903336;0,537496909;3,269516678;1;;;;;;;;;;;;;
143;-1,284568783;0,408640763;0,284568783;1;-1,257868737;0,402574378;0,39763193;1;-0,356446636;0,573481869;0,78223318;1;;;;;;;;;;;;;
144;-0,75689764;0,246572099;-0,24310236;1;-0,965714612;0,268817423;0,073016236;1;-0,335647209;0,357122912;0,678236045;1;;;;;;;;;;;;;
145;-1,394726956;0,664581556;0,394726956;1;-1,514685185;0,402374732;0,682983539;1;1,670505;0,97934534;-9,352525;1;;;;;;;;;;;;;
146;-0,648841023;0,385127391;-0,351158977;1;-0,565156802;0,30387089;-0,372047998;1;-0,514184494;0,546499951;1,570922471;1;;;;;;;;;;;;;
147;-1,147450147;0,385759033;0,147450147;1;-1,390543224;0,434510696;0,545048026;1;-0,473011721;0,567853025;1,365058607;1;;;;;;;;;;;;;
148;-1,859918909;0,387244043;0,859918909;0;-0,553612311;0,321255468;-0,38487521;1;0,632019202;0,574775025;-4,160096012;1;;;;;;;;;;;;;
149;-0,989326112;0,341249879;-0,010673888;1;-1,035712353;0,343740937;0,150791503;1;0,106976001;0,463512988;-1,534880007;1;;;;;;;;;;;;;
150;-0,702052879;0,329074343;-0,297947121;1;-0,963718719;0,319384874;0,070798577;1;-0,737579272;0,508082521;2,687896359;1;;;;;;;;;;;;;
151;-0,408572114;0,365254893;-0,591427886;1;-1,031960733;0,391100495;0,146623037;1;-1,015094036;0,68501595;4,075470181;1;;;;;;;;;;;;;
152;-1,024527956;0,307917062;0,024527956;1;-0,942371338;0,281778751;0,047079264;1;0,060220767;0,429796768;-1,301103837;1;;;;;;;;;;;;;
153;-0,632267945;0,265389295;-0,367732055;1;-1,176315499;0,335018227;0,307017221;1;-0,880645656;0,424915267;3,403228282;1;;;;;;;;;;;;;
154;-0,737682678;0,381599563;-0,262317322;1;-1,139770498;0,366610809;0,266411664;1;-0,418936086;0,551520438;1,094680431;1;;;;;;;;;;;;;
155;-1,191756502;0,380114176;0,191756502;1;-0,549646841;0,315986157;-0,389281287;1;-0,193057333;0,504454828;-0,034713335;1;;;;;;;;;;;;;
156;-0,442494384;0,280117099;-0,557505616;0;-1,259392541;0,403835374;0,399325045;1;-1,095286904;0,475221576;4,476434519;1;;;;;;;;;;;;;
157;-0,954934868;0,35523885;-0,045065132;1;-1,231248782;0,394472068;0,368054202;1;-0,794710004;0,533374972;2,97355002;1;;;;;;;;;;;;;
158;-0,589101677;0,339793802;-0,410898323;1;-1,264305936;0,375006118;0,404784373;1;-0,554807848;0,47383999;1,774039238;1;;;;;;;;;;;;;
159;-1,093550926;0,403181845;0,093550926;1;-0,6916394;0,350247749;-0,231511778;1;0,253036789;0,547933697;-2,265183945;1;;;;;;;;;;;;;
160;-0,660950833;0,3987305;-0,339049167;1;-1,014524761;0,374221908;0,127249734;1;-1,211346997;0,59676991;5,056734987;1;;;;;;;;;;;;;
161;-0,545746697;0,438018082;-0,454253303;1;-0,897540726;0,383406945;-0,002732527;1;-0,663899531;0,573915368;2,319497656;1;;;;;;;;;;;;;
162;-0,511097118;0,295257903;-0,488902882;1;-0,937631106;0,291841642;0,04181234;1;-0,294820177;0,479778406;0,474100883;1;;;;;;;;;;;;;
163;-0,283071946;0,558570054;-0,716928054;1;-0,663135286;0,305323032;-0,263183015;1;-0,691984605;0,532669183;2,459923024;1;;;;;;;;;;;;;
164;-0,566003784;0,35490339;-0,433996216;1;-1,321662839;0,360777136;0,468514265;1;0,208894526;0,520385567;-2,04447263;1;;;;;;;;;;;;;
165;-1,203684961;0,392595085;0,203684961;1;-1,573778395;0,449577162;0,748642661;1;-0,027832057;0,597972523;-0,860839715;1;;;;;;;;;;;;;
166;-1,353556674;0,370424771;0,353556674;1;-1,30856029;0,359015515;0,453955878;1;0,503640118;0,468379356;-3,518200589;1;;;;;;;;;;;;;
167;-1,272010791;0,382639535;0,272010791;1;-1,359489178;0,400788676;0,510543531;1;0,297221225;0,512809121;-2,486106127;1;;;;;;;;;;;;;
168;-0,395399317;0,534724527;-0,604600683;1;-1,38132052;0,452619062;0,534800578;1;-0,726917511;0,654072703;2,634587556;1;;;;;;;;;;;;;
169;-0,750613996;0,436963381;-0,249386004;1;-0,917110772;0,35998781;0,019011969;1;-0,097022045;0,562853046;-0,514889773;1;;;;;;;;;;;;;
170;-0,982805354;0,336974;-0,017194646;1;-1,066285149;0,34258474;0,184761276;1;-0,478083285;0,528057831;1,390416423;1;;;;;;;;;;;;;
171;-0,676890771;0,452598613;-0,323109229;1;-1,364699521;0,373279658;0,516332801;1;0,05414374;0,503010289;-1,270718701;1;;;;;;;;;;;;;
172;-1,7444877;0,508069456;0,7444877;1;-0,904383481;0,401910934;0,004870534;1;0,707902834;0,713360776;-4,539514169;1;;;;;;;;;;;;;
173;-0,998106611;0,381793506;-0,001893389;1;-0,672730542;0,326141847;-0,25252162;1;-0,080429335;0,466775116;-0,597853325;1;;;;;;;;;;;;;
174;-1,680557538;0,474144221;0,680557538;1;-1,412228514;0,422461033;0,569142793;1;-0,041504488;0,649243001;-0,792477562;1;;;;;;;;;;;;;
175;-1,058074293;0,352798535;0,058074293;1;-0,855395565;0,333878253;-0,049560483;1;0,019660989;0,512248558;-1,098304943;1;;;;;;;;;;;;;
176;-0,680379524;0,329393054;-0,319620476;1;-1,392637253;0,381754277;0,547374726;1;-0,422224115;0,474323863;1,111120574;1;;;;;;;;;;;;;
177;-1,100092363;0,394097018;0,100092363;1;-1,066977599;0,342674254;0,185530665;1;0,246741869;0,48986444;-2,233709346;1;;;;;;;;;;;;;
178;-0,487067193;0,31517487;-0,512932807;1;-0,863236145;0,347173727;-0,040848727;1;-1,694204729;0,53892319;7,471023646;0;;;;;;;;;;;;;
179;-1,472136053;0,342341816;0,472136053;1;-1,181935817;0,333459915;0,313262019;1;0,436425209;0,4579617;-3,182126045;1;;;;;;;;;;;;;
180;-0,297640091;0,365623657;-0,702359909;1;-1,078496532;0,338732145;0,19832948;1;-1,063466816;0,5294713;4,317334079;1;;;;;;;;;;;;;
181;-1,931265164;0,470766654;0,931265164;0;-0,463008041;0,390882608;-0,485546621;1;-0,010018023;0,607148512;-0,949909886;1;;;;;;;;;;;;;
182;-0,817349583;0,378513957;-0,182650417;1;-0,93091334;0,370284598;0,034348155;1;-0,622174207;0,526111266;2,110871035;1;;;;;;;;;;;;;
183;-0,861079738;0,336887545;-0,138920262;1;-0,843419502;0,331949401;-0,062867219;1;-0,016229396;0,502309043;-0,918853022;1;;;;;;;;;;;;;
184;-1,573972587;0,564020624;0,573972587;1;-0,737546116;0,444110273;-0,180504315;1;0,419856069;0,724935295;-3,099280343;1;;;;;;;;;;;;;
185;-1,332125982;0,333929811;0,332125982;1;-1,761392835;0,415223158;0,95710315;0;0,392417245;0,468375775;-2,962086223;1;;;;;;;;;;;;;
186;-0,952568483;0,369782517;-0,047431517;1;-1,200065979;0,378017584;0,333406644;1;-0,656146617;0,528602212;2,280733085;1;;;;;;;;;;;;;
187;-1,073170922;0,511748212;0,073170922;1;-0,401603162;0,347423921;-0,553774264;1;0,159461711;0,60358951;-1,797308555;1;;;;;;;;;;;;;
188;-0,488689627;0,257566537;-0,511310373;0;-0,81070242;0,262236116;-0,099219533;1;-1,221011028;0,411524968;5,105055141;0;;;;;;;;;;;;;
189;-1,407961222;0,398610434;0,407961222;1;-1,265704652;0,393349213;0,406338503;1;0,144504208;0,536465702;-1,722521042;1;;;;;;;;;;;;;
190;-0,731558391;0,28675808;-0,268441609;1;-1,291618657;0,326457422;0,435131841;1;0,791134895;0,515753565;-4,955674474;1;;;;;;;;;;;;;
191;-0,872519445;0,47707314;-0,127480555;1;-1,614573142;0,483216476;0,793970157;1;0,376583709;0,771800389;-2,882918547;1;;;;;;;;;;;;;
192;-1,200436325;0,437900227;0,200436325;1;-0,837127316;0,363655574;-0,069858537;1;0,077601087;0,612489907;-1,388005436;1;;;;;;;;;;;;;
193;-1,007500131;0,414430111;0,007500131;1;-0,836295663;0,328923849;-0,070782597;1;-0,211492085;0,566436377;0,057460425;1;;;;;;;;;;;;;
194;-1,038610347;0,366411999;0,038610347;1;-0,882726007;0,35055308;-0,019193325;1;-0,588835101;0,528274368;1,944175506;1;;;;;;;;;;;;;
195;-1,241519212;0,418930645;0,241519212;1;-0,699361609;0,332466053;-0,222931546;1;0,235168732;0,499611805;-2,175843662;1;;;;;;;;;;;;;
196;-0,897983773;0,333962153;-0,102016227;1;-0,925326467;0,313979436;0,028140518;1;-0,310415861;0,476037759;0,552079304;1;;;;;;;;;;;;;
197;-0,96325174;0,297365568;-0,03674826;1;-1,023596507;0,29521424;0,137329452;1;0,131649201;0,39824485;-1,658246004;1;;;;;;;;;;;;;
198;-0,817656821;0,379882054;-0,182343179;1;-0,523826922;0,353164997;-0,417970087;1;-1,240823462;0,595470136;5,204117311;1;;;;;;;;;;;;;
199;-0,808024483;0,288989569;-0,191975517;1;-1,137271205;0,332902264;0,263634672;1;-0,866009449;0,484031405;3,330047246;1;;;;;;;;;;;;;
200;-0,767679454;0,341037369;-0,232320546;1;-0,629426748;0,275269708;-0,300636947;1;-0,273096569;0,488997721;0,365482843;1;;;;;;;;;;;;;
201;-1,018129139;0,290787015;0,018129139;1;-0,848378621;0,280996911;-0,057357088;1;0,315315673;0,426202748;-2,576578363;1;;;;;;;;;;;;;
202;-0,758981335;0,317045995;-0,241018665;1;-0,733953429;0,30258817;-0,18449619;1;-0,384101368;0,429886851;0,920506839;1;;;;;;;;;;;;;
203;-1,044067029;0,334024495;0,044067029;1;-0,774436911;0,312265262;-0,139514544;1;-0,117194768;0,464806913;-0,414026159;1;;;;;;;;;;;;;
204;-0,704263676;0,265181583;-0,295736324;1;-0,957980497;0,306050884;0,064422775;1;-0,835177779;0,467996367;3,175888895;1;;;;;;;;;;;;;
205;-1,015045298;0,315502114;0,015045298;1;-2,233578418;0,455531414;1,481753798;0;-0,307191956;0,446551234;0,535959781;1;;;;;;;;;;;;;
206;-0,686181079;0,354423902;-0,313818921;1;-0,772550168;0,30306125;-0,141610924;1;-0,2364734;0,489101512;0,182367001;1;;;;;;;;;;;;;
207;-0,741840597;0,362923488;-0,258159403;1;-1,045257159;0,331287458;0,161396843;1;-0,062742074;0,49991452;-0,686289628;1;;;;;;;;;;;;;
208;-1,511414322;0,403187603;0,511414322;1;-0,780814183;0,344359083;-0,132428685;1;-0,060954137;0,559952087;-0,695229316;1;;;;;;;;;;;;;
209;-0,897320598;0,315609548;-0,102679402;1;-0,776180569;0,310612035;-0,137577145;1;-0,887036328;0,502745807;3,43518164;1;;;;;;;;;;;;;
210;-0,741039875;0,247302961;-0,258960125;1;-0,739843663;0,271518463;-0,177951485;1;-1,15843367;0,447627787;4,792168351;0;;;;;;;;;;;;;
211;-0,896291414;0,518864306;-0,103708586;1;-0,674980927;0,35119626;-0,250021192;1;0,060286003;0,603837588;-1,301430013;1;;;;;;;;;;;;;
212;-1,50487325;0,443397202;0,50487325;1;-0,982928573;0,384728285;0,092142858;1;0,204690347;0,546306084;-2,023451733;1;;;;;;;;;;;;;
213;-0,949948478;0,371550747;-0,050051522;1;-0,832752904;0,323525297;-0,074718995;1;-0,585180539;0,551103664;1,925902693;1;;;;;;;;;;;;;
214;-0,690492406;0,322770908;-0,309507594;1;-1,08678646;0,342915863;0,207540512;1;-0,229456539;0,513597293;0,147282697;1;;;;;;;;;;;;;
215;-0,967265352;0,508504897;-0,032734648;1;-1,051003049;0,383985737;0,167781166;1;-0,175461918;0,637453492;-0,12269041;1;;;;;;;;;;;;;
216;-1,143473479;0,374709462;0,143473479;1;-0,996491076;0,386183644;0,107212307;1;-0,105078036;0,576600854;-0,47460982;1;;;;;;;;;;;;;
217;-0,152760243;0,263729039;-0,847239757;0;-0,730573697;0,27949297;-0,188251448;1;-0,348738418;0,474431291;0,743692092;1;;;;;;;;;;;;;
218;-1,045931297;0,262875964;0,045931297;1;-1,883728357;0,386739679;1,093031508;0;-0,594550441;0,409910414;1,972752203;1;;;;;;;;;;;;;
219;-0,772472263;0,300595805;-0,227527737;1;-1,383605453;0,408384055;0,537339392;1;-1,215657917;0,530263739;5,078289583;1;;;;;;;;;;;;;
220;-0,460018302;0,375807574;-0,539981698;1;-1,031692982;0,361857189;0,146325535;1;0,72670832;0,583732562;-4,633541599;1;;;;;;;;;;;;;
221;-0,988446327;0,428521272;-0,011553673;1;-1,312551978;0,391012963;0,458391087;1;-0,039632865;0,611210986;-0,801835675;1;;;;;;;;;;;;;
222;-1,109135017;0,499566826;0,109135017;1;-0,908652391;0,337358643;0,009613768;1;0,84563047;0,53902959;-5,228152351;1;;;;;;;;;;;;;
223;-1,364464991;0,390309143;0,364464991;1;-0,600541663;0,308127105;-0,332731485;1;0,188100686;0,541675562;-1,940503431;1;;;;;;;;;;;;;
224;-0,754683268;0,264407334;-0,245316732;1;-1,327975568;0,337422471;0,475528409;1;-0,595866462;0,371079593;1,979332311;1;;;;;;;;;;;;;
225;-0,980238053;0,372716598;-0,019761947;1;-0,534207419;0,304987898;-0,406436201;1;0,123844154;0,499150499;-1,61922077;1;;;;;;;;;;;;;
226;-1,151444745;0,321448037;0,151444745;1;-0,94960642;0,315835542;0,055118245;1;0,190521768;0,468207833;-1,952608839;1;;;;;;;;;;;;;
227;-1,147809884;0,358432281;0,147809884;1;-0,933537178;0,326551789;0,037263531;1;-0,103591997;0,513619434;-0,482040013;1;;;;;;;;;;;;;
228;-1,353066108;0,466950868;0,353066108;1;-0,892541935;0,410990289;-0,008286739;1;-0,041570637;0,669784679;-0,792146814;1;;;;;;;;;;;;;
229;-1,62256264;0,538206496;0,62256264;1;-0,406474979;0,387212071;-0,548361134;1;0,290357397;0,742729986;-2,451786983;1;;;;;;;;;;;;;
230;-0,845083578;0,465405762;-0,154916422;1;-0,959525833;0,425942593;0,066139815;1;-1,207030794;0,701396446;5,03515397;1;;;;;;;;;;;;;
231;-1,048960101;0,313270286;0,048960101;1;-0,841796852;0,298515781;-0,064670165;1;0,103865691;0,436993981;-1,519328454;1;;;;;;;;;;;;;
232;-1,192352312;0,389768057;0,192352312;1;-0,616942147;0,363380647;-0,314508726;1;-0,941870935;0,600146329;3,709354676;1;;;;;;;;;;;;;
233;-0,69756541;0,419522808;-0,30243459;1;-1,948315277;0,464914358;1,164794753;0;-0,255402676;0,600007114;0,277013378;1;;;;;;;;;;;;;
234;-0,977439412;0,354270914;-0,022560588;1;-0,625126827;0,306300628;-0,305414636;1;-0,93724983;0,579924443;3,686249149;1;;;;;;;;;;;;;
235;-0,77578957;0,253224268;-0,22421043;1;-1,007134922;0,298969866;0,119038802;1;-0,433874472;0,362154333;1,169372361;1;;;;;;;;;;;;;
236;-1,617008837;0,369647223;0,617008837;1;-0,992785816;0,38457683;0,103095351;1;-0,488607171;0,60728976;1,443035855;1;;;;;;;;;;;;;
237;-1,271172118;0,388018178;0,271172118;1;-0,317124313;0,321694537;-0,647639653;1;-0,075028475;0,52113397;-0,624857626;1;;;;;;;;;;;;;
238;-1,172200181;0,400505805;0,172200181;1;-0,629864682;0,32209914;-0,300150354;1;-0,173421034;0,530313159;-0,13289483;1;;;;;;;;;;;;;
239;-1,98627989;0,469925463;0,98627989;0;-1,00387943;0,369689857;0,115421589;1;0,758633053;0,587579033;-4,793165264;1;;;;;;;;;;;;;
240;-1,743328638;0,419900754;0,743328638;1;-0,88406007;0,317671881;-0,017711033;1;0,969101261;0,561297783;-5,845506303;0;;;;;;;;;;;;;
241;-0,549126183;0,331753961;-0,450873817;1;-1,440266757;0,379751603;0,600296397;1;-0,557536137;0,475200348;1,787680686;1;;;;;;;;;;;;;
242;-1,863966297;0,525247095;0,863966297;1;-0,731575075;0,408543788;-0,187138805;1;0,63583068;0,664030293;-4,179153402;1;;;;;;;;;;;;;
243;-0,599532989;0,388223832;-0,400467011;1;-1,191933655;0,378965664;0,324370727;1;0,11392331;0,772677282;-1,56961655;1;;;;;;;;;;;;;
244;-0,838007871;0,26082862;-0,161992129;1;-1,076042169;0,268816966;0,195602411;1;-0,259316832;0,392258476;0,296584162;1;;;;;;;;;;;;;
245;-0,845939724;0,291199259;-0,154060276;1;-1,42663505;0,339052441;0,585150056;1;-0,747208016;0,49778984;2,736040082;1;;;;;;;;;;;;;
246;-0,676529117;0,390504129;-0,323470883;1;-0,459457743;0,295097239;-0,489491396;1;-0,259340131;0,469067147;0,296700653;1;;;;;;;;;;;;;
247;-0,594526605;0,329450843;-0,405473395;1;-1,390799706;0,363542812;0,545333007;1;-0,571507827;0,452556294;1,857539137;1;;;;;;;;;;;;;
248;-1,545801192;0,36649924;0,545801192;1;-1,506667006;0,388341695;0,674074451;1;0,167094901;0,487500118;-1,835474503;1;;;;;;;;;;;;;
249;-1,028745477;0,394610863;0,028745477;1;-1,624396415;0,437311785;0,804884906;1;-0,096828471;0,562628024;-0,515857646;1;;;;;;;;;;;;;
250;-0,717235473;0,335507288;-0,282764527;1;-1,087954798;0,337252318;0,208838664;1;-0,045517986;0,432547334;-0,772410072;1;;;;;;;;;;;;;
251;-1,057342631;0,364507584;0,057342631;1;-1,134295199;0,379329617;0,260327999;1;-0,131948092;0,500264489;-0,340259541;1;;;;;;;;;;;;;
252;-1,159915836;0,354929562;0,159915836;1;-0,269416295;0,265852088;-0,700648561;0;-0,010490826;0,482386657;-0,947545868;1;;;;;;;;;;;;;
253;-1,407787034;0,39449285;0,407787034;1;-0,445112248;0,330513126;-0,505430836;1;-0,305014628;0,553083943;0,525073138;1;;;;;;;;;;;;;
254;-0,42319956;0,537557261;-0,57680044;1;-1,084490835;0,474952693;0,204989817;1;-2,143773569;0,791600298;9,718867843;0;;;;;;;;;;;;;
255;-0,724726784;0,294746951;-0,275273216;1;-0,921048675;0,318735029;0,023387416;1;-0,561135575;0,443740974;1,805677874;1;;;;;;;;;;;;;
256;-1,180147349;0,284846084;0,180147349;1;-1,017301915;0,311737401;0,130335461;1;-0,055670629;0,420137067;-0,721646856;1;;;;;;;;;;;;;
257;-0,903217446;0,297271672;-0,096782554;1;-1,062040885;0,317876604;0,180045427;1;-0,182469097;0,460920451;-0,087654513;1;;;;;;;;;;;;;
258;-1,339917157;0,406544225;0,339917157;1;-0,740884876;0,351988413;-0,176794582;1;0,39703657;0,542359047;-2,985182851;1;;;;;;;;;;;;;
259;-1,265360705;0,330983384;0,265360705;1;-0,802056775;0,306667984;-0,108825806;1;-0,308333367;0,491843965;0,541666836;1;;;;;;;;;;;;;
260;-0,903905485;0,369519483;-0,096094515;1;-0,646818839;0,356825758;-0,281312401;1;-0,906018064;0,581162464;3,53009032;1;;;;;;;;;;;;;
261;-0,811752222;0,314399234;-0,188247778;1;-1,054633569;0,355516909;0,171815077;1;-0,74592456;0,510422211;2,729622801;1;;;;;;;;;;;;;
262;-0,885763877;0,463696921;-0,114236123;1;-1,042874204;0,399885925;0,158749116;1;-0,605677746;0,650991465;2,02838873;1;;;;;;;;;;;;;
263;-1,987625415;0,434569796;0,987625415;0;-1,388932204;0,430116454;0,543258004;1;0,952371734;0,570780512;-5,761858669;0;;;;;;;;;;;;;
264;-1,088643571;0,384881273;0,088643571;1;-1,122983566;0,394102341;0,247759518;1;-0,136148356;0,604507225;-0,319258221;1;;;;;;;;;;;;;
265;-1,568385654;0,380926189;0,568385654;1;-1,144579984;0,379110261;0,271755537;1;0,109381828;0,561109631;-1,546909142;1;;;;;;;;;;;;;
266;-1,129324261;0,433623743;0,129324261;1;-1,268201366;0,440854797;0,409112628;1;-0,439223807;0,648834185;1,196119035;1;;;;;;;;;;;;;
267;-1,427661121;0,444920002;0,427661121;1;-1,636111603;0,503361683;0,817901781;1;-0,136420535;0,605653781;-0,317897327;1;;;;;;;;;;;;;
268;-1,367637973;0,355593796;0,367637973;1;-0,327639548;0,30236417;-0,635956058;1;-0,133532994;0,489721682;-0,332335028;1;;;;;;;;;;;;;
269;-0,893075589;0,319572938;-0,106924411;1;-1,120442802;0,338494048;0,244936446;1;-0,236279457;0,442410351;0,181397283;1;;;;;;;;;;;;;
270;-0,940270393;0,435473025;-0,059729607;1;-1,089416117;0,360122467;0,210462353;1;0,711608739;0,603208962;-4,558043697;1;;;;;;;;;;;;;
271;-0,392640478;0,362570719;-0,607359522;1;-1,429680784;0,363823935;0,588534204;1;-0,900255304;0,500370615;3,501276518;1;;;;;;;;;;;;;
272;-0,788597333;0,551468225;-0,211402667;1;-0,569433356;0,407942702;-0,367296271;1;-0,97339423;0,728885385;3,866971151;1;;;;;;;;;;;;;
273;-0,512950658;0,433309478;-0,487049342;1;-0,835823521;0,378485549;-0,071307199;1;-0,496483912;0,628032296;1,48241956;1;;;;;;;;;;;;;
274;-0,995543646;0,304462416;-0,004456354;1;-0,74254508;0,351935466;-0,174949911;1;-1,638036089;0,583702788;7,190180446;0;;;;;;;;;;;;;
275;-0,612420756;0,404769242;-0,387579244;1;-1,257837295;0,437951207;0,397596994;1;-1,1268946;0,637090296;4,634473;1;;;;;;;;;;;;;
276;-0,987241372;0,321793852;-0,012758628;1;-0,831138557;0,344159503;-0,076512715;1;-0,796772004;0,547236662;2,983860019;1;;;;;;;;;;;;;
277;-1,250564272;0,333131424;0,250564272;1;-0,846289572;0,328965788;-0,059678253;1;0,055985048;0,515606863;-1,279925241;1;;;;;;;;;;;;;
278;-0,824331908;0,263749388;-0,175668092;1;-1,038586859;0,301741142;0,153985399;1;-0,396703874;0,417056161;0,98351937;1;;;;;;;;;;;;;
279;-0,750939406;0,327354296;-0,249060594;1;-1,071872474;0,336360481;0,190969416;1;-0,663856739;0,528474293;2,319283697;1;;;;;;;;;;;;;
280;-0,72670515;0,226530452;-0,27329485;1;-0,765346795;0,287764435;-0,149614673;1;-0,801562196;0,404943418;3,007810981;1;;;;;;;;;;;;;
281;-1,586224011;0,509071496;0,586224011;1;0,020422964;0,440966914;-1,022692182;0;-0,791814563;0,785457775;2,959072814;1;;;;;;;;;;;;;
282;-1,485881237;0,535243241;0,485881237;1;-0,873520852;0,432329958;-0,029421275;1;-0,371730824;0,713804575;0,858654119;1;;;;;;;;;;;;;
283;-1,167678881;0,490026846;0,167678881;1;-0,827379514;0,344624863;-0,080689429;1;0,488411671;0,649076351;-3,442058353;1;;;;;;;;;;;;;
284;-0,634082019;0,381528232;-0,365917981;1;-1,227280882;0,381123423;0,363645425;1;-0,557221102;0,533751184;1,786105509;1;;;;;;;;;;;;;
285;-1,326281901;0,404388426;0,326281901;1;-1,243714914;0,443490434;0,38190546;1;0,047470169;0,588084517;-1,237350844;1;;;;;;;;;;;;;
286;-2,02523437;0,502598891;1,02523437;0;-0,58034276;0,379566606;-0,355174711;1;0,422285225;0,63875073;-3,111426123;1;;;;;;;;;;;;;
287;-1,030850025;0,367253954;0,030850025;1;-1,54779165;0,3986246;0,7197685;1;0,536901989;0,45592267;-3,684509945;1;;;;;;;;;;;;;
288;-1,66990292;0,336325275;0,66990292;0;-0,907956548;0,370899239;0,008840609;1;-0,429957778;0,544192984;1,149788892;1;;;;;;;;;;;;;
289;-1,500544888;0,425196717;0,500544888;1;-0,672156689;0,328352042;-0,253159235;1;0,45630379;0,593714072;-3,28151895;1;;;;;;;;;;;;;
290;-0,544160471;0,396549104;-0,455839529;1;-0,934548458;0,362675193;0,038387176;1;-0,328371609;0,53290342;0,641858046;1;;;;;;;;;;;;;
291;-1,029959033;0,277040614;0,029959033;1;-0,912731438;0,316665068;0,014146042;1;-0,499187138;0,462079033;1,495935692;1;;;;;;;;;;;;;
292;-0,870894752;0,384077977;-0,129105248;1;-0,585158974;0,355251459;-0,349823363;1;-0,905686965;0,636855479;3,528434826;1;;;;;;;;;;;;;
293;-0,913915698;0,413684421;-0,086084302;1;-0,879134761;0,348818974;-0,023183598;1;0,165900226;0,553542805;-1,829501129;1;;;;;;;;;;;;;
294;-1,158690603;0,410393117;0,158690603;1;-0,993323704;0,356352261;0,103693004;1;0,209716244;0,607542219;-2,048581219;1;;;;;;;;;;;;;
295;-1,536962954;0,450811173;0,536962954;1;-0,075564851;0,350241008;-0,916039055;0;-0,001426786;0,571642207;-0,992866069;1;;;;;;;;;;;;;
296;-1,352649176;0,461586813;0,352649176;1;-0,626640651;0,366641289;-0,30373261;1;-0,316862716;0,680365595;0,58431358;1;;;;;;;;;;;;;
297;-2,258275698;0,564442378;1,258275698;0;-0,402655464;0,394042545;-0,55260504;1;0,337979604;0,739281581;-2,689898019;1;;;;;;;;;;;;;
298;-0,573158322;0,323840619;-0,426841678;1;-1,162743069;0,348387747;0,291936743;1;-0,98903064;0,539916093;3,945153198;1;;;;;;;;;;;;;
299;-1,612433984;0,521176321;0,612433984;1;-1,134803719;0,436535099;0,260893022;1;0,691089404;0,637511596;-4,455447018;1;;;;;;;;;;;;;
300;-1,142182173;0,362001177;0,142182173;1;-1,331147907;0,359559326;0,47905323;1;0,378484454;0,489867796;-2,892422269;1;;;;;;;;;;;;;
301;-1,448058571;0,386442641;0,448058571;1;-1,583340826;0,3901034;0,759267584;1;0,813248718;0,521093955;-5,066243589;1;;;;;;;;;;;;;
302;-0,607909514;0,421675951;-0,392090486;1;-1,040473857;0,342551939;0,156082064;1;-0,490229477;0,564493424;1,451147384;1;;;;;;;;;;;;;
303;-1,040174478;0,313114509;0,040174478;1;-0,421940259;0,27466111;-0,53117749;1;-0,213328484;0,465417183;0,066642419;1;;;;;;;;;;;;;
304;-1,111282926;0,506035916;0,111282926;1;-1,173520785;0,419255837;0,303911984;1;0,60008181;0,586921897;-4,000409049;1;;;;;;;;;;;;;
305;-1,204104792;0,351664796;0,204104792;1;-0,725821331;0,302950861;-0,193531855;1;0,078444849;0,492188915;-1,392224243;1;;;;;;;;;;;;;
306;-0,853817701;0,276743014;-0,146182299;1;-1,372627172;0,335990326;0,525141302;1;-0,209337964;0,391785634;0,046689821;1;;;;;;;;;;;;;
307;-0,703882542;0,31074974;-0,296117458;1;-1,174993975;0,321415616;0,305548862;1;-0,397704277;0,454015511;0,988521383;1;;;;;;;;;;;;;
308;-0,693438507;0,299512235;-0,306561493;1;-0,640843202;0,306795441;-0,287951997;1;-0,74555056;0,471231148;2,7277528;1;;;;;;;;;;;;;
309;-1,130064621;0,287935657;0,130064621;1;-0,874342383;0,279961384;-0,028508463;1;-0,14194857;0,407751323;-0,290257148;1;;;;;;;;;;;;;
310;-1,027365553;0,398520665;0,027365553;1;-0,805657016;0,32422574;-0,104825537;1;0,347835215;0,576122196;-2,739176076;1;;;;;;;;;;;;;
311;-1,430228382;0,39108925;0,430228382;1;-0,871106954;0,354108939;-0,032103384;1;-0,404235469;0,600616437;1,021177343;1;;;;;;;;;;;;;
312;-1,588079484;0,448133897;0,588079484;1;-0,603735831;0,332654475;-0,32918241;1;0,388769831;0,547580214;-2,943849154;1;;;;;;;;;;;;;
313;-1,412155626;0,320629913;0,412155626;1;-0,554572587;0,288743767;-0,383808237;1;-0,290727822;0,49749621;0,453639109;1;;;;;;;;;;;;;
314;-1,42017525;0,511682779;0,42017525;1;-1,642828568;0,477435773;0,825365076;1;0,205460409;0,683044172;-2,027302046;1;;;;;;;;;;;;;
315;-0,345335436;0,34357888;-0,654664564;1;-1,271097771;0,384229328;0,412330856;1;-1,085616001;0,523141126;4,428080007;1;;;;;;;;;;;;;
316;-0,789166772;0,45976509;-0,210833228;1;-0,910515879;0,328297312;0,011684309;1;-0,129992104;0,523218126;-0,35003948;1;;;;;;;;;;;;;
317;-0,73820913;0,268094412;-0,26179087;1;-0,768997134;0,26555984;-0,14555874;1;-0,244185497;0,372711344;0,220927484;1;;;;;;;;;;;;;
318;-0,967236807;0,254318289;-0,032763193;1;-1,509142622;0,43337643;0,676825135;1;-0,970430851;0,438580845;3,852154257;1;;;;;;;;;;;;;
319;-1,012971858;0,514197932;0,012971858;1;-0,83853477;0,386193762;-0,0682947;1;0,158224919;0,697618233;-1,791124595;1;;;;;;;;;;;;;
320;-0,966458077;0,367558913;-0,033541923;1;-1,018529997;0,339393977;0,131699996;1;-0,299065647;0,513239717;0,495328233;1;;;;;;;;;;;;;
321;-1,422602976;0,441873157;0,422602976;1;-0,836020171;0,40977593;-0,071088699;1;-0,346226084;0,623588351;0,731130421;1;;;;;;;;;;;;;
322;-1,342076506;0,462077469;0,342076506;1;-0,945535117;0,38145732;0,050594575;1;-0,036669611;0,625347544;-0,816651945;1;;;;;;;;;;;;;
323;-1,237962693;0,317940043;0,237962693;1;-0,805573137;0,330525546;-0,104918737;1;-0,253241661;0,498514503;0,266208306;1;;;;;;;;;;;;;
324;-0,752232477;0,491084352;-0,247767523;1;-0,135433157;0,406701681;-0,849518715;1;-1,916934851;0,72629286;8,584674256;0;;;;;;;;;;;;;
325;-1,058701472;0,379234368;0,058701472;1;-0,767291226;0,300170093;-0,147454193;1;0,663434557;0,579765431;-4,317172786;1;;;;;;;;;;;;;
326;-0,561247577;0,281985249;-0,438752423;1;-1,441850828;0,352863168;0,602056476;1;-0,86408171;0,457355577;3,320408548;1;;;;;;;;;;;;;
327;-1,452323112;0,3938803;0,452323112;1;-0,693300327;0,335931889;-0,229666303;1;0,221517189;0,535258095;-2,107585946;1;;;;;;;;;;;;;
328;-0,390313239;0,314141786;-0,609686761;1;-1,433042561;0,374021071;0,592269513;1;-1,78747374;0,546601956;7,937368699;0;;;;;;;;;;;;;
329;-1,172837816;0,340223604;0,172837816;1;-0,459931763;0,343742695;-0,488964708;1;-0,619279823;0,55194755;2,096399115;1;;;;;;;;;;;;;
330;-0,913561856;0,382254367;-0,086438144;1;-0,498903352;0,304244361;-0,445662943;1;-0,263540491;0,52048679;0,317702456;1;;;;;;;;;;;;;
331;-1,27151659;0,390436881;0,27151659;1;-1,389957332;0,354940221;0,544397036;1;0,633486441;0,528871349;-4,167432205;1;;;;;;;;;;;;;
332;-0,980416161;0,367693996;-0,019583839;1;-1,449855471;0,430096423;0,610950523;1;-0,4204128;0,540924331;1,102063998;1;;;;;;;;;;;;;
333;-1,335850624;0,389772275;0,335850624;1;-1,270552484;0,411982505;0,411724983;1;0,064649265;0,557153605;-1,323246325;1;;;;;;;;;;;;;
334;-1,817283867;0,446031766;0,817283867;1;-1,034066132;0,349623211;0,148962368;1;0,920333711;0,606971834;-5,601668554;1;;;;;;;;;;;;;
335;-0,347046072;0,429088796;-0,652953928;1;-1,044933369;0,394368575;0,161037076;1;-0,274411975;0,837307757;0,372059873;1;;;;;;;;;;;;;
336;-0,45531033;0,39912998;-0,54468967;1;-1,321694743;0,335952788;0,468549715;1;0,094021112;0,477390062;-1,47010556;1;;;;;;;;;;;;;
337;-2,005127382;0,539402261;1,005127382;1;-0,975306129;0,420403162;0,083673477;1;0,664720658;0,681401897;-4,323603291;1;;;;;;;;;;;;;
338;-0,872988906;0,427632086;-0,127011094;1;-0,931669659;0,30512276;0,03518851;1;0,282086826;0,521737171;-2,410434129;1;;;;;;;;;;;;;
339;-1,487382114;0,352832284;0,487382114;1;-0,182889721;0,340507866;-0,796789199;0;-0,465809346;0,584618857;1,329046731;1;;;;;;;;;;;;;
340;-1,227836738;0,308333113;0,227836738;1;-1,172853957;0,312093352;0,303171063;1;0,141608707;0,412955302;-1,708043537;1;;;;;;;;;;;;;
341;-1,387097063;0,488534105;0,387097063;1;-0,113112526;0,368422622;-0,874319416;0;-0,135191621;0,630116001;-0,324041897;1;;;;;;;;;;;;;
342;-1,173680669;0,402852378;0,173680669;1;-0,876331039;0,319937417;-0,026298846;1;0,557350842;0,476076553;-3,786754209;1;;;;;;;;;;;;;
343;-2,304637911;0,546447316;1,304637911;0;-0,403287522;0,451728336;-0,551902753;1;0,037555647;0,750593971;-1,187778236;1;;;;;;;;;;;;;
344;-1,243169383;0,330669798;0,243169383;1;-0,893459462;0,331111832;-0,007267264;1;0,15875496;0,49676513;-1,793774798;1;;;;;;;;;;;;;
345;-0,449232351;0,358688212;-0,550767649;1;-0,934543405;0,327129001;0,038381561;1;-0,541927799;0,544957744;1,709638997;1;;;;;;;;;;;;;
346;-0,672748861;0,363443206;-0,327251139;1;-0,942963267;0,378938352;0,047736963;1;-1,057727859;0,580152081;4,288639296;1;;;;;;;;;;;;;
347;-0,75629899;0,315685326;-0,24370101;1;-0,482282143;0,289629373;-0,464130952;1;-1,110033648;0,533395418;4,550168239;1;;;;;;;;;;;;;
348;-1,209797565;0,29020942;0,209797565;1;-0,936648093;0,309818877;0,040720104;1;-0,245985507;0,445403129;0,229927535;1;;;;;;;;;;;;;
349;-1,551701176;0,397921241;0,551701176;1;-0,758651645;0,349810835;-0,157053727;1;0,322216497;0,596594563;-2,611082485;1;;;;;;;;;;;;;
350;-1,156398736;0,37949336;0,156398736;1;-0,495859529;0,319300796;-0,449044967;1;-0,038860085;0,523578654;-0,805699577;1;;;;;;;;;;;;;
351;-1,097123609;0,303799969;0,097123609;1;-0,683631186;0,302131767;-0,240409793;1;-0,78697698;0,479280849;2,934884902;1;;;;;;;;;;;;;
352;-0,874495899;0,4111101;-0,125504101;1;-0,186448439;0,346503916;-0,792835068;0;-1,717453139;0,672551241;7,587265697;0;;;;;;;;;;;;;
353;-1,432400487;0,38548267;0,432400487;1;-0,630859585;0,321680523;-0,299044905;1;0,004037476;0,540998019;-1,020187379;1;;;;;;;;;;;;;
354;-1,085700499;0,344566707;0,085700499;1;-0,678033976;0,309012485;-0,246628916;1;0,325548785;0,512976755;-2,627743925;1;;;;;;;;;;;;;
355;-1,535030898;0,455389422;0,535030898;1;-0,128669046;0,325555261;-0,857034393;0;0,400861268;0,574981497;-3,004306339;1;;;;;;;;;;;;;
356;-1,131154571;0,34614046;0,131154571;1;-0,997706927;0,350226846;0,108563253;1;-0,188600123;0,498149381;-0,056999386;1;;;;;;;;;;;;;
357;-0,807015327;0,548541341;-0,192984673;1;-0,716193842;0,406176714;-0,204229064;1;-0,121061425;0,678855104;-0,394692875;1;;;;;;;;;;;;;
358;-0,769725282;0,265224499;-0,230274718;1;-1,078971308;0,341077618;0,198857009;1;-0,959768635;0,426444375;3,798843177;1;;;;;;;;;;;;;
359;-0,263715263;0,383598896;-0,736284737;1;-0,953277955;0,315008302;0,059197728;1;-0,51469211;0,521001204;1,573460549;1;;;;;;;;;;;;;
360;-0,697615241;0,394713982;-0,302384759;1;-1,015870304;0,365643003;0,128744782;1;-0,593686399;0,554798838;1,968431997;1;;;;;;;;;;;;;
361;-1,027190438;0,3435642;0,027190438;1;-0,965053026;0,343678914;0,07228114;1;-0,166309175;0,471217333;-0,168454125;1;;;;;;;;;;;;;
362;-0,562348587;0,268410125;-0,437651413;1;-0,816475151;0,305918728;-0,092805387;1;-0,974363584;0,490017029;3,87181792;1;;;;;;;;;;;;;
363;-1,166100895;0,322045051;0,166100895;1;-0,838000501;0,322685979;-0,068888332;1;-0,125834343;0,49374882;-0,370828284;1;;;;;;;;;;;;;
364;-0,738883957;0,369734164;-0,261116043;1;-1,008565515;0,320784995;0,12062835;1;0,471482555;0,504379388;-3,357412774;1;;;;;;;;;;;;;
365;-0,78097551;0,338569522;-0,21902449;1;-0,619291222;0,307692596;-0,311898642;1;-0,703939351;0,552279516;2,519696755;1;;;;;;;;;;;;;
366;-0,731968164;0,332434265;-0,268031836;1;-1,20808664;0,368456388;0,342318489;1;-0,928831945;0,524437002;3,644159727;1;;;;;;;;;;;;;
367;-1,721692978;0,437313533;0,721692978;1;-0,862758695;0,353299197;-0,041379228;1;0,379275716;0,597912118;-2,896378581;1;;;;;;;;;;;;;
368;-0,843420954;0,341508482;-0,156579046;1;-0,875434183;0,345074103;-0,027295352;1;-0,592073365;0,536829816;1,960366826;1;;;;;;;;;;;;;
369;-1,275373493;0,487696079;0,275373493;1;-0,634655813;0,412129414;-0,294826875;1;-0,370896437;0,727665665;0,854482185;1;;;;;;;;;;;;;
370;-1,833055724;0,531897658;0,833055724;1;-0,557649213;0,379393133;-0,380389763;1;1,185779093;0,66077816;-6,928895467;0;;;;;;;;;;;;;
371;-1,195777188;0,284553335;0,195777188;1;-0,977268575;0,295288399;0,085853972;1;0,128241955;0,403439375;-1,641209773;1;;;;;;;;;;;;;
372;-1,461973844;0,501229827;0,461973844;1;-1,268128126;0,414992118;0,409031251;1;0,662458676;0,638420282;-4,312293378;1;;;;;;;;;;;;;
373;-1,025531106;0,357897973;0,025531106;1;-1,020194392;0,331254568;0,133549324;1;-0,383219072;0,488534185;0,916095362;1;;;;;;;;;;;;;
374;-1,139340295;0,33885515;0,139340295;1;-0,47570082;0,284435431;-0,471443533;1;0,296246162;0,450743903;-2,481230812;1;;;;;;;;;;;;;
375;-1,396838027;0,387407158;0,396838027;1;-1,186685907;0,369474196;0,318539896;1;0,547339199;0,479405325;-3,736695994;1;;;;;;;;;;;;;
376;-0,741749299;0,512186658;-0,258250701;1;-0,76197481;0,384802938;-0,153361322;1;-0,299177239;0,639585709;0,495886196;1;;;;;;;;;;;;;
377;-1,266630871;0,429293181;0,266630871;1;-0,61263712;0,375905177;-0,319292089;1;-0,041966824;0,610549199;-0,790165878;1;;;;;;;;;;;;;
378;-1,422111494;0,502844008;0,422111494;1;-0,887346906;0,386550348;-0,014058994;1;0,77702589;0,605478044;-4,885129451;1;;;;;;;;;;;;;
379;-1,636407874;0,578493275;0,636407874;1;0,249004974;0,385326398;-1,276672193;0;0,4028877;0,65215626;-3,014438498;1;;;;;;;;;;;;;
380;-1,165185913;0,359515598;0,165185913;1;-0,15678887;0,28895196;-0,825790144;0;-0,296552065;0,52211795;0,482760324;1;;;;;;;;;;;;;
381;-1,361767509;0,426915068;0,361767509;1;-0,732304303;0,292668299;-0,186328553;1;0,697781218;0,508399157;-4,488906088;1;;;;;;;;;;;;;
382;-1,315549447;0,372584994;0,315549447;1;-1,175174046;0,328568716;0,30574894;1;0,336794117;0,468400193;-2,683970583;1;;;;;;;;;;;;;
383;-1,229740699;0,45552697;0,229740699;1;-0,909360967;0,336432187;0,010401074;1;1,050620154;0,538944928;-6,253100771;0;;;;;;;;;;;;;
384;-0,847230926;0,350884151;-0,152769074;1;-0,840116831;0,300879943;-0,066536854;1;-0,257467258;0,476501998;0,28733629;1;;;;;;;;;;;;;
385;-1,970252217;0,440415035;0,970252217;0;-0,999089064;0,361834805;0,11009896;1;0,973990675;0,514276623;-5,869953374;0;;;;;;;;;;;;;
386;-0,961728517;0,511058147;-0,038271483;1;-1,201596097;0,407280301;0,335106775;1;-0,044279317;0,661225567;-0,778603413;1;;;;;;;;;;;;;
387;-0,975414618;0,298185297;-0,024585382;1;-0,993564739;0,328579778;0,103960821;1;-0,303182266;0,449925692;0,515911331;1;;;;;;;;;;;;;
388;-0,861472745;0,524305868;-0,138527255;1;-0,290522382;0,342985897;-0,677197353;1;-0,130255248;0,635417445;-0,34872376;1;;;;;;;;;;;;;
389;-1,242660817;0,411758087;0,242660817;1;-0,721547244;0,357776207;-0,19828084;1;0,185213083;0,58197013;-1,926065417;1;;;;;;;;;;;;;
390;-1,43674836;0,428119457;0,43674836;1;-1,311025211;0,385337052;0,456694679;1;0,644283822;0,574779212;-4,221419111;1;;;;;;;;;;;;;
391;-0,958069652;0,29947891;-0,041930348;1;-0,918721184;0,322363144;0,020801315;1;-1,02194728;0,508155358;4,109736401;1;;;;;;;;;;;;;
392;-1,217697395;0,417365385;0,217697395;1;-0,739219137;0,344788294;-0,178645404;1;0,075565265;0,583263534;-1,377826324;1;;;;;;;;;;;;;
393;-1,438562971;0,451194928;0,438562971;1;-0,900135899;0,379309847;0,000150998;1;0,104148871;0,591449021;-1,520744356;1;;;;;;;;;;;;;
394;-0,687640656;0,296791344;-0,312359344;1;-0,606039109;0,266417846;-0,326623212;1;-0,169719027;0,419261169;-0,151404865;1;;;;;;;;;;;;;
395;-0,861620879;0,362871093;-0,138379121;1;-0,893744277;0,325486837;-0,006950803;1;-0,077881036;0,593125513;-0,610594819;1;;;;;;;;;;;;;
396;-0,998701169;0,383756125;-0,001298831;1;-0,348573997;0,320534376;-0,612695559;1;-0,749326957;0,574601302;2,746634783;1;;;;;;;;;;;;;
397;-1,338941745;0,371805437;0,338941745;1;-1,490161588;0,408421248;0,655735098;1;-0,488348616;0,553954742;1,441743079;1;;;;;;;;;;;;;
398;-0,739835991;0,277928485;-0,260164009;1;-0,684509978;0,287498986;-0,239433358;1;-0,717601563;0,48022104;2,588007816;1;;;;;;;;;;;;;
399;-0,64947186;0,403161443;-0,35052814;1;-0,617964892;0,341045923;-0,313372342;1;-0,679646996;0,520233419;2,398234978;1;;;;;;;;;;;;;
400;-0,563820745;0,372835521;-0,436179255;1;-1,229114969;0,332007916;0,365683299;1;-0,134329204;0,493700894;-0,328353979;1;;;;;;;;;;;;;
401;-1,415209315;0,464480652;0,415209315;1;-0,082304631;0,363887054;-0,90855041;0;-0,070140305;0,607196504;-0,649298473;1;;;;;;;;;;;;;
402;-1,100009152;0,327454818;0,100009152;1;-0,807731946;0,313572147;-0,10252006;1;-0,229408569;0,477600907;0,147042845;1;;;;;;;;;;;;;
403;-1,923360661;0,514180133;0,923360661;1;-0,385395858;0,380565885;-0,57178238;1;0,381516295;0,648055144;-2,907581474;1;;;;;;;;;;;;;
404;-0,974163864;0,427819159;-0,025836136;1;-0,669313056;0,364203799;-0,256318827;1;-0,347881155;0,554896399;0,739405775;1;;;;;;;;;;;;;
405;-1,479928119;0,459334542;0,479928119;1;-1,487081338;0,413824327;0,652312598;1;0,641745358;0,560138562;-4,208726791;1;;;;;;;;;;;;;
406;-1,158139995;0,338079763;0,158139995;1;-0,483232201;0,310308136;-0,463075333;1;-0,430409242;0,491891834;1,152046208;1;;;;;;;;;;;;;
407;-2,46957024;0,473262836;1,46957024;0;-1,501111003;0,418460799;0,667901115;1;1,273749768;0,566150351;-7,368748842;0;;;;;;;;;;;;;
408;-1,494322852;0,446295949;0,494322852;1;-0,865317016;0,343802699;-0,038536649;1;0,508381424;0,549035061;-3,541907122;1;;;;;;;;;;;;;
409;-0,647086952;0,320080974;-0,352913048;1;-0,56935878;0,288728286;-0,367379133;1;-0,615205179;0,506848852;2,076025896;1;;;;;;;;;;;;;
410;-1,928450672;0,444156496;0,928450672;0;-1,01038969;0,40833357;0,122655211;1;0,798620595;0,600594572;-4,993102973;1;;;;;;;;;;;;;
411;-1,074320383;0,36568385;0,074320383;1;-0,816318969;0,346913869;-0,092978923;1;0,05611324;0,505953514;-1,280566198;1;;;;;;;;;;;;;
412;-1,603847445;0,43940151;0,603847445;1;-0,089123768;0,320787264;-0,900973591;0;0,603676221;0,621206372;-4,018381103;1;;;;;;;;;;;;;
413;-1,340877204;0,324549273;0,340877204;1;-1,143023318;0,354624839;0,270025909;1;0,015493673;0,480426233;-1,077468364;1;;;;;;;;;;;;;
414;-0,101826052;0,417390964;-0,898173948;0;-1,714789802;0,440732416;0,905322003;1;-1,001114205;0,471281806;4,005571023;1;;;;;;;;;;;;;
415;-0,490774715;0,300369946;-0,509225285;1;-0,694885951;0,274854493;-0,227904499;1;-0,376759708;0,465585247;0,88379854;1;;;;;;;;;;;;;
416;-0,756224184;0,304348113;-0,243775816;1;-0,857947599;0,299288326;-0,04672489;1;-0,387469775;0,462164278;0,937348876;1;;;;;;;;;;;;;
417;-0,950739399;0,288522785;-0,049260601;1;-0,754855378;0,307991187;-0,161271803;1;-0,556853917;0,48507535;1,784269585;1;;;;;;;;;;;;;
418;-1,374853299;0,358354069;0,374853299;1;-0,913476295;0,34021646;0,014973661;1;0,184785511;0,463604224;-1,923927556;1;;;;;;;;;;;;;
419;-0,510995223;0,285199001;-0,489004777;1;-1,330242247;0,339707621;0,478046941;1;-0,476892935;0,404663192;1,384464676;1;;;;;;;;;;;;;
420;-2,081689238;0,487895047;1,081689238;0;-1,001413579;0,37701314;0,112681754;1;1,293339584;0,584627329;-7,466697922;0;;;;;;;;;;;;;
421;-1,096197538;0,378205627;0,096197538;1;-0,387482798;0,276546789;-0,569463558;1;-0,013211077;0,511837621;-0,933944615;1;;;;;;;;;;;;;
422;-0,797817241;0,2854196;-0,202182759;1;-1,405954771;0,344932707;0,562171968;1;-0,265913526;0,402337323;0,329567629;1;;;;;;;;;;;;;
423;-1,314086094;0,529403885;0,314086094;1;-0,522231849;0,425727459;-0,41974239;1;-0,105261574;0,751440666;-0,473692129;1;;;;;;;;;;;;;
424;-1,163331559;0,431706255;0,163331559;1;-0,824294306;0,331307321;-0,084117438;1;0,495885501;0,544180838;-3,479427506;1;;;;;;;;;;;;;
425;-1,340661031;0,363220837;0,340661031;1;-1,030379692;0,372290043;0,144866324;1;0,209100922;0,532980662;-2,04550461;1;;;;;;;;;;;;;
426;-1,531877747;0,421742894;0,531877747;1;-0,456734675;0,362914636;-0,492517028;1;-0,360265376;0,597569645;0,80132688;1;;;;;;;;;;;;;
427;-0,846456617;0,351420931;-0,153543383;1;-1,080826113;0,329061269;0,200917903;1;-0,505040515;0,459433454;1,525202576;1;;;;;;;;;;;;;
428;-1,179130102;0,320614744;0,179130102;1;-1,393095193;0,346775124;0,547883548;1;-0,187890129;0,534795175;-0,060549353;1;;;;;;;;;;;;;
429;-1,349915586;0,394411269;0,349915586;1;-0,733694881;0,360760428;-0,184783465;1;-0,096712603;0,563252515;-0,516436986;1;;;;;;;;;;;;;
430;-1,039920334;0,329747352;0,039920334;1;-0,4740789;0,297637559;-0,473245667;1;-0,370654557;0,487185717;0,853272786;1;;;;;;;;;;;;;
431;-2,120812751;0,521329032;1,120812751;0;-0,433678405;0,380932287;-0,518135106;1;0,984486757;0,658227959;-5,922433787;1;;;;;;;;;;;;;
432;-0,685457577;0,388225686;-0,314542423;1;-1,576593207;0,415290803;0,75177023;1;-0,798775743;0,562268728;2,993878714;1;;;;;;;;;;;;;
433;-1,046762075;0,389569783;0,046762075;1;-1,713366509;0,472904962;0,903740565;1;-0,439521021;0,595558123;1,197605103;1;;;;;;;;;;;;;
434;-1,130473916;0,397390806;0,130473916;1;-1,018768569;0,355454224;0,131965077;1;0,237468963;0,560455313;-2,187344816;1;;;;;;;;;;;;;
435;-1,614379812;0,428844272;0,614379812;1;-0,637459937;0,359215307;-0,291711181;1;0,374680908;0,542450319;-2,873404538;1;;;;;;;;;;;;;
436;-0,861829333;0,47085883;-0,138170667;1;-0,819139605;0,348068089;-0,089844884;1;0,024054285;0,603355278;-1,120271427;1;;;;;;;;;;;;;
437;-1,55096274;0,407393907;0,55096274;1;-0,718235838;0,319751907;-0,20196018;1;0,249442693;0,588003722;-2,247213464;1;;;;;;;;;;;;;
438;-0,823673982;0,345889129;-0,176326018;1;-0,85851434;0,353300541;-0,046095178;1;-0,848191827;0,502898312;3,240959133;1;;;;;;;;;;;;;
439;-1,15087718;0,34382607;0,15087718;1;-0,115254731;0,267434133;-0,871939188;0;0,066414883;0,453697763;-1,332074414;1;;;;;;;;;;;;;
440;-1,386237966;0,365038935;0,386237966;1;-1,135920012;0,321923598;0,262133346;1;0,619519171;0,489836659;-4,097595855;1;;;;;;;;;;;;;
441;-1,407471933;0,332573863;0,407471933;1;-1,119897955;0,342368297;0,244331062;1;-0,236565102;0,489207588;0,182825512;1;;;;;;;;;;;;;
442;-1,212049997;0,318402942;0,212049997;1;-0,671931376;0,321040342;-0,253409583;1;-0,696370102;0,533795421;2,48185051;1;;;;;;;;;;;;;
443;0,107365924;0,368031007;-1,107365924;0;-1,246163369;0,384470244;0,384625966;1;-0,251536247;0,581118909;0,257681234;1;;;;;;;;;;;;;
444;-0,546837119;0,470006995;-0,453162881;1;-0,576603427;0,309489307;-0,359329525;1;0,019782728;0,52468762;-1,09891364;1;;;;;;;;;;;;;
445;-0,606612471;0,287098138;-0,393387529;1;-1,212876327;0,346937737;0,347640364;1;-1,039220191;0,509896631;4,196100954;1;;;;;;;;;;;;;
446;-0,994346634;0,3563469;-0,005653366;1;-1,279378967;0,343565726;0,421532186;1;0,200599903;0,470652409;-2,002999514;1;;;;;;;;;;;;;
447;-1,840790602;0,477542992;0,840790602;1;-0,840229758;0,409050529;-0,06641138;1;0,338594968;0,626957168;-2,69297484;1;;;;;;;;;;;;;
448;-1,08162778;0,367267726;0,08162778;1;-1,045653353;0,324552635;0,161837059;1;0,281503978;0,460440648;-2,407519891;1;;;;;;;;;;;;;
449;-0,30036073;0,393572971;-0,69963927;1;-1,481123978;0,411639811;0,645693309;1;-0,720079147;0,617382777;2,600395733;1;;;;;;;;;;;;;
450;-0,996767252;0,313258852;-0,003232748;1;-0,735447765;0,306579862;-0,182835817;1;0,104142045;0,455530818;-1,520710226;1;;;;;;;;;;;;;
451;-1,019464265;0,410778046;0,019464265;1;-0,295648234;0,326340728;-0,671501962;1;-0,549343287;0,561418373;1,746716437;1;;;;;;;;;;;;;
452;-0,819505172;0,342097834;-0,180494828;1;-0,735075991;0,28902287;-0,183248898;1;-0,010618423;0,419128471;-0,946907883;1;;;;;;;;;;;;;
453;-1,161471243;0,438407843;0,161471243;1;-0,600935894;0,368324378;-0,332293451;1;-0,416023818;0,632314213;1,08011909;1;;;;;;;;;;;;;
454;-0,975489949;0,354621687;-0,024510051;1;-0,991725961;0,323637986;0,101917735;1;-0,306989461;0,504407533;0,534947304;1;;;;;;;;;;;;;
455;-1,640394157;0,397875626;0,640394157;1;-0,351801754;0,305666014;-0,609109162;1;0,128124191;0,530165892;-1,640620953;1;;;;;;;;;;;;;
456;-1,121913379;0,330545845;0,121913379;1;-0,779676925;0,266404259;-0,133692305;1;0,665309277;0,482405722;-4,326546385;1;;;;;;;;;;;;;
457;-0,875558639;0,301072055;-0,124441361;1;-1,435484223;0,409465163;0,59498247;1;-1,069699764;0,531419438;4,34849882;1;;;;;;;;;;;;;
458;-1,163683298;0,388755547;0,163683298;1;-1,362817752;0,419301485;0,514241946;1;-0,087312805;0,542938383;-0,563435975;1;;;;;;;;;;;;;
459;-0,607161172;0,383586515;-0,392838828;1;-0,463653987;0,291918015;-0,484828903;1;-0,39707519;0,487174612;0,985375948;1;;;;;;;;;;;;;
460;-1,295240556;0,302681718;0,295240556;1;-1,678935743;0,39170851;0,865484159;0;-0,031074849;0,439755625;-0,844625755;1;;;;;;;;;;;;;
461;-0,563511663;0,627468255;-0,436488337;1;-1,063399881;0,444627979;0,181555424;1;-0,781181021;0,805163797;2,905905104;1;;;;;;;;;;;;;
462;-0,805306978;0,398732412;-0,194693022;1;-0,545225411;0,360549284;-0,394193988;1;-0,490143038;0,611203814;1,450715191;1;;;;;;;;;;;;;
463;-0,936199688;0,373023848;-0,063800312;1;-1,073903906;0,328259939;0,193226562;1;-0,317671717;0,521883245;0,588358587;1;;;;;;;;;;;;;
464;-0,916359746;0,348868425;-0,083640254;1;-0,712042184;0,316640776;-0,208842018;1;-0,454801577;0,518770469;1,274007883;1;;;;;;;;;;;;;
465;-0,885709207;0,33414831;-0,114290793;1;-0,983556846;0,336587493;0,09284094;1;-0,373874497;0,507014722;0,869372486;1;;;;;;;;;;;;;
466;-1,076241789;0,333817652;0,076241789;1;-0,623798698;0,298786225;-0,306890336;1;-0,267051544;0,480217771;0,335257721;1;;;;;;;;;;;;;
467;-2,145049809;0,545492981;1,145049809;0;-0,22307662;0,334173045;-0,752137088;0;1,317421559;0,602551262;-7,587107797;0;;;;;;;;;;;;;
468;-0,813404994;0,315294876;-0,186595006;1;-1,158645703;0,336454029;0,287384115;1;-0,429004512;0,482104717;1,14502256;1;;;;;;;;;;;;;
469;-1,242793134;0,416910966;0,242793134;1;-0,463648125;0,337023745;-0,484835416;1;0,422760707;0,58479486;-3,113803536;1;;;;;;;;;;;;;
470;-1,250650232;0,392511895;0,250650232;1;-1,168207277;0,385233533;0,298008085;1;-0,147352605;0,572416662;-0,263236975;1;;;;;;;;;;;;;
471;-1,463408055;0,441271414;0,463408055;1;-1,108376693;0,412137788;0,231529659;1;-0,115237252;0,585384471;-0,423813739;1;;;;;;;;;;;;;
472;-0,521063682;0,247123807;-0,478936318;1;-1,401291926;0,334257265;0,556991029;1;-0,961621648;0,381072226;3,808108241;0;;;;;;;;;;;;;
473;-1,142213581;0,425196919;0,142213581;1;-0,920819562;0,399497781;0,023132847;1;-0,271123501;0,63908468;0,355617503;1;;;;;;;;;;;;;
474;-1,355776987;0,329025631;0,355776987;1;-0,913090144;0,324296955;0,014544605;1;0,244721667;0,456515763;-2,223608333;1;;;;;;;;;;;;;
475;-1,254850575;0,315248616;0,254850575;1;-1,076303015;0,380971972;0,195892239;1;-0,351170073;0,461689423;0,755850363;1;;;;;;;;;;;;;
476;-1,568866038;0,376371711;0,568866038;1;-1,890309661;0,435666343;1,100344068;0;0,467943938;0,554019189;-3,339719689;1;;;;;;;;;;;;;
477;-1,476875246;0,410278579;0,476875246;1;-0,677344433;0,305747251;-0,247395075;1;0,621210455;0,505586108;-4,106052277;1;;;;;;;;;;;;;
478;-0,873690615;0,234006646;-0,126309385;1;-1,410660528;0,33812484;0,567400587;1;0,124883347;0,353527969;-1,624416734;1;;;;;;;;;;;;;
479;-0,849556572;0,327180951;-0,150443428;1;-1,231200484;0,346251259;0,368000538;1;-0,074888357;0,436439233;-0,625558213;1;;;;;;;;;;;;;
480;-0,791758837;0,354818494;-0,208241163;1;-1,409177231;0,399997578;0,565752478;1;-0,587767845;0,483169905;1,938839226;1;;;;;;;;;;;;;
481;-0,535915958;0,299161018;-0,464084042;1;-0,228812379;0,276887463;-0,745764023;0;-0,654847565;0,48743012;2,274237824;1;;;;;;;;;;;;;
482;-0,742879068;0,432194883;-0,257120932;1;-1,384298645;0,464222182;0,538109605;1;-0,944748764;0,621552063;3,723743821;1;;;;;;;;;;;;;
483;-1,297938553;0,372789071;0,297938553;1;-0,911259992;0,346596613;0,012511102;1;0,228287655;0,559940935;-2,141438276;1;;;;;;;;;;;;;
484;-0,877346945;0,312590996;-0,122653055;1;-0,635259076;0,291998477;-0,294156582;1;-0,174061454;0,465279925;-0,129692732;1;;;;;;;;;;;;;
485;-1,198994411;0,355536178;0,198994411;1;-0,499273826;0,313319816;-0,445251305;1;-0,487152023;0,526526209;1,435760117;1;;;;;;;;;;;;;
486;-0,639794983;0,435082089;-0,360205017;1;-1,516089078;0,468960544;0,68454342;1;-1,253112118;0,632719033;5,265560592;1;;;;;;;;;;;;;
487;-1,424208492;0,53276755;0,424208492;1;-0,628935784;0,36081616;-0,301182462;1;0,52148124;0,600135602;-3,6074062;1;;;;;;;;;;;;;
488;-1,341521189;0,452205984;0,341521189;1;-1,272198744;0,491522798;0,41355416;1;-0,753465509;0,643078765;2,767327546;1;;;;;;;;;;;;;
489;-0,654006437;0,367499101;-0,345993563;1;-1,35034661;0,41208704;0,500385122;1;-0,373521063;0,519652287;0,867605314;1;;;;;;;;;;;;;
490;-0,182304003;0,400308785;-0,817695997;0;-1,200269082;0,393992429;0,333632313;1;-1,807901686;0,608681558;8,03950843;0;;;;;;;;;;;;;
491;-0,805341237;0,309076952;-0,194658763;1;-0,839995501;0,337710643;-0,066671665;1;-0,222196435;0,504024404;0,110982173;1;;;;;;;;;;;;;
492;-1,429310418;0,395095166;0,429310418;1;-1,021877247;0,371879395;0,135419163;1;-0,253930968;0,588112699;0,26965484;1;;;;;;;;;;;;;
493;-1,378201178;0,395815234;0,378201178;1;-0,514679608;0,29471586;-0,428133769;1;0,440661713;0,494507374;-3,203308565;1;;;;;;;;;;;;;
494;-0,603186327;0,27118769;-0,396813673;1;-0,839463352;0,287613148;-0,067262942;1;-0,405254194;0,407120871;1,026270971;1;;;;;;;;;;;;;
495;-0,683713027;0,396134316;-0,316286973;1;-0,724941908;0,32920104;-0,194508991;1;-0,689088399;0,558723975;2,445441997;1;;;;;;;;;;;;;
496;-1,723090862;0,396338691;0,723090862;1;-0,45696264;0,302476438;-0,492263734;1;0,471187278;0,543613735;-3,355936391;1;;;;;;;;;;;;;
497;-1,207364496;0,512424795;0,207364496;1;-0,839890532;0,388493293;-0,066788298;1;0,971734136;0,820595521;-5,85867068;1;;;;;;;;;;;;;
498;-1,614155572;0,419937547;0,614155572;1;-0,43203012;0,304881784;-0,519966533;1;0,287674645;0,537578317;-2,438373223;1;;;;;;;;;;;;;
499;-1,254884414;0,357647028;0,254884414;1;-1,630834128;0,409375068;0,81203792;1;0,004663524;0,564861878;-1,023317618;1;;;;;;;;;;;;;
500;-1,038634831;0,374899338;0,038634831;1;-1,055970303;0,336168985;0,173300337;1;-0,116865404;0,527205031;-0,415672982;1;;;;;;;;;;;;;
501;-0,406935095;0,358485445;-0,593064905;1;-0,838800358;0,336052115;-0,067999602;1;-1,642658088;0,567703468;7,213290439;0;;;;;;;;;;;;;
502;-0,991801963;0,388595891;-0,008198037;1;-1,107640658;0,332156109;0,230711842;1;0,892331881;0,449270497;-5,461659407;0;;;;;;;;;;;;;
503;-1,221324902;0,425897028;0,221324902;1;-0,931344101;0,344266381;0,034826778;1;0,281088184;0,54378493;-2,405440921;1;;;;;;;;;;;;;
504;-1,112619489;0,378464837;0,112619489;1;-0,851095685;0,346043108;-0,054338128;1;0,098829646;0,57259564;-1,49414823;1;;;;;;;;;;;;;
505;-1,062680835;0,385717109;0,062680835;1;-1,051373646;0,339269583;0,16819294;1;0,153441096;0,56720197;-1,767205481;1;;;;;;;;;;;;;
506;-0,554737757;0,451514998;-0,445262243;1;-1,457766019;0,382467864;0,619740021;1;-0,052364403;0,578944969;-0,738177987;1;;;;;;;;;;;;;
507;-0,322965139;0,33333327;-0,677034861;0;-1,141747444;0,315287443;0,268608271;1;-0,6941504;0,408299996;2,470752;1;;;;;;;;;;;;;
508;-0,83608123;0,334284765;-0,16391877;1;-0,886475893;0,333021664;-0,015026785;1;-0,892602177;0,51109022;3,463010887;1;;;;;;;;;;;;;
509;-0,517325459;0,339973528;-0,482674541;1;-0,596429659;0,321485083;-0,337300378;1;-0,761581247;0,477925672;2,807906233;1;;;;;;;;;;;;;
510;-0,92402241;0,343845526;-0,07597759;1;-1,385899754;0,351067609;0,539888615;1;-0,360202976;0,474255621;0,80101488;1;;;;;;;;;;;;;
511;-0,921432601;0,30464399;-0,078567399;1;-1,066996405;0,300850666;0,185551561;1;-0,233336333;0,472041015;0,166681664;1;;;;;;;;;;;;;
512;-1,277825582;0,395548829;0,277825582;1;-0,343134419;0,372381227;-0,618739534;1;-1,022917444;0,623070121;4,114587222;1;;;;;;;;;;;;;
513;-0,758530956;0,418608444;-0,241469044;1;-2,37123841;0,503485606;1,634709344;0;-0,326504125;0,596666342;0,632520623;1;;;;;;;;;;;;;
514;-1,248373336;0,388709548;0,248373336;1;-1,023096854;0,382102051;0,136774282;1;-0,274807435;0,514295132;0,374037176;1;;;;;;;;;;;;;
515;-0,74050449;0,390260423;-0,25949551;1;-1,136959556;0,368006058;0,263288396;1;0,061455662;0,540810347;-1,307278309;1;;;;;;;;;;;;;
516;-1,300984316;0,471827339;0,300984316;1;-0,50003393;0,389084555;-0,444406744;1;-1,283674858;0,655748472;5,418374289;1;;;;;;;;;;;;;
517;-1,009643928;0,502950767;0,009643928;1;-1,67974946;0,440809157;0,866388289;1;0,2087195;0,594714972;-2,043597499;1;;;;;;;;;;;;;
518;-1,064294167;0,349619251;0,064294167;1;-0,721361919;0,338384657;-0,198486756;1;-0,451897807;0,494050939;1,259489034;1;;;;;;;;;;;;;
519;-1,279392708;0,3821671;0,279392708;1;-2,061819138;0,399333724;1,290910153;0;0,443734415;0,508527836;-3,218672073;1;;;;;;;;;;;;;
520;-1,590989704;0,550887692;0,590989704;1;-0,447741204;0,378220351;-0,502509773;1;0,710370814;0,748677643;-4,551854068;1;;;;;;;;;;;;;
521;-1,338962204;0,294537816;0,338962204;1;-1,309486074;0,307393867;0,454984526;1;0,440905445;0,425967928;-3,204527224;1;;;;;;;;;;;;;
522;-0,494429652;0,430057313;-0,505570348;1;-0,752341147;0,410166779;-0,164065393;1;-0,196056827;0,65828992;-0,019715866;1;;;;;;;;;;;;;
523;-0,61145537;0,374385937;-0,38854463;1;-1,390635169;0,442484533;0,545150188;1;-1,029345948;0,562403293;4,146729742;1;;;;;;;;;;;;;
524;-1,094458787;0,322860104;0,094458787;1;-0,935729276;0,341700933;0,039699196;1;-0,265964868;0,481560905;0,329824341;1;;;;;;;;;;;;;
525;-1,128671317;0,486996174;0,128671317;1;-0,99709356;0,330607615;0,107881733;1;0,942517207;0,575402746;-5,712586037;0;;;;;;;;;;;;;
526;-0,968612297;0,33688298;-0,031387703;1;-1,510103036;0,381477712;0,677892262;1;-0,279177336;0,511374507;0,395886678;1;;;;;;;;;;;;;
527;-1,279749879;0,430166256;0,279749879;1;-0,944905707;0,359636137;0,04989523;1;0,207191476;0,536128007;-2,035957382;1;;;;;;;;;;;;;
528;-1,080289373;0,425059656;0,080289373;1;-0,908334082;0,379165308;0,009260092;1;-0,341935852;0,552005288;0,70967926;1;;;;;;;;;;;;;
529;-1,614198898;0,396986435;0,614198898;1;-0,702785478;0,311406255;-0,219127246;1;0,639746961;0,47576403;-4,198734807;1;;;;;;;;;;;;;
530;-1,208430324;0,301008569;0,208430324;1;-0,445599437;0,318412971;-0,504889514;1;-0,704841527;0,500638688;2,524207634;1;;;;;;;;;;;;;
531;-0,945605145;0,30141624;-0,054394855;1;-0,591803098;0,336145391;-0,342441003;1;-1,75661031;0,558209784;7,783051551;0;;;;;;;;;;;;;
532;-0,877537518;0,366069076;-0,122462482;1;-1,199005076;0,394380988;0,332227862;1;-0,810585806;0,522575228;3,052929032;1;;;;;;;;;;;;;
533;-0,742902789;0,372098448;-0,257097211;1;-1,186680916;0,361989831;0,318534351;1;-0,139918364;0,541493825;-0,300408181;1;;;;;;;;;;;;;
534;-0,826162275;0,496316547;-0,173837725;1;-1,114049065;0,415285315;0,237832294;1;-0,548712154;0,712765417;1,743560768;1;;;;;;;;;;;;;
535;-0,207237931;0,246596646;-0,792762069;0;-0,979335289;0,312009551;0,088150322;1;-0,195567206;0,453402543;-0,022163969;1;;;;;;;;;;;;;
536;-1,634672719;0,447774452;0,634672719;1;-0,433493725;0,325245769;-0,518340306;1;0,634856172;0,567361226;-4,174280861;1;;;;;;;;;;;;;
537;-1,329873728;0,440328566;0,329873728;1;-0,446887161;0,331056875;-0,50345871;1;0,234251587;0,512053712;-2,171257935;1;;;;;;;;;;;;;
538;-0,950886562;0,395647196;-0,049113438;1;-0,327669108;0,339019367;-0,635923213;1;-1,085775127;0,596827329;4,428875633;1;;;;;;;;;;;;;
539;-0,457334371;0,368209824;-0,542665629;1;-1,130483185;0,357092103;0,256092428;1;-0,726383423;0,511858404;2,631917115;1;;;;;;;;;;;;;
540;-0,85983267;0,339998186;-0,14016733;1;-0,993283453;0,30617187;0,103648281;1;-0,148030274;0,459832946;-0,259848632;1;;;;;;;;;;;;;
541;-1,005816801;0,367608248;0,005816801;1;-0,621802141;0,290868037;-0,309108732;1;0,16238554;0,469527416;-1,811927699;1;;;;;;;;;;;;;
542;-1,245410241;0,306054156;0,245410241;1;-0,937773366;0,296703171;0,041970407;1;0,444087554;0,433744324;-3,22043777;1;;;;;;;;;;;;;
543;-0,795589747;0,494415555;-0,204410253;1;-0,923978862;0,361310632;0,02664318;1;-0,0339186;0,59798124;-0,830407;1;;;;;;;;;;;;;
544;-1,41785069;0,37082784;0,41785069;1;-1,330940925;0,374243719;0,47882325;1;0,474559048;0,483310579;-3,372795242;1;;;;;;;;;;;;;
545;-0,571207385;0,266850575;-0,428792615;1;-1,574221467;0,404388874;0,749134963;1;-0,88948581;0,421320525;3,447429049;1;;;;;;;;;;;;;
546;-0,790939066;0,307608712;-0,209060934;1;-1,358264369;0,392788292;0,509182632;1;-0,790253783;0,489058705;2,951268914;1;;;;;;;;;;;;;
547;-1,376872627;0,501076956;0,376872627;1;-0,438224795;0,310969497;-0,513083561;1;0,694739067;0,580374139;-4,473695333;1;;;;;;;;;;;;;
548;-1,008420044;0,425819266;0,008420044;1;-0,855096112;0,342272299;-0,049893209;1;0,086914023;0,573384564;-1,434570116;1;;;;;;;;;;;;;
549;-0,955517564;0,368768773;-0,044482436;1;-0,467780112;0,301326106;-0,480244321;1;0,083755403;0,502694037;-1,418777015;1;;;;;;;;;;;;;
550;-1,143282466;0,385678711;0,143282466;1;-0,711819489;0,332483183;-0,209089456;1;-0,074999204;0,521471603;-0,62500398;1;;;;;;;;;;;;;
551;-1,393603083;0,342550796;0,393603083;1;-0,730390385;0,270516811;-0,188455128;1;0,670732379;0,386589849;-4,353661896;0;;;;;;;;;;;;;
552;-1,149730902;0,376372314;0,149730902;1;-0,880227857;0,340923314;-0,021969048;1;0,066489834;0,515656066;-1,332449172;1;;;;;;;;;;;;;
553;-0,739655784;0,304696393;-0,260344216;1;-0,523339257;0,274894407;-0,418511937;1;-0,426127592;0,460036376;1,13063796;1;;;;;;;;;;;;;
554;-0,662908168;0,313752355;-0,337091832;1;-0,935379777;0,327715846;0,039310863;1;-1,097058028;0,50990999;4,485290138;1;;;;;;;;;;;;;
555;-1,268986526;0,406050041;0,268986526;1;-0,314397407;0,344640589;-0,650669547;1;-0,507058191;0,557641395;1,535290953;1;;;;;;;;;;;;;
556;-1,001133758;0,361240558;0,001133758;1;-0,983382441;0,342618728;0,092647156;1;-0,002684343;0,48426118;-0,986578286;1;;;;;;;;;;;;;
557;-0,989707916;0,328941633;-0,010292084;1;-0,803296257;0,350682366;-0,107448603;1;-0,927305708;0,537460886;3,636528538;1;;;;;;;;;;;;;
558;-1,286506625;0,359852618;0,286506625;1;-0,648038466;0,28570788;-0,27995726;1;-0,094653725;0,473110063;-0,526731374;1;;;;;;;;;;;;;
559;-0,72538012;0,332891418;-0,27461988;1;-0,756463115;0,346726999;-0,159485428;1;-0,866111935;0,538445005;3,330559675;1;;;;;;;;;;;;;
560;0,195867765;0,952726497;-1,195867765;1;-0,947024449;0,354657415;0,052249388;1;-0,819510839;0,552514789;3,097554193;1;;;;;;;;;;;;;
561;-0,993635197;0,294032406;-0,006364803;1;-1,382975387;0,362990685;0,536639319;1;-0,649769532;0,46461618;2,248847662;1;;;;;;;;;;;;;
562;-1,483785064;0,355889475;0,483785064;1;-0,54196863;0,285870883;-0,397812633;1;0,196074536;0,469366357;-1,980372681;1;;;;;;;;;;;;;
563;-1,217261782;0,38063054;0,217261782;1;-0,404489628;0,301055899;-0,55056708;1;0,176149881;0,508445542;-1,880749403;1;;;;;;;;;;;;;
564;-0,895673377;0,313459132;-0,104326623;1;-0,513823235;0,307319802;-0,429085294;1;-0,830364131;0,466387015;3,151820654;1;;;;;;;;;;;;;
565;-1,388781332;0,547694091;0,388781332;1;-1,947031373;0,530895713;1,163368192;0;0,607210329;0,729109616;-4,036051647;1;;;;;;;;;;;;;
566;-0,983950483;0,348845445;-0,016049517;1;-0,324788809;0,315432935;-0,639123545;1;-0,670107538;0,495239989;2,35053769;1;;;;;;;;;;;;;
567;-1,528151172;0,34200058;0,528151172;1;-0,488074913;0,292834141;-0,457694541;1;0,233312799;0,477550729;-2,166563997;1;;;;;;;;;;;;;
568;-0,937866864;0,29869987;-0,062133136;1;-0,814611917;0,292619693;-0,094875648;1;-0,083293822;0,43320959;-0,583530889;1;;;;;;;;;;;;;
569;-0,752551599;0,353638617;-0,247448401;1;-0,858821599;0,322650022;-0,045753779;1;-0,933957249;0,555381608;3,669786246;1;;;;;;;;;;;;;
570;-1,594074903;0,439411244;0,594074903;1;-0,933057645;0,3507805;0,036730716;1;0,437895495;0,572020279;-3,189477473;1;;;;;;;;;;;;;
571;-1,263425011;0,394961179;0,263425011;1;-0,886469292;0,302687861;-0,01503412;1;0,776691382;0,486697297;-4,883456912;0;;;;;;;;;;;;;
572;-1,496405156;0,428749228;0,496405156;1;-0,455568841;0,346338782;-0,493812399;1;0,436484511;0,558238159;-3,182422556;1;;;;;;;;;;;;;
573;-0,746043437;0,300455;-0,253956563;1;-0,495603491;0,30102539;-0,449329455;1;-0,822060839;0,456357013;3,110304193;1;;;;;;;;;;;;;
574;-0,960799346;0,394942806;-0,039200654;1;-1,323635321;0,375865765;0,470705913;1;0,046063957;0,522545408;-1,230319785;1;;;;;;;;;;;;;
575;-1,143977975;0,48138453;0,143977975;1;-1,412571024;0,444262096;0,56952336;1;0,178264359;0,609891472;-1,891321794;1;;;;;;;;;;;;;
576;-0,700554347;0,290502099;-0,299445653;1;-0,81724973;0,322211474;-0,091944745;1;-0,745602999;0,476822469;2,728014997;1;;;;;;;;;;;;;
577;-0,794700211;0,474217916;-0,205299789;1;-1,159473771;0,404892627;0,288304191;1;-0,599270236;0,641374358;1,996351182;1;;;;;;;;;;;;;
578;-1,101261519;0,338761593;0,101261519;1;-0,985456387;0,336171541;0,094951542;1;-0,436519774;0,5456912;1,182598872;1;;;;;;;;;;;;;
579;-0,612695453;0,247945281;-0,387304547;1;-0,70119128;0,280098968;-0,220898578;1;-0,743197183;0,414267149;2,715985915;1;;;;;;;;;;;;;
580;-0,780147464;0,497830658;-0,219852536;1;-0,839049693;0,397182619;-0,067722564;1;-0,420324747;0,663087231;1,101623737;1;;;;;;;;;;;;;
581;-1,420324053;0,512520727;0,420324053;1;-0,720797301;0,34270322;-0,19911411;1;0,759638975;0,564602339;-4,798194876;1;;;;;;;;;;;;;
582;-1,916462723;0,448036039;0,916462723;0;-0,281275412;0,310305886;-0,687471764;0;0,908838344;0,54020751;-5,544191721;0;;;;;;;;;;;;;
583;-0,909269329;0,39163465;-0,090730671;1;-0,883197278;0,389703653;-0,018669691;1;-1,05993036;0,640105;4,2996518;1;;;;;;;;;;;;;
584;-0,716846344;0,370129333;-0,283153656;1;-0,782392654;0,333322875;-0,130674829;1;-0,492621305;0,552733054;1,463106525;1;;;;;;;;;;;;;
585;-1,645968103;0,433890959;0,645968103;1;-0,635279373;0,36740491;-0,29413403;1;0,384006065;0,553363448;-2,920030327;1;;;;;;;;;;;;;
586;-0,986862886;0,301845032;-0,013137114;1;-1,087657449;0,357958045;0,208508277;1;-0,695432619;0,531138454;2,477163093;1;;;;;;;;;;;;;
587;-1,13810695;0,286409347;0,13810695;1;-1,209363921;0,329408437;0,343737689;1;0,225724058;0,416483808;-2,128620289;1;;;;;;;;;;;;;
588;-1,057879844;0,37620133;0,057879844;1;-0,814537756;0,348690428;-0,094958048;1;0,058332109;0,612664869;-1,291660545;1;;;;;;;;;;;;;
589;-1,019016681;0,302774603;0,019016681;1;-1,591019938;0,378697175;0,767799931;1;0,011584071;0,400367551;-1,057920353;1;;;;;;;;;;;;;
590;-0,894579765;0,291098827;-0,105420235;1;-1,240262874;0,35372745;0,37806986;1;-0,449468581;0,456020848;1,247342906;1;;;;;;;;;;;;;
591;-1,387436087;0,293180491;0,387436087;1;-0,512210064;0,234418706;-0,430877707;1;0,406469043;0,383352974;-3,032345213;1;;;;;;;;;;;;;
592;-1,206571694;0,282956837;0,206571694;1;-1,121624914;0,313683832;0,246249904;1;0,065481469;0,445112826;-1,327407347;1;;;;;;;;;;;;;
593;-0,643574462;0,327964748;-0,356425538;1;-0,877014215;0,295422625;-0,025539762;1;-0,735439801;0,494883295;2,677199004;1;;;;;;;;;;;;;
594;-1,167869607;0,352774998;0,167869607;1;-1,718236097;0,44075552;0,909151218;1;-0,368289417;0,496249933;0,841447083;1;;;;;;;;;;;;;
595;-2,341757504;0,53681932;1,341757504;0;-0,937181868;0,40633169;0,041313187;1;0,990194225;0,680897764;-5,950971124;1;;;;;;;;;;;;;
596;-0,592644402;0,293398628;-0,407355598;1;-1,244651946;0,318353208;0,382946606;1;-0,143446047;0,428513813;-0,282769764;1;;;;;;;;;;;;;
597;-0,913225494;0,286269038;-0,086774506;1;-0,818193732;0,293651849;-0,090895853;1;0,103031881;0,399099244;-1,515159405;1;;;;;;;;;;;;;
598;-0,660078495;0,402687712;-0,339921505;1;-0,951194843;0,318217414;0,056883159;1;0,230826246;0,774869962;-2,15413123;1;;;;;;;;;;;;;
599;-0,947379786;0,336077668;-0,052620214;1;-1,059085362;0,329115602;0,176761513;1;-0,028028864;0,50590039;-0,859855679;1;;;;;;;;;;;;;
600;-0,978122371;0,406328523;-0,021877629;1;-0,758250734;0,378196297;-0,157499185;1;-0,699261208;0,687936331;2,496306042;1;;;;;;;;;;;;;
601;-0,319651167;0,366572953;-0,680348833;1;-1,000488532;0,279699755;0,111653925;1;-0,425687786;0,473976145;1,128438929;1;;;;;;;;;;;;;
602;-1,149772261;0,401030636;0,149772261;1;-1,223270712;0,441836321;0,35918968;1;-0,554729668;0,678692153;1,773648338;1;;;;;;;;;;;;;
603;-1,186629356;0,44842552;0,186629356;1;-1,545142457;0,463109326;0,716824953;1;0,470320947;0,554547902;-3,351604735;1;;;;;;;;;;;;;
604;-1,329990539;0,43776899;0,329990539;1;-0,407548655;0,353520641;-0,547168161;1;-0,150143332;0,558807487;-0,249283342;1;;;;;;;;;;;;;
605;-0,845468927;0,33329969;-0,154531073;1;-1,583506957;0,464096647;0,759452175;1;-0,906499522;0,528221024;3,53249761;1;;;;;;;;;;;;;
606;-0,712260713;0,316654759;-0,287739287;1;-0,83042287;0,337349889;-0,077307922;1;-0,54892409;0,499997614;1,744620452;1;;;;;;;;;;;;;
607;-0,853662098;0,348063459;-0,146337902;1;-0,82923022;0,310183399;-0,078633089;1;-0,01039791;0,490215254;-0,94801045;1;;;;;;;;;;;;;
608;-1,197768185;0,385667779;0,197768185;1;-1,135590801;0,408451982;0,261767556;1;-0,480542803;0,559697526;1,402714014;1;;;;;;;;;;;;;
609;-1,181427466;0,438807578;0,181427466;1;-1,225560862;0,388400997;0,361734291;1;0,550138761;0,600801247;-3,750693805;1;;;;;;;;;;;;;
610;-0,563645401;0,471321794;-0,436354599;1;-1,118139543;0,403749109;0,24237727;1;-0,346768626;0,639816056;0,733843131;1;;;;;;;;;;;;;
611;-2,032406764;0,507282418;1,032406764;0;-1,051792754;0,418639651;0,168658615;1;1,028032443;0,626962558;-6,140162215;1;;;;;;;;;;;;;
612;-0,986144995;0,317763;-0,013855005;1;-1,009856083;0,324344396;0,122062315;1;0,032645492;0,437957913;-1,163227459;1;;;;;;;;;;;;;
613;-1,500943835;0,404839831;0,500943835;1;-0,570335781;0,357407514;-0,366293576;1;-0,305106922;0,580885306;0,525534609;1;;;;;;;;;;;;;
614;-1,163926903;0,35322825;0,163926903;1;-0,967279157;0,310593244;0,074754619;1;0,386484918;0,474436331;-2,932424588;1;;;;;;;;;;;;;
615;-1,207434011;0,360137132;0,207434011;1;-0,622728374;0,291147184;-0,308079584;1;0,538057351;0,488815093;-3,690286754;1;;;;;;;;;;;;;
616;-0,421905349;0,296158876;-0,578094651;1;-0,914123978;0,275959765;0,015693309;1;-0,889359508;0,451854173;3,446797541;1;;;;;;;;;;;;;
617;-0,809143883;0,342169357;-0,190856117;1;-1,484118112;0,366436146;0,649020124;1;-0,233651004;0,493748773;0,168255021;1;;;;;;;;;;;;;
618;-1,621454366;0,454144672;0,621454366;1;-0,625382846;0,35996513;-0,305130171;1;0,201107617;0,594977814;-2,005538084;1;;;;;;;;;;;;;
619;-0,770718798;0,346899917;-0,229281202;1;-0,854147724;0,293203044;-0,050946973;1;0,008783275;0,456368395;-1,043916376;1;;;;;;;;;;;;;
620;-1,604889733;0,443380721;0,604889733;1;-0,259409772;0,397643224;-0,71176692;1;-0,13958784;0,623755607;-0,302060798;1;;;;;;;;;;;;;
621;-0,369844309;0,463646962;-0,630155691;1;-0,832576628;0,337573343;-0,074914857;1;-0,491546041;0,580473546;1,457730205;1;;;;;;;;;;;;;
622;-1,136424588;0,334385467;0,136424588;1;-0,374106468;0,300152959;-0,584326147;1;-0,044685331;0,483073075;-0,776573346;1;;;;;;;;;;;;;
623;-0,986208483;0,430866807;-0,013791517;1;-0,51007884;0,315996292;-0,433245733;1;-0,031012793;0,54255305;-0,844936037;1;;;;;;;;;;;;;
624;-1,468000967;0,399040504;0,468000967;1;-0,906234482;0,35694001;0,006927202;1;0,245361079;0,496106013;-2,226805394;1;;;;;;;;;;;;;
625;-0,508879697;0,332530005;-0,491120303;1;-1,09499835;0,329269627;0,216664833;1;-0,982208923;0,47957759;3,911044613;1;;;;;;;;;;;;;
626;-1,396175253;0,38946451;0,396175253;1;-1,80073776;0,451295747;1,000819733;0;0,36822511;0,599907539;-2,841125548;1;;;;;;;;;;;;;
627;-1,076318022;0,305443642;0,076318022;1;-1,703650357;0,397972573;0,892944841;0;-0,448609718;0,450020352;1,243048591;1;;;;;;;;;;;;;
628;-1,968287076;0,435167618;0,968287076;0;0,207409135;0,323674421;-1,230454595;0;0,194827534;0,577331183;-1,974137668;1;;;;;;;;;;;;;
629;-1,067182916;0,319230544;0,067182916;1;-0,86818964;0,306098528;-0,035344845;1;-0,195426181;0,483108616;-0,022869095;1;;;;;;;;;;;;;
630;-0,794895344;0,297558778;-0,205104656;1;-1,041907683;0,358629159;0,157675203;1;-0,966607737;0,503010459;3,833038684;1;;;;;;;;;;;;;
631;-0,913326295;0,309047327;-0,086673705;1;-1,170781348;0,31518851;0,300868165;1;0,074622316;0,402020648;-1,37311158;1;;;;;;;;;;;;;
632;-1,068506792;0,378480363;0,068506792;1;-1,166317021;0,350757551;0,295907801;1;0,034525354;0,536157603;-1,172626772;1;;;;;;;;;;;;;
633;-1,093448632;0,443933325;0,093448632;1;-0,840562186;0,373097902;-0,066042015;1;-0,194256096;0,613163689;-0,028719521;1;;;;;;;;;;;;;
634;-0,941134504;0,32156071;-0,058865496;1;-0,803789386;0,32296664;-0,106900683;1;-0,668160251;0,53848632;2,340801257;1;;;;;;;;;;;;;
635;-1,514814721;0,414582685;0,514814721;1;-0,527976361;0,322787312;-0,413359598;1;0,488203541;0,533957868;-3,441017705;1;;;;;;;;;;;;;
636;-1,479016026;0,398143741;0,479016026;1;-0,139454464;0,312909836;-0,845050596;0;0,02813058;0,545122555;-1,1406529;1;;;;;;;;;;;;;
637;-0,10000237;0,512509623;-0,89999763;1;-0,866228385;0,350769392;-0,037524016;1;-0,597878483;0,628188056;1,989392417;1;;;;;;;;;;;;;
638;-1,122839061;0,348813162;0,122839061;1;-0,505228386;0,293519561;-0,438635127;1;-0,538889179;0,508555528;1,694445896;1;;;;;;;;;;;;;
639;-1,100373229;0,261340246;0,100373229;1;-1,31366392;0,321523318;0,459626578;1;-0,177832477;0,432316937;-0,110837616;1;;;;;;;;;;;;;
640;-0,975288138;0,297645173;-0,024711862;1;-0,940413552;0,270806182;0,044903947;1;-0,024971967;0,407767593;-0,875140167;1;;;;;;;;;;;;;
641;-0,783372438;0,303333366;-0,216627562;1;-1,280938467;0,388381292;0,423264963;1;-0,877753191;0,517616897;3,388765955;1;;;;;;;;;;;;;
642;-1,586851366;0,428245296;0,586851366;1;-1,415081336;0,428026543;0,572312595;1;0,97701835;0,543099107;-5,885091749;0;;;;;;;;;;;;;
643;-0,42251381;0,309480545;-0,57748619;1;-0,953587836;0,31772192;0,05954204;1;-0,576014975;0,50150159;1,880074875;1;;;;;;;;;;;;;
644;-0,570514244;0,331812007;-0,429485756;1;-1,583813926;0,357016433;0,759793252;1;0,148956217;0,406407005;-1,744781087;1;;;;;;;;;;;;;
645;-1,172550052;0,478003453;0,172550052;1;-0,844134457;0,379802722;-0,062072825;1;0,183540472;0,586716964;-1,917702358;1;;;;;;;;;;;;;
646;-0,757354662;0,35378356;-0,242645338;1;-0,738582406;0,325609543;-0,179352882;1;-0,201521675;0,567903938;0,007608373;1;;;;;;;;;;;;;
647;-0,66101534;0,561366527;-0,33898466;1;-0,57971258;0,334877149;-0,355874911;1;-0,185660924;0,636749445;-0,071695381;1;;;;;;;;;;;;;
648;-0,831337906;0,357647423;-0,168662094;1;-0,864755198;0,318598826;-0,039160891;1;-0,347498729;0,54234054;0,737493644;1;;;;;;;;;;;;;
649;-1,075536891;0,31741676;0,075536891;1;-1,867960179;0,377174765;1,07551131;0;-0,01980066;0,422752;-0,900996702;1;;;;;;;;;;;;;
650;-1,541242596;0,44495185;0,541242596;1;-0,810356204;0,393279344;-0,099604218;1;0,306750609;0,591666357;-2,533753044;1;;;;;;;;;;;;;
651;-1,760511941;0,444436706;0,760511941;1;-0,920562785;0,335003113;0,022847539;1;0,776774894;0,524011843;-4,883874468;1;;;;;;;;;;;;;
652;-1,207629663;0,311828026;0,207629663;1;-0,770966977;0,296613017;-0,143370025;1;0,268950127;0,418032282;-2,344750634;1;;;;;;;;;;;;;
653;-1,044785998;0,401051524;0,044785998;1;-0,615413335;0,35396078;-0,316207405;1;-0,281047237;0,58552828;0,405236183;1;;;;;;;;;;;;;
654;-1,103696188;0,484355749;0,103696188;1;-0,921222172;0,412833859;0,023580191;1;-0,082025611;0,64767134;-0,589871946;1;;;;;;;;;;;;;
655;-1,168877261;0,424487732;0,168877261;1;-1,289914716;0,386390697;0,433238574;1;0,52607183;0,52679289;-3,63035915;1;;;;;;;;;;;;;
656;-1,484783435;0,437195827;0,484783435;1;-1,417555803;0,397824074;0,575062003;1;0,352076024;0,588557493;-2,760380119;1;;;;;;;;;;;;;
657;-1,70349088;0,428298648;0,70349088;1;-0,795397968;0,365888244;-0,11622448;1;0,467659072;0,577134081;-3,338295361;1;;;;;;;;;;;;;
658;-1,076575555;0,430519505;0,076575555;1;-1,126779735;0,391334682;0,251977484;1;0,488343208;0,549307;-3,44171604;1;;;;;;;;;;;;;
659;-1,115399091;0,41163613;0,115399091;1;-1,135449597;0,364707553;0,261610663;1;0,285814987;0,544621763;-2,429074935;1;;;;;;;;;;;;;
660;-1,378365004;0,37833912;0,378365004;1;-0,775892431;0,327868628;-0,137897299;1;0,213686495;0,5088299;-2,068432476;1;;;;;;;;;;;;;
661;-1,152583361;0,375007343;0,152583361;1;-0,472398961;0,311965928;-0,475112266;1;-0,77677383;0,533117184;2,883869148;1;;;;;;;;;;;;;
662;-1,935710941;0,432655902;0,935710941;0;-1,614812708;0,411124619;0,794236343;1;0,922115001;0,529332234;-5,610575007;0;;;;;;;;;;;;;
663;-1,141771364;0,305472834;0,141771364;1;-0,885501628;0,31949762;-0,016109302;1;-0,256405672;0,469827453;0,282028358;1;;;;;;;;;;;;;
664;-1,76017902;0,452737202;0,76017902;1;-1,308695046;0,390448061;0,454105606;1;1,518480058;0,618587772;-8,592400289;0;;;;;;;;;;;;;
665;-0,347694815;0,543232363;-0,652305185;1;-0,923360714;0,41994285;0,025956349;1;1,113289198;0,764078472;-6,566445991;1;;;;;;;;;;;;;
666;-1,302445031;0,419448316;0,302445031;1;-0,404786328;0,345048205;-0,550237413;1;-0,311136506;0,579453526;0,555682532;1;;;;;;;;;;;;;
667;-0,800871529;0,587673053;-0,199128471;1;-0,989876168;0,428632231;0,099862409;1;-0,170606327;0,740401034;-0,146968367;1;;;;;;;;;;;;;
668;-1,474148811;0,40928301;0,474148811;1;-0,878190491;0,366444196;-0,024232788;1;0,089412123;0,58565227;-1,447060615;1;;;;;;;;;;;;;
669;-1,163039492;0,389478906;0,163039492;1;-1,067611637;0,367176536;0,186235152;1;-0,106526157;0,573611945;-0,467369214;1;;;;;;;;;;;;;
670;-0,965714133;0,417101076;-0,034285867;1;-0,661351204;0,315041194;-0,265165328;1;0,075354354;0,54749896;-1,376771769;1;;;;;;;;;;;;;
671;-0,684253555;0,318717757;-0,315746445;1;-0,793959661;0,295781136;-0,117822598;1;-0,433643168;0,475037962;1,168215841;1;;;;;;;;;;;;;
672;-0,708173721;0,354196306;-0,291826279;1;-1,135215697;0,378638981;0,261350774;1;-0,829644841;0,567945907;3,148224205;1;;;;;;;;;;;;;
673;-0,515161609;0,383986331;-0,484838391;1;-1,573702863;0,415345274;0,748558737;1;-0,887594785;0,570990162;3,437973925;1;;;;;;;;;;;;;
674;-1,44567265;0,407776436;0,44567265;1;-0,432909887;0,34702035;-0,518989014;1;-0,369750379;0,557441929;0,848751896;1;;;;;;;;;;;;;
675;-0,927047879;0,312698927;-0,072952121;1;-1,104203259;0,331966719;0,22689251;1;-0,045496281;0,446381047;-0,772518595;1;;;;;;;;;;;;;
676;-0,051894279;0,581077429;-0,948105721;1;-1,187061534;0,427383991;0,31895726;1;-0,160502888;0,706129079;-0,197485561;1;;;;;;;;;;;;;
677;-0,977202322;0,368406648;-0,022797678;1;-0,699038847;0,315273571;-0,22329017;1;-0,308508188;0,502444245;0,542540939;1;;;;;;;;;;;;;
678;-1,249654562;0,373037914;0,249654562;1;-0,690056845;0,311763145;-0,233270172;1;-0,17795659;0,499526467;-0,11021705;1;;;;;;;;;;;;;
679;-0,894964434;0,356688447;-0,105035566;1;-0,838032075;0,347268165;-0,06885325;1;-0,520186281;0,534981229;1,600931405;1;;;;;;;;;;;;;
680;-1,01097457;0,2836064;0,01097457;1;-0,150440534;0,23902837;-0,832843851;0;-0,20452119;0,413774835;0,022605948;1;;;;;;;;;;;;;
681;-1,116628782;0,356541009;0,116628782;1;-0,399793166;0,291892503;-0,555785371;1;-0,042184486;0,488071065;-0,789077571;1;;;;;;;;;;;;;
682;-1,610995651;0,442778564;0,610995651;1;-0,649768668;0,375077573;-0,278034813;1;0,527938935;0,580349678;-3,639694675;1;;;;;;;;;;;;;
683;-0,980518874;0,426401239;-0,019481126;1;-0,290495057;0,341516216;-0,677227714;1;-0,367544371;0,54439496;0,837721853;1;;;;;;;;;;;;;
684;-1,34595355;0,361832552;0,34595355;1;-1,00933336;0,317636058;0,121481511;1;0,193911397;0,518478719;-1,969556986;1;;;;;;;;;;;;;
685;-1,36211352;0,457894951;0,36211352;1;-1,610026899;0,406284165;0,788918777;1;0,857410944;0,534673263;-5,287054718;0;;;;;;;;;;;;;
686;-0,770068098;0,367336447;-0,229931902;1;-0,786813022;0,347781103;-0,125763309;1;-0,427865449;0,486784405;1,139327246;1;;;;;;;;;;;;;
687;-1,365709027;0,33332873;0,365709027;1;-1,311754757;0,37643589;0,457505285;1;0,421139166;0,479669428;-3,105695832;1;;;;;;;;;;;;;
688;-0,81449248;0,316891376;-0,18550752;1;-0,560391159;0,320641644;-0,377343156;1;-1,163127889;0,520162318;4,815639445;1;;;;;;;;;;;;;
689;-0,560964436;0,479342872;-0,439035564;1;-0,843847663;0,318073199;-0,062391485;1;0,122190007;0,500281521;-1,610950036;1;;;;;;;;;;;;;
690;-1,100571719;0,386056068;0,100571719;1;-0,580320562;0,370990318;-0,355199375;1;-1,40972244;0,611353786;6,0486122;0;;;;;;;;;;;;;
691;-0,525081165;0,369729938;-0,474918835;1;-1,121507457;0,322747314;0,246119396;1;-0,03003056;0,517794757;-0,849847202;1;;;;;;;;;;;;;
692;-0,640589403;0,419073962;-0,359410597;1;-1,285030722;0,344413992;0,427811913;1;0,103433931;0,493599477;-1,517169654;1;;;;;;;;;;;;;
693;-1,095714776;0,454608587;0,095714776;1;-0,784470485;0,392921879;-0,128366128;1;-0,732908541;0,669970065;2,664542707;1;;;;;;;;;;;;;
694;-1,271824275;0,319501765;0,271824275;1;-1,152592842;0,350709123;0,280658714;1;0,274587644;0,482424648;-2,37293822;1;;;;;;;;;;;;;
695;-0,872786285;0,357188231;-0,127213715;1;-0,928735305;0,355371817;0,031928116;1;-1,15791675;0,561736445;4,789583748;1;;;;;;;;;;;;;
696;-0,7650255;0,368210379;-0,2349745;1;-0,913187303;0,382434676;0,014652559;1;-0,681046089;0,646903128;2,405230443;1;;;;;;;;;;;;;
697;-0,989531082;0,369117749;-0,010468918;1;-0,48423549;0,245323126;-0,461960567;1;0,609354233;0,402415557;-4,046771166;0;;;;;;;;;;;;;
698;-1,375989775;0,347270315;0,375989775;1;-1,202946427;0,385604686;0,336607141;1;-0,594871376;0,572817323;1,974356881;1;;;;;;;;;;;;;
699;-0,657696076;0,306076859;-0,342303924;1;-0,843515929;0,315471964;-0,062760079;1;-0,794257811;0,467015906;2,971289056;1;;;;;;;;;;;;;
700;-0,409475913;0,271843786;-0,590524087;0;-1,151397216;0,310362702;0,27933024;1;-0,517804873;0,362350106;1,589024365;1;;;;;;;;;;;;;
701;-0,650326526;0,353766256;-0,349673474;1;-0,99575148;0,298827556;0,106390534;1;-0,296442244;0,458728868;0,482211218;1;;;;;;;;;;;;;
702;-1,173634032;0,34133841;0,173634032;1;-0,785468291;0,353033631;-0,127257454;1;-1,039896325;0,568372129;4,199481624;1;;;;;;;;;;;;;
703;-1,277752912;0,419428143;0,277752912;1;-1,147748907;0,39066327;0,275276563;1;-0,316607468;0,622667183;0,583037342;1;;;;;;;;;;;;;
704;-1,007308755;0,312209575;0,007308755;1;-1,21279665;0,349186086;0,347551833;1;0,028290144;0,461259862;-1,14145072;1;;;;;;;;;;;;;
705;-1,137936208;0,340292086;0,137936208;1;-0,694283035;0,340160896;-0,228574405;1;-0,641253736;0,52900345;2,206268678;1;;;;;;;;;;;;;
706;-0,703565446;0,223684402;-0,296434554;1;-1,616977338;0,364594786;0,796641487;0;-0,458633625;0,360531555;1,293168125;1;;;;;;;;;;;;;
707;-1,215751647;0,362628559;0,215751647;1;-0,744217067;0,337862832;-0,173092148;1;0,049782334;0,551450716;-1,248911668;1;;;;;;;;;;;;;
708;-0,560421477;0,308602015;-0,439578523;1;-0,720927387;0,274707785;-0,19896957;1;-0,418493305;0,430497394;1,092466527;1;;;;;;;;;;;;;
709;-1,412062238;0,34164058;0,412062238;1;-1,265380211;0,333119235;0,405978012;1;0,554465506;0,493746117;-3,772327531;1;;;;;;;;;;;;;
710;-0,414847806;0,406023835;-0,585152194;1;-1,021283545;0,392738122;0,134759494;1;-1,462136957;0,675392505;6,310684784;1;;;;;;;;;;;;;
711;-0,917994295;0,296866938;-0,082005705;1;-0,743768836;0,268621739;-0,173590182;1;0,134008862;0,37610397;-1,670044312;1;;;;;;;;;;;;;
712;-1,647372962;0,43841704;0,647372962;1;-0,78115646;0,352487676;-0,132048378;1;0,725846821;0,505628964;-4,629234104;1;;;;;;;;;;;;;
713;-0,812877446;0,339846335;-0,187122554;1;-0,968039681;0,334134726;0,075599645;1;-0,771066427;0,520889319;2,855332137;1;;;;;;;;;;;;;
714;-0,949557203;0,380193994;-0,050442797;1;-0,710468556;0,305308092;-0,210590493;1;0,33457731;0,489994366;-2,672886551;1;;;;;;;;;;;;;
715;-1,472372407;0,436114519;0,472372407;1;-0,78929099;0,354307777;-0,123010011;1;0,476982626;0,572021092;-3,384913128;1;;;;;;;;;;;;;
716;-0,785877433;0,3774009;-0,214122567;1;-0,778979049;0,312957729;-0,134467724;1;0,576940117;0,513846118;-3,884700584;1;;;;;;;;;;;;;
717;-0,486790421;0,420071939;-0,513209579;1;-1,505758207;0,416509944;0,673064674;1;-0,730666664;0,545885613;2,653333318;1;;;;;;;;;;;;;
718;-0,883326954;0,374154902;-0,116673046;1;-0,636637506;0,28977182;-0,292624994;1;0,086427849;0,485179796;-1,432139243;1;;;;;;;;;;;;;
719;-1,272053839;0,376437852;0,272053839;1;-0,793682648;0,380103816;-0,118130391;1;-0,185245468;0,556240291;-0,073772659;1;;;;;;;;;;;;;
720;-0,331791673;0,428741473;-0,668208327;1;-0,41488558;0,285260813;-0,539016022;1;-0,548581147;0,518354097;1,742905736;1;;;;;;;;;;;;;
721;-1,117746846;0,317996979;0,117746846;1;-0,985026574;0,367085962;0,094473971;1;-0,822427088;0,508802029;3,11213544;1;;;;;;;;;;;;;
722;-1,303878508;0,37969946;0,303878508;1;-0,610148927;0,314737642;-0,322056748;1;0,196970827;0,511295135;-1,984854136;1;;;;;;;;;;;;;
723;-1,94064122;0,405141459;0,94064122;0;-0,978142649;0,323455643;0,086825166;1;1,07713338;0,488962509;-6,385666902;0;;;;;;;;;;;;;
724;-0,773915166;0,415086506;-0,226084834;1;-0,935713022;0,362708915;0,039681135;1;0,054756653;0,584944648;-1,273783264;1;;;;;;;;;;;;;
725;-0,919151008;0,407313133;-0,080848992;1;-1,021283435;0,438541104;0,134759372;1;-0,868704994;0,724354736;3,343524969;1;;;;;;;;;;;;;
726;-1,319086418;0,379523087;0,319086418;1;-1,506245009;0,38713968;0,673605565;1;0,416865463;0,550623052;-3,084327315;1;;;;;;;;;;;;;
727;-1,07056714;0,350256211;0,07056714;1;-0,929791216;0,342892016;0,033101351;1;-0,598316376;0,541775815;1,991581882;1;;;;;;;;;;;;;
728;-0,752791312;0,299099985;-0,247208688;1;-1,112139269;0,340882014;0,235710299;1;-0,558073311;0,479974015;1,790366554;1;;;;;;;;;;;;;
729;-0,336115407;0,365228358;-0,663884593;1;-1,013367207;0,345719927;0,125963563;1;-0,574475561;0,524131239;1,872377803;1;;;;;;;;;;;;;
730;-0,674231035;0,270822939;-0,325768965;1;-0,729868165;0,269326755;-0,189035372;1;-0,398329275;0,392784465;0,991646374;1;;;;;;;;;;;;;
731;-0,761447866;0,318282501;-0,238552134;1;-0,691076397;0,317121175;-0,232137336;1;-0,869940783;0,49767992;3,349703914;1;;;;;;;;;;;;;
732;-0,99430041;0,415948967;-0,00569959;1;-0,782801061;0,355796129;-0,130221043;1;-0,878114065;0,600765146;3,390570325;1;;;;;;;;;;;;;
733;-0,405100381;0,433296615;-0,594899619;1;-1,258950213;0,376619108;0,39883357;1;0,215791689;0,689877816;-2,078958445;1;;;;;;;;;;;;;
734;-0,955173043;0,53549735;-0,044826957;1;-0,892376379;0,370082932;-0,00847069;1;0,412847546;0,629481435;-3,064237729;1;;;;;;;;;;;;;
735;-1,396379559;0,399053065;0,396379559;1;-0,961808475;0,377049588;0,068676083;1;0,096437793;0,53037235;-1,482188967;1;;;;;;;;;;;;;
736;-1,340262205;0,408800257;0,340262205;1;-1,002335103;0,39175125;0,11370567;1;-0,30307805;0,580952602;0,515390249;1;;;;;;;;;;;;;
737;-0,387931568;0,514351686;-0,612068432;1;-0,861907519;0,359202651;-0,042324979;1;-0,315142519;0,621698947;0,575712593;1;;;;;;;;;;;;;
738;-1,587272101;0,411861139;0,587272101;1;-0,416201132;0,304899673;-0,537554297;1;0,331723336;0,515489024;-2,658616678;1;;;;;;;;;;;;;
739;-1,487811454;0,459769714;0,487811454;1;-0,658682699;0,399480479;-0,268130335;1;-0,413132308;0,675612787;1,065661542;1;;;;;;;;;;;;;
740;-1,546073786;0,420646214;0,546073786;1;-0,856545145;0,337762057;-0,048283173;1;0,606869927;0,555401087;-4,034349636;1;;;;;;;;;;;;;
741;-0,886618365;0,347906947;-0,113381635;1;-0,850158143;0,303029926;-0,055379841;1;0,026376435;0,455546971;-1,131882174;1;;;;;;;;;;;;;
742;-1,244535647;0,375824031;0,244535647;1;-0,651732151;0,302262398;-0,275853165;1;0,7195319;0,571238695;-4,597659498;1;;;;;;;;;;;;;
743;-1,164209974;0,432543716;0,164209974;1;-0,470114642;0,329050601;-0,477650398;1;-0,32623785;0,549108336;0,631189248;1;;;;;;;;;;;;;
744;-0,840517969;0,276393427;-0,159482031;1;-0,755612288;0,290405772;-0,160430791;1;-0,637743239;0,433068011;2,188716193;1;;;;;;;;;;;;;
745;-0,992212874;0,300519111;-0,007787126;1;-0,972990445;0,317680844;0,081100495;1;0,06416596;0,419030125;-1,320829799;1;;;;;;;;;;;;;
746;-1,046638177;0,312342863;0,046638177;1;-0,846313472;0,316629198;-0,059651698;1;-0,253799648;0,438783912;0,268998238;1;;;;;;;;;;;;;
747;-0,85572866;0,353195388;-0,14427134;1;-0,967906448;0,326659335;0,075451609;1;-0,228553948;0,561929103;0,14276974;1;;;;;;;;;;;;;
748;-1,371172171;0,395123243;0,371172171;1;-1,297581942;0,41774157;0,441757713;1;-0,219071491;0,620276595;0,095357455;1;;;;;;;;;;;;;
749;-1,114873008;0,310415695;0,114873008;1;-1,138102213;0,33545529;0,264558015;1;-0,081936097;0,454895034;-0,590319513;1;;;;;;;;;;;;;
750;-1,48833054;0,353755308;0,48833054;1;-0,745783632;0,338998993;-0,17135152;1;0,237256634;0,495868018;-2,186283172;1;;;;;;;;;;;;;
751;-0,825094412;0,341082591;-0,174905588;1;-1,000144573;0,35118413;0,111271748;1;0,294743385;0,548209817;-2,473716923;1;;;;;;;;;;;;;
752;-1,292603804;0,393231881;0,292603804;1;-0,237266252;0,270471389;-0,736370832;0;0,215912843;0,477114616;-2,079564216;1;;;;;;;;;;;;;
753;-1,570695968;0,505054075;0,570695968;1;-0,802781783;0,390199662;-0,108020241;1;0,384918524;0,680547355;-2,924592618;1;;;;;;;;;;;;;
754;-0,854617637;0,356114298;-0,145382363;1;-1,067452642;0,333319137;0,186058491;1;-0,042834419;0,488239672;-0,785827906;1;;;;;;;;;;;;;
755;-0,341517523;0,499219924;-0,658482477;1;-0,932745716;0,337024264;0,036384129;1;0,06549079;0,489920306;-1,327453948;1;;;;;;;;;;;;;
756;-1,152257289;0,411064681;0,152257289;1;-0,530423096;0,316948303;-0,410641005;1;0,187941418;0,564591967;-1,939707088;1;;;;;;;;;;;;;
757;-0,729643036;0,391146225;-0,270356964;1;-0,924765198;0,400524006;0,027516886;1;-0,803258977;0,572667374;3,016294883;1;;;;;;;;;;;;;
758;-0,998590394;0,301037877;-0,001409606;1;-0,838327889;0,282551463;-0,068524568;1;-0,435632555;0,425752823;1,178162775;1;;;;;;;;;;;;;
759;-0,765967311;0,414185983;-0,234032689;1;-0,494457315;0,337157745;-0,450602984;1;-0,872194847;0,572222433;3,360974235;1;;;;;;;;;;;;;
760;-1,228579044;0,400423939;0,228579044;1;-0,397605595;0,328815037;-0,558216005;1;-0,662904531;0,577900045;2,314522653;1;;;;;;;;;;;;;
761;-1,100275101;0,330417914;0,100275101;1;-0,74836885;0,338275172;-0,168479056;1;-1,162066195;0,551438346;4,810330974;1;;;;;;;;;;;;;
762;-0,985899663;0,309727121;-0,014100337;1;-1,444362875;0,370142945;0,604847639;1;-0,286018932;0,493482374;0,430094659;1;;;;;;;;;;;;;
763;-0,981352821;0,333530412;-0,018647179;1;-1,441502429;0,369880115;0,601669365;1;-0,017951362;0,4795652;-0,910243189;1;;;;;;;;;;;;;
764;-1,094526145;0,352591547;0,094526145;1;-0,862862763;0,351184176;-0,041263596;1;-0,469092944;0,518589098;1,345464722;1;;;;;;;;;;;;;
765;-0,330981698;0,286307021;-0,669018302;0;-1,324934584;0,350731315;0,472149538;1;-0,293719612;0,552071153;0,468598058;1;;;;;;;;;;;;;
766;-1,001655854;0,297072531;0,001655854;1;-0,921863117;0,319874009;0,024292352;1;-0,327667363;0,44285285;0,638336814;1;;;;;;;;;;;;;
767;-1,514783012;0,463722599;0,514783012;1;-0,830507256;0,357285799;-0,07721416;1;0,941964386;0,561332263;-5,709821931;0;;;;;;;;;;;;;
768;-0,712031532;0,33505128;-0,287968468;1;-0,976514915;0,325188;0,085016572;1;-0,770363915;0,48757858;2,851819573;1;;;;;;;;;;;;;
769;-1,721087591;0,447189072;0,721087591;1;-1,088189497;0,394210697;0,209099441;1;0,360597865;0,620745409;-2,802989327;1;;;;;;;;;;;;;
770;-0,691936318;0,397672769;-0,308063682;1;-1,24786993;0,385514601;0,386522144;1;-0,67263118;0,551374702;2,363155902;1;;;;;;;;;;;;;
771;-1,815622543;0,424142946;0,815622543;1;-0,244330599;0,304892445;-0,728521557;0;0,299060624;0,583813657;-2,495303118;1;;;;;;;;;;;;;
772;-1,000316721;0,382066778;0,000316721;1;-0,384284692;0,300634911;-0,573017008;1;0,169176011;0,517916602;-1,845880054;1;;;;;;;;;;;;;
773;-0,916457858;0,247713564;-0,083542142;1;-1,297794196;0,330146729;0,441993551;1;-0,429487755;0,371961434;1,147438773;1;;;;;;;;;;;;;
774;-0,55901906;0,403831342;-0,44098094;1;-1,217644866;0,334816862;0,35293874;1;-0,02972809;0,469089976;-0,851359549;1;;;;;;;;;;;;;
775;-1,080462342;0,494766009;0,080462342;1;-1,307673225;0,410284498;0,45297025;1;0,033998886;0,648178673;-1,169994429;1;;;;;;;;;;;;;
776;-0,90753924;0,341737606;-0,09246076;1;-0,669881831;0,272655566;-0,255686854;1;0,208621174;0,425557441;-2,043105869;1;;;;;;;;;;;;;
777;-0,927098974;0,291593263;-0,072901026;1;-0,655032485;0,253569375;-0,272186128;1;0,29328126;0,390323732;-2,4664063;1;;;;;;;;;;;;;
778;-1,112423013;0,340809551;0,112423013;1;-0,985503064;0,317251294;0,095003405;1;0,299804888;0,458271517;-2,49902444;1;;;;;;;;;;;;;
779;-1,356541473;0,38094355;0,356541473;1;-1,055513641;0,342934317;0,172792934;1;-0,067407618;0,577868208;-0,662961908;1;;;;;;;;;;;;;
780;-1,178515631;0,363109304;0,178515631;1;-0,403472068;0,275978854;-0,551697702;1;0,44991228;0,50087516;-3,249561398;1;;;;;;;;;;;;;
781;-0,082221101;0,400681641;-0,917778899;0;-0,886017368;0,300717774;-0,015536258;1;-0,609852788;0,485702446;2,049263942;1;;;;;;;;;;;;;
782;-0,555027005;0,309501566;-0,444972995;1;-1,191022208;0,36011449;0,323358009;1;-1,10820978;0,522903161;4,541048899;1;;;;;;;;;;;;;
783;-1,125739271;0,360349637;0,125739271;1;-0,542352798;0,295573147;-0,39738578;1;0,172103967;0,434196457;-1,860519835;1;;;;;;;;;;;;;
784;-1,142858643;0,383906071;0,142858643;1;-0,697870707;0,348033006;-0,224588103;1;-0,415788684;0,578976245;1,078943422;1;;;;;;;;;;;;;
785;-0,849683651;0,276165969;-0,150316349;1;-0,760870095;0,309325319;-0,154588784;1;-0,593715383;0,414410822;1,968576915;1;;;;;;;;;;;;;
786;-1,361215593;0,363471739;0,361215593;1;-1,333096481;0,382891912;0,481218313;1;-0,103224616;0,545880462;-0,483876918;1;;;;;;;;;;;;;
787;-0,871094732;0,424057593;-0,128905268;1;-1,017509746;0,399103064;0,130566384;1;-0,321602216;0,612997172;0,608011079;1;;;;;;;;;;;;;
788;-1,095761499;0,325754975;0,095761499;1;-0,80433053;0,312459938;-0,106299411;1;-0,342679907;0,498631378;0,713399534;1;;;;;;;;;;;;;
789;-1,156987167;0,475803471;0,156987167;1;-0,900799523;0,374637551;0,000888359;1;-0,012890819;0,577190653;-0,935545907;1;;;;;;;;;;;;;
790;-1,644042283;0,409055522;0,644042283;1;-0,834347207;0,34241323;-0,072947548;1;0,653417563;0,554538629;-4,267087815;1;;;;;;;;;;;;;
791;-1,029572163;0,45113349;0,029572163;1;-1,399309046;0,423405016;0,554787829;1;0,02872638;0,545865362;-1,143631898;1;;;;;;;;;;;;;
792;-1,345685188;0,283292694;0,345685188;1;-1,155828412;0,339598337;0,284253791;1;-0,512547519;0,434079641;1,562737597;1;;;;;;;;;;;;;
793;-0,269504354;0,452823918;-0,730495646;1;-1,792926606;0,419026133;0,992140673;0;-0,45585416;0,532839429;1,279270802;1;;;;;;;;;;;;;
794;-0,743429668;0,257742901;-0,256570332;1;-1,064600916;0,30278782;0,182889907;1;-0,550556417;0,369092102;1,752782086;1;;;;;;;;;;;;;
795;-0,655115577;0,394845124;-0,344884423;1;-1,497594935;0,373759364;0,663994372;1;-0,347730731;0,509546156;0,738653656;1;;;;;;;;;;;;;
796;-0,734558979;0,364531076;-0,265441021;1;-0,747391127;0,359777413;-0,169565415;1;-1,057382686;0,517648927;4,286913431;1;;;;;;;;;;;;;
797;-0,847159275;0,519615936;-0,152840725;1;-0,900615112;0,418526965;0,000683458;1;-0,640755456;0,685181813;2,203777279;1;;;;;;;;;;;;;
798;-1,610414405;0,321136869;0,610414405;1;-0,441609549;0,264198457;-0,509322723;1;0,533816232;0,449575293;-3,669081158;1;;;;;;;;;;;;;
799;-1,232220893;0,385976776;0,232220893;1;-0,798228892;0,313312122;-0,113079009;1;0,344850243;0,537122816;-2,724251216;1;;;;;;;;;;;;;
800;-1,083679121;0,404417297;0,083679121;1;-0,866138076;0,345073874;-0,03762436;1;-0,090434828;0,556414864;-0,547825861;1;;;;;;;;;;;;;
801;-1,130750713;0,382083423;0,130750713;1;-0,338557143;0,331852431;-0,623825396;1;-0,426724344;0,579813699;1,133621722;1;;;;;;;;;;;;;
802;-1,114508943;0,391355213;0,114508943;1;-1,362254224;0,411450344;0,513615805;1;-0,137408148;0,544831497;-0,312959259;1;;;;;;;;;;;;;
803;-0,898945716;0,275364597;-0,101054284;1;-0,791319546;0,310585162;-0,12075606;1;-0,85258671;0,48752971;3,26293355;1;;;;;;;;;;;;;
804;-1,499037998;0,438595857;0,499037998;1;-0,370873044;0,366848288;-0,58791884;1;-0,444248273;0,59393193;1,221241366;1;;;;;;;;;;;;;
805;-0,931066419;0,391627429;-0,068933581;1;-0,976560249;0,334934266;0,085066943;1;0,211819756;0,493215408;-2,059098782;1;;;;;;;;;;;;;
806;-1,002782366;0,373560939;0,002782366;1;-0,764072539;0,361049369;-0,151030512;1;-0,916347061;0,623463208;3,581735303;1;;;;;;;;;;;;;
807;-1,491827086;0,366541522;0,491827086;1;-1,300674266;0,382369825;0,445193629;1;0,188074852;0,537342332;-1,940374259;1;;;;;;;;;;;;;
808;-1,28886346;0,465643107;0,28886346;1;-0,59872348;0,36292495;-0,334751689;1;0,273426297;0,628333731;-2,367131487;1;;;;;;;;;;;;;
809;-1,776931714;0,594029007;0,776931714;1;-1,286406602;0,446713436;0,429340668;1;2,342761157;0,903772978;-12,71380579;0;;;;;;;;;;;;;
810;-0,633941993;0,43892655;-0,366058007;1;-0,856322321;0,301648981;-0,048530755;1;0,071155438;0,48422565;-1,355777192;1;;;;;;;;;;;;;
811;-0,799108448;0,304948918;-0,200891552;1;-0,451797722;0,269924285;-0,498002531;1;-0,595830669;0,473881484;1,979153343;1;;;;;;;;;;;;;
812;-0,794798974;0,304829332;-0,205201026;1;-1,470727809;0,367609109;0,63414201;1;-0,245800374;0,482169672;0,22900187;1;;;;;;;;;;;;;
813;-1,510348357;0,636029686;0,510348357;1;-1,356139949;0,494865343;0,506822166;1;0,263796576;0,745861054;-2,318982879;1;;;;;;;;;;;;;
814;-1,042638596;0,343845653;0,042638596;1;-0,422522977;0,299282028;-0,530530025;1;-0,415590353;0,490985783;1,077951766;1;;;;;;;;;;;;;
815;-0,997089471;0,375409144;-0,002910529;1;-1,581042603;0,443004745;0,756714003;1;-0,153167413;0,55805557;-0,234162934;1;;;;;;;;;;;;;
816;-1,404748148;0,42877061;0,404748148;1;-0,788178133;0,399167905;-0,124246519;1;-0,801619328;0,704789334;3,00809664;1;;;;;;;;;;;;;
817;-1,213902935;0,312091121;0,213902935;1;-0,580758099;0,304804153;-0,354713224;1;-0,462903844;0,485539609;1,314519221;1;;;;;;;;;;;;;
818;-1,149544663;0,441810684;0,149544663;1;-1,43905405;0,432373134;0,598948944;1;0,302022779;0,513873346;-2,510113893;1;;;;;;;;;;;;;
819;-0,649165197;0,424296148;-0,350834803;1;-0,860878196;0,385205608;-0,043468671;1;-0,829589794;0,631704298;3,147948971;1;;;;;;;;;;;;;
820;-1,021655971;0,366329435;0,021655971;1;-0,736603151;0,327107877;-0,181552055;1;-0,158908693;0,522840493;-0,205456536;1;;;;;;;;;;;;;
821;-0,689330376;0,271710083;-0,310669624;1;-0,655031856;0,269208895;-0,272186827;1;-0,285988959;0,412794689;0,429944796;1;;;;;;;;;;;;;
822;-1,028812227;0,344928024;0,028812227;1;-0,772042644;0,345378253;-0,14217484;1;-0,569691337;0,570003903;1,848456686;1;;;;;;;;;;;;;
823;-1,530974257;0,378196087;0,530974257;1;-0,736492428;0,3169446;-0,18167508;1;0,376378224;0,486915615;-2,881891122;1;;;;;;;;;;;;;
824;-0,694270862;0,288665629;-0,305729138;1;-1,1961299;0,346302487;0,329033222;1;-0,705489754;0,489254689;2,52744877;1;;;;;;;;;;;;;
825;-1,487960853;0,369252518;0,487960853;1;-1,560732139;0,434434857;0,734146821;1;0,136240344;0,54322327;-1,681201719;1;;;;;;;;;;;;;
826;-0,233349911;0,277751661;-0,766650089;0;-0,651674652;0,248626014;-0,275917053;1;-0,186652248;0,40535517;-0,066738761;1;;;;;;;;;;;;;
827;-1,028338535;0,380955755;0,028338535;1;-0,32375859;0,368923749;-0,640268234;1;-0,812002933;0,642597909;3,060014666;1;;;;;;;;;;;;;
828;-1,163698547;0,377969908;0,163698547;1;-1,004009703;0,377274925;0,115566337;1;-0,045282316;0,508406123;-0,773588418;1;;;;;;;;;;;;;
829;-0,786377683;0,323824842;-0,213622317;1;-1,061396483;0,33769778;0,179329426;1;-0,624400283;0,486886711;2,122001416;1;;;;;;;;;;;;;
830;-1,302906254;0,432280401;0,302906254;1;-1,363563532;0,414295403;0,515070591;1;0,168552084;0,572739738;-1,842760418;1;;;;;;;;;;;;;
831;-0,274901556;0,243342037;-0,725098444;0;-0,787689044;0,27370467;-0,124789951;1;-0,104342237;0,401191612;-0,478288815;1;;;;;;;;;;;;;
832;-1,164054862;0,439537415;0,164054862;1;0,06694273;0,329299411;-1,074380811;0;0,118237929;0,601788531;-1,591189647;1;;;;;;;;;;;;;
833;-1,453184742;0,317453288;0,453184742;1;-0,766608645;0,306789497;-0,148212617;1;0,226888987;0,488210479;-2,134444935;1;;;;;;;;;;;;;
834;-0,813448714;0,296211546;-0,186551286;1;-1,289153412;0,328566671;0,43239268;1;-0,087387231;0,417907122;-0,563063847;1;;;;;;;;;;;;;
835;-1,501430811;0,332843322;0,501430811;1;-1,317687707;0,375811453;0,464097452;1;-0,120594313;0,542909693;-0,397028433;1;;;;;;;;;;;;;
836;-1,180656719;0,590531544;0,180656719;1;-1,504427562;0,503747148;0,67158618;1;0,069745843;0,812547477;-1,348729216;1;;;;;;;;;;;;;
837;-1,184452012;0,327971223;0,184452012;1;-0,821121167;0,32313924;-0,087643148;1;-0,357856194;0,49227771;0,789280969;1;;;;;;;;;;;;;
838;-1,410559006;0,344631568;0,410559006;1;-0,867760556;0,324944497;-0,035821604;1;-0,393511481;0,502834508;0,967557406;1;;;;;;;;;;;;;
839;-0,780064653;0,442975191;-0,219935347;1;-0,669434463;0,336034263;-0,25618393;1;-0,343442482;0,584655231;0,71721241;1;;;;;;;;;;;;;
840;-0,935267494;0,438538471;-0,064732506;1;-0,942436;0,37593165;0,047151111;1;0,179952619;0,700279831;-1,899763093;1;;;;;;;;;;;;;
841;-0,587958884;0,314580789;-0,412041116;1;-1,597644937;0,419033483;0,775161041;1;-1,091019741;0,494207394;4,455098705;1;;;;;;;;;;;;;
842;-0,796350352;0,400933509;-0,203649648;1;-1,806527539;0,510903849;1,007252822;1;-0,434055787;0,509673473;1,170278933;1;;;;;;;;;;;;;
843;-0,646257781;0,337606814;-0,353742219;1;-1,091998761;0,348354043;0,213331956;1;-0,132247584;0,552922998;-0,338762081;1;;;;;;;;;;;;;
844;-1,047734269;0,28978638;0,047734269;1;-0,665500967;0,306640557;-0,260554481;1;0,01296475;0,404007275;-1,06482375;1;;;;;;;;;;;;;
845;-1,0948546;0,352561484;0,0948546;1;-0,744890478;0,338864879;-0,172343913;1;-0,374029123;0,515906259;0,870145613;1;;;;;;;;;;;;;
846;-1,472928253;0,396230468;0,472928253;1;-0,36415372;0,294935112;-0,595384756;1;0,460858303;0,503222016;-3,304291513;1;;;;;;;;;;;;;
847;-1,46168645;0,326447102;0,46168645;1;-1,651767251;0,412376488;0,835296946;1;0,540752269;0,418982045;-3,703761346;1;;;;;;;;;;;;;
848;-0,688704904;0,412430557;-0,311295096;1;-1,281249595;0,376642277;0,423610662;1;-0,502247285;0,525620952;1,511236425;1;;;;;;;;;;;;;
849;-1,494778164;0,388618379;0,494778164;1;-0,773178439;0,359538997;-0,140912846;1;-0,050738224;0,540413716;-0,74630888;1;;;;;;;;;;;;;
850;-0,911658008;0,362710264;-0,088341992;1;-1,062337346;0,319935454;0,180374829;1;-0,25209333;0,523672891;0,260466652;1;;;;;;;;;;;;;
851;-0,762644143;0,276575879;-0,237355857;1;-0,77381464;0,260875393;-0,140205956;1;-0,058232182;0,34876341;-0,708839089;1;;;;;;;;;;;;;
852;-1,284764676;0,432701623;0,284764676;1;-0,717989913;0,350581181;-0,20223343;1;0,053792964;0,558985813;-1,268964822;1;;;;;;;;;;;;;
853;-1,67988427;0,42933818;0,67988427;1;-1,061916037;0,426743808;0,179906707;1;-0,683334992;0,669778186;2,416674959;1;;;;;;;;;;;;;
854;-0,654682794;0,461865545;-0,345317206;1;-1,376019892;0,413177943;0,528910991;1;-0,387978285;0,626757966;0,939891426;1;;;;;;;;;;;;;
855;-0,68978523;0,294580318;-0,31021477;1;-0,920563377;0,301677639;0,022848197;1;-0,285104642;0,43173352;0,425523211;1;;;;;;;;;;;;;
856;-0,148122077;0,425166759;-0,851877923;0;-0,875403531;0,329322008;-0,02732941;1;-0,208306794;0,607861402;0,041533968;1;;;;;;;;;;;;;
857;-0,81028064;0,322400337;-0,18971936;1;-1,529250963;0,343204861;0,699167736;1;-0,083728974;0,458322496;-0,581355132;1;;;;;;;;;;;;;
858;-1,573109341;0,415366292;0,573109341;1;-0,634754748;0,349153098;-0,294716946;1;0,313441638;0,583958695;-2,567208191;1;;;;;;;;;;;;;
859;-1,378924856;0,385914155;0,378924856;1;-1,327583905;0,401289603;0,475093228;1;0,572222108;0,498881006;-3,861110542;1;;;;;;;;;;;;;
860;-0,885022313;0,357067704;-0,114977687;1;-0,791169803;0,308613677;-0,120922441;1;-0,008992623;0,448695274;-0,955036883;1;;;;;;;;;;;;;
861;-1,739625987;0,487652442;0,739625987;1;-1,113776386;0,446598004;0,237529317;1;0,994833146;0,639552907;-5,974165731;1;;;;;;;;;;;;;
862;-0,578580221;0,248075739;-0,421419779;1;-0,639459554;0,265152934;-0,289489385;1;-0,831212743;0,421031126;3,156063715;1;;;;;;;;;;;;;
863;-0,940607333;0,319397142;-0,059392667;1;-0,836769253;0,339231146;-0,070256386;1;-0,735684785;0,478453619;2,678423924;1;;;;;;;;;;;;;
864;-0,95305616;0,42600378;-0,04694384;1;-0,987031373;0,380256176;0,096701525;1;-0,440221924;0,573671229;1,201109619;1;;;;;;;;;;;;;
865;-0,779192428;0,307939677;-0,220807572;1;-1,227429934;0,345074299;0,363811038;1;-0,486740979;0,472684624;1,433704895;1;;;;;;;;;;;;;
866;-0,921377913;0,352176645;-0,078622087;1;-1,082488293;0,376229215;0,20276477;1;-1,163121867;0,634825012;4,815609333;1;;;;;;;;;;;;;
867;-1,180078918;0,39619699;0,180078918;1;-0,822341519;0,319451625;-0,086287202;1;0,28045368;0,485409357;-2,402268399;1;;;;;;;;;;;;;
868;-0,747205548;0,354822534;-0,252794452;1;-0,930911677;0,365449178;0,034346308;1;-1,133317432;0,572925725;4,66658716;1;;;;;;;;;;;;;
869;-1,007451658;0,352378586;0,007451658;1;-0,709572775;0,313568374;-0,211585805;1;-0,252707773;0,486773813;0,263538864;1;;;;;;;;;;;;;
870;-1,058947932;0,269784939;0,058947932;1;-0,797345963;0,281916326;-0,114060041;1;-0,163987923;0,39173102;-0,180060385;1;;;;;;;;;;;;;
871;-1,294022886;0,325185626;0,294022886;1;-0,568949662;0,278859097;-0,367833709;1;0,238100656;0,466541421;-2,190503279;1;;;;;;;;;;;;;
872;-0,595650486;0,336186988;-0,404349514;1;-1,34322077;0,377854672;0,492467523;1;-0,962427758;0,488629887;3,812138789;1;;;;;;;;;;;;;
873;-1,000494996;0,277177666;0,000494996;1;-1,094158985;0,309751329;0,215732206;1;-0,278847579;0,440423292;0,394237897;1;;;;;;;;;;;;;
874;-0,633689875;0,246139273;-0,366310125;1;-1,049377187;0,337636513;0,165974653;1;-0,770923909;0,450565436;2,854619546;1;;;;;;;;;;;;;
875;-0,838119419;0,253871903;-0,161880581;1;-1,119021124;0,338755235;0,243356804;1;-0,635499755;0,4183896;2,177498776;1;;;;;;;;;;;;;
876;-0,894567934;0,404240262;-0,105432066;1;-0,841947328;0,36249604;-0,064502969;1;-0,771132343;0,613912976;2,855661714;1;;;;;;;;;;;;;
877;-0,995929335;0,387012629;-0,004070665;1;-1,525255274;0,403906555;0,694728082;1;0,065526562;0,54268077;-1,327632811;1;;;;;;;;;;;;;
878;-1,12953914;0,34651956;0,12953914;1;-1,066053238;0,372153085;0,184503598;1;-1,075466723;0,604252688;4,377333617;1;;;;;;;;;;;;;
879;-1,78526121;0,390726995;0,78526121;0;-1,425313763;0,402344183;0,583681959;1;0,791930183;0,555352587;-4,959650915;1;;;;;;;;;;;;;
880;-0,832649157;0,277080713;-0,167350843;1;-1,146580082;0,339656622;0,273977869;1;-0,323320137;0,437610424;0,616600686;1;;;;;;;;;;;;;
881;-1,662315635;0,445058028;0,662315635;1;-0,478121003;0,33658801;-0,468754441;1;0,173759305;0,623172555;-1,868796526;1;;;;;;;;;;;;;
882;-0,781112737;0,306324206;-0,218887263;1;-0,569896823;0,324928749;-0,366781307;1;-0,9270518;0,521774803;3,635258998;1;;;;;;;;;;;;;
883;-1,192844804;0,306235416;0,192844804;1;-0,558974991;0,292326125;-0,378916677;1;-0,560455697;0,45477711;1,802278486;1;;;;;;;;;;;;;
884;-0,853926341;0,28612481;-0,146073659;1;-0,991138715;0,311768116;0,101265239;1;-0,234366511;0,397198911;0,171832554;1;;;;;;;;;;;;;
885;-1,745512575;0,398108857;0,745512575;1;-1,1136278;0,371297929;0,237364222;1;0,388368157;0,528877768;-2,941840787;1;;;;;;;;;;;;;
886;-1,752952338;0,509665297;0,752952338;1;-1,092700812;0,397260891;0,214112014;1;0,736073087;0,663003834;-4,680365437;1;;;;;;;;;;;;;
887;-0,947008259;0,402512583;-0,052991741;1;-0,843271188;0,349996537;-0,063032014;1;-0,507075415;0,58916412;1,535377077;1;;;;;;;;;;;;;
888;-1,054176245;0,307519898;0,054176245;1;-1,204599747;0,3384949;0,338444163;1;0,061126621;0,427172359;-1,305633107;1;;;;;;;;;;;;;
889;-1,585785766;0,395701479;0,585785766;1;-0,726714319;0,366031631;-0,192539646;1;-0,120585249;0,558719123;-0,397073756;1;;;;;;;;;;;;;
890;-1,161129554;0,31748673;0,161129554;1;-0,437936094;0,273842103;-0,51340434;1;-0,212584869;0,47733886;0,062924347;1;;;;;;;;;;;;;
891;-1,117753221;0,351347835;0,117753221;1;-1,804108034;0,48851466;1,004564483;1;-0,464187752;0,544012773;1,320938759;1;;;;;;;;;;;;;
892;-1,726968801;0,375336001;0,726968801;1;-0,670310146;0,337031921;-0,255210949;1;0,336621569;0,558999768;-2,683107844;1;;;;;;;;;;;;;
893;-1,139332989;0,470914502;0,139332989;1;-0,866056483;0,335762334;-0,037715019;1;0,278737924;0,58392492;-2,393689621;1;;;;;;;;;;;;;
894;-2,152312396;0,758274162;1,152312396;1;0,09802977;0,470393775;-1,108921967;0;1,019706021;0,743091203;-6,098530103;1;;;;;;;;;;;;;
895;-1,194778836;0,335369186;0,194778836;1;-0,773653539;0,309254545;-0,140384957;1;0,302633699;0,433555482;-2,513168496;1;;;;;;;;;;;;;
896;-0,204758163;0,464163954;-0,795241837;1;-1,365247234;0,36273768;0,516941371;1;-0,773235949;0,548818041;2,866179747;1;;;;;;;;;;;;;
897;-1,017438604;0,389047711;0,017438604;1;-0,545291497;0,318132521;-0,394120558;1;-0,281077435;0,522415693;0,405387177;1;;;;;;;;;;;;;
898;-1,018229175;0,33400035;0,018229175;1;-0,732748522;0,280628451;-0,185834976;1;0,263863641;0,489459101;-2,319318204;1;;;;;;;;;;;;;
899;-1,029203291;0,341934254;0,029203291;1;-0,941905782;0,325620796;0,04656198;1;-0,116085748;0,535370316;-0,41957126;1;;;;;;;;;;;;;
900;-1,089115559;0,548487011;0,089115559;1;-0,954991093;0,407656837;0,061101214;1;0,13321214;0,665244855;-1,6660607;1;;;;;;;;;;;;;
901;-0,82976666;0,381823948;-0,17023334;1;-1,082549574;0,384047489;0,202832859;1;-0,351707812;0,522322524;0,758539058;1;;;;;;;;;;;;;
902;-1,273032985;0,341622199;0,273032985;1;-1,86071206;0,420750196;1,067457845;0;-0,063232131;0,478834754;-0,683839344;1;;;;;;;;;;;;;
903;-0,907113517;0,391797302;-0,092886483;1;-0,963960427;0,35186861;0,071067141;1;-0,436551275;0,541518646;1,182756373;1;;;;;;;;;;;;;
904;-0,626105209;0,460777887;-0,373894791;1;-1,769822936;0,46979884;0,966469929;1;-0,872009151;0,605990291;3,360045753;1;;;;;;;;;;;;;
905;-0,899357477;0,360127541;-0,100642523;1;-0,764070793;0,334057967;-0,151032452;1;-1,013258207;0,538958151;4,066291034;1;;;;;;;;;;;;;
906;-0,926568742;0,382230259;-0,073431258;1;-0,880688334;0,372920306;-0,021457407;1;-0,721628978;0,560205371;2,608144892;1;;;;;;;;;;;;;
907;-1,504619316;0,390227062;0,504619316;1;-0,682517892;0,313658024;-0,241646787;1;0,351438577;0,519084814;-2,757192886;1;;;;;;;;;;;;;
908;-0,739759791;0,307666732;-0,260240209;1;-1,166079846;0,327667454;0,295644274;1;-0,897348936;0,489297261;3,486744679;1;;;;;;;;;;;;;
909;-0,581648389;0,285288503;-0,418351611;1;-1,482068756;0,331984986;0,646743062;1;0,041723436;0,376390492;-1,20861718;1;;;;;;;;;;;;;
910;-1,333327475;0,41467857;0,333327475;1;-0,666736378;0,375134857;-0,259181802;1;-0,528101844;0,705215076;1,64050922;1;;;;;;;;;;;;;
911;-1,403007764;0,43219517;0,403007764;1;-1,527980106;0,455069726;0,697755673;1;0,558872307;0,580862478;-3,794361537;1;;;;;;;;;;;;;
912;-0,898686308;0,3872168;-0,101313692;1;-0,841004818;0,314796123;-0,065550203;1;0,283657732;0,464380766;-2,418288658;1;;;;;;;;;;;;;
913;-0,660297451;0,281617519;-0,339702549;1;-1,233261873;0,306919443;0,37029097;1;-0,132282989;0,398383345;-0,338585054;1;;;;;;;;;;;;;
914;-1,768040711;0,44620232;0,768040711;1;-0,766662216;0,351178988;-0,148153093;1;0,52541424;0,555078981;-3,627071198;1;;;;;;;;;;;;;
915;-0,794127401;0,243808656;-0,205872599;1;-1,045529034;0,295696645;0,161698927;1;-0,085413062;0,352022227;-0,572934688;1;;;;;;;;;;;;;
916;-1,55135876;0,359912736;0,55135876;1;-1,101521056;0,351033047;0,223912285;1;0,376682441;0,511431829;-2,883412204;1;;;;;;;;;;;;;
917;-1,254208097;0,507969086;0,254208097;1;-0,664170974;0,379368531;-0,262032252;1;0,231749234;0,646696121;-2,15874617;1;;;;;;;;;;;;;
918;-0,921384278;0,332892029;-0,078615722;1;-1,161387969;0,358851761;0,290431077;1;-0,400135879;0,485071242;1,000679394;1;;;;;;;;;;;;;
919;-0,830043037;0,346047149;-0,169956963;1;-1,199217714;0,371738941;0,332464127;1;-0,459435941;0,524394636;1,297179705;1;;;;;;;;;;;;;
920;-0,982769703;0,431053175;-0,017230297;1;-0,931265576;0,386529794;0,034739529;1;-0,459154791;0,624957656;1,295773957;1;;;;;;;;;;;;;
921;-0,68039493;0,308824829;-0,31960507;1;-1,703112095;0,351917152;0,892346772;0;-0,122334563;0,42606014;-0,388327184;1;;;;;;;;;;;;;
922;-1,125714274;0,448244701;0,125714274;1;-1,106777742;0,422226606;0,229753046;1;-0,365905011;0,617236678;0,829525057;1;;;;;;;;;;;;;
923;-2,011917516;0,472819302;1,011917516;0;0,150598794;0,350139749;-1,167331993;0;0,185676428;0,591141924;-1,928382142;1;;;;;;;;;;;;;
924;-1,267016612;0,281424678;0,267016612;1;-0,813755164;0,294983692;-0,095827595;1;-0,059008747;0,411393886;-0,704956263;1;;;;;;;;;;;;;
925;-1,800076673;0,534664559;0,800076673;1;-0,609647823;0,417540592;-0,32261353;1;0,00947492;0,693216171;-1,047374598;1;;;;;;;;;;;;;
926;-1,680957118;0,346948247;0,680957118;0;-1,180467805;0,327884413;0,311630895;1;0,547366238;0,520483616;-3,736831192;1;;;;;;;;;;;;;
927;-0,68525556;0,328231612;-0,31474444;1;-1,174737756;0,36476968;0,305264173;1;-1,079301331;0,486960688;4,396506654;1;;;;;;;;;;;;;
928;-1,084224445;0,605175544;0,084224445;1;-1,778481523;0,535544706;0,976090581;1;0,11457287;0,68480285;-1,572864348;1;;;;;;;;;;;;;
929;-0,073685702;0,366177259;-0,926314298;0;-1,116131568;0,351324812;0,240146187;1;-1,663642206;0,533681699;7,318211031;0;;;;;;;;;;;;;
930;0,083901648;0,422884886;-1,083901648;0;-2,069593755;0,486766033;1,299548617;0;-1,510637272;0,541276044;6,553186358;0;;;;;;;;;;;;;
931;-0,914611942;0,589510186;-0,085388058;1;-1,366670049;0,485157806;0,518522276;1;-0,142420241;0,7038714;-0,287898794;1;;;;;;;;;;;;;
932;-0,60883316;0,28112057;-0,39116684;1;-0,224122396;0,255439431;-0,750975115;0;-1,013889258;0,439765367;4,069446292;1;;;;;;;;;;;;;
933;-1,312532727;0,390468671;0,312532727;1;-0,973624386;0,33129191;0,081804873;1;0,612039884;0,491374913;-4,060199419;1;;;;;;;;;;;;;
934;-1,804390697;0,493196484;0,804390697;1;-1,01520916;0,461733404;0,128010178;1;-0,235560967;0,697459266;0,177804834;1;;;;;;;;;;;;;
935;-0,609939798;0,353416989;-0,390060202;1;-1,253814881;0,377231442;0,393127646;1;0,018705142;0,464578005;-1,093525711;1;;;;;;;;;;;;;
936;-1,134167848;0,416664072;0,134167848;1;-1,494742793;0,443874057;0,660825325;1;0,346068776;0,51858719;-2,730343879;1;;;;;;;;;;;;;
937;-0,825706748;0,341891788;-0,174293252;1;-1,487144387;0,334396573;0,652382652;1;0,177681466;0,465446613;-1,888407331;1;;;;;;;;;;;;;
938;-0,825994252;0,36399505;-0,174005748;1;-1,400133146;0,397929264;0,555703496;1;-0,233070207;0,534513326;0,165351033;1;;;;;;;;;;;;;
939;-1,029926492;0,443374394;0,029926492;1;-1,367227534;0,427027363;0,519141704;1;-0,229174359;0,604785731;0,145871797;1;;;;;;;;;;;;;
940;-1,786255381;0,397481264;0,786255381;0;-0,425901149;0,311308405;-0,526776501;1;0,596440968;0,583229254;-3,982204839;1;;;;;;;;;;;;;
941;-1,508400643;0,472348141;0,508400643;1;-1,362247022;0,399884994;0,513607802;1;0,885914605;0,639190904;-5,429573023;1;;;;;;;;;;;;;
942;-0,641522968;0,384698775;-0,358477032;1;-1,130665121;0,334941585;0,256294578;1;-0,329309094;0,48611106;0,646545471;1;;;;;;;;;;;;;
943;-1,088231899;0,408807866;0,088231899;1;0,164330458;0,295410612;-1,182589398;0;-0,374215116;0,535515362;0,871075578;1;;;;;;;;;;;;;
944;-0,960700632;0,295547858;-0,039299368;1;-1,102888617;0,346400664;0,225431797;1;0,042550246;0,421056108;-1,212751232;1;;;;;;;;;;;;;
945;-0,558370068;0,325448135;-0,441629932;1;-0,976110183;0,334859985;0,08456687;1;-0,778581984;0,472814101;2,892909922;1;;;;;;;;;;;;;
946;-0,484070556;0,390400445;-0,515929444;1;-1,05988761;0,323321655;0,1776529;1;-0,526165171;0,533172834;1,630825857;1;;;;;;;;;;;;;
947;-1,237937061;0,349083057;0,237937061;1;-0,981597867;0,309152045;0,090664297;1;0,179070807;0,46814495;-1,895354035;1;;;;;;;;;;;;;
948;-1,190261999;0,4282346;0,190261999;1;-1,482726813;0,428405118;0,647474236;1;-0,264866862;0,641685592;0,324334312;1;;;;;;;;;;;;;
949;-1,404913325;0,398199223;0,404913325;1;-1,146323203;0,382174588;0,273692448;1;0,435060958;0,599955309;-3,175304788;1;;;;;;;;;;;;;
950;-0,367408131;0,426884692;-0,632591869;1;-1,07354367;0,364349985;0,1928263;1;-0,264117495;0,502760754;0,320587474;1;;;;;;;;;;;;;
951;-1,080181659;0,435404723;0,080181659;1;-0,940659798;0,36855847;0,045177553;1;-0,105013476;0,673029219;-0,474932618;1;;;;;;;;;;;;;
952;-0,850439345;0,311483105;-0,149560655;1;-0,908990982;0,32585019;0,00998998;1;-0,533531137;0,484133481;1,667655685;1;;;;;;;;;;;;;
953;-0,954559611;0,377201322;-0,045440389;1;-0,60598957;0,333060665;-0,326678255;1;-0,109668985;0,508882161;-0,451655075;1;;;;;;;;;;;;;
954;-0,763445914;0,451967551;-0,236554086;1;-0,374178613;0,331130026;-0,584245985;1;-0,508282539;0,56720286;1,541412694;1;;;;;;;;;;;;;
955;-0,765202573;0,363577754;-0,234797427;1;-0,570389041;0,295335418;-0,366234399;1;-0,135893338;0,491972395;-0,320533308;1;;;;;;;;;;;;;
956;-0,405095296;0,346564032;-0,594904704;1;-0,557612571;0,27844986;-0,380430477;1;-0,23519131;0,524219279;0,175956548;1;;;;;;;;;;;;;
957;-1,261276974;0,350773754;0,261276974;1;-0,817640922;0,327717578;-0,091510087;1;-0,216089358;0,486861952;0,080446788;1;;;;;;;;;;;;;
958;-0,70348984;0,404419002;-0,29651016;1;-0,629648938;0,354527434;-0,300390069;1;-0,682541498;0,616675306;2,412707491;1;;;;;;;;;;;;;
959;-0,80491807;0,357859981;-0,19508193;1;-1,237257713;0,361846571;0,374730793;1;-0,140933661;0,510460504;-0,295331694;1;;;;;;;;;;;;;
960;-0,936664511;0,334006586;-0,063335489;1;-1,242501302;0,364664017;0,380557002;1;-0,06067389;0,490473093;-0,696630548;1;;;;;;;;;;;;;
961;-0,615702793;0,398065008;-0,384297207;1;-1,333957104;0,345199283;0,48217456;1;-0,216758236;0,522907098;0,083791181;1;;;;;;;;;;;;;
962;-0,753393614;0,29821481;-0,246606386;1;-0,508092919;0,246579156;-0,435452312;1;0,031874287;0,435303285;-1,159371436;1;;;;;;;;;;;;;
963;-0,925330293;0,374569081;-0,074669707;1;-1,457188979;0,406343332;0,619098866;1;0,333046001;0,575635922;-2,665230006;1;;;;;;;;;;;;;
964;-1,401219963;0,454090582;0,401219963;1;-0,448022328;0,374308384;-0,502197413;1;-0,467056884;0,632782537;1,335284421;1;;;;;;;;;;;;;
965;-1,257809254;0,434403288;0,257809254;1;-1,147541033;0,421291372;0,275045592;1;-0,126214335;0,587562868;-0,368928327;1;;;;;;;;;;;;;
966;-0,965863508;0,255241955;-0,034136492;1;-1,166527915;0,359471143;0,296142128;1;-0,921225182;0,439538897;3,60612591;1;;;;;;;;;;;;;
967;-0,9117417;0,36422734;-0,0882583;1;-0,904106274;0,336550102;0,004562526;1;-0,024626729;0,504887635;-0,876866355;1;;;;;;;;;;;;;
968;-0,704690647;0,338897254;-0,295309353;1;-1,569684027;0,445078315;0,744093364;1;-0,756920131;0,557458336;2,784600656;1;;;;;;;;;;;;;
969;-1,432501297;0,469058049;0,432501297;1;-0,506077236;0,31228375;-0,43769196;1;0,962169972;0,562244848;-5,810849859;0;;;;;;;;;;;;;
970;-0,978514362;0,28870277;-0,021485638;1;-1,159388428;0,363636967;0,288209365;1;-0,294486816;0,496927403;0,472434078;1;;;;;;;;;;;;;
971;-1,527052497;0,419517715;0,527052497;1;-0,6980519;0,316540327;-0,224386778;1;0,419672461;0,536515631;-3,098362307;1;;;;;;;;;;;;;
972;-0,765569359;0,399388623;-0,234430641;1;-0,541323642;0,299364041;-0,398529286;1;0,072032142;0,503049258;-1,360160711;1;;;;;;;;;;;;;
973;-0,796352342;0,285976858;-0,203647658;1;-1,30536175;0,34595659;0,450401944;1;-0,724185923;0,452211356;2,620929615;1;;;;;;;;;;;;;
974;-0,617366771;0,332177011;-0,382633229;1;-0,36999753;0,286724167;-0,588891634;1;-0,953967776;0,533098636;3,769838879;1;;;;;;;;;;;;;
975;-0,681063639;0,576046144;-0,318936361;1;-1,280162665;0,438574098;0,422402961;1;-0,336139947;0,704137807;0,680699736;1;;;;;;;;;;;;;
976;-0,497531285;0,411026433;-0,502468715;1;-0,894946923;0,271352814;-0,00561453;1;0,336474136;0,415765981;-2,68237068;1;;;;;;;;;;;;;
977;-0,717640157;0,314672017;-0,282359843;1;-1,646385785;0,412277266;0,829317539;1;-0,457155454;0,441640849;1,285777272;1;;;;;;;;;;;;;
978;-0,208604197;0,581260029;-0,791395803;1;-1,40936819;0,358562488;0,565964655;1;-0,211040573;0,557359289;0,055202864;1;;;;;;;;;;;;;
979;-1,122456995;0,384853755;0,122456995;1;-0,541116866;0,323322648;-0,398759037;1;-0,046632831;0,540438874;-0,766835846;1;;;;;;;;;;;;;
980;-0,501246613;0,371737117;-0,498753387;1;-1,313468331;0,393979582;0,459409256;1;-0,505810945;0,659339625;1,529054725;1;;;;;;;;;;;;;
981;-0,494848251;0,40097386;-0,505151749;1;-0,765539803;0,287474865;-0,149400219;1;-0,218917865;0,466032453;0,094589327;1;;;;;;;;;;;;;
982;-1,321566785;0,400335219;0,321566785;1;-0,550555909;0,341547384;-0,388271213;1;-0,81407393;0,590755692;3,07036965;1;;;;;;;;;;;;;
983;-1,108614026;0,457692863;0,108614026;1;-1,923066869;0,505839859;1,136740966;0;-0,281754324;0,576492676;0,408771619;1;;;;;;;;;;;;;
984;-0,714110988;0,286571531;-0,285889012;1;-1,414387748;0,36169394;0,571541942;1;-0,484403956;0,408014661;1,422019779;1;;;;;;;;;;;;;
985;-1,269907631;0,407158876;0,269907631;1;-1,284110365;0,357480157;0,426789295;1;0,292745039;0,551175531;-2,463725194;1;;;;;;;;;;;;;
986;-1,605471709;0,43815148;0,605471709;1;-0,678334077;0,337157671;-0,246295469;1;0,322757816;0,590192961;-2,61378908;1;;;;;;;;;;;;;
987;-1,438348206;0,336925155;0,438348206;1;-0,548603274;0,33177787;-0,390440806;1;-1,006523375;0,563584481;4,032616873;1;;;;;;;;;;;;;
988;-1,128831293;0,395897893;0,128831293;1;-1,352172992;0,362725828;0,502414436;1;-0,083418953;0,513294217;-0,582905236;1;;;;;;;;;;;;;
989;-1,02786498;0,385212614;0,02786498;1;-1,66309636;0,388921095;0,847884845;0;0,482426786;0,490627472;-3,412133932;1;;;;;;;;;;;;;
990;-1,126636685;0,437423348;0,126636685;1;-0,621224651;0,338819704;-0,309750387;1;1,246003369;0,611239541;-7,230016845;0;;;;;;;;;;;;;
991;-0,693087495;0,292020938;-0,306912505;1;-0,752870724;0,324581511;-0,163476973;1;-1,247655648;0,497067296;5,238278238;0;;;;;;;;;;;;;
992;-1,027280491;0,290384639;0,027280491;1;-0,488375452;0,253307529;-0,457360609;1;0,139559591;0,365489044;-1,697797956;1;;;;;;;;;;;;;
993;-1,032774569;0,394141733;0,032774569;1;-0,560804061;0,330854317;-0,376884377;1;-0,530065314;0,555564999;1,650326572;1;;;;;;;;;;;;;
994;-0,581128433;0,309144066;-0,418871567;1;-1,144918199;0,317163566;0,272131332;1;-0,24122551;0,45782481;0,206127549;1;;;;;;;;;;;;;
995;-1,623990924;0,421116984;0,623990924;1;-0,483012102;0,319244039;-0,463319887;1;0,43093035;0,545882086;-3,15465175;1;;;;;;;;;;;;;
996;-1,011226394;0,313755648;0,011226394;1;-0,902471389;0,302153603;0,002745988;1;-0,106870537;0,415484955;-0,465647316;1;;;;;;;;;;;;;
997;-0,513516945;0,41902796;-0,486483055;1;-1,432173215;0,410288264;0,591303572;1;-0,680109403;0,527324126;2,400547013;1;;;;;;;;;;;;;
998;-0,392045259;0,376144596;-0,607954741;1;-0,781371275;0,346786003;-0,131809695;1;-1,452347975;0,57302357;6,261739875;0;;;;;;;;;;;;;
999;-1,370003832;0,312776505;0,370003832;1;-0,667878308;0,330050913;-0,257912991;1;-0,428065297;0,49655039;1,140326485;1;;;;;;;;;;;;;
1000;-1,401378259;0,453411474;0,401378259;1;-0,783091761;0,375515313;-0,129898044;1;0,143331584;0,577365411;-1,716657918;1;;;;;;;;;;;;;
