;mean;se;bias;cp;mean;se;bias;cp;mean;se;bias;cp;;mean;sd;bias;cp;mean;sd;bias;cp;mean;sd;bias;cp
1;-1,269544118;0,277157929;0,269544118;1;-0,803296543;0,256534079;-0,107448285;1;-0,257439832;0,400796739;0,28719916;1;;-1,040161227;0,281253316;0,040161227;0,942;-0,914709082;0,273591557;0,016343425;0,944;-0,173878432;0,407998506;-0,130607839;0,942
2;-1,574026666;0,42446517;0,574026666;1;-1,224728697;0,38007971;0,360809663;1;-0,160252697;0,575053231;-0,198736517;1;;;;;;;;;;;;;
3;-0,609829271;0,279958628;-0,390170729;1;-0,911205723;0,253079947;0,012450804;1;-0,380804459;0,404855718;0,904022295;1;;;;;;;;;;;;;
4;-1,352643652;0,313821914;0,352643652;1;-1,09200631;0,291165573;0,213340344;1;0,134554388;0,434747489;-1,672771942;1;;;;;;;;;;;;;
5;-0,548584313;0,325367606;-0,451415687;1;-0,719918037;0,267426293;-0,20009107;1;-0,707713354;0,460872068;2,538566769;1;;;;;;;;;;;;;
6;-1,116850768;0,263402569;0,116850768;1;-1,199602043;0,286601357;0,332891159;1;-0,620163858;0,382804657;2,10081929;1;;;;;;;;;;;;;
7;-0,550777584;0,259719341;-0,449222416;1;-0,955679649;0,246419661;0,061866276;1;-0,608864562;0,39679414;2,04432281;1;;;;;;;;;;;;;
8;-1,237777151;0,295650577;0,237777151;1;-1,342884016;0,311044221;0,492093351;1;-0,326174946;0,424779036;0,63087473;1;;;;;;;;;;;;;
9;-1,298753916;0,293588994;0,298753916;1;-1,255491192;0,294596072;0,394990213;1;0,362493575;0,395681632;-2,812467874;1;;;;;;;;;;;;;
10;-0,739110221;0,260137308;-0,260889779;1;-1,231767575;0,274476344;0,368630639;1;-0,251218165;0,374298988;0,256090826;1;;;;;;;;;;;;;
11;-1,234045642;0,226368871;0,234045642;1;-0,695085468;0,197859723;-0,227682813;1;0,363878519;0,283645876;-2,819392597;0;;;;;;;;;;;;;
12;-1,213046675;0,244401709;0,213046675;1;-0,844197368;0,218746255;-0,062002925;1;0,310764126;0,317425203;-2,553820632;1;;;;;;;;;;;;;
13;-1,173196667;0,200557218;0,173196667;1;-0,895402224;0,206257556;-0,00510864;1;0,208532543;0,284344127;-2,042662714;1;;;;;;;;;;;;;
14;-0,843771826;0,293853301;-0,156228174;1;-0,829168788;0,255991235;-0,078701347;1;-0,457151158;0,399826417;1,285755792;1;;;;;;;;;;;;;
15;-1,361661114;0,276992679;0,361661114;1;-1,565911378;0,323768043;0,739901531;0;-0,023111251;0,402328882;-0,884443747;1;;;;;;;;;;;;;
16;-1,626701429;0,371252388;0,626701429;1;-0,590037704;0,256611453;-0,344402551;1;0,725168084;0,465095203;-4,625840419;0;;;;;;;;;;;;;
17;-1,232075764;0,28106866;0,232075764;1;-0,798972021;0,268215322;-0,11225331;1;-0,161668023;0,393092009;-0,191659885;1;;;;;;;;;;;;;
18;-0,294915418;0,346430936;-0,705084582;0;-0,678319148;0,264120056;-0,246312058;1;-0,658223406;0,438753894;2,291117028;1;;;;;;;;;;;;;
19;-0,697620063;0,293623391;-0,302379937;1;-0,681745346;0,253758878;-0,242505171;1;-0,584479008;0,410034272;1,922395042;1;;;;;;;;;;;;;
20;-1,33773135;0,290730003;0,33773135;1;-0,642547579;0,229219368;-0,286058246;1;0,602387288;0,365729499;-4,011936438;0;;;;;;;;;;;;;
21;-1,422212976;0,316697366;0,422212976;1;-0,579866732;0,261428282;-0,355703631;1;0,055387623;0,425547061;-1,276938114;1;;;;;;;;;;;;;
22;-1,089929715;0,254146222;0,089929715;1;-1,063876485;0,276776251;0,182084983;1;-0,553381487;0,416112969;1,766907435;1;;;;;;;;;;;;;
23;-0,922182723;0,34714482;-0,077817277;1;-1,366848295;0,324774423;0,518720328;1;-0,221824331;0,484067951;0,109121657;1;;;;;;;;;;;;;
24;-1,16673092;0,277179438;0,16673092;1;-0,763297499;0,249211482;-0,151891668;1;-0,139015621;0,386695292;-0,304921893;1;;;;;;;;;;;;;
25;-1,377761521;0,269945275;0,377761521;1;-1,380922875;0,285644902;0,534358749;1;0,384569099;0,374757417;-2,922845497;1;;;;;;;;;;;;;
26;-0,749986596;0,221273063;-0,250013404;1;-1,506678434;0,300759355;0,674087149;0;-0,562798991;0,368862447;1,813994954;1;;;;;;;;;;;;;
27;-1,801343458;0,327616464;0,801343458;0;-1,19085447;0,302433835;0,323171634;1;0,461194384;0,453332538;-3,30597192;1;;;;;;;;;;;;;
28;-1,331357566;0,363265161;0,331357566;1;-0,963898544;0,286655595;0,070998382;1;0,279167626;0,45493712;-2,395838132;1;;;;;;;;;;;;;
29;-1,244746739;0,308144886;0,244746739;1;-1,03627055;0,27589396;0,151411722;1;0,213194419;0,391195531;-2,065972097;1;;;;;;;;;;;;;
30;-1,136523203;0,282060242;0,136523203;1;-0,793205832;0,272208119;-0,118660187;1;-0,391948089;0,427328659;0,959740445;1;;;;;;;;;;;;;
31;-0,877737748;0,240939008;-0,122262252;1;-0,805803437;0,233137554;-0,104662848;1;-0,22042325;0,352556786;0,102116251;1;;;;;;;;;;;;;
32;-0,908775938;0,211828405;-0,091224062;1;-1,266857225;0,260056742;0,407619139;1;-0,646694595;0,355923352;2,233472975;1;;;;;;;;;;;;;
33;-1,332820433;0,272998122;0,332820433;1;-0,904605016;0,252967316;0,005116684;1;0,132159527;0,375435441;-1,660797635;1;;;;;;;;;;;;;
34;-1,209801493;0,286084234;0,209801493;1;-0,608097327;0,229476439;-0,324336304;1;0,328296362;0,3766229;-2,641481812;1;;;;;;;;;;;;;
35;-1,098540087;0,225558081;0,098540087;1;-0,799414006;0,249800026;-0,111762216;1;-0,611162979;0,380121418;2,055814896;1;;;;;;;;;;;;;
36;-0,823810547;0,20120988;-0,176189453;1;-0,52927516;0,204531305;-0,411916489;1;-0,832575013;0,331296289;3,162875064;1;;;;;;;;;;;;;
37;-1,325680959;0,23298228;0,325680959;1;-1,145722376;0,246091788;0,273024862;1;0,311862948;0,338380773;-2,559314741;1;;;;;;;;;;;;;
38;-0,751428709;0,318345783;-0,248571291;1;-0,808396777;0,300915577;-0,101781359;1;-0,925114893;0,502736365;3,625574467;1;;;;;;;;;;;;;
39;-0,918658771;0,285663904;-0,081341229;1;-0,502769413;0,256951378;-0,441367319;1;-0,655321075;0,43080601;2,276605375;1;;;;;;;;;;;;;
40;-1,088200466;0,283985688;0,088200466;1;-0,884866585;0,287602638;-0,016814905;1;0,042332837;0,411394979;-1,211664186;1;;;;;;;;;;;;;
41;-1,011393482;0,320384149;0,011393482;1;-1,145031718;0,323648376;0,272257464;1;-0,582662502;0,4950644;1,913312509;1;;;;;;;;;;;;;
42;-0,365540769;0,3120117;-0,634459231;0;-1,678328893;0,350386267;0,864809881;0;-0,39329276;0,459384938;0,966463802;1;;;;;;;;;;;;;
43;-1,173733744;0,295614042;0,173733744;1;-1,578827328;0,333045055;0,754252586;0;0,157296069;0,378346238;-1,786480346;1;;;;;;;;;;;;;
44;-0,472673043;0,252656137;-0,527326957;0;-0,935419179;0,254196666;0,039354644;1;-0,919831341;0,387366607;3,599156703;1;;;;;;;;;;;;;
45;-1,308173198;0,245534239;0,308173198;1;-0,897428576;0,228351166;-0,002857138;1;0,501480497;0,353507534;-3,507402485;0;;;;;;;;;;;;;
46;-1,233425379;0,328085377;0,233425379;1;-1,050737709;0,338940881;0,167486344;1;-0,368721849;0,489135316;0,843609244;1;;;;;;;;;;;;;
47;-1,0138729;0,293668657;0,0138729;1;-0,771308347;0,260348441;-0,142990725;1;-0,077766803;0,41661082;-0,611165987;1;;;;;;;;;;;;;
48;-1,236889497;0,250406921;0,236889497;1;-0,974659887;0,26592884;0,08295543;1;-0,212826937;0,347033407;0,064134686;1;;;;;;;;;;;;;
49;-1,499466873;0,293897583;0,499466873;1;-1,198173826;0,293092582;0,331304252;1;0,441024596;0,388451324;-3,205122979;1;;;;;;;;;;;;;
50;-1,108353663;0,233822911;0,108353663;1;-0,88250811;0,237375398;-0,019435433;1;-0,17578954;0,348216979;-0,121052302;1;;;;;;;;;;;;;
51;-1,186472405;0,251322801;0,186472405;1;-0,978469694;0,234160295;0,087188549;1;0,577327874;0,297757469;-3,886639368;0;;;;;;;;;;;;;
52;-1,237262658;0,25509662;0,237262658;1;-0,823337707;0,228281208;-0,085180326;1;0,44302375;0,327329989;-3,215118751;0;;;;;;;;;;;;;
53;-1,576680839;0,291881244;0,576680839;0;-0,958415999;0,265997581;0,064906666;1;0,703836626;0,367650491;-4,519183132;0;;;;;;;;;;;;;
54;-1,050108307;0,246873527;0,050108307;1;-0,774563825;0,244672273;-0,139373528;1;-0,594679814;0,376792552;1,973399071;1;;;;;;;;;;;;;
55;-1,04554271;0,255067076;0,04554271;1;-0,690652534;0,230699196;-0,232608296;1;-0,250568998;0,380941354;0,252844988;1;;;;;;;;;;;;;
56;-1,508001644;0,324025732;0,508001644;1;-0,873347681;0,259308104;-0,029613688;1;0,725126517;0,413407305;-4,625632586;0;;;;;;;;;;;;;
57;-0,896181018;0,242147891;-0,103818982;1;-1,175302048;0,257362929;0,305891165;1;-0,253245937;0,345981848;0,266229687;1;;;;;;;;;;;;;
58;-1,192215759;0,261920933;0,192215759;1;-0,650449155;0,243713855;-0,277278716;1;-0,162377727;0,373049946;-0,188111367;1;;;;;;;;;;;;;
59;-1,315990842;0,277240117;0,315990842;1;-1,486213245;0,312954632;0,65134805;1;-0,001046769;0,406559924;-0,994766157;1;;;;;;;;;;;;;
60;-1,695779148;0,324107862;0,695779148;0;-0,951339807;0,280683643;0,05704423;1;0,155543644;0,459384611;-1,777718221;1;;;;;;;;;;;;;
61;-0,885223409;0,272771012;-0,114776591;1;-0,686934979;0,240816081;-0,236738912;1;-0,337367433;0,398052327;0,686837166;1;;;;;;;;;;;;;
62;-0,866397872;0,286980209;-0,133602128;1;-1,219507683;0,274444064;0,355008537;1;-0,383432126;0,399035453;0,917160632;1;;;;;;;;;;;;;
63;-1,319669599;0,261247918;0,319669599;1;-0,871562794;0,244925748;-0,031596895;1;0,15155169;0,35637741;-1,757758451;1;;;;;;;;;;;;;
64;-1,292031848;0,332274037;0,292031848;1;-0,816808205;0,312704115;-0,092435328;1;-0,608405248;0,496288557;2,042026238;1;;;;;;;;;;;;;
65;-1,173228506;0,264785995;0,173228506;1;-0,595358156;0,226597179;-0,338490938;1;0,17620605;0,359414409;-1,881030248;1;;;;;;;;;;;;;
66;-1,088867371;0,255922565;0,088867371;1;-1,006071886;0,28336939;0,117857651;1;-0,295934917;0,383762351;0,479674585;1;;;;;;;;;;;;;
67;-0,550331449;0,30791608;-0,449668551;1;-1,362098086;0,323425442;0,513442318;1;-1,495780578;0,454394375;6,47890289;0;;;;;;;;;;;;;
68;-1,080111326;0,259737648;0,080111326;1;-1,016079771;0,252671898;0,128977524;1;-0,58913933;0,409260958;1,94569665;1;;;;;;;;;;;;;
69;-0,605451702;0,285675766;-0,394548298;1;-1,39820356;0,288169243;0,553559511;1;-0,604358228;0,412455425;2,021791142;1;;;;;;;;;;;;;
70;-1,248125557;0,295930672;0,248125557;1;-1,071527524;0,291753545;0,190586138;1;-0,069453888;0,407694551;-0,652730558;1;;;;;;;;;;;;;
71;-0,574800667;0,327856697;-0,425199333;1;-0,707205729;0,240616239;-0,214215857;1;-0,425191186;0,373920858;1,125955932;1;;;;;;;;;;;;;
72;-1,368427183;0,320798557;0,368427183;1;-0,921485194;0,284763717;0,023872438;1;-0,15719561;0,469830161;-0,214021951;1;;;;;;;;;;;;;
73;-1,175904139;0,265653019;0,175904139;1;-0,650464797;0,245681414;-0,277261337;1;-0,401816792;0,391013572;1,009083958;1;;;;;;;;;;;;;
74;-0,953628896;0,271210899;-0,046371104;1;-0,980206905;0,284018243;0,089118783;1;-0,208899933;0,382137529;0,044499664;1;;;;;;;;;;;;;
75;-0,980197434;0,246046912;-0,019802566;1;-0,495600516;0,222425586;-0,44933276;1;-0,352384169;0,3638607;0,761920844;1;;;;;;;;;;;;;
76;-0,751769683;0,305434538;-0,248230317;1;-0,891996176;0,271328478;-0,008893138;1;-0,705237506;0,448278876;2,526187532;1;;;;;;;;;;;;;
77;-1,058313694;0,331345572;0,058313694;1;-1,051211849;0,284166789;0,168013165;1;-0,499436716;0,450751195;1,497183581;1;;;;;;;;;;;;;
78;-1,117168546;0,244215434;0,117168546;1;-1,380871612;0,29551098;0,534301791;1;-0,518227061;0,388281347;1,591135304;1;;;;;;;;;;;;;
79;-0,994806023;0,25006581;-0,005193977;1;-0,976932974;0,247285157;0,085481082;1;-0,092186906;0,366638761;-0,539065471;1;;;;;;;;;;;;;
80;-0,889695606;0,285079645;-0,110304394;1;-1,147472495;0,267391305;0,274969439;1;-0,253429053;0,419686972;0,267145263;1;;;;;;;;;;;;;
81;-0,865538537;0,242598045;-0,134461463;1;-0,584204858;0,230585383;-0,350883491;1;-0,652786533;0,40002113;2,263932663;1;;;;;;;;;;;;;
82;-0,882618475;0,261071813;-0,117381525;1;-1,040843045;0,268910578;0,156492272;1;-0,322033657;0,397701108;0,610168284;1;;;;;;;;;;;;;
83;-1,427031085;0,275988513;0,427031085;1;-1,099318905;0,2541901;0,22146545;1;0,774360361;0,337704936;-4,871801807;0;;;;;;;;;;;;;
84;-0,906987924;0,285408236;-0,093012076;1;-1,015681083;0,264485935;0,128534537;1;-0,078615661;0,442515135;-0,606921693;1;;;;;;;;;;;;;
85;-1,731193021;0,314894046;0,731193021;0;-1,144856595;0,302158023;0,272062884;1;0,187468814;0,447871351;-1,93734407;1;;;;;;;;;;;;;
86;-1,197765348;0,238324648;0,197765348;1;-1,12005248;0,274951267;0,244502755;1;-0,428985511;0,375011616;1,144927555;1;;;;;;;;;;;;;
87;-0,968556811;0,23210211;-0,031443189;1;-0,815698767;0,244003673;-0,093668037;1;-0,378175278;0,362630814;0,89087639;1;;;;;;;;;;;;;
88;-0,942213554;0,261944293;-0,057786446;1;-0,751480129;0,239414147;-0,165022078;1;-0,26451291;0,380716126;0,322564549;1;;;;;;;;;;;;;
89;-0,937462301;0,242102835;-0,062537699;1;-1,038956909;0,246944915;0,154396566;1;0,102220102;0,332335956;-1,511100509;1;;;;;;;;;;;;;
90;-0,908452262;0,219516457;-0,091547738;1;-0,558299527;0,206037288;-0,379667192;1;-0,270968562;0,311975845;0,354842809;1;;;;;;;;;;;;;
91;-1,04144375;0,228963375;0,04144375;1;-0,786059892;0,242642012;-0,12660012;1;-0,230178221;0,343214093;0,150891104;1;;;;;;;;;;;;;
92;-1,016091783;0,357867731;0,016091783;1;-0,97830346;0,285876242;0,087003845;1;-0,099629327;0,455768466;-0,501853366;1;;;;;;;;;;;;;
93;-0,937391761;0,225598115;-0,062608239;1;-0,383525185;0,20719614;-0,573860906;0;-0,768888524;0,341770526;2,844442618;1;;;;;;;;;;;;;
94;-0,911524042;0,322820354;-0,088475958;1;-0,877212199;0,296897991;-0,025319779;1;-0,640558312;0,461913844;2,202791562;1;;;;;;;;;;;;;
95;-0,827315977;0,251854743;-0,172684023;1;-1,004976869;0,251068533;0,116640966;1;-0,317731979;0,361760188;0,588659896;1;;;;;;;;;;;;;
96;-1,273608311;0,309937289;0,273608311;1;-1,011127123;0,269729001;0,123474581;1;0,33177169;0,414779112;-2,658858452;1;;;;;;;;;;;;;
97;-1,480333366;0,317984214;0,480333366;1;-0,992923014;0,289354346;0,103247793;1;0,223217521;0,426683344;-2,116087607;1;;;;;;;;;;;;;
98;-0,897021183;0,276926796;-0,102978817;1;-0,693414202;0,240532085;-0,229539775;1;-0,228046181;0,382212651;0,140230907;1;;;;;;;;;;;;;
99;-0,651481489;0,274552226;-0,348518511;1;-1,313212678;0,294231922;0,459125198;1;-0,726160992;0,423065308;2,630804959;1;;;;;;;;;;;;;
100;-0,964184646;0,239356038;-0,035815354;1;-0,712945236;0,231569334;-0,207838627;1;-0,354456629;0,370647063;0,772283147;1;;;;;;;;;;;;;
101;-1,142580985;0,304983982;0,142580985;1;-0,433103904;0,233894112;-0,51877344;0;-0,094469997;0,39185315;-0,527650013;1;;;;;;;;;;;;;
102;-1,089981819;0,29133272;0,089981819;1;-1,018301248;0,263501379;0,131445831;1;0,250628384;0,381060866;-2,25314192;1;;;;;;;;;;;;;
103;-1,265950723;0,348286997;0,265950723;1;-0,608481396;0,256208393;-0,32390956;1;0,703488767;0,443202425;-4,517443836;0;;;;;;;;;;;;;
104;-0,79146788;0,252266423;-0,20853212;1;-0,892757469;0,243742628;-0,008047256;1;-0,439443468;0,381913705;1,197217341;1;;;;;;;;;;;;;
105;-1,028214902;0,246323983;0,028214902;1;-0,927399043;0,245128985;0,030443381;1;0,015688019;0,329252236;-1,078440093;1;;;;;;;;;;;;;
106;-1,042924443;0,239936098;0,042924443;1;-0,719796514;0,23473853;-0,200226096;1;-0,355844416;0,368267435;0,77922208;1;;;;;;;;;;;;;
107;-1,184303191;0,292324551;0,184303191;1;-0,863306494;0,235823482;-0,040770563;1;0,190083723;0,389325426;-1,950418616;1;;;;;;;;;;;;;
108;-0,495965745;0,237110857;-0,504034255;0;-0,890661517;0,2138852;-0,010376092;1;-0,116011655;0,307308078;-0,419941726;1;;;;;;;;;;;;;
109;-0,909543991;0,271534372;-0,090456009;1;-0,911976804;0,261348882;0,013307559;1;-0,667652761;0,392861239;2,338263804;1;;;;;;;;;;;;;
110;-1,194743961;0,276320044;0,194743961;1;-1,036499912;0,290555957;0,151666569;1;-0,128006658;0,385269192;-0,35996671;1;;;;;;;;;;;;;
111;-0,652899155;0,228309805;-0,347100845;1;-0,696580236;0,223158833;-0,22602196;1;-0,829564408;0,338262763;3,14782204;1;;;;;;;;;;;;;
112;-1,222575058;0,256856097;0,222575058;1;-1,565289229;0,305870196;0,739210254;0;-0,144685313;0,379433473;-0,276573437;1;;;;;;;;;;;;;
113;-0,938025928;0,237961061;-0,061974072;1;-1,124767278;0,266831299;0,24974142;1;-0,589865287;0,385039434;1,949326436;1;;;;;;;;;;;;;
114;-1,525237833;0,27462211;0,525237833;1;-0,634323224;0,259074473;-0,295196417;1;0,024823028;0,41388258;-1,124115139;1;;;;;;;;;;;;;
115;-0,899516642;0,311439958;-0,100483358;1;-1,5549081;0,310223025;0,727675667;0;0,254161862;0,408364635;-2,270809312;1;;;;;;;;;;;;;
116;-0,692840949;0,262397328;-0,307159051;1;-1,397012484;0,285105369;0,552236094;1;-0,882359788;0,391127386;3,411798938;1;;;;;;;;;;;;;
117;-0,98530991;0,311169303;-0,01469009;1;-1,182562641;0,28513214;0,31395849;1;-0,159842246;0,411827462;-0,20078877;1;;;;;;;;;;;;;
118;-1,014377176;0,233031898;0,014377176;1;-1,165138327;0,261590966;0,294598141;1;-0,098835668;0,331926505;-0,505821661;1;;;;;;;;;;;;;
119;-1,43094468;0,331875571;0,43094468;1;-0,847898175;0,279055201;-0,057890917;1;0,39273873;0,455822089;-2,963693651;1;;;;;;;;;;;;;
120;-0,922099651;0,225515532;-0,077900349;1;-0,965739162;0,244917842;0,073043513;1;-0,714889909;0,358193523;2,574449544;1;;;;;;;;;;;;;
121;-0,750228684;0,225803288;-0,249771316;1;-0,526480384;0,233161634;-0,415021795;1;-0,866337812;0,384088443;3,331689061;1;;;;;;;;;;;;;
122;-1,098798755;0,227403902;0,098798755;1;-0,914096182;0,244723166;0,015662425;1;-0,041842058;0,340361299;-0,790789712;1;;;;;;;;;;;;;
123;-1,254375789;0,289628993;0,254375789;1;-1,024841712;0,254996581;0,138713013;1;0,313957759;0,374540718;-2,569788797;1;;;;;;;;;;;;;
124;-1,070101045;0,276661726;0,070101045;1;-0,668227053;0,265015097;-0,257525497;1;-0,447286854;0,389207083;1,236434271;1;;;;;;;;;;;;;
125;-1,258013708;0,284270504;0,258013708;1;-0,443751023;0,215870149;-0,506943308;0;0,532642677;0,384149002;-3,663213386;1;;;;;;;;;;;;;
126;-1,126099662;0,265504714;0,126099662;1;-1,027922316;0,28157663;0,142135906;1;-0,601142836;0,394027666;2,005714182;1;;;;;;;;;;;;;
127;-0,704714925;0,242394678;-0,295285075;1;-0,898627293;0,240184897;-0,00152523;1;-0,274278017;0,3567155;0,371390087;1;;;;;;;;;;;;;
128;-1,375240501;0,281182297;0,375240501;1;-0,816664402;0,239275438;-0,092595108;1;-0,036980521;0,375494736;-0,815097394;1;;;;;;;;;;;;;
129;-0,590950523;0,290030681;-0,409049477;1;-0,764982167;0,263890942;-0,150019815;1;-0,333055851;0,446260348;0,665279256;1;;;;;;;;;;;;;
130;-0,758237054;0,250891141;-0,241762946;1;-0,737759653;0,242167652;-0,180267052;1;-0,854569803;0,405334748;3,272849017;1;;;;;;;;;;;;;
131;-0,877292886;0,269777716;-0,122707114;1;-0,721163228;0,246568176;-0,198707525;1;-0,347188571;0,38898119;0,735942853;1;;;;;;;;;;;;;
132;-0,93113742;0,275506353;-0,06886258;1;-1,271579931;0,311701619;0,41286659;1;-0,44171817;0,431101684;1,208590851;1;;;;;;;;;;;;;
133;-1,30641774;0,242952771;0,30641774;1;-1,047594763;0,249245692;0,163994181;1;-0,033882942;0,342411171;-0,830585292;1;;;;;;;;;;;;;
134;-0,782051298;0,266134995;-0,217948702;1;-0,918198204;0,246383037;0,020220227;1;-0,374462556;0,377515619;0,87231278;1;;;;;;;;;;;;;
135;-0,920994118;0,273383915;-0,079005882;1;-0,943000546;0,286109308;0,047778384;1;-0,742921678;0,437656913;2,714608388;1;;;;;;;;;;;;;
136;-0,96164698;0,263511454;-0,03835302;1;-0,713334739;0,261533539;-0,207405846;1;-0,434040975;0,418496765;1,170204873;1;;;;;;;;;;;;;
137;-1,082855723;0,249248434;0,082855723;1;-0,655828167;0,222230921;-0,271302036;1;-0,254135713;0,352320681;0,270678564;1;;;;;;;;;;;;;
138;-0,772711922;0,304412296;-0,227288078;1;-0,97863188;0,242518844;0,087368756;1;0,070873026;0,370933151;-1,354365129;1;;;;;;;;;;;;;
139;-0,991269199;0,221660921;-0,008730801;1;-0,641696366;0,21275029;-0,287004038;1;-0,807050857;0,358319023;3,035254284;1;;;;;;;;;;;;;
140;-1,682083391;0,324721825;0,682083391;0;-0,845965293;0,282597525;-0,060038563;1;0,334151127;0,458026032;-2,670755633;1;;;;;;;;;;;;;
141;-0,890995895;0,232433586;-0,109004105;1;-1,183890033;0,264113991;0,31543337;1;-0,115246605;0,307601873;-0,423766976;1;;;;;;;;;;;;;
142;-0,913143288;0,241979502;-0,086856712;1;-0,788969023;0,230909194;-0,123367752;1;-0,492515964;0,362654201;1,462579821;1;;;;;;;;;;;;;
143;-0,996529831;0,232491416;-0,003470169;1;-0,606143088;0,216569568;-0,32650768;1;-0,273262513;0,344787231;0,366312566;1;;;;;;;;;;;;;
144;-0,487316862;0,238665655;-0,512683138;0;-1,366955008;0,257029878;0,518838898;1;-0,368254044;0,329821951;0,841270219;1;;;;;;;;;;;;;
145;-0,758935325;0,262076912;-0,241064675;1;-0,774989747;0,249857559;-0,138900281;1;-0,601587501;0,405600613;2,007937504;1;;;;;;;;;;;;;
146;-0,669128439;0,303165463;-0,330871561;1;-1,295423978;0,325561583;0,439359975;1;-1,169313552;0,468280463;4,846567762;0;;;;;;;;;;;;;
147;-1,230454254;0,244778953;0,230454254;1;-0,914616186;0,25058886;0,016240207;1;-0,083055068;0,358656541;-0,584724658;1;;;;;;;;;;;;;
148;-1,167593415;0,244328843;0,167593415;1;-0,998541256;0,242749958;0,109490285;1;0,122301557;0,343246752;-1,611507783;1;;;;;;;;;;;;;
149;-1,052674717;0,230508312;0,052674717;1;-1,212031091;0,240752366;0,346701212;1;0,242401648;0,310078955;-2,212008241;1;;;;;;;;;;;;;
150;-1,430545651;0,308450921;0,430545651;1;-1,121818;0,289348838;0,246464445;1;0,400947275;0,386668088;-3,004736376;1;;;;;;;;;;;;;
151;-1,584144639;0,341352298;0,584144639;1;-0,791238818;0,283482614;-0,120845758;1;0,284112888;0,484330085;-2,420564442;1;;;;;;;;;;;;;
152;-1,328428978;0,265044051;0,328428978;1;-1,13157457;0,274225921;0,257305077;1;0,247258967;0,361646304;-2,236294835;1;;;;;;;;;;;;;
153;-1,516804543;0,351549125;0,516804543;1;-1,015269626;0,322800562;0,128077362;1;0,197092161;0,494195363;-1,985460807;1;;;;;;;;;;;;;
154;-1,158813337;0,278827702;0,158813337;1;-1,052680056;0,276990595;0,169644507;1;-0,189395077;0,408949838;-0,053024615;1;;;;;;;;;;;;;
155;-0,80301328;0,222749442;-0,19698672;1;-1,297062082;0,249849373;0,441180091;1;-0,086332105;0,321591745;-0,568339474;1;;;;;;;;;;;;;
156;-1,138563591;0,228544004;0,138563591;1;-0,832060632;0,240096311;-0,075488187;1;-0,292250913;0,349436882;0,461254566;1;;;;;;;;;;;;;
157;-0,714432237;0,169844103;-0,285567763;1;-0,93504253;0,20719326;0,038936145;1;-0,434179406;0,269555616;1,17089703;1;;;;;;;;;;;;;
158;-1,076237525;0,271116298;0,076237525;1;-0,962192031;0,268023932;0,069102257;1;-0,193917758;0,402529464;-0,030411211;1;;;;;;;;;;;;;
159;-1,198135913;0,269007151;0,198135913;1;-1,635886099;0,327422021;0,817651221;0;0,245875478;0,360758447;-2,229377391;1;;;;;;;;;;;;;
160;-0,554586826;0,293718387;-0,445413174;1;-1,138658834;0,255656831;0,265176482;1;0,230287965;0,362196283;-2,151439825;1;;;;;;;;;;;;;
161;-1,075917285;0,309239319;0,075917285;1;-0,57496575;0,229152741;-0,361149167;1;0,413694972;0,392679909;-3,068474861;1;;;;;;;;;;;;;
162;-1,098240585;0,295711621;0,098240585;1;-0,68023265;0,250957761;-0,244185944;1;0,029905753;0,391137919;-1,149528766;1;;;;;;;;;;;;;
163;-0,763913489;0,27043966;-0,236086511;1;-0,419991648;0,22494186;-0,533342614;0;-0,563513249;0,391247558;1,817566245;1;;;;;;;;;;;;;
164;-0,995676766;0,301603672;-0,004323234;1;-0,804533065;0,257348942;-0,106074372;1;0,086758707;0,373458606;-1,433793534;1;;;;;;;;;;;;;
165;-0,796879711;0,245038118;-0,203120289;1;-0,773143976;0,237230172;-0,140951138;1;-0,631112989;0,404827869;2,155564944;1;;;;;;;;;;;;;
166;-1,207343943;0,232754054;0,207343943;1;-0,717702266;0,225054612;-0,202553038;1;0,297636952;0,323802366;-2,488184758;1;;;;;;;;;;;;;
167;-0,786184153;0,240072847;-0,213815847;1;-0,593921459;0,212349182;-0,340087268;1;-0,47769214;0,350642087;1,3884607;1;;;;;;;;;;;;;
168;-1,008300193;0,270259065;0,008300193;1;-0,850840511;0,25555421;-0,054621654;1;-0,416497834;0,380396671;1,08248917;1;;;;;;;;;;;;;
169;-1,167321662;0,277615698;0,167321662;1;-0,646693421;0,237620625;-0,281451754;1;-0,225946098;0,435525305;0,129730492;1;;;;;;;;;;;;;
170;-0,708538559;0,237186261;-0,291461441;1;-0,625321115;0,217517176;-0,305198761;1;-0,50957872;0,376265689;1,5478936;1;;;;;;;;;;;;;
171;-1,483285199;0,302298733;0,483285199;1;-1,337860554;0,301781815;0,486511726;1;0,375493443;0,40542584;-2,877467217;1;;;;;;;;;;;;;
172;-0,720824509;0,267378925;-0,279175491;1;-0,3610142;0,23120896;-0,598873111;0;-0,92931083;0,398548459;3,64655415;1;;;;;;;;;;;;;
173;-1,432127732;0,284871544;0,432127732;1;-0,394881513;0,237898727;-0,561242764;0;-0,081521931;0,392603821;-0,592390345;1;;;;;;;;;;;;;
174;-0,377194438;0,249637359;-0,622805562;0;-0,994385636;0,230146336;0,104872929;1;-0,864661778;0,362851569;3,323308892;1;;;;;;;;;;;;;
175;-0,81837019;0,275336773;-0,18162981;1;-0,972512908;0,261734105;0,080569898;1;-0,363836741;0,41259086;0,819183703;1;;;;;;;;;;;;;
176;-0,389844104;0,245915198;-0,610155896;0;-1,037179;0,231775225;0,152421112;1;-0,69083147;0,339131596;2,454157351;1;;;;;;;;;;;;;
177;-0,851884928;0,206516689;-0,148115072;1;-0,638586078;0,228237823;-0,290459913;1;-0,797282899;0,360784581;2,986414493;1;;;;;;;;;;;;;
178;-0,804685798;0,25909402;-0,195314202;1;-0,917343406;0,240462173;0,019270451;1;-0,6131089;0,409095859;2,065544498;1;;;;;;;;;;;;;
179;-1,251272109;0,30299939;0,251272109;1;-0,788671674;0,266277414;-0,123698139;1;-0,146874306;0,431309169;-0,26562847;1;;;;;;;;;;;;;
180;-0,716527893;0,195938564;-0,283472107;1;-0,91209508;0,214925984;0,013438978;1;-0,762317196;0,316343967;2,811585981;1;;;;;;;;;;;;;
181;-1,106748046;0,223357107;0,106748046;1;-0,861543873;0,243875112;-0,04272903;1;-0,542357187;0,345974183;1,711785936;1;;;;;;;;;;;;;
182;-0,672709247;0,253690531;-0,327290753;1;-0,429699418;0,209392248;-0,522556202;0;-0,529454297;0,353797532;1,647271484;1;;;;;;;;;;;;;
183;-1,082208314;0,249933968;0,082208314;1;-0,896875189;0,249023744;-0,003472012;1;0,185753563;0,373318757;-1,928767813;1;;;;;;;;;;;;;
184;-1,461169631;0,298439751;0,461169631;1;-0,420987279;0,237262697;-0,532236356;0;0,139617487;0,407421839;-1,698087433;1;;;;;;;;;;;;;
185;-1,452715026;0,368837285;0,452715026;1;-1,005254611;0,320035612;0,116949568;1;0,588675351;0,483520703;-3,943376756;1;;;;;;;;;;;;;
186;-0,881649073;0,300410697;-0,118350927;1;-0,495813929;0,23723285;-0,449095634;1;-0,154903317;0,398269253;-0,225483417;1;;;;;;;;;;;;;
187;-0,837496925;0,292553396;-0,162503075;1;-0,837968503;0,260111387;-0,068923886;1;-0,128213978;0,397413382;-0,358930109;1;;;;;;;;;;;;;
188;-0,918082852;0,317066867;-0,081917148;1;-0,532205361;0,246379096;-0,40866071;1;-0,299314726;0,422750108;0,496573631;1;;;;;;;;;;;;;
189;-1,097031501;0,275393757;0,097031501;1;-0,749849112;0,245857018;-0,16683432;1;-0,237593484;0,39250596;0,18796742;1;;;;;;;;;;;;;
190;-0,978764824;0,207740476;-0,021235176;1;-1,065338122;0,248550781;0,183709025;1;-0,222841047;0,312047596;0,114205233;1;;;;;;;;;;;;;
191;-1,521006726;0,296248048;0,521006726;1;-0,634404227;0,257502555;-0,295106414;1;0,080599798;0,407292457;-1,402998992;1;;;;;;;;;;;;;
192;-1,240932288;0,224358602;0,240932288;1;-1,478494314;0,290672997;0,64277146;0;-0,031530572;0,339406271;-0,842347139;1;;;;;;;;;;;;;
193;-1,725567926;0,354706592;0,725567926;0;-1,404234648;0,325057664;0,560260719;1;0,686318728;0,44604574;-4,431593639;0;;;;;;;;;;;;;
194;-0,930143536;0,237547328;-0,069856464;1;-0,800019025;0,22066242;-0,111089973;1;-0,142293179;0,349290592;-0,288534106;1;;;;;;;;;;;;;
195;-1,378161166;0,303431196;0,378161166;1;-0,92384568;0,267583339;0,0264952;1;0,004954063;0,402264622;-1,024770317;1;;;;;;;;;;;;;
196;-0,840045969;0,25164366;-0,159954031;1;-1,176716974;0,259429697;0,307463305;1;-0,478623639;0,394952568;1,393118194;1;;;;;;;;;;;;;
197;-0,924002266;0,212732951;-0,075997734;1;-0,948063213;0,227773156;0,05340357;1;-0,115914357;0,314079539;-0,420428217;1;;;;;;;;;;;;;
198;-1,354939935;0,297907534;0,354939935;1;-1,0450491;0,290921103;0,161165667;1;-0,127351083;0,423608362;-0,363244584;1;;;;;;;;;;;;;
199;-1,366441572;0,295682008;0,366441572;1;-1,119589686;0,278833789;0,24398854;1;0,223387294;0,377027533;-2,11693647;1;;;;;;;;;;;;;
200;-1,082972679;0,246470387;0,082972679;1;-0,397929839;0,219643973;-0,557855734;0;-0,38467788;0,364796047;0,923389401;1;;;;;;;;;;;;;
201;-0,958917558;0,256296221;-0,041082442;1;-1,200911151;0,271991049;0,334345723;1;-0,410670366;0,371402866;1,053351829;1;;;;;;;;;;;;;
202;-1,133770875;0,243441652;0,133770875;1;-0,699619188;0,235575417;-0,222645346;1;0,015215912;0,381914869;-1,076079562;1;;;;;;;;;;;;;
203;-0,945315635;0,455511441;-0,054684365;1;-1,348428578;0,326871772;0,498253975;1;1,161316625;0,548823107;-6,806583123;0;;;;;;;;;;;;;
204;-0,756718572;0,322455464;-0,243281428;1;-0,863755244;0,256937005;-0,040271952;1;-0,068588981;0,408889238;-0,657055094;1;;;;;;;;;;;;;
205;-1,142019158;0,232041741;0,142019158;1;-0,83417762;0,219517157;-0,073135978;1;0,208360028;0,332933632;-2,041800141;1;;;;;;;;;;;;;
206;-1,074425706;0,231201818;0,074425706;1;-1,005581832;0,242759877;0,117313147;1;-0,368867771;0,345607209;0,844338856;1;;;;;;;;;;;;;
207;-1,588506084;0,302200223;0,588506084;1;-0,767884761;0,250779895;-0,14679471;1;0,497810339;0,392012115;-3,489051697;1;;;;;;;;;;;;;
208;-0,828869668;0,238870224;-0,171130332;1;-1,142736878;0,262726605;0,269707642;1;-0,683572095;0,370453985;2,417860477;1;;;;;;;;;;;;;
209;-0,627839108;0,228025336;-0,372160892;1;-0,893535221;0,240172449;-0,007183088;1;-0,85171952;0,347839026;3,258597602;1;;;;;;;;;;;;;
210;-1,36741589;0,299378581;0,36741589;1;-0,682994191;0,24889713;-0,241117566;1;0,390462085;0,377537019;-2,952310427;1;;;;;;;;;;;;;
211;-1,249824652;0,274507742;0,249824652;1;-1,525885167;0,302347365;0,695427963;0;0,431178869;0,378576135;-3,155894343;1;;;;;;;;;;;;;
212;-0,988941816;0,244666114;-0,011058184;1;-0,337407807;0,212810005;-0,625102437;0;-0,414543272;0,371300181;1,072716359;1;;;;;;;;;;;;;
213;-1,716321781;0,365452571;0,716321781;0;-1,421352425;0,335590989;0,579280472;1;0,602496348;0,450701938;-4,01248174;1;;;;;;;;;;;;;
214;-1,175671653;0,271216485;0,175671653;1;-0,713951676;0,244889081;-0,20672036;1;-0,211148067;0,39174371;0,055740335;1;;;;;;;;;;;;;
215;-1,189724255;0,248744416;0,189724255;1;-1,261634329;0,285072056;0,401815921;1;0,033363257;0,338471116;-1,166816284;1;;;;;;;;;;;;;
216;-1,018025335;0,25502305;0,018025335;1;-0,687740372;0,255306525;-0,235844032;1;-0,569253327;0,373094583;1,846266635;1;;;;;;;;;;;;;
217;-1,253276716;0,252656327;0,253276716;1;-1,272497663;0,279735702;0,413886292;1;-0,273957613;0,374306907;0,369788063;1;;;;;;;;;;;;;
218;-0,58591349;0,288954108;-0,41408651;1;-0,562435979;0,237431801;-0,375071134;1;-0,693398004;0,40845436;2,466990021;1;;;;;;;;;;;;;
219;-1,388748863;0,260642554;0,388748863;1;-1,179587545;0,270935842;0,310652828;1;0,109403889;0,397178889;-1,547019447;1;;;;;;;;;;;;;
220;-1,076256047;0,253906897;0,076256047;1;-1,176465431;0,268846001;0,307183812;1;-0,032712208;0,353570609;-0,836438962;1;;;;;;;;;;;;;
221;-1,281925656;0,281644879;0,281925656;1;-0,950809712;0,259888736;0,056455235;1;-0,106784586;0,41417397;-0,46607707;1;;;;;;;;;;;;;
222;-1,100571221;0,275617468;0,100571221;1;-0,543201011;0,23442877;-0,396443322;1;0,003815762;0,375472158;-1,019078811;1;;;;;;;;;;;;;
223;-1,455090293;0,290085669;0,455090293;1;-0,982962079;0,243428554;0,092180087;1;0,885450491;0,416557734;-5,427252454;0;;;;;;;;;;;;;
224;-1,251223999;0,316199798;0,251223999;1;-0,811267453;0,280141137;-0,098591718;1;-0,024807532;0,440159879;-0,875962339;1;;;;;;;;;;;;;
225;-0,933428443;0,276264627;-0,066571557;1;-0,910176363;0,277814711;0,011307071;1;-0,382637496;0,420404611;0,91318748;1;;;;;;;;;;;;;
226;-0,635829726;0,250337681;-0,364170274;1;-0,845101539;0,241862512;-0,06099829;1;-0,494929191;0,350934661;1,474645957;1;;;;;;;;;;;;;
227;-0,787674271;0,203132479;-0,212325729;1;-1,023210665;0,236576866;0,136900739;1;-0,146014844;0,320989245;-0,269925778;1;;;;;;;;;;;;;
228;-0,764020426;0,298457416;-0,235979574;1;-0,950963478;0,256253108;0,056626086;1;-0,204457373;0,392263604;0,022286865;1;;;;;;;;;;;;;
229;-0,856881643;0,23948519;-0,143118357;1;-0,993462334;0,258025679;0,103847038;1;-0,387555956;0,397506122;0,937779782;1;;;;;;;;;;;;;
230;-0,684495226;0,256998941;-0,315504774;1;-0,62904987;0,220937992;-0,3010557;1;-0,236473536;0,350064049;0,182367681;1;;;;;;;;;;;;;
231;-0,653044684;0,257164308;-0,346955316;1;-0,611727926;0,244827637;-0,320302304;1;-0,581873924;0,386706132;1,90936962;1;;;;;;;;;;;;;
232;-1,195755932;0,261503512;0,195755932;1;-0,934724625;0,262133293;0,038582916;1;0,293433423;0,351692003;-2,467167117;1;;;;;;;;;;;;;
233;-1,247155462;0,330962524;0,247155462;1;-0,778169041;0,266317977;-0,135367732;1;0,004107485;0,415249792;-1,020537425;1;;;;;;;;;;;;;
234;-1,335580207;0,258194472;0,335580207;1;-0,979720582;0,234863989;0,088578425;1;0,264165444;0,361838837;-2,320827218;1;;;;;;;;;;;;;
235;-0,617050665;0,299324779;-0,382949335;1;-0,816624838;0,27089893;-0,092639069;1;-0,980280163;0,438865211;3,901400815;1;;;;;;;;;;;;;
236;-0,961644213;0,197285699;-0,038355787;1;-1,012036618;0,228352993;0,124485131;1;-0,124556964;0,298897421;-0,377215178;1;;;;;;;;;;;;;
237;-0,733938568;0,2281915;-0,266061432;1;-0,942206602;0,241225993;0,046896224;1;-0,477508296;0,352952365;1,387541482;1;;;;;;;;;;;;;
238;-0,736761337;0,217238136;-0,263238663;1;-0,962021088;0,227283412;0,06891232;1;-0,52480562;0,31639187;1,624028098;1;;;;;;;;;;;;;
239;-1,343453246;0,286601429;0,343453246;1;-0,74745825;0,234759184;-0,169490833;1;0,412713314;0,349732126;-3,063566568;1;;;;;;;;;;;;;
240;-1,601054703;0,326506536;0,601054703;1;-0,596939358;0,277272029;-0,336734046;1;0,006693729;0,476216335;-1,033468644;1;;;;;;;;;;;;;
241;-0,97639673;0,220717913;-0,02360327;1;-1,143282812;0,250581683;0,270314236;1;0,092636041;0,310210542;-1,463180207;1;;;;;;;;;;;;;
242;-0,76835737;0,212913391;-0,23164263;1;-0,74448189;0,219044552;-0,1727979;1;-0,653913763;0,348290482;2,269568817;1;;;;;;;;;;;;;
243;-0,79907921;0,24325212;-0,20092079;1;-0,794458258;0,226005018;-0,117268603;1;-0,065872903;0,338950196;-0,670635485;1;;;;;;;;;;;;;
244;-1,312872108;0,238178548;0,312872108;1;-1,348045136;0,282139559;0,497827928;1;0,330530113;0,311135312;-2,652650566;1;;;;;;;;;;;;;
245;-1,052338553;0,30809989;0,052338553;1;-0,838668519;0,280315469;-0,06814609;1;-0,30578692;0,470492792;0,528934602;1;;;;;;;;;;;;;
246;-0,898212598;0,212865275;-0,101787402;1;-0,718274212;0,227895309;-0,201917542;1;-0,495281358;0,336344856;1,476406789;1;;;;;;;;;;;;;
247;-1,570498785;0,251779201;0,570498785;0;-0,750590676;0,229900637;-0,16601036;1;0,300314348;0,332736034;-2,501571741;1;;;;;;;;;;;;;
248;-1,395153739;0,324384116;0,395153739;1;-0,656043617;0,248895051;-0,271062647;1;0,2697437;0,420985015;-2,348718502;1;;;;;;;;;;;;;
249;-0,807602074;0,19511462;-0,192397926;1;-0,667870823;0,19664183;-0,257921307;1;-0,645901523;0,309765063;2,229507614;1;;;;;;;;;;;;;
250;-0,667663702;0,333554853;-0,332336298;1;-0,829219171;0,26753864;-0,078645366;1;-0,542224923;0,442617149;1,711124613;1;;;;;;;;;;;;;
251;-1,031358334;0,251316338;0,031358334;1;-0,650616398;0,225129632;-0,277092891;1;0,078737152;0,33318809;-1,393685759;1;;;;;;;;;;;;;
252;-1,269497269;0,261521571;0,269497269;1;-0,964512706;0,239996704;0,071680785;1;0,160565787;0,345134212;-1,802828934;1;;;;;;;;;;;;;
253;-1,054884013;0,24292849;0,054884013;1;-0,791508579;0,223681868;-0,120546023;1;0,06330501;0,327947479;-1,316525049;1;;;;;;;;;;;;;
254;-0,727416583;0,225879644;-0,272583417;1;-0,642704019;0,218380333;-0,285884423;1;-0,45783794;0,351070956;1,2891897;1;;;;;;;;;;;;;
255;-0,876467537;0,325512191;-0,123532463;1;-1,336549413;0,31892419;0,485054903;1;-0,087097077;0,448075398;-0,564514617;1;;;;;;;;;;;;;
256;-0,853999837;0,242875712;-0,146000163;1;-0,968156985;0,239611346;0,075729984;1;-0,348849925;0,338157087;0,744249623;1;;;;;;;;;;;;;
257;-0,676298272;0,262462183;-0,323701728;1;-0,788940776;0,249643379;-0,123399138;1;-0,71627158;0,362539216;2,581357902;1;;;;;;;;;;;;;
258;-1,264525381;0,283454803;0,264525381;1;-0,78249727;0,258625301;-0,130558589;1;0,101767248;0,371189781;-1,508836242;1;;;;;;;;;;;;;
259;-0,906357869;0,278056912;-0,093642131;1;-0,776966613;0,254586375;-0,136703763;1;-0,507477683;0,394064634;1,537388413;1;;;;;;;;;;;;;
260;-1,18543694;0,32916649;0,18543694;1;-0,499611107;0,254410315;-0,444876548;1;0,329302045;0,413007179;-2,646510226;1;;;;;;;;;;;;;
261;-1,289638587;0,267152719;0,289638587;1;-0,889801157;0,270871322;-0,011332048;1;-0,285005769;0,403554308;0,425028847;1;;;;;;;;;;;;;
262;-1,070557928;0,327598005;0,070557928;1;-0,642049026;0,278541789;-0,286612194;1;-0,30349877;0,424668364;0,517493848;1;;;;;;;;;;;;;
263;-1,158706759;0,288946779;0,158706759;1;-0,999796796;0,282986527;0,110885329;1;-0,211298551;0,419583572;0,056492754;1;;;;;;;;;;;;;
264;-1,3615475;0,278462002;0,3615475;1;-0,585299238;0,242843909;-0,349667513;1;0,05620242;0,389587057;-1,281012099;1;;;;;;;;;;;;;
265;-0,513576827;0,359828437;-0,486423173;1;-1,101313371;0,300214259;0,223681524;1;-0,639300735;0,480332797;2,196503674;1;;;;;;;;;;;;;
266;-1,134307438;0,297091138;0,134307438;1;-0,707893618;0,252212411;-0,213451536;1;0,057854971;0,454527441;-1,289274855;1;;;;;;;;;;;;;
267;-1,134434546;0,393111667;0,134434546;1;-1,15376539;0,324008127;0,281961544;1;-0,066830691;0,514117529;-0,665846546;1;;;;;;;;;;;;;
268;-1,115966293;0,259966473;0,115966293;1;-0,955370376;0,279959715;0,06152264;1;-0,313625566;0,39329964;0,568127831;1;;;;;;;;;;;;;
269;-1,145387491;0,23633171;0,145387491;1;-0,97612452;0,227096246;0,0845828;1;0,277801678;0,313600213;-2,389008388;1;;;;;;;;;;;;;
270;-1,338973809;0,274991875;0,338973809;1;-0,922311893;0,244528443;0,024790992;1;0,555790738;0,336273409;-3,778953692;0;;;;;;;;;;;;;
271;-0,456595974;0,277431519;-0,543404026;1;-1,136822879;0,25303858;0,263136532;1;-0,475460334;0,358187439;1,377301669;1;;;;;;;;;;;;;
272;-0,931152477;0,316461028;-0,068847523;1;-0,488882649;0,228647788;-0,456797057;1;-0,126563031;0,412259098;-0,367184843;1;;;;;;;;;;;;;
273;-1,299839818;0,285850552;0,299839818;1;-0,630784499;0,258516142;-0,299128335;1;-0,194231503;0,412975178;-0,028842483;1;;;;;;;;;;;;;
274;-0,83535545;0,294725091;-0,16464455;1;-0,993336224;0,270966468;0,103706916;1;-0,315375431;0,42357545;0,576877153;1;;;;;;;;;;;;;
275;-0,886091837;0,276466184;-0,113908163;1;-1,058467716;0,254350704;0,17607524;1;0,198872681;0,398970931;-1,994363406;1;;;;;;;;;;;;;
276;-1,161502955;0,265226032;0,161502955;1;-0,791586164;0,233886734;-0,120459818;1;0,154100356;0,356442789;-1,770501779;1;;;;;;;;;;;;;
277;-0,859484876;0,251711703;-0,140515124;1;-0,995367509;0,274369274;0,105963899;1;-0,637688243;0,439909209;2,188441213;1;;;;;;;;;;;;;
278;-1,037940961;0,308575042;0,037940961;1;-0,910566948;0,27578167;0,011741054;1;0,081497699;0,403652877;-1,407488496;1;;;;;;;;;;;;;
279;-1,320138711;0,336508007;0,320138711;1;-0,635825618;0,286346139;-0,293527091;1;-0,425939107;0,479918417;1,129695536;1;;;;;;;;;;;;;
280;-1,058689634;0,230476584;0,058689634;1;-1,023700154;0,247900328;0,137444616;1;-0,292574807;0,355914852;0,462874034;1;;;;;;;;;;;;;
281;-1,222917293;0,274772858;0,222917293;1;-0,780221865;0,237015416;-0,133086816;1;0,227415685;0,384947916;-2,137078425;1;;;;;;;;;;;;;
282;-1,442282225;0,343430987;0,442282225;1;-0,755087881;0,282613081;-0,161013466;1;0,255306275;0,463218809;-2,276531376;1;;;;;;;;;;;;;
283;-0,74380551;0,258457355;-0,25619449;1;-1,418300014;0,313145021;0,575888905;1;-0,489166973;0,384833514;1,445834866;1;;;;;;;;;;;;;
284;-1,30120741;0,230372006;0,30120741;1;-0,725376657;0,258640204;-0,194025936;1;-0,556556347;0,382259538;1,782781734;1;;;;;;;;;;;;;
285;-1,029546658;0,255459342;0,029546658;1;-0,94132195;0,230842733;0,045913278;1;0,318375166;0,328820505;-2,59187583;1;;;;;;;;;;;;;
286;-1,223001378;0,260833302;0,223001378;1;-1,179323394;0,285789792;0,310359327;1;-0,36849572;0,405889777;0,842478602;1;;;;;;;;;;;;;
287;-0,479425293;0,196923702;-0,520574707;0;-1,175526745;0,243383434;0,306140828;1;-0,618390412;0,302149068;2,091952062;1;;;;;;;;;;;;;
288;-0,682961456;0,307333722;-0,317038544;1;-0,957184834;0,26559506;0,063538704;1;-0,332304909;0,448285029;0,661524543;1;;;;;;;;;;;;;
289;-0,95411167;0,257569672;-0,04588833;1;-0,529579453;0,244840927;-0,411578386;1;-0,69076953;0,406830683;2,45384765;1;;;;;;;;;;;;;
290;-1,053711126;0,219817614;0,053711126;1;-1,242545792;0,251080214;0,380606436;1;0,068707041;0,311572775;-1,343535204;1;;;;;;;;;;;;;
291;-1,065636375;0,25433738;0,065636375;1;-0,847650155;0,235394933;-0,058166495;1;0,128264124;0,365545979;-1,641320621;1;;;;;;;;;;;;;
292;-0,952604885;0,373523022;-0,047395115;1;-0,30052448;0,281713547;-0,666083911;0;-0,237433181;0,513634806;0,187165907;1;;;;;;;;;;;;;
293;-0,863400729;0,204188048;-0,136599271;1;-0,927039518;0,224462043;0,030043909;1;-0,007390585;0,29722927;-0,963047077;1;;;;;;;;;;;;;
294;-0,748939521;0,240197183;-0,251060479;1;-0,761480255;0,235874542;-0,153910827;1;-0,439152084;0,350642469;1,195760421;1;;;;;;;;;;;;;
295;-0,935501647;0,258766982;-0,064498353;1;-0,825119245;0,237912364;-0,083200839;1;0,182829246;0,340532786;-1,91414623;1;;;;;;;;;;;;;
296;-1,030693014;0,580061962;0,030693014;1;-0,826279646;0,344870447;-0,081911504;1;0,601629217;0,498249115;-4,008146084;1;;;;;;;;;;;;;
297;-1,083038038;0,244407025;0,083038038;1;-1,264180609;0,280780973;0,404645121;1;-0,39325401;0,35073004;0,966270049;1;;;;;;;;;;;;;
298;-0,873198534;0,331666009;-0,126801466;1;-0,835606159;0,285095226;-0,071548713;1;-0,701981686;0,514132583;2,50990843;1;;;;;;;;;;;;;
299;-0,8970108;0,259869365;-0,1029892;1;-1,044326727;0,249090604;0,16036303;1;-0,106172906;0,365666082;-0,469135468;1;;;;;;;;;;;;;
300;-0,32415562;0,266012922;-0,67584438;0;-0,942470295;0,246836596;0,047189217;1;-0,985287001;0,377211986;3,926435006;0;;;;;;;;;;;;;
301;-1,206173442;0,298671274;0,206173442;1;-0,966203042;0,270063474;0,073558935;1;0,010259125;0,442110643;-1,051295625;1;;;;;;;;;;;;;
302;-1,474073102;0,294860591;0,474073102;1;-1,170986052;0,281003971;0,301095613;1;0,598257974;0,376470833;-3,991289872;0;;;;;;;;;;;;;
303;-1,381075882;0,267511462;0,381075882;1;-0,618110887;0,226985354;-0,313210126;1;0,11785301;0,373814481;-1,589265052;1;;;;;;;;;;;;;
304;-1,045297511;0,248375679;0,045297511;1;-0,965882513;0,24886106;0,073202792;1;0,113414677;0,330862833;-1,567073385;1;;;;;;;;;;;;;
305;-1,185347327;0,292219588;0,185347327;1;-0,671434076;0,263121226;-0,253962138;1;0,004680274;0,387531857;-1,023401371;1;;;;;;;;;;;;;
306;-0,842691707;0,291830396;-0,157308293;1;-0,842464528;0,245544905;-0,063928302;1;-0,327020821;0,395683312;0,635104103;1;;;;;;;;;;;;;
307;-0,640447059;0,298293387;-0,359552941;1;-0,921347058;0,26950292;0,023718953;1;-0,280419881;0,375917306;0,402099407;1;;;;;;;;;;;;;
308;-1,011694113;0,327265181;0,011694113;1;-0,912617361;0,281524277;0,01401929;1;0,255904747;0,442509857;-2,279523734;1;;;;;;;;;;;;;
309;-1,131582606;0,245600245;0,131582606;1;-0,762726118;0,241327772;-0,152526536;1;0,042172942;0,345421307;-1,21086471;1;;;;;;;;;;;;;
310;-1,027652706;0,319720529;0,027652706;1;-1,070136056;0,321285201;0,189040062;1;-0,753379579;0,474052922;2,766897894;1;;;;;;;;;;;;;
311;-1,033868947;0,341476426;0,033868947;1;-0,894562934;0,28311457;-0,006041185;1;-0,10798017;0,463197889;-0,460099152;1;;;;;;;;;;;;;
312;-1,043865055;0,310388771;0,043865055;1;-0,75255649;0,257805082;-0,163826122;1;-0,128188306;0,39035641;-0,359058469;1;;;;;;;;;;;;;
313;-1,020844451;0,271933782;0,020844451;1;-0,717139742;0,255432017;-0,203178064;1;0,001892506;0,393237982;-1,009462528;1;;;;;;;;;;;;;
314;-0,715205009;0,222897252;-0,284794991;1;-1,323228023;0,278861381;0,470253358;1;-0,462745222;0,349864263;1,313726108;1;;;;;;;;;;;;;
315;-0,780027037;0,275811931;-0,219972963;1;-0,832060388;0,255912064;-0,075488458;1;-0,309686849;0,38497214;0,548434244;1;;;;;;;;;;;;;
316;-0,911464551;0,233485594;-0,088535449;1;-0,585554165;0,206190223;-0,349384262;1;-0,231429729;0,326063643;0,157148644;1;;;;;;;;;;;;;
317;-1,119687176;0,318132002;0,119687176;1;-0,999999028;0,266644626;0,111110031;1;0,650869743;0,405258928;-4,254348713;0;;;;;;;;;;;;;
318;-0,793485719;0,236568618;-0,206514281;1;-1,149516663;0,258963983;0,277240737;1;-0,552203326;0,364391106;1,761016629;1;;;;;;;;;;;;;
319;-1,173466724;0,313630211;0,173466724;1;-1,093151409;0,277762713;0,214612676;1;0,254708318;0,394701719;-2,273541589;1;;;;;;;;;;;;;
320;-1,168498716;0,275454483;0,168498716;1;-1,028434948;0,272316625;0,142705498;1;0,03221731;0,387002836;-1,161086552;1;;;;;;;;;;;;;
321;-1,188633838;0,304942854;0,188633838;1;-0,831966811;0,261726444;-0,075592432;1;0,39187965;0,396852433;-2,959398251;1;;;;;;;;;;;;;
322;-1,244474378;0,289935844;0,244474378;1;-0,843411822;0,264039464;-0,062875753;1;-0,460631411;0,433215083;1,303157054;1;;;;;;;;;;;;;
323;-1,345753215;0,33814369;0,345753215;1;-1,730331101;0,395554659;0,922590112;0;-0,307218554;0,486675066;0,536092769;1;;;;;;;;;;;;;
324;-1,042988232;0,275509793;0,042988232;1;-0,919439684;0,255781109;0,021599649;1;0,047927059;0,37693317;-1,239635295;1;;;;;;;;;;;;;
325;-0,920798196;0,307451666;-0,079201804;1;-0,839747873;0,275080444;-0,066946808;1;-0,504281869;0,450322822;1,521409346;1;;;;;;;;;;;;;
326;-0,955097245;0,261992387;-0,044902755;1;-1,021149398;0,26030294;0,134610442;1;0,010904558;0,384147371;-1,05452279;1;;;;;;;;;;;;;
327;-0,991764637;0,295186264;-0,008235363;1;-0,379069421;0,244938819;-0,578811754;0;-0,513391893;0,409633801;1,566959467;1;;;;;;;;;;;;;
328;-1,07946983;0,251776379;0,07946983;1;-0,876024149;0,260838478;-0,026639835;1;-0,167429926;0,36620992;-0,162850371;1;;;;;;;;;;;;;
329;-1,169823424;0,260492318;0,169823424;1;-0,706642145;0,24024411;-0,214842061;1;-0,036899163;0,3728761;-0,815504183;1;;;;;;;;;;;;;
330;-0,998884968;0,230394721;-0,001115032;1;-0,626190367;0,216857399;-0,304232925;1;-0,11475703;0,339051648;-0,426214852;1;;;;;;;;;;;;;
331;-1,110618497;0,30519361;0,110618497;1;-0,709685807;0,256005847;-0,211460215;1;-0,201586383;0,435288268;0,007931913;1;;;;;;;;;;;;;
332;-0,934632312;0,239040757;-0,065367688;1;-0,771805418;0,224509026;-0,142438424;1;-0,342269785;0,378681558;0,711348926;1;;;;;;;;;;;;;
333;-0,545493106;0,272685585;-0,454506894;1;-0,53141255;0,238859472;-0,409541611;1;-0,679649266;0,412543869;2,398246329;1;;;;;;;;;;;;;
334;-2,165784365;0,353934072;1,165784365;0;-0,942130542;0,286641999;0,046811713;1;1,178753739;0,490950352;-6,893768696;0;;;;;;;;;;;;;
335;-1,19026632;0,338331508;0,19026632;1;-1,275862588;0,305083741;0,417625098;1;0,251888896;0,501283843;-2,25944448;1;;;;;;;;;;;;;
336;-1,953670101;0,387452696;0,953670101;0;-0,824030683;0,315624368;-0,084410352;1;0,30355606;0,512525919;-2,5177803;1;;;;;;;;;;;;;
337;-1,352890853;0,331162871;0,352890853;1;-0,915136689;0,282169715;0,016818543;1;0,21278591;0,454108198;-2,063929549;1;;;;;;;;;;;;;
338;-0,675658791;0,273471023;-0,324341209;1;-1,512447752;0,293989479;0,680497502;0;-0,255974502;0,360968026;0,279872512;1;;;;;;;;;;;;;
339;-0,633915056;0,286517751;-0,366084944;1;-1,63078573;0,357075853;0,811984144;0;-1,602684202;0,487216217;7,013421012;0;;;;;;;;;;;;;
340;-0,896729418;0,262736135;-0,103270582;1;-0,472128004;0,229218938;-0,475413328;1;-0,747910214;0,385912213;2,739551071;1;;;;;;;;;;;;;
341;-1,122305195;0,281251989;0,122305195;1;-1,09505347;0,298311281;0,216726078;1;0,144384349;0,412774724;-1,721921746;1;;;;;;;;;;;;;
342;-0,785912095;0,223919421;-0,214087905;1;-0,449164725;0,221165325;-0,500928084;0;-0,621473744;0,341645206;2,107368719;1;;;;;;;;;;;;;
343;-1,144874919;0,321152097;0,144874919;1;-0,49598471;0,254603269;-0,448905877;1;-0,062071998;0,431374906;-0,689640009;1;;;;;;;;;;;;;
344;-1,236430337;0,302045683;0,236430337;1;-0,800904828;0,266836077;-0,110105747;1;-0,281820809;0,415134807;0,409104047;1;;;;;;;;;;;;;
345;-1,137698697;0,296620497;0,137698697;1;-1,047367044;0,261882614;0,16374116;1;-0,026604503;0,404739648;-0,866977485;1;;;;;;;;;;;;;
346;-1,101227525;0,368310492;0,101227525;1;-1,084541278;0,329110202;0,205045865;1;-0,353823623;0,573186157;0,769118113;1;;;;;;;;;;;;;
347;-1,178992686;0,332425291;0,178992686;1;-0,716053956;0,257166399;-0,204384493;1;0,346361681;0,451465837;-2,731808403;1;;;;;;;;;;;;;
348;-0,726911448;0,314282493;-0,273088552;1;-1,109599876;0,286833395;0,232888751;1;-0,463860503;0,418322036;1,319302513;1;;;;;;;;;;;;;
349;-1,165884669;0,247507097;0,165884669;1;-0,903964376;0,228029702;0,004404862;1;0,241432453;0,34684524;-2,207162267;1;;;;;;;;;;;;;
350;-1,169650418;0,250841039;0,169650418;1;-0,930983931;0,245443206;0,03442659;1;0,160799397;0,369915311;-1,803996985;1;;;;;;;;;;;;;
351;-1,171869188;0,230914005;0,171869188;1;-0,926467649;0,244953683;0,029408499;1;0,026979452;0,317309009;-1,134897259;1;;;;;;;;;;;;;
352;-0,805671707;0,230588092;-0,194328293;1;-1,211912343;0,280407356;0,34656927;1;-0,422580415;0,351439252;1,112902075;1;;;;;;;;;;;;;
353;-0,610084948;0,382414644;-0,389915052;1;-0,837575067;0,301871744;-0,069361036;1;-0,273192369;0,494302559;0,365961843;1;;;;;;;;;;;;;
354;-1,262845126;0,304991094;0,262845126;1;-0,895756895;0,278812229;-0,004714562;1;0,214734124;0,413919594;-2,073670621;1;;;;;;;;;;;;;
355;-1,471742159;0,30716756;0,471742159;1;-1,398104528;0,286070667;0,553449476;1;0,607300181;0,406207128;-4,036500907;0;;;;;;;;;;;;;
356;-0,525565441;0,160057807;-0,474434559;0;-1,130142609;0,227022383;0,25571401;1;-0,57397048;0,257109725;1,8698524;1;;;;;;;;;;;;;
357;-0,9619526;0,233895818;-0,0380474;1;-1,199544621;0,276961004;0,332827357;1;-0,4325992;0,359053629;1,162996;1;;;;;;;;;;;;;
358;-1,251283286;0,262280002;0,251283286;1;-1,805376959;0,311417859;1,005974399;0;0,380681604;0,367503654;-2,903408022;1;;;;;;;;;;;;;
359;-0,973626702;0,275664526;-0,026373298;1;-0,620171861;0,246496221;-0,310920154;1;-0,493009041;0,405086778;1,465045203;1;;;;;;;;;;;;;
360;-1,21020209;0,276179436;0,21020209;1;-0,668151938;0,222284269;-0,257608958;1;0,249180584;0,363443049;-2,245902919;1;;;;;;;;;;;;;
361;-1,189914087;0,28706419;0,189914087;1;-0,999095956;0,281690772;0,110106618;1;-0,281036402;0,421633906;0,40518201;1;;;;;;;;;;;;;
362;-0,858438918;0,270616241;-0,141561082;1;-0,892570005;0,242833787;-0,00825555;1;-0,259514992;0,384260125;0,297574961;1;;;;;;;;;;;;;
363;-1,00826886;0,235321817;0,00826886;1;-0,79232682;0,239439659;-0,119636866;1;-0,438375174;0,354759424;1,191875871;1;;;;;;;;;;;;;
364;-1,07965778;0,281388319;0,07965778;1;-1,040763504;0,266463035;0,156403893;1;0,355017855;0,363492519;-2,775089277;1;;;;;;;;;;;;;
365;-1,108366771;0,311595242;0,108366771;1;-0,470331395;0,265055773;-0,477409561;1;-0,591458528;0,46291061;1,957292642;1;;;;;;;;;;;;;
366;-0,676468303;0,274444155;-0,323531697;1;-1,162106728;0,251861805;0,291229698;1;-0,080620463;0,347470138;-0,596897683;1;;;;;;;;;;;;;
367;-1,112523703;0,204664849;0,112523703;1;-0,662120425;0,223550047;-0,264310639;1;-0,487686924;0,323967973;1,438434622;1;;;;;;;;;;;;;
368;-1,190345822;0,269094789;0,190345822;1;-1,134994169;0,286808275;0,261104632;1;-0,553120902;0,415882047;1,765604512;1;;;;;;;;;;;;;
369;-1,071126333;0,358916916;0,071126333;1;-0,851969324;0,28235484;-0,053367418;1;0,148009691;0,434501702;-1,740048456;1;;;;;;;;;;;;;
370;-0,614672533;0,268345573;-0,385327467;1;-1,054479005;0,257794762;0,171643339;1;-1,236345061;0,432801765;5,181725305;0;;;;;;;;;;;;;
371;-1,137550293;0,28152959;0,137550293;1;-0,625936468;0,26002933;-0,304515035;1;-0,545758705;0,396217157;1,728793523;1;;;;;;;;;;;;;
372;-0,949315815;0,292186769;-0,050684185;1;-0,837005637;0,255662135;-0,069993737;1;-0,226728948;0,373287648;0,133644741;1;;;;;;;;;;;;;
373;-1,068989537;0,28775974;0,068989537;1;-1,10024591;0,258473606;0,222495456;1;0,031716969;0,381898948;-1,158584844;1;;;;;;;;;;;;;
374;-1,334022769;0,26358984;0,334022769;1;-0,693771688;0,255406926;-0,229142568;1;0,110131925;0,379777873;-1,550659625;1;;;;;;;;;;;;;
375;-1,06573467;0,248279755;0,06573467;1;-1,050316316;0,25576304;0,167018129;1;-0,124536099;0,338025925;-0,377319506;1;;;;;;;;;;;;;
376;-0,614572936;0,277501112;-0,385427064;1;-0,866254142;0,239450365;-0,037495397;1;-0,591459957;0,406735362;1,957299786;1;;;;;;;;;;;;;
377;-1,267484502;0,247552926;0,267484502;1;-0,750117906;0,246172714;-0,16653566;1;-0,233253224;0,356280532;0,16626612;1;;;;;;;;;;;;;
378;-1,428278206;0,274229112;0,428278206;1;-0,560122902;0,263651903;-0,37764122;1;-0,334370403;0,40461778;0,671852013;1;;;;;;;;;;;;;
379;-1,216301348;0,290977124;0,216301348;1;-1,374820764;0,309250499;0,527578627;1;-0,097649692;0,397535545;-0,511751541;1;;;;;;;;;;;;;
380;-1,624941772;0,332209395;0,624941772;1;-0,986766107;0,296499832;0,096406786;1;0,487901033;0,457123714;-3,439505165;1;;;;;;;;;;;;;
381;-0,896004682;0,225126222;-0,103995318;1;-1,068225114;0,252954106;0,186916794;1;-0,573307914;0,367148282;1,866539572;1;;;;;;;;;;;;;
382;-0,999182499;0,239652726;-0,000817501;1;-1,034632204;0,271099105;0,149591338;1;-0,509044617;0,344360297;1,545223086;1;;;;;;;;;;;;;
383;-1,232756957;0,320524851;0,232756957;1;-0,520976015;0,263357112;-0,421137761;1;-0,470413831;0,453386947;1,352069153;1;;;;;;;;;;;;;
384;-1,386219034;0,282105798;0,386219034;1;-0,427653319;0,233289553;-0,524829645;0;0,211717151;0,361315262;-2,058585756;1;;;;;;;;;;;;;
385;-0,685926223;0,275889065;-0,314073777;1;-1,035680991;0,257896527;0,150756657;1;-0,445824582;0,394070572;1,229122909;1;;;;;;;;;;;;;
386;-0,910828586;0,290635951;-0,089171414;1;-0,709115084;0,261923197;-0,212094351;1;-0,408303262;0,437547962;1,041516308;1;;;;;;;;;;;;;
387;-1,243750956;0,227744064;0,243750956;1;-1,258811244;0,268243205;0,39867916;1;-0,09760081;0,325386921;-0,511995948;1;;;;;;;;;;;;;
388;-0,473362981;0,217122442;-0,526637019;0;-1,054767286;0,234939975;0,171963651;1;-0,537768685;0,333766258;1,688843423;1;;;;;;;;;;;;;
389;-0,803075308;0,236871096;-0,196924692;1;-0,922031183;0,223605781;0,024479092;1;-0,174180946;0,335439162;-0,129095272;1;;;;;;;;;;;;;
390;-0,766377856;0,343258347;-0,233622144;1;-1,251285145;0,284394489;0,390316828;1;-0,18187655;0,415619516;-0,090617251;1;;;;;;;;;;;;;
391;-1,026442256;0,287560392;0,026442256;1;-1,136607942;0,269563499;0,262897713;1;0,310147968;0,381374893;-2,550739841;1;;;;;;;;;;;;;
392;-0,831384506;0,220529856;-0,168615494;1;-0,762094324;0,237274607;-0,153228529;1;-0,741288974;0,35873363;2,706444872;1;;;;;;;;;;;;;
393;-0,834079122;0,246482098;-0,165920878;1;-1,056884965;0,264114023;0,174316628;1;-0,123915354;0,372084372;-0,38042323;1;;;;;;;;;;;;;
394;-0,862282566;0,276116033;-0,137717434;1;-1,09532661;0,276824925;0,217029566;1;-0,125106013;0,40624912;-0,374469934;1;;;;;;;;;;;;;
395;-0,790791582;0,239500059;-0,209208418;1;-0,724372312;0,234923389;-0,195141876;1;-0,467886685;0,358574688;1,339433427;1;;;;;;;;;;;;;
396;-0,9645037;0,312780654;-0,0354963;1;-0,704370777;0,270620764;-0,217365804;1;-0,349179573;0,426268373;0,745897864;1;;;;;;;;;;;;;
397;-0,836458955;0,295630505;-0,163541045;1;-0,595668015;0,277956439;-0,33814665;1;-1,13033075;0,482178284;4,65165375;1;;;;;;;;;;;;;
398;-1,251780208;0,307826433;0,251780208;1;-0,503303938;0,263058206;-0,440773403;1;-0,547809356;0,44687711;1,739046779;1;;;;;;;;;;;;;
399;-1,809507984;0,430257076;0,809507984;1;-0,380481938;0,294366869;-0,577242292;1;0,735769982;0,511939936;-4,678849909;1;;;;;;;;;;;;;
400;-0,591764611;0,414596904;-0,408235389;1;-1,236672227;0,296337332;0,374080252;1;0,140072481;0,459475781;-1,700362405;1;;;;;;;;;;;;;
401;-0,858515746;0,222469946;-0,141484254;1;-1,007452649;0,247685776;0,119391833;1;-0,316911708;0,334578325;0,584558538;1;;;;;;;;;;;;;
402;-0,987013821;0,263219385;-0,012986179;1;-1,038990027;0,262928233;0,154433364;1;-0,174290457;0,383406982;-0,128547717;1;;;;;;;;;;;;;
403;-0,581208554;0,18317434;-0,418791446;0;-1,346991949;0,252754888;0,496657721;1;-0,696215235;0,308478162;2,481076176;1;;;;;;;;;;;;;
404;-1,106258877;0,271607072;0,106258877;1;-0,862837767;0,256558258;-0,041291369;1;0,156486431;0,368920312;-1,782432154;1;;;;;;;;;;;;;
405;-0,955858941;0,318654103;-0,044141059;1;-1,659096998;0,338916865;0,843441109;0;0,462208942;0,433953921;-3,31104471;1;;;;;;;;;;;;;
406;-1,059719903;0,257078708;0,059719903;1;-0,848303878;0,249328859;-0,057440136;1;-0,107178211;0,364876137;-0,464108946;1;;;;;;;;;;;;;
407;-1,730108997;0,379952752;0,730108997;1;-0,772194204;0,280842286;-0,14200644;1;0,797410044;0,47704675;-4,987050218;0;;;;;;;;;;;;;
408;-1,309895939;0,30737026;0,309895939;1;-0,809324013;0,26539732;-0,100751096;1;-0,054376603;0,397517959;-0,728116984;1;;;;;;;;;;;;;
409;-0,570560947;0,245062965;-0,429439053;1;-1,099273193;0,233650115;0,221414659;1;-0,212500487;0,321106911;0,062502435;1;;;;;;;;;;;;;
410;-0,561656006;0,305505039;-0,438343994;1;-1,324511484;0,280831665;0,471679427;1;-0,519273253;0,415014868;1,596366265;1;;;;;;;;;;;;;
411;-0,639183131;0,235386223;-0,360816869;1;-1,185154726;0,240006914;0,316838584;1;-0,494044323;0,344888638;1,470221613;1;;;;;;;;;;;;;
412;-0,727806237;0,265883916;-0,272193763;1;-0,658639854;0,270246976;-0,26817794;1;-1,289087789;0,451299535;5,445438943;0;;;;;;;;;;;;;
413;-1,016465723;0,278391326;0,016465723;1;-0,919052029;0,260376498;0,021168921;1;-0,370638804;0,404798314;0,853194018;1;;;;;;;;;;;;;
414;-0,80064616;0,269663616;-0,19935384;1;-1,276095804;0,315157686;0,417884227;1;-0,753585029;0,408530814;2,767925143;1;;;;;;;;;;;;;
415;-1,475771745;0,328387747;0,475771745;1;-0,820452719;0,285121884;-0,088385867;1;-0,258556327;0,469865335;0,292781635;1;;;;;;;;;;;;;
416;-1,012352082;0,319823764;0,012352082;1;-0,671962056;0,262145326;-0,253375493;1;-0,021527194;0,399470111;-0,892364031;1;;;;;;;;;;;;;
417;-1,297132763;0,277017791;0,297132763;1;-0,907966785;0,265583409;0,008851983;1;0,00507752;0,390227447;-1,0253876;1;;;;;;;;;;;;;
418;-0,74914932;0,229477897;-0,25085068;1;-1,16519035;0,262710831;0,294655945;1;-0,537341569;0,358162264;1,686707844;1;;;;;;;;;;;;;
419;-1,386630566;0,282651508;0,386630566;1;-0,685267259;0,250820417;-0,238591934;1;0,285796074;0,389733135;-2,42898037;1;;;;;;;;;;;;;
420;-1,018313831;0,222525298;0,018313831;1;-1,006575806;0,225760435;0,118417562;1;-0,040199973;0,326157989;-0,799000133;1;;;;;;;;;;;;;
421;-0,931571229;0,227508918;-0,068428771;1;-0,876405682;0,259037561;-0,026215908;1;-0,900925651;0,375316904;3,504628253;1;;;;;;;;;;;;;
422;-1,122948377;0,238362716;0,122948377;1;-0,559568041;0,232806401;-0,378257732;1;-0,200269739;0,348761475;0,001348695;1;;;;;;;;;;;;;
423;-1,169019332;0,247130413;0,169019332;1;-1,015783946;0,258133736;0,128648829;1;0,193116065;0,336343458;-1,965580326;1;;;;;;;;;;;;;
424;-0,987007704;0,233044204;-0,012992296;1;-1,030399811;0,250598033;0,144888679;1;-0,457000284;0,338526134;1,285001419;1;;;;;;;;;;;;;
425;-1,161381238;0,301557049;0,161381238;1;-0,279048897;0,226159856;-0,689945671;0;-0,130926966;0,398816878;-0,345365168;1;;;;;;;;;;;;;
426;-1,028950201;0,298133947;0,028950201;1;-0,580287812;0,242155124;-0,355235765;1;-0,54023255;0,415175466;1,701162748;1;;;;;;;;;;;;;
427;-0,543241057;0,222445488;-0,456758943;0;-0,81550952;0,212281378;-0,093878311;1;-0,212447404;0,317520627;0,062237022;1;;;;;;;;;;;;;
428;-1,063362832;0,26970249;0,063362832;1;-0,571425717;0,245241968;-0,365082536;1;-0,349624035;0,419614259;0,748120174;1;;;;;;;;;;;;;
429;-1,253958762;0,257690257;0,253958762;1;-0,552600408;0,22243253;-0,385999546;1;0,154420963;0,354497552;-1,772104816;1;;;;;;;;;;;;;
430;-0,883998633;0,224934678;-0,116001367;1;-1,150452525;0,250927972;0,278280583;1;-0,463061647;0,348101537;1,315308233;1;;;;;;;;;;;;;
431;-1,114305148;0,269571816;0,114305148;1;-0,521850126;0,243410291;-0,420166526;1;-0,358568821;0,383471069;0,792844104;1;;;;;;;;;;;;;
432;-0,785824693;0,335273338;-0,214175307;1;-0,810528974;0,272052975;-0,099412251;1;-0,47163305;0,407976873;1,358165248;1;;;;;;;;;;;;;
433;-1,342051161;0,262898732;0,342051161;1;-1,30568318;0,28165112;0,450759089;1;0,378769221;0,330666646;-2,893846104;1;;;;;;;;;;;;;
434;-0,90076394;0,381634215;-0,09923606;1;-0,930960852;0,295429333;0,034400947;1;-0,200397343;0,489028232;0,001986716;1;;;;;;;;;;;;;
435;-1,759953382;0,351446682;0,759953382;0;-0,466056604;0,258152331;-0,482159329;1;0,924484944;0,433330083;-5,62242472;0;;;;;;;;;;;;;
436;-1,056610416;0,288297895;0,056610416;1;-1,0697258;0,278082457;0,188584222;1;0,381523841;0,394980133;-2,907619207;1;;;;;;;;;;;;;
437;-0,732844964;0,192769549;-0,267155036;1;-1,095412735;0,229351295;0,217125261;1;-0,424716627;0,315183976;1,123583136;1;;;;;;;;;;;;;
438;-1,228081308;0,285994472;0,228081308;1;-0,769414993;0,252736151;-0,145094452;1;-0,053631365;0,407554051;-0,731843175;1;;;;;;;;;;;;;
439;-1,177868124;0,221057035;0,177868124;1;-0,829134627;0,211347658;-0,078739303;1;0,387069416;0,288733862;-2,935347078;0;;;;;;;;;;;;;
440;-1,240973343;0,227965484;0,240973343;1;-0,941190663;0,2418935;0,045767403;1;-0,098974448;0,349875972;-0,505127762;1;;;;;;;;;;;;;
441;-1,200484482;0,266820607;0,200484482;1;-0,763807638;0,262712626;-0,151324847;1;-0,74700893;0,412263461;2,735044649;1;;;;;;;;;;;;;
442;-1,050483451;0,27210125;0,050483451;1;-0,598242734;0,237509944;-0,335285851;1;0,005808083;0,400531709;-1,029040413;1;;;;;;;;;;;;;
443;-0,978096664;0,206792007;-0,021903336;1;-0,483970576;0,205503793;-0,462254916;0;-0,699568509;0,336270279;2,497842547;1;;;;;;;;;;;;;
444;-1,205926061;0,241871553;0,205926061;1;-0,585546519;0,22894932;-0,349392757;1;-0,363736639;0,359885167;0,818683194;1;;;;;;;;;;;;;
445;-0,856017885;0,220760255;-0,143982115;1;-0,785478663;0,219180396;-0,12724593;1;-0,169068821;0,328241111;-0,154655894;1;;;;;;;;;;;;;
446;-1,296738338;0,273274047;0,296738338;1;-0,951999682;0,255445301;0,057777424;1;0,258420479;0,36907856;-2,292102394;1;;;;;;;;;;;;;
447;-1,509309329;0,308003272;0,509309329;1;-0,668438244;0,274041496;-0,25729084;1;-0,024185601;0,451778665;-0,879071993;1;;;;;;;;;;;;;
448;-1,326508267;0,292413316;0,326508267;1;-0,662832709;0,272520598;-0,263519212;1;-0,130768231;0,407545354;-0,346158845;1;;;;;;;;;;;;;
449;-1,484985951;0,331811243;0,484985951;1;-1,312582773;0,347946873;0,458425303;1;0,1815515;0,479182576;-1,907757499;1;;;;;;;;;;;;;
450;-1,212235219;0,362636049;0,212235219;1;-0,704241805;0,274615645;-0,217509105;1;0,126684063;0,439705267;-1,633420316;1;;;;;;;;;;;;;
451;-0,919367615;0,26594289;-0,080632385;1;-0,736993;0,244429741;-0,181118889;1;-0,606047145;0,427606458;2,030235724;1;;;;;;;;;;;;;
452;-0,606131105;0,245185547;-0,393868895;1;-0,67544146;0,215319896;-0,249509488;1;-0,340866525;0,369576662;0,704332623;1;;;;;;;;;;;;;
453;-1,59225209;0,286326785;0,59225209;0;-1,327901279;0,26136064;0,475445865;1;1,023847348;0,365507032;-6,119236738;0;;;;;;;;;;;;;
454;-1,074412821;0,288401909;0,074412821;1;-0,853011334;0,261832623;-0,052209629;1;-0,102628566;0,419641245;-0,486857171;1;;;;;;;;;;;;;
455;-0,899545567;0,227675574;-0,100454433;1;-0,994729752;0,232546842;0,10525528;1;-0,370540986;0,355861901;0,85270493;1;;;;;;;;;;;;;
456;-0,871312708;0,202958845;-0,128687292;1;-0,804886538;0,24246032;-0,105681625;1;-0,67437565;0,347468545;2,371878248;1;;;;;;;;;;;;;
457;-1,039192631;0,235851854;0,039192631;1;-0,533485067;0,241375021;-0,407238814;1;-0,973133037;0,378192137;3,865665184;0;;;;;;;;;;;;;
458;-0,736263709;0,244725025;-0,263736291;1;-1,336296902;0,292602587;0,484774335;1;-0,867035225;0,41588683;3,335176127;1;;;;;;;;;;;;;
459;-1,578170311;0,365153573;0,578170311;1;-0,513224408;0,27247124;-0,429750658;1;0,17382391;0,484920023;-1,869119552;1;;;;;;;;;;;;;
460;-1,131791195;0,247750158;0,131791195;1;-0,484869836;0,219415013;-0,461255738;1;0,051564341;0,364893291;-1,257821706;1;;;;;;;;;;;;;
461;-1,121836346;0,243236502;0,121836346;1;-0,781158742;0,26070899;-0,132045842;1;-0,231275718;0,366067645;0,156378592;1;;;;;;;;;;;;;
462;-1,117608611;0,281663405;0,117608611;1;-1,288535619;0,285964294;0,431706243;1;0,182765249;0,382230776;-1,913826243;1;;;;;;;;;;;;;
463;-1,260940879;0,342366141;0,260940879;1;-0,783478083;0,284061156;-0,129468796;1;0,081905402;0,4337499;-1,40952701;1;;;;;;;;;;;;;
464;-0,458529658;0,280645431;-0,541470342;1;-1,022754219;0,246174525;0,136393577;1;-0,518045053;0,409298459;1,590225267;1;;;;;;;;;;;;;
465;-1,291234586;0,316633373;0,291234586;1;-0,876220786;0,265541273;-0,026421349;1;0,064111792;0,426394343;-1,320558962;1;;;;;;;;;;;;;
466;-1,239237404;0,328665729;0,239237404;1;-1,230387932;0,307257283;0,367097702;1;0,256435168;0,430781688;-2,282175841;1;;;;;;;;;;;;;
467;-0,878840115;0,248482938;-0,121159885;1;-1,376621529;0,268470719;0,529579477;1;0,233108829;0,356760349;-2,165544146;1;;;;;;;;;;;;;
468;-0,706442269;0,268286395;-0,293557731;1;-0,660970563;0,227485705;-0,265588264;1;-0,360362799;0,379165217;0,801813996;1;;;;;;;;;;;;;
469;-1,453416944;0,306211268;0,453416944;1;-0,781464209;0,260020911;-0,131706435;1;0,514712277;0,379876328;-3,573561387;1;;;;;;;;;;;;;
470;-1,014489527;0,214040665;0,014489527;1;-1,185397924;0,273912607;0,317108805;1;-0,763517867;0,359449272;2,817589334;1;;;;;;;;;;;;;
471;-0,83103154;0,18638474;-0,16896846;1;-0,920439179;0,203469903;0,022710199;1;0,041549722;0,292142516;-1,207748612;1;;;;;;;;;;;;;
472;-1,243928291;0,291434802;0,243928291;1;-0,852158895;0,235937949;-0,053156784;1;0,373943009;0,393923825;-2,869715047;1;;;;;;;;;;;;;
473;-0,802057041;0,260930189;-0,197942959;1;-1,031082238;0,274929562;0,145646931;1;-0,84407564;0,426654618;3,2203782;1;;;;;;;;;;;;;
474;-1,21550052;0,422428921;0,21550052;1;-0,665492413;0,316374631;-0,260563986;1;0,014749156;0,570412632;-1,073745778;1;;;;;;;;;;;;;
475;-1,222248071;0,29012159;0,222248071;1;-1,232316546;0,275340467;0,369240607;1;0,324080227;0,384211533;-2,620401135;1;;;;;;;;;;;;;
476;-1,118106956;0,328325987;0,118106956;1;-1,107002996;0,297982326;0,230003329;1;-0,50664629;0,470881703;1,533231449;1;;;;;;;;;;;;;
477;-1,299252964;0,279413712;0,299252964;1;-0,981761495;0,274338646;0,090846105;1;-0,213974964;0,399703704;0,069874821;1;;;;;;;;;;;;;
478;-0,967633124;0,326156014;-0,032366876;1;-0,538868426;0,265017525;-0,401257304;1;0,030735773;0,413715587;-1,153678864;1;;;;;;;;;;;;;
479;-1,241068958;0,273096021;0,241068958;1;-0,552344714;0,227441627;-0,386283651;1;0,185437812;0,358171403;-1,927189061;1;;;;;;;;;;;;;
480;-0,863170635;0,218921735;-0,136829365;1;-1,758295239;0,311306439;0,953661377;0;-0,533249984;0,317760178;1,666249918;1;;;;;;;;;;;;;
481;-0,894608711;0,263376543;-0,105391289;1;-0,664550403;0,251938729;-0,261610663;1;-0,871891839;0,408244053;3,359459195;1;;;;;;;;;;;;;
482;-0,599601268;0,293354354;-0,400398732;1;-1,218041149;0,273169768;0,353379055;1;-0,505589488;0,37895345;1,527947442;1;;;;;;;;;;;;;
483;-1,134615825;0,282356734;0,134615825;1;-0,611238284;0,231214769;-0,320846351;1;0,036265265;0,391362049;-1,181326323;1;;;;;;;;;;;;;
484;-0,99789761;0,321344629;-0,00210239;1;-1,059921441;0,307166738;0,17769049;1;-0,462464598;0,456896569;1,312322992;1;;;;;;;;;;;;;
485;-0,857084882;0,234430282;-0,142915118;1;-0,712712125;0,216029866;-0,208097639;1;-0,175323701;0,323124294;-0,123381495;1;;;;;;;;;;;;;
486;-0,868636965;0,263751105;-0,131363035;1;-0,686539327;0,218246346;-0,237178526;1;-0,09910685;0,354204984;-0,504465749;1;;;;;;;;;;;;;
487;-0,529211946;0,202541812;-0,470788054;0;-1,023232629;0,225380342;0,136925144;1;-0,483045146;0,293553407;1,41522573;1;;;;;;;;;;;;;
488;-1,014626464;0,228458003;0,014626464;1;-1,10501015;0,254910268;0,227789055;1;-0,401278043;0,362621307;1,006390215;1;;;;;;;;;;;;;
489;-0,941079941;0,284367102;-0,058920059;1;-0,914188427;0,262223322;0,015764919;1;-0,805675802;0,429872032;3,028379012;1;;;;;;;;;;;;;
490;-1,364708301;0,285119774;0,364708301;1;-0,628879235;0,245582471;-0,301245294;1;0,25851296;0,378301146;-2,292564801;1;;;;;;;;;;;;;
491;-1,255262326;0,323309288;0,255262326;1;-0,862361239;0,276278999;-0,041820845;1;0,142821118;0,449207462;-1,71410559;1;;;;;;;;;;;;;
492;-1,508296748;0,358853707;0,508296748;1;-0,925899224;0,288396684;0,028776916;1;0,288627809;0,473292883;-2,443139044;1;;;;;;;;;;;;;
493;-0,708912157;0,204106017;-0,291087843;1;-1,32240559;0,266317167;0,469339544;1;-0,79342751;0,377593003;2,967137549;1;;;;;;;;;;;;;
494;-1,403990967;0,269351849;0,403990967;1;-0,773443464;0,246385163;-0,140618373;1;0,227599476;0,359859972;-2,13799738;1;;;;;;;;;;;;;
495;-0,962762978;0,218347136;-0,037237022;1;-0,893029143;0,229817864;-0,007745396;1;-0,193168184;0,317412677;-0,034159082;1;;;;;;;;;;;;;
496;-0,449962751;0,268396096;-0,550037249;0;-1,329713493;0,283722334;0,477459437;1;-0,540100102;0,344717365;1,700500508;1;;;;;;;;;;;;;
497;-0,91742014;0,272715122;-0,08257986;1;-0,775047297;0,247427919;-0,138836337;1;-0,181294977;0,387069442;-0,093525113;1;;;;;;;;;;;;;
498;-0,66868827;0,230439323;-0,33131173;1;-1,258674053;0,252152864;0,398526726;1;-0,076031594;0,316530437;-0,619842028;1;;;;;;;;;;;;;
499;-1,187342987;0,272411713;0,187342987;1;-1,265547772;0,282381115;0,406164191;1;-0,068123973;0,373737985;-0,659380135;1;;;;;;;;;;;;;
500;-0,764263823;0,3768829;-0,235736177;1;-0,601301401;0,291652353;-0,331887333;1;-0,493560933;0,511833477;1,467804663;1;;;;;;;;;;;;;
501;-0,843536255;0,244223529;-0,156463745;1;-1,075182749;0,269669051;0,194647499;1;-0,703499238;0,349919342;2,51749619;1;;;;;;;;;;;;;
502;-0,906011345;0,250485127;-0,093988655;1;-0,820168525;0,208949325;-0,088701639;1;0,398571998;0,282876969;-2,992859991;0;;;;;;;;;;;;;
503;-1,423975462;0,322666843;0,423975462;1;-0,478488785;0,264682966;-0,468345795;1;-0,248337449;0,455097728;0,241687244;1;;;;;;;;;;;;;
504;-1,038055918;0,226915581;0,038055918;1;-0,788181822;0,234723925;-0,12424242;1;-0,579198943;0,374307282;1,895994717;1;;;;;;;;;;;;;
505;-0,963088644;0,245209027;-0,036911356;1;-0,689436463;0,236218695;-0,233959486;1;-0,188351817;0,374576882;-0,058240913;1;;;;;;;;;;;;;
506;-0,749635602;0,267070292;-0,250364398;1;-0,806803769;0,252810229;-0,103551368;1;-0,476255449;0,388543493;1,381277243;1;;;;;;;;;;;;;
507;-1,232908433;0,24614061;0,232908433;1;-1,342037992;0,30080057;0,491153325;1;-0,233634739;0,368742593;0,168173693;1;;;;;;;;;;;;;
508;-0,499949728;0,320414506;-0,500050272;1;-1,544079426;0,314786856;0,715643807;0;-0,361360212;0,398658028;0,80680106;1;;;;;;;;;;;;;
509;-0,981586838;0,187817936;-0,018413162;1;-0,600504233;0,200381051;-0,332773075;1;-0,597167166;0,305661673;1,985835829;1;;;;;;;;;;;;;
510;-1,337544783;0,289424214;0,337544783;1;-0,830803133;0,269455049;-0,076885407;1;-0,182467332;0,396753883;-0,087663341;1;;;;;;;;;;;;;
511;-1,307818276;0,282173619;0,307818276;1;-0,521333077;0,245241101;-0,420741026;1;-0,141071915;0,399811902;-0,294640426;1;;;;;;;;;;;;;
512;-1,32942101;0,297202249;0,32942101;1;-0,746372727;0,251155478;-0,17069697;1;0,132379771;0,393972194;-1,661898854;1;;;;;;;;;;;;;
513;-0,750609912;0,260977818;-0,249390088;1;-0,990643831;0,236482055;0,100715368;1;-0,433389159;0,380204631;1,166945797;1;;;;;;;;;;;;;
514;-1,122107684;0,219224874;0,122107684;1;-1,141095001;0,250625185;0,267883335;1;0,01464596;0,313031142;-1,073229799;1;;;;;;;;;;;;;
515;-0,868082564;0,247292325;-0,131917436;1;-1,396122677;0,299499673;0,551247419;1;-0,18243239;0,368036875;-0,087838051;1;;;;;;;;;;;;;
516;-1,206354473;0,272848523;0,206354473;1;-0,934209114;0,264092108;0,038010126;1;0,070241616;0,372580739;-1,351208078;1;;;;;;;;;;;;;
517;-0,881223776;0,232253481;-0,118776224;1;-0,411279127;0,198345699;-0,543023192;0;-0,425865376;0,329705743;1,129326882;1;;;;;;;;;;;;;
518;-1,20020656;0,246965258;0,20020656;1;-1,157373357;0,2482911;0,285970397;1;0,061425906;0,348649079;-1,307129531;1;;;;;;;;;;;;;
519;-1,148419712;0,308051515;0,148419712;1;-1,184207341;0,284126742;0,315785935;1;0,087985521;0,434012662;-1,439927604;1;;;;;;;;;;;;;
520;-0,958970135;0,39010852;-0,041029865;1;-1,287761644;0,336133109;0,430846271;1;-0,094668571;0,504205767;-0,526657147;1;;;;;;;;;;;;;
521;-1,202908469;0,302729924;0,202908469;1;-1,082221234;0,284544918;0,202468037;1;0,099944137;0,430911556;-1,499720685;1;;;;;;;;;;;;;
522;-0,934200082;0,199021463;-0,065799918;1;-1,117542335;0,238169969;0,241713706;1;-0,069558449;0,284458252;-0,652207755;1;;;;;;;;;;;;;
523;-1,133957269;0,295076903;0,133957269;1;-0,75722999;0,243551463;-0,158633344;1;0,051812947;0,406974998;-1,259064735;1;;;;;;;;;;;;;
524;-1,04502811;0,239423895;0,04502811;1;-0,657708524;0,228581653;-0,269212751;1;-0,229809003;0,353214262;0,149045016;1;;;;;;;;;;;;;
525;-1,746988623;0,349606878;0,746988623;0;-1,301639159;0,338094113;0,446265732;1;0,434206151;0,445376244;-3,171030755;1;;;;;;;;;;;;;
526;-1,500374691;0,367632864;0,500374691;1;-0,857308325;0,288376767;-0,047435195;1;0,531722511;0,480152399;-3,658612554;1;;;;;;;;;;;;;
527;-1,236197533;0,228184996;0,236197533;1;-1,469576231;0,293474076;0,632862479;1;0,102002144;0,337828631;-1,510010722;1;;;;;;;;;;;;;
528;-1,000473784;0,281064924;0,000473784;1;-0,821764466;0,241420878;-0,086928371;1;0,01505;0,389314982;-1,075249999;1;;;;;;;;;;;;;
529;-1,390982549;0,283305432;0,390982549;1;-0,676558693;0,250070921;-0,248268119;1;0,121914184;0,418500457;-1,609570921;1;;;;;;;;;;;;;
530;-1,079170681;0,247821016;0,079170681;1;-0,756750731;0,239841973;-0,159165854;1;-0,770407987;0,367482133;2,852039933;1;;;;;;;;;;;;;
531;-0,784742833;0,288570368;-0,215257167;1;-0,847132797;0,269150407;-0,058741336;1;-0,471597062;0,401199958;1,357985309;1;;;;;;;;;;;;;
532;-1,153744103;0,247295345;0,153744103;1;-1,425509271;0,295316362;0,58389919;1;0,091383246;0,340591761;-1,45691623;1;;;;;;;;;;;;;
533;-0,950689176;0,293771716;-0,049310824;1;-1,650203901;0,3416201;0,833559891;0;-0,218811033;0,431957779;0,094055166;1;;;;;;;;;;;;;
534;-1,263869546;0,297749154;0,263869546;1;-0,727855027;0,272973704;-0,191272192;1;-0,156246653;0,407218069;-0,218766737;1;;;;;;;;;;;;;
535;-1,015284346;0,250797617;0,015284346;1;-0,902027932;0,237009062;0,002253258;1;0,131331688;0,357056661;-1,656658439;1;;;;;;;;;;;;;
536;-0,7168747;0,205709307;-0,2831253;1;-1,289972869;0,261599752;0,433303188;1;-0,369274879;0,325271401;0,846374395;1;;;;;;;;;;;;;
537;-1,060877058;0,256836925;0,060877058;1;-0,696583805;0,241884137;-0,226017995;1;-0,680691611;0,400284485;2,403458057;1;;;;;;;;;;;;;
538;-0,865031611;0,284076465;-0,134968389;1;-1,251992321;0,286862461;0,391102579;1;-0,586566123;0,442266896;1,932830614;1;;;;;;;;;;;;;
539;-1,37468639;0,308292247;0,37468639;1;-0,426514132;0,24598493;-0,526095409;1;-0,0554014;0,401866748;-0,722992998;1;;;;;;;;;;;;;
540;-1,457565317;0,299469071;0,457565317;1;-0,463177353;0,257095349;-0,485358497;1;0,144452679;0,417420355;-1,722263395;1;;;;;;;;;;;;;
541;-1,123629277;0,28192896;0,123629277;1;-0,26590581;0,239175616;-0,7045491;0;-0,237225757;0,389560242;0,186128787;1;;;;;;;;;;;;;
542;-1,054342476;0,296754015;0,054342476;1;-1,303887456;0,302960551;0,44876384;1;-0,293073396;0,421353795;0,465366979;1;;;;;;;;;;;;;
543;-1,075551972;0,251613698;0,075551972;1;-0,920508768;0,238502372;0,02278752;1;0,176270227;0,365237301;-1,881351136;1;;;;;;;;;;;;;
544;-1,278715303;0,32216742;0,278715303;1;-0,480845845;0,25349036;-0,465726839;1;0,044174883;0,413904464;-1,220874416;1;;;;;;;;;;;;;
545;-0,655516778;0,281990517;-0,344483222;1;-1,021561075;0,274341463;0,135067862;1;-0,679998358;0,432178242;2,399991788;1;;;;;;;;;;;;;
546;-1,234450519;0,348297471;0,234450519;1;-0,62124208;0,282721481;-0,309731023;1;-0,433881358;0,492049035;1,169406792;1;;;;;;;;;;;;;
547;-1,533905911;0,343236844;0,533905911;1;-0,723635483;0,283473783;-0,195960575;1;0,146290639;0,483363123;-1,731453195;1;;;;;;;;;;;;;
548;-0,720839414;0,216291983;-0,279160586;1;-0,774188518;0,223536042;-0,139790535;1;-0,789903989;0,37021604;2,949519947;1;;;;;;;;;;;;;
549;-0,957575058;0,271298676;-0,042424942;1;-0,576164794;0,254370483;-0,359816896;1;-0,702771571;0,437615772;2,513857853;1;;;;;;;;;;;;;
550;-0,397921243;0,324006083;-0,602078757;1;-0,954144752;0,264899879;0,060160835;1;-1,082261962;0,468111889;4,411309809;1;;;;;;;;;;;;;
551;-1,224873194;0,299923848;0,224873194;1;-0,717940818;0,252228588;-0,20228798;1;-0,099047042;0,394762507;-0,504764788;1;;;;;;;;;;;;;
552;-1,183794527;0,267193708;0,183794527;1;-0,703944398;0,241073946;-0,217839558;1;-0,544331918;0,398237165;1,721659588;1;;;;;;;;;;;;;
553;-0,799363736;0,228394288;-0,200636264;1;-1,148882946;0,270875655;0,276536607;1;-0,629935304;0,371605748;2,149676518;1;;;;;;;;;;;;;
554;-1,000853193;0,279550472;0,000853193;1;-1,128212244;0,25053529;0,25356916;1;0,118790264;0,409791228;-1,593951321;1;;;;;;;;;;;;;
555;-0,469653963;0,193177582;-0,530346037;0;-0,963874387;0,233354905;0,070971541;1;-0,865965115;0,350624161;3,329825576;1;;;;;;;;;;;;;
556;-1,620288531;0,302637602;0,620288531;0;-1,034744365;0,284489056;0,149715961;1;0,317165674;0,410901848;-2,58582837;1;;;;;;;;;;;;;
557;-0,742466503;0,210492199;-0,257533497;1;-0,544801631;0,200899605;-0,394664855;1;-0,584767416;0,334162535;1,923837078;1;;;;;;;;;;;;;
558;-1,161926557;0,318052142;0,161926557;1;-0,670714232;0,259694289;-0,254761964;1;0,06214988;0,434745732;-1,310749399;1;;;;;;;;;;;;;
559;-1,21923905;0,316915909;0,21923905;1;-0,62903399;0,23706551;-0,301073345;1;0,252316436;0,390381517;-2,261582181;1;;;;;;;;;;;;;
560;-1,261658484;0,275927741;0,261658484;1;-0,637270773;0,247985176;-0,291921364;1;0,000167304;0,370715624;-1,000836519;1;;;;;;;;;;;;;
561;-1,049641215;0,2795095;0,049641215;1;-0,572808677;0,255341348;-0,363545914;1;-0,777394215;0,431360661;2,886971073;1;;;;;;;;;;;;;
562;-1,280969867;0,267589015;0,280969867;1;-0,535937071;0,231025247;-0,404514365;1;-0,068521477;0,374067831;-0,657392617;1;;;;;;;;;;;;;
563;-0,616538842;0,256367136;-0,383461158;1;-1,224291155;0,288504918;0,360323506;1;-1,113778403;0,402310262;4,568892014;0;;;;;;;;;;;;;
564;-1,12545554;0,262804069;0,12545554;1;-0,818040734;0,248313818;-0,091065851;1;-0,210596957;0,403947494;0,052984787;1;;;;;;;;;;;;;
565;-1,061717785;0,247124926;0,061717785;1;-1,145452573;0,250638509;0,272725081;1;0,447859454;0,357452287;-3,239297268;1;;;;;;;;;;;;;
566;-1,206087767;0,245704478;0,206087767;1;-0,157568353;0,215744393;-0,824924052;0;-0,98826554;0,382245505;3,941327702;0;;;;;;;;;;;;;
567;-1,041056299;0,261138849;0,041056299;1;-0,842751437;0,250550794;-0,063609514;1;-0,587491291;0,407312165;1,937456453;1;;;;;;;;;;;;;
568;-0,680542513;0,368657161;-0,319457487;1;-0,622325266;0,237304131;-0,308527482;1;0,165940299;0,385742068;-1,829701495;1;;;;;;;;;;;;;
569;-0,894800872;0,296226437;-0,105199128;1;-0,974666939;0,269997779;0,082963265;1;-0,036125095;0,389579347;-0,819374523;1;;;;;;;;;;;;;
570;-0,973148607;0,265589426;-0,026851393;1;-1,040372664;0,260724889;0,155969626;1;-0,035653428;0,379565413;-0,821732858;1;;;;;;;;;;;;;
571;-1,254017932;0,302327007;0,254017932;1;-0,791005184;0,260533533;-0,121105351;1;0,206424637;0,411217346;-2,032123186;1;;;;;;;;;;;;;
572;-1,31412282;0,303202342;0,31412282;1;-0,474077294;0,218787038;-0,473247451;1;0,65138132;0,380850358;-4,256906599;0;;;;;;;;;;;;;
573;-1,616282814;0,31186943;0,616282814;0;-0,735828968;0,246269133;-0,182412258;1;0,89888;0,41520584;-5,4944;0;;;;;;;;;;;;;
574;-0,750190384;0,221439742;-0,249809616;1;-0,880682068;0,257769629;-0,021464369;1;-0,621725969;0,385047026;2,108629844;1;;;;;;;;;;;;;
575;-0,930090678;0,262992793;-0,069909322;1;-1,056655175;0,27981199;0,174061306;1;-0,13519798;0,356614993;-0,324010098;1;;;;;;;;;;;;;
576;-1,111235164;0,28911178;0,111235164;1;-0,619081591;0,234181327;-0,312131566;1;0,060563277;0,376620096;-1,302816387;1;;;;;;;;;;;;;
577;-1,295545258;0,288600253;0,295545258;1;-0,281579159;0,235827894;-0,687134268;0;-0,132797974;0,391990072;-0,33601013;1;;;;;;;;;;;;;
578;-1,046505741;0,237298075;0,046505741;1;-0,56149489;0,231882562;-0,376116789;1;-0,63808285;0,385544707;2,19041425;1;;;;;;;;;;;;;
579;-1,275117189;0,27993995;0,275117189;1;-1,00589761;0,283094262;0,117664011;1;-0,219020649;0,408111392;0,095103247;1;;;;;;;;;;;;;
580;-0,91312573;0,297054327;-0,08687427;1;-0,918576644;0,241340376;0,020640715;1;0,192557227;0,374080089;-1,962786133;1;;;;;;;;;;;;;
581;-0,917173954;0,265566197;-0,082826046;1;-0,728127156;0,26023143;-0,190969827;1;-0,460828064;0,383818091;1,304140318;1;;;;;;;;;;;;;
582;-0,96562355;0,24641698;-0,03437645;1;-0,87272211;0,248228274;-0,030308766;1;-0,600953192;0,39716246;2,00476596;1;;;;;;;;;;;;;
583;-1,110235775;0,228958729;0,110235775;1;-1,129700299;0,24499028;0,255222554;1;-0,341344294;0,334417318;0,70672147;1;;;;;;;;;;;;;
584;-1,065228606;0,252009955;0,065228606;1;-2,253434268;0,368248442;1,503815853;0;0,27316394;0,352099636;-2,365819701;1;;;;;;;;;;;;;
585;-0,973025135;0,312113388;-0,026974865;1;-1,119525044;0,266856634;0,243916715;1;-0,010196618;0,410527379;-0,949016908;1;;;;;;;;;;;;;
586;-1,287172117;0,401146392;0,287172117;1;-1,056714604;0,344254041;0,174127338;1;0,251303445;0,49268237;-2,256517227;1;;;;;;;;;;;;;
587;-1,12070351;0,336235709;0,12070351;1;-0,78271904;0,298642653;-0,130312178;1;-0,991720323;0,512197588;3,958601614;1;;;;;;;;;;;;;
588;-0,452920639;0,215107903;-0,547079361;0;-1,103411924;0,230543096;0,226013249;1;-0,404136598;0,303151202;1,020682988;1;;;;;;;;;;;;;
589;-0,634507267;0,261993908;-0,365492733;1;-0,986776497;0,253751807;0,09641833;1;-0,591897536;0,388225579;1,959487682;1;;;;;;;;;;;;;
590;-0,689295112;0,24504459;-0,310704888;1;-1,294764729;0,276212926;0,438627477;1;-0,630344828;0,362287881;2,151724139;1;;;;;;;;;;;;;
591;-0,977923715;0,260663307;-0,022076285;1;-1,15816715;0,265351459;0,286852389;1;-0,336702114;0,370089491;0,683510572;1;;;;;;;;;;;;;
592;-1,295759699;0,267018261;0,295759699;1;-0,990808326;0,251736192;0,10089814;1;0,194245351;0,383113306;-1,971226757;1;;;;;;;;;;;;;
593;-1,644095517;0,325704967;0,644095517;0;-1,737095166;0,32986829;0,930105741;0;1,002062142;0,426805351;-6,010310711;0;;;;;;;;;;;;;
594;-0,700818312;0,331336338;-0,299181688;1;-0,618720667;0,281822996;-0,312532592;1;-0,603318584;0,432572722;2,016592919;1;;;;;;;;;;;;;
595;-1,090606078;0,243378433;0,090606078;1;-0,955469048;0,263265638;0,061632276;1;-0,118465489;0,346074831;-0,407672555;1;;;;;;;;;;;;;
596;-0,763337451;0,235953068;-0,236662549;1;-0,94314458;0,25912498;0,047938422;1;-0,693082443;0,39457676;2,465412214;1;;;;;;;;;;;;;
597;-1,051856772;0,283153033;0,051856772;1;-0,922447901;0,254641377;0,024942113;1;-0,253359802;0,393104717;0,266799009;1;;;;;;;;;;;;;
598;-0,968920637;0,25406064;-0,031079363;1;-1,423246821;0,287443788;0,581385357;1;0,377261603;0,33309857;-2,886308014;1;;;;;;;;;;;;;
599;-1,229871931;0,244515215;0,229871931;1;-0,954991526;0,249259183;0,061101696;1;-0,075456293;0,352687169;-0,622718535;1;;;;;;;;;;;;;
600;-0,852052926;0,242513523;-0,147947074;1;-1,050372444;0,262983592;0,167080494;1;-0,580614042;0,402910294;1,903070211;1;;;;;;;;;;;;;
601;-0,732485558;0,21996509;-0,267514442;1;-0,717544208;0,221750617;-0,202728658;1;-0,623056143;0,34111515;2,115280717;1;;;;;;;;;;;;;
602;-0,384476572;0,272298812;-0,615523428;0;-1,002853238;0,24054631;0,114281375;1;-0,165045546;0,380149557;-0,174772268;1;;;;;;;;;;;;;
603;-1,018370809;0,197209451;0,018370809;1;-1,570466864;0,269386866;0,744963182;0;-0,035766906;0,286445818;-0,821165468;1;;;;;;;;;;;;;
604;-1,08120917;0,276970176;0,08120917;1;-1,142354121;0,282788329;0,269282357;1;0,038163254;0,381057669;-1,19081627;1;;;;;;;;;;;;;
605;-0,56072442;0,17123116;-0,43927558;0;-0,956964165;0,229080923;0,063293517;1;-0,86289291;0,302820538;3,314464549;0;;;;;;;;;;;;;
606;-1,035646452;0,280825022;0,035646452;1;-0,6945264;0,235256546;-0,228304;1;0,248893699;0,348802268;-2,244468495;1;;;;;;;;;;;;;
607;-0,647854012;0,242790923;-0,352145988;1;-1,537871711;0,300569419;0,708746346;0;-0,524549095;0,349777019;1,622745473;1;;;;;;;;;;;;;
608;-1,023368704;0,247826915;0,023368704;1;-1,079892359;0,27373491;0,199880399;1;-0,364058649;0,357322706;0,820293246;1;;;;;;;;;;;;;
609;-0,772747243;0,21582197;-0,227252757;1;-1,037564967;0,243242975;0,152849963;1;-0,739996019;0,350586017;2,699980093;1;;;;;;;;;;;;;
610;-1,134724048;0,232732485;0,134724048;1;-1,19363289;0,260394183;0,326258766;1;-0,103292637;0,350368959;-0,483536816;1;;;;;;;;;;;;;
611;-0,965087266;0,242527539;-0,034912734;1;-0,97058566;0,259949374;0,078428511;1;-0,525009175;0,353576594;1,625045875;1;;;;;;;;;;;;;
612;-0,849227899;0,227578161;-0,150772101;1;-0,64942989;0,230307083;-0,278411233;1;-0,61439654;0,373343033;2,071982699;1;;;;;;;;;;;;;
613;-1,254556034;0,267542815;0,254556034;1;-0,858390456;0,250521811;-0,046232827;1;-0,023568191;0,371545403;-0,882159047;1;;;;;;;;;;;;;
614;-0,908240656;0,244983171;-0,091759344;1;-0,895827273;0,246278505;-0,004636363;1;-0,270767485;0,382395339;0,353837423;1;;;;;;;;;;;;;
615;-1,132159814;0,23717279;0,132159814;1;-0,757444749;0,239568915;-0,158394723;1;-0,392566409;0,364141898;0,962832045;1;;;;;;;;;;;;;
616;-1,034562772;0,308381899;0,034562772;1;-0,629678863;0,257363257;-0,300356819;1;-0,112689245;0,433222991;-0,436553777;1;;;;;;;;;;;;;
617;-0,810680418;0,239198353;-0,189319582;1;-0,79225231;0,238590358;-0,119719656;1;-0,485048624;0,370771304;1,425243119;1;;;;;;;;;;;;;
618;-1,616342953;0,312297843;0,616342953;0;-1,62084072;0,331601981;0,800934134;0;0,329277527;0,415957731;-2,646387636;1;;;;;;;;;;;;;
619;-1,320128803;0,353146646;0,320128803;1;-0,912750082;0,279080152;0,014166758;1;0,364400172;0,449640191;-2,822000861;1;;;;;;;;;;;;;
620;-1,495010479;0,298760726;0,495010479;1;-1,442020755;0,312670571;0,602245283;1;0,514325743;0,378767887;-3,571628713;1;;;;;;;;;;;;;
621;-1,098361913;0,274219929;0,098361913;1;-0,732551569;0,242849057;-0,186053812;1;-0,119477752;0,416693178;-0,402611242;1;;;;;;;;;;;;;
622;-1,307024362;0,32851658;0,307024362;1;-1,116362275;0,303791115;0,240402528;1;0,2469204;0,431710615;-2,234601998;1;;;;;;;;;;;;;
623;-0,906267563;0,31381893;-0,093732437;1;-0,890683367;0,28913245;-0,010351815;1;-0,357627781;0,423879624;0,788138904;1;;;;;;;;;;;;;
624;-0,914497266;0,257561504;-0,085502734;1;-0,97050758;0,240259659;0,078341756;1;0,053337643;0,36312701;-1,266688217;1;;;;;;;;;;;;;
625;-1,356085786;0,29262084;0,356085786;1;-0,821470263;0,245220396;-0,087255263;1;0,249809996;0,410694494;-2,249049978;1;;;;;;;;;;;;;
626;-0,876640123;0,284760606;-0,123359877;1;-0,519274609;0,23106119;-0,423028212;1;-0,092557838;0,381082811;-0,537210812;1;;;;;;;;;;;;;
627;-1,196749831;0,327326483;0,196749831;1;-1,217951913;0,311391719;0,353279904;1;0,072368384;0,482151223;-1,36184192;1;;;;;;;;;;;;;
628;-1,270315431;0,248881622;0,270315431;1;-0,900505793;0,241133368;0,000561993;1;-0,164998648;0,362167017;-0,175006759;1;;;;;;;;;;;;;
629;-0,93011521;0,282471529;-0,06988479;1;-1,1261119;0,285784277;0,251235444;1;0,221865853;0,408662409;-2,109329263;1;;;;;;;;;;;;;
630;-1,169207692;0,31373249;0,169207692;1;-0,53196606;0,242702289;-0,408926601;1;0,469131746;0,405592341;-3,345658732;1;;;;;;;;;;;;;
631;-0,633145345;0,253406617;-0,366854655;1;-0,940218233;0,258512528;0,044686926;1;-0,470148098;0,37563295;1,350740491;1;;;;;;;;;;;;;
632;-1,01059692;0,282258047;0,01059692;1;-1,061757682;0,272198962;0,179730758;1;-0,442654534;0,421243279;1,213272669;1;;;;;;;;;;;;;
633;-0,472451376;0,221353581;-0,527548624;0;-0,975225815;0,244008762;0,083584239;1;-0,952267669;0,358157184;3,761338344;0;;;;;;;;;;;;;
634;-1,212916622;0,249026717;0,212916622;1;-1,10758568;0,268138454;0,230650755;1;-0,202168322;0,379092271;0,010841612;1;;;;;;;;;;;;;
635;-1,200614789;0,330131312;0,200614789;1;-1,294631702;0,284698154;0,438479669;1;0,793850004;0,409802034;-4,96925002;0;;;;;;;;;;;;;
636;-0,35427766;0,32582613;-0,64572234;0;-0,914332339;0,260464388;0,015924822;1;-0,448263188;0,470818359;1,241315939;1;;;;;;;;;;;;;
637;-1,453294637;0,290456485;0,453294637;1;-1,07598674;0,275460274;0,195540822;1;0,370886533;0,39446606;-2,854432666;1;;;;;;;;;;;;;
638;-0,732447792;0,229687952;-0,267552208;1;-0,926436879;0,248946541;0,02937431;1;-0,467572697;0,372783012;1,337863483;1;;;;;;;;;;;;;
639;-0,893994341;0,197957281;-0,106005659;1;-0,976372;0,24735961;0,084857778;1;-0,624934478;0,316458947;2,124672391;1;;;;;;;;;;;;;
640;-0,51885197;0,200098223;-0,48114803;0;-1,467962088;0,271236574;0,631068986;0;-0,812954288;0,317965652;3,064771441;1;;;;;;;;;;;;;
641;-1,3646087;0,300972745;0,3646087;1;-0,699631178;0,262164385;-0,222632024;1;0,007757591;0,395414772;-1,038787956;1;;;;;;;;;;;;;
642;-1,265344631;0,280897213;0,265344631;1;-0,487293416;0,233252331;-0,458562871;1;0,04730353;0,385205817;-1,236517648;1;;;;;;;;;;;;;
643;-1,073170443;0,258424141;0,073170443;1;-0,779691273;0,230410263;-0,133676364;1;0,488746659;0,325929888;-3,443733295;0;;;;;;;;;;;;;
644;-0,896229951;0,262703583;-0,103770049;1;-0,763509535;0,226792837;-0,151656072;1;-0,329698511;0,345285454;0,648492554;1;;;;;;;;;;;;;
645;-1,191674213;0,315738748;0,191674213;1;-1,354179651;0,346199433;0,504644057;1;-0,576939683;0,494214864;1,884698414;1;;;;;;;;;;;;;
646;-0,59138595;0,171454574;-0,40861405;0;-1,336080729;0,25121054;0,484534143;1;-0,511443683;0,291904898;1,557218417;1;;;;;;;;;;;;;
647;-1,213983059;0,25258611;0,213983059;1;-0,554745609;0,216870736;-0,38361599;1;-0,039771584;0,338409968;-0,801142081;1;;;;;;;;;;;;;
648;-1,233318077;0,264942392;0,233318077;1;-1,09480073;0,266302106;0,216445256;1;0,271026597;0,384480468;-2,355132985;1;;;;;;;;;;;;;
649;-0,70088308;0,243469198;-0,29911692;1;-0,977807492;0,235372459;0,086452768;1;-0,341035965;0,33717913;0,705179823;1;;;;;;;;;;;;;
650;-1,036660864;0,317557641;0,036660864;1;-0,791386229;0,260647124;-0,120681968;1;0,109382191;0,407821614;-1,546910956;1;;;;;;;;;;;;;
651;-1,297421323;0,291176911;0,297421323;1;-1,440672602;0,314349221;0,600747336;1;-0,451667175;0,448460967;1,258335876;1;;;;;;;;;;;;;
652;-0,951622931;0,281973026;-0,048377069;1;-0,887701177;0,28552826;-0,013665359;1;-0,424190371;0,421239736;1,120951854;1;;;;;;;;;;;;;
653;-0,939798391;0,225288332;-0,060201609;1;-0,859069689;0,242441526;-0,045478123;1;-0,491666691;0,366308219;1,458333453;1;;;;;;;;;;;;;
654;-1,481259877;0,279959991;0,481259877;1;-0,853425692;0,24910859;-0,051749232;1;0,284135047;0,378535903;-2,420675236;1;;;;;;;;;;;;;
655;-1,137732999;0,269054392;0,137732999;1;-0,960013869;0,252349899;0,066682076;1;0,345127367;0,349175939;-2,725636836;1;;;;;;;;;;;;;
656;-0,718890726;0,288740045;-0,281109274;1;-1,145423093;0,276365032;0,272692325;1;-0,573293396;0,39583655;1,866466979;1;;;;;;;;;;;;;
657;-1,122451031;0,249697703;0,122451031;1;-0,875928286;0,254925687;-0,026746349;1;-0,374665169;0,392257391;0,873325844;1;;;;;;;;;;;;;
658;-0,884416259;0,230672643;-0,115583741;1;-0,977631135;0,231473652;0,086256817;1;-0,287964288;0,331121497;0,439821441;1;;;;;;;;;;;;;
659;-0,961371587;0,266072251;-0,038628413;1;-1,11290125;0,2825206;0,236556945;1;-0,408924749;0,390173822;1,044623744;1;;;;;;;;;;;;;
660;-1,281931163;0,245704214;0,281931163;1;-1,239663481;0,27554437;0,377403868;1;-0,001019576;0,345634887;-0,99490212;1;;;;;;;;;;;;;
661;-1,462847268;0,280890299;0,462847268;1;-1,330971022;0,288326782;0,478856691;1;0,149264871;0,398735461;-1,746324357;1;;;;;;;;;;;;;
662;-1,346147577;0,301111022;0,346147577;1;-1,074679364;0,270325565;0,194088183;1;0,126278239;0,398844487;-1,631391193;1;;;;;;;;;;;;;
663;-1,092451283;0,287030044;0,092451283;1;-0,727923413;0,245237397;-0,191196207;1;-0,21383129;0,393489517;0,069156452;1;;;;;;;;;;;;;
664;-1,835172665;0,347676722;0,835172665;0;-0,526167982;0,254169835;-0,415368909;1;0,782724508;0,443445744;-4,913622538;0;;;;;;;;;;;;;
665;-1,496572263;0,294693118;0,496572263;1;-0,718199725;0,262963259;-0,202000305;1;0,226571637;0,415364308;-2,132858186;1;;;;;;;;;;;;;
666;-0,665743124;0,226637607;-0,334256876;1;-1,06606765;0,261988062;0,184519611;1;-0,425802824;0,343904971;1,12901412;1;;;;;;;;;;;;;
667;-0,528397795;0,22709411;-0,471602205;0;-0,524489425;0,205273373;-0,417233973;1;-0,515488397;0,325134362;1,577441987;1;;;;;;;;;;;;;
668;-0,984006789;0,253469243;-0,015993211;1;-0,86117801;0,252517681;-0,043135544;1;-0,490284788;0,404372147;1,45142394;1;;;;;;;;;;;;;
669;-0,697103129;0,210380768;-0,302896871;1;-1,171583005;0,255210738;0,301758894;1;-0,499494226;0,345170541;1,497471132;1;;;;;;;;;;;;;
670;-0,68958233;0,206135306;-0,31041767;1;-0,757458327;0,209731809;-0,158379637;1;-0,76715824;0,320293478;2,835791202;1;;;;;;;;;;;;;
671;-0,824700967;0,326624825;-0,175299033;1;-0,860089861;0,270385998;-0,044344599;1;-0,112398798;0,424019621;-0,43800601;1;;;;;;;;;;;;;
672;-1,420987866;0,308774878;0,420987866;1;-1,093281009;0,296696509;0,214756677;1;-0,030185359;0,469353168;-0,849073207;1;;;;;;;;;;;;;
673;-0,878946279;0,250982475;-0,121053721;1;-0,607523886;0,221233553;-0,32497346;1;-0,450895517;0,3808569;1,254477583;1;;;;;;;;;;;;;
674;-1,342128375;0,346541222;0,342128375;1;-1,003965827;0,287505174;0,115517585;1;0,448188692;0,473441845;-3,240943461;1;;;;;;;;;;;;;
675;-0,877138755;0,255052927;-0,122861245;1;-0,85844017;0,260832888;-0,046177589;1;-0,221742061;0,409922598;0,108710305;1;;;;;;;;;;;;;
676;-1,183969772;0,207582609;0,183969772;1;-1,3587414;0,273646069;0,509712667;1;-0,048770888;0,317782044;-0,75614556;1;;;;;;;;;;;;;
677;-0,938303893;0,243648583;-0,061696107;1;-1,08369919;0,253846201;0,204110212;1;-0,194601269;0,342240942;-0,026993655;1;;;;;;;;;;;;;
678;-0,66947081;0,234577495;-0,33052919;1;-0,857405929;0,229724005;-0,047326746;1;-0,451861285;0,327905679;1,259306426;1;;;;;;;;;;;;;
679;-0,866016389;0,220757293;-0,133983611;1;-0,824098069;0,228093711;-0,084335478;1;-0,284213621;0,309827151;0,421068103;1;;;;;;;;;;;;;
680;-0,838428149;0,294191519;-0,161571851;1;-0,973132888;0,288555205;0,081258764;1;-0,382317202;0,406446559;0,911586009;1;;;;;;;;;;;;;
681;-1,032761273;0,249864971;0,032761273;1;-0,77141888;0,246255899;-0,142867911;1;-0,378196462;0,360495158;0,890982309;1;;;;;;;;;;;;;
682;-1,085906444;0,247402459;0,085906444;1;-0,590475304;0,214759835;-0,343916328;1;-0,040516792;0,349503207;-0,797416042;1;;;;;;;;;;;;;
683;-0,857757957;0,195528931;-0,142242043;1;-1,28922749;0,228342105;0,432474989;1;-0,417255991;0,301290637;1,086279955;1;;;;;;;;;;;;;
684;-1,553608204;0,310107265;0,553608204;1;-0,886114535;0,26323194;-0,015428295;1;0,528614779;0,425622762;-3,643073897;1;;;;;;;;;;;;;
685;-1,324809846;0,253521655;0,324809846;1;-1,166578068;0,269687311;0,296197853;1;0,097233393;0,350088853;-1,486166964;1;;;;;;;;;;;;;
686;-0,976064576;0,229482164;-0,023935424;1;-0,732025857;0,219204407;-0,186637937;1;-0,18566126;0,340178723;-0,071693702;1;;;;;;;;;;;;;
687;-1,397934675;0,347671981;0,397934675;1;-0,665928559;0,244479104;-0,260079379;1;0,676384712;0,412540201;-4,381923559;0;;;;;;;;;;;;;
688;-0,874970555;0,260792682;-0,125029445;1;-0,585930334;0,222745583;-0,348966295;1;-0,231118311;0,34999363;0,155591553;1;;;;;;;;;;;;;
689;-0,577987432;0,365312675;-0,422012568;1;-0,761401392;0,267104119;-0,153998453;1;0,130104021;0,486275692;-1,650520104;1;;;;;;;;;;;;;
690;-0,922175541;0,289181264;-0,077824459;1;-1,060676441;0,278350773;0,178529379;1;-0,152855951;0,393805511;-0,235720246;1;;;;;;;;;;;;;
691;-1,042872749;0,278323037;0,042872749;1;-0,965007224;0,282177278;0,072230249;1;-0,516135395;0,403053794;1,580676975;1;;;;;;;;;;;;;
692;-0,882098028;0,307947829;-0,117901972;1;-1,215566944;0,320840669;0,350629938;1;-0,746738865;0,40963822;2,733694324;1;;;;;;;;;;;;;
693;-1,415743439;0,322640128;0,415743439;1;-0,984464079;0,275933719;0,093848976;1;0,591925576;0,443471212;-3,959627878;1;;;;;;;;;;;;;
694;-1,005998252;0,249917398;0,005998252;1;-0,670605276;0,247274619;-0,254883027;1;-1,150778894;0,408040024;4,753894468;0;;;;;;;;;;;;;
695;-1,527185661;0,271781623;0,527185661;1;-0,532423073;0,218568328;-0,408418808;1;0,447810335;0,361006905;-3,239051677;1;;;;;;;;;;;;;
696;-1,119735343;0,327245175;0,119735343;1;-1,676225739;0,318232296;0,862473043;0;0,24724018;0,451469832;-2,236200902;1;;;;;;;;;;;;;
697;-0,96369999;0,331229388;-0,03630001;1;-1,558976362;0,343422152;0,732195958;1;-0,018664741;0,426844593;-0,906676293;1;;;;;;;;;;;;;
698;-1,169764398;0,264824153;0,169764398;1;-1,011810273;0,269916921;0,124233637;1;-0,234903272;0,388683631;0,174516362;1;;;;;;;;;;;;;
699;-1,121095903;0,285330926;0,121095903;1;-1,094021172;0,273257701;0,21557908;1;-0,015031849;0,388265424;-0,924840754;1;;;;;;;;;;;;;
700;-0,433788777;0,164923186;-0,566211223;0;-0,95732215;0,227993225;0,063691278;1;-0,93975265;0,305780477;3,698763252;0;;;;;;;;;;;;;
701;-1,289108856;0,28437658;0,289108856;1;-1,035315307;0,266658793;0,150350341;1;0,02776795;0,378080831;-1,138839751;1;;;;;;;;;;;;;
702;-0,699336937;0,289604707;-0,300663063;1;-1,00465541;0,282117291;0,116283789;1;-1,007938637;0,434365713;4,039693187;1;;;;;;;;;;;;;
703;-1,013003871;0,262630516;0,013003871;1;-0,625815686;0,242087425;-0,304649238;1;-0,383976948;0,376028848;0,919884739;1;;;;;;;;;;;;;
704;-0,95165923;0,297975678;-0,04834077;1;-1,211943803;0,279414473;0,346604225;1;0,037296607;0,425823936;-1,186483036;1;;;;;;;;;;;;;
705;-1,416103682;0,318628533;0,416103682;1;-0,860388396;0,267676377;-0,044012893;1;-0,122316694;0,446814396;-0,38841653;1;;;;;;;;;;;;;
706;-0,893069638;0,244470517;-0,106930362;1;-1,130164953;0,247305794;0,255738836;1;0,084042843;0,319629358;-1,420214214;1;;;;;;;;;;;;;
707;-0,899178555;0,216964645;-0,100821445;1;-0,668200398;0,220317596;-0,257555114;1;-0,274199432;0,343545209;0,370997159;1;;;;;;;;;;;;;
708;-0,358910253;0,32362063;-0,641089747;0;-0,818817396;0,269827469;-0,090202894;1;-0,900396153;0,451792089;3,501980764;1;;;;;;;;;;;;;
709;-1,132271522;0,283061567;0,132271522;1;-1,068890734;0,29193008;0,187656371;1;-0,649030481;0,429481627;2,245152404;1;;;;;;;;;;;;;
710;-0,907427127;0,196978735;-0,092572873;1;-0,76247051;0,223584678;-0,152810544;1;-0,637736079;0,318904179;2,188680393;1;;;;;;;;;;;;;
711;-1,073098165;0,290144639;0,073098165;1;-0,676753869;0,245037632;-0,248051257;1;-0,230079718;0,387431858;0,15039859;1;;;;;;;;;;;;;
712;-0,581483869;0,319030561;-0,418516131;1;-1,276475692;0,273073244;0,418306325;1;-0,611435873;0,397572521;2,057179366;1;;;;;;;;;;;;;
713;-1,426717829;0,291487262;0,426717829;1;-1,313301183;0,322672573;0,459223537;1;-0,448871112;0,415898076;1,244355562;1;;;;;;;;;;;;;
714;-1,217911871;0,264525042;0,217911871;1;-0,814594142;0,248433691;-0,094895398;1;0,130212022;0,400378486;-1,651060109;1;;;;;;;;;;;;;
715;-0,712368576;0,309782001;-0,287631424;1;-1,271695628;0,293841006;0,412995142;1;-0,08541922;0,449883005;-0,5729039;1;;;;;;;;;;;;;
716;-0,698413805;0,306051894;-0,301586195;1;-0,999845138;0,274500773;0,110939042;1;-0,41318436;0,390044483;1,065921802;1;;;;;;;;;;;;;
717;-0,707559277;0,288324615;-0,292440723;1;-0,954549026;0,244805053;0,060610029;1;0,199410799;0,387848356;-1,997053995;1;;;;;;;;;;;;;
718;-1,497987318;0,310911427;0,497987318;1;-0,615224876;0,257912192;-0,316416805;1;0,035686054;0,439413099;-1,178430272;1;;;;;;;;;;;;;
719;-1,461076437;0,356029689;0,461076437;1;-1,083101168;0,316434576;0,203445742;1;0,353752048;0,465256652;-2,768760238;1;;;;;;;;;;;;;
720;-0,892675439;0,280568238;-0,107324561;1;-0,697215497;0,239113058;-0,225316115;1;-0,455496749;0,410499328;1,277483747;1;;;;;;;;;;;;;
721;-1,090720522;0,312406169;0,090720522;1;-1,227770781;0,289831216;0,364189756;1;0,085577506;0,393998066;-1,42788753;1;;;;;;;;;;;;;
722;-1,307889554;0,323742658;0,307889554;1;-0,730577385;0,288111391;-0,18824735;1;-0,326664471;0,483805128;0,633322353;1;;;;;;;;;;;;;
723;-0,912783331;0,220561764;-0,087216669;1;-1,143404975;0,241374605;0,270449972;1;0,152276913;0,326371999;-1,761384566;1;;;;;;;;;;;;;
724;-0,656925902;0,226145046;-0,343074098;1;-1,043484246;0,245450439;0,15942694;1;-0,373529541;0,353528007;0,867647704;1;;;;;;;;;;;;;
725;-1,08646222;0,27071684;0,08646222;1;-0,78159556;0,239007345;-0,131560489;1;0,013858606;0,399843044;-1,069293031;1;;;;;;;;;;;;;
726;-0,829646336;0,258486952;-0,170353664;1;-1,020284495;0,256980146;0,133649439;1;-0,078088966;0,359741276;-0,609555172;1;;;;;;;;;;;;;
727;-1,202023406;0,243068322;0,202023406;1;-0,722702097;0,215052407;-0,19699767;1;0,216520021;0,339851913;-2,082600104;1;;;;;;;;;;;;;
728;-0,993528208;0,2723247;-0,006471792;1;-0,293627962;0,215021804;-0,673746709;0;-0,505406508;0,395817594;1,52703254;1;;;;;;;;;;;;;
729;-1,090081573;0,219853679;0,090081573;1;-0,929151537;0,226289304;0,032390597;1;-0,115847173;0,324653709;-0,420764133;1;;;;;;;;;;;;;
730;-0,56959543;0,257755756;-0,43040457;1;-0,725921919;0,231854082;-0,19342009;1;-0,723086964;0,375309155;2,615434818;1;;;;;;;;;;;;;
731;-0,824817551;0,331499053;-0,175182449;1;-1,070754974;0,277493132;0,189727749;1;-0,197834669;0,434715062;-0,010826653;1;;;;;;;;;;;;;
732;-0,818302784;0,254525685;-0,181697216;1;-0,948392601;0,231456814;0,053769556;1;-0,013570885;0,347773137;-0,932145574;1;;;;;;;;;;;;;
733;-1,513766685;0,296638888;0,513766685;1;-1,059776803;0,273850486;0,177529781;1;0,630814836;0,383336207;-4,154074179;0;;;;;;;;;;;;;
734;-1,146772891;0,254191566;0,146772891;1;-0,686234817;0,241330466;-0,23751687;1;-0,321700467;0,387253913;0,608502336;1;;;;;;;;;;;;;
735;-1,253117673;0,289895061;0,253117673;1;-0,878012127;0,264791922;-0,02443097;1;0,137303088;0,38502718;-1,686515441;1;;;;;;;;;;;;;
736;-0,861594038;0,21195528;-0,138405962;1;-0,432297436;0,1964707;-0,519669516;0;-0,728973005;0,349128778;2,644865023;1;;;;;;;;;;;;;
737;-0,993143047;0,243597113;-0,006856953;1;-0,828673521;0,221699892;-0,079251644;1;0,353103644;0,316947951;-2,765518219;1;;;;;;;;;;;;;
738;-1,072986777;0,277159587;0,072986777;1;-0,997702866;0,271602706;0,10855874;1;-0,064883942;0,403511669;-0,675580292;1;;;;;;;;;;;;;
739;-1,07673691;0,341798839;0,07673691;1;-0,730278818;0,280000902;-0,188579091;1;-0,259436713;0,455039739;0,297183566;1;;;;;;;;;;;;;
740;-1,301607292;0,287725522;0,301607292;1;-1,307768233;0,28112993;0,453075815;1;0,276966066;0,39316053;-2,384830332;1;;;;;;;;;;;;;
741;-1,14610409;0,259074028;0,14610409;1;-1,135766059;0,271680562;0,261962288;1;0,038303088;0,357031459;-1,191515441;1;;;;;;;;;;;;;
742;-0,997023957;0,211231138;-0,002976043;1;-0,561181407;0,216839778;-0,376465103;1;-0,77410801;0,351284104;2,87054005;1;;;;;;;;;;;;;
743;-0,79330426;0,257537244;-0,20669574;1;-0,867595085;0,258965285;-0,036005461;1;-0,495698241;0,409000402;1,478491207;1;;;;;;;;;;;;;
744;-0,826882291;0,302078289;-0,173117709;1;-1,202761561;0,297694826;0,336401735;1;-0,310038688;0,453108532;0,550193438;1;;;;;;;;;;;;;
745;-1,062430744;0,268066341;0,062430744;1;-0,663151557;0,243881649;-0,263164937;1;-0,368704926;0,39233442;0,843524632;1;;;;;;;;;;;;;
746;-1,104895029;0,228130994;0,104895029;1;-1,023254884;0,248679773;0,136949871;1;-0,274507967;0,345331842;0,372539837;1;;;;;;;;;;;;;
747;-1,281286344;0,350156861;0,281286344;1;-0,616287225;0,265480074;-0,315236417;1;0,16536793;0,45562779;-1,826839651;1;;;;;;;;;;;;;
748;-0,785266358;0,247463456;-0,214733642;1;-1,117398349;0,253571276;0,241553721;1;-0,717087056;0,421191647;2,585435281;1;;;;;;;;;;;;;
749;-0,692215917;0,228460638;-0,307784083;1;-1,15720384;0,244549288;0,285782044;1;-0,245102715;0,319299883;0,225513573;1;;;;;;;;;;;;;
750;-0,65034199;0,289772772;-0,34965801;1;-1,672250812;0,323391795;0,858056457;0;-0,373935005;0,385888186;0,869675026;1;;;;;;;;;;;;;
751;-0,751077371;0,225853468;-0,248922629;1;-1,103663432;0,249282459;0,226292702;1;-0,460666743;0,344630612;1,303333717;1;;;;;;;;;;;;;
752;-1,223237975;0,333429105;0,223237975;1;-0,689216229;0,267129494;-0,23420419;1;0,16784266;0,413914734;-1,839213299;1;;;;;;;;;;;;;
753;-1,278570393;0,289835346;0,278570393;1;-0,809558344;0,292099302;-0,100490729;1;-0,455586617;0,463551681;1,277933083;1;;;;;;;;;;;;;
754;-1,07823814;0,243432704;0,07823814;1;-1,359442993;0,288072407;0,510492215;1;-0,44020644;0,36798684;1,201032199;1;;;;;;;;;;;;;
755;-1,008060285;0,244969107;0,008060285;1;-0,453154871;0,229025032;-0,496494588;1;-0,46442254;0,379682048;1,322112698;1;;;;;;;;;;;;;
756;-1,895027208;0,341119168;0,895027208;0;-0,833252076;0,289716905;-0,07416436;1;0,437595023;0,46724211;-3,187975117;1;;;;;;;;;;;;;
757;-1,013075809;0,268047851;0,013075809;1;-1,209625606;0,265884213;0,344028451;1;0,031660836;0,388853734;-1,15830418;1;;;;;;;;;;;;;
758;-0,954684463;0,249768583;-0,045315537;1;-0,878065817;0,241292927;-0,024371315;1;-0,231562467;0,365861085;0,157812333;1;;;;;;;;;;;;;
759;-1,181111623;0,268800553;0,181111623;1;-0,821924798;0,236216027;-0,086750224;1;-0,265948315;0,393969512;0,329741575;1;;;;;;;;;;;;;
760;-0,491686125;0,203863366;-0,508313875;0;-0,83382322;0,229590455;-0,073529756;1;-0,761599503;0,336465088;2,807997516;1;;;;;;;;;;;;;
761;-0,925103311;0,237719231;-0,074896689;1;-0,851817109;0,232104574;-0,053536546;1;-0,219225908;0,357936675;0,09612954;1;;;;;;;;;;;;;
762;-0,748686854;0,307509886;-0,251313146;1;-1,191460313;0,300014232;0,323844792;1;-0,517287022;0,455221939;1,586435111;1;;;;;;;;;;;;;
763;-1,091048029;0,320592537;0,091048029;1;-0,565827869;0,246018085;-0,371302367;1;-0,009531216;0,409706664;-0,952343922;1;;;;;;;;;;;;;
764;-1,048881507;0,306588999;0,048881507;1;-1,259217777;0,304208723;0,399130864;1;-0,433404476;0,416835256;1,167022382;1;;;;;;;;;;;;;
765;-0,838709008;0,31304842;-0,161290992;1;-0,835972209;0,263018697;-0,07114199;1;-0,400202534;0,460450011;1,001012669;1;;;;;;;;;;;;;
766;-1,41890021;0,25386975;0,41890021;1;-0,62673397;0,224414173;-0,303628922;1;0,242495156;0,344050346;-2,212475781;1;;;;;;;;;;;;;
767;-0,989227835;0,255932522;-0,010772165;1;-0,644649184;0,25528383;-0,283723129;1;-0,444724448;0,406349585;1,223622242;1;;;;;;;;;;;;;
768;-1,020707398;0,250522351;0,020707398;1;-1,176155194;0,280798198;0,306839104;1;-0,587971712;0,40163487;1,939858561;1;;;;;;;;;;;;;
769;-1,187916756;0,272321078;0,187916756;1;-1,119309243;0,285023479;0,243676937;1;-0,266331894;0,413836708;0,33165947;1;;;;;;;;;;;;;
770;-1,316486662;0,288820833;0,316486662;1;-0,149306944;0,242026964;-0,834103395;0;-0,507960553;0,42005314;1,539802767;1;;;;;;;;;;;;;
771;-1,369179566;0,280441301;0,369179566;1;-0,821091408;0,237754704;-0,087676214;1;0,454676085;0,349027331;-3,273380426;1;;;;;;;;;;;;;
772;-1,267729411;0,373467871;0,267729411;1;-0,648330445;0,297218937;-0,279632839;1;-0,253697548;0,473411806;0,268487738;1;;;;;;;;;;;;;
773;-1,308559145;0,344837026;0,308559145;1;-0,506433456;0,276487617;-0,43729616;1;-0,468891991;0,493256731;1,344459954;1;;;;;;;;;;;;;
774;-1,035089786;0,353385454;0,035089786;1;-1,473255783;0,314442317;0,63695087;1;0,406534244;0,422683997;-3,03267122;1;;;;;;;;;;;;;
775;-0,795283226;0,278258336;-0,204716774;1;-0,579527837;0,229690286;-0,356080181;1;-0,240782515;0,390907993;0,203912574;1;;;;;;;;;;;;;
776;-0,877136859;0,338269766;-0,122863141;1;-1,305175969;0,341359427;0,450195521;1;-0,649777659;0,444498218;2,248888297;1;;;;;;;;;;;;;
777;-1,616175041;0,386707619;0,616175041;1;-0,967646257;0,292149315;0,075162508;1;1,405939515;0,506912318;-8,029697577;0;;;;;;;;;;;;;
778;-1,130876413;0,250721551;0,130876413;1;-0,913883758;0,25321876;0,015426397;1;-0,372244636;0,37275703;0,861223179;1;;;;;;;;;;;;;
779;-1,316399417;0,235889252;0,316399417;1;-0,720990992;0,211726301;-0,198898898;1;0,310519162;0,302157782;-2,552595809;1;;;;;;;;;;;;;
780;-0,927847355;0,240022714;-0,072152645;1;-0,862022572;0,257261264;-0,042197142;1;-0,228165348;0,340026375;0,14082674;1;;;;;;;;;;;;;
781;-0,911514098;0,232191772;-0,088485902;1;-1,459898961;0,286353943;0,622109956;1;-0,286962739;0,342301277;0,434813696;1;;;;;;;;;;;;;
782;-0,696119746;0,239499874;-0,303880254;1;-1,017826677;0,243987672;0,13091853;1;-0,56360074;0,346521449;1,818003698;1;;;;;;;;;;;;;
783;-1,056594352;0,271386712;0,056594352;1;-1,137542748;0,268811457;0,263936387;1;0,041198108;0,372535516;-1,20599054;1;;;;;;;;;;;;;
784;-1,158407789;0,295347663;0,158407789;1;-0,716066868;0,249720392;-0,204370146;1;0,1939498;0,405411077;-1,969749001;1;;;;;;;;;;;;;
785;-1,124649111;0,270910537;0,124649111;1;-0,840955491;0,261817469;-0,06560501;1;-0,239729751;0,381986479;0,198648757;1;;;;;;;;;;;;;
786;-1,090527983;0,285091002;0,090527983;1;-0,793957064;0,256299651;-0,117825485;1;0,056869761;0,36445546;-1,284348806;1;;;;;;;;;;;;;
787;-0,909951431;0,269627796;-0,090048569;1;-0,944947814;0,270625111;0,049942016;1;-0,758995;0,402577769;2,794974998;1;;;;;;;;;;;;;
788;-1,497170008;0,362242817;0,497170008;1;-0,350054946;0,254443379;-0,61105006;0;0,664460296;0,416848097;-4,322301478;0;;;;;;;;;;;;;
789;-0,983860989;0,369356516;-0,016139011;1;-0,901708041;0,329014308;0,001897824;1;-0,497215294;0,508302042;1,486076472;1;;;;;;;;;;;;;
790;-1,018254095;0,284489843;0,018254095;1;-0,912688497;0,234991924;0,01409833;1;0,041868582;0,376377128;-1,209342908;1;;;;;;;;;;;;;
791;-1,408615905;0,306182264;0,408615905;1;-0,8880102;0,2789084;-0,013322;1;-0,173122161;0,464126744;-0,134389196;1;;;;;;;;;;;;;
792;-1,111627206;0,304646065;0,111627206;1;-1,036393857;0,277602775;0,15154873;1;0,027018486;0,402091276;-1,135092432;1;;;;;;;;;;;;;
793;-0,902225863;0,229072055;-0,097774137;1;-0,882580568;0,240758039;-0,019354925;1;-0,288712006;0,346146584;0,443560028;1;;;;;;;;;;;;;
794;-1,084207045;0,266577858;0,084207045;1;-1,046880906;0,244930306;0,163201007;1;0,336584507;0,372018523;-2,682922534;1;;;;;;;;;;;;;
795;-1,449505162;0,254618046;0,449505162;1;-1,182192487;0,274272648;0,313547208;1;0,210353149;0,348898088;-2,051765744;1;;;;;;;;;;;;;
796;-0,684650772;0,329335755;-0,315349228;1;-0,894759749;0,27243901;-0,005822501;1;-0,478059499;0,436670228;1,390297495;1;;;;;;;;;;;;;
797;-1,001535849;0,230254492;0,001535849;1;-0,821649207;0,218595934;-0,087056437;1;0,415267732;0,301337239;-3,076338659;0;;;;;;;;;;;;;
798;-1,126007266;0,315123828;0,126007266;1;-1,00981572;0,256596741;0,122017467;1;0,258065453;0,430764116;-2,290327266;1;;;;;;;;;;;;;
799;-1,316571821;0,304941524;0,316571821;1;-0,583091301;0,239752106;-0,352120776;1;0,342470465;0,389523789;-2,712352325;1;;;;;;;;;;;;;
800;-0,834478928;0,227553193;-0,165521072;1;-0,57106873;0,187351341;-0,365479189;1;0,016127622;0,308615655;-1,080638111;1;;;;;;;;;;;;;
801;-0,873293188;0,279306039;-0,126706812;1;-1,160919452;0,269981876;0,289910502;1;0,015340714;0,38480881;-1,076703569;1;;;;;;;;;;;;;
802;-1,508656524;0,325790835;0,508656524;1;-0,800748931;0,263373167;-0,110278965;1;0,475201394;0,432730145;-3,376006971;1;;;;;;;;;;;;;
803;-1,32165984;0,272183526;0,32165984;1;-1,239411058;0,262292197;0,377123398;1;0,374318388;0,363543835;-2,871591939;1;;;;;;;;;;;;;
804;-1,027018296;0,305008171;0,027018296;1;-1,040805709;0,273604865;0,156450788;1;-0,181932755;0,436510941;-0,090336226;1;;;;;;;;;;;;;
805;-0,539149522;0,191302489;-0,460850478;0;-1,292381338;0,248357958;0,435979265;1;-0,674117724;0,315628134;2,370588621;1;;;;;;;;;;;;;
806;-1,253024413;0,250653402;0,253024413;1;-0,753799428;0,255389365;-0,16244508;1;-0,277918251;0,366925459;0,389591253;1;;;;;;;;;;;;;
807;-0,848225996;0,238654986;-0,151774004;1;-0,664855741;0,229160628;-0,261271399;1;-0,448682767;0,374226239;1,243413837;1;;;;;;;;;;;;;
808;-0,868117324;0,277178995;-0,131882676;1;-0,896338424;0,241390371;-0,004068418;1;0,16592272;0,363634805;-1,829613601;1;;;;;;;;;;;;;
809;-1,066908896;0,227121444;0,066908896;1;-0,968603693;0,24608231;0,076226326;1;-0,177362855;0,335572848;-0,113185723;1;;;;;;;;;;;;;
810;-1,177479004;0,305479476;0,177479004;1;-0,68795343;0,23841855;-0,2356073;1;0,374591269;0,38309055;-2,872956343;1;;;;;;;;;;;;;
811;-0,312551461;0,28775367;-0,687448539;0;-1,14602216;0,258692823;0,273357956;1;-0,699929906;0,384859304;2,499649529;1;;;;;;;;;;;;;
812;-0,555962343;0,174327099;-0,444037657;0;-1,009572003;0,218460175;0,12174667;1;-0,450952508;0,274993962;1,254762541;1;;;;;;;;;;;;;
813;-0,932538279;0,251174772;-0,067461721;1;-0,932103139;0,252400332;0,035670154;1;-0,507224623;0,397187532;1,536123114;1;;;;;;;;;;;;;
814;-0,985638289;0,230913251;-0,014361711;1;-1,132867947;0,256910626;0,258742164;1;-0,303921297;0,3434552;0,519606487;1;;;;;;;;;;;;;
815;-1,060562412;0,263895905;0,060562412;1;-0,985969261;0,258530961;0,095521401;1;-0,09156169;0,376100536;-0,542191551;1;;;;;;;;;;;;;
816;-0,903229095;0,283900255;-0,096770905;1;-1,275198242;0,26760921;0,416886935;1;0,159687204;0,38634796;-1,798436018;1;;;;;;;;;;;;;
817;-0,995022535;0,212370828;-0,004977465;1;-0,92564232;0,236836648;0,028491467;1;-0,533220907;0,338880386;1,666104533;1;;;;;;;;;;;;;
818;-0,917668375;0,313643656;-0,082331625;1;-0,4367377;0,253295181;-0,514735889;1;-0,993202067;0,443951675;3,966010336;1;;;;;;;;;;;;;
819;-0,809990454;0,221049394;-0,190009546;1;-0,966341308;0,22937458;0,073712564;1;-0,260760064;0,325348097;0,303800321;1;;;;;;;;;;;;;
820;-1,364521451;0,361264898;0,364521451;1;-1,16609619;0,293184957;0,295662433;1;0,709185063;0,483029506;-4,545925316;1;;;;;;;;;;;;;
821;-0,985546126;0,256656994;-0,014453874;1;-1,596169746;0,328369095;0,77352194;0;-0,512230774;0,37310828;1,561153872;1;;;;;;;;;;;;;
822;-1,374164508;0,305705218;0,374164508;1;-1,290969982;0,295366517;0,434411091;1;0,185918147;0,409928806;-1,929590735;1;;;;;;;;;;;;;
823;-0,713989064;0,190903023;-0,286010936;1;-0,674640031;0,213754164;-0,250399965;1;-0,797755731;0,344463759;2,988778656;1;;;;;;;;;;;;;
824;-0,540012095;0,346487005;-0,459987905;1;-1,391049895;0,319371988;0,545610995;1;-0,290763857;0,447961967;0,453819283;1;;;;;;;;;;;;;
825;-0,899538515;0,243364347;-0,100461485;1;-1,220320735;0,300877538;0,355911928;1;-0,775871127;0,392550165;2,879355636;1;;;;;;;;;;;;;
826;-0,938194386;0,369755159;-0,061805614;1;-1,281251843;0,294327101;0,423613159;1;0,770443538;0,434323696;-4,85221769;0;;;;;;;;;;;;;
827;-0,764153918;0,286305824;-0,235846082;1;-0,980967285;0,268463319;0,08996365;1;-0,310762865;0,431770762;0,553814325;1;;;;;;;;;;;;;
828;-0,786561377;0,22678529;-0,213438623;1;-0,911705207;0,232503759;0,013005785;1;-0,043906167;0,333970453;-0,780469164;1;;;;;;;;;;;;;
829;-1,386283423;0,385079993;0,386283423;1;-0,922080301;0,295936048;0,024533668;1;0,535984293;0,476688293;-3,679921466;1;;;;;;;;;;;;;
830;-1,014144822;0,280144207;0,014144822;1;-1,445166391;0,296745984;0,605740434;1;0,069473459;0,351288617;-1,347367295;1;;;;;;;;;;;;;
831;-1,312154575;0,223023403;0,312154575;1;-1,148053776;0,255958761;0,275615306;1;0,09774118;0,33575705;-1,488705901;1;;;;;;;;;;;;;
832;-1,505078869;0,313682938;0,505078869;1;-0,457895892;0,260066417;-0,491226787;1;0,182632629;0,418549504;-1,913163143;1;;;;;;;;;;;;;
833;-0,661160687;0,204635712;-0,338839313;1;-1,188905513;0,251350991;0,321006126;1;-0,668438955;0,315259696;2,342194774;1;;;;;;;;;;;;;
834;-1,308527596;0,430312634;0,308527596;1;-0,815130613;0,331937408;-0,094299319;1;-0,015267931;0,523465688;-0,923660344;1;;;;;;;;;;;;;
835;-1,150954215;0,367829293;0,150954215;1;-0,771538906;0,272981915;-0,142734549;1;0,321176736;0,45846392;-2,605883681;1;;;;;;;;;;;;;
836;-0,871113025;0,327772707;-0,128886975;1;-0,943324751;0,289456627;0,048138612;1;-0,202123206;0,475970385;0,01061603;1;;;;;;;;;;;;;
837;-0,945382367;0,246389721;-0,054617633;1;-0,865429934;0,251134693;-0,038411184;1;-0,480985415;0,361062147;1,404927077;1;;;;;;;;;;;;;
838;-1,289045214;0,299151383;0,289045214;1;-0,901412696;0,242633383;0,001569662;1;0,409977876;0,411239301;-3,049889379;1;;;;;;;;;;;;;
839;-0,814158009;0,268275903;-0,185841991;1;-0,839638706;0,247007683;-0,067068105;1;-0,296198961;0,388120895;0,480994803;1;;;;;;;;;;;;;
840;-1,818839118;0,372097682;0,818839118;0;-1,004247186;0,305564031;0,115830206;1;0,684791329;0,460486041;-4,423956647;1;;;;;;;;;;;;;
841;-0,965414306;0,251897426;-0,034585694;1;-0,472188249;0,209392287;-0,475346389;0;0,105060778;0,353379583;-1,52530389;1;;;;;;;;;;;;;
842;-0,661512335;0,310822038;-0,338487665;1;-1,293532966;0,308688364;0,437258851;1;-0,843581778;0,455428399;3,217908889;1;;;;;;;;;;;;;
843;-0,796849257;0,205758218;-0,203150743;1;-0,672012917;0,203859854;-0,253318981;1;-0,46435448;0,357828086;1,321772398;1;;;;;;;;;;;;;
844;-1,091553572;0,259389644;0,091553572;1;-0,92372723;0,271033536;0,026363589;1;-0,533704008;0,407563721;1,668520042;1;;;;;;;;;;;;;
845;-1,301886306;0,331013036;0,301886306;1;-0,72114894;0,26686116;-0,1987234;1;0,477623599;0,427622718;-3,388117997;1;;;;;;;;;;;;;
846;-0,933011229;0,27150828;-0,066988771;1;-1,226114171;0,282711682;0,362349079;1;-0,190254088;0,366550793;-0,048729562;1;;;;;;;;;;;;;
847;-0,758732986;0,268592314;-0,241267014;1;-1,251462176;0,295938821;0,390513529;1;-0,414483002;0,402636799;1,072415011;1;;;;;;;;;;;;;
848;-1,162090781;0,325011945;0,162090781;1;-1,100463584;0,310760197;0,222737315;1;-0,028863506;0,462348265;-0,855682471;1;;;;;;;;;;;;;
849;-0,707277273;0,256092009;-0,292722727;1;-0,749303719;0,226969431;-0,167440312;1;-0,172466318;0,347544078;-0,13766841;1;;;;;;;;;;;;;
850;-0,581330229;0,194610393;-0,418669771;0;-0,797655161;0,213176134;-0,113716488;1;-0,764639093;0,29287553;2,823195467;1;;;;;;;;;;;;;
851;-0,749960043;0,24292101;-0,250039957;1;-1,297103395;0,271976993;0,441225994;1;-0,592235559;0,384409601;1,961177794;1;;;;;;;;;;;;;
852;-1,336542688;0,305275976;0,336542688;1;-0,900691743;0,273762115;0,000768604;1;0,072681871;0,415942062;-1,363409357;1;;;;;;;;;;;;;
853;-0,737749105;0,227768755;-0,262250895;1;-1,05816115;0,256732135;0,175734611;1;-0,719646858;0,364755931;2,598234292;1;;;;;;;;;;;;;
854;-0,984154935;0,23714858;-0,015845065;1;-0,605386387;0,239958367;-0,327348459;1;-0,597979253;0,348700351;1,989896263;1;;;;;;;;;;;;;
855;-1,111511439;0,256940349;0,111511439;1;-0,987715645;0,256761984;0,097461828;1;0,066279028;0,398193046;-1,331395141;1;;;;;;;;;;;;;
856;-1,100125637;0,237432161;0,100125637;1;-0,540656942;0,223631045;-0,399270064;1;-0,170644464;0,341950503;-0,146777678;1;;;;;;;;;;;;;
857;-1,194044103;0,267605815;0,194044103;1;-1,108913744;0,273592583;0,232126382;1;-0,420352243;0,398381579;1,101761217;1;;;;;;;;;;;;;
858;-1,205309648;0,265139699;0,205309648;1;-0,842607088;0,221145872;-0,063769902;1;0,433902982;0,347520863;-3,169514911;1;;;;;;;;;;;;;
859;-0,661822838;0,215208459;-0,338177162;1;-1,072938148;0,23993843;0,192153498;1;-0,456551975;0,320528186;1,282759874;1;;;;;;;;;;;;;
860;-1,044993209;0,254059674;0,044993209;1;-0,734572519;0,262129615;-0,183808312;1;-0,377871052;0,397883808;0,889355259;1;;;;;;;;;;;;;
861;-1,009205318;0,26241039;0,009205318;1;-0,974235963;0,240934367;0,082484404;1;0,132698777;0,351460798;-1,663493886;1;;;;;;;;;;;;;
862;-1,005530035;0,250199361;0,005530035;1;-0,825416229;0,24715225;-0,082870856;1;0,076893982;0,364789432;-1,384469909;1;;;;;;;;;;;;;
863;-0,85152891;0,201470285;-0,14847109;1;-0,736945995;0,202837851;-0,181171117;1;-0,186174341;0,322342154;-0,069128293;1;;;;;;;;;;;;;
864;-0,921996579;0,276158875;-0,078003421;1;-0,96993951;0,248026616;0,077710567;1;0,126484232;0,333220832;-1,632421162;1;;;;;;;;;;;;;
865;-1,44568172;0,30067626;0,44568172;1;-0,920993572;0,277934692;0,023326191;1;0,032987333;0,428076252;-1,164936665;1;;;;;;;;;;;;;
866;-0,413827676;0,297360023;-0,586172324;0;-0,786478266;0,254091267;-0,12613526;1;-1,146354753;0,450000047;4,731773767;0;;;;;;;;;;;;;
867;-0,870878535;0,278030864;-0,129121465;1;-1,009069761;0,266081391;0,121188623;1;-0,266544264;0,419460543;0,332721322;1;;;;;;;;;;;;;
868;-0,868421562;0,319746063;-0,131578438;1;-1,11877398;0,307048398;0,2430822;1;-0,768109159;0,440433885;2,840545795;1;;;;;;;;;;;;;
869;-1,007852961;0,272288394;0,007852961;1;-0,638079958;0,224769099;-0,291022269;1;0,059251613;0,373443124;-1,296258063;1;;;;;;;;;;;;;
870;-1,018075276;0,292607812;0,018075276;1;-0,979679586;0,264574196;0,088532873;1;-0,073579929;0,394020662;-0,632100354;1;;;;;;;;;;;;;
871;-0,875483277;0,303977269;-0,124516723;1;-0,60779817;0,229971197;-0,3246687;1;0,020679276;0,373214147;-1,103396381;1;;;;;;;;;;;;;
872;-1,031876614;0,264548932;0,031876614;1;-0,486491141;0,229825718;-0,459454288;1;-0,455457138;0,392404305;1,27728569;1;;;;;;;;;;;;;
873;-1,525307746;0,310271754;0,525307746;1;-0,735986468;0,249547824;-0,182237258;1;0,581365751;0,40364594;-3,906828757;1;;;;;;;;;;;;;
874;-1,391118832;0,289215474;0,391118832;1;-0,923900375;0,275572711;0,026555972;1;-0,161051159;0,41054156;-0,194744204;1;;;;;;;;;;;;;
875;-0,906878671;0,253982743;-0,093121329;1;-0,781288398;0,225454605;-0,13190178;1;0,069925305;0,361625984;-1,349626524;1;;;;;;;;;;;;;
876;-0,617672969;0,235662354;-0,382327031;1;-0,865097449;0,256544486;-0,038780612;1;-0,710823309;0,367323163;2,554116546;1;;;;;;;;;;;;;
877;-1,041902488;0,280654867;0,041902488;1;-1,19428999;0,304372895;0,326988878;1;-0,53935241;0,402370974;1,696762049;1;;;;;;;;;;;;;
878;-1,089070201;0,233008253;0,089070201;1;-1,261353673;0,277265792;0,401504082;1;-0,247334611;0,340153548;0,236673056;1;;;;;;;;;;;;;
879;-0,881271109;0,293812558;-0,118728891;1;-0,906485055;0,278400666;0,007205617;1;-0,79752176;0,423533524;2,987608798;1;;;;;;;;;;;;;
880;-0,994032445;0,254964692;-0,005967555;1;-0,687970172;0,235807541;-0,235588698;1;0,005001853;0,358001501;-1,025009265;1;;;;;;;;;;;;;
881;-1,371714218;0,328301436;0,371714218;1;-0,740279787;0,278226183;-0,177466903;1;0,146138444;0,439804555;-1,730692218;1;;;;;;;;;;;;;
882;-0,943243226;0,317478378;-0,056756774;1;-0,990125055;0,282961376;0,10013895;1;-0,092772151;0,394248684;-0,536139245;1;;;;;;;;;;;;;
883;-1,13881383;0,248981135;0,13881383;1;-0,818213922;0,282683852;-0,09087342;1;-0,76696155;0,420291593;2,834807751;1;;;;;;;;;;;;;
884;-1,080896054;0,292868775;0,080896054;1;-0,771656068;0,26132641;-0,142604369;1;-0,628395603;0,425096305;2,141978015;1;;;;;;;;;;;;;
885;-0,884068851;0,269609723;-0,115931149;1;-0,714047119;0,257707202;-0,206614312;1;-0,169729552;0,387391964;-0,151352242;1;;;;;;;;;;;;;
886;-1,190043686;0,286706716;0,190043686;1;-0,717099944;0,266481516;-0,203222285;1;-0,333682103;0,447605427;0,668410513;1;;;;;;;;;;;;;
887;-0,685896768;0,230648049;-0,314103232;1;-0,909380368;0,24286556;0,010422631;1;-0,35774258;0,325168719;0,788712902;1;;;;;;;;;;;;;
888;-1,222101367;0,258337195;0,222101367;1;-0,913346022;0,255904482;0,014828913;1;-0,330672763;0,368923403;0,653363814;1;;;;;;;;;;;;;
889;-0,974652622;0,266516836;-0,025347378;1;-0,997240873;0,274478333;0,108045415;1;-0,541715385;0,435768134;1,708576923;1;;;;;;;;;;;;;
890;-0,823179648;0,282453257;-0,176820352;1;-0,851719687;0,250332202;-0,053644792;1;-0,254140173;0,40003496;0,270700864;1;;;;;;;;;;;;;
891;-0,888059551;0,33058386;-0,111940449;1;-0,848547642;0,272884406;-0,057169287;1;-0,032571106;0,469919841;-0,837144468;1;;;;;;;;;;;;;
892;-0,678463429;0,240758186;-0,321536571;1;-1,303770297;0,270460132;0,448633663;1;-0,711301884;0,356953033;2,55650942;1;;;;;;;;;;;;;
893;-1,089014398;0,296964607;0,089014398;1;-0,955534712;0,269903259;0,061705235;1;-0,091493259;0,386270752;-0,542533707;1;;;;;;;;;;;;;
894;-0,66650721;0,230254936;-0,33349279;1;-0,96531936;0,225160837;0,072577067;1;-0,33806393;0,341847317;0,690319649;1;;;;;;;;;;;;;
895;-1,491868428;0,298899883;0,491868428;1;-0,751143032;0,262243376;-0,165396631;1;0,119856075;0,398871314;-1,599280377;1;;;;;;;;;;;;;
896;-1,173264525;0,328352423;0,173264525;1;-0,940409397;0,267788119;0,04489933;1;0,303044365;0,403902324;-2,515221826;1;;;;;;;;;;;;;
897;-0,684022411;0,205071662;-0,315977589;1;-0,880059143;0,220818145;-0,022156507;1;-0,568451106;0,34702599;1,842255531;1;;;;;;;;;;;;;
898;-1,615295287;0,392808136;0,615295287;1;-0,82633996;0,332295502;-0,081844489;1;0,054266759;0,524663814;-1,271333794;1;;;;;;;;;;;;;
899;-1,242718394;0,351161951;0,242718394;1;-1,108452011;0,294263372;0,231613345;1;0,24541421;0,427846161;-2,227071049;1;;;;;;;;;;;;;
900;-1,014138694;0,268586029;0,014138694;1;-0,980473492;0,270794627;0,089414991;1;-0,068545553;0,353557266;-0,657272234;1;;;;;;;;;;;;;
901;-1,448334679;0,302852016;0,448334679;1;-0,146649841;0,233681496;-0,837055732;0;-0,13449861;0,421023331;-0,327506951;1;;;;;;;;;;;;;
902;-1,148317463;0,25273732;0,148317463;1;-0,688913677;0,235837214;-0,234540359;1;0,180626067;0,352184946;-1,903130337;1;;;;;;;;;;;;;
903;-1,158667341;0,273746841;0,158667341;1;-0,817740567;0,256586395;-0,09139937;1;-0,169209707;0,381991808;-0,153951465;1;;;;;;;;;;;;;
904;-0,682240202;0,203554861;-0,317759798;1;-0,874043507;0,203474822;-0,028840548;1;-0,093048102;0,291835651;-0,534759491;1;;;;;;;;;;;;;
905;-1,100260381;0,235866509;0,100260381;1;-0,76446949;0,217206468;-0,150589456;1;0,124660157;0,328459505;-1,623300786;1;;;;;;;;;;;;;
906;-0,50549936;0,219500856;-0,49450064;0;-0,993851045;0,249211553;0,104278939;1;-0,770874309;0,346308337;2,854371547;1;;;;;;;;;;;;;
907;-1,060211791;0,28320994;0,060211791;1;-0,703923082;0,244534751;-0,217863242;1;0,140233911;0,391558465;-1,701169553;1;;;;;;;;;;;;;
908;-1,210395576;0,288897624;0,210395576;1;-1,318968816;0,309997859;0,465520907;1;0,164369957;0,398673956;-1,821849784;1;;;;;;;;;;;;;
909;-0,941309206;0,314699262;-0,058690794;1;-0,698461485;0,268828264;-0,223931683;1;-0,534627837;0,441274666;1,673139183;1;;;;;;;;;;;;;
910;-1,374093696;0,27132385;0,374093696;1;-1,725209859;0,341135596;0,916899843;0;0,088607866;0,410826374;-1,44303933;1;;;;;;;;;;;;;
911;-0,927466453;0,260588548;-0,072533547;1;-0,844592562;0,23898438;-0,06156382;1;-0,205527582;0,380822394;0,027637908;1;;;;;;;;;;;;;
912;-1,043652048;0,22713008;0,043652048;1;-1,131730017;0,263455625;0,257477796;1;-0,290264429;0,325087696;0,451322146;1;;;;;;;;;;;;;
913;-1,408965915;0,304714165;0,408965915;1;-0,49515768;0,253333686;-0,4498248;1;-0,161751827;0,429069986;-0,191240867;1;;;;;;;;;;;;;
914;-0,551528682;0,206417653;-0,448471318;0;-0,752209418;0,208331163;-0,164211758;1;-0,895603152;0,324971429;3,478015762;0;;;;;;;;;;;;;
915;-1,223231542;0,286323529;0,223231542;1;-0,859833664;0,259384399;-0,044629263;1;0,038990632;0,38154066;-1,194953158;1;;;;;;;;;;;;;
916;-0,968757012;0,298099152;-0,031242988;1;-0,652870791;0,271834913;-0,27458801;1;-0,184679232;0,457772521;-0,07660384;1;;;;;;;;;;;;;
917;-1,219830547;0,281694728;0,219830547;1;-1,337762917;0,296669114;0,486403241;1;-0,01662615;0,420104012;-0,916869252;1;;;;;;;;;;;;;
918;-1,117573882;0,327334609;0,117573882;1;-1,312822741;0,336691867;0,458691934;1;-0,00748845;0,488261106;-0,96255775;1;;;;;;;;;;;;;
919;-1,148018987;0,287886601;0,148018987;1;-0,863504239;0,25414174;-0,040550846;1;0,061889172;0,391127671;-1,30944586;1;;;;;;;;;;;;;
920;-0,916816455;0,226360567;-0,083183545;1;-0,632419495;0,204134839;-0,297311672;1;-0,044985309;0,319021053;-0,775073454;1;;;;;;;;;;;;;
921;-0,967052998;0,266727784;-0,032947002;1;-0,70693108;0,244322822;-0,214521022;1;-0,73449087;0,404687458;2,672454349;1;;;;;;;;;;;;;
922;-0,847607455;0,287974691;-0,152392545;1;-0,929334953;0,269800759;0,032594392;1;-0,301386481;0,41222028;0,506932407;1;;;;;;;;;;;;;
923;-1,36921589;0,334166945;0,36921589;1;-0,549369523;0,273831745;-0,389589418;1;-0,106917624;0,45273995;-0,465411878;1;;;;;;;;;;;;;
924;-0,982166427;0,203188716;-0,017833573;1;-0,665783884;0,211307994;-0,260240129;1;-0,376632898;0,308753177;0,88316449;1;;;;;;;;;;;;;
925;-1,061874318;0,275878824;0,061874318;1;-0,80616997;0,246306004;-0,104255589;1;0,014910944;0,368317549;-1,074554718;1;;;;;;;;;;;;;
926;-1,143850893;0,274511688;0,143850893;1;-0,950935222;0,272146322;0,056594692;1;-0,233630153;0,412215008;0,168150763;1;;;;;;;;;;;;;
927;-1,488319692;0,344730749;0,488319692;1;-1,114788821;0,309634039;0,238654246;1;0,08760759;0,471861714;-1,438037948;1;;;;;;;;;;;;;
928;-0,697535829;0,254891994;-0,302464171;1;-1,093920881;0,263523437;0,215467645;1;-0,514010972;0,37125457;1,570054861;1;;;;;;;;;;;;;
929;-0,691719722;0,263348977;-0,308280278;1;-0,637637004;0,247226303;-0,29151444;1;-0,813968154;0,427026975;3,06984077;1;;;;;;;;;;;;;
930;-0,977586891;0,245204721;-0,022413109;1;-0,938544854;0,238885874;0,042827615;1;-0,466063769;0,341862505;1,330318844;1;;;;;;;;;;;;;
931;-0,569483675;0,299640498;-0,430516325;1;-0,691481131;0,243032781;-0,231687633;1;-0,392866848;0,408794875;0,964334242;1;;;;;;;;;;;;;
932;-1,080861714;0,299511867;0,080861714;1;-0,536426004;0,253503685;-0,403971107;1;-0,247455243;0,432187441;0,237276214;1;;;;;;;;;;;;;
933;-1,29955945;0,29924112;0,29955945;1;-0,414190554;0,224306955;-0,539788273;0;0,293022861;0,405574814;-2,465114305;1;;;;;;;;;;;;;
934;-1,18803847;0,287902019;0,18803847;1;-0,871479718;0,273590972;-0,031689203;1;-0,465452856;0,399807025;1,327264279;1;;;;;;;;;;;;;
935;-1,551138715;0,288701025;0,551138715;1;-0,918245382;0,249031796;0,020272646;1;0,428750128;0,367071763;-3,143750641;1;;;;;;;;;;;;;
936;-1,286368222;0,287680582;0,286368222;1;-0,581768953;0,259101978;-0,353590052;1;-0,548837766;0,451755574;1,744188832;1;;;;;;;;;;;;;
937;-0,886997681;0,348461016;-0,113002319;1;-0,718699344;0,264106424;-0,201445173;1;-0,113596939;0,419122393;-0,432015307;1;;;;;;;;;;;;;
938;-0,761214039;0,219123048;-0,238785961;1;-1,043583656;0,248954339;0,159537395;1;-0,961507118;0,358838202;3,807535588;0;;;;;;;;;;;;;
939;-0,916160013;0,198560046;-0,083839987;1;-1,045368797;0,23955051;0,161520885;1;-0,204524179;0,311268581;0,022620895;1;;;;;;;;;;;;;
940;-0,873969305;0,227874643;-0,126030695;1;-1,041013905;0,251047444;0,156682116;1;-0,413249781;0,343837814;1,066248904;1;;;;;;;;;;;;;
941;-1,503327576;0,309996247;0,503327576;1;-0,612118006;0,245106413;-0,319868882;1;0,677376689;0,432491015;-4,386883447;0;;;;;;;;;;;;;
942;-1,139574529;0,256663801;0,139574529;1;-1,020325711;0,265436858;0,133695235;1;-0,580700423;0,388033072;1,903502117;1;;;;;;;;;;;;;
943;-1,304959354;0,227874156;0,304959354;1;-0,859866859;0,2434194;-0,044592379;1;-0,106282897;0,35940499;-0,468585515;1;;;;;;;;;;;;;
944;-0,284004598;0,255690088;-0,715995402;0;-1,018683033;0,234865158;0,131870036;1;-0,918446729;0,388971006;3,592233644;1;;;;;;;;;;;;;
945;-0,928688092;0,237544368;-0,071311908;1;-0,727428531;0,228138406;-0,191746077;1;-0,385063813;0,381852935;0,925319063;1;;;;;;;;;;;;;
946;-1,411473099;0,325832835;0,411473099;1;-0,595692312;0,247315693;-0,338119653;1;0,339366384;0,446596819;-2,696831919;1;;;;;;;;;;;;;
947;-0,990720354;0,256892995;-0,009279646;1;-0,660004074;0,247294527;-0,26666214;1;-0,370480557;0,384279285;0,852402786;1;;;;;;;;;;;;;
948;-1,055010294;0,239291174;0,055010294;1;-1,111982084;0,253863777;0,235535649;1;0,335996026;0,330782902;-2,679980128;1;;;;;;;;;;;;;
949;-0,600614316;0,241480669;-0,399385684;1;-0,973128678;0,232990947;0,081254087;1;-0,314093822;0,322039445;0,570469112;1;;;;;;;;;;;;;
950;-1,005802541;0,285809593;0,005802541;1;-1,17007958;0,280398736;0,300088423;1;-0,133505706;0,377683652;-0,332471471;1;;;;;;;;;;;;;
951;-1,051868488;0,217667244;0,051868488;1;-1,243680774;0,258721722;0,381867527;1;-0,107969644;0,304142052;-0,460151779;1;;;;;;;;;;;;;
952;-0,635163098;0,27493102;-0,364836902;1;-0,835204398;0,256030141;-0,071995113;1;-0,782381611;0,439280857;2,911908056;1;;;;;;;;;;;;;
953;-0,952063249;0,231141915;-0,047936751;1;-1,040307121;0,24725046;0,155896801;1;-0,552612436;0,362819511;1,763062182;1;;;;;;;;;;;;;
954;-0,80790668;0,26136288;-0,19209332;1;-1,242512021;0,292557813;0,380568913;1;-0,440015699;0,379348366;1,200078495;1;;;;;;;;;;;;;
955;-1,634319061;0,299248503;0,634319061;0;-0,824960598;0,240326109;-0,083377113;1;0,784040023;0,400118106;-4,920200114;0;;;;;;;;;;;;;
956;-1,342671002;0,351848728;0,342671002;1;-0,715890237;0,27251765;-0,204566403;1;0,491047919;0,487227817;-3,455239593;1;;;;;;;;;;;;;
957;-0,960935018;0,322776093;-0,039064982;1;-0,920374004;0,294455837;0,022637782;1;-0,120794134;0,46135998;-0,396029332;1;;;;;;;;;;;;;
958;-1,106924558;0,369699019;0,106924558;1;-0,477231229;0,25162456;-0,469743079;1;0,193143749;0,428206405;-1,965718743;1;;;;;;;;;;;;;
959;-0,759395732;0,198504727;-0,240604268;1;-0,925468468;0,230009003;0,028298298;1;-0,538174215;0,304739764;1,690871077;1;;;;;;;;;;;;;
960;-1,046148425;0,206626846;0,046148425;1;-1,304923235;0,260562118;0,449914705;1;-0,075837788;0,316326133;-0,62081106;1;;;;;;;;;;;;;
961;-1,015310819;0,273312755;0,015310819;1;-1,177126968;0,2794193;0,307918853;1;-0,111815989;0,36592517;-0,440920055;1;;;;;;;;;;;;;
962;-1,173779993;0,279468856;0,173779993;1;-1,382695544;0,321756292;0,536328382;1;-0,092399108;0,387735466;-0,538004462;1;;;;;;;;;;;;;
963;-0,62969411;0,231484477;-0,37030589;1;-0,853453674;0,237853644;-0,05171814;1;-0,720534015;0,367660833;2,602670074;1;;;;;;;;;;;;;
964;-1,02579862;0,291538088;0,02579862;1;-0,686582391;0,263950994;-0,237130677;1;-0,623041677;0,420026711;2,115208387;1;;;;;;;;;;;;;
965;-1,141193065;0,270380529;0,141193065;1;-1,178058966;0,299453685;0,308954407;1;-0,319262708;0,381006115;0,59631354;1;;;;;;;;;;;;;
966;-0,795485963;0,231855278;-0,204514037;1;-1,103743587;0,250240525;0,226381763;1;-0,357210952;0,359821123;0,786054762;1;;;;;;;;;;;;;
967;-1,628847418;0,302620834;0,628847418;0;-0,83044177;0,276770557;-0,077286922;1;0,199828039;0,471949752;-1,999140193;1;;;;;;;;;;;;;
968;-0,964271148;0,250367847;-0,035728852;1;-1,078195921;0,251133529;0,197995468;1;0,232698895;0,321473183;-2,163494475;1;;;;;;;;;;;;;
969;-0,960436715;0,250118494;-0,039563285;1;-0,670683321;0,225563334;-0,25479631;1;-0,401493721;0,376034161;1,007468603;1;;;;;;;;;;;;;
970;-1,019191626;0,281356325;0,019191626;1;-0,912072312;0,270223526;0,01341368;1;-0,047436934;0,403450447;-0,76281533;1;;;;;;;;;;;;;
971;-0,989645202;0,275382957;-0,010354798;1;-1,002475897;0,265540481;0,113862108;1;0,002425955;0,382266217;-1,012129775;1;;;;;;;;;;;;;
972;-1,530162192;0,337543404;0,530162192;1;-0,676139784;0,277830363;-0,248733573;1;0,20885793;0,46760223;-2,044289649;1;;;;;;;;;;;;;
973;-0,748694473;0,319139474;-0,251305527;1;-0,921745179;0,280479099;0,02416131;1;-0,218349821;0,445940565;0,091749104;1;;;;;;;;;;;;;
974;-0,772197493;0,219578264;-0,227802507;1;-1,163124486;0,254579433;0,29236054;1;-1,073844086;0,368732727;4,369220429;0;;;;;;;;;;;;;
975;-1,289531081;0,262201752;0,289531081;1;-0,52775021;0,233367047;-0,413610878;1;-0,031764565;0,39165306;-0,841177174;1;;;;;;;;;;;;;
976;-1,21211001;0,234154658;0,21211001;1;-0,98883728;0,242928262;0,098708089;1;-0,172373146;0,370007782;-0,138134272;1;;;;;;;;;;;;;
977;-0,513633496;0,261519924;-0,486366504;1;-0,992116647;0,234372405;0,10235183;1;-0,114379696;0,342860898;-0,428101521;1;;;;;;;;;;;;;
978;-1,263914281;0,323328336;0,263914281;1;-0,718655748;0,252976731;-0,201493613;1;0,584930784;0,408609722;-3,924653918;1;;;;;;;;;;;;;
979;-0,912257106;0,273986848;-0,087742894;1;-0,828411764;0,239103715;-0,079542484;1;-0,170570595;0,369333774;-0,147147024;1;;;;;;;;;;;;;
980;-1,187941065;0,302260681;0,187941065;1;-0,909045143;0,265514352;0,010050159;1;0,160909525;0,405904479;-1,804547623;1;;;;;;;;;;;;;
981;-1,609116429;0,31488661;0,609116429;1;-0,668325713;0,273486034;-0,257415875;1;0,239507956;0,438228978;-2,197539782;1;;;;;;;;;;;;;
982;-1,499697747;0,300240984;0,499697747;1;-0,611060584;0,229953092;-0,321043795;1;0,316782267;0,380780827;-2,583911336;1;;;;;;;;;;;;;
983;-1,361087568;0,343729093;0,361087568;1;-0,410447849;0,271302193;-0,543946834;1;-0,024968276;0,442043447;-0,875158622;1;;;;;;;;;;;;;
984;-0,56846217;0,256443371;-0,43153783;1;-1,219116462;0,278010559;0,354573847;1;-0,757564985;0,35688017;2,787824923;1;;;;;;;;;;;;;
985;-1,261128702;0,273215373;0,261128702;1;-0,226957814;0,25229515;-0,747824651;0;-1,229156006;0,441746819;5,145780029;0;;;;;;;;;;;;;
986;-0,885991475;0,341868453;-0,114008525;1;-0,454399628;0,273227847;-0,495111525;1;-1,090032283;0,517018469;4,450161413;1;;;;;;;;;;;;;
987;-1,749171389;0,329374398;0,749171389;0;-0,897570139;0,300011553;-0,002699846;1;0,078746649;0,45506358;-1,393733245;1;;;;;;;;;;;;;
988;-0,796713576;0,226274158;-0,203286424;1;-1,396782754;0,272692718;0,551980838;1;-0,368520232;0,317413258;0,842601161;1;;;;;;;;;;;;;
989;-1,314094685;0,281953436;0,314094685;1;-1,074916226;0,253822707;0,194351362;1;0,614981143;0,378203372;-4,074905716;0;;;;;;;;;;;;;
990;-0,836089445;0,256212737;-0,163910555;1;-0,691622044;0,238389575;-0,231531062;1;-0,322888604;0,35777571;0,61444302;1;;;;;;;;;;;;;
991;-0,908794092;0,285652567;-0,091205908;1;-0,780566116;0,234436952;-0,132704316;1;0,063053229;0,367618153;-1,315266145;1;;;;;;;;;;;;;
992;-1,054150585;0,307967978;0,054150585;1;-0,713794343;0,253045209;-0,206895174;1;-0,173895387;0,455054167;-0,130523066;1;;;;;;;;;;;;;
993;-1,544838715;0,293899422;0,544838715;1;-0,653433392;0,235155993;-0,273962897;1;0,652769115;0,371281219;-4,263845573;0;;;;;;;;;;;;;
994;-1,04647077;0,256817048;0,04647077;1;-0,32928028;0,224246708;-0,634133022;0;-0,430637052;0,393484309;1,153185258;1;;;;;;;;;;;;;
995;-1,490601305;0,26849094;0,490601305;1;-1,441608848;0,287583068;0,601787609;1;0,548321852;0,371323091;-3,741609261;0;;;;;;;;;;;;;
996;-1,09578993;0,273998969;0,09578993;1;-0,845950502;0,249059196;-0,060054998;1;-0,210419843;0,394242763;0,052099213;1;;;;;;;;;;;;;
997;-0,955646716;0,217847752;-0,044353284;1;-1,02065388;0,244915735;0,134059867;1;-0,411457418;0,345996325;1,057287092;1;;;;;;;;;;;;;
998;-0,690135412;0,213876576;-0,309864588;1;-0,635476106;0,200453203;-0,293915438;1;-0,454156246;0,344321145;1,27078123;1;;;;;;;;;;;;;
999;-0,803556326;0,272042633;-0,196443674;1;-0,861221745;0,2252434;-0,04308695;1;0,261205119;0,334608242;-2,306025596;1;;;;;;;;;;;;;
1000;-1,05932161;0,282440582;0,05932161;1;-1,091930869;0,265246373;0,213256522;1;0,027182231;0,380364184;-1,135911153;1;;;;;;;;;;;;;
