;mean;se;bias;cp;mean;se;bias;cp;mean;se;bias;cp;;mean;sd;bias;cp;mean;sd;bias;cp;mean;sd;bias;cp
1;-1,475140893;1,518058423;-3,950281785;1;0,408648818;0,472840822;0,362162726;1;0,940090129;0,831093232;0,880180258;1;;0,33222954;1,500765168;-0,335540921;0,884769539;0,298828943;0,390069665;-0,003903523;0,94;0,469063591;0,640625545;-0,061872818;0,946
2;1,339287252;0,72001225;1,678574504;1;0,222724022;0,329088213;-0,257586595;1;-0,529048984;0,57385755;-2,058097968;1;;;;;;;;;;;;;
3;0,576756437;0,958755074;0,153512873;1;1,099566387;0,336192347;2,665221289;0;0,654300345;0,589111379;0,308600689;1;;;;;;;;;;;;;
4;1,088375134;1,034981592;1,176750268;1;0,027639551;0,381473174;-0,907868163;1;-0,282006701;0,632108644;-1,564013402;1;;;;;;;;;;;;;
5;1,050422545;0,587678794;1,100845091;1;-0,06439607;0,279296107;-1,214653568;1;0,822114075;0,466687171;0,644228151;1;;;;;;;;;;;;;
6;1,091832058;0,730553902;1,183664117;1;-0,07698644;0,292019433;-1,256621466;1;1,140640488;0,531646289;1,281280976;1;;;;;;;;;;;;;
7;1,716653349;0,721763589;2,433306697;1;0,584164798;0,32525686;0,947215993;1;0,086922485;0,509150314;-0,82615503;1;;;;;;;;;;;;;
8;1,413587386;0,733245837;1,827174773;1;0,370992346;0,32012215;0,236641153;1;-0,227356815;0,540429781;-1,454713631;1;;;;;;;;;;;;;
9;-3,851817718;3,621417447;-8,703635435;1;0,778324941;0,447310934;1,59441647;1;0,750534884;0,743119082;0,501069767;1;;;;;;;;;;;;;
10;-0,955034465;2,516843743;-2,91006893;1;-0,115501871;0,566945161;-1,385006236;1;0,544955941;0,91000053;0,089911883;1;;;;;;;;;;;;;
11;1,767417348;0,516723644;2,534834696;0;0,777602926;0,261271215;1,592009754;1;0,110088407;0,410450248;-0,779823187;1;;;;;;;;;;;;;
12;1,763217927;0,801978838;2,526435855;1;0,014915991;0,342683299;-0,950280031;1;-0,293853951;0,604033675;-1,587707901;1;;;;;;;;;;;;;
13;-0,382219757;1,095979795;-1,764439514;1;1,025590437;0,363658157;2,418634791;0;1,122448942;0,622994518;1,244897885;1;;;;;;;;;;;;;
14;2,489479473;0,493738551;3,978958945;0;0,278509258;0,244376812;-0,071635807;1;-0,353384931;0,428428254;-1,706769862;0;;;;;;;;;;;;;
15;0,87652134;1,038039701;0,75304268;1;-0,272937974;0,367063936;-1,909793247;1;0,699319849;0,631124179;0,398639698;1;;;;;;;;;;;;;
16;1,56753917;0,650201238;2,13507834;1;0,127667353;0,352985087;-0,574442158;1;-0,695031549;0,53911702;-2,390063098;0;;;;;;;;;;;;;
17;0,100773539;1,146234603;-0,798452921;1;-0,036819396;0,421351573;-1,122731319;1;0,537216236;0,661748979;0,074432472;1;;;;;;;;;;;;;
18;0,029541891;1,433538181;-0,940916219;1;0,367995212;0,362284957;0,226650708;1;-0,279786461;0,654030518;-1,559572921;1;;;;;;;;;;;;;
19;0,066262232;1,400401664;-0,867475535;1;0,463059417;0,405222636;0,543531389;1;-0,407412691;0,715881603;-1,814825381;1;;;;;;;;;;;;;
20;-0,617982014;3,848883858;-2,235964028;1;0,203724263;0,502007441;-0,320919124;1;0,469723017;0,837905476;-0,060553966;1;;;;;;;;;;;;;
21;1,580080367;1,086826304;2,160160734;1;-0,240433366;0,388363782;-1,801444553;1;0,027570515;0,705568877;-0,944858969;1;;;;;;;;;;;;;
22;0,519732375;0,648300528;0,03946475;1;0,711280549;0,304086968;1,370935162;1;1,171990353;0,487521684;1,343980705;1;;;;;;;;;;;;;
23;2,109271864;0,579460866;3,218543729;0;0,216946681;0,257259736;-0,276844397;1;0,712214088;0,421343215;0,424428175;1;;;;;;;;;;;;;
24;0,900887885;0,714382538;0,801775771;1;0,186345542;0,336229028;-0,378848193;1;0,422445975;0,611737;-0,15510805;1;;;;;;;;;;;;;
25;0,714556056;0,691628526;0,429112112;1;0,738145072;0,312159095;1,460483572;1;0,792678176;0,490267453;0,585356353;1;;;;;;;;;;;;;
26;0,890956544;0,901280376;0,781913088;1;-0,13386485;0,38490986;-1,446216167;1;-0,407950747;0,599171614;-1,815901495;1;;;;;;;;;;;;;
27;-2,16767918;6,761784921;-5,335358359;1;0,561004187;0,525115753;0,870013958;1;-0,77130239;0,881668586;-2,542604781;1;;;;;;;;;;;;;
28;-0,467487533;1,225347006;-1,934975066;1;0,090578162;0,339862565;-0,698072792;1;2,191033335;0,655172342;3,382066671;0;;;;;;;;;;;;;
29;1,074005203;0,858727052;1,148010407;1;0,125521194;0,354919286;-0,581596021;1;0,061074103;0,627019693;-0,877851793;1;;;;;;;;;;;;;
30;1,724791294;0,54495138;2,449582588;0;0,46443245;0,257160752;0,548108166;1;0,010106618;0,402087717;-0,979786763;1;;;;;;;;;;;;;
31;1,871597051;0,542282458;2,743194102;0;-0,096005313;0,247521808;-1,320017709;1;0,851903181;0,432539117;0,703806363;1;;;;;;;;;;;;;
32;-5,053047489;2,283253316;-11,10609498;0;1,28186554;0,504580376;3,272885135;1;0,421143662;0,837687231;-0,157712677;1;;;;;;;;;;;;;
33;0,526477414;0,886209406;0,052954828;1;0,173942125;0,338962979;-0,420192916;1;0,90761188;0,615720211;0,81522376;1;;;;;;;;;;;;;
34;1,096022398;0,641332682;1,192044795;1;0,099453427;0,289574088;-0,668488576;1;1,148897526;0,495251013;1,297795051;1;;;;;;;;;;;;;
35;1,713683938;0,74140444;2,427367876;1;-0,315015662;0,31901986;-2,050052208;1;0,630481326;0,586073913;0,260962651;1;;;;;;;;;;;;;
36;2,24246346;0,487193615;3,484926919;0;0,08779805;0,263849902;-0,707339835;1;-0,116800426;0,421314469;-1,233600853;1;;;;;;;;;;;;;
37;0,229738082;1,085771744;-0,540523835;1;-0,026822366;0,362772164;-1,089407887;1;0,329861058;0,59562362;-0,340277885;1;;;;;;;;;;;;;
38;2,159048719;0,578501448;3,318097438;0;-0,892637203;0,275119728;-3,975457343;0;0,668190211;0,463661477;0,336380422;1;;;;;;;;;;;;;
39;0,314631617;0,997990128;-0,370736766;1;0,221382702;0,353983504;-0,262057659;1;0,988910446;0,606380429;0,977820892;1;;;;;;;;;;;;;
40;0,780306;2,13867908;0,560612001;1;-0,447322204;0,488800303;-2,491074012;1;-0,266145851;0,782473925;-1,532291702;1;;;;;;;;;;;;;
41;1,302165462;0,520603649;1,604330923;1;0,367667141;0,256373326;0,225557137;1;0,864063572;0,40773845;0,728127144;1;;;;;;;;;;;;;
42;1,340336456;0,725042013;1,680672912;1;0,370595089;0,305456232;0,235316963;1;0,887480908;0,568321827;0,774961815;1;;;;;;;;;;;;;
43;-3,083655841;5,076124822;-7,167311683;1;1,113401359;0,501698425;2,711337864;1;-0,219371551;0,872222416;-1,438743103;1;;;;;;;;;;;;;
44;-0,145857513;1,240658694;-1,291715027;1;-0,321474554;0,415079998;-2,071581847;1;0,688749035;0,774486866;0,37749807;1;;;;;;;;;;;;;
45;-4,07696746;4,193000129;-9,153934919;1;-0,486273193;0,541920557;-2,620910642;1;1,940966985;1,015021491;2,88193397;1;;;;;;;;;;;;;
46;0,797742209;1,451669296;0,595484418;1;0,216950225;0,40926022;-0,276832582;1;-0,53130217;0,769991125;-2,06260434;1;;;;;;;;;;;;;
47;-1,019144545;1,826108316;-3,038289091;1;0,902214149;0,499369601;2,007380496;1;0,88094684;0,897340307;0,76189368;1;;;;;;;;;;;;;
48;1,51112221;0,685905491;2,022244421;1;0,382779189;0,296162129;0,27593063;1;0,492276868;0,521568965;-0,015446263;1;;;;;;;;;;;;;
49;0,814226284;0,815167541;0,628452568;1;0,173971349;0,364889678;-0,420095505;1;0,637864822;0,617853809;0,275729644;1;;;;;;;;;;;;;
50;0,694588956;1,275869074;0,389177912;1;-0,144784326;0,396337469;-1,48261442;1;0,363034956;0,69397713;-0,273930087;1;;;;;;;;;;;;;
51;1,930019935;0,519181652;2,860039869;0;0,093731113;0,293596767;-0,687562956;1;0,45457241;0,519848614;-0,090855181;1;;;;;;;;;;;;;
52;0,376718395;1,240783222;-0,24656321;1;0,485387536;0,364112139;0,617958454;1;0,253330755;0,739466538;-0,493338489;1;;;;;;;;;;;;;
53;0,753163765;1,276007184;0,506327529;1;0,041403374;0,405519496;-0,861988754;1;0,391947216;0,719421446;-0,216105568;1;;;;;;;;;;;;;
54;0,916403794;0,62245439;0,832807588;1;0,510904184;0,339107522;0,703013947;1;0,691929656;0,435168611;0,383859312;1;;;;;;;;;;;;;
55;0,446021631;0,732462574;-0,107956738;1;0,91211577;0,319956728;2,0403859;1;0,68090634;0,471872823;0,361812681;1;;;;;;;;;;;;;
56;-1,192805836;2,923837321;-3,385611671;1;0,616015291;0,469118063;1,053384304;1;0,466733096;0,717273961;-0,066533808;1;;;;;;;;;;;;;
57;-0,682492577;1,888868195;-2,364985154;1;-0,222121945;0,408384951;-1,740406484;1;1,751079543;0,743268245;2,502159086;1;;;;;;;;;;;;;
58;1,633519379;0,681170508;2,267038758;1;-0,142262497;0,326387344;-1,474208322;1;-0,673431704;0,557749332;-2,346863409;0;;;;;;;;;;;;;
59;-0,846898444;2,256641388;-2,693796889;1;-0,198836607;0,403913969;-1,662788689;1;0,683431427;0,688752949;0,366862855;1;;;;;;;;;;;;;
60;0,670333512;0,922514168;0,340667024;1;-0,018292654;0,369913743;-1,060975514;1;0,890056901;0,707363771;0,780113802;1;;;;;;;;;;;;;
61;0,274475734;1,139004302;-0,451048532;1;0,47592128;0,391734311;0,586404266;1;0,298520802;0,649743443;-0,402958396;1;;;;;;;;;;;;;
62;1,731317844;0,679617647;2,462635689;1;0,539283578;0,296813671;0,797611926;1;0,013902083;0,535716267;-0,972195833;1;;;;;;;;;;;;;
63;0,835121695;1,183488718;0,670243391;1;0,102579263;0,416513063;-0,658069125;1;0,443050263;0,693254094;-0,113899474;1;;;;;;;;;;;;;
64;0,543903784;0,712527365;0,087807568;1;0,599657926;0,310736409;0,998859753;1;0,785073928;0,510730379;0,570147857;1;;;;;;;;;;;;;
65;1,707143397;0,82336384;2,414286793;1;0,124696465;0,335884013;-0,584345115;1;-0,071693315;0,598727399;-1,143386631;1;;;;;;;;;;;;;
66;0,182302694;1,624355568;-0,635394613;1;-0,419841861;0,428640926;-2,399472869;1;0,384170093;0,593823962;-0,231659815;1;;;;;;;;;;;;;
67;1,222440787;0,838252771;1,444881573;1;0,608609678;0,345534769;1,028698925;1;-0,227309237;0,566313711;-1,454618474;1;;;;;;;;;;;;;
68;0,843003697;1,015756947;0,686007394;1;-0,014751976;0,364087417;-1,049173252;1;-0,202167813;0,620334635;-1,404335627;1;;;;;;;;;;;;;
69;0,970202244;0,547763883;0,940404487;1;-0,148204129;0,27669236;-1,494013764;1;1,017814861;0,449066385;1,035629722;1;;;;;;;;;;;;;
70;0,448935969;0,65361756;-0,102128062;1;0,321951888;0,308241773;0,073172959;1;0,787990822;0,54182232;0,575981644;1;;;;;;;;;;;;;
71;0,726299217;0,696626323;0,452598434;1;0,488168589;0,331468179;0,627228629;1;0,087274021;0,508952074;-0,825451958;1;;;;;;;;;;;;;
72;1,553404187;0,687136734;2,106808374;1;0,30084345;0,31391119;0,002811499;1;0,454470562;0,527480186;-0,091058875;1;;;;;;;;;;;;;
73;2,154731413;0,439034027;3,309462826;0;0,181278541;0,234190629;-0,395738198;1;0,300720113;0,370784119;-0,398559775;1;;;;;;;;;;;;;
74;0,394434794;1,012173776;-0,211130411;1;0,771985073;0,352492264;1,573283578;1;0,59086434;0,606468288;0,181728679;1;;;;;;;;;;;;;
75;1,248838658;0,92299918;1,497677316;1;-0,160702712;0,339803306;-1,535675707;1;0,083373102;0,579587112;-0,833253796;1;;;;;;;;;;;;;
76;0,716947106;0,815028449;0,433894212;1;0,213271286;0,367263369;-0,289095712;1;0,632159918;0,590287235;0,264319836;1;;;;;;;;;;;;;
77;-1,457339773;6,98518008;-3,914679547;1;0,207530047;0,448447462;-0,308233175;1;-0,519442699;0,839049521;-2,038885398;1;;;;;;;;;;;;;
78;1,374656713;0,724431923;1,749313426;1;0,577123312;0,325950556;0,923744372;1;0,16347564;0,552844592;-0,673048719;1;;;;;;;;;;;;;
79;-0,77535749;1,618225156;-2,55071498;1;0,614349117;0,423610612;1,047830389;1;0,909612382;0,709539434;0,819224764;1;;;;;;;;;;;;;
80;0,666028917;0,850492623;0,332057834;1;0,281448957;0,360523426;-0,061836811;1;0,269105967;0,556143144;-0,461788066;1;;;;;;;;;;;;;
81;0,843177158;0,862183497;0,686354317;1;0,375918058;0,359022294;0,253060192;1;1,142099215;0,61166345;1,284198429;1;;;;;;;;;;;;;
82;-0,433863087;1,68301793;-1,867726174;1;0,892062379;0,391424311;1,973541265;1;0,495621961;0,650007356;-0,008756077;1;;;;;;;;;;;;;
83;0,466189986;0,986368897;-0,067620027;1;0,534488248;0,381539934;0,781627494;1;0,163157155;0,702731032;-0,67368569;1;;;;;;;;;;;;;
84;1,36655714;0,702217871;1,73311428;1;0,598856275;0,328257042;0,996187584;1;-0,187523191;0,532018989;-1,375046382;1;;;;;;;;;;;;;
85;0,420120426;1,409204941;-0,159759149;1;0,223160836;0,370712202;-0,256130546;1;-0,320878126;0,642762213;-1,641756252;1;;;;;;;;;;;;;
86;2,129469839;0,647182113;3,258939678;0;0,368367962;0,290732004;0,227893208;1;-0,518546267;0,416691723;-2,037092534;0;;;;;;;;;;;;;
87;-3,394853048;4,179690557;-7,789706097;1;-0,741338203;0,507390714;-3,471127342;0;0,896487199;0,906459678;0,792974397;1;;;;;;;;;;;;;
88;1,330528655;0,657392735;1,66105731;1;0,269192627;0,290644181;-0,102691245;1;0,490422317;0,55723444;-0,019155365;1;;;;;;;;;;;;;
89;0,264116926;0,930363519;-0,471766148;1;0,174199176;0,383288881;-0,41933608;1;0,963767396;0,657646846;0,927534792;1;;;;;;;;;;;;;
90;1,252940005;0,668026913;1,50588001;1;0,365951654;0,29295166;0,219838845;1;1,258332659;0,499304622;1,516665318;1;;;;;;;;;;;;;
91;-3,916171086;3,868392226;-8,832342172;1;0,285090817;0,485018042;-0,049697276;1;1,236120412;0,868623371;1,472240824;1;;;;;;;;;;;;;
92;1,160421981;0,714072827;1,320843962;1;0,135146274;0,323633437;-0,549512421;1;0,948977874;0,566320727;0,897955749;1;;;;;;;;;;;;;
93;0,729658376;0,768453539;0,459316752;1;0,205998962;0,355443511;-0,313336792;1;0,099586056;0,555822982;-0,800827889;1;;;;;;;;;;;;;
94;-0,66573897;3,310489642;-2,33147794;1;0,36835186;0,494658171;0,227839534;1;0,477507688;0,79121112;-0,044984623;1;;;;;;;;;;;;;
95;1,062988681;0,693096507;1,125977362;1;0,085697623;0,296453062;-0,714341255;1;1,188348569;0,508948752;1,376697138;1;;;;;;;;;;;;;
96;0,323123751;0,936776804;-0,353752497;1;0,43341081;0,341962491;0,444702699;1;0,585073175;0,606008753;0,17014635;1;;;;;;;;;;;;;
97;1,256835172;0,562060328;1,513670343;1;0,017520388;0,306096863;-0,941598707;1;0,319200467;0,473189596;-0,361599067;1;;;;;;;;;;;;;
98;1,213938984;1,208944203;1,427877967;1;0,668478447;0,393462014;1,22826149;1;-1,830383937;0,710028091;-4,660767875;0;;;;;;;;;;;;;
99;0,863399697;1,093944315;0,726799394;1;0,154742287;0,398835517;-0,484192375;1;0,240930599;0,682128564;-0,518138802;1;;;;;;;;;;;;;
100;0,182760926;1,21797904;-0,634478148;1;0,518335564;0,378234217;0,727785212;1;0,755378098;0,679946849;0,510756197;1;;;;;;;;;;;;;
101;-0,357078646;1,132734082;-1,714157292;1;0,592983369;0,370530129;0,976611231;1;1,320258684;0,626306397;1,640517369;1;;;;;;;;;;;;;
102;-0,795656165;2,641420413;-2,59131233;1;0,425829884;0,401743015;0,419432945;1;1,333633031;0,930836314;1,667266061;1;;;;;;;;;;;;;
103;1,554214941;0,661874778;2,108429882;1;-0,228126474;0,282622197;-1,76042158;1;0,983793552;0,489050585;0,967587103;1;;;;;;;;;;;;;
104;1,360299172;0,788398071;1,720598344;1;-0,39425854;0,365007026;-2,314195132;1;0,106227038;0,571648915;-0,787545924;1;;;;;;;;;;;;;
105;1,821833054;0,73822356;2,643666109;1;0,122449271;0,325250849;-0,591835764;1;0,291627094;0,592214431;-0,416745813;1;;;;;;;;;;;;;
106;0,983981089;0,947859415;0,967962178;1;-0,381151681;0,38523711;-2,270505602;1;0,755456442;0,720248542;0,510912884;1;;;;;;;;;;;;;
107;1,358829967;0,728567805;1,717659934;1;0,704288747;0,321221065;1,347629158;1;-0,833956671;0,559399094;-2,667913342;0;;;;;;;;;;;;;
108;1,314709897;0,709444157;1,629419795;1;0,338015481;0,295401113;0,126718269;1;0,767703504;0,59781617;0,535407008;1;;;;;;;;;;;;;
109;0,743521425;0,955836696;0,487042849;1;0,963127522;0,389344302;2,210425073;1;0,241658877;0,598860472;-0,516682245;1;;;;;;;;;;;;;
110;1,997408122;0,56777416;2,994816244;0;0,181106679;0,279005856;-0,396311071;1;-0,568868333;0,452207171;-2,137736667;0;;;;;;;;;;;;;
111;-2,236838344;2,572894358;-5,473676689;1;1,395422685;0,555027072;3,651408952;0;1,153027234;0,976932339;1,306054468;1;;;;;;;;;;;;;
112;-0,020959413;1,738885893;-1,041918826;1;0,774112076;0,448850495;1,580373587;1;0,546925713;0,772294252;0,093851425;1;;;;;;;;;;;;;
113;1,107172739;0,850771631;1,214345478;1;0,419227834;0,328387758;0,397426114;1;0,670585581;0,743059341;0,341171163;1;;;;;;;;;;;;;
114;1,988554491;0,521906303;2,977108981;0;0,249756681;0,248272055;-0,16747773;1;-0,218685014;0,486820966;-1,437370029;1;;;;;;;;;;;;;
115;-1,945329444;7,307688672;-4,890658888;1;-0,186890895;0,499769135;-1,622969649;1;0,51715271;0,923392737;0,034305421;1;;;;;;;;;;;;;
116;-0,326191557;2,064934907;-1,652383113;1;0,143835321;0,400108534;-0,520548929;1;0,701450132;0,670523474;0,402900263;1;;;;;;;;;;;;;
117;-3,253118495;5,297943673;-7,50623699;1;-0,431332435;0,463326498;-2,437774783;1;0,481616717;0,799344418;-0,036766567;1;;;;;;;;;;;;;
118;-0,575695828;4,210518328;-2,151391657;1;0,265573565;0,461222633;-0,114754782;1;1,637823984;1,355776384;2,275647967;1;;;;;;;;;;;;;
119;-0,061906035;1,427882726;-1,12381207;1;0,358535447;0,419123077;0,195118157;1;1,049892646;0,719558758;1,099785291;1;;;;;;;;;;;;;
120;0,553277456;2,030394659;0,106554911;1;-0,473456815;0,471853702;-2,578189385;1;-0,472618621;0,709593632;-1,945237242;1;;;;;;;;;;;;;
121;-0,445243744;1,247558229;-1,890487489;1;0,564177606;0,373940689;0,880592021;1;0,744528681;0,665204106;0,489057361;1;;;;;;;;;;;;;
122;2,074168906;0,540103697;3,148337812;0;0,902727304;0,258169282;2,009091015;0;0,310527783;0,390410826;-0,378944433;1;;;;;;;;;;;;;
123;0,934143531;0,883871257;0,868287062;1;0,26630673;0,385804765;-0,112310901;1;0,812612763;0,61904173;0,625225527;1;;;;;;;;;;;;;
124;-2,285045929;7,000349098;-5,570091858;1;0,60333256;0,520977328;1,011108535;1;-1,412763612;0,906818183;-3,825527224;0;;;;;;;;;;;;;
125;0,413830412;0,825329137;-0,172339176;1;0,739312935;0,334255515;1,464376448;1;0,850121387;0,581357897;0,700242774;1;;;;;;;;;;;;;
126;0,824047568;0,844380576;0,648095136;1;0,162558568;0,328097342;-0,458138107;1;0,272972618;0,658144595;-0,454054763;1;;;;;;;;;;;;;
127;0,176993511;1,525947225;-0,646012978;1;0,039081507;0,389847042;-0,869728309;1;0,654111832;0,692369933;0,308223663;1;;;;;;;;;;;;;
128;0,049834769;1,390976459;-0,900330461;1;-0,046187428;0,420789533;-1,153958095;1;1,163197741;0,790662084;1,326395482;1;;;;;;;;;;;;;
129;-3,885402314;3,972041279;-8,770804628;1;0,382917038;0,478418456;0,276390126;1;1,155716008;0,853046821;1,311432016;1;;;;;;;;;;;;;
130;0,683479151;0,935409973;0,366958302;1;0,196376724;0,364670991;-0,345410921;1;1,042924674;0,637709141;1,085849348;1;;;;;;;;;;;;;
131;2,364767978;0,517619701;3,729535957;0;-0,341122403;0,262061956;-2,137074676;0;-0,095341855;0,416127263;-1,190683711;1;;;;;;;;;;;;;
132;2,297978926;0,471337665;3,595957852;0;0,526552263;0,262344966;0,755174211;1;0,024836969;0,433551495;-0,950326062;1;;;;;;;;;;;;;
133;-0,662450224;1,445426579;-2,324900448;1;0,897451538;0,418438689;1,991505126;1;0,925641636;0,653848474;0,851283273;1;;;;;;;;;;;;;
134;0,946417259;0,744721541;0,892834518;1;0,231171831;0,338243791;-0,229427229;1;0,10356911;0,568392449;-0,79286178;1;;;;;;;;;;;;;
135;-0,208530144;3,247403325;-1,417060287;1;0,016710616;0,49586439;-0,944297947;1;0,160322251;0,811966139;-0,679355497;1;;;;;;;;;;;;;
136;-4,105443978;3,15219046;-9,210887955;1;0,529262528;0,456542115;0,764208427;1;1,229864864;0,825058666;1,459729727;1;;;;;;;;;;;;;
137;0,875085554;0,769781644;0,750171108;1;0,530420536;0,336758047;0,768068452;1;0,519438456;0,565247683;0,038876913;1;;;;;;;;;;;;;
138;0,17036223;1,962925827;-0,65927554;1;0,115901481;0,421273024;-0,61366173;1;0,16817258;0,708712973;-0,663654841;1;;;;;;;;;;;;;
139;-0,232398267;2,554652322;-1,464796534;1;-0,145563873;0,42443994;-1,485212911;1;0,745947421;1,011890524;0,491894843;1;;;;;;;;;;;;;
140;2,331791493;0,409304886;3,663582986;0;0,130093179;0,243657844;-0,566356072;1;-0,565889791;0,414879719;-2,131779582;0;;;;;;;;;;;;;
141;-1,811912696;3,378864139;-4,623825393;1;-0,134774431;0,516214249;-1,449248104;1;-0,901188932;0,882124291;-2,802377865;1;;;;;;;;;;;;;
142;1,060546053;0,815147064;1,121092107;1;-0,101315305;0,316366598;-1,337717682;1;0,770709571;0,581503087;0,541419142;1;;;;;;;;;;;;;
143;1,546738916;0,557814325;2,093477833;1;0,551798;0,288636101;0,839326666;1;-0,207649266;0,494260596;-1,415298531;1;;;;;;;;;;;;;
144;0,075207196;1,412941297;-0,849585608;1;0,238378168;0,386249056;-0,205406108;1;0,75931497;0,704212689;0,518629941;1;;;;;;;;;;;;;
145;1,049204539;0,725487211;1,098409077;1;0,600735038;0,312873232;1,002450127;1;0,495529204;0,579142905;-0,008941591;1;;;;;;;;;;;;;
146;0,376969504;1,159402826;-0,246060992;1;0,268469816;0,340983752;-0,105100614;1;1,328541725;0,577782527;1,657083449;1;;;;;;;;;;;;;
147;-0,154436195;1,488131098;-1,30887239;1;0,94388742;0,489151784;2,146291401;1;1,001508942;0,8056626;1,003017883;1;;;;;;;;;;;;;
148;2,637321669;0,615748545;4,274643339;0;-0,284319317;0,305851362;-1,947731057;1;-0,568641062;0,563106415;-2,137282124;1;;;;;;;;;;;;;
149;1,114877526;0,607387874;1,229755052;1;0,143803094;0,330865743;-0,520656352;1;0,879103915;0,510519436;0,758207831;1;;;;;;;;;;;;;
150;1,628027315;0,795960232;2,256054631;1;0,200267336;0,336506454;-0,332442213;1;-0,200784025;0,607976092;-1,401568051;1;;;;;;;;;;;;;
151;-1,764973529;3,754679746;-4,529947059;1;0,362146144;0,45656284;0,207153814;1;0,684229911;0,832710547;0,368459822;1;;;;;;;;;;;;;
152;-0,887676376;1,588149561;-2,775352753;1;0,464635358;0,40027902;0,548784526;1;1,580790632;0,711921378;2,161581265;1;;;;;;;;;;;;;
153;-0,154155775;1,883443937;-1,308311551;1;0,568382951;0,434418039;0,894609835;1;0,593629243;0,745512459;0,187258486;1;;;;;;;;;;;;;
154;1,826614226;0,663988752;2,653228452;0;0,300234947;0,279339616;0,000783157;1;0,109279751;0,54509815;-0,781440497;1;;;;;;;;;;;;;
155;1,561052122;0,570433612;2,122104243;1;0,453253586;0,31112302;0,510845286;1;-0,357235607;0,452046787;-1,714471214;1;;;;;;;;;;;;;
156;-0,990676445;5,91646215;-2,981352889;1;-0,00440731;0,46675422;-1,014691035;1;0,090487468;0,695407585;-0,819025063;1;;;;;;;;;;;;;
157;1,093745093;0,95481043;1,187490186;1;0,002632941;0,374412164;-0,991223531;1;-0,078211075;0,608994982;-1,156422149;1;;;;;;;;;;;;;
158;-0,848222411;3,096261054;-2,696444822;1;0,234733368;0,546424781;-0,217555442;1;0,285911358;0,901629566;-0,428177284;1;;;;;;;;;;;;;
159;0,061098302;1,083378343;-0,877803395;1;0,929088626;0,372506104;2,096962087;1;0,981028763;0,622177829;0,962057526;1;;;;;;;;;;;;;
160;0,828050764;0,85706594;0,656101527;1;-0,057098938;0,335374221;-1,190329793;1;0,896570284;0,584616714;0,793140568;1;;;;;;;;;;;;;
161;0,539099993;0,753679119;0,078199986;1;0,750270092;0,31484075;1,500900308;1;0,759232608;0,566536049;0,518465217;1;;;;;;;;;;;;;
162;-1,780218469;5,123527326;-4,560436939;1;0,709857752;0,506056133;1,366192508;1;0,575250509;0,836018526;0,150501019;1;;;;;;;;;;;;;
163;1,450514283;0,548328385;1,901028567;1;0,298749378;0,260700583;-0,004168741;1;0,735402177;0,47684853;0,470804354;1;;;;;;;;;;;;;
164;0,089947886;1,54409687;-0,820104229;1;0,682417124;0,417415277;1,274723748;1;0,374529267;0,760201218;-0,250941465;1;;;;;;;;;;;;;
165;1,475877535;0,613654221;1,95175507;1;0,308031387;0,352538056;0,026771289;1;-0,425953715;0,583074364;-1,851907429;1;;;;;;;;;;;;;
166;0,080872703;1,056263208;-0,838254594;1;0,259067865;0,390767013;-0,136440451;1;1,190696409;0,686763872;1,381392818;1;;;;;;;;;;;;;
167;1,248629046;0,743599883;1,497258093;1;0,592661532;0,308020071;0,975538439;1;0,496389006;0,475197503;-0,007221988;1;;;;;;;;;;;;;
168;1,080219171;0,68852982;1,160438341;1;0,221505685;0,295036921;-0,261647718;1;0,721867626;0,56536754;0,443735252;1;;;;;;;;;;;;;
169;0,166765135;0,783670719;-0,66646973;1;0,067936735;0,336177864;-0,773544216;1;1,125956434;0,553128202;1,251912869;1;;;;;;;;;;;;;
170;0,548754584;0,994759073;0,097509169;1;0,013548894;0,450878717;-0,954837019;1;0,688310217;0,667645022;0,376620433;1;;;;;;;;;;;;;
171;1,684856734;0,460164475;2,369713467;0;0,518888977;0,242455265;0,729629923;1;0,047090069;0,408721644;-0,905819861;1;;;;;;;;;;;;;
172;1,179835739;0,724246083;1,359671479;1;0,651102827;0,324142375;1,170342756;1;0,678293673;0,582460089;0,356587345;1;;;;;;;;;;;;;
173;0,92579609;0,937792314;0,851592181;1;0,204830854;0,374054309;-0,317230486;1;-0,022012421;0,627743027;-1,044024843;1;;;;;;;;;;;;;
174;-1,231431429;4,045604932;-3,462862859;1;-0,336723234;0,535823257;-2,122410779;1;0,746820405;0,848182278;0,49364081;1;;;;;;;;;;;;;
175;-0,442853062;1,772527014;-1,885706125;1;-0,010558563;0,394081559;-1,035195211;1;0,381409476;0,82032084;-0,237181049;1;;;;;;;;;;;;;
176;1,719134684;0,675920076;2,438269369;1;0,005149223;0,341163226;-0,982835923;1;-1,019337121;0,697995343;-3,038674242;0;;;;;;;;;;;;;
177;0,397691213;1,19436411;-0,204617573;1;-0,462561758;0,457944074;-2,541872525;1;0,784875429;0,740976003;0,569750857;1;;;;;;;;;;;;;
178;-4,371772092;3,429129697;-9,743544184;1;1,079024441;0,441879112;2,596748137;1;1,222498298;0,75790124;1,444996596;1;;;;;;;;;;;;;
179;0,736998433;1,038043096;0,473996866;1;0,210616498;0,384229471;-0,297945008;1;0,647972673;0,579341458;0,295945345;1;;;;;;;;;;;;;
180;1,233212003;0,917392738;1,466424006;1;0,260612524;0,336195061;-0,131291586;1;-0,576627191;0,545977194;-2,153254382;0;;;;;;;;;;;;;
181;0,990775543;1,120386397;0,981551085;1;0,818813039;0,377660684;1,729376795;1;0,119832615;0,547561504;-0,760334769;1;;;;;;;;;;;;;
182;2,355733244;0,570807821;3,711466488;0;-0,252619803;0,294872462;-1,842066011;1;-0,862630427;0,450399375;-2,725260853;0;;;;;;;;;;;;;
183;1,212646448;0,587359517;1,425292897;1;0,423486993;0,326084791;0,411623312;1;0,439951881;0,448484666;-0,120096238;1;;;;;;;;;;;;;
184;-0,610427705;2,123690774;-2,220855411;1;0,665203143;0,448842442;1,217343812;1;0,845234339;0,942267978;0,690468679;1;;;;;;;;;;;;;
185;1,357047627;1,06180399;1,714095254;1;-0,082997832;0,426248712;-1,276659439;1;-0,916401331;0,821061;-2,832802661;1;;;;;;;;;;;;;
186;-0,551027224;1,177130459;-2,102054447;1;0,664404501;0,408419088;1,21468167;1;2,109842573;0,748530698;3,219685146;0;;;;;;;;;;;;;
187;1,768844541;0,503436912;2,537689082;0;0,315900517;0,251378464;0,053001722;1;0,058846115;0,428982801;-0,88230777;1;;;;;;;;;;;;;
188;0,671587866;1,268187555;0,343175732;1;0,076801806;0,384989065;-0,743993981;1;-0,109908609;0,668392424;-1,219817218;1;;;;;;;;;;;;;
189;0,466531829;0,914754246;-0,066936342;1;0,476740065;0,352286865;0,589133551;1;0,538306055;0,614646433;0,07661211;1;;;;;;;;;;;;;
190;0,909226304;0,931316291;0,818452608;1;0,196788366;0,376514001;-0,344038782;1;0,257152136;0,687445506;-0,485695727;1;;;;;;;;;;;;;
191;1,401840803;0,512128539;1,803681605;1;0,160469767;0,28753016;-0,465100778;1;0,442479772;0,480894439;-0,115040456;1;;;;;;;;;;;;;
192;0,29785387;1,476617866;-0,404292261;1;0,434776066;0,429703269;0,449253553;1;-0,559285421;0,723766759;-2,118570842;1;;;;;;;;;;;;;
193;1,178065919;1,015392721;1,356131838;1;0,006441916;0,36457208;-0,978526946;1;-0,169787548;0,624113143;-1,339575096;1;;;;;;;;;;;;;
194;1,331913605;0,652376734;1,663827209;1;0,838673576;0,293816456;1,795578587;1;0,64324537;0,487841816;0,28649074;1;;;;;;;;;;;;;
195;1,59947769;0,612203673;2,19895538;1;0,050743093;0,300073449;-0,830856358;1;-0,38411727;0,515490465;-1,768234539;1;;;;;;;;;;;;;
196;0,431673586;1,14807075;-0,136652829;1;0,516914496;0,375078168;0,723048319;1;0,603615532;0,594915692;0,207231064;1;;;;;;;;;;;;;
197;2,240839751;0,621610562;3,481679501;0;0,003311678;0,26869913;-0,988961074;1;-0,028790994;0,532498568;-1,057581988;1;;;;;;;;;;;;;
198;-0,856989059;4,207905274;-2,713978117;1;0,144221028;0,479612208;-0,519263241;1;0,500589141;0,724200784;0,001178282;1;;;;;;;;;;;;;
199;-0,043692608;1,233036396;-1,087385216;1;0,296907167;0,387762669;-0,010309445;1;1,031385138;0,696870198;1,062770275;1;;;;;;;;;;;;;
200;1,326771951;0,837170416;1,653543901;1;-0,23596405;0,390492894;-1,786546834;1;-0,410463515;0,61293934;-1,82092703;1;;;;;;;;;;;;;
201;-1,527882045;3,20637223;-4,055764089;1;-0,100473243;0,455199841;-1,334910811;1;0,735573938;0,841774682;0,471147875;1;;;;;;;;;;;;;
202;0,280593283;0,885662338;-0,438813434;1;0,515180276;0,356413823;0,717267586;1;1,263604704;0,65973157;1,527209408;1;;;;;;;;;;;;;
203;0,203672426;1,04355801;-0,592655148;1;0,289992379;0,355364063;-0,033358736;1;0,558484287;0,603167559;0,116968575;1;;;;;;;;;;;;;
204;0,377950286;1,013457393;-0,244099428;1;0,895153134;0,371456234;1,983843779;1;0,604876081;0,585409278;0,209752162;1;;;;;;;;;;;;;
205;0,848168255;0,680841969;0,696336511;1;0,5672368;0,312622533;0,890789332;1;0,517585952;0,506122778;0,035171905;1;;;;;;;;;;;;;
206;0,493207877;0,738161154;-0,013584246;1;0,056396313;0,309201853;-0,81201229;1;1,2119302;0,569673788;1,4238604;1;;;;;;;;;;;;;
207;0,994755789;0,626235827;0,989511578;1;0,372082605;0,304644773;0,24027535;1;0,546115639;0,507226644;0,092231278;1;;;;;;;;;;;;;
208;0,925639474;0,599533975;0,851278948;1;0,502559829;0,307021368;0,675199431;1;0,544870843;0,475404356;0,089741686;1;;;;;;;;;;;;;
209;1,477514117;0,511655937;1,955028233;1;0,602539151;0,284204832;1,008463836;1;0,134197923;0,388398318;-0,731604154;1;;;;;;;;;;;;;
210;1,666511476;0,644451486;2,333022952;1;0,505444328;0,302995746;0,684814426;1;-0,63434343;0,528052431;-2,268686859;0;;;;;;;;;;;;;
211;-2,965740673;5,605493995;-6,931481345;1;0,824834449;0,462704199;1,749448162;1;0,25187753;0,783671069;-0,49624494;1;;;;;;;;;;;;;
212;-3,696384906;3,375270667;-8,392769811;1;-0,573141787;0,45711768;-2,910472623;1;1,733610907;0,822001122;2,467221813;1;;;;;;;;;;;;;
213;0,768343723;1,063249207;0,536687446;1;-0,193731848;0,360726036;-1,645772827;1;0,861337307;0,638404766;0,722674615;1;;;;;;;;;;;;;
214;0,760181854;0,811781387;0,520363709;1;-0,193341023;0,377359255;-1,644470078;1;0,843558927;0,617234013;0,687117855;1;;;;;;;;;;;;;
215;0,681159562;0,928200953;0,362319124;1;0,069336789;0,349732056;-0,768877371;1;0,362953753;0,57119621;-0,274092495;1;;;;;;;;;;;;;
216;2,46097967;0,437900903;3,921959341;0;0,209553496;0,22037548;-0,301488347;1;-0,44973217;0,416159526;-1,899464339;0;;;;;;;;;;;;;
217;1,052117364;0,666721851;1,104234727;1;0,547335846;0,296463943;0,824452821;1;0,824452903;0,513955073;0,648905806;1;;;;;;;;;;;;;
218;2,317543477;0,724211336;3,635086954;0;-0,207757135;0,360234536;-1,692523784;1;-0,174780917;0,566412643;-1,349561835;1;;;;;;;;;;;;;
219;-4,596287678;3,6116214;-10,19257536;1;1,010377951;0,54676301;2,367926504;1;0,38190413;0,885079764;-0,23619174;1;;;;;;;;;;;;;
220;-0,442183438;1,223414284;-1,884366877;1;0,807348273;0,374676596;1,69116091;1;1,423087008;0,687324069;1,846174016;1;;;;;;;;;;;;;
221;0,581986352;1,027647555;0,163972703;1;-0,072407945;0,374951557;-1,241359818;1;0,245322029;0,627777162;-0,509355941;1;;;;;;;;;;;;;
222;2,201124622;0,534135849;3,402249244;0;-0,061539259;0,268216959;-1,205130864;1;-0,391481685;0,45919093;-1,78296337;1;;;;;;;;;;;;;
223;0,810476964;0,703624501;0,620953928;1;0,562378349;0,393790345;0,874594496;1;-0,18202289;0,582779428;-1,36404578;1;;;;;;;;;;;;;
224;0,636210417;1,27177687;0,272420833;1;0,17835217;0,398079254;-0,405492768;1;0,084115249;0,673751503;-0,831769502;1;;;;;;;;;;;;;
225;1,854438444;0,503757641;2,708876887;0;0,492406023;0,231624152;0,64135341;1;0,619964064;0,389385733;0,239928127;1;;;;;;;;;;;;;
226;1,924215686;0,700616634;2,848431371;0;0,203893922;0,304543881;-0,320353593;1;0,148727543;0,560693447;-0,702544914;1;;;;;;;;;;;;;
227;1,963619398;0,382591412;2,927238795;0;0,405716837;0,221674938;0,352389458;1;-1,045733651;0,363789619;-3,091467302;0;;;;;;;;;;;;;
228;1,193679546;0,679364682;1,387359093;1;0,263770273;0,292471137;-0,120765758;1;0,566318186;0,599397444;0,132636371;1;;;;;;;;;;;;;
229;1,339061063;0,836635492;1,678122126;1;-0,133292097;0,34628309;-1,444306991;1;0,279261313;0,560030907;-0,441477373;1;;;;;;;;;;;;;
230;-0,235937949;2,341501945;-1,471875898;1;0,585177964;0,442508189;0,950593213;1;0,487474314;0,692076657;-0,025051371;1;;;;;;;;;;;;;
231;0,69994524;1,01628195;0,399890479;1;0,062527771;0,354933569;-0,791574098;1;0,510174784;0,685774818;0,020349568;1;;;;;;;;;;;;;
232;1,50772018;0,571333455;2,01544036;1;0,280763885;0,247338927;-0,064120384;1;0,857774985;0,444111917;0,71554997;1;;;;;;;;;;;;;
233;1,807611842;0,474850505;2,615223684;0;0,835502652;0,270521254;1,785008842;0;0,591553612;0,362249037;0,183107225;1;;;;;;;;;;;;;
234;1,261893819;1,274894602;1,523787638;1;0,303496482;0,440636761;0,01165494;1;-0,534469183;0,778260256;-2,068938367;1;;;;;;;;;;;;;
235;0,330213995;1,215357209;-0,339572009;1;-0,309265471;0,410634633;-2,030884904;1;1,193510875;0,624481018;1,387021749;1;;;;;;;;;;;;;
236;-0,190619539;1,276849576;-1,381239078;1;0,210453764;0,374140016;-0,298487454;1;1,376502352;0,685279716;1,753004704;1;;;;;;;;;;;;;
237;0,912638383;0,985837866;0,825276766;1;-0,142148013;0,368099138;-1,47382671;1;0,517351293;0,670724028;0,034702586;1;;;;;;;;;;;;;
238;2,458701859;0,690837234;3,917403719;0;0,687539719;0,337114152;1,291799062;1;-0,925534361;0,445104335;-2,851068722;0;;;;;;;;;;;;;
239;0,324382631;0,80089593;-0,351234739;1;0,274071462;0,33286269;-0,086428459;1;1,208150512;0,629145023;1,416301024;1;;;;;;;;;;;;;
240;1,334735563;0,535286205;1,669471126;1;0,452540665;0,300766823;0,508468884;1;-0,237940235;0,463586866;-1,475880469;1;;;;;;;;;;;;;
241;1,346156511;0,964996125;1,692313022;1;-0,063953065;0,386600706;-1,213176882;1;0,003307091;0,714047441;-0,993385818;1;;;;;;;;;;;;;
242;-0,042249129;1,013457725;-1,084498257;1;1,132418315;0,339213367;2,774727716;0;0,55882053;0,545080843;0,11764106;1;;;;;;;;;;;;;
243;1,628416776;0,440809223;2,256833553;0;0,529685506;0,252750121;0,765618354;1;0,158259155;0,407711567;-0,68348169;1;;;;;;;;;;;;;
244;0,616650272;1,559796782;0,233300545;1;-0,207649218;0,421698699;-1,69216406;1;-0,463030658;0,74004172;-1,926061316;1;;;;;;;;;;;;;
245;1,405295075;0,628016372;1,810590149;1;-0,41550707;0,31262319;-2,385023567;0;0,650621963;0,522780003;0,301243926;1;;;;;;;;;;;;;
246;0,104420676;1,391129679;-0,791158648;1;-0,427555588;0,431069464;-2,425185293;1;1,190574421;0,755849609;1,381148842;1;;;;;;;;;;;;;
247;-1,283248296;7,054799262;-3,566496593;1;0,677826867;0,480844895;1,25942289;1;0,858398063;0,887007361;0,716796126;1;;;;;;;;;;;;;
248;0,918945028;1,198003375;0,837890056;1;-0,096421004;0,383158272;-1,321403346;1;0,444613436;0,68763561;-0,110773128;1;;;;;;;;;;;;;
249;2,230765554;0,508276544;3,461531109;0;0,094913033;0,266761141;-0,683623224;1;-0,145689549;0,478074662;-1,291379098;1;;;;;;;;;;;;;
250;1,699818046;0,487229555;2,399636091;0;-0,012423838;0,260279758;-1,041412793;1;0,048164466;0,428090257;-0,903671068;1;;;;;;;;;;;;;
251;1,371787351;0,718440851;1,743574701;1;0,410542112;0,323870085;0,368473706;1;0,304142879;0,491461139;-0,391714242;1;;;;;;;;;;;;;
252;1,04264237;0,865879207;1,08528474;1;0,539549301;0,367738657;0,798497671;1;0,36332795;0,547969775;-0,273344099;1;;;;;;;;;;;;;
253;-0,406581082;3,297186955;-1,813162165;1;-0,022364884;0,45012231;-1,074549612;1;-0,02987587;0,729051446;-1,05975174;1;;;;;;;;;;;;;
254;-4,165994896;3,063905238;-9,331989792;1;0,91680529;0,561736431;2,056017632;1;0,014292265;0,944171121;-0,97141547;1;;;;;;;;;;;;;
255;0,202950394;1,535993307;-0,594099212;1;-0,12875994;0,380208672;-1,429199799;1;-0,2481337;0,720854644;-1,4962674;1;;;;;;;;;;;;;
256;2,209687547;0,483282178;3,419375095;0;0,114251602;0,242884202;-0,619161328;1;0,190338744;0,401890817;-0,619322512;1;;;;;;;;;;;;;
257;1,394640395;0,613058085;1,78928079;1;0,259271165;0,316650191;-0,135762785;1;-0,300219917;0,607591264;-1,600439833;1;;;;;;;;;;;;;
258;-4,938755732;4,021169095;-10,87751146;1;0,293041984;0,446758621;-0,023193387;1;2,893318481;0,872240348;4,786636962;0;;;;;;;;;;;;;
259;-0,895631177;2,783253489;-2,791262354;1;0,526935623;0,429340832;0,756452077;1;-0,111327131;0,955295062;-1,222654262;1;;;;;;;;;;;;;
260;2,017551096;0,52148426;3,035102192;0;-0,184710129;0,282532104;-1,615700429;1;-0,020824332;0,491953832;-1,041648663;1;;;;;;;;;;;;;
261;0,186082726;0,871831966;-0,627834548;1;0,337529246;0,339526421;0,125097488;1;1,23818468;0,576894074;1,47636936;1;;;;;;;;;;;;;
262;1,070966393;0,664910176;1,141932786;1;0,528849984;0,321725343;0,762833281;1;0,353695366;0,522665698;-0,292609267;1;;;;;;;;;;;;;
263;2,107498631;0,395498198;3,214997263;0;0,439962624;0,202803621;0,466542081;1;0,617458478;0,302762768;0,234916956;1;;;;;;;;;;;;;
264;0,436444205;1,028658734;-0,12711159;1;0,79182341;0,42429605;1,639411365;1;0,612306333;0,659368583;0,224612666;1;;;;;;;;;;;;;
265;0,847420765;0,742018974;0,69484153;1;0,683225701;0,322614977;1,277419002;1;0,32574328;0,559514154;-0,348513439;1;;;;;;;;;;;;;
266;0,776516682;1,112172518;0,553033363;1;0,248584775;0,368349469;-0,171384084;1;0,122094755;0,682298711;-0,755810491;1;;;;;;;;;;;;;
267;0,608833296;0,845862605;0,217666592;1;0,800754602;0,319462935;1,669182007;1;0,740811398;0,559563042;0,481622796;1;;;;;;;;;;;;;
268;1,729476064;0,563240964;2,458952129;0;0,461406386;0,273328978;0,538021288;1;0,232062803;0,437625109;-0,535874395;1;;;;;;;;;;;;;
269;1,422047733;0,611603234;1,844095465;1;-0,021898889;0,31217655;-1,072996295;1;-0,040641399;0,492865158;-1,081282798;1;;;;;;;;;;;;;
270;0,33866644;0,884602429;-0,322667119;1;0,295656147;0,350237189;-0,01447951;1;0,510806052;0,55406749;0,021612103;1;;;;;;;;;;;;;
271;1,598159444;0,506264551;2,196318889;0;0,855150278;0,253449711;1,850500928;0;0,160071194;0,3723079;-0,679857611;1;;;;;;;;;;;;;
272;0,835278701;0,914336627;0,670557402;1;0,691261033;0,351210288;1,304203444;1;0,590340578;0,573283821;0,180681155;1;;;;;;;;;;;;;
273;1,782370117;0,625068432;2,564740234;0;-0,121616221;0,302306329;-1,405387404;1;-0,491544403;0,516482866;-1,983088805;1;;;;;;;;;;;;;
274;-0,279773523;1,63281326;-1,559547046;1;0,131677186;0,427698144;-0,561076045;1;0,758883486;0,95296573;0,517766971;1;;;;;;;;;;;;;
275;-3,705840042;8,424756755;-8,411680085;1;0,682950169;0,501366711;1,276500563;1;1,411940149;0,839227301;1,823880297;1;;;;;;;;;;;;;
276;0,651581124;1,374735854;0,303162247;1;0,178327661;0,402935751;-0,405574465;1;-0,354902948;0,775167079;-1,709805896;1;;;;;;;;;;;;;
277;1,356286266;0,763455512;1,712572531;1;0,539452129;0,320772223;0,798173765;1;-0,392480649;0,602571861;-1,784961298;1;;;;;;;;;;;;;
278;1,274264277;0,680863213;1,548528555;1;0,713862101;0,312066475;1,379540338;1;-0,054922598;0,519078255;-1,109845196;1;;;;;;;;;;;;;
279;1,226056314;0,608202404;1,452112627;1;0,53934667;0,279621882;0,797822234;1;0,778323498;0,484252284;0,556646997;1;;;;;;;;;;;;;
280;1,000137246;0,648525353;1,000274491;1;0,399343936;0,300761939;0,331146455;1;0,556068682;0,510966707;0,112137364;1;;;;;;;;;;;;;
281;0,92266281;0,688215912;0,845325619;1;0,637020671;0,319497164;1,123402237;1;0,874164128;0,497713505;0,748328256;1;;;;;;;;;;;;;
282;0,842628086;0,803268795;0,685256171;1;0,510760465;0,319061728;0,702534885;1;0,269045726;0,555241229;-0,461908548;1;;;;;;;;;;;;;
283;1,589120972;0,51450023;2,178241943;0;0,33383259;0,259458338;0,112775299;1;-0,107550319;0,423900745;-1,215100639;1;;;;;;;;;;;;;
284;-0,649088346;1,176864285;-2,298176691;1;0,573441671;0,35308958;0,911472236;1;1,070772563;0,579599281;1,141545127;1;;;;;;;;;;;;;
285;-0,215276719;2,571725412;-1,430553437;1;0,325161885;0,568108712;0,083872951;1;0,34173222;0,745776204;-0,31653556;1;;;;;;;;;;;;;
286;1,86130746;0,569678886;2,722614921;0;0,05048376;0,289348023;-0,8317208;1;0,425614581;0,486395406;-0,148770837;1;;;;;;;;;;;;;
287;0,945864527;0,688148498;0,891729055;1;0,441565219;0,340990303;0,471884064;1;-0,249781338;0,551799912;-1,499562675;1;;;;;;;;;;;;;
288;0,087686082;2,035706588;-0,824627836;1;0,87631217;0,442804489;1,921040567;1;0,185052192;0,715957976;-0,629895616;1;;;;;;;;;;;;;
289;0,162376329;1,31276763;-0,675247342;1;0,538264117;0,358197061;0,794213723;1;1,096243508;0,677815192;1,192487016;1;;;;;;;;;;;;;
290;-3,733500854;3,405948378;-8,467001707;1;0,611557933;0,48415542;1,038526442;1;0,79816362;0,83561721;0,596327241;1;;;;;;;;;;;;;
291;0,503113051;1,018189119;0,006226103;1;0,329240677;0,354480386;0,097468923;1;0,297628992;0,633719817;-0,404742016;1;;;;;;;;;;;;;
292;0,740686979;0,931647874;0,481373958;1;0,630094855;0,346777381;1,100316184;1;0,662367384;0,538231812;0,324734769;1;;;;;;;;;;;;;
293;1,087348222;0,746911099;1,174696444;1;0,867271826;0,3204144;1,890906088;1;-0,13415788;0,506853985;-1,268315759;1;;;;;;;;;;;;;
294;1,193592847;0,61244472;1,387185693;1;0,815920588;0,308597183;1,719735292;1;-0,245415234;0,454624458;-1,490830468;1;;;;;;;;;;;;;
295;-4,636360219;4,28237696;-10,27272044;1;-0,165875913;0,636909125;-1,55291971;1;2,019729167;0,98020291;3,039458335;1;;;;;;;;;;;;;
296;0,60941688;0,737099134;0,21883376;1;0,287549088;0,33495081;-0,041503041;1;0,423371212;0,599651817;-0,153257577;1;;;;;;;;;;;;;
297;1,701117303;0,547219651;2,402234605;0;-0,104393303;0,317630766;-1,347977676;1;0,233782867;0,505780036;-0,532434266;1;;;;;;;;;;;;;
298;1,478698688;0,570923785;1,957397376;1;0,744391553;0,272990147;1,481305178;1;0,697389183;0,430813655;0,394778366;1;;;;;;;;;;;;;
299;0,559621535;0,629969048;0,119243069;1;0,131130047;0,298606646;-0,562899844;1;0,9250019;0,500435739;0,850003799;1;;;;;;;;;;;;;
300;1,244104105;0,722207756;1,488208211;1;0,379000843;0,3026771;0,263336145;1;0,62704172;0,579390275;0,25408344;1;;;;;;;;;;;;;
301;-0,076072125;1,19663217;-1,15214425;1;0,661676197;0,419827466;1,205587322;1;0,663702476;0,678397367;0,327404952;1;;;;;;;;;;;;;
302;1,901636151;0,564498341;2,803272302;0;0,053895804;0,290566534;-0,820347319;1;-0,926637819;0,518691421;-2,853275638;0;;;;;;;;;;;;;
303;1,042610258;0,772052138;1,085220515;1;0,186843487;0,312725347;-0,377188377;1;1,016074303;0,489538329;1,032148607;1;;;;;;;;;;;;;
304;-1,774296843;5,722072293;-4,548593685;1;0,152641915;0,503940774;-0,491193616;1;0,888755775;0,970307185;0,77751155;1;;;;;;;;;;;;;
305;1,165403788;0,643156164;1,330807575;1;0,63238385;0,302365516;1,107946167;1;0,127292892;0,444870022;-0,745414216;1;;;;;;;;;;;;;
306;0,543526161;0,943325648;0,087052322;1;0,335041647;0,367860834;0,116805491;1;0,688523369;0,713273422;0,377046739;1;;;;;;;;;;;;;
307;0,730528878;0,602312836;0,461057755;1;0,594579474;0,302166138;0,981931579;1;0,352186695;0,458230662;-0,29562661;1;;;;;;;;;;;;;
308;0,548092634;1,959447533;0,096185268;1;-0,206505694;0,489332802;-1,688352314;1;-0,210190317;0,804888824;-1,420380634;1;;;;;;;;;;;;;
309;-0,362643524;1,272723124;-1,725287048;1;0,196125802;0,344655432;-0,346247328;1;1,362111267;0,611754807;1,724222534;1;;;;;;;;;;;;;
310;1,50641574;0,633900682;2,012831479;1;0,025687172;0,291315086;-0,914376094;1;0,324904289;0,590308306;-0,350191422;1;;;;;;;;;;;;;
311;0,784298519;1,010186377;0,568597039;1;0,336216494;0,347616067;0,120721645;1;-0,028833387;0,632611057;-1,057666774;1;;;;;;;;;;;;;
312;0,766745071;1,209198226;0,533490142;1;-0,434041231;0,406541473;-2,446804102;1;0,476607655;0,703402841;-0,046784691;1;;;;;;;;;;;;;
313;-0,753675092;3,239847718;-2,507350184;1;0,276180196;0,444562455;-0,079399348;1;0,187451334;0,739191495;-0,625097332;1;;;;;;;;;;;;;
314;-3,351439066;3,162358172;-7,702878132;1;0,993965038;0,607632764;2,313216794;1;1,669621599;0,979598682;2,339243198;1;;;;;;;;;;;;;
315;-0,699601542;1,554498139;-2,399203083;1;0,228715632;0,372428306;-0,23761456;1;1,425349777;0,687054296;1,850699554;1;;;;;;;;;;;;;
316;-0,809549774;3,264136039;-2,619099549;1;0,253258241;0,432566813;-0,155805865;1;1,454642319;1,030909692;1,909284638;1;;;;;;;;;;;;;
317;0,991957254;0,830380792;0,983914507;1;0,641179623;0,325812165;1,13726541;1;0,43877995;0,588516702;-0,1224401;1;;;;;;;;;;;;;
318;0,532326161;1,131031238;0,064652322;1;0,44869457;0,398095851;0,495648566;1;0,012038253;0,741577053;-0,975923494;1;;;;;;;;;;;;;
319;1,023792482;0,659494481;1,047584963;1;0,586609754;0,292528705;0,955365848;1;0,490037402;0,512644407;-0,019925195;1;;;;;;;;;;;;;
320;-0,44671952;1,058880055;-1,89343904;1;1,252949273;0,410203429;3,176497576;0;0,817073556;0,645929974;0,634147112;1;;;;;;;;;;;;;
321;-3,741179233;2,835917809;-8,482358467;1;0,070649592;0,500883776;-0,764501362;1;1,334531922;0,947223326;1,669063843;1;;;;;;;;;;;;;
322;-0,05763684;1,907177117;-1,11527368;1;0,248599874;0,427329158;-0,171333754;1;0,093208657;0,786440503;-0,813582685;1;;;;;;;;;;;;;
323;2,138049141;0,479691632;3,276098282;0;0,028498742;0,274045249;-0,905004193;1;0,040667707;0,474265874;-0,918664585;1;;;;;;;;;;;;;
324;-0,80419271;2,795839616;-2,608385421;1;0,954846178;0,482619978;2,182820595;1;-0,122421351;0,785858775;-1,244842702;1;;;;;;;;;;;;;
325;0,56146141;1,130697402;0,122922821;1;0,258290727;0,425736537;-0,13903091;1;0,072202354;0,69719082;-0,855595291;1;;;;;;;;;;;;;
326;0,901628939;0,94848909;0,803257878;1;-0,160103494;0,384007753;-1,533678315;1;0,122187792;0,634748822;-0,755624416;1;;;;;;;;;;;;;
327;1,376175195;0,627200695;1,75235039;1;0,481234932;0,30796271;0,604116439;1;0,735045015;0,531530668;0,47009003;1;;;;;;;;;;;;;
328;1,138814814;0,785101657;1,277629627;1;0,68468478;0,335387744;1,282282599;1;0,723883573;0,527572513;0,447767146;1;;;;;;;;;;;;;
329;0,173335705;1,256206797;-0,65332859;1;0,905293936;0,382246847;2,017646453;1;0,598695924;0,633585708;0,197391847;1;;;;;;;;;;;;;
330;0,899578291;0,826897821;0,799156582;1;0,206672163;0,337501334;-0,311092789;1;0,014260399;0,592543079;-0,971479202;1;;;;;;;;;;;;;
331;0,759077724;0,759546055;0,518155449;1;0,447065213;0,362114185;0,490217378;1;0,162624482;0,62485569;-0,674751035;1;;;;;;;;;;;;;
332;0,926316952;0,730078759;0,852633903;1;-0,025723981;0,341261266;-1,085746605;1;0,751046787;0,55004546;0,502093575;1;;;;;;;;;;;;;
333;0,892362099;0,711411774;0,784724197;1;0,713518945;0,312221285;1,378396485;1;0,16843644;0,481563561;-0,66312712;1;;;;;;;;;;;;;
334;-0,256455258;1,443906532;-1,512910516;1;-0,279715741;0,385732452;-1,932385802;1;0,825499427;0,67094615;0,650998854;1;;;;;;;;;;;;;
335;0,956450218;0,804561176;0,912900436;1;0,625277802;0,326215001;1,08425934;1;0,898565585;0,53836225;0,797131171;1;;;;;;;;;;;;;
336;0,868502868;0,715614821;0,737005736;1;0,515809146;0,324565361;0,71936382;1;-0,24027982;0,529619707;-1,480559639;1;;;;;;;;;;;;;
337;-1,718556791;4,196336114;-4,437113582;1;0,836822586;0,482240721;1,789408621;1;0,370875655;0,756704686;-0,258248691;1;;;;;;;;;;;;;
338;-0,072544238;0,971438066;-1,145088476;1;0,482376096;0,342430301;0,60792032;1;1,205737877;0,558047035;1,411475755;1;;;;;;;;;;;;;
339;0,923486726;0,773074922;0,846973451;1;0,305116544;0,339442969;0,017055148;1;1,085871106;0,514755832;1,171742212;1;;;;;;;;;;;;;
340;1,075120024;0,74776895;1,150240047;1;0,386663567;0,311133496;0,288878558;1;0,412628674;0,513574652;-0,174742651;1;;;;;;;;;;;;;
341;0,590594974;0,681054821;0,181189948;1;0,061300355;0,333576747;-0,795665483;1;0,765900174;0,595719601;0,531800348;1;;;;;;;;;;;;;
342;0,545142954;0,88279584;0,090285908;1;0,12832223;0,349879548;-0,572259235;1;0,63760172;0,607150509;0,275203441;1;;;;;;;;;;;;;
343;1,255913216;0,473200111;1,511826432;1;0,335771637;0,25595782;0,119238791;1;0,155690828;0,405652728;-0,688618344;1;;;;;;;;;;;;;
344;0,290131456;1,202995465;-0,419737089;1;0,215075907;0,396169634;-0,28308031;1;0,673963697;0,684353809;0,347927394;1;;;;;;;;;;;;;
345;-0,394149992;1,319591474;-1,788299984;1;-0,118332307;0,427381356;-1,394441023;1;1,080693484;0,725677926;1,161386969;1;;;;;;;;;;;;;
346;0,441176051;1,162870863;-0,117647899;1;-0,330751914;0,371022288;-2,102506379;1;0,080743505;0,581956874;-0,838512991;1;;;;;;;;;;;;;
347;-2,693485793;15,5087679;-6,386971586;1;0,828077645;0,572502053;1,760258818;1;0,159822928;0,888331325;-0,680354144;1;;;;;;;;;;;;;
348;2,264216847;0,428169432;3,528433694;0;0,1649189;0,258124582;-0,450270332;1;-0,283410447;0,4233228;-1,566820894;1;;;;;;;;;;;;;
349;0,855003232;0,731390025;0,710006464;1;0,297109501;0,308983339;-0,009634996;1;0,305423721;0,533078398;-0,389152558;1;;;;;;;;;;;;;
350;-3,28488021;6,863097098;-7,56976042;1;0,961477668;0,497141904;2,204925561;1;1,014359262;0,888107141;1,028718524;1;;;;;;;;;;;;;
351;1,156243738;0,750267346;1,312487477;1;-0,2338566;0,331783805;-1,779522;1;0,244265138;0,608658828;-0,511469723;1;;;;;;;;;;;;;
352;0,624870983;1,485202839;0,249741966;1;-0,203181921;0,412176402;-1,677273069;1;-0,084325035;0,777642438;-1,168650071;1;;;;;;;;;;;;;
353;0,40200616;0,987132152;-0,195987679;1;0,299837115;0,355625503;-0,000542952;1;1,276063628;0,635003882;1,552127255;1;;;;;;;;;;;;;
354;1,476441204;0,595966079;1,952882407;1;-0,028939809;0,301500004;-1,096466032;1;-0,20078311;0,473007674;-1,40156622;1;;;;;;;;;;;;;
355;-2,580665728;4,145351011;-6,161331455;1;-0,724693768;0,552912725;-3,415645893;1;-0,358052616;1,01418814;-1,716105232;1;;;;;;;;;;;;;
356;-3,473542647;3,13097596;-7,947085295;1;0,496052957;0,50047923;0,653509857;1;-0,952964355;0,807627169;-2,90592871;1;;;;;;;;;;;;;
357;1,675789005;0,40409828;2,351578011;0;0,508262503;0,231423908;0,694208344;1;0,430577519;0,350901858;-0,138844961;1;;;;;;;;;;;;;
358;-0,317404295;2,006364029;-1,63480859;1;0,404345693;0,431131183;0,347818977;1;0,322799155;0,765018542;-0,354401689;1;;;;;;;;;;;;;
359;1,965329807;0,664267276;2,930659615;0;-0,001799342;0,311162457;-1,005997807;1;-0,274881251;0,524522551;-1,549762502;1;;;;;;;;;;;;;
360;1,337394;0,688919905;1,674787999;1;0,351858277;0,331137359;0,172860922;1;0,380858006;0,596911706;-0,238283989;1;;;;;;;;;;;;;
361;-0,466011348;1,763699753;-1,932022697;1;0,105097127;0,398148624;-0,649676243;1;0,75183693;0,674293365;0,503673861;1;;;;;;;;;;;;;
362;0,84103188;1,313230823;0,682063759;1;-0,153921396;0,396375212;-1,51307132;1;0,657293631;0,69895125;0,314587263;1;;;;;;;;;;;;;
363;-0,253833044;1,434608455;-1,507666087;1;-0,012617925;0,423506006;-1,042059749;1;1,416618616;0,745847577;1,833237232;1;;;;;;;;;;;;;
364;-0,490654665;1,421670536;-1,981309329;1;0,235510191;0,379776404;-0,214966029;1;1,224970877;0,71181056;1,449941755;1;;;;;;;;;;;;;
365;-1,792958816;3,683350164;-4,585917631;1;0,522440606;0,495588294;0,741468686;1;-0,879704933;0,965737812;-2,759409866;1;;;;;;;;;;;;;
366;-1,46156051;3,847009144;-3,923121021;1;-0,025520702;0,435994254;-1,085069007;1;0,274487972;0,825876776;-0,451024056;1;;;;;;;;;;;;;
367;1,282877689;0,603474728;1,565755378;1;0,59755432;0,294140181;0,991847734;1;0,01154386;0,472285172;-0,97691228;1;;;;;;;;;;;;;
368;-3,522346729;3,819777143;-8,044693458;1;-0,483929313;0,49144762;-2,613097709;1;1,036771695;0,771527817;1,07354339;1;;;;;;;;;;;;;
369;-0,279651405;2,289573762;-1,559302809;1;-0,129192849;0,453158958;-1,430642828;1;0,403790398;0,750906138;-0,192419203;1;;;;;;;;;;;;;
370;0,169352717;1,318432093;-0,661294567;1;0,089050982;0,383958647;-0,703163392;1;0,223897365;0,653409676;-0,552205271;1;;;;;;;;;;;;;
371;0,824509091;0,770195896;0,649018182;1;-0,000866632;0,313097966;-1,002888773;1;0,607190607;0,582005659;0,214381214;1;;;;;;;;;;;;;
372;2,026880384;0,395780605;3,053760769;0;0,232937645;0,235946101;-0,223541184;1;-0,411848941;0,452285257;-1,823697882;0;;;;;;;;;;;;;
373;1,517878606;0,734947757;2,035757213;1;0,574263469;0,316560428;0,914211564;1;0,119587228;0,522433294;-0,760825544;1;;;;;;;;;;;;;
374;1,57611324;0,477104398;2,152226481;0;0,499422692;0,228023807;0,664742307;1;0,523572702;0,362537003;0,047145404;1;;;;;;;;;;;;;
375;1,0396783;0,787946826;1,0793566;1;1,120347757;0,351456527;2,734492522;0;0,780005512;0,619155533;0,560011024;1;;;;;;;;;;;;;
376;1,641337215;0,62675236;2,28267443;1;0,031684048;0,298409977;-0,894386507;1;0,084176343;0,546575861;-0,831647314;1;;;;;;;;;;;;;
377;0,723889497;0,587579334;0,447778994;1;0,924039195;0,288085575;2,080130652;0;0,608626625;0,445560383;0,217253251;1;;;;;;;;;;;;;
378;-3,094401794;4,224537525;-7,188803589;1;-0,502179617;0,474275613;-2,673932056;1;1,114264375;0,859037074;1,22852875;1;;;;;;;;;;;;;
379;-0,026259528;1,587246851;-1,052519057;1;0,303065642;0,410812888;0,010218806;1;-0,871506231;0,724259249;-2,743012461;1;;;;;;;;;;;;;
380;0,303653181;1,36966441;-0,392693639;1;0,01265195;0,387743403;-0,957826835;1;0,209181673;0,648913317;-0,581636654;1;;;;;;;;;;;;;
381;1,221892616;0,740695419;1,443785232;1;0,18201421;0,32671829;-0,393285967;1;0,784065471;0,65496132;0,568130943;1;;;;;;;;;;;;;
382;0,706107817;0,72619529;0,412215634;1;0,311181694;0,35400498;0,037272313;1;0,175683568;0,541015612;-0,648632865;1;;;;;;;;;;;;;
383;1,368211629;0,603800348;1,736423259;1;0,357621914;0,2960129;0,192073047;1;0,169946219;0,452003133;-0,660107561;1;;;;;;;;;;;;;
384;-0,192222112;1,993546764;-1,384444225;1;0,351853633;0,471762375;0,172845444;1;1,076978533;0,878962842;1,153957066;1;;;;;;;;;;;;;
385;0,477750023;0,936102119;-0,044499954;1;0,994370949;0,354579366;2,314569829;1;0,950124793;0,606738814;0,900249586;1;;;;;;;;;;;;;
386;1,158608398;0,938072762;1,317216795;1;0,239240784;0,362610299;-0,202530719;1;0,775426278;0,655665992;0,550852556;1;;;;;;;;;;;;;
387;0,380380028;1,101569094;-0,239239944;1;0,352110731;0,363970752;0,173702438;1;0,889488835;0,707726159;0,77897767;1;;;;;;;;;;;;;
388;1,528024262;0,777604771;2,056048525;1;0,36380087;0,358568106;0,212669568;1;0,144849798;0,632468852;-0,710300404;1;;;;;;;;;;;;;
389;-0,359570606;3,499425048;-1,719141211;1;0,704983442;0,594008639;1,349944806;1;-0,248262615;0,802043461;-1,49652523;1;;;;;;;;;;;;;
390;1,018756317;0,780325031;1,037512635;1;0,420590774;0,324218019;0,401969246;1;0,273073235;0,528930561;-0,45385353;1;;;;;;;;;;;;;
391;0,526403567;1,084415356;0,052807133;1;0,160536187;0,388265961;-0,464879378;1;0,649524196;0,688005211;0,299048392;1;;;;;;;;;;;;;
392;-4,860292694;3,007440043;-10,72058539;1;-0,410654204;0,541108869;-2,368847346;1;1,899708551;1,067246431;2,799417101;1;;;;;;;;;;;;;
393;0,910357224;0,749171887;0,820714447;1;-0,175667258;0,327125299;-1,585557525;1;0,670620396;0,585209425;0,341240792;1;;;;;;;;;;;;;
394;1,252906457;0,662631025;1,505812915;1;0,078485962;0,306672965;-0,738380126;1;-0,22976377;0,548003824;-1,45952754;1;;;;;;;;;;;;;
395;0,473846591;0,940845963;-0,052306819;1;0,75882142;0,358516959;1,529404733;1;0,952752749;0,610165372;0,905505497;1;;;;;;;;;;;;;
396;0,430996064;0,688954355;-0,138007872;1;0,173570104;0,304410977;-0,421432987;1;1,138769167;0,588983527;1,277538333;1;;;;;;;;;;;;;
397;0,070436638;1,514570317;-0,859126723;1;-0,028685288;0,402099493;-1,095617628;1;0,792057107;0,747323196;0,584114214;1;;;;;;;;;;;;;
398;-0,116783549;1,685557261;-1,233567099;1;0,1589602;0,414490767;-0,470132666;1;0,38830011;0,773753213;-0,22339978;1;;;;;;;;;;;;;
399;-3,171165179;3,029938137;-7,342330359;1;-0,027446607;0,545475885;-1,091488691;1;0,355803124;0,922660324;-0,288393751;1;;;;;;;;;;;;;
400;0,834935032;0,678231023;0,669870064;1;0,438578335;0,301496291;0,461927784;1;1,30026271;0,50764129;1,60052542;1;;;;;;;;;;;;;
401;0,41970988;1,202744089;-0,16058024;1;0,275089846;0,370531185;-0,083033847;1;0,145500428;0,654886332;-0,708999144;1;;;;;;;;;;;;;
402;1,926388878;0,57228657;2,852777756;0;-0,283338313;0,316490609;-1,944461045;1;-0,796058459;0,543059761;-2,592116918;0;;;;;;;;;;;;;
403;1,068973481;0,685497012;1,137946962;1;0,887346954;0,302573176;1,95782318;1;0,459587582;0,524508259;-0,080824836;1;;;;;;;;;;;;;
404;0,791247399;0,973131456;0,582494799;1;0,032280812;0,356605021;-0,892397294;1;0,764173314;0,669598976;0,528346627;1;;;;;;;;;;;;;
405;-0,078516898;0,78909864;-1,157033796;1;1,124075995;0,302714652;2,746919982;0;1,826622599;0,545667408;2,653245199;0;;;;;;;;;;;;;
406;-3,908233336;4,609401491;-8,816466672;1;0,608526364;0,489683817;1,028421214;1;0,870406495;0,907216276;0,74081299;1;;;;;;;;;;;;;
407;1,646549296;0,952581859;2,293098592;1;0,219296777;0,364658984;-0,269010744;1;-1,153959162;0,604141268;-3,307918323;0;;;;;;;;;;;;;
408;-2,409076124;7,866524557;-5,818152248;1;0,250445707;0,511207897;-0,165180975;1;1,560162095;0,857213542;2,120324191;1;;;;;;;;;;;;;
409;-4,932131029;3,036721998;-10,86426206;1;0,464413025;0,505184806;0,548043416;1;1,707634094;0,916401559;2,415268189;1;;;;;;;;;;;;;
410;0,844251792;0,677465391;0,688503585;1;1,202793198;0,301198415;3,009310661;0;0,193831837;0,442307136;-0,612336326;1;;;;;;;;;;;;;
411;-4,793386902;2,615911107;-10,5867738;0;0,535983807;0,479543108;0,786612691;1;1,914375916;0,866691237;2,828751832;1;;;;;;;;;;;;;
412;2,166246571;0,556511763;3,332493142;0;0,674864342;0,278411709;1,249547807;1;-0,17944883;0,414918139;-1,35889766;1;;;;;;;;;;;;;
413;2,094720369;0,555678535;3,189440739;0;0,100773266;0,316572719;-0,664089114;1;0,151700923;0,471616485;-0,696598154;1;;;;;;;;;;;;;
414;0,169677351;1,135601929;-0,660645299;1;0,39935023;0,392092879;0,331167434;1;0,750860656;0,676311455;0,501721312;1;;;;;;;;;;;;;
415;-3,733396725;2,47989416;-8,46679345;1;0,742329262;0,478905786;1,474430875;1;-0,871205549;0,837413521;-2,742411099;1;;;;;;;;;;;;;
416;-1,778949669;3,389592837;-4,557899338;1;0,525028397;0,467165358;0,750094657;1;1,144437645;0,783806848;1,28887529;1;;;;;;;;;;;;;
417;1,270966315;0,716987196;1,54193263;1;-0,56997893;0,354469339;-2,899929766;0;0,146475486;0,501792875;-0,707049029;1;;;;;;;;;;;;;
418;1,593443251;0,622239678;2,186886502;1;0,241869787;0,326362199;-0,193767375;1;-1,183061946;0,583701091;-3,366123891;0;;;;;;;;;;;;;
419;-0,766025811;2,706884488;-2,532051622;1;0,68392633;0,42179921;1,279754434;1;-0,038805049;0,736184989;-1,077610098;1;;;;;;;;;;;;;
420;1,553847719;0,559635427;2,107695438;1;0,505819667;0,271253306;0,686065558;1;0,347698521;0,413694207;-0,304602958;1;;;;;;;;;;;;;
421;2,104258536;0,554836982;3,208517072;0;0,25009865;0,304457874;-0,166337834;1;-0,043714716;0,510704699;-1,087429431;1;;;;;;;;;;;;;
422;1,253021114;0,602975548;1,506042228;1;0,430437392;0,270205816;0,434791306;1;0,525331076;0,46915201;0,050662151;1;;;;;;;;;;;;;
423;-0,925346283;1,947045899;-2,850692567;1;0,433079247;0,405516957;0,44359749;1;0,938194725;0,69372516;0,876389451;1;;;;;;;;;;;;;
424;0,448015935;1,94447271;-0,10396813;1;-0,559521485;0,433324839;-2,865071617;0;-0,226576421;0,792146016;-1,453152842;1;;;;;;;;;;;;;
425;0,568764789;1,988240389;0,137529578;1;-0,270145406;0,471853068;-1,900484686;1;-0,246855909;0,776583801;-1,493711818;1;;;;;;;;;;;;;
426;-0,498412744;1,997152332;-1,996825489;1;0,357813357;0,453179627;0,19271119;1;0,007729575;0,721758298;-0,98454085;1;;;;;;;;;;;;;
427;0,944530014;0,666870064;0,889060029;1;0,284512565;0,295623914;-0,051624784;1;0,597162094;0,481933027;0,194324187;1;;;;;;;;;;;;;
428;-1,170275873;2,236068951;-3,340551746;1;-0,257160133;0,488331866;-1,857200444;1;1,986899981;0,898109785;2,973799962;1;;;;;;;;;;;;;
429;-0,360309567;1,894079005;-1,720619134;1;0,365006144;0,443217829;0,216687146;1;0,575869017;0,732905263;0,151738035;1;;;;;;;;;;;;;
430;0,187798931;0,942553904;-0,624402138;1;-0,031086756;0,406672083;-1,103622519;1;1,12787071;0,707574533;1,25574142;1;;;;;;;;;;;;;
431;-0,785308019;1,205609108;-2,570616038;1;0,68755038;0,390089013;1,291834599;1;1,307254075;0,683888962;1,614508151;1;;;;;;;;;;;;;
432;0,808771972;1,754703014;0,617543943;1;-0,215624992;0,402572939;-1,718749973;1;-0,361787386;0,714571477;-1,723574773;1;;;;;;;;;;;;;
433;1,123083947;0,602980169;1,246167894;1;0,363773133;0,26054426;0,212577111;1;1,257413752;0,488519154;1,514827503;1;;;;;;;;;;;;;
434;1,807757497;0,773869755;2,615514993;1;0,492415384;0,368436084;0,641384613;1;-0,364740492;0,572863006;-1,729480985;1;;;;;;;;;;;;;
435;1,448957284;0,70899395;1,897914567;1;-0,107391588;0,321081034;-1,357971961;1;0,244929513;0,659418623;-0,510140974;1;;;;;;;;;;;;;
436;0,459698888;1,627841654;-0,080602224;1;0,44555416;0,422460026;0,485180532;1;-0,610773188;0,691761712;-2,221546375;1;;;;;;;;;;;;;
437;1,855550569;0,607796348;2,711101138;0;0,018097151;0,260019862;-0,939676165;1;-0,266389486;0,459117733;-1,532778973;1;;;;;;;;;;;;;
438;0,649870194;0,779421374;0,299740387;1;0,295863102;0,323293497;-0,01378966;1;1,058957912;0,643033222;1,117915824;1;;;;;;;;;;;;;
439;1,742807472;0,508665277;2,485614944;0;0,46518126;0,252499374;0,550604201;1;0,037414511;0,406366132;-0,925170978;1;;;;;;;;;;;;;
440;-3,928979558;4,059387234;-8,857959115;1;0,31462137;0,504229245;0,0487379;1;0,53419551;0,845227259;0,068391021;1;;;;;;;;;;;;;
441;0,34183151;1,215768126;-0,316336981;1;0,568411286;0,405903158;0,894704286;1;0,478255543;0,704286355;-0,043488914;1;;;;;;;;;;;;;
442;-0,399140427;2,21009537;-1,798280855;1;-0,199919816;0,485933447;-1,666399386;1;0,053010208;0,815388583;-0,893979585;1;;;;;;;;;;;;;
443;-1,20641291;2,302460162;-3,412825821;1;0,636963018;0,40241992;1,123210061;1;1,315380045;0,883874628;1,63076009;1;;;;;;;;;;;;;
444;0,395961178;0,864072724;-0,208077644;1;1,058064572;0,341757199;2,526881908;0;0,636622062;0,564058123;0,273244125;1;;;;;;;;;;;;;
445;0,385721542;0,85577424;-0,228556916;1;-0,075233078;0,302432214;-1,250776927;1;1,804451205;0,560522651;2,608902409;0;;;;;;;;;;;;;
446;-1,275011591;4,580204322;-3,550023182;1;-0,328460139;0,545481641;-2,094867132;1;0,177406106;0,987175234;-0,645187788;1;;;;;;;;;;;;;
447;-1,597429865;1,947013551;-4,19485973;1;1,29908962;0,501881826;3,330298733;0;1,042017952;0,898030065;1,084035904;1;;;;;;;;;;;;;
448;0,570384144;0,993559261;0,140768288;1;0,128262218;0,355665423;-0,572459275;1;0,523730764;0,647477599;0,047461528;1;;;;;;;;;;;;;
449;-3,618782565;3,139554898;-8,237565131;1;0,708194927;0,461927289;1,360649758;1;0,102741426;0,73359972;-0,794517149;1;;;;;;;;;;;;;
450;0,242743198;0,871759807;-0,514513604;1;0,261283598;0,310311559;-0,129054673;1;1,118519719;0,612182614;1,237039438;1;;;;;;;;;;;;;
451;2,201152511;0,608415768;3,402305023;0;-0,065583409;0,30088678;-1,218611364;1;-0,48171986;0,550814011;-1,963439719;1;;;;;;;;;;;;;
452;1,337727231;0,685598549;1,675454462;1;0,634914754;0,301285676;1,116382515;1;0,511408359;0,523121666;0,022816718;1;;;;;;;;;;;;;
453;-0,951295236;3,125682969;-2,902590472;1;1,257515477;0,584646488;3,191718258;1;-0,100573376;0,812700483;-1,201146753;1;;;;;;;;;;;;;
454;0,061507577;1,095228123;-0,876984847;1;0,61379162;0,367514628;1,045972066;1;0,38806382;0,590083819;-0,223872361;1;;;;;;;;;;;;;
455;-0,6765343;1,582828948;-2,353068599;1;0,220622509;0,410325004;-0,264591637;1;1,443034073;0,681290941;1,886068147;1;;;;;;;;;;;;;
456;1,708567804;0,532351057;2,417135608;0;-0,126630815;0,29978068;-1,422102717;1;0,175839193;0,510031918;-0,648321614;1;;;;;;;;;;;;;
457;1,024716317;0,844805823;1,049432633;1;0,829297999;0,401258198;1,764326664;1;-0,311221218;0,578726246;-1,622442436;1;;;;;;;;;;;;;
458;0,551999738;5,983723681;0,103999476;1;-0,790440926;0,738209252;-3,634803087;1;-1,228260348;0,969145946;-3,456520696;1;;;;;;;;;;;;;
459;-0,051077422;2,140724615;-1,102154844;1;0,457507066;0,437691373;0,525023552;1;0,019159805;0,717053025;-0,961680389;1;;;;;;;;;;;;;
460;0,30438489;1,014627353;-0,39123022;1;0,392439397;0,341102543;0,308131324;1;0,934802772;0,645293267;0,869605544;1;;;;;;;;;;;;;
461;2,079043278;0,650468076;3,158086555;0;-0,383942198;0,30305246;-2,279807326;0;-0,599646419;0,523080224;-2,199292839;0;;;;;;;;;;;;;
462;0,815954056;1,158068752;0,631908113;1;0,33073296;0,390954983;0,102443199;1;-0,294257858;0,687413975;-1,588515716;1;;;;;;;;;;;;;
463;-0,019977607;1,191472975;-1,039955213;1;0,451259036;0,388602454;0,504196785;1;0,708203682;0,628610323;0,416407365;1;;;;;;;;;;;;;
464;1,122017359;0,655217018;1,244034718;1;0,368200242;0,288246256;0,227334141;1;0,831662102;0,4996669;0,663324204;1;;;;;;;;;;;;;
465;1,643684542;0,416975461;2,287369084;0;0,381474086;0,224478227;0,271580287;1;0,547235135;0,323553755;0,094470271;1;;;;;;;;;;;;;
466;-0,346902676;1,035504875;-1,693805353;1;1,376708655;0,394122241;3,58902885;0;1,034754282;0,544528117;1,069508563;1;;;;;;;;;;;;;
467;0,711444154;0,863693987;0,422888308;1;0,260782446;0,33332244;-0,130725181;1;1,511616487;0,667158274;2,023232974;1;;;;;;;;;;;;;
468;0,982192159;0,981983936;0,964384317;1;-0,344674243;0,362321914;-2,148914144;1;0,910333057;0,569952411;0,820666114;1;;;;;;;;;;;;;
469;0,265184326;0,83083651;-0,469631348;1;0,132621149;0,336994687;-0,557929502;1;0,883173496;0,525035808;0,766346992;1;;;;;;;;;;;;;
470;-4,860019681;2,502299746;-10,72003936;0;0,423603288;0,544983771;0,412010959;1;1,162966619;0,88009762;1,325933238;1;;;;;;;;;;;;;
471;1,127375371;0,584664262;1,254750741;1;0,172195185;0,287208023;-0,426016048;1;0,776250924;0,492203482;0,552501849;1;;;;;;;;;;;;;
472;0,761461342;1,247194144;0,522922685;1;0,566519577;0,398552664;0,888398591;1;0,085964877;0,704625507;-0,828070245;1;;;;;;;;;;;;;
473;0,859857652;0,605020624;0,719715304;1;0,490827392;0,278304584;0,636091306;1;0,883693343;0,47560035;0,767386686;1;;;;;;;;;;;;;
474;1,802165363;0,545507578;2,604330727;0;0,086629065;0,257626802;-0,71123645;1;0,052075501;0,500382652;-0,895848997;1;;;;;;;;;;;;;
475;0,884960144;1,028477474;0,769920288;1;0,38719397;0,399604804;0,290646567;1;-0,168907575;0,630705372;-1,33781515;1;;;;;;;;;;;;;
476;0,532533496;0,989189284;0,065066992;1;0,178051255;0,365667089;-0,406495816;1;0,664527916;0,657587729;0,329055833;1;;;;;;;;;;;;;
477;0,934434447;0,652197869;0,868868895;1;0,59854041;0,288562196;0,995134701;1;0,787929991;0,519741969;0,575859982;1;;;;;;;;;;;;;
478;1,030332268;0,584037135;1,060664536;1;0,541496288;0,284082766;0,804987625;1;0,671025606;0,438785792;0,342051213;1;;;;;;;;;;;;;
479;1,544695897;0,461150852;2,089391794;0;0,286813917;0,238211838;-0,043953612;1;1,158260033;0,367972895;1,316520067;1;;;;;;;;;;;;;
480;1,775339182;0,816529239;2,550678364;1;-0,039225899;0,301468967;-1,130752996;1;-0,791963787;0,504286927;-2,583927575;0;;;;;;;;;;;;;
481;-3,338791454;3,351259978;-7,677582908;1;0,979560729;0,462700735;2,265202428;1;-0,588359584;0,679181828;-2,176719168;1;;;;;;;;;;;;;
482;0,973236861;0,84500531;0,946473722;1;-0,103079611;0,351823322;-1,343598704;1;0,654920201;0,60626209;0,309840402;1;;;;;;;;;;;;;
483;-0,396024813;1,592401752;-1,792049626;1;-0,041543723;0,441228166;-1,138479078;1;0,277753082;0,673868245;-0,444493837;1;;;;;;;;;;;;;
484;1,654335339;0,627815432;2,308670677;1;0,445731079;0,301524181;0,485770264;1;-0,000294063;0,519667855;-1,000588126;1;;;;;;;;;;;;;
485;1,894278994;0,542640335;2,788557987;0;-0,061422287;0,270035768;-1,204740957;1;0,569888429;0,480867121;0,139776859;1;;;;;;;;;;;;;
486;-0,570901345;2,300126011;-2,141802691;1;0,33223549;0,579639868;0,107451634;1;-1,266339944;1,089725107;-3,532679888;1;;;;;;;;;;;;;
487;1,596076006;0,604727502;2,192152012;1;0,315736294;0,300183108;0,052454313;1;0,310399771;0,452526472;-0,379200459;1;;;;;;;;;;;;;
488;1,491337253;0,732114562;1,982674506;1;0,27972225;0,305327529;-0,067592501;1;0,055276507;0,47849179;-0,889446986;1;;;;;;;;;;;;;
489;0,477699272;1,042399927;-0,044601455;1;0,705430094;0,398558208;1,351433647;1;0,31282564;0,578127538;-0,374348719;1;;;;;;;;;;;;;
490;-0,768875655;3,688397359;-2,53775131;1;0,164296297;0,549263269;-0,452345678;1;0,058153234;1,044583134;-0,883693533;1;;;;;;;;;;;;;
491;1,58113512;0,489858725;2,16227024;0;0,63721831;0,236598948;1,124061034;1;0,376001567;0,36252252;-0,247996867;1;;;;;;;;;;;;;
492;0,901637665;1,040512111;0,80327533;1;0,23785791;0,444154391;-0,207140301;1;-1,127907702;0,801784551;-3,255815404;0;;;;;;;;;;;;;
493;1,149738764;0,563979108;1,299477529;1;0,028406619;0,297966353;-0,905311268;1;0,467913211;0,477158245;-0,064173578;1;;;;;;;;;;;;;
494;1,679189286;0,680155163;2,358378573;1;-0,308640973;0,314179747;-2,028803242;1;-0,526882354;0,534350628;-2,053764707;1;;;;;;;;;;;;;
495;-0,741094263;2,860108805;-2,482188527;1;0,613003078;0,442168432;1,043343594;1;0,913565669;0,845490653;0,827131337;1;;;;;;;;;;;;;
496;-0,859169002;2,160444531;-2,718338005;1;0,579907736;0,408881949;0,933025787;1;0,59622919;0,703955658;0,192458381;1;;;;;;;;;;;;;
497;1,591503839;0,652692762;2,183007679;1;0,281231261;0,322357887;-0,062562465;1;0,256929426;0,551330819;-0,486141147;1;;;;;;;;;;;;;
498;1,307301202;0,815021959;1,614602404;1;0,367728;0,351030827;0,225760001;1;0,117448907;0,579872325;-0,765102186;1;;;;;;;;;;;;;
499;-0,012702608;1,370174721;-1,025405216;1;-0,073723879;0,412700054;-1,245746264;1;0,749119199;0,689512947;0,498238398;1;;;;;;;;;;;;;
500;-1,009259522;3,215035212;-3,018519043;1;0,405848083;0,48190246;0,352826944;1;0,171078869;0,786272719;-0,657842262;1;;;;;;;;;;;;;
501;0,269087626;0,931163094;-0,461824749;1;0,970644685;0,344397077;2,235482283;1;0,554085489;0,58091285;0,108170978;1;;;;;;;;;;;;;
502;1,326602651;0,74457207;1,653205302;1;1,145301625;0,335248475;2,817672082;0;-0,100321408;0,463610654;-1,200642816;1;;;;;;;;;;;;;
503;1,936544985;0,631174343;2,873089971;0;0,15018838;0,28505321;-0,499372067;1;-0,082860861;0,576252828;-1,165721722;1;;;;;;;;;;;;;
504;-1,252176437;3,153749913;-3,504352873;1;0,598655057;0,444504869;0,995516858;1;0,832731338;0,685922761;0,665462676;1;;;;;;;;;;;;;
505;0,282091624;1,171113616;-0,435816753;1;0,222990629;0,381682104;-0,256697903;1;0,109245425;0,668639338;-0,78150915;1;;;;;;;;;;;;;
506;1,082780536;0,569527455;1,165561071;1;0,754267847;0,282836456;1,514226158;1;0,559327149;0,442074483;0,118654299;1;;;;;;;;;;;;;
507;2,821986901;0,473115019;4,643973802;0;0,393735205;0,221256408;0,312450683;1;-0,259683032;0,42700138;-1,519366064;1;;;;;;;;;;;;;
508;1,320366808;0,722292302;1,640733616;1;0,585765662;0,316708414;0,952552208;1;0,243049357;0,511378947;-0,513901287;1;;;;;;;;;;;;;
509;1,049141373;1,066054831;1,098282747;1;0,333920995;0,391919691;0,113069984;1;0,596109613;0,603972828;0,192219226;1;;;;;;;;;;;;;
510;-3,746026446;8,911196369;-8,492052891;1;0,982031316;0,560740082;2,273437721;1;2,158609395;0,844300769;3,31721879;0;;;;;;;;;;;;;
511;1,125638077;0,822649166;1,251276155;1;0,434260066;0,352996837;0,447533555;1;0,066463904;0,58054129;-0,867072193;1;;;;;;;;;;;;;
512;-1,132107518;2,218931816;-3,264215036;1;-0,145726548;0,451558919;-1,485755161;1;1,244144416;0,795521604;1,488288832;1;;;;;;;;;;;;;
513;-0,940734316;3,269620062;-2,881468633;1;0,707881357;0,510976582;1,359604525;1;0,68096306;0,901390632;0,36192612;1;;;;;;;;;;;;;
514;1,007935951;0,615088577;1,015871903;1;0,740923414;0,279316267;1,469744713;1;1,035911993;0,448076316;1,071823986;1;;;;;;;;;;;;;
515;-0,001726677;1,084288561;-1,003453353;1;0,061014418;0,365547473;-0,796618606;1;1,114064047;0,683101416;1,228128094;1;;;;;;;;;;;;;
516;0,628090303;0,769145208;0,256180606;1;0,814811496;0,323218741;1,716038321;1;0,237310632;0,511313065;-0,525378736;1;;;;;;;;;;;;;
517;1,444064328;0,77801762;1,888128656;1;0,791282692;0,333189992;1,637608974;1;0,105438977;0,501739778;-0,789122046;1;;;;;;;;;;;;;
518;0,390370871;0,981120557;-0,219258257;1;1,149129366;0,339929827;2,830431221;0;0,345319628;0,595937961;-0,309360744;1;;;;;;;;;;;;;
519;1,904000996;0,662110593;2,808001992;0;-0,419996224;0,336104421;-2,399987414;0;-0,064075065;0,534085445;-1,12815013;1;;;;;;;;;;;;;
520;1,48800013;0,464418357;1,976000259;0;0,362556266;0,214949001;0,208520885;1;1,158316076;0,371687299;1,316632153;1;;;;;;;;;;;;;
521;0,229457572;0,949267581;-0,541084857;1;0,28029445;0,354790731;-0,065685167;1;1,351844174;0,606203421;1,703688349;1;;;;;;;;;;;;;
522;0,936777206;1,050928748;0,873554411;1;-0,093061147;0,398066997;-1,310203824;1;0,179706046;0,681057356;-0,640587909;1;;;;;;;;;;;;;
523;1,558754612;0,745586928;2,117509224;1;-0,410877575;0,363930483;-2,369591918;1;-0,699226929;0,61441304;-2,398453858;1;;;;;;;;;;;;;
524;1,54124836;0,675953486;2,082496721;1;0,100609468;0,29193636;-0,664635106;1;0,483533626;0,543575877;-0,032932748;1;;;;;;;;;;;;;
525;0,111504234;1,642247344;-0,776991533;1;-0,183860212;0,436521184;-1,612867373;1;-0,079776129;0,770885383;-1,159552259;1;;;;;;;;;;;;;
526;0,962903368;0,610903024;0,925806737;1;0,41383012;0,278714059;0,379433733;1;0,893250607;0,501602258;0,786501215;1;;;;;;;;;;;;;
527;-0,275302544;2,140126143;-1,550605087;1;0,569813814;0,433736504;0,89937938;1;0,095963515;0,709699961;-0,80807297;1;;;;;;;;;;;;;
528;-3,401764257;3,319858664;-7,803528513;1;0,447345539;0,447858273;0,491151796;1;0,53320543;0,853314218;0,06641086;1;;;;;;;;;;;;;
529;-2,804659136;8,009487417;-6,609318272;1;-0,098769414;0,483857984;-1,32923138;1;1,380692155;0,86890561;1,761384311;1;;;;;;;;;;;;;
530;0,978216425;0,817477946;0,95643285;1;0,381525404;0,328861985;0,271751347;1;0,254373391;0,56463728;-0,491253219;1;;;;;;;;;;;;;
531;0,63675253;0,826942369;0,27350506;1;0,060397666;0,317255001;-0,798674447;1;0,644921782;0,575252165;0,289843563;1;;;;;;;;;;;;;
532;-3,527816652;9,475168203;-8,055633304;1;0,236540591;0,528881604;-0,211531363;1;1,793169355;0,992968739;2,58633871;1;;;;;;;;;;;;;
533;0,434985038;1,196169458;-0,130029924;1;0,311529568;0,371754129;0,038431892;1;0,021946801;0,658735617;-0,956106398;1;;;;;;;;;;;;;
534;1,212382367;1,03739365;1,424764734;1;-0,106370828;0,362698749;-1,354569427;1;-0,11543283;0,651153823;-1,23086566;1;;;;;;;;;;;;;
535;0,084290516;0,802243623;-0,831418968;1;0,748457614;0,343863222;1,494858712;1;0,483434717;0,529386602;-0,033130565;1;;;;;;;;;;;;;
536;2,132239033;0,610015282;3,264478066;0;0,141468804;0,298051284;-0,528437318;1;0,252420711;0,612658869;-0,495158578;1;;;;;;;;;;;;;
537;0,610416523;1,070675008;0,220833046;1;-0,517333827;0,423538727;-2,72444609;1;0,190854126;0,789366219;-0,618291748;1;;;;;;;;;;;;;
538;0,666303441;0,726116682;0,332606882;1;0,645126415;0,311200153;1,150421383;1;0,455830897;0,495027399;-0,088338206;1;;;;;;;;;;;;;
539;0,520086462;0,713174237;0,040172923;1;0,304470068;0,320107015;0,014900225;1;0,20332513;0,509738716;-0,593349739;1;;;;;;;;;;;;;
540;0,651829905;0,762206445;0,30365981;1;0,455591244;0,329974846;0,518637481;1;1,134539803;0,539519292;1,269079606;1;;;;;;;;;;;;;
541;0,846036663;1,318693186;0,692073326;1;0,040059102;0,426463765;-0,86646966;1;0,533229137;0,772150373;0,066458273;1;;;;;;;;;;;;;
542;-0,017065806;1,487613859;-1,034131612;1;0,165056079;0,414740036;-0,449813071;1;0,600358471;0,67549343;0,200716942;1;;;;;;;;;;;;;
543;-0,344552624;1,139917701;-1,689105248;1;0,463228628;0,361031074;0,544095427;1;1,567747475;0,728921617;2,13549495;1;;;;;;;;;;;;;
544;1,306280265;0,705746854;1,61256053;1;0,006084117;0,349961955;-0,979719609;1;0,076063949;0,558002311;-0,847872102;1;;;;;;;;;;;;;
545;1,674713283;0,666656847;2,349426567;1;0,062138298;0,300197423;-0,792872341;1;0,862732848;0,54104047;0,725465696;1;;;;;;;;;;;;;
546;1,903197052;0,634049499;2,806394104;0;0,069324083;0,261484769;-0,768919725;1;-0,221722615;0,473089282;-1,44344523;1;;;;;;;;;;;;;
547;-0,567553702;2,812118464;-2,135107405;1;-0,962678956;0,458668323;-4,208929854;0;0,81988811;0,731814247;0,63977622;1;;;;;;;;;;;;;
548;-0,412913304;3,139849428;-1,825826607;1;0,022685847;0,476017585;-0,92438051;1;0,749863632;0,862737163;0,499727264;1;;;;;;;;;;;;;
549;0,73026084;1,595539169;0,460521681;1;0,282534907;0,465767128;-0,058216978;1;1,409766827;1,025132368;1,819533654;1;;;;;;;;;;;;;
550;1,207443405;0,942949861;1,414886811;1;0,148729007;0,357445485;-0,504236643;1;0,251625985;0,578847728;-0,496748031;1;;;;;;;;;;;;;
551;0,228422357;0,97494959;-0,543155286;1;0,676560073;0,355976764;1,255200242;1;0,368425297;0,565431784;-0,263149406;1;;;;;;;;;;;;;
552;-4,62867377;4,209300205;-10,25734754;1;0,419443315;0,48452006;0,398144384;1;2,072166698;0,93973417;3,144333396;1;;;;;;;;;;;;;
553;1,516842363;1,148316533;2,033684726;1;-0,199235666;0,374592848;-1,664118886;1;-0,69555563;0,681647347;-2,39111126;1;;;;;;;;;;;;;
554;1,473329842;0,619698852;1,946659684;1;0,290812563;0,314730188;-0,030624791;1;0,753457247;0,481803656;0,506914494;1;;;;;;;;;;;;;
555;-0,440241702;1,346786464;-1,880483403;1;-0,039934151;0,444116193;-1,133113836;1;1,414486632;0,777145602;1,828973263;1;;;;;;;;;;;;;
556;-4,845080094;3,366505403;-10,69016019;1;1,062351964;0,478901597;2,541173213;1;1,889908833;0,827151322;2,779817665;1;;;;;;;;;;;;;
557;1,199140117;0,670995157;1,398280235;1;0,881037555;0,344035763;1,936791851;1;-0,14448669;0,525383659;-1,288973379;1;;;;;;;;;;;;;
558;1,504044836;0,514920268;2,008089673;1;0,510731894;0,266054932;0,702439647;1;-0,128446687;0,434837027;-1,256893373;1;;;;;;;;;;;;;
559;1,492297189;0,76851631;1,984594378;1;0,136440337;0,35195007;-0,545198875;1;0,421887902;0,558988809;-0,156224197;1;;;;;;;;;;;;;
560;1,201295154;0,722061548;1,402590308;1;0,450456009;0,342166715;0,50152003;1;0,969103214;0,576315886;0,938206428;1;;;;;;;;;;;;;
561;0,687965371;0,9381655;0,375930741;1;0,419984523;0,345966903;0,39994841;1;1,033404022;0,692474231;1,066808044;1;;;;;;;;;;;;;
562;1,011537062;0,842883421;1,023074124;1;0,304251078;0,340425482;0,014170259;1;1,11751059;0,627064806;1,235021179;1;;;;;;;;;;;;;
563;0,015561814;0,993964755;-0,968876373;1;0,552912787;0,344612209;0,843042624;1;1,300017296;0,61899151;1,600034591;1;;;;;;;;;;;;;
564;0,568589471;0,535215497;0,137178941;1;0,512623859;0,236790551;0,708746195;1;1,276843524;0,432065201;1,553687048;1;;;;;;;;;;;;;
565;0,835630488;0,630901239;0,671260975;1;0,416829244;0,259982687;0,389430813;1;1,325618266;0,491468892;1,651236533;1;;;;;;;;;;;;;
566;0,591342515;1,386590734;0,18268503;1;0,230774402;0,374583341;-0,230751994;1;0,710047877;0,7783357;0,420095754;1;;;;;;;;;;;;;
567;1,018970158;0,890335742;1,037940316;1;0,283503672;0,374506691;-0,054987758;1;-0,868185106;0,668745465;-2,736370212;0;;;;;;;;;;;;;
568;-0,120801621;1,592571767;-1,241603242;1;0,407753585;0,376022878;0,359178616;1;0,940462952;0,782092108;0,880925904;1;;;;;;;;;;;;;
569;1,547978429;0,708890269;2,095956859;1;0,849903008;0,322668888;1,833010027;1;-0,532649771;0,527152506;-2,065299542;1;;;;;;;;;;;;;
570;1,339460748;0,63077781;1,678921495;1;0,87174485;0,308594592;1,905816165;1;0,317831697;0,488456713;-0,364336606;1;;;;;;;;;;;;;
571;-2,756777718;4,178959745;-6,513555435;1;0,141718795;0,448197708;-0,527604015;1;-0,108363099;0,711317355;-1,216726197;1;;;;;;;;;;;;;
572;-0,29400103;4,291565419;-1,58800206;1;-0,5111558;0,508622837;-2,703852667;1;-0,336898108;0,869383603;-1,673796216;1;;;;;;;;;;;;;
573;0,244626938;0,937207937;-0,510746123;1;0,271491149;0,347946604;-0,095029504;1;1,469145647;0,655724422;1,938291293;1;;;;;;;;;;;;;
574;1,290611696;0,811653156;1,581223392;1;0,664011163;0,365655048;1,213370542;1;-0,809384608;0,627711248;-2,618769215;0;;;;;;;;;;;;;
575;-0,34081956;1,800242496;-1,68163912;1;-0,631341097;0,483555201;-3,104470324;1;-0,079974113;0,911906608;-1,159948227;1;;;;;;;;;;;;;
576;2,463559817;0,477127853;3,927119634;0;0,354644859;0,249339442;0,182149529;1;0,133439811;0,409160783;-0,733120378;1;;;;;;;;;;;;;
577;0,883957546;0,770161326;0,767915093;1;0,638417643;0,353337854;1,128058809;1;0,799107816;0,546733047;0,598215631;1;;;;;;;;;;;;;
578;-0,097591966;1,436539823;-1,195183931;1;-0,143269738;0,440939356;-1,477565793;1;1,010792224;0,804650531;1,021584448;1;;;;;;;;;;;;;
579;-0,127925743;2,04165323;-1,255851485;1;0,15715559;0,418682924;-0,476148034;1;0,281738842;0,673876632;-0,436522315;1;;;;;;;;;;;;;
580;1,050264324;0,728909687;1,100528648;1;-0,320486286;0,345800925;-2,068287618;1;1,06571158;0,551800255;1,131423161;1;;;;;;;;;;;;;
581;1,285650475;0,731216704;1,57130095;1;0,423853082;0,319855491;0,412843607;1;0,91969861;0,605963404;0,83939722;1;;;;;;;;;;;;;
582;1,991753111;0,534685167;2,983506222;0;0,091989616;0,274381537;-0,693367945;1;0,18618404;0,527682937;-0,62763192;1;;;;;;;;;;;;;
583;-3,321039714;3,495496377;-7,642079428;1;0,286620955;0,579265752;-0,044596816;1;0,184454989;0,984238265;-0,631090022;1;;;;;;;;;;;;;
584;-4,617724282;5,13863099;-10,23544856;1;0,591228641;0,52395699;0,970762138;1;1,944142635;0,987473029;2,888285271;1;;;;;;;;;;;;;
585;-0,033993176;0,741020979;-1,067986352;1;1,34181572;0,313205428;3,472719066;0;0,909286463;0,475551823;0,818572925;1;;;;;;;;;;;;;
586;1,064746699;0,762076029;1,129493398;1;0,650792168;0,298178274;1,169307226;1;0,518139949;0,498435521;0,036279898;1;;;;;;;;;;;;;
587;1,052071267;0,960678179;1,104142533;1;-0,198852723;0,356615509;-1,662842409;1;-0,548183453;0,602940462;-2,096366907;1;;;;;;;;;;;;;
588;-0,198217441;2,348868147;-1,396434883;1;0,423969116;0,441101934;0,413230387;1;-0,217466485;0,743652327;-1,43493297;1;;;;;;;;;;;;;
589;1,027788417;0,660324484;1,055576834;1;0,510009222;0,300395477;0,70003074;1;0,629958125;0,517021424;0,25991625;1;;;;;;;;;;;;;
590;-0,372890416;1,289204156;-1,745780833;1;0,530720426;0,366053789;0,769068088;1;1,358344055;0,686250039;1,71668811;1;;;;;;;;;;;;;
591;1,6355833;0,710873053;2,2711666;1;0,21819031;0,310890067;-0,272698966;1;-0,927343152;0,566793732;-2,854686304;0;;;;;;;;;;;;;
592;2,035261603;0,49554994;3,070523205;0;0,571205527;0,257523265;0,904018424;1;-0,609222311;0,34623518;-2,218444622;0;;;;;;;;;;;;;
593;1,709991587;0,543391524;2,419983174;0;0,119132801;0,253346426;-0,602890662;1;1,059621759;0,427992369;1,119243518;1;;;;;;;;;;;;;
594;0,526302111;1,07865497;0,052604223;1;0,51335754;0,373439649;0,711191801;1;0,845728804;0,636369191;0,691457608;1;;;;;;;;;;;;;
595;1,163430783;0,738626816;1,326861566;1;0,33919791;0,300078861;0,1306597;1;0,32115712;0,517824985;-0,357685761;1;;;;;;;;;;;;;
596;0,527821811;1,050735545;0,055643622;1;0,496933014;0,363071448;0,656443382;1;0,531609999;0,653698941;0,063219998;1;;;;;;;;;;;;;
597;1,596803588;0,688355433;2,193607176;1;-0,243640621;0,316055148;-1,812135404;1;0,304889285;0,51726631;-0,39022143;1;;;;;;;;;;;;;
598;1,855659014;0,690790848;2,711318028;0;-0,065920425;0,347666032;-1,219734751;1;-0,07894602;0,564363024;-1,15789204;1;;;;;;;;;;;;;
599;0,367571761;1,048613147;-0,264856478;1;0,98680508;0,403061284;2,289350267;1;0,583329735;0,578556699;0,16665947;1;;;;;;;;;;;;;
600;1,05976058;0,525020122;1,11952116;1;0,415557371;0,248217807;0,385191236;1;0,924292101;0,450673006;0,848584202;1;;;;;;;;;;;;;
601;1,042606358;0,710083695;1,085212716;1;0,775708641;0,296067901;1,585695469;1;0,528822823;0,495339261;0,057645646;1;;;;;;;;;;;;;
602;0,506828075;0,742812649;0,013656151;1;0,554032099;0,321053475;0,846773664;1;0,730491925;0,507521437;0,460983851;1;;;;;;;;;;;;;
603;1,065644432;0,96245683;1,131288864;1;0,34270373;0,372286057;0,142345765;1;-0,213432368;0,673839744;-1,426864735;1;;;;;;;;;;;;;
604;1,274711086;0,653689504;1,549422173;1;1,026730188;0,319675894;2,422433958;0;-0,303596309;0,439293876;-1,607192619;1;;;;;;;;;;;;;
605;0,71040913;0,724540376;0,42081826;1;-0,097675203;0,327386782;-1,325584011;1;1,18524396;0,567032793;1,37048792;1;;;;;;;;;;;;;
606;0,956370125;0,565303532;0,912740251;1;0,217565023;0,330791057;-0,274783257;1;0,95645937;0,49459846;0,91291874;1;;;;;;;;;;;;;
607;1,546765493;0,527388433;2,093530985;0;0,506186012;0,269734374;0,687286707;1;0,146189389;0,476223347;-0,707621222;1;;;;;;;;;;;;;
608;1,051930347;0,613829344;1,103860694;1;0,325775428;0,295725911;0,085918094;1;1,021837746;0,517539204;1,043675491;1;;;;;;;;;;;;;
609;1,297445417;1,279451398;1,594890834;1;-0,727591859;0,491977202;-3,425306197;0;0,578210457;0,769707805;0,156420915;1;;;;;;;;;;;;;
610;0,752325165;1,272399812;0,50465033;1;0,020104253;0,390292481;-0,932985824;1;-0,203047417;0,612482833;-1,406094835;1;;;;;;;;;;;;;
611;0,858407791;1,127254416;0,716815581;1;0,40731153;0,416083555;0,357705102;1;-0,771822655;0,703790202;-2,543645311;1;;;;;;;;;;;;;
612;0,282478514;0,878730959;-0,435042973;1;0,449946131;0,355462634;0,499820437;1;0,705982708;0,582104058;0,411965417;1;;;;;;;;;;;;;
613;1,401372829;0,705930739;1,802745659;1;0,393492566;0,350574076;0,311641888;1;-0,031127042;0,511605492;-1,062254084;1;;;;;;;;;;;;;
614;0,875285589;1,224710016;0,750571178;1;-0,302202461;0,403822311;-2,007341535;1;-0,209112236;0,653019513;-1,418224472;1;;;;;;;;;;;;;
615;1,128319108;0,682230172;1,256638215;1;0,505371258;0,30630977;0,684570861;1;0,465440952;0,478221543;-0,069118097;1;;;;;;;;;;;;;
616;1,02404026;0,558937527;1,04808052;1;0,175124794;0,298596905;-0,416250688;1;0,254207075;0,511623517;-0,49158585;1;;;;;;;;;;;;;
617;0,092594851;1,233016652;-0,814810298;1;0,193795038;0,389717167;-0,35401654;1;1,252501941;0,699898071;1,505003882;1;;;;;;;;;;;;;
618;-1,656295822;3,672717534;-4,312591643;1;0,612368933;0,454766462;1,041229776;1;0,185388739;0,81075258;-0,629222521;1;;;;;;;;;;;;;
619;0,061305225;0,831384541;-0,87738955;1;0,411510072;0,321218301;0,371700239;1;1,825029861;0,650820042;2,650059722;0;;;;;;;;;;;;;
620;1,208052622;0,601365467;1,416105244;1;0,377500436;0,285142512;0,258334788;1;0,389555128;0,49635662;-0,220889744;1;;;;;;;;;;;;;
621;1,390358418;0,697988741;1,780716836;1;-0,148402543;0,320947768;-1,494675143;1;0,764832764;0,615674171;0,529665527;1;;;;;;;;;;;;;
622;-3,798968777;3,943646449;-8,597937554;1;1,038485445;0,502274707;2,461618151;1;0,822956897;0,82817464;0,645913795;1;;;;;;;;;;;;;
623;1,705653625;0,786049875;2,41130725;1;0,31534942;0,318735337;0,051164733;1;-0,510084589;0,503805941;-2,020169177;0;;;;;;;;;;;;;
624;1,956530586;0,522963131;2,913061171;0;-0,038436876;0,27802182;-1,128122921;1;0,202517723;0,503727415;-0,594964553;1;;;;;;;;;;;;;
625;0,57252026;0,968040482;0,145040519;1;0,494345499;0,355890909;0,64781833;1;0,497850214;0,571964166;-0,004299572;1;;;;;;;;;;;;;
626;0,383189665;0,973095073;-0,23362067;1;-0,261780303;0,369928615;-1,872601009;1;0,854492498;0,64192832;0,708984997;1;;;;;;;;;;;;;
627;1,214087837;0,539911507;1,428175674;1;0,710221601;0,278080054;1,367405338;1;-0,0579501;0,406097677;-1,115900199;1;;;;;;;;;;;;;
628;1,266571359;0,619198001;1,533142717;1;1,014216135;0,311193594;2,380720451;0;-0,358577447;0,452420695;-1,717154895;1;;;;;;;;;;;;;
629;0,016430316;1,366482816;-0,967139368;1;0,182170204;0,408675767;-0,392765985;1;0,185444155;0,71608701;-0,629111691;1;;;;;;;;;;;;;
630;0,361468115;1,370748323;-0,27706377;1;0,52122779;0,382752984;0,737425967;1;0,439962832;0,710708957;-0,120074336;1;;;;;;;;;;;;;
631;1,526928364;0,612308824;2,053856729;1;-0,066478543;0,30111758;-1,221595142;1;-0,136998451;0,463821517;-1,273996901;1;;;;;;;;;;;;;
632;0,430306209;1,066152933;-0,139387582;1;-0,152769635;0,3957827;-1,509232117;1;1,277330158;0,804284289;1,554660316;1;;;;;;;;;;;;;
633;0,258094208;1,194129769;-0,483811583;1;0,87604681;0,378563226;1,920156032;1;0,129187229;0,644783907;-0,741625542;1;;;;;;;;;;;;;
634;1,021575514;1,078556189;1,043151027;1;0,021577289;0,367477831;-0,928075704;1;-0,50576279;0,680194117;-2,011525581;1;;;;;;;;;;;;;
635;-0,411526805;1,355993457;-1,82305361;1;0,416168238;0,380812016;0,387227459;1;0,866139655;0,735022868;0,732279309;1;;;;;;;;;;;;;
636;1,091910655;0,932288755;1,183821309;1;0,034108468;0,390912228;-0,886305106;1;0,462415214;0,633369725;-0,075169572;1;;;;;;;;;;;;;
637;0,150117548;1,195815178;-0,699764904;1;0,520706364;0,418495947;0,735687879;1;0,521575051;0,646078266;0,043150101;1;;;;;;;;;;;;;
638;0,049303278;1,869068984;-0,901393444;1;0,178561252;0,425654636;-0,404795826;1;0,476279407;0,712863628;-0,047441186;1;;;;;;;;;;;;;
639;1,141515112;0,852464239;1,283030225;1;-0,459041452;0,35292104;-2,530138174;0;1,054367875;0,613453649;1,108735751;1;;;;;;;;;;;;;
640;-1,093116177;1,679006865;-3,186232355;1;0,198997481;0,424881313;-0,336675063;1;2,017468586;0,918530264;3,034937171;1;;;;;;;;;;;;;
641;-3,927626216;5,441555405;-8,855252433;1;0,929761947;0,455022964;2,09920649;1;1,853140437;0,771999143;2,706280874;1;;;;;;;;;;;;;
642;1,056158908;0,68399062;1,112317817;1;1,025794449;0,298109722;2,419314829;0;0,991920144;0,476502812;0,983840289;1;;;;;;;;;;;;;
643;1,412132523;0,455515977;1,824265046;0;0,564903336;0,250141775;0,883011119;1;0,669739014;0,402133199;0,339478029;1;;;;;;;;;;;;;
644;1,354953249;0,554420918;1,709906498;1;0,304426424;0,28152236;0,014754746;1;0,542331538;0,447174199;0,084663077;1;;;;;;;;;;;;;
645;1,110067852;1,139598318;1,220135704;1;0,179401038;0,354321156;-0,401996539;1;-0,915376102;0,64153565;-2,830752205;0;;;;;;;;;;;;;
646;0,866294819;1,037246571;0,732589639;1;0,059106819;0,373187627;-0,802977269;1;0,477601158;0,626482212;-0,044797684;1;;;;;;;;;;;;;
647;1,38223884;0,550390963;1,764477681;1;0,142764804;0,24909358;-0,524117319;1;0,726531673;0,472443784;0,453063346;1;;;;;;;;;;;;;
648;1,618123219;0,577278111;2,236246438;1;0,183580749;0,305751566;-0,388064169;1;-0,224260784;0,488820605;-1,448521568;1;;;;;;;;;;;;;
649;-1,561906929;3,281021856;-4,123813858;1;0,201382976;0,498413827;-0,328723414;1;1,22463011;0,86653568;1,44926022;1;;;;;;;;;;;;;
650;0,513687894;0,837981539;0,027375787;1;0,070896778;0,364947923;-0,763677408;1;0,341449706;0,613252849;-0,317100587;1;;;;;;;;;;;;;
651;-0,037873676;1,976027883;-1,075747352;1;0,342541642;0,443099023;0,141805474;1;1,081723975;0,731814178;1,16344795;1;;;;;;;;;;;;;
652;-3,318336359;3,920730427;-7,636672718;1;0,163416742;0,496001994;-0,455277526;1;-0,611554954;0,881698306;-2,223109908;1;;;;;;;;;;;;;
653;0,018581739;1,127537996;-0,962836523;1;0,4035047;0,359511356;0,345015665;1;0,711072998;0,673505753;0,422145996;1;;;;;;;;;;;;;
654;1,036757425;0,926373754;1,073514849;1;-0,448599294;0,343087241;-2,49533098;0;1,010187336;0,595158799;1,020374673;1;;;;;;;;;;;;;
655;-4,527220096;3,307222597;-10,05444019;1;0,532576062;0,505175011;0,77525354;1;1,448713828;0,945443346;1,897427655;1;;;;;;;;;;;;;
656;1,372384594;0,533702735;1,744769187;1;0,075002647;0,30556278;-0,749991177;1;0,087383867;0,509080506;-0,825232265;1;;;;;;;;;;;;;
657;-3,747131966;3,955934094;-8,494263932;1;0,325237343;0,485089177;0,084124478;1;0,838004733;0,819169528;0,676009466;1;;;;;;;;;;;;;
658;0,126716344;2,682238506;-0,746567311;1;-0,10779395;0,447002147;-1,359313166;1;0,606078091;0,895590828;0,212156181;1;;;;;;;;;;;;;
659;0,853574752;1,198281026;0,707149505;1;-0,417310178;0,421428233;-2,391033926;1;0,15286844;0,672979951;-0,694263119;1;;;;;;;;;;;;;
660;0,806384088;1,163079216;0,612768177;1;-0,129352563;0,378846428;-1,43117521;1;-0,049306383;0,594155642;-1,098612767;1;;;;;;;;;;;;;
661;0,038630274;1,552529243;-0,922739451;1;0,52756606;0,414826556;0,758553534;1;0,313318662;0,753442623;-0,373362676;1;;;;;;;;;;;;;
662;-3,499814722;2,970435229;-7,999629443;1;0,944938355;0,5335227;2,149794518;1;-0,432355261;0,918583115;-1,864710522;1;;;;;;;;;;;;;
663;0,043751493;0,990295979;-0,912497014;1;-0,033819329;0,342170096;-1,112731097;1;1,841442223;0,710807326;2,682884447;1;;;;;;;;;;;;;
664;-4,421921161;2,572431656;-9,843842322;1;0,209322196;0,487553244;-0,302259348;1;1,631537517;0,887611121;2,263075034;1;;;;;;;;;;;;;
665;1,201415764;0,61224653;1,402831528;1;1,061426933;0,295528455;2,538089778;0;-0,094502366;0,43482947;-1,189004731;1;;;;;;;;;;;;;
666;1,250737536;0,58438564;1,501475072;1;0,67649799;0,296899829;1,2549933;1;-0,039260635;0,504526206;-1,078521269;1;;;;;;;;;;;;;
667;1,532950766;0,587072279;2,065901531;1;-0,062913943;0,312487925;-1,209713144;1;0,194581355;0,516890483;-0,610837291;1;;;;;;;;;;;;;
668;0,928007597;0,890915209;0,856015194;1;-0,243015496;0,371951999;-1,810051653;1;0,325086789;0,648308034;-0,349826423;1;;;;;;;;;;;;;
669;1,183906034;0,636951914;1,367812067;1;0,169124268;0,295014917;-0,436252439;1;0,558869675;0,504090277;0,11773935;1;;;;;;;;;;;;;
670;1,191306734;0,528939494;1,382613468;1;0,32342185;0,224584141;0,078072834;1;1,220609347;0,385428818;1,441218694;1;;;;;;;;;;;;;
671;-3,063210856;3,851264801;-7,126421712;1;-0,217344104;0,498431232;-1,724480346;1;-0,099438543;0,87156151;-1,198877086;1;;;;;;;;;;;;;
672;1,485989384;0,713766609;1,971978768;1;0,056097427;0,375010017;-0,813008577;1;-0,154506041;0,644019911;-1,309012081;1;;;;;;;;;;;;;
673;0,498307459;0,643841605;-0,003385082;1;0,446252933;0,310306241;0,487509777;1;0,839612239;0,543690878;0,679224478;1;;;;;;;;;;;;;
674;0,321421301;0,83343643;-0,357157399;1;1,00468849;0,337704807;2,348961633;0;1,073450051;0,534263016;1,146900103;1;;;;;;;;;;;;;
675;0,733728393;1,104074794;0,467456786;1;0,213004979;0,358999223;-0,289983402;1;0,790895597;0,676565192;0,581791194;1;;;;;;;;;;;;;
676;1,039029301;1,068126436;1,078058603;1;0,262322126;0,39615592;-0,125592913;1;-0,282811916;0,650770263;-1,565623833;1;;;;;;;;;;;;;
677;1,948226985;0,390298255;2,89645397;0;0,555010091;0,201293375;0,850033636;1;0,519364671;0,299660099;0,038729341;1;;;;;;;;;;;;;
678;0,968369287;0,700996162;0,936738573;1;0,097537665;0,302959138;-0,674874449;1;0,734292963;0,513022879;0,468585927;1;;;;;;;;;;;;;
679;1,390486635;0,652478341;1,780973269;1;0,498114287;0,302502866;0,660380956;1;-0,336410938;0,583572204;-1,672821876;1;;;;;;;;;;;;;
680;1,837258392;0,48841817;2,674516784;0;0,276458276;0,238084342;-0,078472413;1;0,66141979;0,413376153;0,32283958;1;;;;;;;;;;;;;
681;0,905997302;0,963906595;0,811994605;1;0,142751576;0,368254805;-0,524161412;1;-0,263814106;0,690199004;-1,527628211;1;;;;;;;;;;;;;
682;0,896860655;1,096109692;0,793721309;1;-0,377939617;0,38546171;-2,259798725;1;-0,120075844;0,615430605;-1,240151688;1;;;;;;;;;;;;;
683;0,77098381;1,100161631;0,54196762;1;-0,087422329;0,417644934;-1,291407764;1;0,374001805;0,710370484;-0,251996389;1;;;;;;;;;;;;;
684;0,288842833;1,445661687;-0,422314334;1;0,722117234;0,429178097;1,407057447;1;1,017648523;0,745924628;1,035297046;1;;;;;;;;;;;;;
685;-4,345265283;2,637789454;-9,690530566;1;0,292644965;0,470154878;-0,024516783;1;1,048164112;0,873533505;1,096328224;1;;;;;;;;;;;;;
686;1,743956232;0,445168214;2,487912464;0;0,188200154;0,233106208;-0,372666154;1;0,62134333;0,38553463;0,242686659;1;;;;;;;;;;;;;
687;-1,504189905;6,039754109;-4,00837981;1;0,48596981;0,573634562;0,619899367;1;-0,066895878;0,924068131;-1,133791756;1;;;;;;;;;;;;;
688;0,802016713;0,901225876;0,604033426;1;1,103783645;0,3674349;2,679278817;0;-0,675873803;0,539637067;-2,351747606;0;;;;;;;;;;;;;
689;-0,843144192;1,671003791;-2,686288384;1;0,701584946;0,447063766;1,338616488;1;1,135590677;0,693565566;1,271181353;1;;;;;;;;;;;;;
690;-3,826319297;3,507659367;-8,652638595;1;0,433941251;0,502409993;0,446470837;1;0,352528048;0,878443738;-0,294943904;1;;;;;;;;;;;;;
691;-2,668488499;3,28400596;-6,336976997;1;1,469373984;0,496697604;3,897913281;0;0,455803693;0,803011936;-0,088392614;1;;;;;;;;;;;;;
692;-1,264477139;1,369042147;-3,528954278;1;0,559509248;0,396556893;0,865030828;1;2,065560935;0,768556708;3,131121871;0;;;;;;;;;;;;;
693;0,417366755;0,873345924;-0,165266491;1;0,047150196;0,333927633;-0,842832682;1;0,960656505;0,62601995;0,921313009;1;;;;;;;;;;;;;
694;2,207047805;0,559115748;3,41409561;0;-0,231201731;0,26174652;-1,770672436;0;0,124574554;0,442497237;-0,750850893;1;;;;;;;;;;;;;
695;-0,066768216;2,085458213;-1,133536433;1;-0,288554905;0,493589282;-1,961849684;1;0,210556326;0,925277499;-0,578887347;1;;;;;;;;;;;;;
696;0,879987037;0,792004105;0,759974073;1;-0,806222225;0,414838718;-3,687407416;0;0,890808059;0,573439968;0,781616118;1;;;;;;;;;;;;;
697;1,475862971;0,84576376;1,951725941;1;-0,234546137;0,335236896;-1,781820455;1;0,987155339;0,652496171;0,974310679;1;;;;;;;;;;;;;
698;0,827526348;1,494698276;0,655052696;1;-0,404073768;0,417129382;-2,34691256;1;0,223302261;0,71764857;-0,553395478;1;;;;;;;;;;;;;
699;-0,22297844;1,436932903;-1,445956881;1;0,166342616;0,378040119;-0,445524612;1;0,997619547;0,557128747;0,995239094;1;;;;;;;;;;;;;
700;0,619838704;0,771423587;0,239677407;1;0,292814557;0,346871384;-0,023951475;1;0,353748829;0,618463413;-0,292502342;1;;;;;;;;;;;;;
701;0,400618993;1,157164148;-0,198762014;1;0,422150348;0,41745158;0,407167826;1;1,564330666;0,838078827;2,128661332;1;;;;;;;;;;;;;
702;1,008231552;0,803024664;1,016463105;1;0,260350807;0,343686598;-0,132163977;1;0,293400364;0,562239682;-0,413199273;1;;;;;;;;;;;;;
703;0,886426366;0,530861157;0,772852732;1;0,112300261;0,268548695;-0,625665795;1;1,034183092;0,431336191;1,068366184;1;;;;;;;;;;;;;
704;-0,648526767;2,488827244;-2,297053534;1;-0,041173135;0,429513475;-1,137243783;1;0,004250858;0,691320596;-0,991498284;1;;;;;;;;;;;;;
705;-1,145914402;3,588436509;-3,291828803;1;0,215502448;0,429994705;-0,281658506;1;0,4925314;0,841319533;-0,0149372;1;;;;;;;;;;;;;
706;0,946113089;0,574667163;0,892226179;1;0,731885664;0,257355165;1,43961888;1;1,429962395;0,42085882;1,859924791;0;;;;;;;;;;;;;
707;-0,104799011;1,233277717;-1,209598021;1;-0,058985646;0,37028005;-1,196618822;1;1,139690592;0,707758936;1,279381184;1;;;;;;;;;;;;;
708;-3,260929886;5,198818106;-7,521859772;1;-0,464509106;0,510407422;-2,548363685;1;0,749035217;0,839463787;0,498070435;1;;;;;;;;;;;;;
709;1,635088333;0,535580488;2,270176666;0;-0,196627067;0,297481231;-1,655423555;1;0,28533407;0,527440455;-0,429331861;1;;;;;;;;;;;;;
710;1,90501363;0,692867197;2,810027259;0;-0,635202075;0,303122655;-3,117340251;0;0,524473002;0,539898965;0,048946003;1;;;;;;;;;;;;;
711;1,275645696;0,62351687;1,551291392;1;0,461011537;0,27044511;0,536705124;1;-0,155893449;0,479859114;-1,311786897;1;;;;;;;;;;;;;
712;0,103607408;1,340902096;-0,792785183;1;0,516098052;0,380518699;0,72032684;1;0,156690274;0,662332876;-0,686619453;1;;;;;;;;;;;;;
713;1,22807978;0,767981164;1,456159561;1;-0,20488815;0,355239245;-1,6829605;1;0,081146649;0,617078642;-0,837706701;1;;;;;;;;;;;;;
714;0,141628796;1,793674938;-0,716742408;1;0,102086491;0,401586007;-0,659711697;1;0,219033033;0,67131736;-0,561933933;1;;;;;;;;;;;;;
715;0,185313226;1,022666583;-0,629373549;1;0,293653558;0,355746325;-0,021154808;1;0,966937671;0,63720319;0,933875341;1;;;;;;;;;;;;;
716;0,385686661;0,961011945;-0,228626677;1;0,182478665;0,362686039;-0,391737783;1;-0,097330884;0,607088219;-1,194661767;1;;;;;;;;;;;;;
717;1,525967983;0,659596498;2,051935965;1;0,13969048;0,32232351;-0,534365068;1;0,286334494;0,52908531;-0,427331013;1;;;;;;;;;;;;;
718;0,923592237;0,708584636;0,847184474;1;-0,02729918;0,317711315;-1,090997265;1;0,690783342;0,559029842;0,381566683;1;;;;;;;;;;;;;
719;1,64361878;0,543420522;2,28723756;0;0,177343018;0,278485394;-0,408856606;1;0,2079645;0,439838169;-0,584071;1;;;;;;;;;;;;;
720;-3,260144752;7,661059059;-7,520289504;1;0,099809944;0,508578434;-0,667300187;1;0,631186258;0,859552482;0,262372516;1;;;;;;;;;;;;;
721;0,812683157;0,995119564;0,625366314;1;0,118480456;0,377639294;-0,605065147;1;0,31009965;0,674869937;-0,379800699;1;;;;;;;;;;;;;
722;1,031363566;0,544311034;1,062727131;1;0,516858495;0,280358903;0,722861649;1;0,530897113;0,506241387;0,061794226;1;;;;;;;;;;;;;
723;-3,349304791;6,25900336;-7,698609583;1;1,331466604;0,523388756;3,438222014;0;0,838335984;0,978234906;0,676671968;1;;;;;;;;;;;;;
724;0,51131651;1,065951193;0,022633021;1;0,739880523;0,362672706;1,466268411;1;0,824935478;0,612716783;0,649870956;1;;;;;;;;;;;;;
725;1,129966305;0,878498337;1,25993261;1;0,230552327;0,380280202;-0,231492244;1;-0,24248392;0,608966732;-1,48496784;1;;;;;;;;;;;;;
726;-0,86445873;2,841236053;-2,72891746;1;0,854725885;0,480325266;1,849086282;1;-0,23165418;0,857684755;-1,463308359;1;;;;;;;;;;;;;
727;1,586752555;0,613149042;2,173505109;1;0,651996163;0,264981852;1,173320544;1;0,153667739;0,390595743;-0,692664523;1;;;;;;;;;;;;;
728;0,658695629;1,824176332;0,317391257;1;-0,446526298;0,446846524;-2,488420992;1;-0,38000492;0,704688822;-1,760009841;1;;;;;;;;;;;;;
729;1,800199843;0,51269215;2,600399686;0;-0,240426433;0,246234968;-1,801421442;0;0,356131548;0,428998908;-0,287736904;1;;;;;;;;;;;;;
730;2,241590687;0,644260952;3,483181374;0;0,054879136;0,30061616;-0,817069548;1;-0,501446672;0,513827924;-2,002893344;1;;;;;;;;;;;;;
731;1,120072214;0,801360886;1,240144428;1;0,759020031;0,325316777;1,530066771;1;-0,135629039;0,516127519;-1,271258078;1;;;;;;;;;;;;;
732;1,402320652;0,740764711;1,804641303;1;0,558417485;0,308478941;0,861391618;1;-0,585984747;0,516383634;-2,171969493;0;;;;;;;;;;;;;
733;1,448959963;0,617011637;1,897919927;1;-0,190262942;0,324449704;-1,634209806;1;-0,464512002;0,51734841;-1,929024003;1;;;;;;;;;;;;;
734;-2,517064411;NA;-6,034128822;NA;0,443302836;0,463460446;0,477676119;1;-0,631645612;0,528677704;-2,263291224;0;;;;;;;;;;;;;
735;0,275035636;0,917984648;-0,449928728;1;0,008181397;0,351184179;-0,972728678;1;0,907702165;0,609278973;0,815404331;1;;;;;;;;;;;;;
736;0,653308874;1,261906924;0,306617748;1;0,358397043;0,390182179;0,194656809;1;0,409773341;0,619856305;-0,180453318;1;;;;;;;;;;;;;
737;1,174899558;0,661214416;1,349799115;1;0,148715242;0,333557786;-0,504282527;1;0,241179653;0,514075823;-0,517640694;1;;;;;;;;;;;;;
738;1,265775999;0,599304427;1,531551997;1;0,12045855;0,331520529;-0,598471501;1;0,264234633;0,495240166;-0,471530734;1;;;;;;;;;;;;;
739;-3,339541547;4,303507795;-7,679083094;1;-0,566083849;0,503836179;-2,886946164;1;0,892897377;0,817421389;0,785794754;1;;;;;;;;;;;;;
740;-1,507244201;2,018508488;-4,014488402;1;0,680129883;0,415017922;1,267099611;1;1,866032978;0,789598605;2,732065955;1;;;;;;;;;;;;;
741;-0,38602541;1,982498091;-1,772050819;1;0,744372949;0,427323153;1,481243165;1;0,391799163;0,731845325;-0,216401673;1;;;;;;;;;;;;;
742;1,010005123;0,68550124;1,020010247;1;0,628609713;0,31916063;1,09536571;1;-0,103932353;0,517148049;-1,207864706;1;;;;;;;;;;;;;
743;0,897404366;1,068467898;0,794808731;1;0,567092414;0,395739387;0,890308048;1;0,576082603;0,657899005;0,152165206;1;;;;;;;;;;;;;
744;-2,998743275;4,549310788;-6,997486549;1;0,549679096;0,467134254;0,832263652;1;-0,133528733;0,809360848;-1,267057466;1;;;;;;;;;;;;;
745;0,46247434;1,522465991;-0,075051319;1;0,455310859;0,408668584;0,517702862;1;-0,133745381;0,770173986;-1,267490762;1;;;;;;;;;;;;;
746;0,753367725;0,707092578;0,506735449;1;0,526974266;0,325719083;0,756580888;1;0,382980392;0,519747854;-0,234039216;1;;;;;;;;;;;;;
747;1,425675693;0,80585452;1,851351386;1;0,262476052;0,350302958;-0,125079826;1;-0,784230242;0,5789134;-2,568460484;0;;;;;;;;;;;;;
748;1,902505171;0,572166706;2,805010341;0;-0,29143082;0,311191455;-1,971436065;1;0,230209189;0,50233941;-0,539581623;1;;;;;;;;;;;;;
749;0,770022498;1,180396492;0,540044996;1;0,147113106;0,38692302;-0,509622982;1;0,42979767;0,651926434;-0,14040466;1;;;;;;;;;;;;;
750;0,270533873;1,230164622;-0,458932255;1;0,706539754;0,410350276;1,355132512;1;0,822633537;0,73907604;0,645267074;1;;;;;;;;;;;;;
751;0,257308274;1,537275886;-0,485383452;1;0,043592187;0,455239056;-0,85469271;1;0,828918453;0,800504477;0,657836907;1;;;;;;;;;;;;;
752;0,951198965;0,62929427;0,902397931;1;0,906737456;0,25899746;2,022458188;0;1,180571262;0,452809975;1,361142523;1;;;;;;;;;;;;;
753;0,640808272;1,180195454;0,281616544;1;0,284151323;0,3653117;-0,052828925;1;0,844015072;0,664887529;0,688030143;1;;;;;;;;;;;;;
754;0,315621249;0,909305478;-0,368757501;1;0,37777088;0,331717871;0,259236268;1;0,670668732;0,542227567;0,341337464;1;;;;;;;;;;;;;
755;1,357424281;0,671881399;1,714848562;1;-0,446099648;0,321820053;-2,486998826;0;0,448914284;0,510652893;-0,102171432;1;;;;;;;;;;;;;
756;1,108859408;0,692265721;1,217718817;1;0,901914196;0,300378116;2,006380652;0;0,207850818;0,522983878;-0,584298365;1;;;;;;;;;;;;;
757;0,869815567;0,639711755;0,739631134;1;0,166176319;0,288093751;-0,446078937;1;1,104520114;0,508409371;1,209040229;1;;;;;;;;;;;;;
758;1,337982462;0,59551952;1,675964925;1;0,087348123;0,300769838;-0,70883959;1;0,141033914;0,500276852;-0,717932172;1;;;;;;;;;;;;;
759;0,078579967;1,436338688;-0,842840067;1;0,171855947;0,408234043;-0,427146843;1;0,580814525;0,691620296;0,16162905;1;;;;;;;;;;;;;
760;0,430708779;1,215945887;-0,138582443;1;0,863610553;0,36561522;1,878701842;1;0,401986231;0,64122237;-0,196027538;1;;;;;;;;;;;;;
761;0,198947032;0,86235651;-0,602105937;1;1,09069199;0,345632699;2,635639968;0;0,552365808;0,51311511;0,104731616;1;;;;;;;;;;;;;
762;-0,823004824;2,168614423;-2,646009648;1;0,222137569;0,442419181;-0,259541438;1;0,633225917;0,723430512;0,266451834;1;;;;;;;;;;;;;
763;1,143158245;0,571276291;1,28631649;1;1,175348869;0,263779867;2,917829564;0;0,547390766;0,430549735;0,094781533;1;;;;;;;;;;;;;
764;0,71507079;0,672269242;0,430141581;1;0,044767988;0,31168142;-0,850773374;1;0,970897168;0,524567044;0,941794335;1;;;;;;;;;;;;;
765;0,657448211;1,098852802;0,314896423;1;-0,438820853;0,409170293;-2,462736178;1;0,595919818;0,706839146;0,191839635;1;;;;;;;;;;;;;
766;1,39012935;0,588414823;1,780258699;1;0,388199121;0,289813832;0,293997069;1;1,155668674;0,488280799;1,311337347;1;;;;;;;;;;;;;
767;0,096106622;1,242086821;-0,807786757;1;0,531328876;0,408236857;0,771096255;1;0,634656334;0,714005707;0,269312668;1;;;;;;;;;;;;;
768;0,112101852;1,44206244;-0,775796296;1;0,857429783;0,391870636;1,858099277;1;0,609447679;0,679738131;0,218895359;1;;;;;;;;;;;;;
769;-1,687642418;2,713378172;-4,375284836;1;0,46762672;0,428211794;0,558755732;1;1,457642183;0,764448313;1,915284366;1;;;;;;;;;;;;;
770;-0,091119343;1,078038097;-1,182238685;1;0,563505242;0,368249668;0,878350807;1;0,869917184;0,691368301;0,739834367;1;;;;;;;;;;;;;
771;1,022977422;0,644642791;1,045954843;1;0,211628159;0,303332464;-0,294572803;1;0,809778687;0,55409218;0,619557374;1;;;;;;;;;;;;;
772;0,02595282;1,49671015;-0,948094359;1;0,813718934;0,434782903;1,712396448;1;0,024074671;0,782516881;-0,951850657;1;;;;;;;;;;;;;
773;1,609811314;0,742221018;2,219622628;1;0,548658756;0,337376079;0,828862521;1;-0,720898081;0,569277714;-2,441796161;0;;;;;;;;;;;;;
774;0,593318154;0,749209501;0,186636308;1;0,490024342;0,308679519;0,633414472;1;0,299141023;0,54150767;-0,401717954;1;;;;;;;;;;;;;
775;1,777774814;0,616902944;2,555549627;0;-0,253415656;0,309218926;-1,844718855;1;-0,377196184;0,538481949;-1,754392367;1;;;;;;;;;;;;;
776;2,524703783;0,559682202;4,049407565;0;0,691848604;0,314565092;1,306162014;1;-1,617743599;0,544409479;-4,235487197;0;;;;;;;;;;;;;
777;0,167046979;1,170195794;-0,665906042;1;0,417257118;0,393845564;0,390857059;1;0,85390317;0,712207469;0,707806341;1;;;;;;;;;;;;;
778;0,46313755;1,065268527;-0,0737249;1;0,31587456;0,362888089;0,052915199;1;0,9611854;0,697927655;0,922370801;1;;;;;;;;;;;;;
779;1,907808678;0,503075865;2,815617355;0;0,520967432;0,323046468;0,736558106;1;0,379750932;0,396109974;-0,240498136;1;;;;;;;;;;;;;
780;1,042654303;0,791426;1,085308606;1;0,487222694;0,318321837;0,624075646;1;-0,242428142;0,536634035;-1,484856283;1;;;;;;;;;;;;;
781;-0,696302168;1,45168829;-2,392604337;1;0,817081194;0,419279995;1,723603979;1;0,782770441;0,652834196;0,565540883;1;;;;;;;;;;;;;
782;-0,256587878;1,932311879;-1,513175755;1;0,519086565;0,403126913;0,730288549;1;0,321381716;0,713464212;-0,357236567;1;;;;;;;;;;;;;
783;0,072020585;1,216816299;-0,85595883;1;-0,044745637;0,454345697;-1,149152123;1;0,808135799;0,677946583;0,616271599;1;;;;;;;;;;;;;
784;-0,194053859;1,636305772;-1,388107717;1;0,138297574;0,391389007;-0,539008086;1;1,126742629;0,660469357;1,253485257;1;;;;;;;;;;;;;
785;0,305022044;1,49748289;-0,389955912;1;1,022971067;0,445459483;2,409903556;1;-0,562889006;0,679742433;-2,125778012;1;;;;;;;;;;;;;
786;-0,814788036;2,692335534;-2,629576073;1;0,561684299;0,443353691;0,872280997;1;0,431190281;0,846967692;-0,137619438;1;;;;;;;;;;;;;
787;1,728971356;0,87101861;2,457942713;1;-1,052592476;0,404978062;-4,508641587;0;0,824517175;0,547307242;0,649034349;1;;;;;;;;;;;;;
788;1,408828654;0,611097403;1,817657307;1;0,191219006;0,309540933;-0,362603314;1;-0,286356501;0,574234349;-1,572713002;1;;;;;;;;;;;;;
789;0,806705672;0,820318459;0,613411343;1;0,498978332;0,355881196;0,663261107;1;0,150332407;0,63754709;-0,699335187;1;;;;;;;;;;;;;
790;1,407015845;0,555674397;1,814031691;1;0,451158504;0,279371366;0,50386168;1;0,412864613;0,457525289;-0,174270774;1;;;;;;;;;;;;;
791;1,195635065;0,757321441;1,39127013;1;0,281516222;0,366501009;-0,061612594;1;0,131896745;0,524170624;-0,73620651;1;;;;;;;;;;;;;
792;0,722901304;0,751572131;0,445802609;1;0,2623942;0,321003657;-0,125352666;1;1,034256355;0,536960705;1,068512709;1;;;;;;;;;;;;;
793;0,772637751;1,111786995;0,545275502;1;0,427977871;0,365041553;0,426592902;1;1,306623713;0,764578332;1,613247425;1;;;;;;;;;;;;;
794;-0,661378046;1,785639114;-2,322756091;1;0,927914517;0,489719686;2,09304839;1;1,375767842;0,757344071;1,751535684;1;;;;;;;;;;;;;
795;1,293800268;0,727498368;1,587600535;1;-0,007766988;0,315510551;-1,02588996;1;-0,181750613;0,533687216;-1,363501226;1;;;;;;;;;;;;;
796;-1,032091266;4,224375718;-3,064182533;1;0,451101132;0,541388424;0,50367044;1;0,782555811;0,973227821;0,565111621;1;;;;;;;;;;;;;
797;-2,003125849;3,024745757;-5,006251697;1;0,796389975;0,465918935;1,654633249;1;2,013148397;0,884996856;3,026296794;1;;;;;;;;;;;;;
798;1,217050269;0,7381884;1,434100538;1;0,13188362;0,34874343;-0,560387933;1;0,002067385;0,513210309;-0,995865229;1;;;;;;;;;;;;;
799;0,998415468;0,724939222;0,996830937;1;0,640039156;0,320152621;1,133463852;1;-0,021287789;0,572560144;-1,042575578;1;;;;;;;;;;;;;
800;-3,995485697;4,754126005;-8,990971393;1;0,288379847;0,511499925;-0,038733842;1;2,01582336;0,976633466;3,031646719;1;;;;;;;;;;;;;
801;-0,427959172;1,113474738;-1,855918345;1;0,395132509;0,363270306;0,317108363;1;1,496458243;0,682417275;1,992916486;1;;;;;;;;;;;;;
802;0,540920862;0,900685911;0,081841724;1;0,084975285;0,374923763;-0,71674905;1;1,221015569;0,757855002;1,442031139;1;;;;;;;;;;;;;
803;-0,096547626;2,184446789;-1,193095252;1;0,078118993;0,434325511;-0,739603358;1;-0,267104793;0,727503537;-1,534209587;1;;;;;;;;;;;;;
804;2,314423252;0,450060033;3,628846504;0;0,226268925;0,249252376;-0,245770249;1;0,309380894;0,375707652;-0,381238212;1;;;;;;;;;;;;;
805;1,271482636;0,737171665;1,542965272;1;0,753527348;0,350029334;1,511757828;1;0,351253245;0,530766087;-0,297493509;1;;;;;;;;;;;;;
806;1,305901918;0,845430244;1,611803835;1;-0,056592933;0,352765102;-1,188643111;1;-0,368360286;0,589818005;-1,736720572;1;;;;;;;;;;;;;
807;1,688961245;0,658276487;2,377922489;1;0,257669938;0,310951879;-0,141100205;1;-0,178937736;0,487403854;-1,357875473;1;;;;;;;;;;;;;
808;0,165768858;1,38277965;-0,668462284;1;0,209313665;0,364873095;-0,302287785;1;1,038861036;0,709075187;1,077722071;1;;;;;;;;;;;;;
809;0,537281106;1,136057777;0,074562212;1;-0,084537331;0,40252659;-1,281791102;1;0,899562162;0,794570916;0,799124324;1;;;;;;;;;;;;;
810;-4,754633415;3,661337829;-10,50926683;1;-0,08893787;0,550691386;-1,296459568;1;2,01075226;0,93115954;3,021504521;1;;;;;;;;;;;;;
811;0,585122684;1,604945231;0,170245368;1;0,036591035;0,416149694;-0,878029882;1;-0,451011665;0,699335583;-1,90202333;1;;;;;;;;;;;;;
812;0,117807604;1,163077261;-0,764384791;1;0,661564302;0,389358574;1,205214341;1;1,005354988;0,644490914;1,010709976;1;;;;;;;;;;;;;
813;0,750168638;0,95016882;0,500337275;1;-0,007693431;0,374524393;-1,025644772;1;0,745007638;0,670762329;0,490015277;1;;;;;;;;;;;;;
814;2,141309841;0,593649352;3,282619681;0;0,364992026;0,275033329;0,216640087;1;0,278021408;0,4579524;-0,443957185;1;;;;;;;;;;;;;
815;0,10281982;1,474491374;-0,79436036;1;0,033924857;0,3927736;-0,886917143;1;0,615263333;0,738829216;0,230526666;1;;;;;;;;;;;;;
816;0,222897568;1,662856555;-0,554204864;1;-0,342122304;0,464133343;-2,140407679;1;0,406797598;0,753886513;-0,186404804;1;;;;;;;;;;;;;
817;0,844074119;0,908129805;0,688148239;1;-0,018960738;0,334646376;-1,063202461;1;0,344293912;0,651942489;-0,311412176;1;;;;;;;;;;;;;
818;-4,202134368;3,274231628;-9,404268737;1;0,929459916;0,460285957;2,09819972;1;0,927103445;0,812276813;0,85420689;1;;;;;;;;;;;;;
819;1,137040136;1,059184081;1,274080273;1;0,411898566;0,365892044;0,37299522;1;-0,511319412;0,639213874;-2,022638824;1;;;;;;;;;;;;;
820;1,5054315;0,637056284;2,010863;1;-0,19758975;0,330260832;-1,658632501;1;0,423057257;0,497881363;-0,153885486;1;;;;;;;;;;;;;
821;1,639819861;0,560772091;2,279639721;0;0,407516655;0,253298611;0,358388849;1;0,604988241;0,446879769;0,209976483;1;;;;;;;;;;;;;
822;-0,836728694;2,281895748;-2,673457387;1;0,763387456;0,455296815;1,544624852;1;0,105525627;0,804989719;-0,788948746;1;;;;;;;;;;;;;
823;2,113429489;0,436355336;3,226858977;0;0,291190721;0,255302631;-0,029364264;1;0,028272403;0,422734803;-0,943455195;1;;;;;;;;;;;;;
824;1,399463542;0,628526277;1,798927083;1;0,196834164;0,310324698;-0,343886121;1;-0,630834598;0,488482162;-2,261669195;0;;;;;;;;;;;;;
825;1,298767175;0,806439241;1,59753435;1;0,558650039;0,334097892;0,862166797;1;0,548749384;0,561929378;0,097498768;1;;;;;;;;;;;;;
826;-1,836954378;5,227474528;-4,673908756;1;0,930815762;0,503192934;2,102719207;1;0,473717772;0,785213772;-0,052564455;1;;;;;;;;;;;;;
827;0,509592562;1,128645151;0,019185125;1;0,572118393;0,388846162;0,907061311;1;-0,113493474;0,614614904;-1,226986947;1;;;;;;;;;;;;;
828;1,678340356;0,590024865;2,356680711;0;0,010642852;0,329991188;-0,964523827;1;0,123423731;0,517903299;-0,753152539;1;;;;;;;;;;;;;
829;-0,308057636;1,438825421;-1,616115273;1;0,793527569;0,390914225;1,645091898;1;0,756995191;0,678431946;0,513990382;1;;;;;;;;;;;;;
830;1,605298335;0,801890628;2,21059667;1;0,469457296;0,328117747;0,564857653;1;0,055821308;0,545067224;-0,888357384;1;;;;;;;;;;;;;
831;1,585427707;0,641940777;2,170855415;1;-0,326977109;0,270922003;-2,089923695;0;1,201336972;0,4686308;1,402673945;1;;;;;;;;;;;;;
832;-0,088104862;1,299033839;-1,176209724;1;0,843242721;0,382217512;1,810809071;1;-0,019944053;0,623358129;-1,039888106;1;;;;;;;;;;;;;
833;0,906175052;0,948696028;0,812350103;1;0,515354999;0,372418104;0,717849996;1;0,886291382;0,578250981;0,772582765;1;;;;;;;;;;;;;
834;0,655149771;0,94813812;0,310299541;1;0,031583214;0,441392938;-0,894722619;1;0,343324204;0,679999839;-0,313351592;1;;;;;;;;;;;;;
835;0,484106274;0,997318126;-0,031787453;1;0,392221081;0,355618388;0,307403604;1;0,533019944;0,638355073;0,066039888;1;;;;;;;;;;;;;
836;1,917633878;0,63214784;2,835267756;0;-0,246305701;0,322100456;-1,821019003;1;0,10334428;0,583475076;-0,793311441;1;;;;;;;;;;;;;
837;1,236202778;0,794716097;1,472405555;1;0,106960846;0,347074994;-0,643463845;1;0,16536895;0,595168231;-0,669262101;1;;;;;;;;;;;;;
838;0,515189599;0,966670238;0,030379199;1;0,053671901;0,316718543;-0,821093662;1;1,294197369;0,570848844;1,588394737;1;;;;;;;;;;;;;
839;1,138443951;0,465116121;1,276887902;1;1,018135788;0,245224116;2,393785961;0;0,797142542;0,334043532;0,594285084;1;;;;;;;;;;;;;
840;1,436952031;0,792061648;1,873904063;1;0,389240581;0,346933689;0,297468605;1;-0,360068618;0,562461503;-1,720137237;1;;;;;;;;;;;;;
841;0,79709921;0,74501377;0,59419842;1;0,545182573;0,306109558;0,817275243;1;0,921040236;0,5709038;0,842080473;1;;;;;;;;;;;;;
842;-0,640161931;1,664805029;-2,280323861;1;0,614279498;0,405924885;1,047598326;1;1,230232292;0,693149497;1,460464585;1;;;;;;;;;;;;;
843;1,781920024;0,722636437;2,563840048;1;0,316815467;0,289594889;0,056051557;1;0,255059402;0,573451064;-0,489881196;1;;;;;;;;;;;;;
844;0,895210811;0,707303121;0,790421622;1;-0,056668889;0,340602395;-1,188896297;1;1,444303108;0,633248206;1,888606216;1;;;;;;;;;;;;;
845;-0,651117156;1,944320939;-2,302234312;1;0,132086082;0,438204261;-0,559713061;1;0,640098692;0,781095322;0,280197384;1;;;;;;;;;;;;;
846;-2,747520984;6,31728121;-6,495041968;1;-0,095410859;0,455519317;-1,318036196;1;0,898879071;0,864096949;0,797758142;1;;;;;;;;;;;;;
847;0,711241023;0,701172665;0,422482047;1;-0,31661433;0,291357253;-2,055381101;0;1,771882872;0,584806313;2,543765744;0;;;;;;;;;;;;;
848;0,99265976;0,75116063;0,985319519;1;-0,069521226;0,317154055;-1,231737419;1;0,123181257;0,497650823;-0,753637486;1;;;;;;;;;;;;;
849;2,007324051;0,567258402;3,014648102;0;0,47975536;0,283491625;0,599184533;1;0,125924514;0,42004895;-0,748150972;1;;;;;;;;;;;;;
850;1,29295431;0,766536588;1,585908621;1;0,894074903;0,318776946;1,980249676;1;0,029244708;0,476358621;-0,941510583;1;;;;;;;;;;;;;
851;-0,161524501;2,883786867;-1,323049003;1;0,164461839;0,457914253;-0,451793869;1;-0,410210666;0,802254063;-1,820421332;1;;;;;;;;;;;;;
852;-0,296480217;1,010143967;-1,592960435;1;0,430867847;0,346132879;0,436226158;1;1,716438934;0,69895902;2,432877868;1;;;;;;;;;;;;;
853;-0,047655872;1,514663355;-1,095311744;1;0,328996714;0,412944816;0,096655714;1;0,698959558;0,741674646;0,397919116;1;;;;;;;;;;;;;
854;2,563990883;0,644019528;4,127981765;0;-0,152829388;0,332708408;-1,509431294;1;-0,823352933;0,54500783;-2,646705867;0;;;;;;;;;;;;;
855;1,275696043;0,518563021;1,551392086;1;0,952138488;0,25559035;2,173794958;0;0,674028657;0,402610544;0,348057315;1;;;;;;;;;;;;;
856;-0,17463987;1,702437345;-1,34927974;1;0,295278008;0,430708625;-0,015739972;1;0,598173488;0,820504167;0,196346977;1;;;;;;;;;;;;;
857;0,708009382;0,996709169;0,416018765;1;0,559470826;0,396822331;0,864902754;1;0,685061183;0,645490422;0,370122366;1;;;;;;;;;;;;;
858;0,109190019;1,023124429;-0,781619962;1;0,558961944;0,365921017;0,863206478;1;0,562762936;0,689977882;0,125525871;1;;;;;;;;;;;;;
859;0,14193623;1,413145917;-0,716127539;1;0,53121509;0,418452685;0,770716965;1;0,314925557;0,736087857;-0,370148885;1;;;;;;;;;;;;;
860;1,508031002;0,63269849;2,016062004;1;0,43540786;0,284746426;0,451359533;1;0,266059564;0,471309982;-0,467880872;1;;;;;;;;;;;;;
861;1,021054601;0,853300454;1,042109201;1;0,121324181;0,324019759;-0,595586064;1;0,649418917;0,661521623;0,298837835;1;;;;;;;;;;;;;
862;0,476572278;0,883648406;-0,046855444;1;0,529103098;0,352775564;0,763676994;1;1,364365565;0,593232587;1,728731129;1;;;;;;;;;;;;;
863;1,06464409;0,755736633;1,129288181;1;0,275912912;0,308567434;-0,080290293;1;1,029590336;0,557051391;1,059180672;1;;;;;;;;;;;;;
864;2,060821787;0,521818883;3,121643574;0;-0,735404218;0,288815669;-3,451347394;0;0,619054793;0,410153242;0,238109586;1;;;;;;;;;;;;;
865;-0,487965593;1,418847928;-1,975931185;1;0,740198271;0,43527573;1,467327569;1;1,347384475;0,807615977;1,694768949;1;;;;;;;;;;;;;
866;0,266389965;1,123686285;-0,46722007;1;0,146696892;0,399925635;-0,511010362;1;0,48885095;0,758503722;-0,0222981;1;;;;;;;;;;;;;
867;0,852867035;0,746022007;0,705734071;1;0,602614717;0,322909043;1,008715722;1;0,599487821;0,478174271;0,198975643;1;;;;;;;;;;;;;
868;0,419681698;0,962861969;-0,160636605;1;0,064584445;0,342155291;-0,784718516;1;1,272932217;0,652800338;1,545864435;1;;;;;;;;;;;;;
869;1,383625989;0,942951852;1,767251979;1;-0,122398626;0,383984296;-1,407995421;1;0,742730793;0,686877217;0,485461585;1;;;;;;;;;;;;;
870;0,095514894;1,62884462;-0,808970212;1;0,141507569;0,4049155;-0,528308103;1;0,371491852;0,647050347;-0,257016297;1;;;;;;;;;;;;;
871;1,433150396;0,557707456;1,866300793;1;-0,076180613;0,287709423;-1,253935375;1;0,709349166;0,556906038;0,418698332;1;;;;;;;;;;;;;
872;0,821498691;0,799918599;0,642997382;1;-0,073502828;0,416684937;-1,245009426;1;-0,084923489;0,596242773;-1,169846978;1;;;;;;;;;;;;;
873;-5,54874102;2,503090832;-12,09748204;0;0,352967861;0,527165203;0,176559538;1;2,018895783;1,004987082;3,037791565;1;;;;;;;;;;;;;
874;-3,993200505;5,630094543;-8,986401009;1;0,274345688;0,485470105;-0,085514375;1;1,539933771;0,878564422;2,079867541;1;;;;;;;;;;;;;
875;-1,93582091;7,686002342;-4,871641821;1;0,665916399;0,479366253;1,21972133;1;0,316278281;0,907331964;-0,367443438;1;;;;;;;;;;;;;
876;-0,580808728;1,752492149;-2,161617456;1;0,845360901;0,516894677;1,817869671;1;1,413744511;0,839542558;1,827489023;1;;;;;;;;;;;;;
877;0,379340906;1,210896652;-0,241318188;1;-0,074369795;0,372408799;-1,247899318;1;1,107049788;0,769212302;1,214099576;1;;;;;;;;;;;;;
878;0,969863799;0,646147501;0,939727598;1;-0,222031885;0,316263982;-1,740106285;1;0,465655884;0,549841433;-0,068688233;1;;;;;;;;;;;;;
879;0,544888109;1,033117861;0,089776219;1;-0,442864781;0,40462203;-2,476215938;1;1,050596214;0,651661426;1,101192429;1;;;;;;;;;;;;;
880;0,231147735;0,725414334;-0,53770453;1;0,018369467;0,336841946;-0,938768442;1;1,689360621;0,60874133;2,378721241;1;;;;;;;;;;;;;
881;1,130687448;0,768777423;1,261374896;1;0,070812132;0,30992301;-0,763959561;1;0,603496633;0,559684483;0,206993266;1;;;;;;;;;;;;;
882;1,418493833;0,598236397;1,836987666;1;0,4976709;0,284283208;0,658903001;1;0,455702848;0,478635205;-0,088594304;1;;;;;;;;;;;;;
883;-1,24916419;1,200378768;-3,49832838;1;0,571358491;0,387983905;0,904528303;1;1,546963048;0,673107532;2,093926095;1;;;;;;;;;;;;;
884;0,477383958;2,435532593;-0,045232084;1;0,56114594;0,464890418;0,870486468;1;-1,442189663;1,190286346;-3,884379327;1;;;;;;;;;;;;;
885;-0,526637925;0,855120199;-2,053275849;1;1,097453681;0,37739368;2,658178935;0;1,387981016;0,65834877;1,775962031;1;;;;;;;;;;;;;
886;1,028435829;0,74069844;1,056871658;1;0,695443504;0,310241654;1,318145012;1;0,042242344;0,529905623;-0,915515311;1;;;;;;;;;;;;;
887;1,035838158;0,595681582;1,071676315;1;0,08730717;0,276696875;-0,708976099;1;0,578008898;0,56232417;0,156017795;1;;;;;;;;;;;;;
888;1,88850802;0,581302151;2,77701604;0;0,089412288;0,278162112;-0,701959041;1;0,53605083;0,469205911;0,072101659;1;;;;;;;;;;;;;
889;2,09224212;0,560375466;3,18448424;0;-0,426368411;0,29784325;-2,421228036;0;-0,394529334;0,496631635;-1,789058669;1;;;;;;;;;;;;;
890;0,172573267;0,991169281;-0,654853466;1;-0,21713589;0,341577075;-1,723786302;1;1,896505936;0,651288066;2,793011872;0;;;;;;;;;;;;;
891;0,541392962;0,805195153;0,082785923;1;0,83668436;0,336466864;1,788947867;1;0,606716583;0,536123285;0,213433165;1;;;;;;;;;;;;;
892;-0,265095751;2,168872936;-1,530191502;1;0,328562093;0,40529576;0,095206978;1;1,665996414;0,986096563;2,331992828;1;;;;;;;;;;;;;
893;1,002567255;0,571086094;1,005134509;1;0,299027063;0,280178295;-0,003243123;1;0,575981517;0,497915397;0,151963034;1;;;;;;;;;;;;;
894;1,579684246;0,61399315;2,159368492;1;-0,159967695;0,345839732;-1,533225649;1;0,708657651;0,54472106;0,417315302;1;;;;;;;;;;;;;
895;-1,229664404;1,932836934;-3,459328807;1;0,428311639;0,458945988;0,427705465;1;1,709051245;0,840083897;2,418102489;1;;;;;;;;;;;;;
896;0,695919085;0,761283021;0,391838171;1;-0,079081499;0,325457469;-1,263604998;1;0,794552397;0,534808911;0,589104795;1;;;;;;;;;;;;;
897;0,061022981;1,967025862;-0,877954038;1;0,559212285;0,439300261;0,864040951;1;0,688227925;0,692002769;0,376455849;1;;;;;;;;;;;;;
898;-3,465271831;2,762422518;-7,930543663;1;-0,516309465;0,569331542;-2,721031549;1;-0,357206665;1,078995538;-1,71441333;1;;;;;;;;;;;;;
899;-2,237785323;NA;-5,475570647;NA;0,066425331;0,486364086;-0,778582231;1;0,532915455;0,866598151;0,06583091;1;;;;;;;;;;;;;
900;0,870936845;1,037016576;0,74187369;1;0,218656161;0,365791476;-0,271146131;1;0,436472722;0,629970214;-0,127054556;1;;;;;;;;;;;;;
901;-0,299257123;1,222050629;-1,598514247;1;0,792347602;0,393955154;1,641158672;1;0,293273552;0,622199832;-0,413452897;1;;;;;;;;;;;;;
902;-0,150408025;1,660743549;-1,30081605;1;0,158807535;0,416802703;-0,470641549;1;1,35624107;0,776708767;1,71248214;1;;;;;;;;;;;;;
903;0,45062149;0,987853922;-0,098757021;1;0,206404232;0,352655619;-0,311985893;1;0,775343316;0,625297255;0,550686632;1;;;;;;;;;;;;;
904;1,294792303;0,676962734;1,589584605;1;0,325357751;0,328107906;0,084525837;1;0,319137564;0,561715684;-0,361724873;1;;;;;;;;;;;;;
905;1,661591814;0,581827089;2,323183629;0;0,169721486;0,289795369;-0,434261713;1;-0,172252894;0,518967832;-1,344505788;1;;;;;;;;;;;;;
906;0,301778027;0,878278089;-0,396443945;1;1,117911626;0,36421334;2,726372088;0;0,837019528;0,646326371;0,674039056;1;;;;;;;;;;;;;
907;0,501423932;0,862755325;0,002847864;1;-0,131734799;0,3492372;-1,439115995;1;1,074579892;0,645082193;1,149159785;1;;;;;;;;;;;;;
908;1,186251564;0,573146979;1,372503127;1;0,3078602;0,28028577;0,026200665;1;-0,189198244;0,517495519;-1,378396488;1;;;;;;;;;;;;;
909;-2,381303102;9,362525675;-5,762606203;1;-0,544929161;0,573512646;-2,816430538;1;1,249064118;0,997927402;1,498128237;1;;;;;;;;;;;;;
910;-2,876568144;7,12756676;-6,753136289;1;-0,462438707;0,522940891;-2,541462357;1;2,052944822;0,99196962;3,105889644;1;;;;;;;;;;;;;
911;1,309238565;0,788915472;1,618477131;1;0,29341012;0,347863868;-0,021966265;1;0,327190269;0,628024315;-0,345619461;1;;;;;;;;;;;;;
912;1,815864694;0,58662757;2,631729389;0;0,132196471;0,292123323;-0,559345096;1;-0,151249188;0,499179531;-1,302498376;1;;;;;;;;;;;;;
913;0,224452982;0,89562414;-0,551094035;1;0,190255649;0,308285734;-0,365814505;1;2,0634773;0,648193345;3,1269546;0;;;;;;;;;;;;;
914;-3,902093863;2,938763467;-8,804187725;1;0,167689152;0,478279005;-0,441036158;1;0,903739471;0,821641814;0,807478942;1;;;;;;;;;;;;;
915;-0,035084208;1,212476115;-1,070168415;1;0,914456417;0,447605957;2,048188058;1;0,712229655;0,651972636;0,424459311;1;;;;;;;;;;;;;
916;-0,706215819;2,65868482;-2,412431638;1;0,303532576;0,43864284;0,011775254;1;0,88629688;0,842164176;0,77259376;1;;;;;;;;;;;;;
917;0,064392709;1,966654591;-0,871214581;1;0,54149289;0,44453911;0,804976299;1;-0,087346211;0,798047439;-1,174692421;1;;;;;;;;;;;;;
918;0,156669762;1,335510797;-0,686660476;1;0,686434423;0,429851464;1,288114744;1;0,479814746;0,720116402;-0,040370507;1;;;;;;;;;;;;;
919;0,268659555;1,066749649;-0,46268089;1;0,442971733;0,388828441;0,476572443;1;0,039457426;0,691619733;-0,921085147;1;;;;;;;;;;;;;
920;-3,451794802;2,882890899;-7,903589603;1;1,425726168;0,477425529;3,752420559;0;0,503269222;0,792176712;0,006538445;1;;;;;;;;;;;;;
921;1,543046235;0,519386038;2,086092471;0;0,096494771;0,244309286;-0,678350764;1;1,02940523;0,441799316;1,05881046;1;;;;;;;;;;;;;
922;0,740257433;0,74768943;0,480514866;1;0,753802449;0,311403554;1,512674831;1;0,392856209;0,486390483;-0,214287583;1;;;;;;;;;;;;;
923;0,098545144;1,163463993;-0,802909711;1;0,421903927;0,397678223;0,406346424;1;0,632419518;0,63078491;0,264839035;1;;;;;;;;;;;;;
924;0,843727839;0,611779293;0,687455678;1;0,269998103;0,279200658;-0,100006323;1;1,049969715;0,49847032;1,09993943;1;;;;;;;;;;;;;
925;-0,105171048;1,460014838;-1,210342097;1;-0,212303691;0,403752841;-1,707678971;1;0,394363104;0,682324887;-0,211273792;1;;;;;;;;;;;;;
926;-0,697283551;2,089792401;-2,394567102;1;0,792519583;0,627287294;1,641731944;1;-0,328491484;0,958619066;-1,656982968;1;;;;;;;;;;;;;
927;-0,047629913;1,361455433;-1,095259826;1;0,73496694;0,375200752;1,4498898;1;0,298679094;0,594993995;-0,402641811;1;;;;;;;;;;;;;
928;-2,761691931;6,30696094;-6,523383862;1;0,280911313;0,492482161;-0,063628956;1;0,582469418;0,851276311;0,164938837;1;;;;;;;;;;;;;
929;-3,669001295;6,078399457;-8,33800259;1;0,549891017;0,457250975;0,832970056;1;1,354841916;0,795997579;1,709683831;1;;;;;;;;;;;;;
930;-0,486369612;1,271068936;-1,972739225;1;1,033288825;0,368124999;2,444296085;0;1,622691604;0,708828603;2,245383207;1;;;;;;;;;;;;;
931;-0,723127918;2,053082535;-2,446255835;1;0,836714887;0,440973654;1,789049624;1;0,855443911;0,870852083;0,710887822;1;;;;;;;;;;;;;
932;1,266790913;0,759570136;1,533581825;1;-0,036220021;0,334616295;-1,120733405;1;0,571379122;0,584449772;0,142758243;1;;;;;;;;;;;;;
933;0,407025594;0,750540523;-0,185948812;1;0,407551195;0,292002619;0,358503982;1;1,453110739;0,564514759;1,906221478;1;;;;;;;;;;;;;
934;0,452405065;0,854781882;-0,095189871;1;0,813338427;0,343370563;1,711128089;1;0,559382932;0,512334999;0,118765863;1;;;;;;;;;;;;;
935;1,885403123;0,455112135;2,770806245;0;0,254206133;0,241021999;-0,152646224;1;0,291897376;0,411872785;-0,416205249;1;;;;;;;;;;;;;
936;1,553924864;0,490883628;2,107849729;0;0,239554498;0,231607508;-0,201485007;1;1,136995785;0,418703535;1,27399157;1;;;;;;;;;;;;;
937;0,772234859;0,684847191;0,544469718;1;0,523688958;0,293010999;0,74562986;1;1,146957265;0,549159838;1,293914531;1;;;;;;;;;;;;;
938;-2,198592388;4,424543314;-5,397184775;1;0,989276206;0,560751634;2,297587354;1;1,622757585;1,054278775;2,24551517;1;;;;;;;;;;;;;
939;0,090522964;1,039172329;-0,818954073;1;0,705079118;0,391452643;1,350263727;1;1,090599404;0,673010905;1,181198808;1;;;;;;;;;;;;;
940;0,706227244;0,70245047;0,412454489;1;0,519645266;0,293739618;0,732150888;1;0,677391909;0,561942832;0,354783819;1;;;;;;;;;;;;;
941;1,440792368;0,541938078;1,881584737;1;0,505532581;0,275033498;0,685108603;1;0,450827652;0,42072833;-0,098344695;1;;;;;;;;;;;;;
942;-3,546487401;3,103015858;-8,092974801;1;0,297768718;0,513467173;-0,007437607;1;-0,26397096;0,842386404;-1,52794192;1;;;;;;;;;;;;;
943;0,95851107;0,920574693;0,917022141;1;-0,186528429;0,388786126;-1,62176143;1;0,289064433;0,620524176;-0,421871134;1;;;;;;;;;;;;;
944;0,202906481;1,325805414;-0,594187039;1;0,299238683;0,420257032;-0,002537723;1;0,349421466;0,644621895;-0,301157068;1;;;;;;;;;;;;;
945;-0,757187706;2,751262006;-2,514375411;1;0,152435183;0,476929394;-0,491882724;1;1,504244954;0,942843553;2,008489908;1;;;;;;;;;;;;;
946;1,585466421;0,534828127;2,170932843;0;0,421748487;0,327343201;0,40582829;1;-0,518002963;0,590552485;-2,036005925;1;;;;;;;;;;;;;
947;-0,054914066;1,439065599;-1,109828133;1;0,457633471;0,385918494;0,525444903;1;0,931949806;0,763073099;0,863899611;1;;;;;;;;;;;;;
948;1,374919803;0,586184031;1,749839607;1;0,028109006;0,295660927;-0,906303313;1;0,34043782;0,498069913;-0,319124359;1;;;;;;;;;;;;;
949;0,545703377;1,061282426;0,091406754;1;0,021294105;0,380930827;-0,92901965;1;0,921361798;0,695540596;0,842723596;1;;;;;;;;;;;;;
950;0,965076161;1,291172908;0,930152321;1;-0,530103515;0,393422568;-2,767011717;0;1,000816238;0,726129949;1,001632475;1;;;;;;;;;;;;;
951;2,478875135;0,333024807;3,957750271;0;0,138415116;0,240866978;-0,53861628;1;-0,558015086;0,419835373;-2,116030171;0;;;;;;;;;;;;;
952;-0,941938086;2,244462445;-2,883876172;1;1,065800545;0,462855203;2,552668483;1;-0,094378268;0,741530507;-1,188756536;1;;;;;;;;;;;;;
953;-0,577790328;3,787564341;-2,155580655;1;-0,197080103;0,555170538;-1,656933678;1;0,626422257;0,835095227;0,252844514;1;;;;;;;;;;;;;
954;0,864959505;0,635749389;0,72991901;1;0,491198396;0,289455066;0,637327987;1;0,881418411;0,514443632;0,762836822;1;;;;;;;;;;;;;
955;0,422147725;0,999592999;-0,155704549;1;0,075921975;0,347857159;-0,746926749;1;0,650595009;0,621188088;0,301190018;1;;;;;;;;;;;;;
956;-4,443765918;2,630962758;-9,887531836;1;0,368921203;0,525687003;0,229737343;1;0,058132629;0,900202025;-0,883734741;1;;;;;;;;;;;;;
957;-3,846448977;4,741318079;-8,692897955;1;0,860366121;0,519954864;1,867887071;1;0,652935245;0,837256;0,30587049;1;;;;;;;;;;;;;
958;-0,724734586;2,756691379;-2,449469171;1;-0,071742349;0,457407961;-1,239141162;1;1,070402813;0,838452646;1,140805627;1;;;;;;;;;;;;;
959;1,466389347;0,521124797;1,932778693;1;0,0279936;0,254952273;-0,906688001;1;0,531188401;0,413034645;0,062376801;1;;;;;;;;;;;;;
960;-0,234706983;1,913819269;-1,469413966;1;-0,197084102;0,418462474;-1,656947006;1;1,061206754;0,766107595;1,122413509;1;;;;;;;;;;;;;
961;-1,561541532;2,150069751;-4,123083064;1;0,571858217;0,434128015;0,906194055;1;1,127758289;0,734873433;1,255516579;1;;;;;;;;;;;;;
962;1,344302663;0,753043514;1,688605326;1;0,932612781;0,334879586;2,10870927;1;0,045938742;0,469375951;-0,908122515;1;;;;;;;;;;;;;
963;1,534310028;0,721858684;2,068620057;1;-0,098332667;0,309715631;-1,327775558;1;-0,697943531;0,52538565;-2,395887063;0;;;;;;;;;;;;;
964;1,725994833;0,959159802;2,451989666;1;0,071563423;0,358266419;-0,761455258;1;-0,523273184;0,684833446;-2,046546368;1;;;;;;;;;;;;;
965;0,134763286;0,807616199;-0,730473428;1;0,739754784;0,332996438;1,465849282;1;1,124841334;0,51744253;1,249682667;1;;;;;;;;;;;;;
966;0,177784806;1,390132858;-0,644430387;1;0,237597985;0,409999851;-0,208006715;1;1,151271372;0,80983125;1,302542744;1;;;;;;;;;;;;;
967;-4,236131289;4,830376324;-9,472262578;1;0,078785955;0,53206213;-0,737380151;1;1,736401454;0,881521934;2,472802908;1;;;;;;;;;;;;;
968;0,952869362;0,795262783;0,905738724;1;0,736107797;0,35150697;1,453692657;1;0,654551899;0,636898177;0,309103798;1;;;;;;;;;;;;;
969;-1,03641609;1,40985774;-3,07283218;1;0,301684869;0,393372858;0,005616231;1;1,95668939;0,745831854;2,91337878;1;;;;;;;;;;;;;
970;0,460376432;1,03695715;-0,079247136;1;0,505256287;0,345211309;0,684187624;1;-0,038946951;0,596129228;-1,077893902;1;;;;;;;;;;;;;
971;1,210097806;0,648792717;1,420195613;1;0,294278796;0,326431067;-0,019070678;1;0,300565208;0,530799235;-0,398869584;1;;;;;;;;;;;;;
972;1,242125972;0,705827309;1,484251944;1;-0,050107852;0,335780434;-1,167026175;1;0,423841055;0,638828397;-0,152317889;1;;;;;;;;;;;;;
973;0,407601901;1,351499523;-0,184796198;1;0,169404474;0,394567622;-0,43531842;1;0,094351269;0,77408958;-0,811297462;1;;;;;;;;;;;;;
974;-0,009168925;1,207171545;-1,01833785;1;0,06908026;0,374611338;-0,769732466;1;0,263900765;0,583426009;-0,472198471;1;;;;;;;;;;;;;
975;2,607080741;0,534975134;4,214161482;0;0,964074258;0,297654277;2,213580858;0;-0,177311723;0,449381985;-1,354623445;1;;;;;;;;;;;;;
976;1,044392628;0,649103813;1,088785256;1;0,346692287;0,314919254;0,155640957;1;0,720106546;0,508455524;0,440213092;1;;;;;;;;;;;;;
977;1,532369412;0,7411585;2,064738823;1;0,234046937;0,347068658;-0,219843542;1;-0,330840749;0,554161369;-1,661681499;1;;;;;;;;;;;;;
978;0,741126667;0,645473621;0,482253335;1;0,415003989;0,291192697;0,383346629;1;1,277398832;0,468454236;1,554797665;1;;;;;;;;;;;;;
979;1,336409992;0,465077295;1,672819983;1;0,631727603;0,216489893;1,105758677;1;1,160157393;0,358684598;1,320314787;1;;;;;;;;;;;;;
980;1,236153144;1,155717562;1,472306288;1;-0,329697906;0,411180411;-2,098993021;1;-0,631370437;0,67408237;-2,262740874;1;;;;;;;;;;;;;
981;0,103020893;0,953456255;-0,793958215;1;0,590491105;0,358413864;0,968303683;1;0,855135127;0,564685232;0,710270253;1;;;;;;;;;;;;;
982;1,888162512;0,39668252;2,776325024;0;-0,092268598;0,213944857;-1,307561994;1;0,68291555;0,352258095;0,365831101;1;;;;;;;;;;;;;
983;0,42122164;1,392340565;-0,157556719;1;0,423668168;0,422848433;0,412227226;1;-0,05093428;0,70100979;-1,101868559;1;;;;;;;;;;;;;
984;1,280834058;0,608372516;1,561668116;1;0,142352911;0,30290121;-0,525490298;1;0,05910568;0,538313693;-0,88178864;1;;;;;;;;;;;;;
985;0,366924901;0,606466532;-0,266150198;1;0,570264256;0,259628201;0,900880852;1;1,640168914;0,488457868;2,280337828;0;;;;;;;;;;;;;
986;-0,916429208;3,567037695;-2,832858415;1;0,509658817;0,460805424;0,698862725;1;-0,257741944;0,791102329;-1,515483888;1;;;;;;;;;;;;;
987;1,26738574;0,8065104;1,534771481;1;0,4666815;0,359822693;0,555605001;1;-1,184101469;0,613124059;-3,368202938;0;;;;;;;;;;;;;
988;0,555014209;0,97272008;0,110028419;1;0,622590008;0,370504291;1,075300026;1;1,427746156;0,698923798;1,855492312;1;;;;;;;;;;;;;
989;1,521683061;0,642250312;2,043366122;1;0,382053995;0,324022279;0,273513317;1;0,329148341;0,531072051;-0,341703318;1;;;;;;;;;;;;;
990;1,067067731;0,760698942;1,134135463;1;-0,05355878;0,32785793;-1,178529267;1;0,803030887;0,61506044;0,606061775;1;;;;;;;;;;;;;
991;1,107450649;0,543988816;1,214901297;1;0,113716297;0,330718723;-0,620945678;1;0,113276287;0,458052151;-0,773447426;1;;;;;;;;;;;;;
992;-4,059986772;4,045891396;-9,119973544;1;0,510051576;0,51919029;0,700171919;1;0,562902646;0,885905008;0,125805291;1;;;;;;;;;;;;;
993;-0,567195125;2,540212162;-2,134390251;1;0,074421627;0,42418033;-0,751927909;1;0,489311383;0,735541919;-0,021377235;1;;;;;;;;;;;;;
994;2,100417696;0,443730142;3,200835391;0;0,023232681;0,225916317;-0,922557731;1;0,306206558;0,368093315;-0,387586884;1;;;;;;;;;;;;;
995;1,085354496;0,737538796;1,170708992;1;0,152917292;0,32535854;-0,490275693;1;0,561060255;0,603567026;0,12212051;1;;;;;;;;;;;;;
996;0,218292982;1,043558541;-0,563414036;1;-0,140960991;0,398270359;-1,469869971;1;1,066777847;0,638378856;1,133555694;1;;;;;;;;;;;;;
997;1,184371381;0,814149893;1,368742762;1;0,580268996;0,347745109;0,934229986;1;0,077628948;0,533525237;-0,844742104;1;;;;;;;;;;;;;
998;0,97681245;0,546276002;0,953624899;1;0,612671986;0,287900784;1,042239952;1;-0,023298354;0,505905476;-1,046596708;1;;;;;;;;;;;;;
999;1,110568011;0,504145127;1,221136021;1;0,579761413;0,254259419;0,932538044;1;0,172925773;0,369721584;-0,654148454;1;;;;;;;;;;;;;
1000;0,653528806;0,866756059;0,307057613;1;0,693568087;0,333589419;1,311893623;1;0,33335002;0,604273816;-0,33329996;1;;;;;;;;;;;;;
