;mean;se;bias;cp;mean;se;bias;cp;mean;se;bias;cp;;mean;sd;bias;cp;mean;sd;bias;cp;mean;sd;bias;cp
1;0,836399318;0,374131902;0,672798636;1;0,221395357;0,176705475;-0,262015477;1;0,240301664;0,283445933;-0,519396672;1;;0,455449635;0,708366502;-0,08910073;0,933;0,312939152;0,209729148;0,043130508;0,948;0,491127088;0,349194428;-0,017745824;0,949
2;0,19226371;0,664378589;-0,615472579;1;0,301234301;0,206738257;0,004114335;1;0,664934134;0,347755402;0,329868268;1;;;;;;;;;;;;;
3;0,433824821;0,532552101;-0,132350359;1;0,371392432;0,187872404;0,237974772;1;1,120995718;0,319431161;1,241991436;1;;mean;sd;bias;cp;;;;;;;;
4;0,489816832;0,4849057;-0,020366335;1;0,220334326;0,19141556;-0,265552246;1;0,910735114;0,340973422;0,821470228;1;;-1,046365677;0,392249794;0,046365677;0,955;;;;;;;;
5;-0,939811177;1,591193122;-2,879622353;1;0,112075358;0,248384015;-0,626415474;1;0,453586684;0,420791782;-0,092826633;1;;-0,935317173;0,373744951;0,039241303;0,95;;;;;;;;
6;0,376188802;0,474628487;-0,247622396;1;0,405802364;0,189893095;0,352674545;1;0,711995257;0,315677237;0,423990514;1;;-0,17705229;0,56231264;-0,114738548;0,949;;;;;;;;
7;0,750066626;0,554665382;0,500133251;1;0,160886586;0,20138178;-0,463711381;1;0,553100014;0,343602777;0,106200028;1;;0,455449635;0,708366502;-0,08910073;0,933;;;;;;;;
8;-0,150003686;0,586207745;-1,300007372;1;0,248391333;0,206616282;-0,172028889;1;1,083354379;0,391432583;1,166708758;1;;0,312939152;0,209729148;0,043130508;0,948;;;;;;;;
9;0,844244296;0,449034781;0,688488592;1;0,168444508;0,190924611;-0,438518305;1;0,107951001;0,322356038;-0,784097997;1;;0,491127088;0,349194428;-0,017745824;0,949;;;;;;;;
10;0,705411061;0,506643133;0,410822122;1;0,88856586;0,202754733;1,961886198;0;-0,256556719;0,346185104;-1,513113438;0;;;;;;;;;;;;;
11;0,764622601;0,551700723;0,529245203;1;0,619436217;0,204513298;1,064787389;1;0,25076724;0,352173978;-0,498465519;1;;;;;;;;;;;;;
12;0,38158185;0,598583413;-0,236836301;1;0,650850847;0,205847375;1,169502824;1;0,157337374;0,344654535;-0,685325251;1;;;;;;;;;;;;;
13;-0,161966314;0,813662273;-1,323932627;1;0,51839849;0,228307924;0,727994965;1;0,499831802;0,40799078;-0,000336396;1;;;;;;;;;;;;;
14;0,302470609;0,530219381;-0,395058781;1;0,363969621;0,191623016;0,213232069;1;0,400889311;0,344302189;-0,198221379;1;;;;;;;;;;;;;
15;1,355504626;0,398372606;1,711009253;0;0,336411797;0,17495881;0,121372656;1;-0,045939254;0,299256518;-1,091878507;1;;;;;;;;;;;;;
16;-0,526244507;1,112494117;-2,052489013;1;0,305090638;0,238569282;0,016968792;1;0,6612468;0,418759402;0,322493599;1;;;;;;;;;;;;;
17;0,707427888;0,463253451;0,414855776;1;0,563367301;0,18387407;0,877891003;1;0,263159766;0,306220481;-0,473680468;1;;;;;;;;;;;;;
18;1,377669257;0,40929591;1,755338514;0;0,128437172;0,182394907;-0,571876092;1;0,076373427;0,338699368;-0,847253147;1;;;;;;;;;;;;;
19;0,200055293;0,706874136;-0,599889413;1;-0,075819859;0,220905595;-1,252732863;1;0,8768706;0,351743606;0,753741199;1;;;;;;;;;;;;;
20;0,761603534;0,428891623;0,523207069;1;0,41437391;0,178726444;0,381246365;1;0,504647083;0,290394935;0,009294166;1;;;;;;;;;;;;;
21;0,498035296;0,519834618;-0,003929407;1;0,592567059;0,194264032;0,975223532;1;0,264263059;0,324134455;-0,471473882;1;;;;;;;;;;;;;
22;-0,164502751;1,509527406;-1,329005503;1;-0,031009432;0,244305816;-1,103364775;1;0,095907108;0,413592805;-0,808185784;1;;;;;;;;;;;;;
23;0,770334056;0,469949196;0,540668111;1;0,440644665;0,194463766;0,468815549;1;0,100641537;0,318324438;-0,798716925;1;;;;;;;;;;;;;
24;-0,250940055;1,112265115;-1,50188011;1;0,113429233;0,232503091;-0,621902557;1;0,602827365;0,469887156;0,205654731;1;;;;;;;;;;;;;
25;0,978042724;0,510883813;0,956085448;1;0,09265563;0,201077253;-0,691147899;1;-0,03716978;0,348950762;-1,07433956;1;;;;;;;;;;;;;
26;0,10114519;0,577523786;-0,79770962;1;0,412110051;0,196791182;0,373700171;1;0,884221708;0,357599312;0,768443417;1;;;;;;;;;;;;;
27;1,161187626;0,297727357;1,322375252;0;0,401485972;0,151555889;0,338286574;1;0,264266363;0,24204968;-0,471467274;1;;;;;;;;;;;;;
28;0,818004205;0,560503134;0,63600841;1;0,013549265;0,207024037;-0,954835783;1;0,585877059;0,358086836;0,171754118;1;;;;;;;;;;;;;
29;1,116073094;0,391809044;1,232146187;1;0,314045058;0,175044941;0,04681686;1;0,487169377;0,285540887;-0,025661247;1;;;;;;;;;;;;;
30;0,512172111;0,799598655;0,024344221;1;0,531042813;0,241572929;0,770142709;1;0,311577954;0,3727551;-0,376844092;1;;;;;;;;;;;;;
31;0,176721096;0,789930744;-0,646557808;1;0,426844134;0,235034701;0,422813781;1;0,349806486;0,405641201;-0,300387027;1;;;;;;;;;;;;;
32;0,742916397;0,467682839;0,485832793;1;0,46289755;0,187587433;0,542991832;1;0,73504232;0,330061462;0,470084641;1;;;;;;;;;;;;;
33;1,202192501;0,442071616;1,404385002;1;0,423049358;0,188663368;0,410164526;1;-0,009085695;0,320829019;-1,01817139;1;;;;;;;;;;;;;
34;0,585683159;0,455493389;0,171366318;1;0,412181692;0,190422446;0,373938974;1;0,550124836;0,340315536;0,100249673;1;;;;;;;;;;;;;
35;0,132640262;0,53327893;-0,734719475;1;0,157193793;0,18739765;-0,476020689;1;1,188993912;0,338124662;1,377987824;0;;;;;;;;;;;;;
36;0,423679417;0,375429389;-0,152641167;1;0,47217443;0,176796822;0,573914765;1;0,794375643;0,281240247;0,588751287;1;;;;;;;;;;;;;
37;-0,472850401;0,932794103;-1,945700802;1;0,342299425;0,235778229;0,140998085;1;1,156050311;0,41418657;1,312100622;1;;;;;;;;;;;;;
38;0,89460421;0,450020518;0,789208421;1;0,102635797;0,193690627;-0,657880677;1;0,304109704;0,322905035;-0,391780591;1;;;;;;;;;;;;;
39;0,522686187;0,562733723;0,045372375;1;0,348985869;0,198986593;0,16328623;1;0,487990447;0,335222488;-0,024019107;1;;;;;;;;;;;;;
40;0,292991099;0,637000048;-0,414017802;1;-0,100357304;0,221277568;-1,334524346;1;0,700448112;0,368832414;0,400896225;1;;;;;;;;;;;;;
41;0,836703518;0,482396228;0,673407036;1;0,603114625;0,191288734;1,010382084;1;0,189209716;0,307465444;-0,621580568;1;;;;;;;;;;;;;
42;1,184260645;0,328976442;1,36852129;0;0,436019964;0,159198511;0,453399879;1;0,565721591;0,262334618;0,131443182;1;;;;;;;;;;;;;
43;1,638039378;0,315281063;2,276078757;0;0,07568031;0,161078888;-0,747732301;1;0,3290054;0,2677051;-0,341989201;1;;;;;;;;;;;;;
44;0,669169117;0,356147843;0,338338235;1;0,467413171;0,165863229;0,558043903;1;0,943758067;0,282912271;0,887516134;1;;;;;;;;;;;;;
45;0,570466943;0,500704134;0,140933886;1;0,058647046;0,191294218;-0,804509846;1;0,676221759;0,335002547;0,352443518;1;;;;;;;;;;;;;
46;0,560387059;0,460387804;0,120774119;1;0,443979336;0,187457869;0,479931121;1;0,515734339;0,295835285;0,031468677;1;;;;;;;;;;;;;
47;-1,697283496;2,472900473;-4,394566993;1;0,238367116;0,263703506;-0,205442947;1;1,139043805;0,48017354;1,278087611;1;;;;;;;;;;;;;
48;0,313975289;0,476826819;-0,372049421;1;0,494068315;0,18560205;0,646894385;1;0,736042346;0,314237702;0,472084693;1;;;;;;;;;;;;;
49;0,121359823;0,850713568;-0,757280355;1;0,116815078;0,238977254;-0,610616407;1;0,172843814;0,415625008;-0,654312371;1;;;;;;;;;;;;;
50;-0,433127604;1,033169374;-1,866255208;1;0,05248889;0,250344681;-0,825037032;1;1,015711996;0,393699625;1,031423992;1;;;;;;;;;;;;;
51;0,229024738;0,8422435;-0,541950524;1;0,475896914;0,217073434;0,586323048;1;-0,243011467;0,403638023;-1,486022934;1;;;;;;;;;;;;;
52;0,777028553;0,488338066;0,554057107;1;0,453504048;0,197024687;0,511680161;1;0,878579999;0,334168658;0,757159998;1;;;;;;;;;;;;;
53;0,814430951;0,503335242;0,628861901;1;0,606437886;0,195643985;1,021459621;1;0,036140447;0,335050574;-0,927719107;1;;;;;;;;;;;;;
54;0,591854104;0,607051059;0,183708208;1;0,353638952;0,216665371;0,178796506;1;0,081874254;0,39218183;-0,836251492;1;;;;;;;;;;;;;
55;-0,439589541;0,821101997;-1,879179081;1;0,560925417;0,222622856;0,869751389;1;1,384907093;0,437098507;1,769814185;0;;;;;;;;;;;;;
56;0,144400701;0,654035444;-0,711198599;1;0,32177291;0,204487086;0,072576367;1;1,286319912;0,366289732;1,572639823;0;;;;;;;;;;;;;
57;1,282284092;0,373038034;1,564568183;0;0,304835716;0,184109156;0,016119053;1;0,145205168;0,297713599;-0,709589664;1;;;;;;;;;;;;;
58;0,914710417;0,460175571;0,829420834;1;0,310205764;0,190394312;0,034019213;1;0,375528837;0,32258537;-0,248942327;1;;;;;;;;;;;;;
59;0,360599115;0,548675157;-0,278801769;1;0,407538615;0,192222671;0,35846205;1;0,310401614;0,339192264;-0,379196772;1;;;;;;;;;;;;;
60;0,624758987;0,748777101;0,249517974;1;0,081420025;0,228007696;-0,728599918;1;0,658824237;0,423520495;0,317648473;1;;;;;;;;;;;;;
61;-0,00930995;0,827436029;-1,018619901;1;0,651622583;0,223400813;1,172075276;1;0,276775674;0,361187553;-0,446448652;1;;;;;;;;;;;;;
62;1,451932271;0,38207208;1,903864542;0;0,271264148;0,171155878;-0,095786174;1;0,340575207;0,291025776;-0,318849586;1;;;;;;;;;;;;;
63;0,789803353;0,388509763;0,579606707;1;0,224500454;0,176712193;-0,251665152;1;0,662031036;0,29700861;0,324062072;1;;;;;;;;;;;;;
64;0,796263104;0,434739614;0,592526207;1;0,242263844;0,185441536;-0,192453855;1;0,436034388;0,309848862;-0,127931224;1;;;;;;;;;;;;;
65;0,63340444;0,599824553;0,266808881;1;-0,079487739;0,210106876;-1,26495913;1;0,683034647;0,388677866;0,366069294;1;;;;;;;;;;;;;
66;0,855952747;0,426650304;0,711905494;1;0,445884649;0,189663544;0,486282165;1;-0,136046966;0,310383476;-1,272093931;0;;;;;;;;;;;;;
67;1,182436563;0,44310123;1,364873126;1;0,09070536;0,183375621;-0,697648801;1;0,125609744;0,315244902;-0,748780512;1;;;;;;;;;;;;;
68;0,525110487;0,62615349;0,050220974;1;0,294082523;0,208224903;-0,019724925;1;0,20914622;0,358784515;-0,581707559;1;;;;;;;;;;;;;
69;0,811406381;0,430754213;0,622812762;1;0,069748998;0,17568913;-0,767503342;1;1,01663983;0,320851183;1,03327966;1;;;;;;;;;;;;;
70;0,563117644;0,513743462;0,126235289;1;0,204149192;0,192584064;-0,319502692;1;0,774969147;0,343344092;0,549938295;1;;;;;;;;;;;;;
71;-1,799405612;4,56411432;-4,598811225;1;-0,325992032;0,276145213;-2,086640107;0;0,726287023;0,460601983;0,452574046;1;;;;;;;;;;;;;
72;1,128155213;0,359321363;1,256310427;1;-0,159554823;0,183995214;-1,531849411;0;0,487313822;0,299278562;-0,025372357;1;;;;;;;;;;;;;
73;0,903269242;0,407750035;0,806538485;1;0,368399457;0,182404982;0,22799819;1;0,582576335;0,296267806;0,16515267;1;;;;;;;;;;;;;
74;0,819335088;0,531746414;0,638670176;1;0,131634341;0,198708935;-0,561218864;1;0,398938475;0,356296862;-0,202123051;1;;;;;;;;;;;;;
75;0,45432348;0,570765462;-0,091353039;1;0,101762959;0,20393084;-0,660790137;1;0,739576895;0,359897161;0,479153791;1;;;;;;;;;;;;;
76;1,424593003;0,30397434;1,849186006;0;0,473523865;0,150936592;0,578412883;1;-0,271238346;0,246801214;-1,542476692;0;;;;;;;;;;;;;
77;0,283792796;0,462860341;-0,432414408;1;0,609436821;0,181709455;1,031456069;1;0,714917702;0,28800699;0,429835403;1;;;;;;;;;;;;;
78;0,830670412;0,465515682;0,661340825;1;0,235797215;0,190454073;-0,214009283;1;-0,17349252;0,335480979;-1,34698504;0;;;;;;;;;;;;;
79;0,269629601;0,538628146;-0,460740798;1;0,70050379;0,196968719;1,335012632;0;0,708931016;0,307669962;0,417862032;1;;;;;;;;;;;;;
80;0,561843086;0,434455788;0,123686172;1;0,148913154;0,183238074;-0,50362282;1;1,051082569;0,308976519;1,102165137;1;;;;;;;;;;;;;
81;1,204850299;0,426707385;1,409700599;1;0,339782116;0,181631828;0,132607053;1;0,269344351;0,32250496;-0,461311299;1;;;;;;;;;;;;;
82;0,524465985;0,494502288;0,04893197;1;0,446039191;0,194125994;0,486797302;1;0,754671284;0,330756847;0,509342567;1;;;;;;;;;;;;;
83;0,527363571;0,549009261;0,054727142;1;0,196863521;0,199647583;-0,343788262;1;0,345205926;0,338215286;-0,309588149;1;;;;;;;;;;;;;
84;0,943080726;0,303124665;0,886161451;1;0,512476432;0,151404437;0,708254773;1;0,643714944;0,24682446;0,287429888;1;;;;;;;;;;;;;
85;0,391728571;0,495659327;-0,216542858;1;0,278235951;0,188842624;-0,072546829;1;1,067886225;0,318199455;1,135772449;1;;;;;;;;;;;;;
86;1,04433181;0,491739632;1,08866362;1;0,137977188;0,197291074;-0,540076041;1;-0,163517591;0,362030271;-1,327035182;1;;;;;;;;;;;;;
87;0,446709027;0,504937715;-0,106581946;1;0,574871254;0,191801078;0,916237515;1;0,413656826;0,319061575;-0,172686347;1;;;;;;;;;;;;;
88;0,912615942;0,451269057;0,825231885;1;0,479887361;0,188769819;0,599624536;1;0,255234588;0,315120892;-0,489530824;1;;;;;;;;;;;;;
89;0,871707923;0,466992082;0,743415846;1;0,422627748;0,194903368;0,408759159;1;-0,248348809;0,30789764;-1,496697619;0;;;;;;;;;;;;;
90;0,509595043;0,529998398;0,019190085;1;0,685457096;0,203914834;1,284856986;1;0,495661789;0,310503115;-0,008676423;1;;;;;;;;;;;;;
91;0,528152245;0,542027921;0,056304491;1;0,417015816;0,2061594;0,39005272;1;0,545458652;0,371039018;0,090917304;1;;;;;;;;;;;;;
92;1,210357747;0,315298365;1,420715493;0;0,502442921;0,163950595;0,674809738;1;0,194151017;0,259537615;-0,611697967;1;;;;;;;;;;;;;
93;-0,069916241;0,670820008;-1,139832482;1;0,381953535;0,219856003;0,273178451;1;1,390538916;0,394310982;1,781077832;0;;;;;;;;;;;;;
94;0,927767882;0,41323732;0,855535765;1;0,177053761;0,189238356;-0,409820795;1;0,099615789;0,318695058;-0,800768423;1;;;;;;;;;;;;;
95;-0,27651607;1,089008008;-1,55303214;1;0,474264994;0,239888084;0,580883314;1;0,011569352;0,404795918;-0,976861295;1;;;;;;;;;;;;;
96;0,862381371;0,516789269;0,724762742;1;0,002807957;0,195669647;-0,990640142;1;-0,082077047;0,347274841;-1,164154093;1;;;;;;;;;;;;;
97;0,533811748;0,50156485;0,067623496;1;0,031006004;0,206924633;-0,896646654;1;0,757073352;0,323977481;0,514146703;1;;;;;;;;;;;;;
98;0,679429568;0,524107039;0,358859136;1;0,269082415;0,203355045;-0,103058616;1;0,722462072;0,350964704;0,444924144;1;;;;;;;;;;;;;
99;1,181924638;0,310658408;1,363849276;0;0,332520672;0,160521318;0,108402241;1;0,481926476;0,242372847;-0,036147048;1;;;;;;;;;;;;;
100;0,049408307;0,71957805;-0,901183386;1;0,417184847;0,226159254;0,390616158;1;0,561002754;0,36258295;0,122005508;1;;;;;;;;;;;;;
101;0,971926971;0,38621362;0,943853942;1;0,26804567;0,181146666;-0,106514432;1;0,65127883;0,303870444;0,30255766;1;;;;;;;;;;;;;
102;0,610417224;0,566596044;0,220834448;1;0,314127394;0,19737752;0,047091312;1;0,286089905;0,352100121;-0,42782019;1;;;;;;;;;;;;;
103;0,448276631;0,558206895;-0,103446738;1;0,039112775;0,209769838;-0,869624082;1;0,499920904;0,3602363;-0,000158193;1;;;;;;;;;;;;;
104;0,257106968;0,671725168;-0,485786063;1;0,218071128;0,218950242;-0,27309624;1;0,289026948;0,374994012;-0,421946104;1;;;;;;;;;;;;;
105;0,798676673;0,354560014;0,597353346;1;0,59737797;0,174393628;0,991259901;1;0,276049217;0,263223815;-0,447901566;1;;;;;;;;;;;;;
106;0,691611511;0,408835935;0,383223021;1;0,670688808;0,179152985;1,235629359;0;0,132881377;0,293258517;-0,734237246;1;;;;;;;;;;;;;
107;-0,832307953;1,188429299;-2,664615905;1;0,486235465;0,236416445;0,620784884;1;1,090014057;0,443374606;1,180028115;1;;;;;;;;;;;;;
108;0,452441082;0,491288802;-0,095117835;1;0,471252191;0,191611584;0,570840638;1;0,804018785;0,322838196;0,60803757;1;;;;;;;;;;;;;
109;-0,245941619;0,998097386;-1,491883239;1;0,307477606;0,234133799;0,024925353;1;0,559700181;0,414629764;0,119400362;1;;;;;;;;;;;;;
110;0,110165176;0,614150537;-0,779669648;1;-0,085541712;0,213082776;-1,28513904;1;1,159015357;0,369299674;1,318030713;1;;;;;;;;;;;;;
111;1,182870786;0,352046769;1,365741573;1;0,391139608;0,181677677;0,303798693;1;0,131822541;0,283760172;-0,736354918;1;;;;;;;;;;;;;
112;0,851033845;0,448083954;0,702067691;1;0,375089634;0,188036955;0,25029878;1;0,316480925;0,319361863;-0,36703815;1;;;;;;;;;;;;;
113;0,611730588;0,49364527;0,223461175;1;0,441104098;0,198365276;0,470346994;1;0,403023843;0,344583762;-0,193952313;1;;;;;;;;;;;;;
114;0,612070032;0,616212833;0,224140065;1;0,167882871;0,21293289;-0,44039043;1;0,36382535;0,374813662;-0,2723493;1;;;;;;;;;;;;;
115;0,715366077;0,499867099;0,430732154;1;0,073838271;0,201909962;-0,75387243;1;0,021791588;0,34575161;-0,956416823;1;;;;;;;;;;;;;
116;1,56357474;0,27798321;2,12714948;0;0,513912541;0,141660454;0,713041804;1;0,25535332;0,224865811;-0,489293359;1;;;;;;;;;;;;;
117;0,442892338;0,435252305;-0,114215324;1;0,254712327;0,181099111;-0,15095891;1;1,119129047;0,312410334;1,238258095;0;;;;;;;;;;;;;
118;-0,378503306;0,91688249;-1,757006611;1;0,387998669;0,221432468;0,293328897;1;0,39649707;0,380843296;-0,207005861;1;;;;;;;;;;;;;
119;0,060378961;0,627216176;-0,879242078;1;0,299102688;0,204123199;-0,002991041;1;0,663980164;0,350091816;0,327960329;1;;;;;;;;;;;;;
120;0,350407179;0,466560763;-0,299185642;1;0,072461505;0,19942708;-0,758461649;1;0,666220281;0,343214591;0,332440562;1;;;;;;;;;;;;;
121;0,166733737;0,816423627;-0,666532527;1;0,199875946;0,230138791;-0,333746847;1;-0,130843647;0,407151433;-1,261687295;1;;;;;;;;;;;;;
122;0,620359239;0,483602661;0,240718477;1;0,138977738;0,192091993;-0,536740873;1;0,974619621;0,322795422;0,949239242;1;;;;;;;;;;;;;
123;0,815928526;0,404691931;0,631857052;1;0,409767849;0,180360592;0,365892829;1;0,217210572;0,302212905;-0,565578856;1;;;;;;;;;;;;;
124;0,226502405;0,668235006;-0,54699519;1;0,271536755;0,21329528;-0,094877483;1;0,286690711;0,363784414;-0,426618578;1;;;;;;;;;;;;;
125;0,723965037;0,360845953;0,447930075;1;0,345552013;0,165911364;0,151840043;1;0,84202913;0,291132409;0,684058261;1;;;;;;;;;;;;;
126;1,431485541;0,421568871;1,862971081;0;0,003356421;0,191860361;-0,98881193;1;0,00020928;0,341854414;-0,999581439;1;;;;;;;;;;;;;
127;1,025975461;0,438569441;1,051950923;1;-0,271371073;0,19009929;-1,904570245;0;0,246057247;0,317624452;-0,507885506;1;;;;;;;;;;;;;
128;1,1005765;0,389876949;1,201153001;1;0,292877328;0,182059513;-0,02374224;1;0,742743854;0,292262806;0,485487708;1;;;;;;;;;;;;;
129;0,728037936;0,398536011;0,456075872;1;0,21051787;0,179285278;-0,298273768;1;0,642168185;0,296122463;0,28433637;1;;;;;;;;;;;;;
130;0,809996176;0,437184631;0,619992353;1;0,072858856;0,185787662;-0,757137146;1;0,785584054;0,333478611;0,571168107;1;;;;;;;;;;;;;
131;0,996890272;0,519862249;0,993780544;1;0,195867898;0,193681744;-0,347107006;1;0,089965867;0,339349607;-0,820068266;1;;;;;;;;;;;;;
132;1,426882727;0,334011474;1,853765454;0;0,289689984;0,154721127;-0,034366721;1;0,281161839;0,269361285;-0,437676322;1;;;;;;;;;;;;;
133;-0,087215577;0,867151543;-1,174431153;1;0,648784203;0,233164541;1,162614009;1;0,559400376;0,406052786;0,118800751;1;;;;;;;;;;;;;
134;0,459050717;0,510406003;-0,081898565;1;0,160390506;0,198816216;-0,465364981;1;0,563622747;0,34148348;0,127245495;1;;;;;;;;;;;;;
135;0,823391201;0,501785376;0,646782401;1;0,375185311;0,198212344;0,250617702;1;0,404615617;0,335113943;-0,190768765;1;;;;;;;;;;;;;
136;0,499289813;0,450244022;-0,001420373;1;0,563926215;0,18343337;0,879754049;1;0,760379334;0,321870047;0,520758668;1;;;;;;;;;;;;;
137;0,10174346;0,893432679;-0,796513079;1;-0,070155676;0,236469862;-1,233852254;1;0,37666428;0,422963127;-0,24667144;1;;;;;;;;;;;;;
138;0,273333752;0,540311185;-0,453332496;1;0,325130903;0,199399203;0,083769677;1;0,535325451;0,347061454;0,070650902;1;;;;;;;;;;;;;
139;0,854807725;0,463970225;0,709615449;1;0,328130916;0,183024873;0,093769719;1;0,793875101;0,332792987;0,587750201;1;;;;;;;;;;;;;
140;1,13832085;0,368522609;1,2766417;1;0,265540938;0,170128158;-0,11486354;1;0,556941674;0,28855883;0,113883347;1;;;;;;;;;;;;;
141;1,480637233;0,300565563;1,961274466;0;-0,088641264;0,158847066;-1,295470881;0;0,377372087;0,26373823;-0,245255827;1;;;;;;;;;;;;;
142;0,427183509;0,464012294;-0,145632981;1;0,200017786;0,182098786;-0,333274047;1;1,111428005;0,339611986;1,222856009;1;;;;;;;;;;;;;
143;0,882495697;0,424112194;0,764991393;1;0,456021614;0,173562991;0,520072047;1;0,779859021;0,306859923;0,559718042;1;;;;;;;;;;;;;
144;0,210425874;0,484526487;-0,579148252;1;0,432336726;0,189894461;0,441122419;1;0,742771763;0,319405356;0,485543527;1;;;;;;;;;;;;;
145;-1,748323843;9,055575249;-4,496647687;1;0,647436159;0,307351163;1,15812053;1;-0,087866427;0,479811397;-1,175732855;1;;;;;;;;;;;;;
146;0,117083882;0,718874519;-0,765832236;1;0,341033789;0,210582345;0,136779298;1;0,557558757;0,388136139;0,115117514;1;;;;;;;;;;;;;
147;0,766852362;0,488736303;0,533704724;1;0,361447092;0,19993321;0,204823639;1;0,333194168;0,320519975;-0,333611663;1;;;;;;;;;;;;;
148;1,554708686;0,332424355;2,109417372;0;0,235900753;0,164010187;-0,213664158;1;-0,169277551;0,290867862;-1,338555103;0;;;;;;;;;;;;;
149;0,216766763;0,674981959;-0,566466474;1;0,354760101;0,221700791;0,182533669;1;0,20317623;0,347761506;-0,59364754;1;;;;;;;;;;;;;
150;0,764852934;0,435425206;0,529705868;1;0,253551294;0,189313321;-0,154829022;1;0,481173754;0,333069796;-0,037652491;1;;;;;;;;;;;;;
151;-0,494048943;0,88799819;-1,988097886;1;0,253235293;0,235939514;-0,155882357;1;1,416522065;0,431993367;1,83304413;0;;;;;;;;;;;;;
152;0,664043537;0,443940061;0,328087074;1;0,374382475;0,17841129;0,247941583;1;0,24817084;0,323104553;-0,503658321;1;;;;;;;;;;;;;
153;0,512910271;0,441094608;0,025820543;1;0,355699952;0,188683449;0,185666508;1;0,839283912;0,299880596;0,678567825;1;;;;;;;;;;;;;
154;0,209043926;0,608451425;-0,581912147;1;0,384279409;0,206505808;0,280931364;1;0,798113675;0,362400842;0,596227349;1;;;;;;;;;;;;;
155;1,034789056;0,417476085;1,069578112;1;0,19232226;0,182037529;-0,3589258;1;0,073119282;0,313961691;-0,853761436;1;;;;;;;;;;;;;
156;-0,183847802;0,645546703;-1,367695604;1;0,676284741;0,207810128;1,254282469;1;0,866688867;0,337845096;0,733377733;1;;;;;;;;;;;;;
157;0,551677362;0,502235604;0,103354724;1;0,52598777;0,185504804;0,753292567;1;0,805224777;0,318668304;0,610449554;1;;;;;;;;;;;;;
158;0,083006499;0,674362866;-0,833987003;1;0,625115467;0,211974453;1,083718225;1;0,478651032;0,36025316;-0,042697936;1;;;;;;;;;;;;;
159;-0,145790581;0,817167588;-1,291581161;1;0,57664488;0,226647782;0,922149599;1;0,407550278;0,381752152;-0,184899444;1;;;;;;;;;;;;;
160;0,804798768;0,44645464;0,609597537;1;0,410237437;0,181505768;0,367458125;1;0,715186634;0,298220064;0,430373268;1;;;;;;;;;;;;;
161;0,237659437;0,745999412;-0,524681125;1;0,336526204;0,228624526;0,121754015;1;0,532619483;0,38004398;0,065238966;1;;;;;;;;;;;;;
162;-0,535809763;0,684329221;-2,071619526;1;0,622459228;0,21461651;1,074864093;1;1,024489986;0,373696958;1,048979972;1;;;;;;;;;;;;;
163;-1,77399383;4,280554565;-4,54798766;1;0,253487664;0,249378683;-0,155041121;1;0,643228512;0,45968838;0,286457024;1;;;;;;;;;;;;;
164;-0,467783575;0,971748592;-1,93556715;1;0,651832514;0,235903168;1,172775047;1;0,385188287;0,411120384;-0,229623426;1;;;;;;;;;;;;;
165;0,902776463;0,47156804;0,805552925;1;0,314931501;0,203126557;0,049771669;1;0,474410075;0,335462305;-0,05117985;1;;;;;;;;;;;;;
166;0,271234579;0,564042315;-0,457530842;1;0,65269231;0,198046413;1,175641034;1;0,397093297;0,334454561;-0,205813406;1;;;;;;;;;;;;;
167;0,998359075;0,415216305;0,99671815;1;0,412651211;0,191537548;0,375504036;1;0,250169959;0,32253704;-0,499660083;1;;;;;;;;;;;;;
168;0,080945348;0,759289761;-0,838109304;1;0,510126077;0,2247328;0,700420257;1;0,971846138;0,417366215;0,943692276;1;;;;;;;;;;;;;
169;-0,118067248;0,931617378;-1,236134496;1;0,27956607;0,240351023;-0,068113099;1;0,53500069;0,392508527;0,070001381;1;;;;;;;;;;;;;
170;0,804649606;0,411548878;0,609299211;1;0,472465018;0,179681147;0,574883392;1;0,494699624;0,30636408;-0,010600752;1;;;;;;;;;;;;;
171;-0,32100729;1,132667521;-1,64201458;1;0,514726283;0,236310806;0,715754278;1;0,063628337;0,402194986;-0,872743326;1;;;;;;;;;;;;;
172;0,975645678;0,530159338;0,951291355;1;0,479818617;0,207252891;0,599395391;1;-0,077216903;0,370955707;-1,154433806;1;;;;;;;;;;;;;
173;0,321461511;0,700426397;-0,357076979;1;0,154732433;0,223715258;-0,484225223;1;0,463072393;0,359501384;-0,073855214;1;;;;;;;;;;;;;
174;1,531136254;0,342250161;2,062272508;0;0,355914365;0,16284075;0,186381218;1;0,293004684;0,285976939;-0,413990632;1;;;;;;;;;;;;;
175;0,617898063;0,525972715;0,235796127;1;0,064610777;0,204594901;-0,784630744;1;0,393130271;0,339108331;-0,213739457;1;;;;;;;;;;;;;
176;0,297089463;0,542583591;-0,405821074;1;0,423813682;0,207018278;0,412712273;1;0,669398086;0,339959476;0,338796172;1;;;;;;;;;;;;;
177;0,80516751;0,518363914;0,610335019;1;0,334866575;0,199075519;0,116221918;1;-0,003959247;0,328024301;-1,007918494;1;;;;;;;;;;;;;
178;0,404148256;0,484410405;-0,191703488;1;0,441941826;0,18751437;0,473139419;1;1,163769196;0,322233111;1,327538392;0;;;;;;;;;;;;;
179;0,902313666;0,426418413;0,804627332;1;0,584039796;0,182105537;0,94679932;1;0,08090956;0,300662188;-0,838180881;1;;;;;;;;;;;;;
180;-0,212799218;0,780228292;-1,425598435;1;0,251575956;0,222805906;-0,161413482;1;1,00952207;0,406887009;1,01904414;1;;;;;;;;;;;;;
181;1,590181726;0,368490646;2,180363451;0;0,076132137;0,174331842;-0,74622621;1;0,077871577;0,29239113;-0,844256845;1;;;;;;;;;;;;;
182;0,519148325;0,558997346;0,03829665;1;0,225304026;0,206323086;-0,24898658;1;0,685223928;0,338968475;0,370447855;1;;;;;;;;;;;;;
183;-0,098173008;0,636539498;-1,196346015;1;0,368162435;0,207631077;0,227208116;1;0,984529261;0,390685316;0,969058521;1;;;;;;;;;;;;;
184;0,691857367;0,689088023;0,383714734;1;0,009471845;0,223696142;-0,968427182;1;0,382960028;0,39115499;-0,234079944;1;;;;;;;;;;;;;
185;1,053093463;0,374080297;1,106186926;1;0,554810506;0,181479898;0,849368353;1;0,071805784;0,284993602;-0,856388431;1;;;;;;;;;;;;;
186;0,768356903;0,450169302;0,536713805;1;0,656702945;0,190198485;1,189009818;1;0,511215886;0,294738464;0,022431771;1;;;;;;;;;;;;;
187;0,191944615;0,85924348;-0,616110769;1;0,250055182;0,233242859;-0,166482728;1;0,101671567;0,400739314;-0,796656866;1;;;;;;;;;;;;;
188;0,383318848;0,438359466;-0,233362303;1;0,332984043;0,173068893;0,10994681;1;1,146742072;0,299978755;1,293484144;0;;;;;;;;;;;;;
189;0,934839876;0,4358728;0,869679753;1;0,284532476;0,189081841;-0,051558415;1;0,481219319;0,319844383;-0,037561363;1;;;;;;;;;;;;;
190;-2,801620224;2,641268229;-6,603240448;1;0,649882132;0,261470571;1,166273773;1;0,493451211;0,434504926;-0,013097579;1;;;;;;;;;;;;;
191;-0,942391967;1,083267726;-2,884783933;1;0,391333213;0,255382888;0,304444043;1;1,263617619;0,437803496;1,527235239;1;;;;;;;;;;;;;
192;0,207445644;0,729325587;-0,585108711;1;0,239260622;0,218987264;-0,202464593;1;0,613613685;0,377054764;0,227227371;1;;;;;;;;;;;;;
193;0,668960492;0,540972795;0,337920984;1;0,20398407;0,19933592;-0,320053101;1;0,404796454;0,357733946;-0,190407092;1;;;;;;;;;;;;;
194;0,897727341;0,434032701;0,795454681;1;0,156792572;0,182357681;-0,477358092;1;0,676154403;0,30937999;0,352308806;1;;;;;;;;;;;;;
195;0,757524886;0,564388335;0,515049772;1;0,236420383;0,207343348;-0,211932056;1;0,065684302;0,340185524;-0,868631396;1;;;;;;;;;;;;;
196;0,353043258;0,559291095;-0,293913485;1;0,414848512;0,200946083;0,382828372;1;0,335251415;0,347931133;-0,329497171;1;;;;;;;;;;;;;
197;0,540572305;0,464367185;0,08114461;1;0,600630241;0,188752802;1,002100804;1;0,201834826;0,303132575;-0,596330349;1;;;;;;;;;;;;;
198;0,487221062;0,504244413;-0,025557876;1;0,126204294;0,18862662;-0,579319019;1;1,207841518;0,344085286;1,415683036;0;;;;;;;;;;;;;
199;0,77531376;0,386257424;0,55062752;1;0,340447157;0,175375652;0,134823856;1;0,739149437;0,294699393;0,478298874;1;;;;;;;;;;;;;
200;0,376927968;0,516519259;-0,246144065;1;0,217854101;0,189275629;-0,273819664;1;0,786024378;0,355523799;0,572048756;1;;;;;;;;;;;;;
201;0,428194279;0,474885848;-0,143611441;1;0,375716123;0,192586684;0,252387078;1;0,379783512;0,326095867;-0,240432976;1;;;;;;;;;;;;;
202;0,253948353;0,497825037;-0,492103293;1;0,222225149;0,193218082;-0,259249504;1;0,831492084;0,335228882;0,662984169;1;;;;;;;;;;;;;
203;0,668061073;0,466066139;0,336122146;1;0,040987052;0,198719795;-0,863376492;1;0,638668542;0,343041716;0,277337084;1;;;;;;;;;;;;;
204;0,114754802;0,493234213;-0,770490396;1;0,568863683;0,184574586;0,896212277;1;1,041264201;0,326131331;1,082528402;1;;;;;;;;;;;;;
205;0,916634651;0,382574443;0,833269301;1;0,897960953;0,171957855;1,993203176;0;0,397570814;0,260428112;-0,204858371;1;;;;;;;;;;;;;
206;-0,254949436;0,830344878;-1,509898872;1;0,377706506;0,21366164;0,259021685;1;0,897944388;0,386843661;0,795888776;1;;;;;;;;;;;;;
207;-0,657717572;1,257858876;-2,315435145;1;0,309470318;0,236822593;0,031567728;1;0,416257818;0,407152911;-0,167484364;1;;;;;;;;;;;;;
208;1,216011056;0,383198177;1,432022111;1;0,216831248;0,170158163;-0,277229172;1;0,427630203;0,310574606;-0,144739594;1;;;;;;;;;;;;;
209;0,855755786;0,391536551;0,711511573;1;0,129970095;0,178744891;-0,566766349;1;0,610402087;0,307706577;0,220804175;1;;;;;;;;;;;;;
210;0,429954779;0,412392652;-0,140090441;1;0,509653637;0,167353722;0,698845458;1;1,083765438;0,289981878;1,167530875;0;;;;;;;;;;;;;
211;0,021626888;1,189186755;-0,956746224;1;-0,237913282;0,253888178;-1,793044274;0;-0,02271601;0,443830561;-1,04543202;1;;;;;;;;;;;;;
212;1,211783304;0,42404831;1,423566608;1;0,244961643;0,183820972;-0,183461189;1;0,196562886;0,301530031;-0,606874228;1;;;;;;;;;;;;;
213;0,908744691;0,393575023;0,817489381;1;0,32092613;0,171625902;0,069753767;1;0,552423326;0,289341121;0,104846653;1;;;;;;;;;;;;;
214;-0,304708083;0,742638849;-1,609416166;1;0,483652053;0,221369933;0,612173509;1;0,741820058;0,377514885;0,483640116;1;;;;;;;;;;;;;
215;0,456649815;0,59009877;-0,08670037;1;0,464512528;0,200352151;0,548375092;1;0,731246865;0,384128197;0,462493731;1;;;;;;;;;;;;;
216;0,567279772;0,561622841;0,134559544;1;0,52733843;0,209856384;0,757794766;1;0,090791366;0,349543194;-0,818417267;1;;;;;;;;;;;;;
217;-4,381455567;2,049121853;-9,762911135;0;0,506227678;0,252790273;0,687425594;1;1,844276116;0,437359219;2,688552232;0;;;;;;;;;;;;;
218;1,166652926;0,290931732;1,333305852;0;0,591602262;0,148764326;0,97200754;0;0,65922277;0,226615615;0,318445541;1;;;;;;;;;;;;;
219;0,807692168;0,350577049;0,615384336;1;0,280403195;0,1693043;-0,065322682;1;1,196310337;0,301580942;1,392620675;0;;;;;;;;;;;;;
220;-2,606780624;3,164515462;-6,213561247;1;0,158929722;0,2792704;-0,470234259;1;0,209924969;0,471697183;-0,580150062;1;;;;;;;;;;;;;
221;0,640607876;0,484676706;0,281215751;1;0,458250895;0,191455978;0,527502984;1;0,563769545;0,348362631;0,127539089;1;;;;;;;;;;;;;
222;-0,18062313;1,216044073;-1,36124626;1;0,215958417;0,251081411;-0,280138611;1;-0,119091066;0,411993697;-1,238182133;1;;;;;;;;;;;;;
223;1,023579614;0,423024809;1,047159229;1;0,241505067;0,182517944;-0,194983111;1;-0,060494667;0,346905642;-1,120989335;1;;;;;;;;;;;;;
224;0,572643113;0,436729129;0,145286226;1;0,5046812;0,18187227;0,682270667;1;0,671497891;0,279402787;0,342995782;1;;;;;;;;;;;;;
225;0,078408361;0,707333556;-0,843183279;1;0,08769195;0,218831343;-0,707693501;1;0,566956224;0,396277489;0,133912449;1;;;;;;;;;;;;;
226;0,33347282;0,483762479;-0,33305436;1;0,353471498;0,191856613;0,178238325;1;0,562210931;0,322838421;0,124421862;1;;;;;;;;;;;;;
227;0,97708915;0,421861536;0,954178299;1;-0,006171519;0,192068956;-1,020571729;1;0,194737094;0,318072785;-0,610525813;1;;;;;;;;;;;;;
228;1,001424514;0,533981249;1,002849029;1;0,078459915;0,210959714;-0,738466951;1;0,112910498;0,365293823;-0,774179003;1;;;;;;;;;;;;;
229;0,994562431;0,513156106;0,989124863;1;0,139402207;0,19636357;-0,535325975;1;0,404226096;0,383912954;-0,191547808;1;;;;;;;;;;;;;
230;0,718753127;0,535948883;0,437506254;1;0,435085726;0,207455018;0,450285753;1;0,812688286;0,334046405;0,625376572;1;;;;;;;;;;;;;
231;0,677692821;0,462910049;0,355385643;1;0,262888529;0,188133411;-0,123704904;1;0,177402782;0,312664905;-0,645194435;1;;;;;;;;;;;;;
232;1,103624544;0,413168913;1,207249088;1;0,090410418;0,191302473;-0,698631941;1;0,440659379;0,316629121;-0,118681242;1;;;;;;;;;;;;;
233;-0,099206572;0,732506928;-1,198413144;1;0,946515366;0,221338692;2,15505122;0;0,832316748;0,400023179;0,664633496;1;;;;;;;;;;;;;
234;0,752124184;0,388557956;0,504248369;1;0,271606172;0,170342167;-0,094646094;1;0,912656663;0,309066277;0,825313325;1;;;;;;;;;;;;;
235;0,372791109;0,451662233;-0,254417782;1;0,428762585;0,180792773;0,429208616;1;0,742097131;0,29759189;0,484194262;1;;;;;;;;;;;;;
236;1,467587855;0,320951977;1,93517571;0;0,291429092;0,157463885;-0,028569692;1;0,483949745;0,261840786;-0,03210051;1;;;;;;;;;;;;;
237;0,875799052;0,45898621;0,751598105;1;0,110801499;0,191276629;-0,63066167;1;0,192921692;0,318337762;-0,614156616;1;;;;;;;;;;;;;
238;0,960303782;0,432440612;0,920607565;1;0,185412563;0,18634219;-0,381958124;1;0,139387269;0,317569894;-0,721225462;1;;;;;;;;;;;;;
239;1,284510985;0,410483447;1,569021969;1;0,239850583;0,179357154;-0,200498055;1;0,122448748;0,31694168;-0,755102505;1;;;;;;;;;;;;;
240;1,019131156;0,44511407;1,038262311;1;0,435736329;0,181688308;0,452454431;1;-0,179441226;0,333296203;-1,358882452;0;;;;;;;;;;;;;
241;0,111244966;0,562143821;-0,777510068;1;0,477085154;0,205923151;0,590283848;1;0,907108954;0,317872721;0,814217909;1;;;;;;;;;;;;;
242;1,120427523;0,501740964;1,240855047;1;0,000934463;0,206005419;-0,996885124;1;0,164729291;0,348675022;-0,670541419;1;;;;;;;;;;;;;
243;-0,955708149;1,388775488;-2,911416298;1;0,197062396;0,248853238;-0,343125345;1;1,053494562;0,448083444;1,106989124;1;;;;;;;;;;;;;
244;0,677184609;0,378452103;0,354369219;1;0,509399967;0,16313173;0,697999889;1;0,664311183;0,281098459;0,328622365;1;;;;;;;;;;;;;
245;0,765824026;0,350249521;0,531648052;1;0,474730831;0,160786685;0,582436104;1;0,949081806;0,280874705;0,898163611;1;;;;;;;;;;;;;
246;-0,034518752;0,838365372;-1,069037505;1;0,101091945;0,220507969;-0,663026849;1;0,575385485;0,361290776;0,150770969;1;;;;;;;;;;;;;
247;0,262789533;0,59465437;-0,474420935;1;0,539990244;0,199714619;0,799967481;1;0,479703704;0,328675194;-0,040592593;1;;;;;;;;;;;;;
248;1,395880851;0,331391559;1,791761701;0;0,51985561;0,159918576;0,732852034;1;0,079290958;0,259705961;-0,841418083;1;;;;;;;;;;;;;
249;0,744718884;0,526058743;0,489437769;1;0,615501156;0,197900577;1,05167052;1;0,351028592;0,343387276;-0,297942817;1;;;;;;;;;;;;;
250;-0,195629218;0,802382736;-1,391258436;1;0,499015277;0,230845596;0,663384256;1;0,38347777;0,389505138;-0,23304446;1;;;;;;;;;;;;;
251;0,760419253;0,49662434;0,520838506;1;0,339492569;0,20481212;0,131641895;1;0,154260055;0,323643602;-0,69147989;1;;;;;;;;;;;;;
252;0,696012079;0,49790132;0,392024158;1;0,009287912;0,18888444;-0,969040292;1;0,243097838;0,349191783;-0,513804324;1;;;;;;;;;;;;;
253;1,107961149;0,412759115;1,215922298;1;0,014985337;0,188279764;-0,950048876;1;0,444976014;0,332320534;-0,110047972;1;;;;;;;;;;;;;
254;0,568552578;0,582680892;0,137105155;1;0,246133929;0,204683643;-0,179553571;1;1,009936046;0,38174846;1,019872093;1;;;;;;;;;;;;;
255;-0,13548368;0,723551563;-1,27096736;1;0,235789451;0,207436267;-0,214035163;1;0,79890345;0,363207394;0,597806901;1;;;;;;;;;;;;;
256;1,161863671;0,314052732;1,323727341;0;0,351019179;0,164833341;0,17006393;1;0,236995844;0,265903225;-0,526008313;1;;;;;;;;;;;;;
257;0,223218005;0,596189163;-0,55356399;1;0,313866001;0,202419427;0,046220004;1;0,422979448;0,341148662;-0,154041104;1;;;;;;;;;;;;;
258;0,411679379;0,71229093;-0,176641241;1;0,130140245;0,223205258;-0,566199184;1;0,089773207;0,369356043;-0,820453586;1;;;;;;;;;;;;;
259;0,831558999;0,376172448;0,663117999;1;0,367995402;0,167244587;0,22665134;1;0,641653974;0,297841447;0,283307949;1;;;;;;;;;;;;;
260;0,537157713;0,489570155;0,074315426;1;0,087340655;0,193396527;-0,708864483;1;0,955741296;0,337313098;0,911482592;1;;;;;;;;;;;;;
261;0,282517734;0,579759615;-0,434964531;1;0,367445531;0,205727761;0,224818436;1;0,479869208;0,354495562;-0,040261585;1;;;;;;;;;;;;;
262;0,681067292;0,482809036;0,362134584;1;0,370251216;0,194719188;0,23417072;1;0,726589018;0,343292578;0,453178037;1;;;;;;;;;;;;;
263;1,446485312;0,383631795;1,892970625;0;0,390425481;0,183175474;0,301418271;1;-0,089438502;0,29064996;-1,178877003;0;;;;;;;;;;;;;
264;0,623282315;0,513572386;0,24656463;1;0,38290765;0,204531743;0,276358834;1;0,439115092;0,350138639;-0,121769816;1;;;;;;;;;;;;;
265;1,400915073;0,338557372;1,801830147;0;0,327165767;0,169449324;0,090552556;1;0,195435381;0,28059635;-0,609129239;1;;;;;;;;;;;;;
266;0,713090819;0,544632947;0,426181639;1;0,495340006;0,202038374;0,651133352;1;0,446451421;0,334705617;-0,107097158;1;;;;;;;;;;;;;
267;1,168574882;0,420973799;1,337149765;1;0,519459905;0,17619156;0,731533015;1;0,633422267;0,297208968;0,266844534;1;;;;;;;;;;;;;
268;1,004329286;0,433464392;1,008658572;1;-0,06854346;0,194143083;-1,228478199;1;0,258769904;0,322819947;-0,482460191;1;;;;;;;;;;;;;
269;0,388274884;0,504833791;-0,223450232;1;0,345667013;0,199087237;0,152223378;1;0,683024969;0,338821275;0,366049937;1;;;;;;;;;;;;;
270;-0,051616955;0,816608969;-1,10323391;1;0,69096538;0,2323184;1,303217934;1;0,008191228;0,406343787;-0,983617545;1;;;;;;;;;;;;;
271;0,452132361;0,536806995;-0,095735278;1;0,551085045;0,196128197;0,836950151;1;0,509768198;0,340034632;0,019536397;1;;;;;;;;;;;;;
272;0,333439222;0,716347622;-0,333121557;1;0,105385434;0,212697266;-0,648715222;1;0,924096539;0,390381854;0,848193078;1;;;;;;;;;;;;;
273;-0,761486108;1,236234709;-2,522972216;1;0,658115577;0,251539301;1,19371859;1;0,644056277;0,424560484;0,288112554;1;;;;;;;;;;;;;
274;0,946318996;0,360147425;0,892637992;1;0,191416864;0,166057589;-0,361943788;1;0,978868821;0,291105145;0,957737642;1;;;;;;;;;;;;;
275;0,212421237;0,642103355;-0,575157526;1;0,402681948;0,21574344;0,34227316;1;0,782925918;0,363726237;0,565851837;1;;;;;;;;;;;;;
276;0,685276154;0,420704232;0,370552308;1;0,348058025;0,178327161;0,160193416;1;0,91165836;0,317174056;0,823316721;1;;;;;;;;;;;;;
277;0,945923415;0,423292722;0,89184683;1;0,251553167;0,193006641;-0,161489443;1;0,136307094;0,330738476;-0,727385813;1;;;;;;;;;;;;;
278;0,740232501;0,38642229;0,480465003;1;0,403168007;0,174335716;0,343893356;1;0,487414121;0,288613255;-0,025171758;1;;;;;;;;;;;;;
279;-0,020770727;0,54749672;-1,041541454;1;0,662573395;0,196035667;1,208577985;1;1,081671934;0,347179885;1,163343868;1;;;;;;;;;;;;;
280;0,560895768;0,392062419;0,121791536;1;-0,009328932;0,19762884;-1,031096439;1;0,797700126;0,316796758;0,595400252;1;;;;;;;;;;;;;
281;0,628921279;0,585545238;0,257842557;1;0,141949947;0,219818211;-0,526833509;1;0,677735647;0,36610495;0,355471294;1;;;;;;;;;;;;;
282;1,170040116;0,495951021;1,340080233;1;0,368276746;0,186815242;0,227589153;1;0,427435897;0,328998682;-0,145128206;1;;;;;;;;;;;;;
283;0,3879646;0,67331017;-0,2240708;1;0,170614726;0,214979006;-0,431284246;1;0,282696719;0,38684311;-0,434606562;1;;;;;;;;;;;;;
284;-0,092782433;0,760451229;-1,185564865;1;0,58241257;0,222629217;0,941375234;1;0,805334606;0,384513176;0,610669213;1;;;;;;;;;;;;;
285;0,94484946;0,463371302;0,88969892;1;0,046323137;0,212668313;-0,845589542;1;0,44610356;0,334234072;-0,107792879;1;;;;;;;;;;;;;
286;1,271196603;0,410658329;1,542393206;1;0,23935305;0,183284662;-0,2021565;1;0,097673989;0,311630038;-0,804652022;1;;;;;;;;;;;;;
287;0,009132048;0,709701243;-0,981735905;1;0,722111656;0,213806164;1,407038853;0;0,308145307;0,353414135;-0,383709387;1;;;;;;;;;;;;;
288;1,693313331;0,282258308;2,386626662;0;0,217742069;0,156169169;-0,274193103;1;0,296037996;0,250959834;-0,407924008;1;;;;;;;;;;;;;
289;0,810764797;0,505832398;0,621529593;1;0,393432931;0,197048449;0,311443102;1;-0,016768159;0,358055896;-1,033536319;1;;;;;;;;;;;;;
290;-0,217384366;0,824667281;-1,434768732;1;0,376299007;0,2338782;0,254330024;1;0,659418018;0,404982486;0,318836036;1;;;;;;;;;;;;;
291;0,63609937;0,417174359;0,27219874;1;0,464641177;0,178608301;0,548803924;1;0,582317444;0,296795832;0,164634887;1;;;;;;;;;;;;;
292;0,11605279;0,667977722;-0,76789442;1;0,194598615;0,211650546;-0,351337951;1;0,88438218;0,390121326;0,768764361;1;;;;;;;;;;;;;
293;-0,039311741;0,713215054;-1,078623481;1;0,46767;0,215991923;0,558899999;1;0,657761469;0,380340905;0,315522937;1;;;;;;;;;;;;;
294;0,13940397;0,65486094;-0,72119206;1;0,300900284;0,211301648;0,003000946;1;0,60367561;0,386726663;0,207351221;1;;;;;;;;;;;;;
295;0,696065081;0,604873215;0,392130163;1;-0,089004075;0,204324135;-1,296680251;1;0,507564118;0,347709451;0,015128235;1;;;;;;;;;;;;;
296;0,797627122;0,493387527;0,595254244;1;0,196302929;0,199663489;-0,345656904;1;0,285215707;0,3649876;-0,429568587;1;;;;;;;;;;;;;
297;1,263984443;0,453931464;1,527968886;1;0,038871851;0,180230736;-0,870427164;1;0,451467733;0,348082409;-0,097064535;1;;;;;;;;;;;;;
298;0,540507511;0,415857775;0,081015023;1;0,450757395;0,185311401;0,502524651;1;0,751523601;0,327995988;0,503047202;1;;;;;;;;;;;;;
299;0,950736383;0,542158679;0,901472765;1;0,310004562;0,205033312;0,033348541;1;0,159017185;0,340934753;-0,681965631;1;;;;;;;;;;;;;
300;0,707148359;0,455436691;0,414296719;1;0,371387785;0,188084672;0,237959282;1;0,333757471;0,308448346;-0,332485058;1;;;;;;;;;;;;;
301;0,717221926;0,441538677;0,434443851;1;0,713688924;0,184592731;1,378963081;0;0,201506142;0,306172384;-0,596987715;1;;;;;;;;;;;;;
302;0,52367217;0,566336895;0,047344341;1;0,256252996;0,199954325;-0,145823347;1;0,47746431;0,349004827;-0,045071379;1;;;;;;;;;;;;;
303;0,447600374;0,506133203;-0,104799252;1;0,223972975;0,196964416;-0,253423418;1;0,390748468;0,342229797;-0,218503063;1;;;;;;;;;;;;;
304;0,026829001;0,980812491;-0,946341998;1;0,539668424;0,238175333;0,798894748;1;0,093478534;0,3954126;-0,813042933;1;;;;;;;;;;;;;
305;0,468792931;0,550142525;-0,062414137;1;0,251943816;0,195509666;-0,160187281;1;0,410040979;0,333543517;-0,179918042;1;;;;;;;;;;;;;
306;0,400365063;0,496897791;-0,199269875;1;0,581840453;0,190354915;0,939468176;1;0,427589601;0,312767034;-0,144820797;1;;;;;;;;;;;;;
307;0,695515371;0,47663914;0,391030742;1;0,235946295;0,203005577;-0,213512349;1;0,283653594;0,332315535;-0,432692812;1;;;;;;;;;;;;;
308;0,333928615;0,495965268;-0,33214277;1;0,089266316;0,201029069;-0,702445614;1;0,830098349;0,3316631;0,660196697;1;;;;;;;;;;;;;
309;1,112548949;0,327350564;1,225097897;1;0,327601278;0,163410187;0,092004261;1;0,046931355;0,263132607;-0,906137289;1;;;;;;;;;;;;;
310;0,260940601;0,698663625;-0,478118797;1;0,167681466;0,220858454;-0,441061779;1;0,356483249;0,386210594;-0,287033502;1;;;;;;;;;;;;;
311;1,256898412;0,354139704;1,513796824;0;0,229083153;0,1630615;-0,236389491;1;0,464394089;0,287554218;-0,071211822;1;;;;;;;;;;;;;
312;0,653369915;0,517660669;0,30673983;1;0,318836654;0,188555406;0,062788847;1;0,60218688;0,343447878;0,20437376;1;;;;;;;;;;;;;
313;1,364805823;0,312924988;1,729611647;0;0,09194503;0,156819164;-0,693516565;1;0,381255126;0,28214413;-0,237489748;1;;;;;;;;;;;;;
314;1,137400061;0,467689628;1,274800121;1;0,380528001;0,204789141;0,268426671;1;-0,026803562;0,343724063;-1,053607123;1;;;;;;;;;;;;;
315;-0,200151151;0,732664697;-1,400302302;1;0,886894593;0,22639797;1,956315309;0;0,394871663;0,360389775;-0,210256675;1;;;;;;;;;;;;;
316;-0,102691077;1,017196698;-1,205382155;1;0,41378217;0,235895518;0,3792739;1;0,119770268;0,392587541;-0,760459464;1;;;;;;;;;;;;;
317;-0,261400211;0,793054027;-1,522800422;1;0,14179867;0,210763228;-0,527337768;1;0,75802948;0,348534564;0,51605896;1;;;;;;;;;;;;;
318;1,023236648;0,338485516;1,046473295;1;0,300069452;0,181817701;0,000231506;1;0,706250022;0,251675839;0,412500044;1;;;;;;;;;;;;;
319;0,207180397;0,77396322;-0,585639206;1;0,132357517;0,226337406;-0,558808277;1;0,579034485;0,413555056;0,158068969;1;;;;;;;;;;;;;
320;0,399002663;0,508406551;-0,201994673;1;0,501219029;0,194372211;0,670730096;1;0,537086582;0,337715261;0,074173165;1;;;;;;;;;;;;;
321;1,096590076;0,438069145;1,193180152;1;0,28284063;0,185388296;-0,057197899;1;0,540845723;0,313774708;0,081691446;1;;;;;;;;;;;;;
322;0,684504998;0,540167242;0,369009996;1;0,509132944;0,19627547;0,697109814;1;0,641443309;0,360303408;0,282886617;1;;;;;;;;;;;;;
323;0,740300619;0,45473474;0,480601237;1;0,296293378;0,186992711;-0,012355407;1;0,399224759;0,318330001;-0,201550482;1;;;;;;;;;;;;;
324;0,388323157;0,627915724;-0,223353685;1;-0,016355037;0,203239855;-1,054516789;1;1,326571026;0,370358027;1,653142052;0;;;;;;;;;;;;;
325;-0,906948644;1,111639161;-2,813897288;1;0,460787531;0,238171156;0,535958438;1;0,827217271;0,442517381;0,654434542;1;;;;;;;;;;;;;
326;0,0365856;0,550058338;-0,926828799;1;0,736177581;0,190801356;1,45392527;0;0,981527585;0,331417964;0,963055171;1;;;;;;;;;;;;;
327;1,204477554;0,380233034;1,408955109;1;0,126543108;0,176928853;-0,578189639;1;0,128320492;0,296212164;-0,743359016;1;;;;;;;;;;;;;
328;0,665860114;0,415321209;0,331720228;1;0,435794731;0,176745241;0,452649104;1;0,922610522;0,290118851;0,845221045;1;;;;;;;;;;;;;
329;0,574089262;0,506172248;0,148178524;1;-0,043162787;0,201864881;-1,143875957;1;0,919623908;0,360324318;0,839247816;1;;;;;;;;;;;;;
330;0,090015724;0,686771528;-0,819968553;1;0,23798335;0,211449546;-0,206722167;1;0,695245779;0,373966724;0,390491559;1;;;;;;;;;;;;;
331;1,024859824;0,438223585;1,049719648;1;0,684658501;0,188632557;1,282195005;0;-0,58580528;0,327558833;-2,17161056;0;;;;;;;;;;;;;
332;0,978276872;0,399565861;0,956553743;1;0,566799042;0,183347305;0,889330141;1;0,287451067;0,303113863;-0,425097866;1;;;;;;;;;;;;;
333;0,851868703;0,44557335;0,703737407;1;0,330552993;0,195152541;0,10184331;1;0,492874139;0,323733365;-0,014251722;1;;;;;;;;;;;;;
334;0,998832317;0,442868545;0,997664634;1;0,471766226;0,184310474;0,572554086;1;-0,039534281;0,333027568;-1,079068562;1;;;;;;;;;;;;;
335;-2,520146232;4,751452744;-6,040292465;1;0,540077366;0,286345095;0,800257887;1;1,546554245;0,536406259;2,093108491;1;;;;;;;;;;;;;
336;-0,552292464;1,171140406;-2,104584928;1;0,838791995;0,243280731;1,795973316;0;-0,093318965;0,400293425;-1,18663793;1;;;;;;;;;;;;;
337;1,272008069;0,448296653;1,544016139;1;0,321692368;0,186052184;0,072307892;1;0,146762261;0,321304163;-0,706475478;1;;;;;;;;;;;;;
338;0,184545386;0,735776694;-0,630909228;1;0,465150388;0,212841193;0,550501292;1;0,008647012;0,361655508;-0,982705975;1;;;;;;;;;;;;;
339;1,288678809;0,334493758;1,577357618;0;-0,068297005;0,170778918;-1,227656683;0;0,533776287;0,29656149;0,067552574;1;;;;;;;;;;;;;
340;1,019882454;0,348826185;1,039764909;1;0,521731236;0,164045025;0,739104121;1;0,148517049;0,268155406;-0,702965901;1;;;;;;;;;;;;;
341;0,687303686;0,577165407;0,374607372;1;-0,032836669;0,21016365;-1,109455563;1;0,519963406;0,367464209;0,039926812;1;;;;;;;;;;;;;
342;0,748297854;0,542737273;0,496595708;1;0,163396156;0,208905871;-0,455346145;1;-0,000792563;0,351465568;-1,001585126;1;;;;;;;;;;;;;
343;1,853736726;0,369327649;2,707473453;0;-0,015314959;0,173801568;-1,051049862;1;0,236052821;0,289470237;-0,527894358;1;;;;;;;;;;;;;
344;0,713005304;0,46574551;0,426010607;1;0,200898761;0,197730567;-0,330337464;1;0,215019334;0,341033831;-0,569961332;1;;;;;;;;;;;;;
345;-0,139485567;0,729179568;-1,278971135;1;0,453738874;0,221870598;0,512462913;1;0,7541622;0,377245429;0,5083244;1;;;;;;;;;;;;;
346;0,417909618;0,557603587;-0,164180764;1;0,323193218;0,205428474;0,077310727;1;0,685361284;0,345290644;0,370722568;1;;;;;;;;;;;;;
347;0,256708607;0,486455962;-0,486582787;1;-0,051574787;0,194165157;-1,171915957;1;1,212077111;0,354318108;1,424154221;0;;;;;;;;;;;;;
348;1,110992938;0,321959933;1,221985876;1;0,414751415;0,155378452;0,382504716;1;0,516958775;0,260272777;0,03391755;1;;;;;;;;;;;;;
349;0,921125457;0,429937721;0,842250914;1;0,248436264;0,186470947;-0,171879121;1;0,362426566;0,326736222;-0,275146868;1;;;;;;;;;;;;;
350;0,272141065;0,68281938;-0,455717869;1;0,144658649;0,213142791;-0,517804502;1;0,367055504;0,36608314;-0,265888993;1;;;;;;;;;;;;;
351;1,193635762;0,314946071;1,387271523;0;0,215424986;0,154390137;-0,281916713;1;0,612711914;0,274103504;0,225423827;1;;;;;;;;;;;;;
352;0,575473243;0,497682392;0,150946486;1;0,011539455;0,192187449;-0,961535148;1;1,070879558;0,346715849;1,141759117;1;;;;;;;;;;;;;
353;0,62988779;0,484639139;0,25977558;1;0,190720588;0,191714053;-0,364264708;1;0,466095059;0,342862291;-0,067809882;1;;;;;;;;;;;;;
354;0,124606417;0,636064985;-0,750787166;1;0,065919699;0,212962372;-0,780267671;1;0,582418467;0,36626676;0,164836934;1;;;;;;;;;;;;;
355;0,11871487;0,859709738;-0,76257026;1;0,047767981;0,226950391;-0,840773397;1;0,40053021;0,389590456;-0,19893958;1;;;;;;;;;;;;;
356;0,500821862;0,494900164;0,001643725;1;0,426455014;0,189660731;0,421516715;1;0,661000094;0,318956176;0,322000187;1;;;;;;;;;;;;;
357;-1,044821399;2,398401366;-3,089642798;1;0,430653146;0,262773551;0,435510486;1;0,364929093;0,46083716;-0,270141814;1;;;;;;;;;;;;;
358;0,727006474;0,394150643;0,454012948;1;0,330419981;0,178927976;0,101399938;1;0,782020088;0,289285971;0,564040177;1;;;;;;;;;;;;;
359;-0,950474031;1,446405445;-2,900948062;1;0,177097515;0,253244424;-0,40967495;1;0,878760171;0,415644488;0,757520342;1;;;;;;;;;;;;;
360;0,20917459;0,661275502;-0,58165082;1;0,583023848;0,208107885;0,943412827;1;0,791564064;0,362897552;0,583128129;1;;;;;;;;;;;;;
361;0,655850109;0,497900117;0,311700218;1;0,357103788;0,20116281;0,190345959;1;0,122783737;0,324676391;-0,754432526;1;;;;;;;;;;;;;
362;-0,459689056;0,8468293;-1,919378111;1;0,317479243;0,21214315;0,058264144;1;1,293493825;0,370181085;1,586987649;0;;;;;;;;;;;;;
363;0,709988451;0,470419079;0,419976903;1;0,262179541;0,193243338;-0,126068195;1;0,410814935;0,325723849;-0,178370129;1;;;;;;;;;;;;;
364;-0,588565532;1,216120372;-2,177131064;1;0,137860955;0,237207434;-0,540463483;1;0,520337742;0,409329848;0,040675484;1;;;;;;;;;;;;;
365;-0,190080278;0,798190259;-1,380160557;1;0,116348367;0,226553614;-0,612172111;1;1,001327124;0,392380142;1,002654247;1;;;;;;;;;;;;;
366;0,315709057;0,509552773;-0,368581886;1;0,61389342;0,195753595;1,046311398;1;1,002403592;0,340534691;1,004807183;1;;;;;;;;;;;;;
367;1,294515056;0,388372194;1,589030112;0;0,154320549;0,168214794;-0,485598169;1;0,320130696;0,312676211;-0,359738607;1;;;;;;;;;;;;;
368;-0,000153918;0,610635319;-1,000307836;1;0,343983455;0,207197216;0,146611516;1;0,955870627;0,356803864;0,911741254;1;;;;;;;;;;;;;
369;0,036601972;0,862310102;-0,926796057;1;0,159139657;0,232068349;-0,469534478;1;1,027505558;0,426680458;1,055011117;1;;;;;;;;;;;;;
370;-0,622499719;2,038905603;-2,244999439;1;-0,036253046;0,246246468;-1,120843487;1;0,224041071;0,431479963;-0,551917859;1;;;;;;;;;;;;;
371;0,825507824;0,383305053;0,651015648;1;0,554901695;0,176938146;0,849672317;1;-0,002535599;0,280781284;-1,005071199;1;;;;;;;;;;;;;
372;0,625785268;0,671358627;0,251570536;1;0,010260283;0,226401737;-0,965799057;1;0,166019828;0,381955841;-0,667960343;1;;;;;;;;;;;;;
373;0,904527273;0,387146637;0,809054546;1;0,511245005;0,169746604;0,704150015;1;0,530187152;0,290433;0,060374304;1;;;;;;;;;;;;;
374;0,420238035;0,661383669;-0,159523931;1;-0,155304723;0,222887477;-1,517682411;0;-0,056645529;0,37393415;-1,113291058;1;;;;;;;;;;;;;
375;0,884401326;0,471478838;0,768802652;1;0,318491146;0,203609224;0,061637154;1;-0,035152168;0,329053565;-1,070304336;1;;;;;;;;;;;;;
376;-0,19619246;1,199844545;-1,39238492;1;0,112218843;0,239961293;-0,62593719;1;0,634381086;0,409533736;0,268762173;1;;;;;;;;;;;;;
377;0,343927746;0,625979936;-0,312144508;1;0,455875488;0,207341718;0,51958496;1;0,360376112;0,370328588;-0,279247776;1;;;;;;;;;;;;;
378;0,522541011;0,64880524;0,045082022;1;0,392647886;0,215227052;0,308826286;1;0,085740813;0,360101859;-0,828518373;1;;;;;;;;;;;;;
379;0,298312126;0,897755539;-0,403375749;1;0,127419976;0,235662709;-0,575266746;1;0,242166836;0,391018415;-0,515666328;1;;;;;;;;;;;;;
380;0,373717268;0,566636798;-0,252565464;1;-0,035905606;0,202100737;-1,119685355;1;0,64317143;0,360355184;0,286342859;1;;;;;;;;;;;;;
381;0,031078498;0,863380935;-0,937843004;1;0,462634134;0,217090547;0,54211378;1;0,052982341;0,387727742;-0,894035318;1;;;;;;;;;;;;;
382;0,735871241;0,452466323;0,471742482;1;0,522831418;0,180065453;0,742771393;1;0,386540265;0,311889087;-0,22691947;1;;;;;;;;;;;;;
383;-0,07764282;1,058072327;-1,155285639;1;0,297111721;0,24452739;-0,009627596;1;-0,272470038;0,408243086;-1,544940075;1;;;;;;;;;;;;;
384;0,351396196;0,568064679;-0,297207608;1;0,392036232;0,198565511;0,30678744;1;0,449220252;0,354310943;-0,101559496;1;;;;;;;;;;;;;
385;1,04051074;0,46224887;1,08102148;1;0,301182046;0,188152099;0,003940152;1;0,001157167;0,31124375;-0,997685666;1;;;;;;;;;;;;;
386;0,559484467;0,580567055;0,118968934;1;0,424237873;0,211758416;0,414126244;1;0,380431087;0,361392338;-0,239137827;1;;;;;;;;;;;;;
387;0,325267818;0,524986437;-0,349464363;1;0,422514572;0,198993541;0,408381905;1;0,591890357;0,320718496;0,183780713;1;;;;;;;;;;;;;
388;0,177746212;0,806448694;-0,644507575;1;0,208384865;0,222437356;-0,305383784;1;0,42809267;0,41627875;-0,143814661;1;;;;;;;;;;;;;
389;0,342868405;0,622357651;-0,31426319;1;0,354104267;0,209270612;0,180347556;1;0,434698617;0,372246301;-0,130602767;1;;;;;;;;;;;;;
390;0,857786047;0,481071229;0,715572093;1;0,623218923;0,194919791;1,07739641;1;0,046898951;0,318880683;-0,906202097;1;;;;;;;;;;;;;
391;0,638417683;0,411964754;0,276835365;1;0,245422792;0,169200198;-0,181924026;1;1,110895136;0,304895108;1,221790272;0;;;;;;;;;;;;;
392;0,994308035;0,483129818;0,98861607;1;0,251892331;0,199266512;-0,160358897;1;-0,062754697;0,341351723;-1,125509395;1;;;;;;;;;;;;;
393;0,942385659;0,443192034;0,884771317;1;0,445072922;0,181216392;0,483576408;1;0,417077847;0,312187374;-0,165844306;1;;;;;;;;;;;;;
394;-0,641036931;0,84446787;-2,282073863;1;0,315815696;0,217966882;0,052718985;1;1,21607241;0,417682714;1,43214482;1;;;;;;;;;;;;;
395;0,492326745;0,469730032;-0,015346511;1;0,337754526;0,195712201;0,125848421;1;0,54280272;0,35743461;0,08560544;1;;;;;;;;;;;;;
396;0,58770999;0,516987976;0,17541998;1;0,067118429;0,193483934;-0,776271902;1;0,831793988;0,337021205;0,663587977;1;;;;;;;;;;;;;
397;1,282224212;0,352309252;1,564448424;0;0,554429865;0,156475326;0,84809955;1;0,674535373;0,261441246;0,349070747;1;;;;;;;;;;;;;
398;0,283242241;0,495380598;-0,433515518;1;0,185987026;0,194604577;-0,380043247;1;0,903433523;0,339584601;0,806867045;1;;;;;;;;;;;;;
399;0,177469492;0,730063548;-0,645061016;1;0,040106838;0,216763944;-0,866310539;1;0,69615024;0,35929153;0,392300481;1;;;;;;;;;;;;;
400;0,145026647;0,66850078;-0,709946705;1;0,633356334;0,216466513;1,111187781;1;0,230439598;0,342364965;-0,539120805;1;;;;;;;;;;;;;
401;0,315225182;0,708224953;-0,369549635;1;0,121521784;0,217503326;-0,594927387;1;0,632754809;0,364138217;0,265509619;1;;;;;;;;;;;;;
402;0,995490663;0,365695613;0,990981327;1;0,274466424;0,167342605;-0,085111919;1;0,521094697;0,288991856;0,042189394;1;;;;;;;;;;;;;
403;0,923212079;0,509290516;0,846424158;1;0,264301788;0,193205862;-0,118994039;1;0,379237733;0,347959511;-0,241524535;1;;;;;;;;;;;;;
404;0,255628249;0,742986326;-0,488743502;1;0,014617054;0,228151234;-0,951276487;1;0,524578975;0,37608711;0,04915795;1;;;;;;;;;;;;;
405;0,83001446;0,486317644;0,66002892;1;0,602602995;0,193155594;1,00867665;1;0,304314657;0,327597814;-0,391370686;1;;;;;;;;;;;;;
406;0,507596549;0,498844653;0,015193097;1;-0,007612802;0,191202062;-1,025376005;1;0,869096831;0,331775319;0,738193662;1;;;;;;;;;;;;;
407;1,608431543;0,344543957;2,216863086;0;0,458284184;0,159396672;0,527613945;1;-0,041372905;0,257626561;-1,082745809;0;;;;;;;;;;;;;
408;1,085700052;0,455496023;1,171400103;1;0,112679457;0,19216431;-0,624401809;1;-0,084484347;0,323664219;-1,168968694;1;;;;;;;;;;;;;
409;-0,021135014;0,606846789;-1,042270027;1;-0,059373494;0,214126689;-1,197911648;1;1,18029713;0,376353421;1,360594259;1;;;;;;;;;;;;;
410;1,180102768;0,419915459;1,360205535;1;0,175928208;0,190338787;-0,41357264;1;0,153045564;0,32237604;-0,693908873;1;;;;;;;;;;;;;
411;0,245782638;0,695217655;-0,508434725;1;0,393336558;0,220771348;0,311121859;1;0,151880876;0,364963905;-0,696238248;1;;;;;;;;;;;;;
412;0,538557255;0,581110744;0,07711451;1;0,195759802;0,205894701;-0,347467327;1;0,175267893;0,370463335;-0,649464214;1;;;;;;;;;;;;;
413;0,879175749;0,402080266;0,758351498;1;0,461272979;0,176053788;0,537576596;1;0,456016377;0,287241524;-0,087967246;1;;;;;;;;;;;;;
414;-0,59740037;1,22525964;-2,194800741;1;0,630524784;0,248917434;1,101749279;1;0,596014378;0,401807799;0,192028755;1;;;;;;;;;;;;;
415;-0,042895377;0,633225737;-1,085790753;1;0,335031882;0,21586393;0,116772939;1;0,553550373;0,369571671;0,107100745;1;;;;;;;;;;;;;
416;0,456725418;0,471888297;-0,086549165;1;0,353182654;0,187185645;0,177275514;1;0,597411977;0,325205194;0,194823955;1;;;;;;;;;;;;;
417;0,337231857;0,428755522;-0,325536286;1;0,41321939;0,178968027;0,377397967;1;0,947012952;0,329942577;0,894025904;1;;;;;;;;;;;;;
418;0,941610064;0,436604674;0,883220128;1;0,24475411;0,185483984;-0,184152966;1;0,29330764;0,299688477;-0,413384719;1;;;;;;;;;;;;;
419;-0,352633748;0,773250106;-1,705267496;1;0,552965565;0,219891943;0,84321855;1;0,986761141;0,374403279;0,973522282;1;;;;;;;;;;;;;
420;1,47405723;0,383968111;1,948114461;0;0,59459237;0,183892376;0,981974567;1;-0,561219917;0,299166563;-2,122439834;0;;;;;;;;;;;;;
421;0,423301141;0,599740693;-0,153397717;1;0,057850323;0,205813477;-0,807165588;1;0,332633801;0,374966788;-0,334732398;1;;;;;;;;;;;;;
422;0,549378343;0,448455599;0,098756687;1;0,656450738;0,182870683;1,188169127;1;0,548956192;0,289151319;0,097912384;1;;;;;;;;;;;;;
423;0,581550447;0,670546767;0,163100893;1;-0,019285754;0,219445439;-1,064285848;1;0,563200725;0,385966844;0,12640145;1;;;;;;;;;;;;;
424;0,588314355;0,63103787;0,17662871;1;0,292889347;0,21192695;-0,023702178;1;-0,094329559;0,382932855;-1,188659117;1;;;;;;;;;;;;;
425;1,041203374;0,415081719;1,082406748;1;0,329228213;0,18547901;0,097427376;1;0,047948113;0,313662184;-0,904103774;1;;;;;;;;;;;;;
426;1,121286765;0,411242516;1,242573531;1;0,11203602;0,178654704;-0,6265466;1;0,597495062;0,309611608;0,194990124;1;;;;;;;;;;;;;
427;0,476092676;0,522677583;-0,047814647;1;0,374548878;0,191692262;0,248496259;1;0,667762305;0,322903552;0,33552461;1;;;;;;;;;;;;;
428;0,947183259;0,345330402;0,894366517;1;0,559437608;0,168068654;0,864792025;1;0,358342495;0,293721819;-0,28331501;1;;;;;;;;;;;;;
429;0,909151664;0,483629012;0,818303328;1;-0,0714395;0,209470476;-1,238131668;1;0,506350946;0,346619618;0,012701893;1;;;;;;;;;;;;;
430;0,281017799;0,579777282;-0,437964401;1;0,319580431;0,204868562;0,065268102;1;0,483784301;0,340761098;-0,032431399;1;;;;;;;;;;;;;
431;1,213528976;0,434713189;1,427057951;1;0,228109584;0,179577492;-0,239634719;1;0,183733751;0,321050344;-0,632532499;1;;;;;;;;;;;;;
432;0,566809548;0,512326086;0,133619096;1;0,56732826;0,194461724;0,891094201;1;0,606110743;0,343286309;0,212221487;1;;;;;;;;;;;;;
433;0,807259205;0,445213359;0,614518409;1;0,790343455;0,189580258;1,634478183;0;0,665358812;0,300049563;0,330717624;1;;;;;;;;;;;;;
434;0,04063441;0,788984738;-0,918731179;1;0,360694719;0,221667347;0,202315731;1;0,359695222;0,390070112;-0,280609555;1;;;;;;;;;;;;;
435;0,9935576;0,486437583;0,987115199;1;-0,063173126;0,209468484;-1,210577086;1;0,038285858;0,335503405;-0,923428285;1;;;;;;;;;;;;;
436;-0,027214089;0,98678709;-1,054428178;1;0,281929574;0,226477241;-0,060234754;1;0,136674136;0,413685644;-0,726651728;1;;;;;;;;;;;;;
437;1,229110332;0,389455924;1,458220664;1;0,188068973;0,173493219;-0,373103424;1;-0,057194645;0,315801401;-1,11438929;1;;;;;;;;;;;;;
438;0,517697706;0,512802166;0,035395412;1;0,370783212;0,18875146;0,23594404;1;0,939630434;0,34144805;0,879260869;1;;;;;;;;;;;;;
439;0,655770579;0,507791613;0,311541157;1;0,005579759;0,199317096;-0,981400803;1;0,115510827;0,345698337;-0,768978347;1;;;;;;;;;;;;;
440;0,982108934;0,417928312;0,964217868;1;0,499575587;0,181817842;0,665251958;1;-0,255273391;0,309674643;-1,510546782;0;;;;;;;;;;;;;
441;1,318537925;0,32407243;1,637075851;0;0,303245564;0,160179133;0,010818548;1;0,26645297;0,256678235;-0,467094061;1;;;;;;;;;;;;;
442;1,054448555;0,346818987;1,10889711;1;0,212610138;0,163698397;-0,291299541;1;0,655781894;0,292906467;0,311563789;1;;;;;;;;;;;;;
443;-3,667297012;2,569608818;-8,334594024;1;0,198152235;0,281193204;-0,339492552;1;0,904020181;0,470077763;0,808040361;1;;;;;;;;;;;;;
444;-1,307504925;2,006274664;-3,615009851;1;0,120887532;0,257981477;-0,597041561;1;0,988593742;0,511188968;0,977187484;1;;;;;;;;;;;;;
445;0,196430791;0,501453717;-0,607138419;1;0,249004306;0,203538672;-0,169985646;1;1,067353872;0,336610323;1,134707743;1;;;;;;;;;;;;;
446;0,749955379;0,453969447;0,499910757;1;0,664268198;0,190584463;1,214227326;1;-0,033492849;0,315852588;-1,066985698;1;;;;;;;;;;;;;
447;1,400067107;0,406267949;1,800134213;0;0,097164548;0,190690027;-0,676118173;1;0,078269394;0,315642407;-0,843461213;1;;;;;;;;;;;;;
448;0,256208781;0,58292772;-0,487582438;1;0,657067715;0,204766398;1,190225718;1;0,435002843;0,353558894;-0,129994315;1;;;;;;;;;;;;;
449;-0,545245707;0,982037159;-2,090491413;1;0,530963669;0,244265453;0,769878897;1;1,026532274;0,418493867;1,053064548;1;;;;;;;;;;;;;
450;0,474592406;0,549734614;-0,050815187;1;0,047292423;0,219268513;-0,84235859;1;0,114422722;0,358372641;-0,771154556;1;;;;;;;;;;;;;
451;0,535368054;0,597492043;0,070736107;1;-0,186839702;0,207062354;-1,622799008;0;0,663182867;0,362333331;0,326365733;1;;;;;;;;;;;;;
452;-0,118195381;0,819296889;-1,236390763;1;0,382706518;0,228740443;0,275688394;1;0,114682517;0,383828272;-0,770634966;1;;;;;;;;;;;;;
453;0,669350397;0,546715985;0,338700794;1;0,140021146;0,20791304;-0,533262847;1;0,400228858;0,374080088;-0,199542284;1;;;;;;;;;;;;;
454;0,7410418;0,443074474;0,4820836;1;0,319435727;0,185833993;0,064785758;1;0,305720379;0,314132618;-0,388559242;1;;;;;;;;;;;;;
455;1,31448781;0,380946341;1,628975621;0;0,105589328;0,171292293;-0,648035574;1;0,007512742;0,293281542;-0,984974516;1;;;;;;;;;;;;;
456;-0,590676498;0,851782401;-2,181352996;1;0,601508583;0,226575176;1,00502861;1;0,674630425;0,400182728;0,34926085;1;;;;;;;;;;;;;
457;0,924294768;0,408134442;0,848589537;1;0,614348805;0,18181596;1,04782935;1;0,702039417;0,283504509;0,404078833;1;;;;;;;;;;;;;
458;0,841029891;0,466703985;0,682059782;1;0,417691187;0,193473218;0,392303956;1;0,416148002;0,318371549;-0,167703996;1;;;;;;;;;;;;;
459;-0,007889348;0,725266874;-1,015778697;1;0,28016869;0,223704691;-0,066104368;1;0,507424525;0,388223255;0,014849049;1;;;;;;;;;;;;;
460;1,235550815;0,313741786;1,471101631;0;0,632202507;0,156820723;1,107341689;0;0,1787983;0,243615601;-0,6424034;1;;;;;;;;;;;;;
461;0,581076838;0,616925858;0,162153676;1;0,417242628;0,214305417;0,390808759;1;0,899999462;0,401639526;0,799998923;1;;;;;;;;;;;;;
462;-0,795845556;1,667367634;-2,591691111;1;-0,208143039;0,278152314;-1,693810129;1;0,658786251;0,45390047;0,317572502;1;;;;;;;;;;;;;
463;0,448629746;0,564289959;-0,102740507;1;0,476824484;0,196725594;0,589414948;1;0,290461643;0,348668388;-0,419076714;1;;;;;;;;;;;;;
464;0,613008289;0,495098222;0,226016578;1;0,203234167;0,192703068;-0,322552778;1;0,549566304;0,339578782;0,099132608;1;;;;;;;;;;;;;
465;0,415945155;0,483460047;-0,16810969;1;0,457747754;0,194214551;0,525825848;1;0,767225557;0,338028127;0,534451114;1;;;;;;;;;;;;;
466;0,344040862;0,615726656;-0,311918276;1;0,130875826;0,207184431;-0,563747246;1;0,483791255;0,36299261;-0,032417491;1;;;;;;;;;;;;;
467;1,138022316;0,520834038;1,276044633;1;-0,064247364;0,192502108;-1,214157879;1;-0,055340679;0,343337459;-1,110681358;1;;;;;;;;;;;;;
468;0,73088736;0,440090133;0,461774719;1;0,418271964;0,188979008;0,39423988;1;0,398588423;0,316953105;-0,202823155;1;;;;;;;;;;;;;
469;-0,01026544;0,84070582;-1,020530881;1;-0,09258037;0,244619586;-1,308601234;1;0,505059431;0,414727156;0,010118863;1;;;;;;;;;;;;;
470;1,222705878;0,34245695;1,445411755;0;0,257527156;0,176611638;-0,141576146;1;0,338195054;0,297795294;-0,323609892;1;;;;;;;;;;;;;
471;1,422769523;0,397777852;1,845539047;0;0,215086784;0,194054319;-0,283044054;1;0,113390206;0,321722277;-0,773219589;1;;;;;;;;;;;;;
472;0,427021955;0,461870304;-0,14595609;1;0,559495488;0,182118546;0,86498496;1;0,669312106;0,283173254;0,338624211;1;;;;;;;;;;;;;
473;1,009620791;0,457244256;1,019241583;1;0,1514216;0,208513851;-0,495261334;1;0,293550829;0,353480565;-0,412898343;1;;;;;;;;;;;;;
474;0,963414083;0,423627376;0,926828166;1;0,207895968;0,189035517;-0,307013441;1;0,029566828;0,309665917;-0,940866345;1;;;;;;;;;;;;;
475;1,056900686;0,384397677;1,113801372;1;0,305542294;0,177624682;0,018474313;1;0,331415528;0,280300105;-0,337168945;1;;;;;;;;;;;;;
476;1,181684659;0,356543589;1,363369317;1;0,514350217;0,170092223;0,714500724;1;0,318770683;0,283568697;-0,362458634;1;;;;;;;;;;;;;
477;0,418751887;0,624354445;-0,162496226;1;0,346641369;0,202573138;0,15547123;1;0,068598;0,361265318;-0,862803999;1;;;;;;;;;;;;;
478;0,377058588;0,489938799;-0,245882824;1;0,440001762;0,207615632;0,466672541;1;0,046806902;0,334673131;-0,906386197;1;;;;;;;;;;;;;
479;0,056156979;0,640741959;-0,887686043;1;0,304986961;0,215794751;0,016623202;1;0,688271695;0,367393697;0,376543389;1;;;;;;;;;;;;;
480;0,45469477;0,569321391;-0,090610459;1;0,457339003;0,201656634;0,524463343;1;0,509366103;0,334011498;0,018732207;1;;;;;;;;;;;;;
481;-1,234594344;1,606952961;-3,469188688;1;-0,09628578;0,245010589;-1,3209526;1;1,089455117;0,4199683;1,178910235;1;;;;;;;;;;;;;
482;0,455741962;0,573097699;-0,088516077;1;0,554904155;0,207763311;0,849680517;1;0,908699716;0,347679376;0,817399431;1;;;;;;;;;;;;;
483;0,287935174;0,533346271;-0,424129652;1;0,402339704;0,197780834;0,341132346;1;0,72111453;0,346874552;0,442229059;1;;;;;;;;;;;;;
484;0,115197031;0,656835524;-0,769605939;1;0,010065174;0,222053917;-0,966449419;1;0,496858552;0,384627342;-0,006282897;1;;;;;;;;;;;;;
485;1,224166845;0,359174249;1,44833369;0;0,170205221;0,171837881;-0,432649263;1;0,227095362;0,293500721;-0,545809277;1;;;;;;;;;;;;;
486;0,917104176;0,463993708;0,834208352;1;0,53635198;0,192511011;0,787839932;1;0,565100603;0,310051906;0,130201205;1;;;;;;;;;;;;;
487;0,516099357;0,742516659;0,032198713;1;0,167381646;0,219310675;-0,442061181;1;0,148571722;0,381382852;-0,702856556;1;;;;;;;;;;;;;
488;1,253100372;0,414904392;1,506200744;1;0,150730358;0,188547404;-0,497565474;1;0,686521438;0,2872446;0,373042877;1;;;;;;;;;;;;;
489;-0,800120577;1,335397678;-2,600241154;1;0,582534555;0,243839367;0,941781851;1;0,866611657;0,424791111;0,733223314;1;;;;;;;;;;;;;
490;0,27436975;0,554464779;-0,451260499;1;0,560503665;0,204068769;0,868345551;1;1,130704919;0,339964338;1,261409837;1;;;;;;;;;;;;;
491;-0,683956728;0,869947873;-2,367913456;1;0,620485167;0,228373401;1,068283892;1;0,914969288;0,386186838;0,829938575;1;;;;;;;;;;;;;
492;1,260800286;0,343631635;1,521600573;0;0,259719681;0,165532157;-0,134267729;1;0,390673563;0,285146555;-0,218652874;1;;;;;;;;;;;;;
493;0,697108108;0,53774958;0,394216217;1;0,209639448;0,199007381;-0,301201841;1;0,150951329;0,356791313;-0,698097342;1;;;;;;;;;;;;;
494;-0,19635505;0,669457709;-1,3927101;1;0,344184828;0,215899922;0,147282759;1;0,547919531;0,3616516;0,095839062;1;;;;;;;;;;;;;
495;0,704475862;0,509142273;0,408951725;1;0,017445958;0,203776012;-0,941846808;1;0,345306282;0,357323449;-0,309387437;1;;;;;;;;;;;;;
496;0,956256672;0,407127748;0,912513344;1;0,190912721;0,176515176;-0,363624262;1;0,210244574;0,323861908;-0,579510851;1;;;;;;;;;;;;;
497;-1,423060912;1,93750418;-3,846121823;1;0,515612005;0,257624067;0,718706682;1;0,988605416;0,477636879;0,977210831;1;;;;;;;;;;;;;
498;0,817839964;0,473308446;0,635679928;1;0,113062727;0,179168253;-0,623124242;1;0,619534793;0,330312444;0,239069585;1;;;;;;;;;;;;;
499;0,778264784;0,440580535;0,556529567;1;0,539357722;0,187165155;0,797859073;1;0,442950065;0,319449563;-0,11409987;1;;;;;;;;;;;;;
500;1,018833995;0,37373217;1,037667989;1;0,240369925;0,17831114;-0,198766917;1;0,432892019;0,317397665;-0,134215963;1;;;;;;;;;;;;;
501;0,601517184;0,471281575;0,203034368;1;0,115795878;0,189016595;-0,61401374;1;0,939784211;0,320590168;0,879568421;1;;;;;;;;;;;;;
502;0,292784195;0,747923777;-0,414431611;1;0,524230248;0,221325674;0,74743416;1;-0,439319761;0,358348128;-1,878639521;0;;;;;;;;;;;;;
503;0,863537975;0,491026473;0,72707595;1;0,395656385;0,196415429;0,318854616;1;-0,025436994;0,341935261;-1,050873989;1;;;;;;;;;;;;;
504;0,776056129;0,473221647;0,552112258;1;0,200176296;0,190301709;-0,332745681;1;0,438751094;0,323770239;-0,122497813;1;;;;;;;;;;;;;
505;0,975861773;0,424697811;0,951723546;1;0,481894231;0,180862531;0,606314104;1;0,323974137;0,311743361;-0,352051726;1;;;;;;;;;;;;;
506;0,046566379;0,731801217;-0,906867241;1;0,755198191;0,213835157;1,517327303;0;0,351867087;0,383506262;-0,296265825;1;;;;;;;;;;;;;
507;-0,161371854;0,653097318;-1,322743709;1;0,764483693;0,211332701;1,548278976;0;0,88111074;0,341942168;0,76222148;1;;;;;;;;;;;;;
508;0,692498949;0,452370798;0,384997897;1;0,34041446;0,18087269;0,134714866;1;0,851199383;0,312660198;0,702398766;1;;;;;;;;;;;;;
509;-0,295155873;0,722805712;-1,590311747;1;0,337997685;0,211069119;0,126658951;1;1,32212436;0,398514964;1,644248721;0;;;;;;;;;;;;;
510;0,873709071;0,403487892;0,747418143;1;0,5447143;0,170634496;0,815714333;1;0,590560409;0,291500219;0,181120817;1;;;;;;;;;;;;;
511;0,570804394;0,413474166;0,141608788;1;0,394755729;0,177261106;0,31585243;1;0,687364594;0,3190806;0,374729188;1;;;;;;;;;;;;;
512;1,146896488;0,399690664;1,293792977;1;0,135929981;0,182012548;-0,546900062;1;0,508015703;0,307546806;0,016031406;1;;;;;;;;;;;;;
513;0,498313139;0,551690115;-0,003373721;1;0,820924073;0,20107313;1,736413576;0;0,548952765;0,342017995;0,09790553;1;;;;;;;;;;;;;
514;0,891020354;0,481489619;0,782040708;1;0,315970092;0,197120603;0,053233641;1;0,275819156;0,314135292;-0,448361689;1;;;;;;;;;;;;;
515;0,204522059;0,705625062;-0,590955882;1;0,208847788;0,223200902;-0,303840708;1;0,413126537;0,36965193;-0,173746925;1;;;;;;;;;;;;;
516;1,105160231;0,446429552;1,210320461;1;0,161948134;0,169524052;-0,460172886;1;1,036919129;0,322749237;1,073838258;1;;;;;;;;;;;;;
517;0,376628315;0,705659962;-0,24674337;1;0,696633167;0,216421968;1,322110557;1;0,324980641;0,364217144;-0,350038717;1;;;;;;;;;;;;;
518;0,496668555;0,511593006;-0,00666289;1;0,200793543;0,199337769;-0,330688189;1;0,67574241;0,33127696;0,35148482;1;;;;;;;;;;;;;
519;1,30380501;0,330063068;1,60761002;0;0,789517226;0,164295308;1,631724088;0;-0,052101472;0,248392509;-1,104202945;0;;;;;;;;;;;;;
520;0,63222663;0,600091542;0,264453261;1;0,158439917;0,214919613;-0,471866942;1;0,497701967;0,417457728;-0,004596067;1;;;;;;;;;;;;;
521;1,149765742;0,333078492;1,299531485;1;0,543684871;0,157950817;0,812282903;1;0,104907713;0,268653948;-0,790184574;1;;;;;;;;;;;;;
522;-3,14547568;2,798841493;-7,290951359;1;-0,025405412;0,268876247;-1,084684706;1;1,104893434;0,467362323;1,209786867;1;;;;;;;;;;;;;
523;0,396359731;0,597454612;-0,207280539;1;0,275545268;0,221432788;-0,081515774;1;0,871861102;0,358686632;0,743722204;1;;;;;;;;;;;;;
524;0,859586899;0,424361323;0,719173799;1;0,305386195;0,189954423;0,017953983;1;0,279432208;0,313544086;-0,441135584;1;;;;;;;;;;;;;
525;-0,296002167;1,329173194;-1,592004334;1;0,308185695;0,238738858;0,027285649;1;0,165030969;0,412510169;-0,669938063;1;;;;;;;;;;;;;
526;0,616386409;0,437083482;0,232772819;1;0,634910619;0,185223238;1,116368729;1;0,504505415;0,316237901;0,00901083;1;;;;;;;;;;;;;
527;0,827989643;0,542885542;0,655979286;1;0,200947796;0,200212459;-0,330174015;1;0,16214578;0,336326621;-0,67570844;1;;;;;;;;;;;;;
528;0,48666973;0,620834134;-0,026660541;1;0,435872609;0,204201518;0,452908696;1;0,460995782;0,358893071;-0,078008435;1;;;;;;;;;;;;;
529;1,373135518;0,358548337;1,746271035;0;0,104610733;0,171457282;-0,651297558;1;-0,087073951;0,275958535;-1,174147902;0;;;;;;;;;;;;;
530;0,881411103;0,384493168;0,762822207;1;-0,03596767;0,18130524;-1,119892232;1;0,807596899;0,299203244;0,615193798;1;;;;;;;;;;;;;
531;1,186218632;0,33280246;1,372437264;0;-0,018543728;0,160105809;-1,061812428;0;1,088931202;0,265086315;1,177862405;0;;;;;;;;;;;;;
532;0,731391002;0,470943548;0,462782004;1;0,609731672;0,194283976;1,032438908;1;0,730475673;0,300245;0,460951346;1;;;;;;;;;;;;;
533;0,179634005;0,592651838;-0,64073199;1;0,485822639;0,213228376;0,619408798;1;0,502940518;0,368045547;0,005881036;1;;;;;;;;;;;;;
534;0,973150568;0,507503871;0,946301135;1;0,358335974;0,199855989;0,194453247;1;0,328667348;0,349979953;-0,342665304;1;;;;;;;;;;;;;
535;-3,559937017;2,159678081;-8,119874034;1;0,471051941;0,269870624;0,570173136;1;0,99511569;0,461441226;0,99023138;1;;;;;;;;;;;;;
536;1,068268829;0,464615312;1,136537657;1;0,091453284;0,192393576;-0,695155718;1;-0,008052562;0,338942994;-1,016105124;1;;;;;;;;;;;;;
537;0,182604157;0,79334952;-0,634791687;1;0,019941994;0,225957691;-0,933526687;1;0,462186503;0,402277436;-0,075626993;1;;;;;;;;;;;;;
538;0,228510939;0,655404419;-0,542978121;1;0,071501462;0,207662208;-0,761661795;1;1,119056084;0,380190186;1,238112168;1;;;;;;;;;;;;;
539;-0,239443503;0,903536563;-1,478887007;1;0,500169196;0,222685837;0,667230653;1;0,789876453;0,38861518;0,579752907;1;;;;;;;;;;;;;
540;0,382991176;0,563289838;-0,234017648;1;0,083712877;0,209655556;-0,720957078;1;0,431195693;0,352588947;-0,137608613;1;;;;;;;;;;;;;
541;-0,357343314;1,061155626;-1,714686627;1;0,148197089;0,219869584;-0,506009704;1;0,414313038;0,378385264;-0,171373924;1;;;;;;;;;;;;;
542;0,75069313;0,449036892;0,50138626;1;0,102686506;0,196931127;-0,657711646;1;-0,056424839;0,322788951;-1,112849679;1;;;;;;;;;;;;;
543;-0,004798081;0,97376558;-1,009596163;1;0,30484698;0,235376722;0,0161566;1;0,311119497;0,423878397;-0,377761006;1;;;;;;;;;;;;;
544;0,890576066;0,428928276;0,781152133;1;0,383737445;0,186404902;0,279124817;1;0,283154968;0,304068438;-0,433690064;1;;;;;;;;;;;;;
545;0,253664439;0,533119012;-0,492671122;1;0,468030664;0,209140132;0,560102213;1;0,879895428;0,316807047;0,759790856;1;;;;;;;;;;;;;
546;0,482089909;0,449400299;-0,035820181;1;0,260467367;0,190021881;-0,131775443;1;0,969458504;0,319929217;0,938917008;1;;;;;;;;;;;;;
547;0,599584235;0,718432705;0,19916847;1;0,018819578;0,217520177;-0,937268073;1;-0,267664395;0,38705399;-1,53532879;0;;;;;;;;;;;;;
548;0,296299929;0,57040449;-0,407400142;1;0,448579294;0,201869367;0,495264314;1;0,5852361;0,367055684;0,170472199;1;;;;;;;;;;;;;
549;-0,583571816;1,308142358;-2,167143631;1;0,239372852;0,227594991;-0,202090494;1;0,486231552;0,391076626;-0,027536896;1;;;;;;;;;;;;;
550;0,747864161;0,462198301;0,495728322;1;0,219417744;0,192723057;-0,26860752;1;0,485800408;0,338344436;-0,028399183;1;;;;;;;;;;;;;
551;0,678681755;0,548127347;0,357363511;1;0,227645355;0,200354515;-0,241182152;1;-0,223542681;0,311701784;-1,447085361;0;;;;;;;;;;;;;
552;0,777291613;0,4971597;0,554583225;1;0,201570529;0,204968944;-0,328098236;1;-0,052822417;0,342803214;-1,105644833;1;;;;;;;;;;;;;
553;0,050353187;0,636263619;-0,899293627;1;0,227878508;0,210786282;-0,240404973;1;0,586071912;0,361057387;0,172143824;1;;;;;;;;;;;;;
554;0,576941783;0,426387379;0,153883566;1;0,249119106;0,176495847;-0,169602979;1;1,087960845;0,311335675;1,175921691;1;;;;;;;;;;;;;
555;0,851412613;0,518884235;0,702825226;1;-0,078630598;0,196157735;-1,262101992;1;0,71600711;0,336381794;0,43201422;1;;;;;;;;;;;;;
556;0,428480692;0,588788962;-0,143038616;1;0,372891383;0,201179104;0,242971276;1;0,433823027;0,355032223;-0,132353945;1;;;;;;;;;;;;;
557;0,667711547;0,44712584;0,335423094;1;0,291515328;0,187783932;-0,02828224;1;0,767927452;0,324519462;0,535854904;1;;;;;;;;;;;;;
558;0,903974391;0,434863675;0,807948782;1;0,218038152;0,170206918;-0,273206159;1;0,51995677;0,314311463;0,039913539;1;;;;;;;;;;;;;
559;0,263937847;0,58491456;-0,472124307;1;0,191974246;0,212153721;-0,360085847;1;0,7389741;0,349012114;0,477948199;1;;;;;;;;;;;;;
560;-1,871489566;5,562158832;-4,742979131;1;0,582801623;0,312930674;0,942672076;1;0,977995264;0,55337213;0,955990527;1;;;;;;;;;;;;;
561;0,9886122;0,35333993;0,977224399;1;0,410347033;0,16703753;0,367823443;1;0,663973378;0,27232851;0,327946756;1;;;;;;;;;;;;;
562;1,253131049;0,377733743;1,506262098;0;-0,010603519;0,17295114;-1,035345064;1;0,076508335;0,29848175;-0,846983331;1;;;;;;;;;;;;;
563;0,282858855;0,624451237;-0,434282291;1;-0,199609113;0,222338894;-1,665363711;0;0,697039024;0,378034606;0,394078048;1;;;;;;;;;;;;;
564;0,584802508;0,471607428;0,169605016;1;0,138302411;0,18833835;-0,538991963;1;0,812730065;0,316896381;0,62546013;1;;;;;;;;;;;;;
565;1,221615816;0,473772009;1,443231632;1;0,65453606;0,207472348;1,181786866;1;-0,126715629;0,347124779;-1,253431258;1;;;;;;;;;;;;;
566;0,773089344;0,426913357;0,546178688;1;-0,142973043;0,186784938;-1,476576809;0;0,95444181;0,315407021;0,90888362;1;;;;;;;;;;;;;
567;1,008221949;0,390113023;1,016443898;1;0,109960019;0,175976703;-0,633466602;1;0,238773473;0,311923919;-0,522453054;1;;;;;;;;;;;;;
568;0,294471168;0,53789015;-0,411057665;1;0,149528653;0,205650321;-0,501571156;1;0,669545824;0,341564328;0,339091647;1;;;;;;;;;;;;;
569;0,751593864;0,448293965;0,503187728;1;0,297841049;0,179181223;-0,007196504;1;0,763685792;0,32882065;0,527371584;1;;;;;;;;;;;;;
570;0,940889509;0,455378775;0,881779018;1;0,422571637;0,179142436;0,408572124;1;0,288594779;0,335345287;-0,422810442;1;;;;;;;;;;;;;
571;0,645583145;0,569147025;0,29116629;1;0,126936346;0,211362536;-0,576878847;1;-0,10972424;0,365721586;-1,21944848;1;;;;;;;;;;;;;
572;1,113224338;0,438575194;1,226448676;1;0,063347097;0,193466705;-0,788843009;1;0,048864861;0,326421436;-0,902270277;1;;;;;;;;;;;;;
573;0,212555453;0,52006386;-0,574889095;1;0,204931868;0,190488512;-0,316893772;1;1,084114986;0,335752226;1,168229971;1;;;;;;;;;;;;;
574;0,582848205;0,534707026;0,165696409;1;0,655552591;0,202725449;1,185175305;1;0,36755184;0,337196346;-0,26489632;1;;;;;;;;;;;;;
575;0,659367476;0,605979658;0,318734952;1;0,615548466;0,20829338;1,051828221;1;0,410396252;0,351601318;-0,179207495;1;;;;;;;;;;;;;
576;0,455575738;0,459329993;-0,088848524;1;0,082339688;0,202888194;-0,725534372;1;0,863046514;0,325183791;0,726093028;1;;;;;;;;;;;;;
577;0,709388867;0,592781167;0,418777734;1;0,37666179;0,205642096;0,255539299;1;0,580983472;0,369322872;0,161966945;1;;;;;;;;;;;;;
578;0,847929563;0,410727319;0,695859126;1;0,330574224;0,179125058;0,101914081;1;0,499476357;0,324262568;-0,001047285;1;;;;;;;;;;;;;
579;0,039537356;0,565800434;-0,920925288;1;-0,061289806;0,211698335;-1,204299352;1;0,973332525;0,339795462;0,94666505;1;;;;;;;;;;;;;
580;0,129463731;0,783405609;-0,741072537;1;0,101476518;0,241263669;-0,66174494;1;0,706190676;0,409927175;0,412381352;1;;;;;;;;;;;;;
581;0,678294994;0,698407973;0,356589988;1;0,223254475;0,215837294;-0,255818416;1;-0,207863759;0,364288056;-1,415727518;1;;;;;;;;;;;;;
582;1,166124328;0,495671926;1,332248657;1;-0,02340901;0,198902185;-1,078030033;1;-0,375365458;0,346528857;-1,750730916;0;;;;;;;;;;;;;
583;0,835585259;0,457959777;0,671170518;1;0,247896586;0,187118742;-0,173678046;1;0,811063859;0,330085943;0,622127718;1;;;;;;;;;;;;;
584;-0,262552267;1,017135432;-1,525104535;1;0,088721095;0,235444078;-0,704263015;1;0,426621798;0,409325426;-0,146756405;1;;;;;;;;;;;;;
585;1,147383648;0,437111627;1,294767296;1;0,064764238;0,189892153;-0,784119208;1;0,327044974;0,321193995;-0,345910052;1;;;;;;;;;;;;;
586;0,804443251;0,405316452;0,608886502;1;0,216568095;0,181446082;-0,27810635;1;0,827357012;0,317631788;0,654714024;1;;;;;;;;;;;;;
587;0,655364741;0,413105138;0,310729483;1;0,436447215;0,185818536;0,454824048;1;0,433280802;0,307400669;-0,133438395;1;;;;;;;;;;;;;
588;-0,008164181;0,632999158;-1,016328361;1;0,14153243;0,214394029;-0,528225232;1;0,991687543;0,385628644;0,983375086;1;;;;;;;;;;;;;
589;0,61728597;0,454881077;0,23457194;1;0,802041595;0,184995381;1,673471984;0;0,265770782;0,287670299;-0,468458436;1;;;;;;;;;;;;;
590;0,603403911;0,472515359;0,206807823;1;0,473606981;0,193570598;0,578689938;1;0,47093813;0,318224683;-0,058123739;1;;;;;;;;;;;;;
591;0,72490751;0,420815712;0,449815021;1;0,250140947;0,168818705;-0,166196844;1;0,303335756;0,299387912;-0,393328488;1;;;;;;;;;;;;;
592;0,955662283;0,36829539;0,911324566;1;0,602218615;0,168293987;1,007395385;1;0,209143981;0,271376925;-0,581712038;1;;;;;;;;;;;;;
593;0,13550358;0,540095856;-0,728992841;1;0,324698572;0,191574907;0,082328574;1;1,144428679;0,357518452;1,288857358;1;;;;;;;;;;;;;
594;0,778684274;0,420331899;0,557368548;1;0,583177459;0,175583998;0,943924863;1;0,795599272;0,302574905;0,591198545;1;;;;;;;;;;;;;
595;1,717873713;0,362397664;2,435747425;0;0,357686889;0,169977508;0,19228963;1;-0,218536247;0,292625182;-1,437072495;0;;;;;;;;;;;;;
596;-0,127418565;0,641150428;-1,25483713;1;0,505836817;0,214147702;0,686122723;1;0,394452504;0,352170721;-0,211094993;1;;;;;;;;;;;;;
597;0,089637749;0,567553527;-0,820724502;1;0,370630096;0,206043994;0,235433653;1;0,461664479;0,335896122;-0,076671042;1;;;;;;;;;;;;;
598;-2,179829736;6,317877467;-5,359659472;1;0,585832675;0,273505935;0,952775584;1;0,71994757;0,453901033;0,43989514;1;;;;;;;;;;;;;
599;0,498016167;0,49437111;-0,003967667;1;0,231195724;0,202489189;-0,229347585;1;0,441450079;0,338997546;-0,117099842;1;;;;;;;;;;;;;
600;0,288251677;0,54349779;-0,423496646;1;0,234327344;0,204706511;-0,218908854;1;0,926734696;0,382460092;0,853469392;1;;;;;;;;;;;;;
601;-0,554248015;0,885936789;-2,108496029;1;0,78612665;0,222916247;1,620422167;0;0,761486937;0,378754097;0,522973873;1;;;;;;;;;;;;;
602;0,492690704;0,524667189;-0,014618591;1;0,361026766;0,206100061;0,203422555;1;0,949327906;0,371732661;0,898655812;1;;;;;;;;;;;;;
603;0,131670696;0,917537312;-0,736658609;1;0,458553791;0,234194172;0,528512637;1;0,357656945;0,372002206;-0,28468611;1;;;;;;;;;;;;;
604;0,699865561;0,534091275;0,399731121;1;0,225283604;0,202644455;-0,249054652;1;0,510437303;0,344948686;0,020874607;1;;;;;;;;;;;;;
605;0,393835877;0,546100882;-0,212328246;1;0,264685042;0,205861477;-0,117716526;1;1,161325651;0,350314774;1,322651303;1;;;;;;;;;;;;;
606;0,122285363;0,572099863;-0,755429274;1;0,092561293;0,228287947;-0,691462355;1;0,911818365;0,374755022;0,823636729;1;;;;;;;;;;;;;
607;-0,186170374;0,796764376;-1,372340749;1;0,323400884;0,222666298;0,078002945;1;0,694352161;0,390514848;0,388704322;1;;;;;;;;;;;;;
608;1,062924715;0,4127787;1,12584943;1;0,260736985;0,190590866;-0,130876716;1;0,344032685;0,304203865;-0,31193463;1;;;;;;;;;;;;;
609;0,464492286;0,658140383;-0,071015428;1;0,400536799;0,218142659;0,335122665;1;0,177983102;0,381552673;-0,644033796;1;;;;;;;;;;;;;
610;-0,220045435;0,965718829;-1,440090869;1;0,348858587;0,232639388;0,162861955;1;0,971971473;0,412466475;0,943942946;1;;;;;;;;;;;;;
611;0,996330754;0,566481163;0,992661508;1;0,084586457;0,211895243;-0,718045142;1;-0,104442478;0,357433479;-1,208884956;1;;;;;;;;;;;;;
612;-0,246225026;0,807416708;-1,492450051;1;0,373549908;0,215842375;0,245166359;1;0,463587753;0,357869596;-0,072824494;1;;;;;;;;;;;;;
613;1,187369929;0,393116501;1,374739858;1;0,13177823;0,178108566;-0,560739235;1;0,376242304;0,304108451;-0,247515391;1;;;;;;;;;;;;;
614;0,572855969;0,511607608;0,145711939;1;0,384888941;0,19455892;0,282963136;1;-0,042100885;0,32601871;-1,084201771;1;;;;;;;;;;;;;
615;-0,490291367;0,866959314;-1,980582733;1;0,498325806;0,216509233;0,661086021;1;0,686651209;0,394858401;0,373302419;1;;;;;;;;;;;;;
616;0,255538679;0,529287797;-0,488922642;1;0,390574878;0,195155928;0,301916261;1;0,599216102;0,338985252;0,198432204;1;;;;;;;;;;;;;
617;0,66396737;0,458280188;0,327934741;1;0,461765294;0,194286687;0,539217647;1;0,384909843;0,317782363;-0,230180315;1;;;;;;;;;;;;;
618;1,347603848;0,380894775;1,695207696;0;0,222158264;0,175534536;-0,259472453;1;0,18549819;0,290318877;-0,629003621;1;;;;;;;;;;;;;
619;-0,043140752;0,728529069;-1,086281504;1;0,299873879;0,213635367;-0,000420402;1;0,551483213;0,372336512;0,102966425;1;;;;;;;;;;;;;
620;1,582453415;0,358809879;2,16490683;0;-0,223244036;0,19540693;-1,744146788;0;0,266562401;0,299076678;-0,466875198;1;;;;;;;;;;;;;
621;-0,300034345;1,01678517;-1,600068691;1;0,29493142;0,229591237;-0,016895268;1;1,046364633;0,452097643;1,092729265;1;;;;;;;;;;;;;
622;0,140991371;0,723180166;-0,718017258;1;-0,167053614;0,220815198;-1,556845378;0;0,681212021;0,373230474;0,362424042;1;;;;;;;;;;;;;
623;0,645276687;0,61142505;0,290553373;1;0,038178905;0,209937109;-0,872736982;1;-0,052371245;0,379793413;-1,104742489;1;;;;;;;;;;;;;
624;1,228017779;0,400247405;1,456035559;1;0,116839247;0,187834038;-0,610535842;1;0,043304934;0,293531207;-0,913390132;1;;;;;;;;;;;;;
625;0,302245827;0,547769404;-0,395508346;1;0,453964768;0,191520057;0,513215894;1;0,881836099;0,340976773;0,763672198;1;;;;;;;;;;;;;
626;0,742610631;0,500804338;0,485221261;1;0,469816951;0,198084131;0,566056502;1;0,370173645;0,343769591;-0,259652709;1;;;;;;;;;;;;;
627;0,914285271;0,367047306;0,828570542;1;0,65728081;0,157847837;1,190936034;0;0,939343968;0,271680345;0,878687935;1;;;;;;;;;;;;;
628;1,577782189;0,368891863;2,155564379;0;-0,251838207;0,181367902;-1,839460691;0;-0,085876891;0,314928572;-1,171753783;1;;;;;;;;;;;;;
629;0,944271587;0,348734441;0,888543174;1;0,244637245;0,162263577;-0,184542517;1;0,65254067;0,294460445;0,305081341;1;;;;;;;;;;;;;
630;0,659566911;0,434669345;0,319133822;1;0,440690274;0,184346124;0,468967579;1;0,83201103;0,308629928;0,664022061;1;;;;;;;;;;;;;
631;0,584987282;0,441151421;0,169974564;1;0,458642438;0,184871365;0,528808128;1;0,402650279;0,30548696;-0,194699441;1;;;;;;;;;;;;;
632;0,273122039;0,617004325;-0,453755923;1;0,521301404;0,201841485;0,737671347;1;0,723420366;0,350169498;0,446840731;1;;;;;;;;;;;;;
633;0,416559669;0,70502786;-0,166880663;1;0,275647786;0,216297879;-0,081174047;1;0,262768593;0,37353212;-0,474462814;1;;;;;;;;;;;;;
634;1,013069791;0,360976004;1,026139583;1;0,063910799;0,170846251;-0,786964003;1;0,848279398;0,291544096;0,696558797;1;;;;;;;;;;;;;
635;0,647081799;0,542053859;0,294163598;1;0,202309664;0,199461559;-0,325634452;1;0,334653579;0,333529061;-0,330692843;1;;;;;;;;;;;;;
636;0,859819063;0,502505467;0,719638125;1;-0,146386437;0,200611963;-1,487954789;0;0,395166864;0,342495712;-0,209666272;1;;;;;;;;;;;;;
637;-1,331776934;2,250019974;-3,663553869;1;0,546824744;0,273001385;0,822749147;1;0,759276731;0,431987796;0,518553462;1;;;;;;;;;;;;;
638;0,888980083;0,386866046;0,777960166;1;0,08032101;0,176226687;-0,732263302;1;0,573825599;0,309299462;0,147651198;1;;;;;;;;;;;;;
639;1,059549334;0,320857632;1,119098668;1;0,501620951;0,160900279;0,672069837;1;0,352319171;0,263979713;-0,295361657;1;;;;;;;;;;;;;
640;0,718561078;0,396830455;0,437122157;1;0,318756207;0,177172825;0,062520689;1;0,229232184;0,300276659;-0,541535632;1;;;;;;;;;;;;;
641;0,374177537;0,501513052;-0,251644925;1;0,394725514;0,198747744;0,315751714;1;0,722582628;0,324726029;0,445165256;1;;;;;;;;;;;;;
642;1,044547846;0,463638455;1,089095692;1;0,620177603;0,191343296;1,067258678;1;-0,179670707;0,300731647;-1,359341414;0;;;;;;;;;;;;;
643;-0,294882581;0,644917138;-1,589765162;1;0,578325675;0,214997016;0,927752249;1;0,957272977;0,368850444;0,914545955;1;;;;;;;;;;;;;
644;-0,372801103;0,966073105;-1,745602206;1;0,559891918;0,228480997;0,866306392;1;0,486949298;0,382463429;-0,026101403;1;;;;;;;;;;;;;
645;0,370390436;0,786549103;-0,259219128;1;0,148871501;0,221613509;-0,503761663;1;0,289164939;0,382270584;-0,421670121;1;;;;;;;;;;;;;
646;-0,175084124;0,758229198;-1,350168248;1;0,057387422;0,226178483;-0,808708592;1;0,845280534;0,414008394;0,690561067;1;;;;;;;;;;;;;
647;-0,553836364;1,633927385;-2,107672728;1;0,108547449;0,244980321;-0,638175171;1;0,512585524;0,446410258;0,025171048;1;;;;;;;;;;;;;
648;0,410646828;0,547843868;-0,178706344;1;0,214862016;0,197564205;-0,283793279;1;0,644039339;0,35779026;0,288078678;1;;;;;;;;;;;;;
649;0,970656682;0,330025821;0,941313364;1;0,728995336;0,157823659;1,429984455;0;0,417950999;0,259356442;-0,164098002;1;;;;;;;;;;;;;
650;0,882226534;0,52481519;0,764453068;1;0,293741903;0,204334222;-0,020860325;1;0,137192433;0,350395949;-0,725615134;1;;;;;;;;;;;;;
651;1,221727699;0,411691447;1,443455397;1;0,396403059;0,174274186;0,32134353;1;-0,07917479;0,287168443;-1,15834958;0;;;;;;;;;;;;;
652;0,241269093;0,56289482;-0,517461815;1;0,431719593;0,191762685;0,439065309;1;0,583615433;0,336154674;0,167230865;1;;;;;;;;;;;;;
653;0,393492328;0,602232192;-0,213015343;1;0,106757822;0,20821178;-0,644140593;1;0,764314542;0,362238719;0,528629084;1;;;;;;;;;;;;;
654;0,637284011;0,588033906;0,274568023;1;0,038308346;0,220336362;-0,872305514;1;0,43133363;0,371054503;-0,13733274;1;;;;;;;;;;;;;
655;0,546664474;0,58084178;0,093328948;1;0,501206598;0,208443473;0,670688661;1;0,242092824;0,349859694;-0,515814353;1;;;;;;;;;;;;;
656;1,288374571;0,384480036;1,576749143;0;0,495489163;0,176390757;0,651630544;1;-0,09071632;0,298692778;-1,181432641;0;;;;;;;;;;;;;
657;0,948437708;0,477362723;0,896875416;1;0,282892829;0,191334924;-0,057023904;1;0,208376788;0,327786239;-0,583246424;1;;;;;;;;;;;;;
658;-0,058869884;0,937267732;-1,117739768;1;0,537519846;0,231407232;0,79173282;1;0,35359679;0,386601618;-0,292806421;1;;;;;;;;;;;;;
659;0,519858489;0,513318392;0,039716978;1;0,394605841;0,196015973;0,315352805;1;0,473135881;0,335455422;-0,053728237;1;;;;;;;;;;;;;
660;1,217373609;0,395100637;1,434747218;1;0,130602587;0,191229132;-0,564658043;1;-0,155287318;0,318494839;-1,310574635;0;;;;;;;;;;;;;
661;1,068361535;0,368050378;1,136723071;1;0,132445616;0,161003938;-0,558514613;1;0,806759454;0,292319672;0,613518907;1;;;;;;;;;;;;;
662;1,38289114;0,389955145;1,765782281;0;0,269515562;0,187099594;-0,101614793;1;-0,243093144;0,29804172;-1,486186288;0;;;;;;;;;;;;;
663;0,697672527;0,418931405;0,395345055;1;0,363030829;0,174059294;0,210102765;1;0,735367991;0,301333923;0,470735983;1;;;;;;;;;;;;;
664;0,683701916;0,579859417;0,367403832;1;0,489103424;0,207635943;0,630344747;1;-0,114379289;0,355143847;-1,228758578;1;;;;;;;;;;;;;
665;-2,996682656;4,150282301;-6,993365311;1;0,27208791;0,28673385;-0,093040301;1;0,252465633;0,499737921;-0,495068734;1;;;;;;;;;;;;;
666;1,260164323;0,428012181;1,520328645;1;0,053524813;0,192204138;-0,821583956;1;0,031809259;0,328582329;-0,936381482;1;;;;;;;;;;;;;
667;-0,04385439;1,224867301;-1,087708779;1;0,48691608;0,258125517;0,623053601;1;0,079857278;0,431391919;-0,840285444;1;;;;;;;;;;;;;
668;0,990211415;0,446986316;0,98042283;1;0,236882486;0,189402201;-0,210391713;1;0,270272404;0,316597221;-0,459455193;1;;;;;;;;;;;;;
669;0,829527857;0,477423208;0,659055714;1;0,399900094;0,194315612;0,333000312;1;0,238466935;0,339028798;-0,52306613;1;;;;;;;;;;;;;
670;0,281952327;0,652103901;-0,436095345;1;0,232102439;0,211540223;-0,226325204;1;0,464036889;0,36146374;-0,071926221;1;;;;;;;;;;;;;
671;-0,023670842;0,664594981;-1,047341684;1;0,393888344;0,205791653;0,312961146;1;0,761991304;0,3597132;0,523982609;1;;;;;;;;;;;;;
672;0,147263389;0,553569762;-0,705473221;1;0,088900562;0,212816685;-0,703664793;1;1,161604409;0,358360056;1,323208818;1;;;;;;;;;;;;;
673;0,408071107;0,545312585;-0,183857787;1;0,532464359;0,1961501;0,774881197;1;0,953705017;0,348656536;0,907410034;1;;;;;;;;;;;;;
674;1,205369274;0,401144988;1,410738548;1;0,020817905;0,180773347;-0,930606983;1;0,456237181;0,31105233;-0,087525638;1;;;;;;;;;;;;;
675;0,168423889;0,507917178;-0,663152222;1;0,512477998;0,199962035;0,708259992;1;0,723938778;0,348566914;0,447877557;1;;;;;;;;;;;;;
676;-1,162111636;1,914998823;-3,324223272;1;0,770698232;0,27496665;1,568994107;1;0,694238193;0,447545651;0,388476386;1;;;;;;;;;;;;;
677;0,811550127;0,45621755;0,623100254;1;0,221259962;0,185893377;-0,262466794;1;0,412822663;0,317218139;-0,174354674;1;;;;;;;;;;;;;
678;0,748975736;0,450909442;0,497951472;1;0,32882828;0,177918809;0,096094265;1;0,751419367;0,312759886;0,502838733;1;;;;;;;;;;;;;
679;0,548219656;0,511940958;0,096439312;1;0,191948893;0,198280133;-0,360170358;1;0,584110594;0,33232897;0,168221187;1;;;;;;;;;;;;;
680;0,274122106;0,521107682;-0,451755788;1;-0,031235842;0,20369256;-1,104119473;1;0,563153725;0,351592201;0,12630745;1;;;;;;;;;;;;;
681;0,645050256;0,48598106;0,290100512;1;-0,029608936;0,196399133;-1,098696453;1;0,481026798;0,34716447;-0,037946403;1;;;;;;;;;;;;;
682;0,482185932;0,652065517;-0,035628136;1;-0,077407931;0,223261411;-1,258026437;1;0,329360175;0,376884733;-0,34127965;1;;;;;;;;;;;;;
683;0,033654394;0,841197323;-0,932691211;1;-0,059468428;0,223384725;-1,198228093;1;0,653460292;0,388284805;0,306920584;1;;;;;;;;;;;;;
684;0,968659826;0,381475906;0,937319651;1;0,482489459;0,16790305;0,608298195;1;0,371063357;0,297877956;-0,257873285;1;;;;;;;;;;;;;
685;0,983718141;0,475045996;0,967436282;1;0,873879694;0,190855308;1,912932313;0;-0,261872071;0,312237279;-1,523744143;0;;;;;;;;;;;;;
686;0,198289905;0,632075786;-0,60342019;1;0,380210349;0,205003144;0,26736783;1;0,72371519;0,364193572;0,447430379;1;;;;;;;;;;;;;
687;1,068007982;0,387072933;1,136015964;1;0,184296676;0,186852934;-0,385677746;1;0,195417255;0,289303686;-0,609165491;1;;;;;;;;;;;;;
688;0,528973994;0,492546538;0,057947988;1;0,210135814;0,190684899;-0,299547286;1;0,960214153;0,316872099;0,920428305;1;;;;;;;;;;;;;
689;-0,377973261;1,342915943;-1,755946523;1;0,191199388;0,246234252;-0,362668707;1;0,078770491;0,414888459;-0,842459017;1;;;;;;;;;;;;;
690;0,943237769;0,408954203;0,886475539;1;0,151931756;0,176364251;-0,493560813;1;0,834982565;0,311023;0,669965131;1;;;;;;;;;;;;;
691;-1,127881528;1,598725423;-3,255763055;1;0,303493503;0,242787124;0,011645009;1;0,881404919;0,438213045;0,762809839;1;;;;;;;;;;;;;
692;-0,541310839;1,254945106;-2,082621678;1;0,457962055;0,246054261;0,526540182;1;0,282554679;0,434779645;-0,434890642;1;;;;;;;;;;;;;
693;0,672027782;0,499975888;0,344055564;1;0,192223749;0,19565924;-0,359254169;1;0,787202679;0,350918215;0,574405358;1;;;;;;;;;;;;;
694;0,681802764;0,449995954;0,363605528;1;0,33404305;0,195459651;0,113476833;1;0,426251631;0,321553264;-0,147496738;1;;;;;;;;;;;;;
695;0,569266651;0,450876657;0,138533302;1;0,376464182;0,17678307;0,254880607;1;1,079731813;0,303414693;1,159463625;1;;;;;;;;;;;;;
696;-0,405767819;0,763508147;-1,811535638;1;0,288745279;0,218435755;-0,037515737;1;1,504249391;0,408637491;2,008498783;0;;;;;;;;;;;;;
697;0,147165189;0,827539484;-0,705669621;1;-0,067678347;0,222875486;-1,225594489;1;-0,455315047;0,373936537;-1,910630095;0;;;;;;;;;;;;;
698;1,369495814;0,314716392;1,738991628;0;0,302424253;0,160146479;0,008080845;1;0,507969014;0,271775834;0,015938028;1;;;;;;;;;;;;;
699;0,457128147;0,444481509;-0,085743706;1;0,302586977;0,183334656;0,008623257;1;0,935931686;0,328701452;0,871863373;1;;;;;;;;;;;;;
700;-0,23073012;0,648622239;-1,461460239;1;0,654074991;0,201283715;1,18024997;1;0,814998252;0,331946353;0,629996504;1;;;;;;;;;;;;;
701;0,381690789;0,58657626;-0,236618423;1;0,253686481;0,209300487;-0,154378398;1;0,18666636;0,35631791;-0,62666728;1;;;;;;;;;;;;;
702;1,052921508;0,368963436;1,105843016;1;0,137837583;0,164815578;-0,540541391;1;0,871629664;0,2959488;0,743259328;1;;;;;;;;;;;;;
703;1,023592078;0,407361869;1,047184155;1;0,4292385;0,179342043;0,430795001;1;0,587333427;0,32181927;0,174666853;1;;;;;;;;;;;;;
704;-0,118228641;0,694665706;-1,236457281;1;0,619219069;0,218357803;1,064063564;1;0,587461566;0,386512775;0,174923132;1;;;;;;;;;;;;;
705;0,911111846;0,407800995;0,822223692;1;0,248992281;0,177958177;-0,170025731;1;0,67822098;0,301590876;0,35644196;1;;;;;;;;;;;;;
706;0,25143832;0,446601324;-0,497123361;1;0,617860889;0,189947258;1,059536297;1;0,700941904;0,302259388;0,401883807;1;;;;;;;;;;;;;
707;0,519421857;0,475690185;0,038843714;1;0,29533954;0,190991239;-0,015534867;1;0,621315165;0,341079185;0,242630331;1;;;;;;;;;;;;;
708;0,14002392;0,593215748;-0,71995216;1;0,415451064;0,206392157;0,384836881;1;0,389376267;0,356685351;-0,221247466;1;;;;;;;;;;;;;
709;1,128328913;0,37925785;1,256657826;1;0,484025094;0,176310404;0,613416981;1;-0,069613709;0,296818728;-1,139227417;1;;;;;;;;;;;;;
710;-0,022958892;0,64638289;-1,045917783;1;0,432643903;0,211404721;0,442146343;1;1,398630986;0,399158326;1,797261972;0;;;;;;;;;;;;;
711;0,153456957;0,657931643;-0,693086085;1;0,328893215;0,205680358;0,096310718;1;0,110964911;0,350752085;-0,778070177;1;;;;;;;;;;;;;
712;0,735594246;0,508790319;0,471188492;1;0,421001982;0,198613057;0,403339942;1;0,144673254;0,330775383;-0,710653491;1;;;;;;;;;;;;;
713;0,890966339;0,405318507;0,781932679;1;0,404760308;0,181086699;0,349201026;1;0,469150982;0,304042435;-0,061698036;1;;;;;;;;;;;;;
714;0,231700927;0,721328696;-0,536598147;1;0,332551227;0,214746379;0,108504091;1;-0,013525616;0,365828474;-1,027051233;1;;;;;;;;;;;;;
715;0,420059352;0,646305215;-0,159881297;1;0,405425032;0,207149979;0,351416774;1;0,352807457;0,353123014;-0,294385087;1;;;;;;;;;;;;;
716;-2,768195872;2,593867982;-6,536391745;1;0,160959308;0,247638466;-0,463468973;1;0,077141913;0,428467122;-0,845716174;1;;;;;;;;;;;;;
717;0,01998552;0,778540628;-0,96002896;1;0,669817282;0,216642997;1,232724273;1;0,65159315;0,373445527;0,3031863;1;;;;;;;;;;;;;
718;0,48093937;0,563189512;-0,038121259;1;0,057488608;0,21149184;-0,808371308;1;0,186912875;0,354778062;-0,62617425;1;;;;;;;;;;;;;
719;0,702500758;0,476326071;0,405001516;1;0,376996697;0,192101313;0,256655655;1;0,618696317;0,32070142;0,237392633;1;;;;;;;;;;;;;
720;-1,342816911;2,272882223;-3,685633821;1;0,288564508;0,261527699;-0,038118305;1;0,590472406;0,433766414;0,180944811;1;;;;;;;;;;;;;
721;1,03287573;0,362515468;1,065751459;1;0,405088156;0,169848997;0,350293853;1;0,61552285;0,277550282;0,2310457;1;;;;;;;;;;;;;
722;0,575401824;0,515475362;0,150803647;1;0,260300233;0,194370705;-0,132332555;1;0,53916187;0,343433931;0,07832374;1;;;;;;;;;;;;;
723;1,083203299;0,442164146;1,166406598;1;0,360948138;0,187471358;0,203160459;1;-0,103044662;0,303882663;-1,206089324;0;;;;;;;;;;;;;
724;-0,252022616;0,947518332;-1,504045232;1;0,377857134;0,236491642;0,25952378;1;0,428000634;0,418476198;-0,143998732;1;;;;;;;;;;;;;
725;0,549624991;0,55784201;0,099249982;1;0,394783532;0,201722947;0,315945108;1;0,911363922;0,36620718;0,822727844;1;;;;;;;;;;;;;
726;0,560770729;0,495217861;0,121541458;1;0,595347331;0,194695981;0,984491103;1;0,288132419;0,328466028;-0,423735161;1;;;;;;;;;;;;;
727;0,881713837;0,41990928;0,763427674;1;0,303884274;0,188081732;0,01294758;1;0,326649754;0,318458756;-0,346700491;1;;;;;;;;;;;;;
728;0,530091386;0,454771861;0,060182772;1;0,180618926;0,200325255;-0,397936913;1;0,589929644;0,331370091;0,179859288;1;;;;;;;;;;;;;
729;-0,532065046;0,963121698;-2,064130092;1;0,653023227;0,234896572;1,176744089;1;0,458091305;0,40681097;-0,08381739;1;;;;;;;;;;;;;
730;0,04052886;0,620062221;-0,918942279;1;0,208842397;0,207907692;-0,303858676;1;0,634640274;0,330635388;0,269280548;1;;;;;;;;;;;;;
731;0,336106847;0,504007773;-0,327786306;1;0,081727093;0,192325624;-0,727576358;1;0,973731531;0,326877326;0,947463062;1;;;;;;;;;;;;;
732;0,927750776;0,410578566;0,855501552;1;0,178446452;0,179556033;-0,405178494;1;0,712579237;0,327835164;0,425158474;1;;;;;;;;;;;;;
733;-3,435096622;2,704696904;-7,870193244;1;0,311074192;0,261142786;0,036913974;1;0,564627114;0,470106709;0,129254228;1;;;;;;;;;;;;;
734;-0,183969216;1,137903465;-1,367938432;1;0,341754441;0,240878067;0,13918147;1;0,244003824;0,413834954;-0,511992352;1;;;;;;;;;;;;;
735;0,799780059;0,500322587;0,599560117;1;0,302721746;0,198432751;0,009072487;1;0,234832319;0,3171982;-0,530335361;1;;;;;;;;;;;;;
736;0,999563005;0,453543351;0,999126011;1;0,295873761;0,189807676;-0,01375413;1;0,305265263;0,322288636;-0,389469474;1;;;;;;;;;;;;;
737;-1,16490367;2,318016477;-3,329807339;1;0,21856553;0,255787468;-0,271448233;1;0,458888566;0,443377394;-0,082222869;1;;;;;;;;;;;;;
738;1,008745043;0,452696681;1,017490086;1;0,183621937;0,186051053;-0,387926876;1;0,102066393;0,324278826;-0,795867213;1;;;;;;;;;;;;;
739;1,064974619;0,432834167;1,129949238;1;-0,006746439;0,188435935;-1,02248813;1;0,591984746;0,326025926;0,183969492;1;;;;;;;;;;;;;
740;0,752510513;0,452713698;0,505021026;1;0,4042287;0,181872741;0,347429001;1;0,473117656;0,322509237;-0,053764688;1;;;;;;;;;;;;;
741;0,481042029;0,5551373;-0,037915943;1;0,193213657;0,206359397;-0,355954477;1;0,173206287;0,357650619;-0,653587426;1;;;;;;;;;;;;;
742;-0,389896134;0,914700123;-1,779792268;1;0,35067921;0,229251032;0,168930701;1;0,628624216;0,42272519;0,257248432;1;;;;;;;;;;;;;
743;0,855237225;0,462093481;0,710474451;1;0,196003146;0,186203274;-0,34665618;1;0,525133132;0,324999484;0,050266264;1;;;;;;;;;;;;;
744;0,460902096;0,459454001;-0,078195809;1;0,346155391;0,1777108;0,153851304;1;0,815855749;0,325312704;0,631711498;1;;;;;;;;;;;;;
745;0,722159702;0,478449729;0,444319405;1;0,280601429;0,201830272;-0,064661905;1;-0,013880844;0,32078145;-1,027761688;1;;;;;;;;;;;;;
746;0,590153259;0,473561596;0,180306517;1;0,243817882;0,194185554;-0,187273725;1;0,5317672;0,319424281;0,0635344;1;;;;;;;;;;;;;
747;-0,145226418;0,76467023;-1,290452836;1;0,112501815;0,224090873;-0,624993949;1;0,709451095;0,391440576;0,41890219;1;;;;;;;;;;;;;
748;1,062288264;0,424684659;1,124576528;1;0,540975602;0,188066253;0,803252007;1;0,267254059;0,301600331;-0,465491882;1;;;;;;;;;;;;;
749;0,793861869;0,384202238;0,587723738;1;0,335346353;0,179290335;0,117821176;1;0,512757821;0,300579864;0,025515643;1;;;;;;;;;;;;;
750;1,238521883;0,380645645;1,477043765;1;0,172450729;0,188992223;-0,425164235;1;0,037725313;0,310092803;-0,924549374;1;;;;;;;;;;;;;
751;-1,111224096;1,283056978;-3,222448192;1;0,530656532;0,233069487;0,768855106;1;1,046452954;0,434991178;1,092905907;1;;;;;;;;;;;;;
752;0,395779963;0,674746559;-0,208440074;1;0,02874561;0,20521919;-0,904181298;1;0,09544571;0,354529899;-0,809108581;1;;;;;;;;;;;;;
753;0,560431085;0,612156803;0,12086217;1;0,388854675;0,20247639;0,296182251;1;0,596143815;0,384070267;0,192287629;1;;;;;;;;;;;;;
754;0,044504937;0,682235358;-0,910990125;1;0,234671171;0,221589279;-0,217762762;1;0,752319908;0,385600885;0,504639816;1;;;;;;;;;;;;;
755;-0,847288873;1,650789212;-2,694577747;1;0,158330548;0,240075369;-0,472231508;1;0,485348724;0,401069774;-0,029302552;1;;;;;;;;;;;;;
756;0,620959023;0,600202614;0,241918046;1;0,212916266;0,211048427;-0,290279114;1;-0,042879473;0,381757792;-1,085758946;1;;;;;;;;;;;;;
757;0,569174266;0,518030443;0,138348532;1;0,356161607;0,20211782;0,187205355;1;0,628899445;0,333123481;0,257798889;1;;;;;;;;;;;;;
758;1,011799156;0,358702699;1,023598311;1;0,327234023;0,163151986;0,090780078;1;0,432335721;0,272112773;-0,135328558;1;;;;;;;;;;;;;
759;0,438459828;0,625016653;-0,123080343;1;0,011776144;0,198830085;-0,960746185;1;0,816840062;0,34488425;0,633680124;1;;;;;;;;;;;;;
760;1,09945635;0,397604101;1,1989127;1;-0,087784561;0,186236182;-1,292615202;0;0,352608132;0,320033475;-0,294783737;1;;;;;;;;;;;;;
761;0,877077011;0,394704823;0,754154022;1;0,206023912;0,175011958;-0,313253627;1;0,769899017;0,292706054;0,539798034;1;;;;;;;;;;;;;
762;1,046890274;0,36681458;1,093780547;1;0,531892553;0,170604777;0,772975177;1;0,309827862;0,272258519;-0,380344275;1;;;;;;;;;;;;;
763;0,665144424;0,468300932;0,330288847;1;0,45681527;0,187227232;0,522717565;1;0,507138222;0,315912183;0,014276444;1;;;;;;;;;;;;;
764;0,840901377;0,429429555;0,681802754;1;0,291585241;0,195759507;-0,028049197;1;0,27384159;0,319549766;-0,45231682;1;;;;;;;;;;;;;
765;-1,541666824;1,18332991;-4,083333647;1;0,494622004;0,25156411;0,648740014;1;1,743496368;0,462529117;2,486992737;0;;;;;;;;;;;;;
766;0,446993352;0,445952014;-0,106013295;1;0,414974357;0,180575037;0,383247857;1;0,756613683;0,302569892;0,513227367;1;;;;;;;;;;;;;
767;0,605677009;0,662891313;0,211354019;1;0,296416481;0,212554946;-0,011945065;1;0,113604697;0,360438122;-0,772790605;1;;;;;;;;;;;;;
768;0,771409232;0,412292016;0,542818465;1;0,403348726;0,181653208;0,344495754;1;0,590513122;0,303188423;0,181026244;1;;;;;;;;;;;;;
769;1,033975363;0,458381373;1,067950726;1;0,286077804;0,190991708;-0,04640732;1;0,273933918;0,348579453;-0,452132163;1;;;;;;;;;;;;;
770;0,189081947;0,672450412;-0,621836106;1;0,6271975;0,21359381;1,090658333;1;0,598272792;0,368010702;0,196545584;1;;;;;;;;;;;;;
771;1,360222573;0,372435062;1,720445146;0;-0,133615157;0,169118136;-1,445383858;0;0,535609862;0,325173186;0,071219723;1;;;;;;;;;;;;;
772;-0,587069945;1,305165473;-2,17413989;1;0,074711584;0,241411873;-0,750961387;1;0,421107088;0,41798798;-0,157785825;1;;;;;;;;;;;;;
773;0,684681322;0,366104226;0,369362644;1;0,47470437;0,168020777;0,582347899;1;0,747769297;0,275648109;0,495538594;1;;;;;;;;;;;;;
774;0,179171036;0,778016233;-0,641657928;1;0,486292387;0,221440231;0,620974625;1;0,037847321;0,373127633;-0,924305358;1;;;;;;;;;;;;;
775;0,49589241;0,63865547;-0,00821518;1;0,191313332;0,209349817;-0,362288895;1;0,731885494;0,393018586;0,463770987;1;;;;;;;;;;;;;
776;-0,193614048;0,80497868;-1,387228097;1;0,066697309;0,228502555;-0,777675635;1;0,628742443;0,388083736;0,257484886;1;;;;;;;;;;;;;
777;-0,327372462;0,897021629;-1,654744924;1;0,253329255;0,221210644;-0,155569149;1;0,197719873;0,382432044;-0,604560253;1;;;;;;;;;;;;;
778;0,681495521;0,468818873;0,362991042;1;0,370544965;0,185562766;0,235149885;1;0,378768317;0,337872333;-0,242463366;1;;;;;;;;;;;;;
779;1,05715386;0,354712358;1,114307721;1;0,544300189;0,162520808;0,814333964;1;0,473206308;0,287776454;-0,053587384;1;;;;;;;;;;;;;
780;0,570093121;0,472250899;0,140186242;1;0,015368329;0,198302726;-0,948772236;1;0,371780932;0,359824724;-0,256438137;1;;;;;;;;;;;;;
781;-0,968862925;1,295672053;-2,937725849;1;0,357907206;0,242829968;0,193024021;1;0,916333658;0,426224514;0,832667316;1;;;;;;;;;;;;;
782;0,066283076;0,63750094;-0,867433847;1;0,58598175;0,202896186;0,953272501;1;0,763592117;0,330040687;0,527184234;1;;;;;;;;;;;;;
783;0,932576621;0,463873869;0,865153241;1;0,043925012;0,191892563;-0,853583293;1;0,008331877;0,316761751;-0,983336247;1;;;;;;;;;;;;;
784;0,750239632;0,475425807;0,500479264;1;0,277184259;0,183814354;-0,076052469;1;0,849645024;0,326008793;0,699290048;1;;;;;;;;;;;;;
785;0,609872311;0,426608163;0,219744622;1;0,214315589;0,191714584;-0,285614703;1;0,508681553;0,300322805;0,017363105;1;;;;;;;;;;;;;
786;1,208989601;0,36799715;1,417979201;1;0,386457482;0,171023666;0,288191608;1;0,26752004;0,282405056;-0,464959921;1;;;;;;;;;;;;;
787;-0,19404462;0,844541385;-1,388089239;1;0,26200489;0,229107563;-0,126650368;1;0,910779492;0,392143539;0,821558984;1;;;;;;;;;;;;;
788;0,967375938;0,415795829;0,934751876;1;0,106119029;0,190900078;-0,646269904;1;0,362196114;0,329323695;-0,275607772;1;;;;;;;;;;;;;
789;0,207304425;0,735600434;-0,58539115;1;0,325744203;0,217315375;0,08581401;1;0,534656312;0,391427902;0,069312625;1;;;;;;;;;;;;;
790;1,132016974;0,414650978;1,264033948;1;0,186841225;0,186878393;-0,377195916;1;0,008020909;0,313192846;-0,983958181;1;;;;;;;;;;;;;
791;0,741889821;0,582441354;0,483779641;1;0,505386637;0,213718582;0,684622124;1;-0,097888922;0,356873834;-1,195777844;1;;;;;;;;;;;;;
792;1,350130378;0,29085241;1,700260756;0;0,468835084;0,146025105;0,562783614;1;0,438078182;0,227783675;-0,123843636;1;;;;;;;;;;;;;
793;0,134390874;0,675806602;-0,731218251;1;0,74187349;0,219606883;1,472911632;0;0,682143728;0,363956217;0,364287457;1;;;;;;;;;;;;;
794;0,642009836;0,364178929;0,284019672;1;0,209493458;0,178263168;-0,301688475;1;0,843856295;0,277813941;0,68771259;1;;;;;;;;;;;;;
795;0,701632787;0,517126905;0,403265574;1;0,853207724;0,204605137;1,844025748;0;0,158222272;0,320315823;-0,683555456;1;;;;;;;;;;;;;
796;0,526783024;0,539046147;0,053566048;1;0,218243098;0,199429361;-0,272523006;1;0,760025073;0,32388563;0,520050145;1;;;;;;;;;;;;;
797;0,20707903;0,598725586;-0,58584194;1;0,640380545;0,20964;1,134601815;1;0,922351915;0,367238232;0,84470383;1;;;;;;;;;;;;;
798;1,228490923;0,349307925;1,456981847;0;-0,025770896;0,172907879;-1,085902988;1;0,054628515;0,300064458;-0,89074297;1;;;;;;;;;;;;;
799;0,283203753;0,609837659;-0,433592494;1;0,003843525;0,209396726;-0,987188249;1;0,769792677;0,38919957;0,539585354;1;;;;;;;;;;;;;
800;0,929766673;0,481437447;0,859533346;1;0,169222673;0,199690932;-0,435924422;1;0,224681484;0,347725781;-0,550637031;1;;;;;;;;;;;;;
801;0,724192647;0,450162151;0,448385294;1;-0,157095788;0,202231626;-1,523652627;0;0,767120407;0,347472583;0,534240814;1;;;;;;;;;;;;;
802;0,757580089;0,469271034;0,515160178;1;0,457079164;0,196205911;0,523597214;1;0,435877721;0,322095811;-0,128244558;1;;;;;;;;;;;;;
803;0,67182709;0,38580053;0,343654179;1;0,220506163;0,174147585;-0,264979456;1;0,9297936;0,30486069;0,859587199;1;;;;;;;;;;;;;
804;1,007218752;0,470463708;1,014437504;1;0,181507477;0,189586758;-0,394975077;1;0,410910724;0,320024516;-0,178178551;1;;;;;;;;;;;;;
805;-0,170681619;0,747708449;-1,341363239;1;0,533813286;0,217025118;0,77937762;1;0,720470645;0,400733149;0,44094129;1;;;;;;;;;;;;;
806;0,632101899;0,53902733;0,264203798;1;0,331590713;0,199709877;0,105302375;1;0,568646743;0,344460345;0,137293486;1;;;;;;;;;;;;;
807;1,416647109;0,344020297;1,833294219;0;0,40293662;0,169211974;0,343122068;1;0,052811716;0,290752326;-0,894376567;1;;;;;;;;;;;;;
808;-0,172588835;0,850118749;-1,34517767;1;0,226164963;0,2293721;-0,246116789;1;0,790177659;0,411699837;0,580355318;1;;;;;;;;;;;;;
809;-0,902675381;1,933730898;-2,805350763;1;0,294940881;0,258988689;-0,01686373;1;0,062996116;0,467543808;-0,874007769;1;;;;;;;;;;;;;
810;-0,439107405;1,320429995;-1,878214809;1;0,362829999;0,239030698;0,209433329;1;0,362453215;0,399077728;-0,27509357;1;;;;;;;;;;;;;
811;0,335283323;0,537993761;-0,329433354;1;0,273724468;0,195125559;-0,087585108;1;0,489006427;0,342818754;-0,021987146;1;;;;;;;;;;;;;
812;0,277551609;0,482329386;-0,444896782;1;0,679336481;0,19820959;1,264454936;1;0,649147121;0,328551415;0,298294242;1;;;;;;;;;;;;;
813;0,80511984;0,718541123;0,610239679;1;0,390243227;0,225597742;0,300810757;1;-0,150892262;0,383808706;-1,301784524;1;;;;;;;;;;;;;
814;0,262904054;0,560411244;-0,474191891;1;-0,024015225;0,19696723;-1,080050749;1;0,912218664;0,342991668;0,824437328;1;;;;;;;;;;;;;
815;0,282383031;0,57338078;-0,435233938;1;0,48797988;0,212936617;0,6265996;1;0,974850175;0,369843823;0,949700349;1;;;;;;;;;;;;;
816;0,772707177;0,462131944;0,545414354;1;0,272285997;0,180555485;-0,092380009;1;0,969663147;0,328817833;0,939326294;1;;;;;;;;;;;;;
817;0,749006616;0,44205456;0,498013232;1;0,143323799;0,182006135;-0,522254003;1;0,768621638;0,320194285;0,537243276;1;;;;;;;;;;;;;
818;0,546480799;0,646291319;0,092961598;1;0,525924921;0,215499203;0,753083071;1;0,118610905;0,343373224;-0,762778191;1;;;;;;;;;;;;;
819;0,06507223;0,665877408;-0,869855539;1;0,501114842;0,220705078;0,670382806;1;1,170117719;0,41115464;1,340235438;1;;;;;;;;;;;;;
820;0,346789988;0,536321347;-0,306420025;1;0,153887396;0,200192477;-0,487042013;1;0,80411847;0,361241456;0,60823694;1;;;;;;;;;;;;;
821;0,016389247;0,601662471;-0,967221505;1;0,321427844;0,205744276;0,071426146;1;0,450895909;0,346070749;-0,098208182;1;;;;;;;;;;;;;
822;0,364527178;0,54280879;-0,270945644;1;0,174285776;0,199670499;-0,419047413;1;0,925083268;0,351138379;0,850166535;1;;;;;;;;;;;;;
823;1,111278861;0,394572077;1,222557723;1;0,176445289;0,172513265;-0,411849037;1;0,291696777;0,290489465;-0,416606446;1;;;;;;;;;;;;;
824;0,354589093;0,478027145;-0,290821814;1;0,346763015;0,199877154;0,155876715;1;0,790995839;0,341392877;0,581991677;1;;;;;;;;;;;;;
825;0,882571206;0,399775392;0,765142412;1;0,504465878;0,178661304;0,681552926;1;0,60029089;0,291710539;0,200581781;1;;;;;;;;;;;;;
826;-3,044145049;2,381262721;-7,088290099;1;0,470079065;0,254669373;0,566930217;1;0,777622287;0,449032026;0,555244574;1;;;;;;;;;;;;;
827;0,156067746;0,774887286;-0,687864508;1;-0,179321963;0,228078662;-1,597739877;0;0,67185631;0,397077577;0,343712619;1;;;;;;;;;;;;;
828;0,510972779;0,577215249;0,021945558;1;0,36773605;0,208918066;0,225786832;1;0,324253028;0,341495694;-0,351493944;1;;;;;;;;;;;;;
829;0,490982121;0,545488986;-0,018035759;1;0,473229715;0,197469248;0,577432383;1;0,124179328;0,33194879;-0,751641344;1;;;;;;;;;;;;;
830;0,979184734;0,459131709;0,958369469;1;0,347850121;0,193253235;0,159500402;1;0,289229747;0,315206261;-0,421540506;1;;;;;;;;;;;;;
831;-3,503281641;2,043088287;-8,006563281;1;0,343826707;0,259435184;0,146089024;1;0,834819798;0,442377631;0,669639596;1;;;;;;;;;;;;;
832;-0,164498479;1,005777468;-1,328996958;1;-0,171466428;0,231546758;-1,571554759;0;0,627565299;0,413880585;0,255130599;1;;;;;;;;;;;;;
833;0,938288483;0,372860536;0,876576965;1;0,207040403;0,170891247;-0,309865323;1;0,427892563;0,286478556;-0,144214873;1;;;;;;;;;;;;;
834;0,490345887;0,487442362;-0,019308226;1;0,499515758;0,19167815;0,665052525;1;0,466247557;0,316901865;-0,067504887;1;;;;;;;;;;;;;
835;1,356289845;0,322434912;1,712579689;0;0,527774435;0,161816633;0,759248116;1;0,229571138;0,272271175;-0,540857725;1;;;;;;;;;;;;;
836;1,149263887;0,508656009;1,298527774;1;0,414375474;0,210614069;0,381251581;1;0,275905936;0,378175862;-0,448188128;1;;;;;;;;;;;;;
837;0,812106571;0,427179857;0,624213142;1;0,009075679;0,190977513;-0,969747737;1;0,376750102;0,32038287;-0,246499795;1;;;;;;;;;;;;;
838;1,087426535;0,367318278;1,17485307;1;0,259432878;0,162601904;-0,135223739;1;0,534005752;0,287129934;0,068011504;1;;;;;;;;;;;;;
839;0,06424362;0,776831894;-0,871512759;1;0,161184072;0,225296448;-0,462719762;1;0,645616792;0,40763544;0,291233583;1;;;;;;;;;;;;;
840;-0,013551075;0,779590212;-1,027102149;1;0,22551677;0,222417657;-0,248277433;1;0,701841559;0,403786548;0,403683118;1;;;;;;;;;;;;;
841;0,567768123;0,463314811;0,135536246;1;0,504981517;0,190779776;0,683271724;1;0,85290969;0,316025333;0,70581938;1;;;;;;;;;;;;;
842;0,602911658;0,637162001;0,205823316;1;0,495473629;0,225807817;0,651578763;1;0,194898954;0,335576776;-0,610202092;1;;;;;;;;;;;;;
843;-0,61865496;1,025940371;-2,23730992;1;0,161425101;0,242530733;-0,461916331;1;1,000736929;0,432966467;1,001473858;1;;;;;;;;;;;;;
844;0,602470307;0,478067938;0,204940614;1;0,024723208;0,212359983;-0,917589306;1;0,490723507;0,321136298;-0,018552986;1;;;;;;;;;;;;;
845;0,520341376;0,496081723;0,040682752;1;0,185750754;0,196925393;-0,380830822;1;0,69308294;0,331432585;0,38616588;1;;;;;;;;;;;;;
846;0,62006795;0,545727058;0,2401359;1;-0,104831941;0,2020841;-1,349439804;0;0,345657888;0,360098117;-0,308684225;1;;;;;;;;;;;;;
847;0,810542127;0,427885866;0,621084255;1;0,667514553;0,188757061;1,22504851;1;0,097276103;0,283226927;-0,805447793;1;;;;;;;;;;;;;
848;0,531890371;0,534050306;0,063780741;1;0,524323814;0,208922281;0,747746046;1;0,378618036;0,340300429;-0,242763928;1;;;;;;;;;;;;;
849;1,200588612;0,408326356;1,401177223;1;0,011414103;0,187359596;-0,961952991;1;0,54713372;0,301369639;0,09426744;1;;;;;;;;;;;;;
850;0,203343516;0,544968684;-0,593312968;1;0,451750409;0,193430281;0,505834696;1;0,742953257;0,345858339;0,485906513;1;;;;;;;;;;;;;
851;-0,060752136;0,741272398;-1,121504272;1;0,071237763;0,215810542;-0,762540789;1;0,211357233;0,353162136;-0,577285534;1;;;;;;;;;;;;;
852;0,684248315;0,576708109;0,36849663;1;0,165530406;0,210881469;-0,44823198;1;0,341763198;0,356500268;-0,316473604;1;;;;;;;;;;;;;
853;1,330191622;0,359723194;1,660383243;0;0,206645854;0,164401588;-0,311180487;1;0,696263003;0,285920066;0,392526006;1;;;;;;;;;;;;;
854;0,789224201;0,506377476;0,578448401;1;0,542479764;0,198636368;0,808265881;1;0,24651754;0,330659043;-0,50696492;1;;;;;;;;;;;;;
855;0,284324215;0,524323211;-0,431351571;1;0,110906509;0,214989817;-0,630311635;1;0,747306287;0,339300518;0,494612574;1;;;;;;;;;;;;;
856;-0,928456543;1,34526446;-2,856913086;1;0,021949058;0,249696755;-0,926836475;1;1,198671146;0,451455186;1,397342292;1;;;;;;;;;;;;;
857;0,577853708;0,43606844;0,155707415;1;0,384790314;0,186091896;0,28263438;1;0,555083436;0,319802414;0,110166873;1;;;;;;;;;;;;;
858;0,738692438;0,48304091;0,477384876;1;0,16077257;0,187124939;-0,464091432;1;0,669647199;0,356993382;0,339294398;1;;;;;;;;;;;;;
859;0,493642388;0,5885489;-0,012715224;1;0,458388387;0,213750346;0,527961291;1;0,102711649;0,343348466;-0,794576703;1;;;;;;;;;;;;;
860;0,002557338;0,790457524;-0,994885325;1;0,051777085;0,225262825;-0,827409715;1;0,419785524;0,37141748;-0,160428953;1;;;;;;;;;;;;;
861;0,939859735;0,520471917;0,87971947;1;0,3795526;0,203314115;0,265175333;1;0,229726029;0,340181262;-0,540547941;1;;;;;;;;;;;;;
862;0,003244877;0,468724432;-0,993510247;1;0,249522338;0,184379753;-0,168258874;1;1,254695426;0,333797074;1,509390852;0;;;;;;;;;;;;;
863;0,866310515;0,387645398;0,73262103;1;0,263670927;0,180943539;-0,12109691;1;0,542047827;0,285937149;0,084095654;1;;;;;;;;;;;;;
864;0,581945462;0,576585588;0,163890925;1;0,374759551;0,201646848;0,249198502;1;0,615071056;0,35078049;0,230142112;1;;;;;;;;;;;;;
865;0,414645374;0,472856903;-0,170709252;1;0,361746002;0,190422637;0,205820008;1;0,813759603;0,32525583;0,627519207;1;;;;;;;;;;;;;
866;1,048796861;0,354221004;1,097593723;1;0,470591649;0,172405154;0,568638829;1;0,585369036;0,291384065;0,170738073;1;;;;;;;;;;;;;
867;0,39699023;0,648986329;-0,20601954;1;0,274399102;0,212994302;-0,085336326;1;0,176201438;0,362671362;-0,647597125;1;;;;;;;;;;;;;
868;0,535694429;0,505590807;0,071388858;1;0,330297604;0,19365165;0,100992013;1;0,866185532;0,351042186;0,732371064;1;;;;;;;;;;;;;
869;0,826350639;0,455022011;0,652701278;1;0,031655389;0,195179859;-0,894482037;1;0,514871752;0,322943158;0,029743504;1;;;;;;;;;;;;;
870;0,848097952;0,353571465;0,696195903;1;0,289024951;0,1690711;-0,036583498;1;0,444223219;0,273678584;-0,111553562;1;;;;;;;;;;;;;
871;0,486501568;0,484392402;-0,026996864;1;0,249875769;0,187914792;-0,16708077;1;0,645551309;0,350229493;0,291102617;1;;;;;;;;;;;;;
872;0,383183808;0,541441658;-0,233632383;1;0,424075982;0,199437613;0,413586608;1;0,661261327;0,321169621;0,322522655;1;;;;;;;;;;;;;
873;0,580503768;0,40308236;0,161007536;1;0,466527378;0,175397084;0,555091259;1;0,754750433;0,315715203;0,509500865;1;;;;;;;;;;;;;
874;0,195387818;0,482921354;-0,609224365;1;0,247124051;0,199195161;-0,176253163;1;1,047051646;0,335430426;1,094103291;1;;;;;;;;;;;;;
875;0,596831004;0,419423431;0,193662009;1;0,294399786;0,189603442;-0,018667381;1;0,751440527;0,296532675;0,502881055;1;;;;;;;;;;;;;
876;0,551095496;0,544060627;0,102190991;1;0,39054428;0,199396732;0,301814268;1;0,64351622;0,353677348;0,28703244;1;;;;;;;;;;;;;
877;0,48530364;0,561133944;-0,029392719;1;0,773002531;0,203599653;1,576675103;0;0,143226185;0,344198863;-0,713547629;1;;;;;;;;;;;;;
878;1,411345772;0,309263434;1,822691544;0;0,195009521;0,15571919;-0,349968263;1;0,742565576;0,26829712;0,485131152;1;;;;;;;;;;;;;
879;1,329048202;0,353456065;1,658096405;0;0,438017065;0,175271709;0,460056882;1;0,022773812;0,286021733;-0,954452376;1;;;;;;;;;;;;;
880;0,465908986;0,477702702;-0,068182028;1;0,573416399;0,196867281;0,911387997;1;0,380696553;0,327119745;-0,238606894;1;;;;;;;;;;;;;
881;0,978635971;0,41520219;0,957271942;1;0,190423227;0,173603367;-0,36525591;1;0,689420085;0,327240425;0,37884017;1;;;;;;;;;;;;;
882;0,504764823;0,491565742;0,009529645;1;0,088784224;0,188355954;-0,704052588;1;0,977892265;0,325525199;0,95578453;1;;;;;;;;;;;;;
883;1,101835025;0,340002995;1,20367005;1;0,14487364;0,166285365;-0,517087868;1;0,493079792;0,276682589;-0,013840416;1;;;;;;;;;;;;;
884;0,424131995;0,524226861;-0,151736011;1;0,460287728;0,2001259;0,534292427;1;0,20749798;0,324463291;-0,585004041;1;;;;;;;;;;;;;
885;1,416961665;0,364916139;1,833923331;0;0,316187168;0,176426394;0,053957225;1;-0,158844353;0,278501742;-1,317688707;0;;;;;;;;;;;;;
886;0,922586713;0,513200589;0,845173425;1;0,562966636;0,202663863;0,876555454;1;0,252440868;0,333346631;-0,495118264;1;;;;;;;;;;;;;
887;0,584140504;0,513952123;0,168281008;1;0,510234841;0,194712821;0,700782803;1;0,504817784;0,34103165;0,009635568;1;;;;;;;;;;;;;
888;0,825400828;0,391991635;0,650801655;1;0,448613816;0,180467836;0,495379388;1;0,29323882;0,282463264;-0,413522359;1;;;;;;;;;;;;;
889;1,199447108;0,396051825;1,398894216;1;0,038410562;0,181428257;-0,871964793;1;0,360536721;0,297372681;-0,278926557;1;;;;;;;;;;;;;
890;0,647524458;0,475142406;0,295048916;1;0,136636308;0,193327451;-0,544545641;1;0,231959404;0,340263215;-0,536081191;1;;;;;;;;;;;;;
891;0,930798117;0,432380453;0,861596234;1;0,583309429;0,194260764;0,944364763;1;0,306524627;0,29850414;-0,386950746;1;;;;;;;;;;;;;
892;1,437473406;0,338297438;1,874946813;0;0,070394771;0,176217807;-0,765350764;1;0,067133722;0,301959859;-0,865732555;1;;;;;;;;;;;;;
893;-0,053206597;0,782016445;-1,106413195;1;0,426368806;0,211783592;0,421229355;1;0,90094375;0,414495857;0,8018875;1;;;;;;;;;;;;;
894;0,942982922;0,792312822;0,885965845;1;-0,045272643;0,232145285;-1,150908809;1;-0,147252193;0,380115902;-1,294504387;1;;;;;;;;;;;;;
895;0,760793741;0,435020914;0,521587482;1;0,137297911;0,192388072;-0,542340297;1;0,338967237;0,307876033;-0,322065526;1;;;;;;;;;;;;;
896;-0,161448401;0,963148719;-1,322896802;1;0,463299831;0,230277335;0,544332769;1;0,57379918;0,379975972;0,147598361;1;;;;;;;;;;;;;
897;0,761499116;0,466370112;0,522998231;1;0,115113693;0,192370444;-0,616287689;1;0,400216315;0,328508783;-0,19956737;1;;;;;;;;;;;;;
898;0,224201768;0,624403292;-0,551596463;1;0,177349997;0,206659299;-0,408833345;1;0,508618797;0,366918628;0,017237593;1;;;;;;;;;;;;;
899;0,475915485;0,474045295;-0,04816903;1;0,392942539;0,191451881;0,309808465;1;0,727110359;0,340732752;0,454220718;1;;;;;;;;;;;;;
900;0,643532912;0,662163688;0,287065824;1;0,001990122;0,229138581;-0,993366261;1;0,213632059;0,406067206;-0,572735881;1;;;;;;;;;;;;;
901;0,74463438;0,510980147;0,489268761;1;0,286567855;0,207532615;-0,044773816;1;0,258222303;0,32773594;-0,483555395;1;;;;;;;;;;;;;
902;0,885551749;0,398561224;0,771103498;1;0,866387999;0,176377379;1,887959996;0;0,295994575;0,263438435;-0,40801085;1;;;;;;;;;;;;;
903;0,532515137;0,558142634;0,065030274;1;0,344558396;0,205006028;0,148527987;1;0,382821194;0,353760964;-0,234357611;1;;;;;;;;;;;;;
904;0,792964699;0,51513384;0,585929397;1;0,65963013;0,202642402;1,1987671;1;0,405917422;0,329874076;-0,188165156;1;;;;;;;;;;;;;
905;0,735439965;0,420364011;0,470879929;1;0,424548071;0,169224997;0,415160236;1;1,037064397;0,300274731;1,074128795;1;;;;;;;;;;;;;
906;0,527734258;0,58011976;0,055468517;1;0,203368458;0,213439733;-0,322105139;1;0,526051096;0,353099215;0,052102191;1;;;;;;;;;;;;;
907;1,001044647;0,471573607;1,002089294;1;0,011493249;0,1902245;-0,961689171;1;0,217435671;0,322050766;-0,565128658;1;;;;;;;;;;;;;
908;0,593946797;0,457915328;0,187893595;1;0,587786972;0,188127738;0,959289908;1;0,541378614;0,314562392;0,082757228;1;;;;;;;;;;;;;
909;-0,318588895;0,694474956;-1,637177791;1;0,728150315;0,213691588;1,427167716;0;0,689865512;0,36859866;0,379731023;1;;;;;;;;;;;;;
910;0,765826902;0,436380046;0,531653804;1;0,370660734;0,184156573;0,235535779;1;0,711512013;0,335799884;0,423024025;1;;;;;;;;;;;;;
911;0,710178135;0,577057614;0,42035627;1;0,341683952;0,21375948;0,138946508;1;0,241976227;0,338447425;-0,516047545;1;;;;;;;;;;;;;
912;-0,407535468;1,380807237;-1,815070935;1;0,235683613;0,257458636;-0,214387957;1;-0,15810464;0,418221876;-1,31620928;1;;;;;;;;;;;;;
913;-0,232708427;0,691754092;-1,465416854;1;0,361711091;0,209466933;0,205703637;1;0,747474805;0,360310495;0,49494961;1;;;;;;;;;;;;;
914;0,793010334;0,496750843;0,586020668;1;0,261292386;0,185046084;-0,129025381;1;0,296994872;0,32872865;-0,406010256;1;;;;;;;;;;;;;
915;0,31184837;0,514365382;-0,376303259;1;0,377670696;0,206424332;0,258902321;1;0,25514947;0,328020539;-0,48970106;1;;;;;;;;;;;;;
916;0,981038809;0,386981044;0,962077619;1;0,453822252;0,173285373;0,512740841;1;0,389137573;0,300834516;-0,221724853;1;;;;;;;;;;;;;
917;0,664694449;0,669498649;0,329388899;1;0,267885235;0,217645;-0,107049216;1;-0,030749368;0,387494499;-1,061498737;1;;;;;;;;;;;;;
918;0,60583625;0,457235959;0,2116725;1;0,504477311;0,184185175;0,681591038;1;0,684320456;0,307073199;0,368640911;1;;;;;;;;;;;;;
919;0,346373221;0,51891725;-0,307253558;1;0,521714318;0,196559978;0,739047726;1;0,775506482;0,351234071;0,551012965;1;;;;;;;;;;;;;
920;0,445752689;0,637661041;-0,108494621;1;0,315835353;0,211390776;0,052784509;1;0,415598701;0,372418838;-0,168802599;1;;;;;;;;;;;;;
921;0,441502775;0,511072831;-0,116994449;1;0,768604108;0,193986657;1,562013694;0;0,025312369;0,324278989;-0,949375263;1;;;;;;;;;;;;;
922;0,631297488;0,608397847;0,262594976;1;0,400961285;0,205085579;0,336537618;1;0,566066242;0,361691929;0,132132484;1;;;;;;;;;;;;;
923;1,254278031;0,376748466;1,508556063;0;0,04497343;0,165686616;-0,850088565;1;0,498350809;0,292511034;-0,003298383;1;;;;;;;;;;;;;
924;0,915604098;0,388588159;0,831208195;1;0,269288018;0,175827404;-0,102373274;1;0,274772002;0,279917386;-0,450455997;1;;;;;;;;;;;;;
925;1,188184726;0,462774588;1,376369452;1;0,127678399;0,189980432;-0,574405338;1;0,47162822;0,339048215;-0,05674356;1;;;;;;;;;;;;;
926;1,267201639;0,34032158;1,534403278;0;0,47753509;0,161584697;0,591783633;1;0,10966818;0,284420789;-0,78066364;1;;;;;;;;;;;;;
927;0,664491537;0,454738119;0,328983073;1;0,482143563;0,187711986;0,607145211;1;0,723396045;0,301441736;0,446792091;1;;;;;;;;;;;;;
928;0,245815213;0,893322273;-0,508369574;1;0,674231563;0,228222378;1,247438542;1;0,711790916;0,426144261;0,423581832;1;;;;;;;;;;;;;
929;0,039502272;0,643867909;-0,920995456;1;0,431628192;0,207825894;0,438760639;1;1,144210771;0,348915793;1,288421543;1;;;;;;;;;;;;;
930;-0,25554419;0,781531085;-1,51108838;1;0,858664008;0,222815474;1,862213361;0;1,183762544;0,396490411;1,367525089;1;;;;;;;;;;;;;
931;0,154561674;0,871101761;-0,690876653;1;0,272069861;0,235148055;-0,093100464;1;0,739289168;0,424873782;0,478578335;1;;;;;;;;;;;;;
932;-0,252675234;0,777199332;-1,505350468;1;0,059396301;0,208572013;-0,80201233;1;1,041401858;0,34841419;1,082803717;1;;;;;;;;;;;;;
933;0,779369804;0,527803044;0,558739609;1;0,385218032;0,197014397;0,284060105;1;-0,123864081;0,326376417;-1,247728163;1;;;;;;;;;;;;;
934;1,509446208;0,410157831;2,018892417;0;0,103267001;0,19456312;-0,655776665;1;0,009628006;0,321866926;-0,980743988;1;;;;;;;;;;;;;
935;-0,303387937;0,875243322;-1,606775874;1;0,541316154;0,239407769;0,804387179;1;0,280211138;0,394781371;-0,439577724;1;;;;;;;;;;;;;
936;0,332762951;0,671154798;-0,334474097;1;0,451519616;0,225297107;0,505065386;1;0,362314158;0,380300716;-0,275371683;1;;;;;;;;;;;;;
937;0,477808801;0,485830701;-0,044382399;1;0,787544069;0,184180663;1,625146897;0;0,257498511;0,315691488;-0,485002977;1;;;;;;;;;;;;;
938;0,169014304;0,600828747;-0,661971391;1;0,615601855;0,205762729;1,052006182;1;0,731941966;0,345059586;0,463883932;1;;;;;;;;;;;;;
939;0,488643224;0,55065695;-0,022713552;1;0,585036366;0,206181457;0,950121219;1;0,610674437;0,333107215;0,221348874;1;;;;;;;;;;;;;
940;1,072064213;0,408882562;1,144128427;1;0,035964491;0,181741441;-0,880118364;1;0,244148922;0,330223423;-0,511702155;1;;;;;;;;;;;;;
941;0,532574464;0,585850039;0,065148927;1;0,418326195;0,207126982;0,394420651;1;0,101075433;0,370265766;-0,797849134;1;;;;;;;;;;;;;
942;0,257849224;0,628499652;-0,484301552;1;0,495294447;0,20694748;0,650981489;1;0,339014455;0,358259401;-0,321971091;1;;;;;;;;;;;;;
943;0,595480449;0,593902105;0,190960899;1;0,038464274;0,212194986;-0,871785755;1;0,310663655;0,363819985;-0,37867269;1;;;;;;;;;;;;;
944;-0,085956795;0,674993882;-1,17191359;1;0,282729018;0,229700781;-0,057569941;1;0,580957793;0,373534461;0,161915587;1;;;;;;;;;;;;;
945;0,375103112;0,535241052;-0,249793775;1;0,181457731;0,207134544;-0,395140898;1;0,721513681;0,350634887;0,443027362;1;;;;;;;;;;;;;
946;-0,191055715;0,931903629;-1,382111429;1;0,369303727;0,231114722;0,231012423;1;0,569253208;0,402426393;0,138506416;1;;;;;;;;;;;;;
947;0,879864336;0,398121009;0,759728672;1;0,593868297;0,174035683;0,97956099;1;0,220103649;0,292906781;-0,559792702;1;;;;;;;;;;;;;
948;0,862499317;0,441700521;0,724998633;1;0,608584045;0,187515438;1,028613485;1;0,483354671;0,31549657;-0,033290659;1;;;;;;;;;;;;;
949;0,645006078;0,546843259;0,290012156;1;0,306211501;0,208399722;0,020705004;1;0,067995743;0,345205718;-0,864008515;1;;;;;;;;;;;;;
950;-2,037502877;3,512972263;-5,075005754;1;0,596113483;0,255657954;0,987044942;1;0,539487597;0,440279848;0,078975195;1;;;;;;;;;;;;;
951;0,091681542;0,670290106;-0,816636915;1;0,306667334;0,217766456;0,022224446;1;0,805964233;0,409548792;0,611928467;1;;;;;;;;;;;;;
952;0,081335221;0,578116101;-0,837329559;1;0,28887987;0,19902651;-0,037067099;1;1,055059821;0,353696388;1,110119642;1;;;;;;;;;;;;;
953;-0,131528367;0,799073015;-1,263056734;1;0,216364096;0,223578079;-0,278786348;1;0,67561209;0,387677194;0,35122418;1;;;;;;;;;;;;;
954;-0,147540958;0,890392475;-1,295081915;1;0,104558396;0,22055065;-0,651472015;1;0,939282451;0,400851732;0,878564901;1;;;;;;;;;;;;;
955;-0,001290431;0,743477016;-1,002580862;1;0,134181512;0,213491132;-0,552728294;1;0,746652038;0,365109521;0,493304077;1;;;;;;;;;;;;;
956;-1,900640428;3,320776006;-4,801280856;1;0,259216337;0,256193248;-0,135945543;1;1,083110686;0,412823719;1,166221373;1;;;;;;;;;;;;;
957;1,202869765;0,375364804;1,40573953;1;0,29510407;0,170408205;-0,016319767;1;0,244905957;0,280529345;-0,510188085;1;;;;;;;;;;;;;
958;0,08909925;0,691944986;-0,821801499;1;-0,002958517;0,223591925;-1,009861723;1;0,852457683;0,389953731;0,704915366;1;;;;;;;;;;;;;
959;0,772211998;0,452394991;0,544423995;1;0,171520821;0,213165682;-0,428263929;1;0,227329965;0,332879524;-0,54534007;1;;;;;;;;;;;;;
960;0,425753709;0,495423963;-0,148492582;1;0,482804657;0,20072983;0,609348858;1;0,623193452;0,337767899;0,246386904;1;;;;;;;;;;;;;
961;0,152596229;0,634413721;-0,694807543;1;0,575227703;0,2149549;0,917425678;1;0,44708609;0,362944101;-0,10582782;1;;;;;;;;;;;;;
962;-1,49720681;2,523583921;-3,994413621;1;0,279963766;0,231345345;-0,066787448;1;0,343295567;0,403368324;-0,313408866;1;;;;;;;;;;;;;
963;0,312749517;0,5895799;-0,374500965;1;0,529285412;0,217656729;0,764284706;1;0,487940258;0,370697604;-0,024119485;1;;;;;;;;;;;;;
964;0,998226927;0,42380672;0,996453854;1;-0,004948792;0,183173716;-1,016495973;1;0,756533278;0,327685657;0,513066557;1;;;;;;;;;;;;;
965;1,050964765;0,416190329;1,10192953;1;0,048064554;0,205665158;-0,839784819;1;0,311637489;0,329533964;-0,376725023;1;;;;;;;;;;;;;
966;0,844192699;0,348242393;0,688385397;1;0,170685224;0,170350806;-0,431049254;1;1,057290318;0,272028597;1,114580636;0;;;;;;;;;;;;;
967;0,339422374;0,636711262;-0,321155252;1;0,227256472;0,205571793;-0,242478427;1;0,392014121;0,337949936;-0,215971758;1;;;;;;;;;;;;;
968;0,384655403;0,561510298;-0,230689195;1;0,456107447;0,211963263;0,520358156;1;0,687737884;0,340776439;0,375475767;1;;;;;;;;;;;;;
969;0,049541076;1,063872088;-0,900917847;1;0,124494391;0,227397058;-0,585018698;1;-0,019202199;0,398882873;-1,038404398;1;;;;;;;;;;;;;
970;0,661059716;0,430297628;0,322119432;1;0,327098564;0,193572142;0,090328547;1;0,430644328;0,332147318;-0,138711343;1;;;;;;;;;;;;;
971;1,058537463;0,424211343;1,117074926;1;0,197746223;0,177013463;-0,340845922;1;0,132638616;0,311204389;-0,734722768;1;;;;;;;;;;;;;
972;-0,643794609;1,356568588;-2,287589219;1;0,234036863;0,239194951;-0,219877125;1;0,289305387;0,419877464;-0,421389226;1;;;;;;;;;;;;;
973;0,891261949;0,379214744;0,782523898;1;0,433831919;0,175214467;0,446106395;1;0,547775664;0,276829317;0,095551327;1;;;;;;;;;;;;;
974;-0,763246426;1,059302972;-2,526492851;1;0,112075597;0,2290255;-0,626414676;1;1,253993593;0,421101917;1,507987186;1;;;;;;;;;;;;;
975;-0,118683548;1,033154384;-1,237367097;1;0,185037845;0,241943264;-0,383207185;1;0,538690082;0,449317267;0,077380163;1;;;;;;;;;;;;;
976;-0,945472438;1,588348445;-2,890944876;1;0,313007057;0,247500105;0,043356858;1;-0,08817726;0,433227443;-1,17635452;1;;;;;;;;;;;;;
977;0,334775953;0,556273219;-0,330448094;1;0,544216966;0,20309088;0,814056555;1;0,721817369;0,333376727;0,443634737;1;;;;;;;;;;;;;
978;-0,395583811;1,325541833;-1,791167622;1;0,711788662;0,251728023;1,372628874;1;0,39395528;0,446502334;-0,212089441;1;;;;;;;;;;;;;
979;0,662025849;0,558459415;0,324051699;1;0,086772846;0,209527404;-0,710757178;1;0,249972643;0,357447204;-0,500054714;1;;;;;;;;;;;;;
980;-0,103212391;0,669118144;-1,206424782;1;0,439782969;0,21616055;0,46594323;1;0,968860914;0,382274743;0,937721828;1;;;;;;;;;;;;;
981;-0,032456198;0,816064989;-1,064912395;1;-0,030453997;0,246568354;-1,101513323;1;0,02341177;0,395179209;-0,953176459;1;;;;;;;;;;;;;
982;1,21153197;0,369134007;1,423063939;1;0,163371598;0,162217176;-0,455428008;1;0,768663902;0,292820031;0,537327803;1;;;;;;;;;;;;;
983;0,793940933;0,520215748;0,587881866;1;0,646948723;0,198269094;1,156495743;1;0,372092343;0,312769275;-0,255815315;1;;;;;;;;;;;;;
984;0,502083592;0,44758797;0,004167184;1;0,622242976;0,181828248;1,074143252;1;0,677740296;0,306960375;0,355480592;1;;;;;;;;;;;;;
985;0,93968273;0,42244721;0,879365459;1;0,582644572;0,179467667;0,942148573;1;0,066175552;0,323326488;-0,867648896;1;;;;;;;;;;;;;
986;0,730462232;0,488124259;0,460924464;1;0,574385127;0,188000933;0,914617091;1;0,536570344;0,336433966;0,073140689;1;;;;;;;;;;;;;
987;1,307846247;0,327844935;1,615692493;0;0,265427801;0,15745259;-0,115240664;1;0,565251918;0,266450506;0,130503835;1;;;;;;;;;;;;;
988;1,041410583;0,402659899;1,082821166;1;0,443486118;0,17890665;0,478287061;1;0,191145288;0,300204869;-0,617709425;1;;;;;;;;;;;;;
989;0,65892502;0,482947615;0,31785004;1;0,566340402;0,198701644;0,88780134;1;0,109048572;0,335350223;-0,781902856;1;;;;;;;;;;;;;
990;-2,149409503;3,491125349;-5,298819005;1;0,135945046;0,262131004;-0,546849848;1;-0,163682299;0,493947732;-1,327364599;1;;;;;;;;;;;;;
991;0,330236871;0,508271367;-0,339526259;1;0,324373021;0,191556517;0,081243404;1;0,933893579;0,314501527;0,867787157;1;;;;;;;;;;;;;
992;0,053474076;0,639316271;-0,893051849;1;0,224577441;0,209104742;-0,25140853;1;0,365980273;0,348074703;-0,268039455;1;;;;;;;;;;;;;
993;0,722413058;0,526002723;0,444826115;1;0,007216815;0,194034539;-0,975943949;1;0,482987962;0,345284811;-0,034024076;1;;;;;;;;;;;;;
994;-0,001857747;0,705097178;-1,003715493;1;0,543338369;0,213740579;0,811127896;1;0,426631828;0,370459905;-0,146736345;1;;;;;;;;;;;;;
995;1,155477949;0,403397573;1,310955899;1;-0,015231103;0,181152245;-1,050770343;1;0,169308422;0,306479234;-0,661383155;1;;;;;;;;;;;;;
996;0,452800729;0,519877066;-0,094398541;1;0,307264509;0,197540381;0,024215029;1;0,361471237;0,316321651;-0,277057527;1;;;;;;;;;;;;;
997;-0,254314167;1,014070723;-1,508628334;1;0,571697395;0,230552056;0,905657982;1;0,71906382;0,431068291;0,438127639;1;;;;;;;;;;;;;
998;0,33018965;0,538385582;-0,3396207;1;0,413944982;0,199373447;0,379816607;1;1,092975584;0,340944682;1,185951168;1;;;;;;;;;;;;;
999;1,017803677;0,368134374;1,035607354;1;0,205315837;0,174062649;-0,315613876;1;0,488272428;0,28442251;-0,023455144;1;;;;;;;;;;;;;
1000;0,844456784;0,464996661;0,688913567;1;0,539584742;0,186632552;0,798615807;1;0,3934125;0,316727916;-0,213174999;1;;;;;;;;;;;;;
