;mean;se;bias;cp;mean;se;bias;cp;mean;se;bias;cp;;mean;sd;bias;cp;mean;sd;bias;cp;mean;sd;bias;cp
1;0,673504168;0,245280086;0,347008337;1;0,39885536;0,102501281;0,329517866;1;0,444299528;0,168038874;-0,111400945;1;;0,515816081;0,288772101;0,031632162;0,932;0,299588604;0,106014592;-0,001371322;0,952;0,492448825;0,182321842;-0,01510235;0,95
2;0,622946588;0,231897675;0,245893175;1;0,497514942;0,100671902;0,658383142;0;0,558736248;0,15965871;0,117472497;1;;;;;;;;;;;;;
3;1,182546073;0,209514685;1,365092145;0;0,138504077;0,096669729;-0,538319742;1;0,358374795;0,161636092;-0,28325041;1;;;;;;;;;;;;;
4;0,538681793;0,269057804;0,077363585;1;0,346898462;0,108224586;0,156328205;1;0,43759857;0,182258507;-0,124802861;1;;;;;;;;;;;;;
5;0,740142915;0,248685611;0,48028583;1;0,277480683;0,101900423;-0,07506439;1;0,260245004;0,172268246;-0,479509991;1;;;;;;;;;;;;;
6;-0,017054116;0,339641969;-1,034108232;1;0,3351216;0,111477725;0,117072;1;0,527829664;0,193621886;0,055659329;1;;;;;;;;;;;;;
7;0,504804102;0,287537575;0,009608203;1;0,292316145;0,108041629;-0,025612851;1;0,504422809;0,182593145;0,008845619;1;;;;;;;;;;;;;
8;0,357862615;0,270181604;-0,284274771;1;0,383269921;0,103951551;0,277566404;1;0,480983624;0,178734941;-0,038032751;1;;;;;;;;;;;;;
9;1,056758612;0,217707581;1,113517225;0;0,238141573;0,096956411;-0,206194756;1;0,240604406;0,166164263;-0,518791188;1;;;;;;;;;;;;;
10;0,485575651;0,269423838;-0,028848698;1;0,299037313;0,105560433;-0,003208956;1;0,277480165;0,178098578;-0,445039669;1;;;;;;;;;;;;;
11;0,943519692;0,220335516;0,887039383;0;0,414197305;0,099254192;0,380657684;1;0,262420412;0,162178772;-0,475159176;1;;;;;;;;;;;;;
12;0,407749742;0,290951482;-0,184500516;1;0,4041611;0,106395583;0,347203665;1;0,453559924;0,178693501;-0,092880152;1;;;;;;;;;;;;;
13;0,597461318;0,28545088;0,194922636;1;0,198091369;0,106834395;-0,339695438;1;0,694530137;0,183415628;0,389060274;1;;;;;;;;;;;;;
14;0,864244875;0,210690177;0,72848975;1;0,394454657;0,093888046;0,314848858;1;0,474516021;0,15600526;-0,050967959;1;;;;;;;;;;;;;
15;0,553483735;0,272028528;0,10696747;1;0,296805568;0,108710584;-0,010648107;1;0,441969579;0,182106393;-0,116060842;1;;;;;;;;;;;;;
16;0,532954167;0,291394184;0,065908333;1;0,312804318;0,10832921;0,042681061;1;0,45390076;0,181500273;-0,09219848;1;;;;;;;;;;;;;
17;0,607668086;0,239264445;0,215336172;1;0,254993346;0,099397199;-0,150022181;1;0,646436818;0,172717896;0,292873635;1;;;;;;;;;;;;;
18;0,585451928;0,233355746;0,170903856;1;0,271591975;0,101242968;-0,094693417;1;0,432866713;0,166311694;-0,134266575;1;;;;;;;;;;;;;
19;1,295733188;0,195717038;1,591466375;0;0,433736897;0,091036474;0,445789658;1;0,291651701;0,148517549;-0,416696599;1;;;;;;;;;;;;;
20;0,720914098;0,22461262;0,441828196;1;0,455810806;0,098694872;0,519369353;1;0,403351326;0,162814067;-0,193297348;1;;;;;;;;;;;;;
21;1,042737516;0,198745157;1,085475032;0;0,331213929;0,091320539;0,104046431;1;0,371705482;0,153140114;-0,256589037;1;;;;;;;;;;;;;
22;-0,175439115;0,399352831;-1,350878231;1;0,145855127;0,118243492;-0,513816245;1;0,657843257;0,197911154;0,315686514;1;;;;;;;;;;;;;
23;0,446465608;0,272581236;-0,107068784;1;0,267999761;0,105722603;-0,106667464;1;0,692850255;0,176201733;0,385700509;1;;;;;;;;;;;;;
24;0,72763824;0,211684645;0,455276479;1;0,266710483;0,100264565;-0,110965055;1;0,32524434;0,164350935;-0,34951132;1;;;;;;;;;;;;;
25;0,237443475;0,326896508;-0,525113049;1;0,311756497;0,112266152;0,039188324;1;0,651949198;0,193685849;0,303898396;1;;;;;;;;;;;;;
26;0,936657219;0,223319954;0,873314439;1;0,299547319;0,100176631;-0,001508938;1;0,101186758;0,161207773;-0,797626484;0;;;;;;;;;;;;;
27;1,000331306;0,215141589;1,000662612;0;0,270547987;0,096519631;-0,098173375;1;0,145564405;0,164576887;-0,708871191;0;;;;;;;;;;;;;
28;0,48341985;0,300657389;-0,033160299;1;0,245645033;0,110099963;-0,181183222;1;0,602558298;0,197997105;0,205116596;1;;;;;;;;;;;;;
29;0,396175144;0,278608387;-0,207649713;1;0,394953199;0,104803887;0,316510663;1;0,337631248;0,174715434;-0,324737504;1;;;;;;;;;;;;;
30;0,504807519;0,283878596;0,009615037;1;0,332236119;0,107987924;0,107453732;1;0,32474126;0,1876049;-0,350517479;1;;;;;;;;;;;;;
31;0,552157567;0,229460133;0,104315133;1;0,298922435;0,101038165;-0,003591884;1;0,738268604;0,162405191;0,476537208;1;;;;;;;;;;;;;
32;0,317195602;0,263411351;-0,365608795;1;0,349563908;0,101294084;0,165213027;1;0,686876537;0,178164309;0,373753074;1;;;;;;;;;;;;;
33;-0,022167244;0,389516902;-1,044334487;1;0,442492302;0,121154589;0,474974342;1;0,476614881;0,202231987;-0,046770239;1;;;;;;;;;;;;;
34;0,867903176;0,228876714;0,735806352;1;0,318401903;0,099580215;0,061339677;1;0,464155522;0,167737943;-0,071688956;1;;;;;;;;;;;;;
35;0,938335554;0,227057511;0,876671109;1;0,14984547;0,101360153;-0,500515101;1;0,203161966;0,172651926;-0,593676067;1;;;;;;;;;;;;;
36;0,315944941;0,344664881;-0,368110117;1;0,270604386;0,116367494;-0,097985379;1;0,599623966;0,199217903;0,199247931;1;;;;;;;;;;;;;
37;1,320025313;0,199451864;1,640050626;0;0,282012001;0,094302396;-0,059959997;1;0,10428159;0,157356192;-0,79143682;0;;;;;;;;;;;;;
38;0,918641784;0,208743274;0,837283568;0;0,376826654;0,09303655;0,256088848;1;0,582299833;0,158295721;0,164599667;1;;;;;;;;;;;;;
39;0,283811365;0,316662574;-0,43237727;1;0,182507196;0,111733584;-0,391642678;1;0,637234319;0,192421678;0,274468638;1;;;;;;;;;;;;;
40;0,538105129;0,267075006;0,076210258;1;0,239986368;0,104297051;-0,200045438;1;0,638838199;0,178419073;0,277676398;1;;;;;;;;;;;;;
41;0,814149988;0,242559069;0,628299977;1;0,27193954;0,107231647;-0,093534866;1;0,184893067;0,172024841;-0,630213867;1;;;;;;;;;;;;;
42;0,500198078;0,261123904;0,000396157;1;0,110290453;0,111034805;-0,632365158;1;0,729636037;0,180826296;0,459272075;1;;;;;;;;;;;;;
43;0,649468015;0,254521363;0,29893603;1;0,385472359;0,106709169;0,284907864;1;0,257408911;0,17004193;-0,485182177;1;;;;;;;;;;;;;
44;0,632031712;0,251900719;0,264063424;1;0,280169285;0,102877697;-0,066102383;1;0,656880224;0,175955907;0,313760449;1;;;;;;;;;;;;;
45;0,382689817;0,28211619;-0,234620367;1;0,337763471;0,107693561;0,125878238;1;0,423771921;0,190263746;-0,152456158;1;;;;;;;;;;;;;
46;0,741593868;0,251924521;0,483187736;1;-0,028267321;0,104738689;-1,094224404;0;0,580932973;0,178563029;0,161865947;1;;;;;;;;;;;;;
47;-0,017483391;0,411396743;-1,034966782;1;0,400109352;0,120089275;0,333697841;1;0,738200604;0,208700341;0,476401208;1;;;;;;;;;;;;;
48;0,523621614;0,242537664;0,047243229;1;0,312395688;0,10161874;0,041318959;1;0,597472108;0,173907616;0,194944216;1;;;;;;;;;;;;;
49;0,05310929;0,356581687;-0,893781421;1;0,323560471;0,112380349;0,078534902;1;0,84534706;0,207171716;0,690694119;1;;;;;;;;;;;;;
50;0,701281236;0,235519242;0,402562471;1;0,437328973;0,09946102;0,457763244;1;0,391496513;0,163222549;-0,217006974;1;;;;;;;;;;;;;
51;0,280261283;0,301611767;-0,439477433;1;0,423014971;0,106535523;0,410049903;1;0,358957846;0,1859571;-0,282084308;1;;;;;;;;;;;;;
52;0,347519138;0,335916246;-0,304961723;1;0,119275863;0,114585766;-0,60241379;1;0,529048043;0,194311082;0,058096086;1;;;;;;;;;;;;;
53;0,70806532;0,228391016;0,41613064;1;0,22557124;0,099526625;-0,248095867;1;0,492580963;0,164460443;-0,014838073;1;;;;;;;;;;;;;
54;0,560797768;0,269043535;0,121595537;1;0,241907992;0,106370271;-0,193640027;1;0,497027441;0,187894361;-0,005945118;1;;;;;;;;;;;;;
55;0,458685852;0,279037417;-0,082628296;1;0,29145487;0,106882144;-0,028483767;1;0,567166242;0,179023347;0,134332483;1;;;;;;;;;;;;;
56;0,179553503;0,320020781;-0,640892995;1;0,427300832;0,111200681;0,424336107;1;0,705340741;0,187848784;0,410681482;1;;;;;;;;;;;;;
57;-0,043372992;0,351561172;-1,086745983;1;0,213141954;0,113669312;-0,289526819;1;0,502576874;0,196743885;0,005153748;1;;;;;;;;;;;;;
58;0,224819883;0,267091602;-0,550360233;1;0,469403136;0,106041785;0,56467712;1;0,616752439;0,173127128;0,233504877;1;;;;;;;;;;;;;
59;0,551463457;0,260229186;0,102926914;1;0,287560472;0,10533536;-0,041465092;1;0,362831689;0,180180264;-0,274336622;1;;;;;;;;;;;;;
60;0,542453653;0,24758243;0,084907305;1;0,179538555;0,102414348;-0,401538149;1;0,567897993;0,173134688;0,135795985;1;;;;;;;;;;;;;
61;0,512395567;0,241879489;0,024791135;1;0,311668499;0,100829989;0,038894997;1;0,610668426;0,166003922;0,221336851;1;;;;;;;;;;;;;
62;0,469354867;0,27158674;-0,061290266;1;0,29650533;0,106198332;-0,011648901;1;0,456674786;0,180362692;-0,086650427;1;;;;;;;;;;;;;
63;0,635433837;0,317828509;0,270867673;1;0,348381542;0,114690038;0,161271806;1;0,1359719;0,188718999;-0,728056201;1;;;;;;;;;;;;;
64;0,821899854;0,19796937;0,643799707;1;0,31176841;0,093910052;0,039228035;1;0,567833093;0,152330984;0,135666186;1;;;;;;;;;;;;;
65;0,070859693;0,387642021;-0,858280614;1;0,272008283;0,117623508;-0,093305724;1;0,499958707;0,20058558;-8,26E-05;1;;;;;;;;;;;;;
66;0,772686959;0,233926683;0,545373919;1;0,192776404;0,099718799;-0,357411986;1;0,615158879;0,173073001;0,230317758;1;;;;;;;;;;;;;
67;0,084824554;0,474471622;-0,830350892;1;0,20125254;0,124632767;-0,329158199;1;0,467353566;0,217925304;-0,065292867;1;;;;;;;;;;;;;
68;0,324660128;0,274703929;-0,350679744;1;0,199460426;0,107874467;-0,335131915;1;0,504799776;0,179125625;0,009599552;1;;;;;;;;;;;;;
69;0,61557179;0,240924612;0,23114358;1;0,399760676;0,103321103;0,332535586;1;0,510986279;0,175203855;0,021972557;1;;;;;;;;;;;;;
70;0,072096136;0,423756062;-0,855807728;1;0,194490329;0,120133715;-0,351698903;1;0,630013433;0,209470687;0,260026866;1;;;;;;;;;;;;;
71;0,479810472;0,302796679;-0,040379056;1;0,404264671;0,109019349;0,347548903;1;0,660505653;0,191687866;0,321011305;1;;;;;;;;;;;;;
72;0,403300469;0,302915411;-0,193399063;1;0,542858172;0,107734308;0,809527239;0;0,347940919;0,176398803;-0,304118162;1;;;;;;;;;;;;;
73;0,683436621;0,247705161;0,366873242;1;0,187278464;0,102141884;-0,375738452;1;0,368533396;0,17462213;-0,262933209;1;;;;;;;;;;;;;
74;0,648787174;0,255509156;0,297574347;1;0,263327911;0,104643288;-0,122240297;1;0,32083805;0,175786364;-0,3583239;1;;;;;;;;;;;;;
75;0,617816518;0,240717222;0,235633036;1;0,273492678;0,100777586;-0,088357741;1;0,567615826;0,169932464;0,135231651;1;;;;;;;;;;;;;
76;0,617660034;0,27164051;0,235320067;1;0,069774091;0,105939988;-0,767419697;0;0,279270551;0,183525322;-0,441458899;1;;;;;;;;;;;;;
77;0,557179555;0,26567627;0,114359109;1;0,363650153;0,106406834;0,212167175;1;0,419730392;0,180210176;-0,160539216;1;;;;;;;;;;;;;
78;0,722724003;0,257512427;0,445448006;1;0,427231075;0,108207866;0,424103584;1;0,077272112;0,177978071;-0,845455776;0;;;;;;;;;;;;;
79;0,232733769;0,362146833;-0,534532461;1;0,303041199;0,117339415;0,010137331;1;0,338012429;0,19318448;-0,323975142;1;;;;;;;;;;;;;
80;0,787624256;0,22667044;0,575248512;1;0,274636557;0,09762788;-0,084544809;1;0,482001469;0,16790685;-0,035997062;1;;;;;;;;;;;;;
81;0,834127786;0,234999044;0,668255573;1;0,345157582;0,099626576;0,150525274;1;0,403170377;0,16662577;-0,193659247;1;;;;;;;;;;;;;
82;0,426608284;0,277308028;-0,146783432;1;0,297462029;0,106930563;-0,008459902;1;0,497801946;0,180963048;-0,004396108;1;;;;;;;;;;;;;
83;0,287463588;0,25278936;-0,425072824;1;0,487368789;0,105217971;0,62456263;1;0,591924779;0,175385943;0,183849558;1;;;;;;;;;;;;;
84;0,903934152;0,234435564;0,807868304;1;0,200662013;0,103574272;-0,331126624;1;0,169338778;0,169707462;-0,661322444;1;;;;;;;;;;;;;
85;0,864093868;0,231850352;0,728187737;1;0,363488658;0,097957456;0,211628859;1;0,293991495;0,169183061;-0,41201701;1;;;;;;;;;;;;;
86;0,992254463;0,22617689;0,984508927;0;0,22666445;0,099612991;-0,244451832;1;0,390103301;0,167150777;-0,219793398;1;;;;;;;;;;;;;
87;0,493718805;0,315542575;-0,012562389;1;0,316242104;0,110102027;0,054140346;1;0,363741412;0,188251034;-0,272517176;1;;;;;;;;;;;;;
88;1,008472134;0,221915571;1,016944267;0;0,290106242;0,098509581;-0,032979194;1;0,384653646;0,167006048;-0,230692708;1;;;;;;;;;;;;;
89;0,080246317;0,335881167;-0,839507365;1;0,16870974;0,112908264;-0,437634201;1;0,695065267;0,194322321;0,390130533;1;;;;;;;;;;;;;
90;-0,407752325;0,570361385;-1,815504651;1;0,225934689;0,130981242;-0,246884371;1;0,822169773;0,22928725;0,644339546;1;;;;;;;;;;;;;
91;0,779490745;0,233815257;0,558981489;1;0,243454354;0,098984964;-0,188485486;1;0,643783797;0,168816144;0,287567595;1;;;;;;;;;;;;;
92;0,520067078;0,250760252;0,040134156;1;0,344486212;0,102472468;0,148287372;1;0,448714326;0,181054811;-0,102571348;1;;;;;;;;;;;;;
93;0,251635629;0,279169462;-0,496728743;1;0,308990418;0,108854285;0,029968059;1;0,715848838;0,185137285;0,431697676;1;;;;;;;;;;;;;
94;0,34598891;0,325259055;-0,308022179;1;0,216630723;0,115808664;-0,277897591;1;0,496408242;0,19513991;-0,007183516;1;;;;;;;;;;;;;
95;0,671190071;0,319524862;0,342380142;1;0,269942008;0,116581379;-0,100193308;1;0,118642483;0,195842583;-0,762715034;1;;;;;;;;;;;;;
96;0,535602821;0,257787792;0,071205643;1;0,265245376;0,104264102;-0,115848747;1;0,568455061;0,17955869;0,136910121;1;;;;;;;;;;;;;
97;0,594017503;0,244370442;0,188035005;1;0,172290126;0,09994428;-0,425699582;1;0,519215563;0,175879509;0,038431125;1;;;;;;;;;;;;;
98;0,951098794;0,23215151;0,902197588;1;0,314145291;0,10200388;0,047150969;1;0,314103282;0,1704726;-0,371793436;1;;;;;;;;;;;;;
99;0,319503269;0,324581206;-0,360993463;1;0,189879301;0,11371611;-0,367068998;1;0,63814273;0,195991133;0,27628546;1;;;;;;;;;;;;;
100;0,566711112;0,265597383;0,133422225;1;0,264255231;0,105691492;-0,11914923;1;0,366602697;0,180541035;-0,266794607;1;;;;;;;;;;;;;
101;0,662973257;0,248682803;0,325946514;1;0,348013892;0,10124119;0,160046306;1;0,435937371;0,166015937;-0,128125258;1;;;;;;;;;;;;;
102;0,515845305;0,264322297;0,031690611;1;0,084142569;0,106834444;-0,71952477;0;0,438862857;0,182185936;-0,122274287;1;;;;;;;;;;;;;
103;0,694854808;0,228330534;0,389709616;1;0,149090018;0,098555819;-0,503033272;1;0,658479235;0,167066238;0,316958471;1;;;;;;;;;;;;;
104;0,921550472;0,21898965;0,843100944;1;0,351844218;0,098040502;0,172814061;1;0,372322584;0,162631575;-0,255354832;1;;;;;;;;;;;;;
105;0,168430789;0,394605885;-0,663138421;1;0,447668586;0,1180577;0,49222862;1;0,020996591;0,202617928;-0,958006818;0;;;;;;;;;;;;;
106;0,92530178;0,240948787;0,85060356;1;0,227394411;0,105947666;-0,24201863;1;0,34370624;0,175722911;-0,312587519;1;;;;;;;;;;;;;
107;0,334403511;0,282195074;-0,331192978;1;0,011895767;0,110921171;-0,960347444;0;0,759916701;0,185443419;0,519833402;1;;;;;;;;;;;;;
108;0,504815336;0,28574358;0,009630672;1;0,119090579;0,111433127;-0,603031402;1;0,439521424;0,190548906;-0,120957153;1;;;;;;;;;;;;;
109;0,520012051;0,29729707;0,040024102;1;0,324575244;0,112879099;0,08191748;1;0,376446904;0,189038501;-0,247106193;1;;;;;;;;;;;;;
110;-0,287843994;0,558759554;-1,575687988;1;0,007313208;0,129531564;-0,975622639;0;0,494413731;0,2253776;-0,011172538;1;;;;;;;;;;;;;
111;0,283067725;0,31591772;-0,43386455;1;0,182103563;0,110593643;-0,392988125;1;0,8126092;0,195728286;0,625218401;1;;;;;;;;;;;;;
112;0,401009908;0,282541135;-0,197980184;1;0,33155892;0,107491564;0,105196401;1;0,509862618;0,189048028;0,019725236;1;;;;;;;;;;;;;
113;0,831283588;0,232989189;0,662567175;1;0,297572299;0,098549783;-0,008092338;1;0,356285361;0,167873616;-0,287429277;1;;;;;;;;;;;;;
114;0,805088215;0,217771712;0,610176429;1;0,240179657;0,098130914;-0,199401142;1;0,494854757;0,163091423;-0,010290486;1;;;;;;;;;;;;;
115;0,287258743;0,270448506;-0,425482514;1;0,259788039;0,106104161;-0,134039869;1;0,539214343;0,176728636;0,078428686;1;;;;;;;;;;;;;
116;0,735345105;0,231914765;0,47069021;1;0,205185707;0,099888241;-0,316047644;1;0,704474119;0,172615119;0,408948239;1;;;;;;;;;;;;;
117;0,155426327;0,314864372;-0,689147347;1;0,2102432;0,110577033;-0,299189332;1;0,745263106;0,18969867;0,490526212;1;;;;;;;;;;;;;
118;0,470368447;0,244125094;-0,059263106;1;0,351638769;0,100472757;0,17212923;1;0,706884338;0,168829926;0,413768676;1;;;;;;;;;;;;;
119;1,03199433;0,220320814;1,063988659;0;0,317246086;0,094454357;0,057486953;1;0,174265735;0,157306748;-0,65146853;0;;;;;;;;;;;;;
120;0,538351925;0,253915338;0,076703849;1;0,332063691;0,100093639;0,106878971;1;0,478079372;0,171764075;-0,043841255;1;;;;;;;;;;;;;
121;0,488485484;0,261089962;-0,023029033;1;0,36382271;0,102450839;0,212742368;1;0,554074912;0,173394931;0,108149825;1;;;;;;;;;;;;;
122;0,430472115;0,286432897;-0,13905577;1;0,304143125;0,107191295;0,013810415;1;0,442125659;0,183295343;-0,115748682;1;;;;;;;;;;;;;
123;0,718594929;0,248769981;0,437189857;1;0,243418253;0,103347825;-0,188605822;1;0,540407824;0,177982318;0,080815649;1;;;;;;;;;;;;;
124;0,695782232;0,245127588;0,391564464;1;0,270277993;0,102505585;-0,099073356;1;0,337504943;0,167924446;-0,324990115;1;;;;;;;;;;;;;
125;0,792284686;0,218902451;0,584569372;1;0,296686152;0,097179307;-0,01104616;1;0,616430609;0,163617386;0,232861218;1;;;;;;;;;;;;;
126;0,513709086;0,270201716;0,027418173;1;0,267129433;0,104937422;-0,109568555;1;0,410812846;0,184807638;-0,178374307;1;;;;;;;;;;;;;
127;0,711772694;0,241736686;0,423545388;1;0,201395433;0,105427058;-0,328681891;1;0,41810939;0,174287779;-0,163781219;1;;;;;;;;;;;;;
128;0,652062355;0,232568582;0,30412471;1;0,363753621;0,097556673;0,212512071;1;0,583758148;0,164496053;0,167516296;1;;;;;;;;;;;;;
129;0,683230211;0,246591235;0,366460422;1;0,275407416;0,103209219;-0,08197528;1;0,21365731;0,172662136;-0,57268538;1;;;;;;;;;;;;;
130;0,427581835;0,24277512;-0,14483633;1;0,378840174;0,100538472;0,262800581;1;0,571214743;0,168263872;0,142429487;1;;;;;;;;;;;;;
131;0,667477687;0,260876504;0,334955375;1;0,428379539;0,104682673;0,427931796;1;0,087513304;0,182567214;-0,824973391;0;;;;;;;;;;;;;
132;0,408672068;0,306001929;-0,182655863;1;0,119334523;0,110980713;-0,602218258;1;0,639208651;0,189384486;0,278417301;1;;;;;;;;;;;;;
133;0,47588121;0,275254651;-0,04823758;1;0,263881038;0,108039566;-0,120396538;1;0,595282853;0,182804715;0,190565706;1;;;;;;;;;;;;;
134;0,506835186;0,264110731;0,013670372;1;0,37787226;0,108435152;0,2595742;1;0,520452642;0,17828045;0,040905285;1;;;;;;;;;;;;;
135;0,515235078;0,236392364;0,030470157;1;0,229922006;0,099230994;-0,233593312;1;0,621030226;0,167427789;0,242060453;1;;;;;;;;;;;;;
136;0,741322639;0,233362684;0,482645277;1;0,134058839;0,101215672;-0,553137203;1;0,502895042;0,170946966;0,005790085;1;;;;;;;;;;;;;
137;0,412109139;0,306645694;-0,175781721;1;0,19790723;0,113090036;-0,340309234;1;0,620145194;0,19216731;0,240290387;1;;;;;;;;;;;;;
138;0,574481413;0,252271954;0,148962827;1;0,303776161;0,104400289;0,012587203;1;0,614918122;0,178063145;0,229836244;1;;;;;;;;;;;;;
139;0,633018627;0,213567344;0,266037255;1;0,27250192;0,095879182;-0,091660266;1;0,589632091;0,159151505;0,179264181;1;;;;;;;;;;;;;
140;0,528667067;0,329143053;0,057334134;1;0,004445165;0,115523206;-0,985182783;0;0,51138068;0,199824391;0,02276136;1;;;;;;;;;;;;;
141;0,478522344;0,25270693;-0,042955312;1;0,429364912;0,101213704;0,431216373;1;0,643382709;0,174525932;0,286765417;1;;;;;;;;;;;;;
142;0,357169119;0,247929088;-0,285661762;1;0,381049761;0,102108534;0,270165869;1;0,584494404;0,164909329;0,168988808;1;;;;;;;;;;;;;
143;0,600748633;0,294190799;0,201497265;1;0,416867758;0,110415106;0,389559192;1;0,531724473;0,196608442;0,063448947;1;;;;;;;;;;;;;
144;0,688701336;0,268879714;0,377402673;1;0,112829909;0,111479462;-0,623900304;1;0,313577487;0,183772258;-0,372845026;1;;;;;;;;;;;;;
145;0,172393841;0,311864748;-0,655212319;1;0,245856016;0,112609948;-0,180479946;1;0,708679613;0,191622415;0,417359226;1;;;;;;;;;;;;;
146;0,180378866;0,36921219;-0,639242268;1;0,477016513;0,116039497;0,590055042;1;0,27236851;0,197343336;-0,45526298;1;;;;;;;;;;;;;
147;0,391266088;0,307193716;-0,217467824;1;0,255961007;0,11029968;-0,146796644;1;0,72482789;0,190769491;0,44965578;1;;;;;;;;;;;;;
148;-0,012611098;0,367217191;-1,025222196;1;0,299780945;0,115203213;-0,000730183;1;0,677064118;0,201109121;0,354128237;1;;;;;;;;;;;;;
149;0,523250584;0,260303771;0,046501168;1;0,279409918;0,10627543;-0,068633607;1;0,48026048;0,179832075;-0,03947904;1;;;;;;;;;;;;;
150;0,845519505;0,225465849;0,69103901;1;0,442519502;0,09977838;0,475065006;1;0,434003024;0,161392884;-0,131993952;1;;;;;;;;;;;;;
151;-0,574377999;0,548820118;-2,148755997;1;0,384856658;0,124914635;0,282855525;1;0,787409772;0,220542533;0,574819544;1;;;;;;;;;;;;;
152;0,656976824;0,2572642;0,313953647;1;0,239575667;0,106312421;-0,201414443;1;0,28834766;0,176589353;-0,42330468;1;;;;;;;;;;;;;
153;0,604005367;0,272789664;0,208010734;1;0,279412189;0,104715602;-0,068626036;1;0,41965591;0,18047251;-0,160688179;1;;;;;;;;;;;;;
154;0,672654625;0,25250156;0,345309251;1;0,327041591;0,103093736;0,090138638;1;0,475289426;0,177038485;-0,049421147;1;;;;;;;;;;;;;
155;-0,037873246;0,367878943;-1,075746492;1;0,282037412;0,116602416;-0,059875295;1;0,564223311;0,201151104;0,128446622;1;;;;;;;;;;;;;
156;0,54608282;0,261323521;0,09216564;1;0,473918961;0,104000596;0,579729869;1;0,34563535;0,174677486;-0,3087293;1;;;;;;;;;;;;;
157;0,718401064;0,252534654;0,436802129;1;0,29000289;0,105292216;-0,033323699;1;0,242282079;0,174104145;-0,515435841;1;;;;;;;;;;;;;
158;0,480664637;0,262889063;-0,038670727;1;0,362512512;0,105259987;0,20837504;1;0,451629913;0,17588835;-0,096740174;1;;;;;;;;;;;;;
159;0,543389098;0,270026632;0,086778196;1;0,169975429;0,102319325;-0,433415238;1;0,487127507;0,178866133;-0,025744986;1;;;;;;;;;;;;;
160;0,424764946;0,319969402;-0,150470107;1;0,34299045;0,113215855;0,143301499;1;0,26108184;0,187181911;-0,47783632;1;;;;;;;;;;;;;
161;0,372929308;0,274262074;-0,254141385;1;0,344675865;0,105770431;0,14891955;1;0,704470325;0,183896467;0,408940649;1;;;;;;;;;;;;;
162;0,970749261;0,217571257;0,941498523;0;0,298045263;0,094580898;-0,00651579;1;0,294043805;0,163261575;-0,41191239;1;;;;;;;;;;;;;
163;0,862307595;0,231751791;0,72461519;1;0,322838944;0,101241299;0,076129812;1;0,213488201;0,172213815;-0,573023599;1;;;;;;;;;;;;;
164;0,476975295;0,255193361;-0,04604941;1;0,497670384;0,10227888;0,65890128;1;0,49462074;0,171882517;-0,010758519;1;;;;;;;;;;;;;
165;0,746642358;0,268480216;0,493284716;1;0,188297323;0,107226176;-0,372342256;1;0,135905311;0,178313648;-0,728189377;0;;;;;;;;;;;;;
166;1,055833395;0,201703559;1,11166679;0;0,391851743;0,094262547;0,306172478;1;0,509156511;0,156513857;0,018313022;1;;;;;;;;;;;;;
167;0,757042159;0,205822266;0,514084317;1;0,360456872;0,094748383;0,201522907;1;0,556689344;0,156754727;0,113378688;1;;;;;;;;;;;;;
168;0,68782193;0,245275136;0,375643859;1;0,370356743;0,10305278;0,234522477;1;0,158405684;0,174398646;-0,683188632;1;;;;;;;;;;;;;
169;0,495557982;0,260024014;-0,008884036;1;0,389245926;0,10496837;0,297486421;1;0,576537711;0,18093725;0,153075422;1;;;;;;;;;;;;;
170;0,438886152;0,273815595;-0,122227696;1;0,389386514;0,105173752;0,297955046;1;0,578015654;0,182890796;0,156031307;1;;;;;;;;;;;;;
171;0,198833727;0,316512351;-0,602332545;1;0,375348836;0,108718602;0,251162786;1;0,641330224;0,19501563;0,282660448;1;;;;;;;;;;;;;
172;0,720478736;0,241021115;0,440957471;1;0,127054252;0,102088478;-0,576485828;1;0,389952721;0,172875464;-0,220094558;1;;;;;;;;;;;;;
173;0,585766164;0,327392906;0,171532328;1;0,303410212;0,114472466;0,011367373;1;0,225687426;0,192770945;-0,548625149;1;;;;;;;;;;;;;
174;1,059984522;0,229521985;1,119969044;0;0,334628851;0,101500099;0,115429505;1;0,211399392;0,164721531;-0,577201217;1;;;;;;;;;;;;;
175;-0,000537632;0,343231125;-1,001075265;1;0,273213366;0,1133999;-0,089288779;1;0,815737215;0,19946809;0,631474429;1;;;;;;;;;;;;;
176;0,421358184;0,328517633;-0,157283633;1;0,215620963;0,115006248;-0,281263458;1;0,26335688;0,186717369;-0,47328624;1;;;;;;;;;;;;;
177;0,821587178;0,245117569;0,643174356;1;0,402026492;0,103289109;0,340088306;1;0,201773467;0,170102929;-0,596453065;1;;;;;;;;;;;;;
178;0,523249995;0,253251204;0,04649999;1;0,396645087;0,101720603;0,322150289;1;0,578536004;0,172098203;0,157072008;1;;;;;;;;;;;;;
179;0,782160957;0,280507121;0,564321913;1;0,193820546;0,107077554;-0,353931512;1;-0,061488015;0,177520579;-1,12297603;0;;;;;;;;;;;;;
180;0,242288713;0,316630749;-0,515422575;1;0,201043657;0,113737595;-0,329854476;1;0,846232063;0,197432717;0,692464126;1;;;;;;;;;;;;;
181;0,325280606;0,316791415;-0,349438787;1;0,143369388;0,114955869;-0,522102038;1;0,515194122;0,198397107;0,030388244;1;;;;;;;;;;;;;
182;0,110385767;0,309738405;-0,779228467;1;0,547876429;0,108455522;0,826254762;0;0,685630116;0,187131281;0,371260233;1;;;;;;;;;;;;;
183;-0,045107771;0,387413736;-1,090215541;1;0,349397257;0,120539413;0,164657522;1;0,688016566;0,208566442;0,376033131;1;;;;;;;;;;;;;
184;0,40457069;0,254080001;-0,190858619;1;0,349260967;0,106352226;0,164203224;1;0,517996652;0,178427687;0,035993304;1;;;;;;;;;;;;;
185;0,695167494;0,218573168;0,390334989;1;0,271541763;0,096669264;-0,094860791;1;0,559210855;0,159949741;0,118421711;1;;;;;;;;;;;;;
186;0,661753913;0,286430181;0,323507826;1;0,435214149;0,106343188;0,450713829;1;0,295085884;0,185244692;-0,409828231;1;;;;;;;;;;;;;
187;0,605708661;0,236922277;0,211417321;1;0,421518371;0,099870469;0,405061236;1;0,441945537;0,166441838;-0,116108925;1;;;;;;;;;;;;;
188;0,21591306;0,384622619;-0,56817388;1;0,381564622;0,116463306;0,271882072;1;0,398828167;0,195833007;-0,202343666;1;;;;;;;;;;;;;
189;0,939974445;0,208746774;0,879948891;0;0,334631445;0,092866919;0,115438149;1;0,514989219;0,155312861;0,029978437;1;;;;;;;;;;;;;
190;0,496852734;0,27226489;-0,006294532;1;0,077903259;0,105494483;-0,740322471;0;0,781009273;0,181186326;0,562018545;1;;;;;;;;;;;;;
191;0,946437538;0,230698699;0,892875076;1;0,225679181;0,102945627;-0,247736063;1;0,268278881;0,170171267;-0,463442238;1;;;;;;;;;;;;;
192;0,591898954;0,271346535;0,183797908;1;0,245105604;0,106546522;-0,18298132;1;0,561968761;0,181810372;0,123937523;1;;;;;;;;;;;;;
193;-0,278718667;0,477479261;-1,557437334;1;0,190767539;0,119766629;-0,364108204;1;0,576190763;0,209516721;0,152381527;1;;;;;;;;;;;;;
194;0,895212097;0,223910379;0,790424194;1;0,474467186;0,099203658;0,581557286;1;0,252061662;0,162735581;-0,495876675;1;;;;;;;;;;;;;
195;0,468156557;0,279677028;-0,063686886;1;0,288947515;0,107081368;-0,036841616;1;0,631740379;0,183047471;0,263480757;1;;;;;;;;;;;;;
196;0,329557796;0,281390341;-0,340884409;1;0,283183624;0,108919184;-0,056054586;1;0,480073141;0,18207299;-0,039853718;1;;;;;;;;;;;;;
197;0,781034885;0,219820313;0,56206977;1;0,283731458;0,098656868;-0,054228473;1;0,525317692;0,159795118;0,050635384;1;;;;;;;;;;;;;
198;-0,356348699;0,516999274;-1,712697398;1;0,233434475;0,124104514;-0,221885083;1;0,493607098;0,211133199;-0,012785805;1;;;;;;;;;;;;;
199;0,534084823;0,264415631;0,068169645;1;0,155451846;0,104341287;-0,481827179;1;0,521967588;0,177012954;0,043935176;1;;;;;;;;;;;;;
200;0,573002134;0,273495325;0,146004269;1;0,302049779;0,109038968;0,006832597;1;0,146405124;0,178087884;-0,707189752;0;;;;;;;;;;;;;
201;0,33464007;0,295008207;-0,33071986;1;0,273551336;0,109878124;-0,088162214;1;0,437506331;0,189347562;-0,124987338;1;;;;;;;;;;;;;
202;0,774565421;0,205880301;0,549130842;1;0,302325452;0,098812694;0,007751508;1;0,524591209;0,158069378;0,049182417;1;;;;;;;;;;;;;
203;0,188192257;0,32869809;-0,623615485;1;0,493451742;0,11155896;0,64483914;1;0,499900212;0,191118535;-0,000199576;1;;;;;;;;;;;;;
204;0,445918097;0,282509283;-0,108163806;1;0,552085123;0,107400068;0,840283744;0;0,23658937;0,177768727;-0,52682126;1;;;;;;;;;;;;;
205;0,513355517;0,295876082;0,026711033;1;0,194946502;0,112753165;-0,350178326;1;0,201871111;0,183727106;-0,596257778;1;;;;;;;;;;;;;
206;0,245293041;0,373925182;-0,509413917;1;0,275545207;0,115871519;-0,081515977;1;0,436997411;0,20506043;-0,126005178;1;;;;;;;;;;;;;
207;0,531417121;0,272010658;0,062834242;1;0,166633202;0,106202601;-0,444555993;1;0,667540283;0,179559965;0,335080566;1;;;;;;;;;;;;;
208;0,595536674;0,250380139;0,191073348;1;0,17831937;0,105762936;-0,405602101;1;0,418302038;0,179387551;-0,163395924;1;;;;;;;;;;;;;
209;0,281312114;0,299659555;-0,437375771;1;0,394173217;0,107905164;0,313910722;1;0,720364088;0,187148056;0,440728177;1;;;;;;;;;;;;;
210;0,741504017;0,233330684;0,483008034;1;0,128552879;0,100759345;-0,571490402;1;0,498958118;0,168623605;-0,002083765;1;;;;;;;;;;;;;
211;1,018419244;0,190390729;1,036838488;0;0,161254467;0,091209855;-0,462485108;1;0,636847464;0,15210599;0,273694929;1;;;;;;;;;;;;;
212;0,420129704;0,276879444;-0,159740593;1;0,181290776;0,105750574;-0,395697414;1;0,811182556;0,183338686;0,622365113;1;;;;;;;;;;;;;
213;0,756271341;0,220859654;0,512542683;1;0,279460262;0,09830772;-0,068465793;1;0,405495789;0,165652729;-0,189008421;1;;;;;;;;;;;;;
214;0,349319716;0,283276936;-0,301360568;1;0,391581783;0,109243942;0,30527261;1;0,704128347;0,191182991;0,408256694;1;;;;;;;;;;;;;
215;0,783931993;0,249750869;0,567863986;1;0,251316863;0,103558886;-0,162277123;1;0,243105848;0,181192441;-0,513788304;1;;;;;;;;;;;;;
216;0,693095922;0,26625547;0,386191845;1;0,20047375;0,105313378;-0,331754168;1;0,344249015;0,177219975;-0,31150197;1;;;;;;;;;;;;;
217;1,176016022;0,186587903;1,352032044;0;0,311125499;0,090494812;0,037084998;1;0,404925135;0,152618113;-0,19014973;1;;;;;;;;;;;;;
218;0,434576057;0,331217818;-0,130847886;1;0,093142161;0,114278453;-0,689526129;1;0,553864287;0,188941738;0,107728574;1;;;;;;;;;;;;;
219;0,200914361;0,308997442;-0,598171277;1;0,217410626;0,109117007;-0,275297913;1;0,606607754;0,190785236;0,213215508;1;;;;;;;;;;;;;
220;0,487410945;0,269014371;-0,025178109;1;0,318322181;0,103941888;0,061073935;1;0,865498186;0,179843334;0,730996371;0;;;;;;;;;;;;;
221;0,915407348;0,201532467;0,830814697;0;0,306725969;0,096927097;0,022419897;1;0,285029147;0,159455646;-0,429941705;1;;;;;;;;;;;;;
222;0,906167809;0,218802374;0,812335618;1;0,234687307;0,09618872;-0,217708978;1;0,420969679;0,160933096;-0,158060643;1;;;;;;;;;;;;;
223;0,694522682;0,279331681;0,389045364;1;0,289370247;0,106656494;-0,035432511;1;0,27396432;0,177687117;-0,45207136;1;;;;;;;;;;;;;
224;0,862188903;0,219915556;0,724377807;1;0,314007089;0,097493059;0,046690298;1;0,377485647;0,164960989;-0,245028706;1;;;;;;;;;;;;;
225;0,753392203;0,281192801;0,506784405;1;0,310006809;0,108126813;0,03335603;1;0,19225822;0,182283911;-0,61548356;1;;;;;;;;;;;;;
226;0,926922718;0,209780186;0,853845437;0;0,256617458;0,095421103;-0,144608474;1;0,359722118;0,159881986;-0,280555764;1;;;;;;;;;;;;;
227;0,665361338;0,240912785;0,330722676;1;0,204233472;0,099900798;-0,31922176;1;0,81436822;0,17551114;0,62873644;1;;;;;;;;;;;;;
228;0,361048431;0,316062225;-0,277903137;1;0,291433485;0,112182797;-0,02855505;1;0,492795818;0,194311378;-0,014408363;1;;;;;;;;;;;;;
229;0,367793817;0,382257312;-0,264412366;1;0,164692468;0,119127069;-0,451025107;1;0,297992584;0,214712929;-0,404014832;1;;;;;;;;;;;;;
230;0,290581937;0,284851995;-0,418836126;1;0,345417947;0,105805401;0,151393157;1;0,750004546;0,183139225;0,500009092;1;;;;;;;;;;;;;
231;0,515138316;0,246672382;0,030276632;1;0,428043425;0,100780386;0,426811415;1;0,634827504;0,177195782;0,269655007;1;;;;;;;;;;;;;
232;0,64797855;0,24239607;0,2959571;1;0,33973166;0,101336906;0,132438867;1;0,591371437;0,174458026;0,182742875;1;;;;;;;;;;;;;
233;0,716794171;0,288384379;0,433588341;1;-0,018138635;0,112432398;-1,060462118;0;0,58277778;0,192389487;0,165555561;1;;;;;;;;;;;;;
234;0,396084182;0,306454882;-0,207831637;1;0,208921947;0,1128879;-0,30359351;1;0,761330771;0,191334076;0,522661542;1;;;;;;;;;;;;;
235;0,68959784;0,226545413;0,379195679;1;0,279621626;0,102586792;-0,067927914;1;0,462717096;0,165032847;-0,074565807;1;;;;;;;;;;;;;
236;1,00978186;0,19467418;1,01956372;0;0,377526028;0,091111915;0,258420092;1;0,518067727;0,151992533;0,036135453;1;;;;;;;;;;;;;
237;0,704543478;0,217128568;0,409086956;1;0,311810343;0,095321877;0,039367809;1;0,633856309;0,162616818;0,267712618;1;;;;;;;;;;;;;
238;0,887567856;0,225804175;0,775135712;1;0,370606026;0,097797373;0,235353418;1;0,469557372;0,171258116;-0,060885255;1;;;;;;;;;;;;;
239;0,644590377;0,266384721;0,289180753;1;0,338765866;0,106413674;0,129219554;1;0,329896079;0,17398324;-0,340207842;1;;;;;;;;;;;;;
240;0,917706088;0,221070171;0,835412177;1;0,198506347;0,095551668;-0,338312177;1;0,655222191;0,165079881;0,310444382;1;;;;;;;;;;;;;
241;0,438182898;0,268979043;-0,123634204;1;0,416120515;0,104814132;0,387068383;1;0,450619164;0,17450556;-0,098761672;1;;;;;;;;;;;;;
242;0,644513801;0,252737157;0,289027602;1;0,251909893;0,104808135;-0,160300357;1;0,599151053;0,183077412;0,198302107;1;;;;;;;;;;;;;
243;0,414484735;0,299984681;-0,17103053;1;0,299745082;0,110772722;-0,000849725;1;0,367539906;0,192076626;-0,264920188;1;;;;;;;;;;;;;
244;0,282085708;0,312359332;-0,435828583;1;0,368926782;0,111969266;0,22975594;1;0,684835011;0,19501025;0,369670022;1;;;;;;;;;;;;;
245;0,677065513;0,264830816;0,354131025;1;0,348763022;0,107330274;0,162543405;1;0,476600022;0,177987195;-0,046799957;1;;;;;;;;;;;;;
246;0,257527137;0,3174136;-0,484945727;1;0,175378228;0,11310336;-0,415405906;1;0,474949485;0,187584228;-0,050101029;1;;;;;;;;;;;;;
247;0,820089274;0,242853278;0,640178549;1;0,532289378;0,101321581;0,774297925;0;0,303087598;0,171600986;-0,393824805;1;;;;;;;;;;;;;
248;0,728660557;0,250039711;0,457321115;1;0,197748596;0,104002825;-0,340838014;1;0,579292226;0,180570722;0,158584453;1;;;;;;;;;;;;;
249;0,446352875;0,253817047;-0,10729425;1;0,352938855;0,10354056;0,176462848;1;0,487735315;0,17953651;-0,024529369;1;;;;;;;;;;;;;
250;0,609766598;0,246521066;0,219533196;1;0,40874767;0,101813863;0,362492235;1;0,576210462;0,174203617;0,152420923;1;;;;;;;;;;;;;
251;0,262666596;0,309504454;-0,474666807;1;0,255557614;0,110426382;-0,148141286;1;0,595865313;0,189379563;0,191730626;1;;;;;;;;;;;;;
252;0,489475193;0,284548008;-0,021049614;1;0,180789748;0,110704874;-0,397367505;1;0,565664255;0,183091739;0,13132851;1;;;;;;;;;;;;;
253;0,424426375;0,273035164;-0,151147249;1;0,13238213;0,105159636;-0,558726234;1;0,819144734;0,182902045;0,638289468;1;;;;;;;;;;;;;
254;0,428586895;0,274013875;-0,142826211;1;0,268780508;0,103305615;-0,104064973;1;0,600722033;0,186859668;0,201444066;1;;;;;;;;;;;;;
255;0,213705296;0,337680751;-0,572589407;1;0,400323624;0,110966471;0,334412079;1;0,402284152;0,187368896;-0,195431696;1;;;;;;;;;;;;;
256;0,712057208;0,236361858;0,424114416;1;0,169780413;0,103882679;-0,43406529;1;0,459725648;0,173739436;-0,080548705;1;;;;;;;;;;;;;
257;0,622504333;0,2376229;0,245008666;1;0,489837632;0,099802304;0,632792107;1;0,358708058;0,165098252;-0,282583885;1;;;;;;;;;;;;;
258;0,819630585;0,246378278;0,63926117;1;0,236430296;0,105979452;-0,211899013;1;0,26842925;0,175266589;-0,463141501;1;;;;;;;;;;;;;
259;0,808290977;0,223207349;0,616581954;1;0,143479656;0,098269752;-0,52173448;1;0,496363914;0,169223754;-0,007272172;1;;;;;;;;;;;;;
260;0,939901461;0,217582114;0,879802923;0;0,273320589;0,098740771;-0,088931371;1;0,307676057;0,159852519;-0,384647886;1;;;;;;;;;;;;;
261;0,62055534;0,270466775;0,241110681;1;0,280006618;0,104920306;-0,066644608;1;0,580384431;0,179912383;0,160768862;1;;;;;;;;;;;;;
262;0,42482266;0,268449188;-0,15035468;1;0,095557907;0,107100931;-0,681473643;1;0,696143481;0,187705525;0,392286962;1;;;;;;;;;;;;;
263;0,637124205;0,238453219;0,27424841;1;0,3256418;0,103570497;0,085472666;1;0,547188925;0,172385802;0,094377849;1;;;;;;;;;;;;;
264;0,795705627;0,244167972;0,591411254;1;0,417593156;0,100449405;0,391977188;1;0,500093267;0,177163215;0,000186534;1;;;;;;;;;;;;;
265;0,694246376;0,254557967;0,388492752;1;0,397689654;0,104773021;0,32563218;1;0,094658908;0,172284161;-0,810682184;0;;;;;;;;;;;;;
266;0,566093396;0,264639062;0,132186792;1;0,359743201;0,106439275;0,199144002;1;0,461382707;0,179215662;-0,077234586;1;;;;;;;;;;;;;
267;0,600796255;0,261130468;0,201592511;1;0,14449377;0,104213528;-0,518354099;1;0,363712423;0,174759695;-0,272575154;1;;;;;;;;;;;;;
268;0,672694037;0,292636828;0,345388075;1;0,287475249;0,107398922;-0,041749171;1;0,436907101;0,184583427;-0,126185798;1;;;;;;;;;;;;;
269;0,52253088;0,252740365;0,04506176;1;0,26159877;0,103318245;-0,128004101;1;0,643717189;0,173892329;0,287434377;1;;;;;;;;;;;;;
270;0,395943961;0,288050995;-0,208112079;1;0,276409761;0,109616698;-0,07863413;1;0,657221808;0,185095502;0,314443615;1;;;;;;;;;;;;;
271;0,817559253;0,231982436;0,635118507;1;0,441401578;0,097282089;0,471338594;1;0,474126905;0,167881954;-0,051746191;1;;;;;;;;;;;;;
272;0,62634726;0,231493497;0,252694521;1;0,283416522;0,099419241;-0,055278261;1;0,463873964;0,166487593;-0,072252073;1;;;;;;;;;;;;;
273;0,867279139;0,228476255;0,734558278;1;0,488836457;0,098307586;0,629454856;1;0,290876677;0,169207935;-0,418246647;1;;;;;;;;;;;;;
274;0,160491274;0,32495389;-0,679017451;1;0,218576802;0,114616882;-0,271410659;1;0,589125077;0,19563034;0,178250153;1;;;;;;;;;;;;;
275;0,263134105;0,287350902;-0,473731791;1;0,399650759;0,108299873;0,332169197;1;0,596331117;0,18065053;0,192662233;1;;;;;;;;;;;;;
276;0,358806317;0,335974859;-0,282387366;1;0,200643357;0,120701584;-0,331188808;1;0,414508038;0,198335536;-0,170983923;1;;;;;;;;;;;;;
277;0,583614193;0,252839313;0,167228386;1;0,344945461;0,102704454;0,149818205;1;0,67013087;0,173254261;0,34026174;1;;;;;;;;;;;;;
278;0,311432413;0,318906793;-0,377135174;1;0,346516421;0,11247946;0,155054737;1;0,569355982;0,196017846;0,138711964;1;;;;;;;;;;;;;
279;0,759326236;0,234009464;0,518652472;1;0,313897367;0,098339882;0,046324557;1;0,485659834;0,166193312;-0,028680332;1;;;;;;;;;;;;;
280;0,805563668;0,244633977;0,611127336;1;0,2141215;0,099921324;-0,286261668;1;0,52979091;0,172007107;0,059581821;1;;;;;;;;;;;;;
281;0,469528567;0,295725023;-0,060942866;1;0,405852121;0,10859338;0,352840404;1;0,16759637;0,184233669;-0,664807259;1;;;;;;;;;;;;;
282;0,921640612;0,205368547;0,843281224;0;0,328352002;0,092305534;0,094506674;1;0,606381457;0,157182046;0,212762913;1;;;;;;;;;;;;;
283;0,945705985;0,240511573;0,891411971;1;0,388454304;0,099891645;0,29484768;1;0,306966524;0,176516226;-0,386066953;1;;;;;;;;;;;;;
284;-0,024401508;0,344730917;-1,048803016;1;0,514944371;0,112287835;0,716481237;1;0,633298373;0,191841357;0,266596747;1;;;;;;;;;;;;;
285;0,679786609;0,252625614;0,359573219;1;0,36388853;0,102344112;0,212961766;1;0,253940224;0,171596113;-0,492119552;1;;;;;;;;;;;;;
286;0,583853907;0,268188662;0,167707814;1;0,296041282;0,105970876;-0,013195726;1;0,4279066;0,180420771;-0,1441868;1;;;;;;;;;;;;;
287;0,117074543;0,301641394;-0,765850914;1;0,287247664;0,109506549;-0,042507786;1;0,731840972;0,18105922;0,463681943;1;;;;;;;;;;;;;
288;0,663942092;0,198005856;0,327884184;1;0,317172038;0,095872527;0,057240127;1;0,62737385;0,150926762;0,254747701;1;;;;;;;;;;;;;
289;0,458981831;0,279936853;-0,082036338;1;0,340382949;0,106263042;0,134609829;1;0,61866957;0,185225296;0,237339141;1;;;;;;;;;;;;;
290;0,444054617;0,257786328;-0,111890765;1;0,292831246;0,102521112;-0,023895847;1;0,4292583;0,173441662;-0,1414834;1;;;;;;;;;;;;;
291;0,756582684;0,254819372;0,513165367;1;0,3404911;0,103660205;0,134970335;1;0,320588473;0,172117167;-0,358823054;1;;;;;;;;;;;;;
292;0,309855302;0,303899682;-0,380289396;1;0,116271207;0,114432899;-0,612429311;1;0,651867076;0,186171355;0,303734151;1;;;;;;;;;;;;;
293;0,454319301;0,30292538;-0,091361397;1;0,338412894;0,109677521;0,128042981;1;0,468704824;0,187912268;-0,062590352;1;;;;;;;;;;;;;
294;0,619858053;0,277503828;0,239716106;1;0,19789373;0,109861568;-0,340354235;1;0,331102029;0,187395265;-0,337795943;1;;;;;;;;;;;;;
295;0,341748734;0,30121454;-0,316502532;1;0,226882451;0,109861835;-0,243725162;1;0,675154051;0,194931964;0,350308103;1;;;;;;;;;;;;;
296;0,222810994;0,308163508;-0,554378013;1;0,366829041;0,108629421;0,222763468;1;0,792077509;0,189422551;0,584155017;1;;;;;;;;;;;;;
297;0,25013261;0,286449585;-0,49973478;1;0,386722922;0,105694882;0,289076405;1;0,694902716;0,181369745;0,389805431;1;;;;;;;;;;;;;
298;0,717865336;0,222465026;0,435730672;1;0,378053881;0,097425048;0,260179603;1;0,485514019;0,162528051;-0,028971961;1;;;;;;;;;;;;;
299;0,532257516;0,292699565;0,064515032;1;0,246780134;0,10731836;-0,177399552;1;0,571676428;0,184667409;0,143352856;1;;;;;;;;;;;;;
300;0,32294102;0,264158086;-0,35411796;1;0,451247685;0,100561523;0,504158951;1;0,963229869;0,176342364;0,926459737;0;;;;;;;;;;;;;
301;0,682670757;0,262428197;0,365341514;1;0,104235716;0,102832386;-0,652547613;1;0,608382497;0,181701462;0,216764994;1;;;;;;;;;;;;;
302;0,664630906;0,263200139;0,329261812;1;0,188071005;0,106894424;-0,373096651;1;0,596011614;0,181032785;0,192023228;1;;;;;;;;;;;;;
303;0,251830896;0,309668344;-0,496338207;1;0,352768509;0,110102639;0,175895031;1;0,653189053;0,191293515;0,306378106;1;;;;;;;;;;;;;
304;0,581678887;0,254117532;0,163357774;1;0,295909372;0,105643079;-0,013635428;1;0,349743451;0,176669705;-0,300513099;1;;;;;;;;;;;;;
305;0,420804441;0,279729893;-0,158391119;1;0,289522583;0,10746951;-0,034924723;1;0,55202472;0,179237322;0,10404944;1;;;;;;;;;;;;;
306;0,596229049;0,244004096;0,192458097;1;0,23428026;0,101142032;-0,219065801;1;0,617370911;0,16831249;0,234741822;1;;;;;;;;;;;;;
307;0,539500984;0,26812808;0,079001968;1;0,00370467;0,110737661;-0,9876511;0;0,430762926;0,192109556;-0,138474148;1;;;;;;;;;;;;;
308;0,702560441;0,226844906;0,405120881;1;0,440604249;0,09838574;0,468680831;1;0,447620665;0,16614116;-0,104758671;1;;;;;;;;;;;;;
309;0,533559917;0,269069026;0,067119834;1;0,321186606;0,105231117;0,070622019;1;0,233144537;0,1774894;-0,533710926;1;;;;;;;;;;;;;
310;0,506646863;0,266937909;0,013293726;1;0,118468877;0,107275929;-0,605103744;1;0,538315811;0,191453013;0,076631621;1;;;;;;;;;;;;;
311;0,265658655;0,354266901;-0,468682691;1;0,228561807;0,113163318;-0,23812731;1;0,251463323;0,195526849;-0,497073355;1;;;;;;;;;;;;;
312;0,468720688;0,275041316;-0,062558623;1;0,215444741;0,108735324;-0,281850864;1;0,548572352;0,182137088;0,097144705;1;;;;;;;;;;;;;
313;0,519827207;0,285381928;0,039654414;1;0,252847058;0,105733465;-0,157176473;1;0,715123247;0,183052168;0,430246494;1;;;;;;;;;;;;;
314;0,361803733;0,273857081;-0,276392534;1;0,328754316;0,104096566;0,09584772;1;0,521659989;0,178314981;0,043319978;1;;;;;;;;;;;;;
315;0,493078295;0,240248873;-0,013843409;1;0,210753018;0,100700354;-0,29748994;1;0,821337997;0,170515242;0,642675994;1;;;;;;;;;;;;;
316;-0,193981229;0,398397501;-1,387962457;1;0,365059106;0,118215952;0,216863687;1;0,777914714;0,203705964;0,555829428;1;;;;;;;;;;;;;
317;0,316594619;0,324994138;-0,366810762;1;0,215533102;0,112919813;-0,281556327;1;0,456856463;0,194381016;-0,086287073;1;;;;;;;;;;;;;
318;0,443806161;0,279572008;-0,112387677;1;0,341783605;0,109697947;0,139278683;1;0,30949065;0,183978319;-0,3810187;1;;;;;;;;;;;;;
319;0,644175495;0,240538732;0,288350991;1;0,536181932;0,10041906;0,787273107;0;0,324642073;0,166750316;-0,350715854;1;;;;;;;;;;;;;
320;0,66307683;0,309892067;0,32615366;1;0,180660791;0,114637841;-0,397797365;1;0,327436613;0,197138805;-0,345126774;1;;;;;;;;;;;;;
321;1,014066816;0,204088188;1,028133632;0;0,292849654;0,092404984;-0,023834487;1;0,710383299;0,163415393;0,420766598;1;;;;;;;;;;;;;
322;0,577450361;0,249515504;0,154900723;1;0,38853647;0,102975902;0,295121566;1;0,319268409;0,173776358;-0,361463182;1;;;;;;;;;;;;;
323;0,215037681;0,328051092;-0,569924638;1;0,262167362;0,110575237;-0,126108795;1;0,766715809;0,200990099;0,533431617;1;;;;;;;;;;;;;
324;0,740696759;0,211143728;0,481393518;1;0,354500148;0,096951575;0,181667161;1;0,451859487;0,162162553;-0,096281026;1;;;;;;;;;;;;;
325;0,144858843;0,38547605;-0,710282314;1;0,182119207;0,115863696;-0,392935976;1;0,665489092;0,203585582;0,330978184;1;;;;;;;;;;;;;
326;1,036475287;0,202822144;1,072950574;0;0,44120763;0,093290606;0,470692101;1;0,344295293;0,156431664;-0,311409413;1;;;;;;;;;;;;;
327;0,26820406;0,335225075;-0,46359188;1;0,322127667;0,113205472;0,073758888;1;0,557959158;0,198149827;0,115918316;1;;;;;;;;;;;;;
328;0,56101737;0,282093167;0,122034741;1;0,306711915;0,110574485;0,022373049;1;0,305038084;0,187236512;-0,389923832;1;;;;;;;;;;;;;
329;0,392962417;0,286740741;-0,214075166;1;0,329561299;0,107541994;0,098537663;1;0,64402682;0,186100443;0,288053639;1;;;;;;;;;;;;;
330;0,58101479;0,292999077;0,16202958;1;0,179562351;0,112433368;-0,40145883;1;0,226005629;0,195929937;-0,547988742;1;;;;;;;;;;;;;
331;0,597217926;0,29896457;0,194435851;1;0,262396559;0,108777366;-0,125344802;1;0,475002021;0,190481016;-0,049995959;1;;;;;;;;;;;;;
332;0,618486077;0,276391038;0,236972155;1;0,280580023;0,110632549;-0,064733256;1;0,316534604;0,187392975;-0,366930793;1;;;;;;;;;;;;;
333;1,019378397;0,219207812;1,038756794;0;0,453426974;0,101188552;0,511423248;1;0,061420162;0,161715967;-0,877159676;0;;;;;;;;;;;;;
334;0,658589593;0,222806208;0,317179186;1;0,291901629;0,099232113;-0,026994571;1;0,424428371;0,166190896;-0,151143258;1;;;;;;;;;;;;;
335;0,714720172;0,205724484;0,429440345;1;0,322763559;0,095615699;0,075878531;1;0,456846661;0,160905546;-0,086306679;1;;;;;;;;;;;;;
336;0,702055638;0,225324183;0,404111276;1;0,230441884;0,098639984;-0,231860386;1;0,839014786;0,169203188;0,678029572;0;;;;;;;;;;;;;
337;0,548221571;0,248354645;0,096443142;1;0,323524005;0,104219984;0,078413352;1;0,479832898;0,174398514;-0,040334203;1;;;;;;;;;;;;;
338;0,746587031;0,256856691;0,493174062;1;0,213633448;0,103752268;-0,287888508;1;0,473718153;0,180299671;-0,052563695;1;;;;;;;;;;;;;
339;0,331991363;0,327303215;-0,336017273;1;0,491574647;0,111187666;0,638582156;1;0,556766766;0,197964926;0,113533532;1;;;;;;;;;;;;;
340;0,643801395;0,25662715;0,28760279;1;0,27068585;0,103520446;-0,097713834;1;0,46644795;0,176491515;-0,067104099;1;;;;;;;;;;;;;
341;0,708736127;0,262200565;0,417472254;1;0,214479884;0,103995578;-0,285067054;1;0,352011183;0,180924526;-0,295977635;1;;;;;;;;;;;;;
342;0,972039489;0,203806144;0,944078978;0;0,34075306;0,097245506;0,135843532;1;0,479022132;0,156314483;-0,041955736;1;;;;;;;;;;;;;
343;0,619292679;0,253652196;0,238585359;1;0,481309969;0,105577394;0,604366564;1;0,294664203;0,165332722;-0,410671595;1;;;;;;;;;;;;;
344;0,038948408;0,488540438;-0,922103183;1;0,177760806;0,125451111;-0,407463979;1;0,251102046;0,216986506;-0,497795908;1;;;;;;;;;;;;;
345;0,419353408;0,280651304;-0,161293184;1;0,506524015;0,10558747;0,688413384;1;0,334447892;0,177654629;-0,331104217;1;;;;;;;;;;;;;
346;0,857992522;0,258990261;0,715985044;1;0,162853331;0,101141985;-0,457155563;1;0,463940139;0,179194854;-0,072119721;1;;;;;;;;;;;;;
347;0,539673736;0,264453821;0,079347471;1;0,233760143;0,105901255;-0,220799523;1;0,489918817;0,181514191;-0,020162366;1;;;;;;;;;;;;;
348;0,676811986;0,247501313;0,353623973;1;0,390792739;0,103300128;0,302642465;1;0,410805179;0,171760583;-0,178389641;1;;;;;;;;;;;;;
349;0,243767233;0,283667664;-0,512465533;1;0,513335671;0,106349994;0,711118905;0;0,589177518;0,174200019;0,178355036;1;;;;;;;;;;;;;
350;0,347090125;0,318312389;-0,305819749;1;0,294937401;0,110814052;-0,01687533;1;0,601676483;0,199308003;0,203352965;1;;;;;;;;;;;;;
351;0,249611316;0,289268134;-0,500777369;1;0,295582694;0,108773781;-0,014724354;1;0,656878221;0,181942117;0,313756442;1;;;;;;;;;;;;;
352;0,508337212;0,239398622;0,016674423;1;0,316410676;0,102374568;0,054702254;1;0,556859615;0,170896542;0,113719231;1;;;;;;;;;;;;;
353;0,151453608;0,323955852;-0,697092784;1;0,240636849;0,113021636;-0,197877169;1;0,553386713;0,190895587;0,106773426;1;;;;;;;;;;;;;
354;0,615576731;0,275372637;0,231153461;1;0,353964069;0,104612613;0,179880229;1;0,514190356;0,183115461;0,028380712;1;;;;;;;;;;;;;
355;0,498866873;0,268275897;-0,002266254;1;0,262288894;0,103427851;-0,125703687;1;0,496143108;0,178048476;-0,007713784;1;;;;;;;;;;;;;
356;0,750040048;0,260084459;0,500080095;1;0,326040284;0,105513859;0,086800947;1;0,247130707;0,176985589;-0,505738586;1;;;;;;;;;;;;;
357;0,564458509;0,235410833;0,128917017;1;0,492654422;0,101113265;0,642181407;1;0,440423887;0,167461961;-0,119152226;1;;;;;;;;;;;;;
358;0,489307021;0,309013776;-0,021385959;1;0,3414144;0,109555532;0,138048001;1;0,179689156;0,190242063;-0,640621689;1;;;;;;;;;;;;;
359;0,482035428;0,262484442;-0,035929143;1;0,397787774;0,103114617;0,325959247;1;0,653760574;0,182783512;0,307521147;1;;;;;;;;;;;;;
360;0,31512581;0,320861155;-0,369748379;1;0,274768595;0,114583582;-0,084104684;1;0,531463522;0,189128857;0,062927045;1;;;;;;;;;;;;;
361;0,632529865;0,250046205;0,265059731;1;0,356563663;0,102350516;0,188545545;1;0,3954261;0,175048436;-0,209147799;1;;;;;;;;;;;;;
362;0,576491247;0,289997718;0,152982494;1;0,309723354;0,111657991;0,03241118;1;0,180131062;0,185721471;-0,639737877;1;;;;;;;;;;;;;
363;0,379976441;0,280038097;-0,240047118;1;0,205051578;0,109069292;-0,316494741;1;0,556011122;0,185951391;0,112022245;1;;;;;;;;;;;;;
364;0,471194277;0,281870282;-0,057611447;1;0,103524606;0,111153933;-0,65491798;1;0,582354852;0,191014422;0,164709703;1;;;;;;;;;;;;;
365;0,739711383;0,211628862;0,479422766;1;0,355774557;0,09715953;0,185915191;1;0,535408789;0,159104618;0,070817578;1;;;;;;;;;;;;;
366;0,271615178;0,304292626;-0,456769644;1;0,263329329;0,113717081;-0,122235569;1;0,323589518;0,188455328;-0,352820965;1;;;;;;;;;;;;;
367;-0,193929463;0,388851154;-1,387858926;1;0,363688124;0,117203895;0,212293746;1;0,657218362;0,2007732;0,314436724;1;;;;;;;;;;;;;
368;0,777593053;0,279927146;0,555186105;1;0,203808501;0,10702196;-0,320638331;1;0,226240772;0,188971646;-0,547518456;1;;;;;;;;;;;;;
369;0,484913198;0,300343434;-0,030173605;1;0,162350551;0,112472001;-0,458831498;1;0,614179036;0,197892159;0,228358073;1;;;;;;;;;;;;;
370;1,018874197;0,196202589;1,037748394;0;0,168607439;0,092677436;-0,437975204;1;0,367797861;0,157674833;-0,264404278;1;;;;;;;;;;;;;
371;0,872409552;0,243087568;0,744819103;1;0,295784464;0,098650037;-0,014051785;1;0,208706791;0,165925118;-0,582586418;1;;;;;;;;;;;;;
372;0,321366299;0,261338503;-0,357267403;1;0,557236089;0,10400266;0,857453631;0;0,715350166;0,179287167;0,430700331;1;;;;;;;;;;;;;
373;0,235103476;0,320455463;-0,529793047;1;0,182167517;0,112454541;-0,392774945;1;0,717563304;0,193727008;0,435126609;1;;;;;;;;;;;;;
374;0,257708375;0,350903397;-0,48458325;1;0,20633503;0,116409738;-0,312216568;1;0,576572173;0,195845587;0,153144346;1;;;;;;;;;;;;;
375;0,799423845;0,255484002;0,59884769;1;0,159820856;0,108595847;-0,467263813;1;0,543623041;0,181687122;0,087246082;1;;;;;;;;;;;;;
376;0,191837468;0,367697794;-0,616325063;1;0,457472955;0,115484422;0,524909851;1;0,312501345;0,195050924;-0,37499731;1;;;;;;;;;;;;;
377;0,359114853;0,273761285;-0,281770294;1;0,274122501;0,107124392;-0,086258331;1;0,451300838;0,177499639;-0,097398323;1;;;;;;;;;;;;;
378;0,965994588;0,243424273;0,931989177;1;0,196788983;0,103867998;-0,344036723;1;0,355183187;0,17855515;-0,289633625;1;;;;;;;;;;;;;
379;0,567915324;0,25077215;0,135830649;1;0,506690362;0,101854353;0,688967873;0;0,639969166;0,174128614;0,279938331;1;;;;;;;;;;;;;
380;0,032909452;0,328243992;-0,934181097;1;0,374461087;0,113307936;0,248203624;1;0,774493391;0,19783819;0,548986782;1;;;;;;;;;;;;;
381;0,777763947;0,257068901;0,555527893;1;0,241816454;0,104854132;-0,193945153;1;0,214454078;0,170183966;-0,571091845;1;;;;;;;;;;;;;
382;0,556773338;0,249899982;0,113546675;1;0,401700655;0,101404538;0,339002184;1;0,400516657;0,173498241;-0,198966687;1;;;;;;;;;;;;;
383;0,395629904;0,280922614;-0,208740192;1;0,207801515;0,109618996;-0,307328285;1;0,498947662;0,186599152;-0,002104676;1;;;;;;;;;;;;;
384;0,322749206;0,349796565;-0,354501589;1;0,154673132;0,119048302;-0,484422893;1;0,309640428;0,19933022;-0,380719143;1;;;;;;;;;;;;;
385;0,079109758;0,424763987;-0,841780485;1;0,272041465;0,120163096;-0,093195118;1;0,274541487;0,207296929;-0,450917025;1;;;;;;;;;;;;;
386;0,328187924;0,31786974;-0,343624151;1;0,372331749;0,111874206;0,241105829;1;0,472797256;0,194227099;-0,054405488;1;;;;;;;;;;;;;
387;0,106328999;0,34236125;-0,787342002;1;0,23425688;0,113767572;-0,219143733;1;0,644027056;0,194692848;0,288054112;1;;;;;;;;;;;;;
388;0,843084153;0,208591332;0,686168306;1;0,423090611;0,09297582;0,410302037;1;0,433960078;0,156332825;-0,132079844;1;;;;;;;;;;;;;
389;0,487247141;0,266969577;-0,025505718;1;0,294712779;0,104018801;-0,017624069;1;0,614464348;0,179164263;0,228928696;1;;;;;;;;;;;;;
390;0,096927603;0,333900784;-0,806144794;1;0,424484646;0,111499048;0,414948821;1;0,45599605;0,185080621;-0,088007899;1;;;;;;;;;;;;;
391;0,457166052;0,275991793;-0,085667897;1;0,384993025;0,108035584;0,283310085;1;0,241721797;0,17889836;-0,516556406;1;;;;;;;;;;;;;
392;0,460372923;0,259151833;-0,079254154;1;0,226969145;0,105228976;-0,243436185;1;0,74122102;0,171520778;0,48244204;1;;;;;;;;;;;;;
393;0,745114235;0,234355363;0,490228469;1;0,295341508;0,102093974;-0,015528307;1;0,321199182;0,166802593;-0,357601637;1;;;;;;;;;;;;;
394;0,903734236;0,240476185;0,807468472;1;0,309435636;0,101080078;0,031452119;1;0,204192918;0,173332545;-0,591614165;1;;;;;;;;;;;;;
395;-0,067837315;0,390454358;-1,13567463;1;0,55761003;0,118380769;0,858700102;0;0,421413474;0,200104066;-0,157173052;1;;;;;;;;;;;;;
396;0,574280793;0,369426634;0,148561585;1;0,205761872;0,118126944;-0,314127092;1;0,064933226;0,200362557;-0,870133547;0;;;;;;;;;;;;;
397;0,590904324;0,263956271;0,181808648;1;0,212972993;0,106529364;-0,290090024;1;0,519895526;0,177649209;0,039791052;1;;;;;;;;;;;;;
398;0,300388946;0,308046188;-0,399222109;1;0,413404642;0,109202664;0,378015474;1;0,453078782;0,192765242;-0,093842437;1;;;;;;;;;;;;;
399;0,632199045;0,287654316;0,26439809;1;0,289604087;0,109744925;-0,034653044;1;0,242412102;0,186857197;-0,515175795;1;;;;;;;;;;;;;
400;0,751420775;0,211768142;0,502841549;1;0,312887225;0,098569071;0,042957415;1;0,620455126;0,163706212;0,240910251;1;;;;;;;;;;;;;
401;0,951172988;0,22220738;0,902345977;0;0,313932591;0,098001289;0,046441969;1;0,252764254;0,16913628;-0,494471492;1;;;;;;;;;;;;;
402;0,511539131;0,275123559;0,023078262;1;0,150903008;0,106309543;-0,496989972;1;0,63853491;0,18151014;0,277069819;1;;;;;;;;;;;;;
403;0,280758923;0,29928788;-0,438482155;1;0,256719324;0,108884713;-0,14426892;1;0,67994107;0,189899691;0,35988214;1;;;;;;;;;;;;;
404;0,684748171;0,219062173;0,369496341;1;0,314654071;0,097154647;0,048846903;1;0,647057556;0,161225224;0,294115113;1;;;;;;;;;;;;;
405;0,334976432;0,297649684;-0,330047136;1;0,365354261;0,108867456;0,217847537;1;0,573294747;0,179668217;0,146589493;1;;;;;;;;;;;;;
406;0,08497336;0,351745473;-0,830053279;1;0,154016384;0,115758064;-0,486612054;1;0,757047294;0,19900331;0,514094588;1;;;;;;;;;;;;;
407;0,069593008;0,334231188;-0,860813984;1;0,349050493;0,11048099;0,163501643;1;0,955270493;0,199098827;0,910540985;0;;;;;;;;;;;;;
408;1,106538436;0,202316898;1,213076873;0;0,231062835;0,093251064;-0,229790551;1;0,402812757;0,159019709;-0,194374486;1;;;;;;;;;;;;;
409;0,131693705;0,348154898;-0,736612589;1;0,302609013;0,114039549;0,008696711;1;0,642353037;0,195661418;0,284706073;1;;;;;;;;;;;;;
410;0,369842736;0,262207249;-0,260314528;1;0,358743216;0,10399331;0,195810719;1;0,627385289;0,176358619;0,254770578;1;;;;;;;;;;;;;
411;0,57833035;0,26879578;0,156660701;1;0,038366071;0,111972332;-0,872113097;0;0,415387371;0,186501352;-0,169225258;1;;;;;;;;;;;;;
412;0,292038544;0,328246331;-0,415922913;1;0,214579657;0,111287124;-0,284734478;1;0,428300774;0,195391693;-0,143398452;1;;;;;;;;;;;;;
413;0,479076344;0,275936717;-0,041847312;1;0,248588619;0,106339504;-0,171371271;1;0,718041657;0,176755807;0,436083315;1;;;;;;;;;;;;;
414;0,900144453;0,211860794;0,800288907;1;0,382414639;0,0951709;0,274715464;1;0,440133463;0,159829728;-0,119733074;1;;;;;;;;;;;;;
415;0,356857024;0,296490512;-0,286285952;1;0,294253145;0,111454812;-0,019156185;1;0,652461526;0,187538443;0,304923051;1;;;;;;;;;;;;;
416;0,163744456;0,37642618;-0,672511088;1;0,086575587;0,119345771;-0,711414709;1;0,196315287;0,197854026;-0,607369425;1;;;;;;;;;;;;;
417;0,461413509;0,279123097;-0,077172982;1;0,398454797;0,106775113;0,328182657;1;0,302946501;0,187784863;-0,394106998;1;;;;;;;;;;;;;
418;0,514301801;0,258819113;0,028603603;1;0,181601429;0,105978789;-0,394661905;1;0,571121904;0,179973357;0,142243808;1;;;;;;;;;;;;;
419;-0,163423407;0,378377741;-1,326846813;1;0,357531241;0,116163294;0,191770804;1;0,889955634;0,204005945;0,779911268;1;;;;;;;;;;;;;
420;0,583994898;0,277049353;0,167989796;1;0,186608976;0,105597543;-0,37797008;1;0,496415824;0,183648678;-0,007168351;1;;;;;;;;;;;;;
421;0,987380978;0,241431284;0,974761956;0;0,292784629;0,103757549;-0,024051238;1;0,131560072;0,174807441;-0,736879856;0;;;;;;;;;;;;;
422;0,602074178;0,21800423;0,204148356;1;0,504569178;0,096800956;0,681897261;0;0,571383097;0,157334218;0,142766195;1;;;;;;;;;;;;;
423;0,523640794;0,283907566;0,047281588;1;0,400221956;0,108254334;0,334073186;1;0,355152874;0,184602274;-0,289694251;1;;;;;;;;;;;;;
424;0,41084215;0,24717879;-0,1783157;1;0,422301785;0,101542915;0,407672617;1;0,644460239;0,167230865;0,288920478;1;;;;;;;;;;;;;
425;0,682006246;0,26986619;0,364012492;1;0,359642281;0,106061375;0,198807602;1;0,241271916;0,183765588;-0,517456168;1;;;;;;;;;;;;;
426;0,75775902;0,26184164;0,515518039;1;0,245823189;0,104450516;-0,180589372;1;0,415869688;0,181524819;-0,168260623;1;;;;;;;;;;;;;
427;0,592764382;0,221885397;0,185528763;1;0,30451633;0,100520384;0,015054432;1;0,680571174;0,161692634;0,361142348;1;;;;;;;;;;;;;
428;0,751548418;0,230047594;0,503096836;1;0,42615548;0,101458625;0,420518267;1;0,062368947;0,169443124;-0,875262107;0;;;;;;;;;;;;;
429;0,324326074;0,338715895;-0,351347851;1;0,161259655;0,115490381;-0,462467816;1;0,495052773;0,197147898;-0,009894455;1;;;;;;;;;;;;;
430;0,318467549;0,320295885;-0,363064902;1;0,193852095;0,112969898;-0,35382635;1;0,524753937;0,190347849;0,049507874;1;;;;;;;;;;;;;
431;0,855807221;0,253518983;0,711614441;1;0,123347624;0,103051272;-0,588841253;1;0,386910748;0,176984748;-0,226178505;1;;;;;;;;;;;;;
432;0,47985359;0,28594041;-0,040292821;1;0,357158314;0,107380038;0,190527712;1;0,320898968;0,176509718;-0,358202065;1;;;;;;;;;;;;;
433;0,39041963;0,273071359;-0,21916074;1;0,26088052;0,105691014;-0,130398266;1;0,574550093;0,181576487;0,149100185;1;;;;;;;;;;;;;
434;0,744627047;0,226239583;0,489254095;1;0,331724211;0,095797838;0,10574737;1;0,554132472;0,165626072;0,108264943;1;;;;;;;;;;;;;
435;0,401209339;0,291748475;-0,197581322;1;0,232518407;0,10737729;-0,224938642;1;0,730836431;0,185927086;0,461672862;1;;;;;;;;;;;;;
436;0,426607117;0,320379081;-0,146785766;1;0,166522876;0,111873797;-0,444923745;1;0,241089363;0,187676552;-0,517821274;1;;;;;;;;;;;;;
437;0,53598807;0,233921397;0,07197614;1;0,426825821;0,101631263;0,422752736;1;0,445873721;0,159060549;-0,108252557;1;;;;;;;;;;;;;
438;0,649997611;0,266802492;0,299995223;1;0,391538117;0,10407939;0,305127056;1;0,519943772;0,185252651;0,039887543;1;;;;;;;;;;;;;
439;0,299272685;0,275959627;-0,40145463;1;0,256993716;0,108433853;-0,143354279;1;0,467470357;0,175569656;-0,065059287;1;;;;;;;;;;;;;
440;0,736019373;0,251296495;0,472038746;1;0,082746502;0,106209063;-0,724178326;0;0,356221932;0,180719751;-0,287556135;1;;;;;;;;;;;;;
441;0,609859154;0,237732821;0,219718307;1;0,373971458;0,101742112;0,246571528;1;0,546556787;0,170012082;0,093113573;1;;;;;;;;;;;;;
442;0,479763588;0,322125677;-0,040472824;1;0,469891523;0,110345178;0,566305076;1;0,383341902;0,192217608;-0,233316196;1;;;;;;;;;;;;;
443;0,634274945;0,263600918;0,268549891;1;0,429625479;0,10539803;0,43208493;1;0,297601275;0,179706622;-0,40479745;1;;;;;;;;;;;;;
444;0,951362427;0,218277157;0,902724855;0;0,181778764;0,098073756;-0,394070787;1;0,413280655;0,165283541;-0,173438691;1;;;;;;;;;;;;;
445;0,492134837;0,230287971;-0,015730326;1;0,465815181;0,100200867;0,552717268;1;0,762821014;0,166132016;0,525642028;1;;;;;;;;;;;;;
446;0,30808956;0,295676272;-0,38382088;1;0,190148122;0,110187313;-0,366172927;1;0,513715909;0,18317964;0,027431817;1;;;;;;;;;;;;;
447;0,620004859;0,272809938;0,240009719;1;0,371030792;0,105335776;0,236769306;1;0,371836379;0,176719361;-0,256327242;1;;;;;;;;;;;;;
448;0,505176083;0,316984449;0,010352166;1;0,349832326;0,114030207;0,166107752;1;0,476543991;0,196312172;-0,046912017;1;;;;;;;;;;;;;
449;0,247362805;0,2713314;-0,505274389;1;0,28522793;0,105268209;-0,049240232;1;0,688082647;0,187005575;0,376165293;1;;;;;;;;;;;;;
450;0,715978871;0,261030681;0,431957742;1;0,382373742;0,103775626;0,274579141;1;0,486577377;0,174625773;-0,026845246;1;;;;;;;;;;;;;
451;0,519993511;0,300774346;0,039987022;1;0,260732892;0,107566484;-0,130890361;1;0,427683888;0,190408985;-0,144632224;1;;;;;;;;;;;;;
452;0,029564575;0,372848744;-0,94087085;1;0,194540316;0,116918062;-0,351532281;1;0,591639362;0,205526511;0,183278724;1;;;;;;;;;;;;;
453;0,537093086;0,281752327;0,074186171;1;0,255459555;0,109720744;-0,148468151;1;0,337408692;0,187413206;-0,325182615;1;;;;;;;;;;;;;
454;0,419109271;0,296711657;-0,161781457;1;0,297399929;0,110519036;-0,008666904;1;0,50395117;0,185108438;0,00790234;1;;;;;;;;;;;;;
455;0,58106195;0,284225789;0,162123901;1;0,227340592;0,107328753;-0,242198028;1;0,434833507;0,181574435;-0,130332985;1;;;;;;;;;;;;;
456;0,717038754;0,230007794;0,434077508;1;0,278402268;0,10121633;-0,07199244;1;0,430928017;0,172101174;-0,138143967;1;;;;;;;;;;;;;
457;0,736425516;0,236342183;0,472851031;1;0,241553861;0,099668265;-0,194820464;1;0,502794911;0,166138825;0,005589822;1;;;;;;;;;;;;;
458;0,195734041;0,309860425;-0,608531919;1;0,289586666;0,110350031;-0,034711114;1;0,448436838;0,186742117;-0,103126323;1;;;;;;;;;;;;;
459;0,430409916;0,261635495;-0,139180169;1;0,334735758;0,10459521;0,11578586;1;0,771231544;0,172202725;0,542463088;1;;;;;;;;;;;;;
460;0,373274485;0,303682875;-0,253451031;1;0,286145009;0,108825365;-0,046183303;1;0,458226404;0,184846912;-0,083547193;1;;;;;;;;;;;;;
461;0,300450096;0,326669196;-0,399099808;1;0,256344468;0,110785584;-0,14551844;1;0,744645928;0,192826492;0,489291857;1;;;;;;;;;;;;;
462;1,119708976;0,188622696;1,239417951;0;0,244103582;0,09222526;-0,186321395;1;0,463809299;0,153312296;-0,072381401;1;;;;;;;;;;;;;
463;-0,378112184;0,430984682;-1,756224368;0;0,421357443;0,119767771;0,404524808;1;0,952016912;0,212124866;0,904033824;0;;;;;;;;;;;;;
464;0,746178154;0,235539899;0,492356307;1;0,108517165;0,102157776;-0,638276116;1;0,512198689;0,173270526;0,024397378;1;;;;;;;;;;;;;
465;0,666608117;0,266582444;0,333216234;1;0,275906256;0,107900524;-0,080312479;1;0,34267315;0,181219559;-0,3146537;1;;;;;;;;;;;;;
466;0,371411761;0,260687188;-0,257176479;1;0,483007229;0,101653296;0,610024097;1;0,523962983;0,176553684;0,047925965;1;;;;;;;;;;;;;
467;0,779085716;0,232129527;0,558171433;1;0,32051774;0,099321572;0,068392467;1;0,614044984;0,171854012;0,228089967;1;;;;;;;;;;;;;
468;0,969445725;0,221469749;0,938891451;0;0,273320499;0,094829132;-0,088931669;1;0,543494316;0,163553403;0,086988632;1;;;;;;;;;;;;;
469;0,478461199;0,309463431;-0,043077603;1;0,198983843;0,111272454;-0,336720524;1;0,401932571;0,185633925;-0,196134857;1;;;;;;;;;;;;;
470;0,028064636;0,343601826;-0,943870727;1;0,451033905;0,114422458;0,503446351;1;0,546115497;0,191631795;0,092230994;1;;;;;;;;;;;;;
471;0,848015048;0,229668243;0,696030095;1;0,361727704;0,099915351;0,205759013;1;0,289115308;0,168694659;-0,421769384;1;;;;;;;;;;;;;
472;0,652755726;0,286016135;0,305511453;1;0,459925671;0,108591955;0,53308557;1;0,180646951;0,181315878;-0,638706098;1;;;;;;;;;;;;;
473;0,678939061;0,245287057;0,357878121;1;0,251894817;0,105881544;-0,16035061;1;0,287759644;0,174115748;-0,424480711;1;;;;;;;;;;;;;
474;1,273669326;0,220765868;1,547338651;0;0,288983966;0,09748108;-0,036720112;1;-0,031273339;0,164566474;-1,062546677;0;;;;;;;;;;;;;
475;0,504869694;0,25916187;0,009739387;1;0,38106553;0,102920603;0,270218433;1;0,570296072;0,174053213;0,140592145;1;;;;;;;;;;;;;
476;0,71941542;0,244996838;0,438830839;1;0,138483697;0,103860307;-0,538387675;1;0,42689413;0,172171979;-0,14621174;1;;;;;;;;;;;;;
477;0,797870587;0,284612508;0,595741174;1;0,165431183;0,109327779;-0,448562723;1;0,395477758;0,191033132;-0,209044485;1;;;;;;;;;;;;;
478;0,511708226;0,268138315;0,023416453;1;0,260299663;0,103577038;-0,132334457;1;0,503418566;0,17836009;0,006837132;1;;;;;;;;;;;;;
479;0,703644888;0,27415451;0,407289776;1;0,318259618;0,110139631;0,060865394;1;0,310054734;0,185814962;-0,379890533;1;;;;;;;;;;;;;
480;0,661350061;0,272664646;0,322700121;1;0,214378106;0,105120726;-0,285406314;1;0,462477119;0,18290892;-0,075045761;1;;;;;;;;;;;;;
481;0,780973254;0,24821081;0,561946508;1;0,287247669;0,100528434;-0,042507771;1;0,522639325;0,176514;0,045278649;1;;;;;;;;;;;;;
482;0,872071426;0,203300155;0,744142852;1;0,21996294;0,092158438;-0,266790199;1;0,810205079;0,160656597;0,620410158;1;;;;;;;;;;;;;
483;0,725874498;0,256413718;0,451748996;1;0,29578747;0,105211236;-0,014041766;1;0,448098372;0,176184578;-0,103803256;1;;;;;;;;;;;;;
484;-0,009278695;0,366047688;-1,01855739;1;0,203886958;0,115828981;-0,320376808;1;0,651097725;0,199675689;0,30219545;1;;;;;;;;;;;;;
485;0,748935036;0,261848613;0,497870073;1;0,216581378;0,104569416;-0,278062074;1;0,470053626;0,175495935;-0,059892747;1;;;;;;;;;;;;;
486;0,621429891;0,340579939;0,242859782;1;0,212594892;0,110384469;-0,291350358;1;0,379508387;0,19708039;-0,240983226;1;;;;;;;;;;;;;
487;0,134778212;0,286977195;-0,730443576;1;0,459260442;0,105829658;0,530868139;1;0,68381;0,185407712;0,367619999;1;;;;;;;;;;;;;
488;0,598885274;0,238975126;0,197770548;1;0,408373433;0,09777388;0,361244777;1;0,696037644;0,165687375;0,392075289;1;;;;;;;;;;;;;
489;0,554300521;0,266716041;0,108601041;1;0,351033113;0,106109161;0,170110378;1;0,188464204;0,179808733;-0,623071592;1;;;;;;;;;;;;;
490;0,413242548;0,283274748;-0,173514905;1;0,303523223;0,108840353;0,011744076;1;0,50236871;0,180477735;0,004737421;1;;;;;;;;;;;;;
491;0,697868465;0,246174047;0,395736931;1;0,204142179;0,103575472;-0,31952607;1;0,292828727;0,175026612;-0,414342547;1;;;;;;;;;;;;;
492;0,770219359;0,239443636;0,540438719;1;0,227936666;0,102862899;-0,240211112;1;0,375794775;0,176697741;-0,24841045;1;;;;;;;;;;;;;
493;0,368573829;0,293938841;-0,262852343;1;0,216101285;0,10689154;-0,279662384;1;0,49204689;0,18391744;-0,01590622;1;;;;;;;;;;;;;
494;0,613273269;0,25726791;0,226546539;1;0,450169224;0,105273643;0,500564081;1;0,36778126;0,172957373;-0,264437479;1;;;;;;;;;;;;;
495;0,236753655;0,299621074;-0,52649269;1;0,480771396;0,107761675;0,602571319;1;0,660967165;0,183367926;0,32193433;1;;;;;;;;;;;;;
496;0,332264013;0,276443263;-0,335471974;1;0,331370855;0,105639767;0,104569517;1;0,660593623;0,17631319;0,321187245;1;;;;;;;;;;;;;
497;0,848998131;0,234422599;0,697996261;1;0,261325557;0,102679396;-0,128914809;1;0,447307597;0,168404811;-0,105384806;1;;;;;;;;;;;;;
498;0,692412984;0,268539785;0,384825968;1;0,347109674;0,105235746;0,157032247;1;0,448824581;0,177938706;-0,102350839;1;;;;;;;;;;;;;
499;0,464538477;0,285693569;-0,070923047;1;0,21731321;0,10989735;-0,275622633;1;0,760084465;0,186340323;0,52016893;1;;;;;;;;;;;;;
500;0,211012667;0,291437677;-0,577974666;1;0,16020929;0,1077067;-0,465969032;1;0,760883968;0,189170448;0,521767936;1;;;;;;;;;;;;;
501;0,575165021;0,261236821;0,150330041;1;0,340880225;0,10272406;0,136267415;1;0,556142043;0,170713676;0,112284086;1;;;;;;;;;;;;;
502;0,740690195;0,245884115;0,48138039;1;0,109224027;0,106204892;-0,635919911;1;0,400617483;0,177217498;-0,198765034;1;;;;;;;;;;;;;
503;0,744087787;0,293996114;0,488175574;1;0,290008624;0,109499291;-0,033304587;1;0,220384323;0,191000813;-0,559231354;1;;;;;;;;;;;;;
504;0,287600029;0,272449732;-0,424799942;1;0,471610261;0,107496447;0,572034204;1;0,572125551;0,184159862;0,144251101;1;;;;;;;;;;;;;
505;0,536481267;0,260922762;0,072962533;1;0,559871883;0,103750114;0,866239611;0;0,378904056;0,173000621;-0,242191888;1;;;;;;;;;;;;;
506;0,503953388;0,310741611;0,007906776;1;0,332233671;0,110541201;0,107445569;1;0,326079668;0,191200079;-0,347840664;1;;;;;;;;;;;;;
507;0,469297478;0,311251082;-0,061405044;1;0,24060983;0,110185637;-0,197967234;1;0,327215681;0,191228553;-0,345568638;1;;;;;;;;;;;;;
508;0,76407185;0,245510594;0,5281437;1;0,210318806;0,100848127;-0,298937314;1;0,605917428;0,181590458;0,211834855;1;;;;;;;;;;;;;
509;0,170405144;0,284420305;-0,659189712;1;0,294946786;0,10694723;-0,016844046;1;0,722849938;0,178145031;0,445699877;1;;;;;;;;;;;;;
510;0,49557229;0,27012197;-0,00885542;1;0,340423267;0,103730665;0,134744222;1;0,663201452;0,179331965;0,326402903;1;;;;;;;;;;;;;
511;0,388920814;0,284325549;-0,222158371;1;0,263032258;0,108481539;-0,123225808;1;0,610092735;0,182495086;0,22018547;1;;;;;;;;;;;;;
512;0,680774572;0,238151374;0,361549144;1;0,402833573;0,10049094;0,342778577;1;0,430139878;0,171702494;-0,139720245;1;;;;;;;;;;;;;
513;0,002050061;0,41860392;-0,995899877;1;0,154940574;0,119948223;-0,483531418;1;0,839731814;0,210351209;0,679463628;1;;;;;;;;;;;;;
514;0,74931405;0,268252619;0,498628101;1;0,433840623;0,105657809;0,446135411;1;0,252428274;0,180822491;-0,495143452;1;;;;;;;;;;;;;
515;0,419968713;0,243981089;-0,160062574;1;0,38224436;0,100790736;0,274147866;1;0,666657385;0,174087872;0,333314769;1;;;;;;;;;;;;;
516;0,670033921;0,250662166;0,340067842;1;0,383716784;0,100601436;0,279055945;1;0,498208738;0,171936398;-0,003582524;1;;;;;;;;;;;;;
517;0,400697758;0,254681568;-0,198604484;1;0,448475869;0,105535106;0,494919563;1;0,599477848;0,172625938;0,198955696;1;;;;;;;;;;;;;
518;0,566400855;0,283918126;0,13280171;1;0,077583661;0,110986535;-0,741387797;0;0,491216625;0,188456486;-0,01756675;1;;;;;;;;;;;;;
519;1,101497437;0,19100146;1,202994873;0;0,15015455;0,093329538;-0,499484832;1;0,494413426;0,160214424;-0,011173147;1;;;;;;;;;;;;;
520;0,478545666;0,265255819;-0,042908668;1;0,269272287;0,106121872;-0,102425711;1;0,678649172;0,176710262;0,357298344;1;;;;;;;;;;;;;
521;0,586030331;0,278609915;0,172060663;1;0,186239057;0,107764239;-0,379203143;1;0,401540521;0,178883046;-0,196918957;1;;;;;;;;;;;;;
522;0,888354749;0,22637062;0,776709497;1;0,345187343;0,098364824;0,150624477;1;0,274250281;0,16376217;-0,451499439;1;;;;;;;;;;;;;
523;0,723060678;0,268252299;0,446121356;1;0,33509649;0,103423195;0,1169883;1;0,452235352;0,178728085;-0,095529295;1;;;;;;;;;;;;;
524;0,726311744;0,209346991;0,452623489;1;0,324597699;0,098836457;0,08199233;1;0,399043703;0,158733884;-0,201912594;1;;;;;;;;;;;;;
525;0,803872839;0,238091973;0,607745677;1;0,444259952;0,101798187;0,480866508;1;0,090137702;0,170629688;-0,819724596;0;;;;;;;;;;;;;
526;0,939551787;0,199870549;0,879103573;0;0,264239944;0,095582366;-0,119200188;1;0,344749197;0,159123038;-0,310501607;1;;;;;;;;;;;;;
527;0,262184016;0,303574363;-0,475631968;1;0,42224882;0,110764963;0,407496067;1;0,741075957;0,185303326;0,482151914;1;;;;;;;;;;;;;
528;0,292091193;0,36181758;-0,415817614;1;0,177040643;0,11669225;-0,409864525;1;0,529459353;0,205533352;0,058918707;1;;;;;;;;;;;;;
529;0,61225555;0,268651764;0,224511101;1;0,520873317;0,106395392;0,736244389;0;0,218872214;0,167873627;-0,562255572;1;;;;;;;;;;;;;
530;0,486984475;0,231493049;-0,026031051;1;0,396360631;0,097616537;0,321202102;1;0,467124896;0,16523365;-0,065750208;1;;;;;;;;;;;;;
531;0,744869765;0,221583736;0,489739529;1;0,203428552;0,100320623;-0,321904828;1;0,189207512;0,170309467;-0,621584976;1;;;;;;;;;;;;;
532;0,437004703;0,317905017;-0,125990594;1;0,338453931;0,112922753;0,128179771;1;0,383147835;0,198610877;-0,233704331;1;;;;;;;;;;;;;
533;0,261296829;0,294677269;-0,477406342;1;0,31702676;0,106652681;0,056755867;1;0,843466401;0,184688801;0,686932802;1;;;;;;;;;;;;;
534;0,495896365;0,255994061;-0,008207269;1;0,563740496;0,101982479;0,879134986;0;0,284242149;0,169370875;-0,431515703;1;;;;;;;;;;;;;
535;0,479851117;0,257287271;-0,040297766;1;0,211926866;0,104082732;-0,293577114;1;0,527899621;0,172841658;0,055799243;1;;;;;;;;;;;;;
536;0,776447276;0,265041634;0,552894552;1;0,056809232;0,104260785;-0,810635893;0;0,316547941;0,183469057;-0,366904119;1;;;;;;;;;;;;;
537;0,480681348;0,277633408;-0,038637305;1;0,320329416;0,10942181;0,067764721;1;0,28523664;0,179335356;-0,42952672;1;;;;;;;;;;;;;
538;0,642328854;0,277635023;0,284657708;1;0,239402912;0,109920968;-0,201990293;1;0,381356088;0,193700002;-0,237287824;1;;;;;;;;;;;;;
539;0,566680113;0,269104846;0,133360227;1;0,459190552;0,103581738;0,530635175;1;0,673608696;0,172576148;0,347217392;1;;;;;;;;;;;;;
540;0,515570245;0,289685685;0,03114049;1;0,244739036;0,108414666;-0,184203213;1;0,669881086;0,191081254;0,339762172;1;;;;;;;;;;;;;
541;0,532973842;0,280750322;0,065947684;1;0,20589241;0,111051684;-0,313691965;1;0,36972555;0,188181311;-0,260548901;1;;;;;;;;;;;;;
542;0,460720206;0,240020146;-0,078559588;1;0,167193192;0,102797281;-0,442689361;1;0,849808848;0,178645995;0,699617695;1;;;;;;;;;;;;;
543;0,623336891;0,230778629;0,246673781;1;0,26963441;0,100051856;-0,101218633;1;0,454868389;0,169042858;-0,090263221;1;;;;;;;;;;;;;
544;0,56180239;0,302387197;0,12360478;1;0,143507076;0,110092903;-0,521643081;1;0,455516884;0,191959389;-0,088966232;1;;;;;;;;;;;;;
545;0,361427182;0,301708459;-0,277145636;1;0,337662118;0,109994968;0,125540394;1;0,352770392;0,184596119;-0,294459216;1;;;;;;;;;;;;;
546;0,563138559;0,281701517;0,126277118;1;0,257348055;0,108186586;-0,142173148;1;0,48862956;0,189309508;-0,02274088;1;;;;;;;;;;;;;
547;0,685138438;0,246593304;0,370276877;1;0,356043535;0,101897002;0,186811785;1;0,28679533;0,17252684;-0,42640934;1;;;;;;;;;;;;;
548;0,418710234;0,244385365;-0,162579532;1;0,192526155;0,101393984;-0,358246151;1;0,918661669;0,176284438;0,837323339;0;;;;;;;;;;;;;
549;0,384177255;0,305877107;-0,23164549;1;0,366109982;0,111461242;0,220366606;1;0,630138288;0,190079248;0,260276576;1;;;;;;;;;;;;;
550;0,762602432;0,241482596;0,525204864;1;0,151291752;0,102539695;-0,495694162;1;0,500672432;0,175292528;0,001344864;1;;;;;;;;;;;;;
551;0,728562522;0,256785682;0,457125045;1;0,180443075;0,107323348;-0,398523083;1;0,242602536;0,178707403;-0,514794928;1;;;;;;;;;;;;;
552;0,728218964;0,234127574;0,456437929;1;0,200126991;0,099851142;-0,332910031;1;0,575256792;0,175291909;0,150513584;1;;;;;;;;;;;;;
553;0,806353286;0,239494942;0,612706571;1;0,322926438;0,103215107;0,076421461;1;0,260481068;0,172643335;-0,479037865;1;;;;;;;;;;;;;
554;-0,089404263;0,382326801;-1,178808525;1;0,482480171;0,118122481;0,608267237;1;0,461992942;0,195670111;-0,076014115;1;;;;;;;;;;;;;
555;0,345720424;0,283744505;-0,308559152;1;0,296026876;0,10671709;-0,013243745;1;0,820353796;0,182797448;0,640707592;1;;;;;;;;;;;;;
556;0,607142959;0,255394169;0,214285919;1;0,452844023;0,102417665;0,509480077;1;0,479469268;0,17322383;-0,041061464;1;;;;;;;;;;;;;
557;0,182052582;0,337717125;-0,635894835;1;0,255122944;0,116155575;-0,149590188;1;0,437778242;0,194976878;-0,124443517;1;;;;;;;;;;;;;
558;0,736405596;0,250415886;0,472811192;1;0,357268079;0,104711986;0,190893595;1;0,25718814;0,176990718;-0,485623719;1;;;;;;;;;;;;;
559;0,381762025;0,327905837;-0,236475951;1;0,486481334;0,112537769;0,621604445;1;0,249028862;0,187653571;-0,501942276;1;;;;;;;;;;;;;
560;0,768052619;0,219996839;0,536105237;1;0,245900652;0,096124163;-0,180331159;1;0,67465943;0,168345652;0,34931886;1;;;;;;;;;;;;;
561;0,709438615;0,249066383;0,41887723;1;0,317100611;0,103160419;0,057002037;1;0,515251839;0,174902293;0,030503678;1;;;;;;;;;;;;;
562;-0,009717444;0,35633543;-1,019434888;1;0,268264979;0,113956192;-0,105783404;1;0,659939706;0,195691927;0,319879411;1;;;;;;;;;;;;;
563;0,622556566;0,279783784;0,245113132;1;0,400611878;0,111593141;0,335372925;1;0,320187418;0,185716683;-0,359625165;1;;;;;;;;;;;;;
564;0,577251029;0,281052144;0,154502058;1;0,344529963;0,106465578;0,14843321;1;0,582678786;0,183123574;0,165357572;1;;;;;;;;;;;;;
565;0,495885934;0,308407922;-0,008228131;1;0,218718426;0,110109829;-0,270938579;1;0,419084763;0,192556732;-0,161830474;1;;;;;;;;;;;;;
566;0,248141558;0,317604906;-0,503716884;1;0,3380547;0,111031119;0,126848999;1;0,684003657;0,193930497;0,368007315;1;;;;;;;;;;;;;
567;0,202546461;0,345472895;-0,594907077;1;0,274346486;0,115959386;-0,085511714;1;0,603627805;0,194251404;0,20725561;1;;;;;;;;;;;;;
568;0,830790128;0,219787038;0,661580256;1;0,223530466;0,100660262;-0,254898447;1;0,536054416;0,168881524;0,072108831;1;;;;;;;;;;;;;
569;0,895844943;0,225309505;0,791689886;1;0,177520739;0,098269682;-0,408264205;1;0,38378122;0,168397391;-0,23243756;1;;;;;;;;;;;;;
570;0,932159163;0,213658344;0,864318326;0;0,426825974;0,097686722;0,422753248;1;0,337032112;0,160203607;-0,325935775;1;;;;;;;;;;;;;
571;0,267843823;0,344014755;-0,464312355;1;0,06717971;0,116413022;-0,776067633;0;0,911089684;0,206093162;0,822179369;0;;;;;;;;;;;;;
572;0,774291721;0,234911634;0,548583442;1;0,289925375;0,10127375;-0,033582083;1;0,133120896;0,164191618;-0,733758209;0;;;;;;;;;;;;;
573;0,949028685;0,223611097;0,89805737;0;0,352675601;0,096600232;0,175585336;1;0,127805364;0,164159309;-0,744389272;0;;;;;;;;;;;;;
574;1,142256448;0,202389931;1,284512897;0;0,495942309;0,092481907;0,653141029;0;0,13717344;0,15505944;-0,725653119;0;;;;;;;;;;;;;
575;0,100319556;0,414099146;-0,799360889;1;0,399937485;0,119152769;0,333124952;1;0,441774315;0,208353895;-0,116451371;1;;;;;;;;;;;;;
576;-0,159463708;0,319139943;-1,318927416;0;0,387028424;0,109987597;0,290094747;1;0,87956907;0,194155358;0,759138141;1;;;;;;;;;;;;;
577;0,771375153;0,279468302;0,542750305;1;0,27604931;0,106514201;-0,079835633;1;0,218973111;0,18022019;-0,562053778;1;;;;;;;;;;;;;
578;0,080785603;0,357978264;-0,838428795;1;0,379112424;0,116334668;0,263708081;1;0,505109351;0,192763206;0,010218702;1;;;;;;;;;;;;;
579;-0,330829588;0,434043426;-1,661659176;1;0,422514928;0,118927938;0,408383092;1;0,822109594;0,212212231;0,644219188;1;;;;;;;;;;;;;
580;0,687765075;0,287673428;0,375530151;1;0,292213787;0,107129044;-0,025954043;1;0,343476977;0,183003928;-0,313046046;1;;;;;;;;;;;;;
581;0,5056631;0,263016284;0,011326201;1;0,298681097;0,10372021;-0,004396343;1;0,697668789;0,176100654;0,395337577;1;;;;;;;;;;;;;
582;0,666192471;0,214227328;0,332384942;1;0,38887836;0,093538266;0,2962612;1;0,617452251;0,154801389;0,234904503;1;;;;;;;;;;;;;
583;0,561223143;0,248859306;0,122446287;1;0,271360124;0,100641983;-0,095466253;1;0,509842717;0,169448423;0,019685435;1;;;;;;;;;;;;;
584;0,722715744;0,236640963;0,445431488;1;0,441387539;0,102162832;0,471291798;1;0,318500374;0,164409353;-0,362999253;1;;;;;;;;;;;;;
585;0,377492504;0,270765826;-0,245014992;1;0,341581215;0,103286101;0,138604051;1;0,601149137;0,175955793;0,202298274;1;;;;;;;;;;;;;
586;0,632246801;0,249742083;0,264493601;1;0,430051906;0,09927706;0,433506352;1;0,389428603;0,168774527;-0,221142794;1;;;;;;;;;;;;;
587;0,318446185;0,279340345;-0,36310763;1;0,168133696;0,109963126;-0,439554346;1;0,62095338;0,176201938;0,24190676;1;;;;;;;;;;;;;
588;0,077159448;0,414439395;-0,845681103;1;0,151772217;0,120024622;-0,494092611;1;0,437134205;0,202535961;-0,12573159;1;;;;;;;;;;;;;
589;-0,062263584;0,372540308;-1,124527169;1;0,319463109;0,117738523;0,06487703;1;0,765118528;0,201160409;0,530237056;1;;;;;;;;;;;;;
590;0,787748028;0,231888847;0,575496055;1;0,245004407;0,103097926;-0,183318644;1;0,290987765;0,164551307;-0,418024471;1;;;;;;;;;;;;;
591;0,746592264;0,230100994;0,493184528;1;0,211717826;0,099290774;-0,294273914;1;0,358943054;0,167442655;-0,282113892;1;;;;;;;;;;;;;
592;-0,065957101;0,366716915;-1,131914202;1;0,159956725;0,11575637;-0,466810916;1;0,750147144;0,202014194;0,500294289;1;;;;;;;;;;;;;
593;0,5235622;0,278781279;0,047124399;1;0,278950234;0,107711178;-0,070165888;1;0,295141327;0,182448185;-0,409717346;1;;;;;;;;;;;;;
594;0,586013208;0,258094255;0,172026417;1;0,096012288;0,102601113;-0,679959042;0;0,518566672;0,177895141;0,037133345;1;;;;;;;;;;;;;
595;0,846593367;0,225984655;0,693186735;1;0,350367776;0,099753047;0,167892586;1;0,372614871;0,179191701;-0,254770257;1;;;;;;;;;;;;;
596;0,653998635;0,279073875;0,30799727;1;0,380395469;0,110010586;0,267984896;1;0,239036758;0,192036989;-0,521926485;1;;;;;;;;;;;;;
597;0,401483367;0,269508943;-0,197033266;1;0,335395188;0,106450204;0,11798396;1;0,517814449;0,179166935;0,035628898;1;;;;;;;;;;;;;
598;0,333900006;0,287637134;-0,332199987;1;0,230788106;0,108786589;-0,230706313;1;0,729685867;0,186540912;0,459371735;1;;;;;;;;;;;;;
599;0,37589096;0,25038065;-0,248218079;1;0,294571323;0,103499207;-0,018095591;1;0,677224143;0,171629543;0,354448285;1;;;;;;;;;;;;;
600;0,554107913;0,255578879;0,108215825;1;0,348412552;0,103686676;0,161375172;1;0,51104193;0,176517686;0,022083859;1;;;;;;;;;;;;;
601;0,622564694;0,253972248;0,245129388;1;0,178845172;0,105296028;-0,403849426;1;0,618772132;0,182069621;0,237544264;1;;;;;;;;;;;;;
602;0,192638449;0,32265544;-0,614723102;1;0,33754326;0,10907622;0,125144199;1;0,52842607;0,185534921;0,05685214;1;;;;;;;;;;;;;
603;0,332518181;0,343516256;-0,334963639;1;0,344294982;0,114806199;0,147649942;1;0,26383602;0,198925621;-0,472327961;1;;;;;;;;;;;;;
604;0,229349363;0,328694042;-0,541301274;1;0,192635212;0,113312822;-0,357882627;1;0,519716907;0,18721374;0,039433813;1;;;;;;;;;;;;;
605;0,728957515;0,266290504;0,457915031;1;0,353544541;0,105064053;0,178481805;1;0,288078779;0,180398317;-0,423842443;1;;;;;;;;;;;;;
606;0,377005814;0,306279448;-0,245988373;1;0,330585967;0,112715957;0,101953223;1;0,28272901;0,196368984;-0,43454198;1;;;;;;;;;;;;;
607;0,255888357;0,369375447;-0,488223287;1;0,142994477;0,117669047;-0,523351744;1;0,395623253;0,204671874;-0,208753494;1;;;;;;;;;;;;;
608;0,350872167;0,270835647;-0,298255666;1;0,328582749;0,103396126;0,095275831;1;0,623850751;0,182646706;0,247701502;1;;;;;;;;;;;;;
609;0,718337183;0,270606058;0,436674366;1;0,293765732;0,107572237;-0,020780893;1;0,618747672;0,183678497;0,237495344;1;;;;;;;;;;;;;
610;0,388889526;0,269591862;-0,222220948;1;0,380052166;0,105927789;0,266840553;1;0,599290339;0,178534168;0,198580678;1;;;;;;;;;;;;;
611;0,620214073;0,248272741;0,240428146;1;0,303986217;0,104102061;0,013287389;1;0,265500927;0,168424952;-0,468998146;1;;;;;;;;;;;;;
612;0,152385647;0,297188695;-0,695228706;1;0,11511435;0,106211694;-0,616285502;1;0,640245002;0,183785261;0,280490004;1;;;;;;;;;;;;;
613;0,887221932;0,216154163;0,774443863;1;0,397856863;0,095123706;0,326189545;1;0,506194452;0,162111145;0,012388905;1;;;;;;;;;;;;;
614;0,712612422;0,219688925;0,425224844;1;0,447553758;0,09587657;0,491845859;1;0,61114861;0,158438238;0,222297221;1;;;;;;;;;;;;;
615;0,17835629;0,310888412;-0,643287419;1;0,463188292;0,110618803;0,543960972;1;0,513620936;0,189854981;0,027241872;1;;;;;;;;;;;;;
616;0,433255841;0,292213086;-0,133488318;1;0,385261867;0,113602696;0,284206224;1;0,291358419;0,189557996;-0,417283162;1;;;;;;;;;;;;;
617;0,589466865;0,247260322;0,17893373;1;0,304078934;0,101215839;0,013596447;1;0,569629833;0,172414705;0,139259666;1;;;;;;;;;;;;;
618;0,632717694;0,27183957;0,265435387;1;0,397483225;0,105857325;0,324944082;1;0,219935445;0,17805711;-0,560129109;1;;;;;;;;;;;;;
619;0,791844129;0,233867938;0,583688257;1;0,11330212;0,103520225;-0,622326266;1;0,499768244;0,170756557;-0,000463511;1;;;;;;;;;;;;;
620;0,940390079;0,200814477;0,880780157;0;0,353328606;0,093946106;0,177762022;1;0,580712712;0,157533264;0,161425424;1;;;;;;;;;;;;;
621;0,666475812;0,252375695;0,332951623;1;0,259720069;0,104480895;-0,134266437;1;0,468763796;0,175701323;-0,062472407;1;;;;;;;;;;;;;
622;0,325035525;0,307294392;-0,34992895;1;0,409199828;0,108593129;0,363999428;1;0,281339193;0,18653798;-0,437321614;1;;;;;;;;;;;;;
623;0,385779425;0,27182883;-0,228441151;1;0,347020984;0,105421974;0,156736613;1;0,556040246;0,17556665;0,112080492;1;;;;;;;;;;;;;
624;0,339285539;0,312019614;-0,321428923;1;0,171999644;0,111286529;-0,426667853;1;0,493640499;0,192032358;-0,012719003;1;;;;;;;;;;;;;
625;0,657975507;0,263348283;0,315951014;1;0,320333079;0,104554352;0,06777693;1;0,390478682;0,180280634;-0,219042635;1;;;;;;;;;;;;;
626;0,79044876;0,257939869;0,580897521;1;0,302864089;0,105470922;0,009546962;1;0,115467658;0,172031834;-0,769064684;0;;;;;;;;;;;;;
627;0,382128571;0,274229795;-0,235742858;1;0,334498063;0,105431547;0,114993544;1;0,510112193;0,175350906;0,020224386;1;;;;;;;;;;;;;
628;0,42526008;0,277132196;-0,14947984;1;0,381231196;0,105655207;0,270770655;1;0,584032591;0,175738216;0,168065183;1;;;;;;;;;;;;;
629;0,843095728;0,223252064;0,686191456;1;0,505323717;0,097449478;0,684412389;0;0,469809008;0,160798987;-0,060381983;1;;;;;;;;;;;;;
630;0,648243775;0,264839874;0,29648755;1;0,47645992;0,103921803;0,588199733;1;0,388234366;0,174615983;-0,223531267;1;;;;;;;;;;;;;
631;0,714403066;0,258839156;0,428806132;1;0,103714149;0,110122611;-0,654286169;1;0,48777249;0,18098223;-0,02445502;1;;;;;;;;;;;;;
632;0,001003602;0,407415814;-0,997992795;1;0,398862132;0,121309206;0,329540439;1;0,356665823;0,202641806;-0,286668353;1;;;;;;;;;;;;;
633;0,497717865;0,247224195;-0,004564271;1;0,408054215;0,101059104;0,360180715;1;0,679421195;0,172439305;0,358842389;1;;;;;;;;;;;;;
634;0,572930958;0,238424403;0,145861916;1;0,387476699;0,101347432;0,291588996;1;0,583894779;0,168051162;0,167789557;1;;;;;;;;;;;;;
635;0,647217392;0,249160698;0,294434783;1;0,214066806;0,101676003;-0,286443981;1;0,559081784;0,173214684;0,118163568;1;;;;;;;;;;;;;
636;0,215131866;0,330812853;-0,569736268;1;0,455971171;0,10925099;0,519903905;1;0,654113128;0,196872718;0,308226255;1;;;;;;;;;;;;;
637;0,358074895;0,395479233;-0,28385021;1;0,28994817;0,119319168;-0,033506101;1;-0,021717402;0,201864152;-1,043434804;0;;;;;;;;;;;;;
638;0,244847327;0,3210235;-0,510305346;1;0,23308188;0,11263174;-0,2230604;1;0,592615854;0,192763509;0,185231708;1;;;;;;;;;;;;;
639;0,293852616;0,316383141;-0,412294768;1;0,208690823;0,112917132;-0,304363923;1;0,666798952;0,196529582;0,333597904;1;;;;;;;;;;;;;
640;0,881648173;0,219149115;0,763296345;1;0,267981671;0,098022822;-0,106727763;1;0,208242813;0,167364062;-0,583514375;1;;;;;;;;;;;;;
641;0,251706397;0,304361594;-0,496587207;1;0,29668966;0,110160191;-0,011034465;1;0,663654538;0,187829493;0,327309077;1;;;;;;;;;;;;;
642;0,745954313;0,229082254;0,491908625;1;0,283748576;0,097738832;-0,054171414;1;0,580471522;0,172762806;0,160943043;1;;;;;;;;;;;;;
643;-0,221885485;0,432433275;-1,443770969;1;0,452354891;0,122860301;0,507849638;1;0,92670249;0,211777551;0,853404981;0;;;;;;;;;;;;;
644;0,121092923;0,309233511;-0,757814155;1;0,438646225;0,108360955;0,462154085;1;0,733205501;0,187971647;0,466411002;1;;;;;;;;;;;;;
645;0,522596731;0,247012829;0,045193461;1;0,287984756;0,10203925;-0,040050814;1;0,632649793;0,172841162;0,265299585;1;;;;;;;;;;;;;
646;0,533967449;0,274539239;0,067934898;1;0,269786952;0,10885915;-0,100710159;1;0,418103435;0,183356862;-0,163793129;1;;;;;;;;;;;;;
647;0,952377099;0,201034258;0,904754199;0;0,333448886;0,094431527;0,111496286;1;0,47978627;0,16025431;-0,040427459;1;;;;;;;;;;;;;
648;0,439529716;0,288298504;-0,120940569;1;0,26063209;0,108604512;-0,131226366;1;0,488478861;0,183186202;-0,023042277;1;;;;;;;;;;;;;
649;0,170299683;0,344096654;-0,659400634;1;0,31375867;0,115993161;0,045862235;1;0,595903537;0,195329562;0,191807075;1;;;;;;;;;;;;;
650;0,626306027;0,245150736;0,252612053;1;0,209835964;0,10233343;-0,300546786;1;0,560026389;0,174697407;0,120052778;1;;;;;;;;;;;;;
651;0,646386054;0,253856006;0,292772107;1;0,236885942;0,106511163;-0,210380194;1;0,276115517;0,180244338;-0,447768965;1;;;;;;;;;;;;;
652;0,151678248;0,323389928;-0,696643505;1;0,363927289;0,112465934;0,213090965;1;0,637482881;0,194450456;0,274965762;1;;;;;;;;;;;;;
653;0,738713534;0,256148061;0,477427068;1;0,342960895;0,103645877;0,143202982;1;0,472499679;0,187138315;-0,055000643;1;;;;;;;;;;;;;
654;0,210721929;0,304875738;-0,578556143;1;0,557569781;0,109299208;0,858565936;0;0,629053926;0,188256629;0,258107852;1;;;;;;;;;;;;;
655;0,145729062;0,317063464;-0,708541876;1;0,430085712;0,110259471;0,433619041;1;0,504166819;0,184838855;0,008333638;1;;;;;;;;;;;;;
656;0,518014418;0,266132815;0,036028836;1;0,24191783;0,104704738;-0,193607232;1;0,578927173;0,180918246;0,157854346;1;;;;;;;;;;;;;
657;0,453561317;0,269930742;-0,092877366;1;0,429114294;0,105129624;0,43038098;1;0,487090864;0,175707505;-0,025818273;1;;;;;;;;;;;;;
658;0,669251529;0,236497927;0,338503058;1;0,251343682;0,102182767;-0,162187728;1;0,344299975;0,168697991;-0,311400049;1;;;;;;;;;;;;;
659;0,604900701;0,275207911;0,209801401;1;0,188651248;0,108097033;-0,371162507;1;0,62501677;0,184177167;0,25003354;1;;;;;;;;;;;;;
660;0,395545588;0,294780111;-0,208908823;1;0,468260789;0,109757468;0,560869296;1;0,322698409;0,18748551;-0,354603183;1;;;;;;;;;;;;;
661;0,359734221;0,272392026;-0,280531558;1;0,373376292;0,105018461;0,244587642;1;0,591340095;0,184700711;0,18268019;1;;;;;;;;;;;;;
662;0,554807554;0,247713751;0,109615109;1;0,458349292;0,099726573;0,527830972;1;0,569879026;0,163720499;0,139758052;1;;;;;;;;;;;;;
663;0,567791799;0,240192617;0,135583599;1;0,366368631;0,099309158;0,221228771;1;0,4472608;0,168738204;-0,105478399;1;;;;;;;;;;;;;
664;0,75624746;0,237739379;0,512494921;1;0,27237487;0,100774357;-0,092083767;1;0,542447043;0,175896837;0,084894087;1;;;;;;;;;;;;;
665;0,226196923;0,306039951;-0,547606154;1;0,262565478;0,110736817;-0,124781739;1;0,697822707;0,182520627;0,395645414;1;;;;;;;;;;;;;
666;0,412000537;0,306808112;-0,175998925;1;0,175093057;0,10888422;-0,416356477;1;0,551858624;0,186761366;0,103717249;1;;;;;;;;;;;;;
667;-0,174830582;0,411074755;-1,349661163;1;0,303028721;0,117689637;0,010095736;1;0,884631768;0,206279325;0,769263536;1;;;;;;;;;;;;;
668;0,63568979;0,240848035;0,27137958;1;0,452750689;0,100213305;0,509168963;1;0,294623056;0,169355571;-0,410753888;1;;;;;;;;;;;;;
669;0,61359667;0,279645114;0,227193339;1;0,220826552;0,110558057;-0,263911494;1;0,374047674;0,18953483;-0,251904653;1;;;;;;;;;;;;;
670;0,65163178;0,262160068;0,30326356;1;0,413126167;0,105364867;0,377087223;1;0,308408299;0,175761106;-0,383183401;1;;;;;;;;;;;;;
671;0,385917708;0,264880506;-0,228164583;1;0,394504711;0,105361564;0,315015705;1;0,545561137;0,176276239;0,091122274;1;;;;;;;;;;;;;
672;0,978629913;0,228205925;0,957259825;0;0,182898307;0,101893365;-0,390338976;1;0,29626443;0,169279029;-0,407471141;1;;;;;;;;;;;;;
673;0,232973859;0,335978837;-0,534052282;1;0,233711557;0,1135517;-0,220961475;1;0,405887006;0,196002157;-0,188225988;1;;;;;;;;;;;;;
674;0,303565851;0,304297225;-0,392868297;1;0,17391206;0,109300768;-0,420293133;1;0,630501478;0,190890167;0,261002957;1;;;;;;;;;;;;;
675;0,49727079;0,268916793;-0,005458419;1;0,074260685;0,10640422;-0,752464385;0;0,550760432;0,179836695;0,101520863;1;;;;;;;;;;;;;
676;-0,220930452;0,418950057;-1,441860904;1;0,212844732;0,121254264;-0,290517561;1;0,550508522;0,20343097;0,101017044;1;;;;;;;;;;;;;
677;0,469353589;0,265790857;-0,061292822;1;0,192595214;0,105325983;-0,358015952;1;0,657920848;0,189253067;0,315841697;1;;;;;;;;;;;;;
678;0,667520976;0,225995566;0,335041951;1;0,44539072;0,098220879;0,484635734;1;0,638715693;0,165741472;0,277431386;1;;;;;;;;;;;;;
679;0,406993134;0,270056593;-0,186013731;1;0,344602701;0,104749726;0,148675669;1;0,613299205;0,178468328;0,22659841;1;;;;;;;;;;;;;
680;0,349216226;0,258477579;-0,301567549;1;0,458865275;0,103488198;0,529550918;1;0,739073901;0,174100956;0,478147803;1;;;;;;;;;;;;;
681;0,501420803;0,270354396;0,002841606;1;0,320132632;0,105874495;0,067108773;1;0,563918572;0,184555233;0,127837143;1;;;;;;;;;;;;;
682;0,245024749;0,286851021;-0,509950502;1;0,292746594;0,109440582;-0,024178021;1;0,666709811;0,185719747;0,333419623;1;;;;;;;;;;;;;
683;0,14560976;0,33850241;-0,70878048;1;0,138248227;0,115155582;-0,539172577;1;0,436321759;0,196728193;-0,127356482;1;;;;;;;;;;;;;
684;0,71081051;0,26646983;0,42162102;1;0,363471868;0,105698907;0,211572892;1;0,372645551;0,179548558;-0,254708899;1;;;;;;;;;;;;;
685;0,142834447;0,349171238;-0,714331106;1;0,307684582;0,112939614;0,025615273;1;0,586291982;0,194657852;0,172583964;1;;;;;;;;;;;;;
686;0,007322167;0,3225176;-0,985355665;1;0,357895925;0,109833859;0,192986417;1;0,956753791;0,18959043;0,913507582;0;;;;;;;;;;;;;
687;0,596051904;0,265729956;0,192103808;1;0,401321313;0,106575523;0,33773771;1;0,322741935;0,17695111;-0,354516129;1;;;;;;;;;;;;;
688;-0,005833048;0,39054774;-1,011666096;1;0,055910701;0,122388043;-0,813630996;0;0,737384253;0,210433061;0,474768506;1;;;;;;;;;;;;;
689;-0,168785152;0,389565615;-1,337570305;1;0,366649957;0,116427342;0,222166524;1;0,729519558;0,20864849;0,459039116;1;;;;;;;;;;;;;
690;0,647863196;0,237586499;0,295726392;1;0,273053737;0,098936639;-0,089820876;1;0,733905288;0,173673695;0,467810575;1;;;;;;;;;;;;;
691;-0,390971508;0,502290832;-1,781943016;1;0,335943033;0,122248936;0,11981011;1;0,651988983;0,209379712;0,303977967;1;;;;;;;;;;;;;
692;0,679212702;0,221343546;0,358425403;1;0,358598181;0,098535694;0,195327271;1;0,600297841;0,164804573;0,200595683;1;;;;;;;;;;;;;
693;0,447977306;0,281581976;-0,104045389;1;0,373622641;0,109068154;0,245408804;1;0,628773104;0,184283871;0,257546208;1;;;;;;;;;;;;;
694;0,75051733;0,247790193;0,501034659;1;0,079891883;0,106195264;-0,733693724;0;0,322614897;0,174886805;-0,354770207;1;;;;;;;;;;;;;
695;0,478162469;0,257081651;-0,043675063;1;0,425133235;0,103792584;0,417110783;1;0,35421377;0,170721378;-0,291572461;1;;;;;;;;;;;;;
696;0,238740417;0,285753839;-0,522519165;1;0,378223213;0,104659843;0,260744042;1;0,839324634;0,180176987;0,678649268;1;;;;;;;;;;;;;
697;0,532771442;0,262453588;0,065542884;1;0,4154228;0,10366657;0,384742666;1;0,760175236;0,179111904;0,520350472;1;;;;;;;;;;;;;
698;0,473580627;0,25578088;-0,052838747;1;0,311349638;0,103759958;0,037832126;1;0,60674528;0,175194057;0,21349056;1;;;;;;;;;;;;;
699;1,175790025;0,213628963;1,351580051;0;0,199910919;0,097839237;-0,333630271;1;0,108561758;0,167789298;-0,782876485;0;;;;;;;;;;;;;
700;0,351945732;0,25480344;-0,296108537;1;0,43700692;0,104988861;0,456689732;1;0,352199665;0,16774134;-0,29560067;1;;;;;;;;;;;;;
701;0,68511668;0,257959678;0,370233361;1;0,360580609;0,104403987;0,201935364;1;0,441157175;0,178017013;-0,11768565;1;;;;;;;;;;;;;
702;0,599775823;0,2827354;0,199551647;1;0,357688156;0,108555799;0,192293854;1;0,505500529;0,187671869;0,011001057;1;;;;;;;;;;;;;
703;0,084918265;0,35990496;-0,83016347;1;0,136696743;0,116858106;-0,54434419;1;0,796944886;0,199133886;0,593889772;1;;;;;;;;;;;;;
704;0,559089713;0,241572451;0,118179427;1;0,433791881;0,099930145;0,445972937;1;0,631000955;0,170887721;0,262001909;1;;;;;;;;;;;;;
705;0,232266334;0,302986767;-0,535467332;1;0,291272692;0,110351234;-0,029091026;1;0,969243772;0,197923605;0,938487545;0;;;;;;;;;;;;;
706;0,616374489;0,267021921;0,232748978;1;0,34778071;0,105286459;0,159269035;1;0,540763273;0,186266878;0,081526546;1;;;;;;;;;;;;;
707;0,27116605;0,320017236;-0,4576679;1;0,222539504;0,111723984;-0,258201654;1;0,628115841;0,191335808;0,256231682;1;;;;;;;;;;;;;
708;0,040523874;0,337616604;-0,918952252;1;0,192931041;0,113033026;-0,356896531;1;0,688180913;0,193499862;0,376361825;1;;;;;;;;;;;;;
709;0,552242728;0,260428696;0,104485457;1;0,468757874;0,102733947;0,562526246;1;0,431419352;0,169261102;-0,137161297;1;;;;;;;;;;;;;
710;0,842938786;0,204043041;0,685877572;1;0,15832266;0,095483495;-0,472257801;1;0,661635458;0,163504187;0,323270916;1;;;;;;;;;;;;;
711;0,737215946;0,248729889;0,474431893;1;0,338759705;0,105381722;0,129199016;1;0,023538941;0,172934723;-0,952922117;0;;;;;;;;;;;;;
712;0,860170791;0,224500156;0,720341581;1;0,337009391;0,098744051;0,123364637;1;0,289724621;0,162966175;-0,420550758;1;;;;;;;;;;;;;
713;0,667412299;0,262144359;0,334824598;1;0,293617667;0,104877662;-0,021274444;1;0,557035933;0,182069021;0,114071866;1;;;;;;;;;;;;;
714;0,529607073;0,251726696;0,059214146;1;0,218445051;0,102895536;-0,271849828;1;0,581226138;0,17029715;0,162452276;1;;;;;;;;;;;;;
715;0,603061811;0,273425319;0,206123621;1;0,224171444;0,107694101;-0,252761853;1;0,432054474;0,184791573;-0,135891053;1;;;;;;;;;;;;;
716;0,087332286;0,368570178;-0,825335428;1;0,126838525;0,117921485;-0,577204916;1;0,463664734;0,200042155;-0,072670533;1;;;;;;;;;;;;;
717;0,229828357;0,334437227;-0,540343285;1;0,156959896;0,114307664;-0,476800348;1;0,563830844;0,202574175;0,127661688;1;;;;;;;;;;;;;
718;0,456269151;0,27724483;-0,087461697;1;0,30556461;0,108242313;0,0185487;1;0,489074796;0,184297291;-0,021850407;1;;;;;;;;;;;;;
719;1,140468919;0,191619029;1,280937838;0;0,255051838;0,089154226;-0,149827208;1;0,502605089;0,148243865;0,005210179;1;;;;;;;;;;;;;
720;0,561260534;0,264132345;0,122521068;1;0,211296891;0,104866245;-0,295677031;1;0,43490606;0,176889962;-0,130187879;1;;;;;;;;;;;;;
721;0,881916396;0,230534144;0,763832793;1;0,207811119;0,09888906;-0,307296271;1;0,250480095;0,168663626;-0,499039811;1;;;;;;;;;;;;;
722;0,075770968;0,413303609;-0,848458064;1;0,379528277;0,120683611;0,265094258;1;0,42018475;0,21182895;-0,159630501;1;;;;;;;;;;;;;
723;0,357671106;0,300243862;-0,284657788;1;0,275694213;0,110767089;-0,081019291;1;0,566810851;0,192779674;0,133621703;1;;;;;;;;;;;;;
724;0,757895057;0,254519736;0,515790114;1;0,394172043;0,104297157;0,313906811;1;0,23673471;0,177492221;-0,52653058;1;;;;;;;;;;;;;
725;0,427578293;0,292516222;-0,144843414;1;0,313619091;0,109761065;0,045396968;1;0,570792737;0,188659392;0,141585475;1;;;;;;;;;;;;;
726;0,772591893;0,223225502;0,545183786;1;0,12589499;0,10150074;-0,580350034;1;0,437219779;0,168235454;-0,125560443;1;;;;;;;;;;;;;
727;0,841578728;0,215725867;0,683157456;1;0,231093055;0,09815073;-0,229689817;1;0,542448958;0,160797247;0,084897915;1;;;;;;;;;;;;;
728;-0,017749492;0,416975187;-1,035498984;1;0,43672145;0,118432208;0,455738167;1;0,369832046;0,208292023;-0,260335908;1;;;;;;;;;;;;;
729;0,580570914;0,251525691;0,161141828;1;0,35673221;0,101837661;0,189107366;1;0,574782741;0,17265808;0,149565482;1;;;;;;;;;;;;;
730;0,882610252;0,232097418;0,765220504;1;0,41224943;0,100442747;0,374164766;1;0,323573064;0,170778466;-0,352853872;1;;;;;;;;;;;;;
731;0,253863362;0,33519922;-0,492273277;1;0,382318125;0,114087165;0,274393751;1;0,302180826;0,188912306;-0,395638348;1;;;;;;;;;;;;;
732;0,717836547;0,270023974;0,435673094;1;0,18141837;0,106207401;-0,3952721;1;0,393503159;0,182935485;-0,212993683;1;;;;;;;;;;;;;
733;0,719169865;0,240652174;0,43833973;1;0,264879288;0,103513361;-0,117069039;1;0,211756906;0,170205043;-0,576486187;1;;;;;;;;;;;;;
734;0,210409118;0,318117206;-0,579181764;1;0,118920495;0,111699201;-0,603598349;1;0,771001269;0,192271149;0,542002538;1;;;;;;;;;;;;;
735;0,658663729;0,249287327;0,317327457;1;0,344101137;0,104877015;0,147003789;1;0,461187731;0,175043491;-0,077624539;1;;;;;;;;;;;;;
736;-0,667023738;0,593656298;-2,334047475;0;0,271000079;0,125990696;-0,096666404;1;1,037893586;0,220947865;1,075787172;0;;;;;;;;;;;;;
737;0,912290545;0,230279184;0,824581089;1;0,400475475;0,098431279;0,33491825;1;0,4526714;0,169257432;-0,0946572;1;;;;;;;;;;;;;
738;0,240673108;0,320454058;-0,518653785;1;0,421970439;0,113078609;0,406568128;1;0,54362777;0,194650695;0,08725554;1;;;;;;;;;;;;;
739;0,364785397;0,293307269;-0,270429206;1;0,371235145;0,1107001;0,237450485;1;0,428019306;0,185137066;-0,143961387;1;;;;;;;;;;;;;
740;0,576358866;0,246413541;0,152717732;1;0,325404732;0,102259516;0,08468244;1;0,535392584;0,175753648;0,070785169;1;;;;;;;;;;;;;
741;0,99112801;0,212960291;0,982256019;0;0,27168965;0,095374886;-0,094367832;1;0,533270798;0,169109792;0,066541597;1;;;;;;;;;;;;;
742;1,069797518;0,263280462;1,139595036;0;0,309547391;0,107310672;0,031824635;1;-0,000820472;0,183264622;-1,001640944;0;;;;;;;;;;;;;
743;0,600053399;0,256860789;0,200106798;1;0,146998052;0,10570531;-0,510006494;1;0,638136025;0,181114721;0,27627205;1;;;;;;;;;;;;;
744;0,2293132;0,28810856;-0,541373599;1;0,435852201;0,107950754;0,452840669;1;0,450719849;0,180243032;-0,098560302;1;;;;;;;;;;;;;
745;0,303470834;0,300298998;-0,393058333;1;0,565611862;0,111151396;0,885372874;0;0,530931334;0,178859602;0,061862668;1;;;;;;;;;;;;;
746;0,119550749;0,398287817;-0,760898503;1;0,115811918;0,11984778;-0,613960274;1;0,576840574;0,204258792;0,153681148;1;;;;;;;;;;;;;
747;0,351275652;0,27045017;-0,297448696;1;0,580660808;0,10559258;0,935536027;0;0,399194785;0,17490021;-0,20161043;1;;;;;;;;;;;;;
748;-0,062069883;0,434060675;-1,124139765;1;0,319357602;0,121285473;0,064525341;1;0,451865379;0,210684846;-0,096269242;1;;;;;;;;;;;;;
749;0,504913204;0,276505935;0,009826407;1;0,247581333;0,109010644;-0,17472889;1;0,410712501;0,184711535;-0,178574998;1;;;;;;;;;;;;;
750;0,520207594;0,289634562;0,040415189;1;0,164231862;0,113148601;-0,45256046;1;0,359892975;0,184481491;-0,280214049;1;;;;;;;;;;;;;
751;0,249064156;0,297627028;-0,501871687;1;0,349326029;0,106703402;0,164420097;1;0,711707188;0,181623641;0,423414375;1;;;;;;;;;;;;;
752;0,372711934;0,28044269;-0,254576133;1;0,313733435;0,108587404;0,045778117;1;0,315061734;0,182117168;-0,369876531;1;;;;;;;;;;;;;
753;0,530091506;0,300348893;0,060183012;1;0,180190792;0,109515926;-0,399364025;1;0,740066505;0,191200743;0,480133009;1;;;;;;;;;;;;;
754;0,396229181;0,269950022;-0,207541639;1;0,307254377;0,106699254;0,024181255;1;0,532490732;0,188838597;0,064981464;1;;;;;;;;;;;;;
755;0,714463831;0,241283743;0,428927662;1;0,400004581;0,100242306;0,333348603;1;0,300358209;0,168302453;-0,399283583;1;;;;;;;;;;;;;
756;0,682523117;0,249801615;0,365046234;1;0,364321313;0,104084395;0,214404376;1;0,444177163;0,171007279;-0,111645674;1;;;;;;;;;;;;;
757;0,877504918;0,248453307;0,755009836;1;0,27364562;0,101884074;-0,087847932;1;0,255176397;0,178371564;-0,489647206;1;;;;;;;;;;;;;
758;0,24629684;0,301273486;-0,507406321;1;0,317860912;0,109896534;0,059536372;1;0,794011581;0,193796958;0,588023163;1;;;;;;;;;;;;;
759;0,794396172;0,215288757;0,588792343;1;0,149985349;0,097850013;-0,500048836;1;0,493418067;0,160071874;-0,013163866;1;;;;;;;;;;;;;
760;0,178510883;0,308296344;-0,642978234;1;0,442989561;0,110521388;0,476631872;1;0,465528659;0,183535738;-0,068942682;1;;;;;;;;;;;;;
761;0,145691666;0,316997376;-0,708616668;1;0,391354403;0,110169188;0,304514677;1;0,63758498;0,185993305;0,275169961;1;;;;;;;;;;;;;
762;0,713467447;0,23765216;0,426934893;1;0,104664526;0,104000558;-0,651118247;1;0,510027248;0,175906511;0,020054496;1;;;;;;;;;;;;;
763;0,466029627;0,273197963;-0,067940745;1;0,299989398;0,104548397;-3,53E-05;1;0,525971261;0,180670479;0,051942521;1;;;;;;;;;;;;;
764;0,484712836;0,262320334;-0,030574328;1;0,34333284;0,105807578;0,144442799;1;0,635590834;0,183388348;0,271181668;1;;;;;;;;;;;;;
765;0,219391506;0,306018357;-0,561216987;1;0,36753;0,109713902;0,225100001;1;0,644369754;0,183713014;0,288739509;1;;;;;;;;;;;;;
766;0,140378873;0,348748435;-0,719242253;1;0,244480353;0,11572388;-0,185065491;1;0,789365629;0,197114743;0,578731257;1;;;;;;;;;;;;;
767;0,115773294;0,386778139;-0,768453411;1;0,420398671;0,117113373;0,401328902;1;0,244447191;0,206462867;-0,511105619;1;;;;;;;;;;;;;
768;0,729294113;0,221338494;0,458588227;1;0,371113746;0,098018201;0,23704582;1;0,46668594;0,165420787;-0,066628121;1;;;;;;;;;;;;;
769;1,085375612;0,226236282;1,170751223;0;0,117377715;0,100368067;-0,608740951;1;0,40253051;0,173539914;-0,194938979;1;;;;;;;;;;;;;
770;0,84817185;0,231748391;0,6963437;1;0,457516176;0,098442667;0,525053921;1;0,484734411;0,169095501;-0,030531178;1;;;;;;;;;;;;;
771;0,696333663;0,235893576;0,392667326;1;0,371339821;0,102102564;0,237799402;1;0,410560194;0,174746715;-0,178879613;1;;;;;;;;;;;;;
772;0,182914466;0,333183278;-0,634171068;1;0,231808874;0,116414823;-0,227303754;1;0,359546714;0,192015512;-0,280906572;1;;;;;;;;;;;;;
773;0,346871473;0,329939666;-0,306257054;1;0,355012859;0,113498114;0,183376198;1;0,371060377;0,191389444;-0,257879246;1;;;;;;;;;;;;;
774;0,970976136;0,234214938;0,941952272;0;0,283821882;0,103277859;-0,053927059;1;0,269681923;0,17587144;-0,460636154;1;;;;;;;;;;;;;
775;0,306841132;0,262900077;-0,386317737;1;0,352917897;0,104024899;0,176392989;1;0,621864551;0,17890584;0,243729102;1;;;;;;;;;;;;;
776;0,027788619;0,347684357;-0,944422763;1;0,353480847;0,111006131;0,178269489;1;0,713316383;0,186451508;0,426632767;1;;;;;;;;;;;;;
777;0,302352236;0,289922608;-0,395295528;1;0,440534519;0,107768085;0,468448396;1;0,467609663;0,181483185;-0,064780674;1;;;;;;;;;;;;;
778;0,795697311;0,233204286;0,591394622;1;0,271879938;0,099149781;-0,093733539;1;0,420684992;0,169041471;-0,158630016;1;;;;;;;;;;;;;
779;0,401405969;0,267483008;-0,197188061;1;0,231018293;0,107507185;-0,229939023;1;0,686073199;0,181484621;0,372146399;1;;;;;;;;;;;;;
780;0,736847204;0,232973766;0,473694407;1;0,226324892;0,0985225;-0,245583694;1;0,777503158;0,172347271;0,555006316;1;;;;;;;;;;;;;
781;0,370602388;0,303982136;-0,258795223;1;0,139876761;0,110182678;-0,533744131;1;0,656434206;0,190538673;0,312868411;1;;;;;;;;;;;;;
782;0,440422218;0,225324866;-0,119155564;1;0,377459546;0,09997141;0,258198486;1;0,687790051;0,169988311;0,375580101;1;;;;;;;;;;;;;
783;0,778274542;0,244674576;0,556549083;1;0,204151497;0,103233862;-0,319495009;1;0,482038009;0,178553311;-0,035923983;1;;;;;;;;;;;;;
784;0,47120617;0,304474112;-0,057587661;1;0,301503188;0,109965964;0,005010628;1;0,510947363;0,186854897;0,021894725;1;;;;;;;;;;;;;
785;0,455295853;0,243427997;-0,089408295;1;0,526221967;0,099480352;0,754073223;0;0,584798576;0,167152836;0,169597152;1;;;;;;;;;;;;;
786;0,384011106;0,28210675;-0,231977787;1;0,237814408;0,107055988;-0,207285305;1;0,851289301;0,185537903;0,702578601;1;;;;;;;;;;;;;
787;0,772704199;0,25468269;0,545408398;1;0,266266582;0,104265141;-0,112444726;1;0,372662236;0,182414864;-0,254675528;1;;;;;;;;;;;;;
788;0,365104485;0,294164401;-0,269791031;1;0,151548376;0,111513513;-0,494838747;1;0,766364879;0,192867452;0,532729758;1;;;;;;;;;;;;;
789;0,415124309;0,265291555;-0,169751381;1;0,389520107;0,109513718;0,298400358;1;0,375054768;0,184116475;-0,249890463;1;;;;;;;;;;;;;
790;0,999118008;0,233787762;0,998236017;0;0,412191118;0,10358868;0,373970392;1;0,255917667;0,17368979;-0,488164666;1;;;;;;;;;;;;;
791;0,804501318;0,239619851;0,609002637;1;0,375385624;0,099991308;0,251285413;1;0,536819771;0,172626921;0,073639543;1;;;;;;;;;;;;;
792;0,285762642;0,36451111;-0,428474716;1;0,378244552;0,113878551;0,260815174;1;0,290443653;0,201298243;-0,419112693;1;;;;;;;;;;;;;
793;0,412750127;0,316903096;-0,174499746;1;0,196583911;0,110667079;-0,344720296;1;0,36180155;0,187336222;-0,2763969;1;;;;;;;;;;;;;
794;0,345824118;0,282855768;-0,308351764;1;0,27501203;0,107703075;-0,083293235;1;0,505852266;0,185473;0,011704533;1;;;;;;;;;;;;;
795;0,805414082;0,229998123;0,610828165;1;0,121711403;0,101714613;-0,594295324;1;0,337749277;0,169385604;-0,324501446;1;;;;;;;;;;;;;
796;0,19333469;0,328281619;-0,61333062;1;0,399990216;0,111119072;0,333300719;1;0,669949343;0,193236838;0,339898687;1;;;;;;;;;;;;;
797;0,691909611;0,248421996;0,383819223;1;0,451747803;0,101748893;0,50582601;1;0,460088533;0,16713502;-0,079822935;1;;;;;;;;;;;;;
798;0,642379914;0,258287557;0,284759827;1;0,219105302;0,10448178;-0,269648993;1;0,359272524;0,181257545;-0,281454952;1;;;;;;;;;;;;;
799;0,65534652;0,249587332;0,31069304;1;0,276605055;0,104585154;-0,077983151;1;0,522496982;0,170567066;0,044993964;1;;;;;;;;;;;;;
800;0,627129855;0,238551125;0,25425971;1;0,12606212;0,104092749;-0,579792932;1;0,684741119;0,174841909;0,369482239;1;;;;;;;;;;;;;
801;0,677510519;0,246791752;0,355021039;1;0,427210622;0,102018042;0,424035407;1;0,383491057;0,171743596;-0,233017886;1;;;;;;;;;;;;;
802;0,104032459;0,33384747;-0,791935082;1;0,31327908;0,113230807;0,044263599;1;0,678288388;0,193234665;0,356576776;1;;;;;;;;;;;;;
803;0,589724718;0,277179996;0,179449435;1;0,268950466;0,107273584;-0,103498445;1;0,56522489;0,187249701;0,130449781;1;;;;;;;;;;;;;
804;0,717010169;0,222873437;0,434020339;1;0,413363296;0,096008444;0,377877652;1;0,347145248;0,159387094;-0,305709503;1;;;;;;;;;;;;;
805;0,061669704;0,317728293;-0,876660593;1;0,45286194;0,112566751;0,509539802;1;0,917297441;0,200709103;0,834594882;0;;;;;;;;;;;;;
806;0,190782005;0,319122047;-0,618435991;1;0,238077555;0,113113084;-0,20640815;1;0,745631151;0,186633843;0,491262303;1;;;;;;;;;;;;;
807;0,964810672;0,247447247;0,929621343;1;0,202082188;0,103488276;-0,326392706;1;0,211602145;0,181261853;-0,576795709;1;;;;;;;;;;;;;
808;0,764690752;0,221396614;0,529381505;1;0,218073293;0,096000262;-0,273089022;1;0,629439594;0,164419713;0,258879188;1;;;;;;;;;;;;;
809;0,464520922;0,261271916;-0,070958155;1;0,253574842;0,103190505;-0,154750526;1;0,754925438;0,179371729;0,509850876;1;;;;;;;;;;;;;
810;0,392847762;0,343928321;-0,214304476;1;0,258693964;0,112097039;-0,137686788;1;0,422182798;0,192301603;-0,155634404;1;;;;;;;;;;;;;
811;0,808411785;0,212777394;0,616823571;1;0,327985751;0,096824457;0,093285838;1;0,34661803;0,165150077;-0,30676394;1;;;;;;;;;;;;;
812;0,586481223;0,263670232;0,172962445;1;0,411468863;0,108642094;0,371562876;1;0,390417897;0,180196182;-0,219164205;1;;;;;;;;;;;;;
813;0,742134144;0,241400373;0,484268288;1;0,264937595;0,10205196;-0,116874683;1;0,470361753;0,171857714;-0,059276494;1;;;;;;;;;;;;;
814;0,950518522;0,211754701;0,901037044;0;0,250290175;0,095615192;-0,165699417;1;0,296951286;0,159161914;-0,406097428;1;;;;;;;;;;;;;
815;0,410223129;0,2623084;-0,179553742;1;0,368960865;0,103379679;0,229869549;1;0,700434722;0,174792665;0,400869444;1;;;;;;;;;;;;;
816;0,473836912;0,242521586;-0,052326176;1;0,184964218;0,100248971;-0,383452606;1;0,52642851;0,176073952;0,052857021;1;;;;;;;;;;;;;
817;0,917524615;0,205267425;0,835049231;0;0,122987652;0,094172297;-0,590041161;1;0,575059152;0,1615652;0,150118304;1;;;;;;;;;;;;;
818;0,820497936;0,241569591;0,640995873;1;0,123020631;0,105011685;-0,58993123;1;0,215524718;0,179367464;-0,568950563;1;;;;;;;;;;;;;
819;0,728995712;0,247456561;0,457991424;1;0,435436155;0,102314756;0,45145385;1;0,308834112;0,17324566;-0,382331775;1;;;;;;;;;;;;;
820;0,173072177;0,344591498;-0,653855646;1;0,217249159;0,113848341;-0,275836138;1;0,824316809;0,199008691;0,648633619;1;;;;;;;;;;;;;
821;0,438061935;0,284724855;-0,123876131;1;0,531722096;0,106883321;0,772406985;0;0,510729969;0,179478928;0,021459938;1;;;;;;;;;;;;;
822;0,549880357;0,254736951;0,099760714;1;0,218650175;0,104278578;-0,271166082;1;0,551175798;0,17304097;0,102351595;1;;;;;;;;;;;;;
823;0,60619456;0,248507286;0,21238912;1;0,435424445;0,097606215;0,451414818;1;0,726013512;0,17379065;0,452027024;1;;;;;;;;;;;;;
824;0,690423381;0,207544212;0,380846762;1;0,393497748;0,091832193;0,31165916;1;0,672102782;0,149736794;0,344205563;1;;;;;;;;;;;;;
825;0,808324799;0,219072039;0,616649599;1;0,203228717;0,09715824;-0,322570943;1;0,494680526;0,158463011;-0,010638948;1;;;;;;;;;;;;;
826;0,205558201;0,315953112;-0,588883598;1;0,391463993;0,109967413;0,304879978;1;0,637684835;0,180235725;0,27536967;1;;;;;;;;;;;;;
827;0,382921002;0,299057665;-0,234157995;1;0,261827963;0,109482604;-0,127240125;1;0,593484751;0,192431486;0,186969503;1;;;;;;;;;;;;;
828;0,325538612;0,29065456;-0,348922776;1;0,183183686;0,113826647;-0,389387712;1;0,485101702;0,187158815;-0,029796596;1;;;;;;;;;;;;;
829;0,29700799;0,259008455;-0,405984021;1;0,334483477;0,1059913;0,114944923;1;0,631402283;0,177313937;0,262804567;1;;;;;;;;;;;;;
830;0,553132047;0,250572476;0,106264093;1;0,424416247;0,104009168;0,414720822;1;0,219391259;0,168682587;-0,561217482;1;;;;;;;;;;;;;
831;0,372563436;0,326582141;-0,254873128;1;0,137540438;0,114474852;-0,541531873;1;0,355618145;0,194668684;-0,288763711;1;;;;;;;;;;;;;
832;-0,05153683;0,43862501;-1,10307366;1;0,163739823;0,121795954;-0,454200588;1;0,907555959;0,228206794;0,815111919;1;;;;;;;;;;;;;
833;0,338258129;0,296169892;-0,323483742;1;0,26991109;0,110006811;-0,100296365;1;0,786404912;0,195237679;0,572809824;1;;;;;;;;;;;;;
834;0,729448147;0,226089637;0,458896294;1;0,241495415;0,101614967;-0,195015283;1;0,417721067;0,172082694;-0,164557866;1;;;;;;;;;;;;;
835;0,119597922;0,35979127;-0,760804156;1;0,205567677;0,116084855;-0,314774408;1;0,238134297;0,188302898;-0,523731407;1;;;;;;;;;;;;;
836;0,227370203;0,292511092;-0,545259593;1;0,330961878;0,107153709;0,103206259;1;0,692770229;0,182162795;0,385540458;1;;;;;;;;;;;;;
837;0,355605702;0,275423534;-0,288788597;1;0,503713915;0,104322602;0,679046385;1;0,607109542;0,181527652;0,214219085;1;;;;;;;;;;;;;
838;0,878556192;0,257001981;0,757112384;1;0,279886888;0,102702952;-0,067043706;1;0,297333905;0,176860381;-0,40533219;1;;;;;;;;;;;;;
839;0,902090243;0,19508275;0,804180485;0;0,45139517;0,09151486;0,504650566;1;0,625983171;0,153700627;0,251966341;1;;;;;;;;;;;;;
840;0,858054468;0,26410753;0,716108936;1;0,198611645;0,105178207;-0,337961183;1;0,397303944;0,17409114;-0,205392112;1;;;;;;;;;;;;;
841;0,234141062;0,286172007;-0,531717875;1;0,288838713;0,107108301;-0,03720429;1;0,821433926;0,184773071;0,642867851;1;;;;;;;;;;;;;
842;0,694080875;0,23723562;0,388161749;1;0,449023892;0,09985786;0,496746305;1;0,697160876;0,169087182;0,394321751;1;;;;;;;;;;;;;
843;1,057283762;0,212235318;1,114567525;0;0,277418441;0,095155617;-0,075271863;1;0,307301018;0,159029605;-0,385397964;1;;;;;;;;;;;;;
844;0,744228248;0,22784689;0,488456495;1;0,281292619;0,098819187;-0,062357938;1;0,471466159;0,167731226;-0,057067681;1;;;;;;;;;;;;;
845;0,32318664;0,283574984;-0,35362672;1;0,412859292;0,106458256;0,376197641;1;0,645660849;0,177182797;0,291321698;1;;;;;;;;;;;;;
846;-0,084110127;0,408140838;-1,168220255;1;0,179812388;0,124527504;-0,400625374;1;0,622215001;0,208895921;0,244430003;1;;;;;;;;;;;;;
847;0,73294514;0,246121767;0,465890281;1;0,199777881;0,102736792;-0,33407373;1;0,624655643;0,177033896;0,249311287;1;;;;;;;;;;;;;
848;-0,150813793;0,431563273;-1,301627587;1;0,291278853;0,121705483;-0,02907049;1;0,76647151;0,213849852;0,53294302;1;;;;;;;;;;;;;
849;0,377579413;0,258709076;-0,244841174;1;0,304760837;0,102852553;0,015869458;1;0,892977144;0,177155449;0,785954289;0;;;;;;;;;;;;;
850;0,787209446;0,241309534;0,574418892;1;0,47135875;0,100466056;0,571195835;1;0,275455075;0,168030892;-0,44908985;1;;;;;;;;;;;;;
851;0,277163708;0,252405606;-0,445672584;1;0,478830496;0,102756993;0,596101654;1;0,710642714;0,171669253;0,421285429;1;;;;;;;;;;;;;
852;-0,126601939;0,470172072;-1,253203877;1;0,280097379;0,124388622;-0,06634207;1;0,467879241;0,206761848;-0,064241517;1;;;;;;;;;;;;;
853;0,336274013;0,280712177;-0,327451975;1;0,476518329;0,105432418;0,588394431;1;0,712627823;0,182403315;0,425255646;1;;;;;;;;;;;;;
854;0,842628648;0,262385846;0,685257296;1;0,317610168;0,105844318;0,05870056;1;0,093670119;0,176700453;-0,812659761;0;;;;;;;;;;;;;
855;0,597904697;0,218576709;0,195809394;1;0,248940077;0,095365891;-0,170199744;1;0,63713708;0,171162153;0,27427416;1;;;;;;;;;;;;;
856;0,642421868;0,253813634;0,284843737;1;0,441637758;0,101149675;0,47212586;1;0,282538661;0,178316349;-0,434922679;1;;;;;;;;;;;;;
857;0,071718507;0,329563452;-0,856562985;1;0,160987774;0,113832018;-0,463374085;1;0,756536314;0,195074391;0,513072627;1;;;;;;;;;;;;;
858;0,07992345;0,287565852;-0,840153099;1;0,356237474;0,10900013;0,187458247;1;0,819224028;0,181088649;0,638448056;1;;;;;;;;;;;;;
859;0,870587241;0,194048265;0,741174483;1;0,380573153;0,092243428;0,268577177;1;0,565956177;0,156233869;0,131912355;1;;;;;;;;;;;;;
860;0,077633076;0,341614814;-0,844733849;1;0,341876506;0,113891379;0,139588353;1;0,674567186;0,19204027;0,349134371;1;;;;;;;;;;;;;
861;0,51853881;0,242606706;0,03707762;1;0,285650735;0,100289775;-0,047830882;1;0,781270381;0,172137015;0,562540761;1;;;;;;;;;;;;;
862;0,736706687;0,241943188;0,473413374;1;0,337323491;0,098967049;0,124411638;1;0,584041134;0,171661659;0,168082268;1;;;;;;;;;;;;;
863;0,69063934;0,248600226;0,381278679;1;0,51514782;0,104106782;0,717159399;0;0,468955152;0,172112503;-0,062089697;1;;;;;;;;;;;;;
864;0,654797296;0,244233403;0,309594591;1;0,335765167;0,101199781;0,119217223;1;0,423759877;0,172677867;-0,152480246;1;;;;;;;;;;;;;
865;0,465005065;0,27371733;-0,069989869;1;0,380600717;0,107368159;0,268669058;1;0,508354593;0,181913432;0,016709186;1;;;;;;;;;;;;;
866;0,191747702;0,326196766;-0,616504596;1;0,487031843;0,112194685;0,623439476;1;0,44805401;0,194185429;-0,103891979;1;;;;;;;;;;;;;
867;0,395544808;0,294362918;-0,208910385;1;0,247147744;0,109294747;-0,176174187;1;0,416920054;0,182991271;-0,166159893;1;;;;;;;;;;;;;
868;1,025184142;0,202696229;1,050368284;0;0,333475924;0,093910156;0,111586412;1;0,40213156;0,153458755;-0,19573688;1;;;;;;;;;;;;;
869;0,622703705;0,227211613;0,24540741;1;0,528326233;0,097267797;0,761087445;0;0,505156032;0,161498944;0,010312064;1;;;;;;;;;;;;;
870;0,531027499;0,283690481;0,062054998;1;0,268629325;0,110102328;-0,104568918;1;0,426940445;0,18259946;-0,146119111;1;;;;;;;;;;;;;
871;0,290249732;0,339067553;-0,419500536;1;0,357668286;0,114350633;0,192227619;1;0,469292354;0,193516227;-0,061415291;1;;;;;;;;;;;;;
872;0,579561222;0,255690801;0,159122443;1;0,162384681;0,107184591;-0,458717731;1;0,420528578;0,175726989;-0,158942844;1;;;;;;;;;;;;;
873;0,686149616;0,231506931;0,372299231;1;0,318097701;0,098457169;0,060325669;1;0,502092068;0,170006665;0,004184135;1;;;;;;;;;;;;;
874;0,883757163;0,240304632;0,767514326;1;0,061071993;0,101927397;-0,796426691;0;0,408766688;0,173450406;-0,182466625;1;;;;;;;;;;;;;
875;0,487352072;0,281111717;-0,025295857;1;0,336976409;0,111455161;0,123254696;1;0,418550785;0,189662643;-0,162898429;1;;;;;;;;;;;;;
876;0,72067128;0,248900277;0,441342559;1;0,313799505;0,106729824;0,045998351;1;0,190969039;0,174660442;-0,618061922;1;;;;;;;;;;;;;
877;0,679944665;0,215353838;0,35988933;1;0,336011776;0,096199961;0,120039252;1;0,602425276;0,160174138;0,204850552;1;;;;;;;;;;;;;
878;0,387740279;0,275387749;-0,224519441;1;-0,068536478;0,10803434;-1,228454927;0;0,807289086;0,182572186;0,614578173;1;;;;;;;;;;;;;
879;0,501432433;0,286985976;0,002864866;1;0,286949414;0,107403115;-0,043501953;1;0,357282498;0,185233669;-0,285435003;1;;;;;;;;;;;;;
880;0,3254914;0,324105673;-0,3490172;1;0,330381221;0,111958489;0,101270737;1;0,540058551;0,195849457;0,080117103;1;;;;;;;;;;;;;
881;0,70971697;0,237462506;0,419433939;1;0,182471089;0,104681725;-0,391763037;1;0,203636205;0,17430018;-0,59272759;1;;;;;;;;;;;;;
882;-0,138529252;0,445575369;-1,277058503;1;0,293139714;0,119991008;-0,022867621;1;0,624693055;0,209405105;0,24938611;1;;;;;;;;;;;;;
883;0,148641731;0,274659895;-0,702716538;1;0,435011487;0,105462961;0,450038292;1;0,497147423;0,181145045;-0,005705153;1;;;;;;;;;;;;;
884;-0,273357947;0,483277658;-1,546715895;1;0,39182483;0,12356142;0,306082767;1;0,573247384;0,211002247;0,146494768;1;;;;;;;;;;;;;
885;0,678164439;0,256203221;0,356328879;1;0,05500286;0,107126235;-0,816657134;0;0,535914678;0,180874331;0,071829357;1;;;;;;;;;;;;;
886;0,228471628;0,29480954;-0,543056744;1;0,384005105;0,108910338;0,280017016;1;0,57620927;0,187752381;0,15241854;1;;;;;;;;;;;;;
887;1,008995399;0,226692021;1,017990799;0;0,289806187;0,098695853;-0,033979376;1;0,172880091;0,1630152;-0,654239818;0;;;;;;;;;;;;;
888;0,362402682;0,328889641;-0,275194637;1;0,299252391;0,115486759;-0,002492029;1;0,452320752;0,193257827;-0,095358496;1;;;;;;;;;;;;;
889;0,38725625;0,249246196;-0,225487499;1;0,358695557;0,099006216;0,195651858;1;0,863851107;0,176707263;0,727702213;0;;;;;;;;;;;;;
890;0,574805598;0,246840992;0,149611196;1;0,406147508;0,10214038;0,353825025;1;0,524562092;0,172266117;0,049124185;1;;;;;;;;;;;;;
891;0,872043621;0,26504876;0,744087241;1;0,364030006;0,105992017;0,213433354;1;0,226790439;0,176596382;-0,546419122;1;;;;;;;;;;;;;
892;0,769951488;0,263826828;0,539902975;1;0,345122344;0,104528661;0,150407814;1;0,171695396;0,180223537;-0,656609207;1;;;;;;;;;;;;;
893;0,806815864;0,252580278;0,613631729;1;0,252228551;0,106090148;-0,159238164;1;0,289035636;0,176800381;-0,421928727;1;;;;;;;;;;;;;
894;0,593191414;0,235552992;0,186382828;1;0,314694479;0,100789714;0,048981598;1;0,503341506;0,166219415;0,006683011;1;;;;;;;;;;;;;
895;0,389820675;0,280426481;-0,220358649;1;0,37911088;0,108510584;0,263702934;1;0,470153632;0,180922252;-0,059692736;1;;;;;;;;;;;;;
896;0,651893394;0,2819917;0,303786788;1;0,38837441;0,110710376;0,294581368;1;0,351957921;0,187270235;-0,296084158;1;;;;;;;;;;;;;
897;0,554272567;0,323585917;0,108545134;1;0,163985035;0,116575801;-0,453383218;1;0,058551328;0,195743722;-0,882897345;0;;;;;;;;;;;;;
898;0,989186757;0,213081322;0,978373515;0;0,3809422;0,092092832;0,269807333;1;0,46564629;0,15254412;-0,068707419;1;;;;;;;;;;;;;
899;0,267303571;0,3227866;-0,465392858;1;0,281440898;0,111059953;-0,061863672;1;0,397667106;0,192121669;-0,204665787;1;;;;;;;;;;;;;
900;0,542066621;0,214376432;0,084133242;1;0,364237987;0,096280043;0,214126624;1;0,676930654;0,162902665;0,353861309;1;;;;;;;;;;;;;
901;0,779361331;0,230812925;0,558722662;1;0,315138973;0,099040195;0,050463244;1;0,405699826;0,169918854;-0,188600348;1;;;;;;;;;;;;;
902;0,231843936;0,289440653;-0,536312129;1;0,337296592;0,110574023;0,124321972;1;0,472079351;0,188975961;-0,055841298;1;;;;;;;;;;;;;
903;0,372375416;0,313672718;-0,255249168;1;0,39415138;0,109933369;0,313837932;1;0,547375463;0,193256764;0,094750927;1;;;;;;;;;;;;;
904;0,679375211;0,247123734;0,358750422;1;0,199326767;0,106586608;-0,335577443;1;0,600547087;0,181792397;0,201094173;1;;;;;;;;;;;;;
905;0,624889218;0,241733699;0,249778435;1;0,253299194;0,10376167;-0,155669352;1;0,32628583;0,177993133;-0,34742834;1;;;;;;;;;;;;;
906;0,687971592;0,235601727;0,375943184;1;0,341780773;0,100710834;0,139269243;1;0,477720541;0,159595965;-0,044558918;1;;;;;;;;;;;;;
907;0,655997572;0,231802296;0,311995145;1;0,454714577;0,098303788;0,515715258;1;0,536733888;0,160740809;0,073467776;1;;;;;;;;;;;;;
908;0,367029131;0,247236824;-0,265941739;1;0,49287456;0,102375041;0,642915201;1;0,656484161;0,169470777;0,312968322;1;;;;;;;;;;;;;
909;0,484526154;0,251224912;-0,030947693;1;0,584936582;0,101693947;0,949788607;0;0,692234613;0,169834185;0,384469226;1;;;;;;;;;;;;;
910;0,91650046;0,208333676;0,833000921;0;0,125729368;0,097042015;-0,580902108;1;0,441320874;0,160025971;-0,117358253;1;;;;;;;;;;;;;
911;0,444162734;0,308789621;-0,111674531;1;0,359885085;0,108626377;0,19961695;1;0,532653918;0,192354872;0,065307836;1;;;;;;;;;;;;;
912;0,141639263;0,321061496;-0,716721474;1;0,28029285;0,110359976;-0,065690499;1;0,734640691;0,18807776;0,469281383;1;;;;;;;;;;;;;
913;0,44992053;0,316397;-0,10015894;1;0,39085357;0,111725775;0,302845233;1;0,320472815;0,186674081;-0,35905437;1;;;;;;;;;;;;;
914;0,754863462;0,243014238;0,509726925;1;0,274516404;0,099365085;-0,084945321;1;0,571134863;0,171728856;0,142269726;1;;;;;;;;;;;;;
915;0,416513021;0,281043795;-0,166973958;1;0,387767264;0,10614607;0,292557546;1;0,758453707;0,185482049;0,516907414;1;;;;;;;;;;;;;
916;0,274639918;0,308040161;-0,450720164;1;0,264751624;0,112374037;-0,117494587;1;0,561766678;0,186876508;0,123533357;1;;;;;;;;;;;;;
917;0,496286602;0,253637289;-0,007426795;1;0,213698136;0,103824547;-0,28767288;1;0,715969834;0,181551147;0,431939669;1;;;;;;;;;;;;;
918;0,404298851;0,259120062;-0,191402298;1;0,430987388;0,102827393;0,436624626;1;0,764925422;0,170263679;0,529850843;1;;;;;;;;;;;;;
919;0,841266098;0,196400991;0,682532196;1;0,338130236;0,095225049;0,127100788;1;0,369299203;0,152102904;-0,261401594;1;;;;;;;;;;;;;
920;0,842465829;0,206719955;0,684931658;1;0,070912474;0,097427903;-0,763625085;0;0,644200108;0,157676474;0,288400217;1;;;;;;;;;;;;;
921;0,763814739;0,261163829;0,527629478;1;0,349908717;0,102447894;0,166362391;1;0,33668306;0,177019257;-0,32663388;1;;;;;;;;;;;;;
922;0,407978893;0,266982689;-0,184042214;1;0,41595061;0,105353215;0,386502035;1;0,608245465;0,176471658;0,216490931;1;;;;;;;;;;;;;
923;0,614168786;0,234942922;0,228337572;1;0,331064012;0,101374148;0,103546706;1;0,558201668;0,169486626;0,116403337;1;;;;;;;;;;;;;
924;0,603434251;0,222738296;0,206868503;1;0,301212963;0,098678295;0,00404321;1;0,669870816;0,166562029;0,339741632;1;;;;;;;;;;;;;
925;-0,027917015;0,343185123;-1,055834029;1;0,42005662;0,112268231;0,400188735;1;1,091921012;0,209389184;1,183842024;0;;;;;;;;;;;;;
926;0,432207187;0,268196483;-0,135585626;1;0,37575968;0,104159248;0,252532268;1;0,548619698;0,181279095;0,097239396;1;;;;;;;;;;;;;
927;1,047055602;0,213522642;1,094111205;0;0,255843785;0,099728524;-0,147187383;1;0,3356564;0,167759974;-0,328687199;1;;;;;;;;;;;;;
928;0,591175852;0,261914542;0,182351704;1;0,199117178;0,106023157;-0,336276072;1;0,488900841;0,178886387;-0,022198318;1;;;;;;;;;;;;;
929;0,573129399;0,274427342;0,146258797;1;0,250616769;0,10720908;-0,16461077;1;0,078448643;0,184616781;-0,843102713;0;;;;;;;;;;;;;
930;0,940218948;0,20409673;0,880437896;0;0,429171926;0,09390188;0,430573086;1;0,207816683;0,157839304;-0,584366634;1;;;;;;;;;;;;;
931;0,317494857;0,340684084;-0,365010285;1;0,347982302;0,114026132;0,159941007;1;0,180148899;0,194731088;-0,639702203;1;;;;;;;;;;;;;
932;0,556931202;0,244227638;0,113862405;1;0,272843647;0,10405183;-0,090521178;1;0,626169653;0,179763475;0,252339306;1;;;;;;;;;;;;;
933;0,174056833;0,313253271;-0,651886335;1;0,321521994;0,110448206;0,07173998;1;0,788858526;0,188862498;0,577717052;1;;;;;;;;;;;;;
934;0,697887443;0,267446638;0,395774886;1;0,181382352;0,10874772;-0,395392159;1;0,014598069;0,17718084;-0,970803861;0;;;;;;;;;;;;;
935;0,110004868;0,363124544;-0,779990264;1;0,168464001;0,117827884;-0,43845333;1;0,645487404;0,201095861;0,290974808;1;;;;;;;;;;;;;
936;-0,017309995;0,436887515;-1,03461999;1;0,305087369;0,120341189;0,016957897;1;0,568133835;0,210518038;0,13626767;1;;;;;;;;;;;;;
937;0,124862972;0,365474926;-0,750274055;1;0,357231207;0,117043941;0,190770689;1;0,435273778;0,202678502;-0,129452444;1;;;;;;;;;;;;;
938;-0,082965391;0,427380421;-1,165930783;1;0,464256138;0,120946264;0,547520461;1;0,790863673;0,214208599;0,581727346;1;;;;;;;;;;;;;
939;0,782133052;0,231840575;0,564266104;1;0,267866811;0,096621683;-0,107110631;1;0,588135277;0,166277929;0,176270555;1;;;;;;;;;;;;;
940;0,318601839;0,272731419;-0,362796322;1;0,371336987;0,105380025;0,237789956;1;0,486599984;0,172868229;-0,026800033;1;;;;;;;;;;;;;
941;0,366150759;0,276617116;-0,267698482;1;0,318725237;0,103621982;0,062417456;1;0,631622331;0,178422628;0,263244663;1;;;;;;;;;;;;;
942;-1,151756516;0,884659143;-3,303513032;1;0,255038767;0,128747094;-0,149870776;1;0,717763878;0,227889782;0,435527756;1;;;;;;;;;;;;;
943;0,41346323;0,280905276;-0,17307354;1;0,300308397;0,108711464;0,001027989;1;0,500052317;0,184829397;0,000104635;1;;;;;;;;;;;;;
944;0,606940177;0,312031767;0,213880355;1;0,1812954;0,114677774;-0,395682001;1;0,251222938;0,196712986;-0,497554124;1;;;;;;;;;;;;;
945;0,475145632;0,288822016;-0,049708737;1;0,234241366;0,107060693;-0,219195447;1;0,488983293;0,191350858;-0,022033413;1;;;;;;;;;;;;;
946;0,810897554;0,217163709;0,621795107;1;0,463579328;0,096422813;0,545264427;1;0,17999951;0,162649492;-0,64000098;0;;;;;;;;;;;;;
947;0,494409276;0,263073696;-0,011181448;1;0,407525624;0,105959647;0,358418746;1;0,487325724;0,172779093;-0,025348553;1;;;;;;;;;;;;;
948;0,522455458;0,281376249;0,044910916;1;0,280271537;0,112242897;-0,065761544;1;0,161622584;0,181984437;-0,676754831;1;;;;;;;;;;;;;
949;0,508066112;0,268330967;0,016132224;1;0,355133437;0,104673941;0,183778122;1;0,535047151;0,177770426;0,070094302;1;;;;;;;;;;;;;
950;0,567232135;0,269026603;0,134464271;1;0,349953308;0,104908727;0,166511028;1;0,662812264;0,178724145;0,325624529;1;;;;;;;;;;;;;
951;0,782259146;0,221376039;0,564518291;1;0,378556889;0,098837067;0,261856295;1;0,344423543;0,163971873;-0,311152915;1;;;;;;;;;;;;;
952;0,436119794;0,28824971;-0,127760411;1;0,305579583;0,107375309;0,018598611;1;0,165989885;0,184241185;-0,668020231;1;;;;;;;;;;;;;
953;1,134335405;0,200246602;1,26867081;0;0,255576823;0,093200545;-0,148077258;1;0,261690991;0,152007242;-0,476618019;1;;;;;;;;;;;;;
954;0,870652823;0,223827031;0,741305646;1;0,113493627;0,097593301;-0,621687912;1;0,345597204;0,162157419;-0,308805592;1;;;;;;;;;;;;;
955;-0,14185305;0,39921939;-1,283706099;1;0,338300769;0,11619677;0,12766923;1;0,797452514;0,206391143;0,594905028;1;;;;;;;;;;;;;
956;0,780384129;0,22859529;0,560768259;1;0,304150429;0,097757189;0,013834763;1;0,410221732;0,167271838;-0,179556536;1;;;;;;;;;;;;;
957;-0,015120116;0,355484223;-1,030240233;1;0,189192562;0,117764828;-0,369358128;1;0,710638717;0,19676383;0,421277434;1;;;;;;;;;;;;;
958;0,611294594;0,23509024;0,222589189;1;0,23290607;0,104809861;-0,223646434;1;0,712925136;0,171619427;0,425850271;1;;;;;;;;;;;;;
959;0,925769345;0,20323792;0,851538691;0;0,324271425;0,094694522;0,080904749;1;0,400861284;0,15617613;-0,198277432;1;;;;;;;;;;;;;
960;0,533031871;0,246526341;0,066063742;1;0,244637498;0,106195752;-0,184541672;1;0,477901433;0,167187984;-0,044197134;1;;;;;;;;;;;;;
961;0,267678986;0,274590463;-0,464642028;1;0,228151973;0,108012052;-0,239493423;1;0,79658378;0,181071736;0,593167561;1;;;;;;;;;;;;;
962;0,647359935;0,253831506;0,294719871;1;0,383635318;0,102501704;0,278784393;1;0,54273354;0,177865571;0,08546708;1;;;;;;;;;;;;;
963;0,138760726;0,311501612;-0,722478549;1;0,413605536;0,113809289;0,378685121;1;0,575728801;0,190639337;0,151457602;1;;;;;;;;;;;;;
964;0,978400488;0,21382126;0,956800975;0;0,292747952;0,098321455;-0,024173493;1;0,330638752;0,161241638;-0,338722496;1;;;;;;;;;;;;;
965;0,001303854;0,349478488;-0,997392293;1;0,270177814;0,114413198;-0,099407288;1;0,865965773;0,199442593;0,731931546;1;;;;;;;;;;;;;
966;0,398044344;0,296605148;-0,203911312;1;0,181157001;0,109873621;-0,39614333;1;0,476574519;0,188835377;-0,046850962;1;;;;;;;;;;;;;
967;0,488885963;0,255528655;-0,022228074;1;0,258520039;0,10339875;-0,138266537;1;0,405791233;0,173593664;-0,188417535;1;;;;;;;;;;;;;
968;0,920641647;0,209459311;0,841283293;0;0,282636298;0,098278346;-0,057879007;1;0,576964205;0,161557682;0,15392841;1;;;;;;;;;;;;;
969;0,373718156;0,256478978;-0,252563688;1;0,318682216;0,103027592;0,062274053;1;0,733895192;0,17790683;0,467790383;1;;;;;;;;;;;;;
970;0,610786427;0,261459796;0,221572855;1;0,216705346;0,108316626;-0,277648847;1;0,477745084;0,182557563;-0,044509832;1;;;;;;;;;;;;;
971;0,138090699;0,397500307;-0,723818603;1;0,093869561;0,119197207;-0,687101463;1;0,276380547;0,201627077;-0,447238905;1;;;;;;;;;;;;;
972;0,350003237;0,283618717;-0,299993526;1;0,485532897;0,104748525;0,61844299;1;0,700681027;0,182574954;0,401362055;1;;;;;;;;;;;;;
973;0,257109062;0,305173487;-0,485781876;1;0,268252599;0,110536038;-0,105824671;1;0,569622228;0,182463252;0,139244456;1;;;;;;;;;;;;;
974;0,408779601;0,264996494;-0,182440797;1;0,33730303;0,104696143;0,124343433;1;0,385392875;0,179653881;-0,22921425;1;;;;;;;;;;;;;
975;0,701395875;0,237670549;0,402791749;1;0,057372264;0,09839346;-0,808759121;0;0,782647673;0,172256644;0,565295347;1;;;;;;;;;;;;;
976;0,705118013;0,245919472;0,410236026;1;0,29535117;0,103230168;-0,015496101;1;0,413007559;0,178608394;-0,173984882;1;;;;;;;;;;;;;
977;0,895073637;0,225632337;0,790147274;1;0,213108748;0,099188875;-0,289637508;1;0,453333104;0,167997293;-0,093333792;1;;;;;;;;;;;;;
978;0,482065643;0,30513927;-0,035868714;1;0,103018725;0,1124192;-0,656604249;1;0,121393819;0,189931779;-0,757212363;0;;;;;;;;;;;;;
979;0,780003201;0,24147249;0,560006403;1;0,321972627;0,098896699;0,073242091;1;0,518572223;0,171393327;0,037144445;1;;;;;;;;;;;;;
980;0,453166665;0,307872482;-0,09366667;1;0,246093634;0,110676729;-0,179687888;1;0,554779366;0,189332418;0,109558732;1;;;;;;;;;;;;;
981;0,000850407;0,36400526;-0,998299187;1;0,316975158;0,115165822;0,056583858;1;0,411637589;0,193438552;-0,176724823;1;;;;;;;;;;;;;
982;0,826225432;0,257112791;0,652450864;1;0,134005609;0,105420433;-0,553314636;1;0,116287646;0,178551086;-0,767424707;0;;;;;;;;;;;;;
983;0,080943815;0,34749965;-0,83811237;1;0,361609331;0,115753841;0,205364438;1;0,572807682;0,188775287;0,145615365;1;;;;;;;;;;;;;
984;0,572463316;0,324932892;0,144926632;1;0,160736459;0,11795378;-0,464211804;1;0,339544523;0,188963809;-0,320910953;1;;;;;;;;;;;;;
985;0,534266505;0,263908072;0,06853301;1;0,429896626;0,101602237;0,432988752;1;0,539984329;0,179863989;0,079968657;1;;;;;;;;;;;;;
986;0,772136261;0,216431944;0,544272521;1;0,267642498;0,096596662;-0,107858341;1;0,253663133;0,164449732;-0,492673734;1;;;;;;;;;;;;;
987;0,763836611;0,265010699;0,527673222;1;0,05614621;0,111540775;-0,812845966;0;0,112517745;0,185419807;-0,77496451;0;;;;;;;;;;;;;
988;0,784204809;0,238102949;0,568409618;1;0,33555467;0,105020635;0,118515568;1;0,160565841;0,170905905;-0,678868319;0;;;;;;;;;;;;;
989;0,496508782;0,265464872;-0,006982435;1;0,297229974;0,107123536;-0,009233418;1;0,297849294;0,181221013;-0,404301412;1;;;;;;;;;;;;;
990;-0,025089062;0,456074211;-1,050178123;1;0,157392575;0,125166798;-0,475358083;1;0,579481036;0,214595365;0,158962072;1;;;;;;;;;;;;;
991;0,523858719;0,325254703;0,047717438;1;0,476621437;0,115094648;0,588738122;1;0,310753619;0,193061933;-0,378492762;1;;;;;;;;;;;;;
992;0,139028709;0,31503591;-0,721942581;1;0,458391053;0,108845979;0,527970176;1;0,835419567;0,184753519;0,670839133;1;;;;;;;;;;;;;
993;0,444797687;0,268689919;-0,110404626;1;0,376800355;0,105650462;0,256001183;1;0,55805535;0,177213193;0,1161107;1;;;;;;;;;;;;;
994;0,489297064;0,261082888;-0,021405872;1;0,35748498;0,104509738;0,191616601;1;0,593190802;0,18109404;0,186381604;1;;;;;;;;;;;;;
995;0,466125821;0,281209316;-0,067748357;1;0,16882827;0,110540049;-0,437239099;1;0,722516582;0,187682269;0,445033163;1;;;;;;;;;;;;;
996;0,591847788;0,216127252;0,183695576;1;0,402695436;0,097434582;0,342318122;1;0,476779791;0,160446619;-0,046440419;1;;;;;;;;;;;;;
997;0,570724467;0,252788414;0,141448935;1;0,117273036;0,105400489;-0,609089879;1;0,55692469;0,181209946;0,11384938;1;;;;;;;;;;;;;
998;0,522836311;0,258806886;0,045672622;1;0,220188979;0,10683947;-0,266036737;1;0,314316938;0,182016463;-0,371366124;1;;;;;;;;;;;;;
999;0,914095217;0,208231007;0,828190435;0;0,439664676;0,095210574;0,465548919;1;0,342681093;0,156137295;-0,314637815;1;;;;;;;;;;;;;
1000;0,988927943;0,232144375;0,977855886;0;0,248703104;0,10011319;-0,170989652;1;0,308995579;0,169483007;-0,382008841;1;;;;;;;;;;;;;
