;mean;se;bias;cp;mean;se;bias;cp;mean;se;bias;cp;;mean;sd;bias;cp;mean;sd;bias;cp;mean;sd;bias;cp
1;-0,993983399;0,148058767;-0,006016601;1;-0,443369774;0,152738308;-0,113260453;1;-0,425424279;0,259308579;1,127121393;1;;-1,013202633;0,167502099;0,013202633;0,94;-0,506641505;0,165813793;0,01328301;0,945;-0,182500721;0,273226584;-0,087496393;0,935
2;-0,858839526;0,146960221;-0,141160474;1;-0,577174438;0,156870538;0,154348876;1;-0,493705666;0,256158645;1,468528331;1;;;;;;;;;;;;;
3;-1,206288479;0,169860581;0,206288479;1;-0,345917514;0,157880266;-0,308164972;1;-0,04611919;0,2812829;-0,769404051;1;;;;;;;;;;;;;
4;-0,783289845;0,15364354;-0,216710155;1;-0,435469885;0,162261891;-0,12906023;1;-0,638999823;0,271563925;2,194999115;1;;;;;;;;;;;;;
5;-0,946900554;0,158908186;-0,053099446;1;-0,285289275;0,143700403;-0,42942145;1;-0,331412826;0,249584384;0,657064132;1;;;;;;;;;;;;;
6;-1,186517851;0,174618828;0,186517851;1;-0,447458584;0,154475536;-0,105082832;1;0,050794172;0,28677726;-1,253970859;1;;;;;;;;;;;;;
7;-1,274297339;0,17689366;0,274297339;1;-0,340921678;0,168058422;-0,318156644;1;-0,028763025;0,278529248;-0,856184875;1;;;;;;;;;;;;;
8;-1,085992261;0,171264057;0,085992261;1;-0,733469876;0,172807338;0,466939752;1;0,14616422;0,255619707;-1,730821102;1;;;;;;;;;;;;;
9;-0,960673495;0,137640473;-0,039326505;1;-0,450707718;0,144613022;-0,098584564;1;-0,254709258;0,239902496;0,27354629;1;;;;;;;;;;;;;
10;-0,989978892;0,15322543;-0,010021108;1;-0,335394462;0,151250141;-0,329211077;1;-0,312288127;0,25509984;0,561440637;1;;;;;;;;;;;;;
11;-0,980786741;0,177807073;-0,019213259;1;-0,690881633;0,181516879;0,381763267;1;-0,15867392;0,290875718;-0,206630399;1;;;;;;;;;;;;;
12;-1,20750489;0,171029266;0,20750489;1;-0,488747258;0,164124757;-0,022505484;1;0,114075906;0,264976355;-1,570379532;1;;;;;;;;;;;;;
13;-0,936353767;0,148909066;-0,063646233;1;-0,430371622;0,152140694;-0,139256756;1;-0,385281321;0,249516738;0,926406605;1;;;;;;;;;;;;;
14;-0,69359118;0,145585374;-0,30640882;0;-0,424076205;0,156679847;-0,151847591;1;-0,585094058;0,256305385;1,925470292;1;;;;;;;;;;;;;
15;-0,857399727;0,153161566;-0,142600273;1;-0,6977191;0,1600306;0,3954382;1;-0,330485849;0,260158671;0,652429245;1;;;;;;;;;;;;;
16;-1,096081249;0,163887396;0,096081249;1;-0,488525623;0,152923055;-0,022948755;1;0,022542283;0,262812553;-1,112711414;1;;;;;;;;;;;;;
17;-1,157378055;0,170481208;0,157378055;1;-0,484190728;0,1586973;-0,031618543;1;0,151612047;0,263525885;-1,758060237;1;;;;;;;;;;;;;
18;-1,114409879;0,145582056;0,114409879;1;-0,473300125;0,14307183;-0,05339975;1;0,092710066;0,234634274;-1,46355033;1;;;;;;;;;;;;;
19;-1,286605329;0,154810642;0,286605329;1;-0,511735384;0,155121789;0,023470767;1;0,175255724;0,249268447;-1,87627862;1;;;;;;;;;;;;;
20;-0,895900848;0,16246946;-0,104099152;1;-0,615972485;0,15925512;0,231944971;1;-0,269001381;0,263396975;0,345006904;1;;;;;;;;;;;;;
21;-0,798904293;0,158819218;-0,201095707;1;-0,630294862;0,163328721;0,260589724;1;-0,240665167;0,263161977;0,203325837;1;;;;;;;;;;;;;
22;-1,022969876;0,168982754;0,022969876;1;-0,285499911;0,15265319;-0,429000179;1;-0,359855714;0,267730686;0,79927857;1;;;;;;;;;;;;;
23;-0,990937694;0,163091816;-0,009062306;1;-0,741551408;0,174450925;0,483102815;1;-0,352741449;0,273502697;0,763707243;1;;;;;;;;;;;;;
24;-1,212576514;0,160995123;0,212576514;1;-0,450986205;0,146458056;-0,09802759;1;0,277851071;0,240183123;-2,389255357;0;;;;;;;;;;;;;
25;-0,804088279;0,124178095;-0,195911721;1;-0,578715383;0,131206249;0,157430765;1;-0,494417077;0,225365913;1,472085386;1;;;;;;;;;;;;;
26;-1,05515287;0,180118595;0,05515287;1;-0,473898387;0,173931363;-0,052203225;1;-0,455022184;0,298717632;1,275110922;1;;;;;;;;;;;;;
27;-1,200730327;0,1916077;0,200730327;1;-0,500285276;0,176481783;0,000570553;1;0,218202466;0,299539176;-2,09101233;1;;;;;;;;;;;;;
28;-0,921532894;0,148170589;-0,078467106;1;-0,422687119;0,154091056;-0,154625763;1;-0,503998299;0,268991983;1,519991496;1;;;;;;;;;;;;;
29;-0,970092133;0,150176338;-0,029907867;1;-0,446210254;0,152958297;-0,107579491;1;-0,319151698;0,263088301;0,595758491;1;;;;;;;;;;;;;
30;-1,05178094;0,150701748;0,05178094;1;-0,619172412;0,150550979;0,238344823;1;0,142654701;0,240970212;-1,713273503;1;;;;;;;;;;;;;
31;-1,12977352;0,140762031;0,12977352;1;-0,364850707;0,138941301;-0,270298586;1;-0,094694349;0,227478774;-0,526528255;1;;;;;;;;;;;;;
32;-1,139911977;0,180747029;0,139911977;1;-0,38987512;0,154989944;-0,220249761;1;0,125793526;0,271191917;-1,628967631;1;;;;;;;;;;;;;
33;-1,044754561;0,161767067;0,044754561;1;-0,490089284;0,155401957;-0,019821433;1;-0,131660511;0,257989785;-0,341697445;1;;;;;;;;;;;;;
34;-1,257486215;0,185448431;0,257486215;1;-0,517123473;0,165465321;0,034246945;1;0,40013487;0,280150895;-3,000674351;0;;;;;;;;;;;;;
35;-0,930960627;0,142542982;-0,069039373;1;-0,465052883;0,144728631;-0,069894234;1;-0,45028136;0,240556421;1,251406798;1;;;;;;;;;;;;;
36;-1,430205315;0,175406082;0,430205315;0;-0,412582978;0,152901048;-0,174834044;1;0,377044243;0,262971504;-2,885221213;0;;;;;;;;;;;;;
37;-1,085972159;0,163201275;0,085972159;1;-0,306283186;0,142926105;-0,387433629;1;-0,269852295;0,258132998;0,349261473;1;;;;;;;;;;;;;
38;-1,025563084;0,143253151;0,025563084;1;-0,51104284;0,14801413;0,022085681;1;-0,119593661;0,232684616;-0,402031696;1;;;;;;;;;;;;;
39;-1,424625946;0,168577817;0,424625946;0;-0,210901234;0,139137;-0,578197532;0;0,546018533;0,239530724;-3,730092665;0;;;;;;;;;;;;;
40;-0,915675457;0,134804204;-0,084324543;1;-0,244388833;0,13710715;-0,511222334;1;-0,427597012;0,239608404;1,137985058;1;;;;;;;;;;;;;
41;-0,921081853;0,153886251;-0,078918147;1;-0,30913491;0,147918118;-0,381730181;1;-0,518705683;0,261192634;1,593528417;1;;;;;;;;;;;;;
42;-1,306769234;0,184238698;0,306769234;1;-0,533761763;0,166465187;0,067523526;1;0,149667521;0,287393791;-1,748337604;1;;;;;;;;;;;;;
43;-1,153428278;0,180100815;0,153428278;1;-0,115154216;0,172275251;-0,769691567;0;-0,456109298;0,311300893;1,280546488;1;;;;;;;;;;;;;
44;-1,136242251;0,156588064;0,136242251;1;-0,326693075;0,143095496;-0,346613851;1;0,120796408;0,24686067;-1,603982041;1;;;;;;;;;;;;;
45;-1,24497607;0,153893832;0,24497607;1;-0,647878841;0,152475931;0,295757681;1;0,337219329;0,230335819;-2,686096644;0;;;;;;;;;;;;;
46;-0,856665886;0,148179897;-0,143334114;1;-0,767095641;0,164329131;0,534191283;1;-0,343615878;0,251913866;0,718079392;1;;;;;;;;;;;;;
47;-0,859010745;0,134175424;-0,140989255;1;-0,403252936;0,140734989;-0,193494128;1;-0,55406812;0,243520215;1,7703406;1;;;;;;;;;;;;;
48;-0,991943612;0,174239842;-0,008056388;1;-0,507699145;0,168018925;0,015398289;1;-0,295139404;0,286706214;0,47569702;1;;;;;;;;;;;;;
49;-0,839748152;0,148671151;-0,160251848;1;-0,56576488;0,159573754;0,13152976;1;-0,366090149;0,254071176;0,830450747;1;;;;;;;;;;;;;
50;-0,861425663;0,130568071;-0,138574337;1;-0,49353851;0,135769764;-0,012922981;1;-0,337881919;0,232841352;0,689409595;1;;;;;;;;;;;;;
51;-1,038687798;0,15195044;0,038687798;1;-0,461322266;0,149642212;-0,077355469;1;0,053516513;0,24482704;-1,267582567;1;;;;;;;;;;;;;
52;-0,96165296;0,150377413;-0,03834704;1;-0,603938118;0,152391349;0,207876235;1;-0,228739377;0,25577697;0,143696885;1;;;;;;;;;;;;;
53;-1,059940667;0,138002092;0,059940667;1;-0,512009843;0,146299511;0,024019687;1;-0,243217553;0,243545018;0,216087766;1;;;;;;;;;;;;;
54;-0,909436992;0,130656393;-0,090563008;1;-0,434566552;0,135065054;-0,130866897;1;-0,295151255;0,217519134;0,475756276;1;;;;;;;;;;;;;
55;-0,976337723;0,170622083;-0,023662277;1;-0,476823198;0,159481382;-0,046353604;1;-0,0421841;0,266388113;-0,789079502;1;;;;;;;;;;;;;
56;-1,06015994;0,180549594;0,06015994;1;-0,441010121;0,165239442;-0,117979758;1;-0,092231952;0,283029109;-0,538840239;1;;;;;;;;;;;;;
57;-1,044093974;0,173638265;0,044093974;1;-0,570335382;0,170059607;0,140670764;1;-0,056743721;0,304050388;-0,716281393;1;;;;;;;;;;;;;
58;-1,026562491;0,177738313;0,026562491;1;-0,420189007;0,163577673;-0,159621986;1;-0,177157509;0,289665161;-0,114212454;1;;;;;;;;;;;;;
59;-1,162455263;0,165359205;0,162455263;1;-0,586151211;0,15152313;0,172302423;1;0,15581183;0,250308777;-1,779059148;1;;;;;;;;;;;;;
60;-0,842445377;0,157569155;-0,157554623;1;-0,729087304;0,166339441;0,458174608;1;-0,170831686;0,264525838;-0,145841572;1;;;;;;;;;;;;;
61;-1,240144669;0,155237856;0,240144669;1;-0,584904693;0,156416264;0,169809386;1;0,139640009;0,250573647;-1,698200045;1;;;;;;;;;;;;;
62;-0,875179744;0,150261211;-0,124820256;1;-0,689495323;0,170736193;0,378990646;1;-0,42537911;0,276647911;1,126895549;1;;;;;;;;;;;;;
63;-1,477758646;0,184187791;0,477758646;0;-0,3568542;0,16345562;-0,286291601;1;0,622029223;0,279462408;-4,110146117;0;;;;;;;;;;;;;
64;-1,056774697;0,174789593;0,056774697;1;-0,31845243;0,165372094;-0,363095141;1;-0,522602389;0,287405098;1,613011943;1;;;;;;;;;;;;;
65;-1,2392347;0,16112162;0,2392347;1;-0,378108055;0,150020063;-0,243783889;1;0,171464105;0,246568951;-1,857320524;1;;;;;;;;;;;;;
66;-0,961532987;0,158803293;-0,038467013;1;-0,282991295;0,149441585;-0,434017409;1;-0,458191683;0,258059826;1,290958415;1;;;;;;;;;;;;;
67;-1,197500971;0,174990515;0,197500971;1;-0,205527323;0,161211524;-0,588945355;1;-0,167624364;0,28613891;-0,16187818;1;;;;;;;;;;;;;
68;-0,985245701;0,162863326;-0,014754299;1;-0,43055777;0,159612685;-0,138884461;1;-0,147387374;0,254834062;-0,263063132;1;;;;;;;;;;;;;
69;-0,781451453;0,169238221;-0,218548547;1;-0,501912288;0,166157159;0,003824576;1;-0,687614248;0,28942871;2,438071242;1;;;;;;;;;;;;;
70;-0,690339575;0,160835148;-0,309660425;1;-0,662850834;0,157474104;0,325701668;1;-0,477855625;0,272277744;1,389278126;1;;;;;;;;;;;;;
71;-1,158475504;0,179598743;0,158475504;1;-0,668829458;0,175309488;0,337658916;1;-0,061331145;0,306314414;-0,693344274;1;;;;;;;;;;;;;
72;-0,953473154;0,143995452;-0,046526846;1;-0,447671619;0,152433388;-0,104656761;1;-0,188206125;0,239449189;-0,058969374;1;;;;;;;;;;;;;
73;-0,996669814;0,13372586;-0,003330186;1;-0,362681175;0,139408805;-0,27463765;1;-0,226880771;0,22165725;0,134403853;1;;;;;;;;;;;;;
74;-1,265967206;0,163847116;0,265967206;1;-0,480586211;0,156176641;-0,038827579;1;0,230139436;0,254058975;-2,15069718;1;;;;;;;;;;;;;
75;-0,862916842;0,142023862;-0,137083158;1;-0,335846282;0,135532487;-0,328307435;1;-0,563739965;0,242828233;1,818699827;1;;;;;;;;;;;;;
76;-0,865156634;0,122810669;-0,134843366;1;-0,793947944;0,155316473;0,587895888;1;-0,437289507;0,236913503;1,186447536;1;;;;;;;;;;;;;
77;-1,246157794;0,176663629;0,246157794;1;-0,299842901;0,161708709;-0,400314198;1;0,054724675;0,278783018;-1,273623373;1;;;;;;;;;;;;;
78;-0,710549935;0,137263729;-0,289450065;0;-0,964798641;0,164115385;0,929597282;0;-0,486584598;0,250218179;1,432922992;1;;;;;;;;;;;;;
79;-0,911911472;0,192947314;-0,088088528;1;-0,920230234;0,196494492;0,840460467;0;-0,369519419;0,311272982;0,847597096;1;;;;;;;;;;;;;
80;-0,847037644;0,13886933;-0,152962356;1;-0,639586363;0,15972483;0,279172727;1;-0,247703287;0,255591938;0,238516433;1;;;;;;;;;;;;;
81;-0,872448474;0,158245515;-0,127551526;1;-0,447625442;0,154851469;-0,104749116;1;-0,391887226;0,270320432;0,959436128;1;;;;;;;;;;;;;
82;-1,117836406;0,179824468;0,117836406;1;-0,563184181;0,173781306;0,126368363;1;0,116196663;0,283632441;-1,580983314;1;;;;;;;;;;;;;
83;-1,181061255;0,174073754;0,181061255;1;-0,450188843;0,172495125;-0,099622313;1;-0,113719855;0,286476159;-0,431400725;1;;;;;;;;;;;;;
84;-0,909999082;0,19079901;-0,090000918;1;-0,786579728;0,188300212;0,573159455;1;-0,521417531;0,3077383;1,607087656;1;;;;;;;;;;;;;
85;-1,199058635;0,179621624;0,199058635;1;-0,469316102;0,166151914;-0,061367796;1;0,025125285;0,277628962;-1,125626426;1;;;;;;;;;;;;;
86;-1,148725779;0,172261914;0,148725779;1;-0,365746615;0,159876523;-0,268506771;1;-0,151103022;0,270617564;-0,244484889;1;;;;;;;;;;;;;
87;-1,189391118;0,182687946;0,189391118;1;-0,546149387;0,16818168;0,092298774;1;0,039930809;0,284235712;-1,199654044;1;;;;;;;;;;;;;
88;-0,971461883;0,158064928;-0,028538117;1;-0,360287176;0,152224421;-0,279425648;1;-0,308794524;0,260119382;0,543972618;1;;;;;;;;;;;;;
89;-1,008738617;0,154826905;0,008738617;1;-0,179495225;0,14368197;-0,641009549;0;-0,625698553;0,254699898;2,128492767;1;;;;;;;;;;;;;
90;-0,994108058;0,149778764;-0,005891942;1;-0,758990024;0,15765639;0,517980048;1;-0,051528772;0,255845199;-0,742356142;1;;;;;;;;;;;;;
91;-0,781475982;0,161150138;-0,218524018;1;-0,330473397;0,15414642;-0,339053205;1;-0,757266361;0,273342033;2,786331804;0;;;;;;;;;;;;;
92;-1,113998882;0,159025432;0,113998882;1;-0,419946148;0,149131749;-0,160107704;1;0,070070453;0,261346649;-1,350352266;1;;;;;;;;;;;;;
93;-0,948503933;0,151612287;-0,051496067;1;-0,599893681;0,148949452;0,199787361;1;-0,002695244;0,239422896;-0,986523782;1;;;;;;;;;;;;;
94;-0,779063731;0,171666617;-0,220936269;1;-0,703799068;0,18001954;0,407598137;1;-0,420293056;0,282729063;1,101465282;1;;;;;;;;;;;;;
95;-0,930765215;0,155888568;-0,069234785;1;-0,522031544;0,151128549;0,044063088;1;-0,239964706;0,25858563;0,199823529;1;;;;;;;;;;;;;
96;-0,927885815;0,164873938;-0,072114185;1;-0,510258472;0,15844398;0,020516943;1;-0,218302396;0,267465229;0,091511979;1;;;;;;;;;;;;;
97;-1,178649554;0,165567542;0,178649554;1;-0,4725606;0,170817466;-0,0548788;1;0,096826661;0,285364992;-1,484133307;1;;;;;;;;;;;;;
98;-0,971755624;0,145477682;-0,028244376;1;-0,548359225;0,150735876;0,096718451;1;-0,277428409;0,258213692;0,387142043;1;;;;;;;;;;;;;
99;-1,119546938;0,181611249;0,119546938;1;-0,459212638;0,160314444;-0,081574724;1;-0,002748556;0,275105087;-0,986257222;1;;;;;;;;;;;;;
100;-0,893322028;0,138455239;-0,106677972;1;-0,588902059;0,153160264;0,177804118;1;-0,38012149;0,25195881;0,900607451;1;;;;;;;;;;;;;
101;-1,325287986;0,183438447;0,325287986;1;-0,706723506;0,176776077;0,413447012;1;0,311303856;0,288341237;-2,556519278;1;;;;;;;;;;;;;
102;-1,046766468;0,1646884;0,046766468;1;-0,48727751;0,16460205;-0,02544498;1;-0,313374829;0,273270839;0,566874143;1;;;;;;;;;;;;;
103;-0,946821522;0,155316906;-0,053178478;1;-0,600764053;0,155439904;0,201528106;1;-0,041737892;0,243222684;-0,791310542;1;;;;;;;;;;;;;
104;-0,863482151;0,146239608;-0,136517849;1;-0,741003166;0,160315625;0,482006331;1;-0,376002243;0,247084572;0,880011217;1;;;;;;;;;;;;;
105;-1,070656088;0,158975373;0,070656088;1;-0,453621042;0,155383552;-0,092757916;1;-0,04059308;0,26551308;-0,797034602;1;;;;;;;;;;;;;
106;-0,839050116;0,150646169;-0,160949884;1;-0,742895339;0,168318376;0,485790677;1;-0,449625151;0,26791594;1,248125753;1;;;;;;;;;;;;;
107;-1,007458746;0,162066845;0,007458746;1;-0,21115113;0,153746811;-0,577697741;1;-0,212821678;0,258241615;0,064108392;1;;;;;;;;;;;;;
108;-0,886108037;0,16143869;-0,113891963;1;-0,505682721;0,157459293;0,011365442;1;-0,383363724;0,257033105;0,91681862;1;;;;;;;;;;;;;
109;-1,243186628;0,196250603;0,243186628;1;-0,483898481;0,171945255;-0,032203037;1;0,18836695;0,296618099;-1,941834751;1;;;;;;;;;;;;;
110;-1,114975262;0,154492783;0,114975262;1;-0,358681134;0,150571471;-0,282637732;1;-0,233302619;0,253759142;0,166513093;1;;;;;;;;;;;;;
111;-0,739019395;0,153491343;-0,260980605;1;-0,503556248;0,150111617;0,007112495;1;-0,519621687;0,256095959;1,598108433;1;;;;;;;;;;;;;
112;-1,076522373;0,155380589;0,076522373;1;-0,631158007;0,158385836;0,262316013;1;-0,148700827;0,244885136;-0,256495865;1;;;;;;;;;;;;;
113;-1,053215809;0,165401647;0,053215809;1;-0,558111405;0,166595472;0,11622281;1;-0,30140915;0,276565937;0,507045748;1;;;;;;;;;;;;;
114;-1,052646437;0,136649129;0,052646437;1;-0,696579148;0,161989578;0,393158296;1;-0,239070578;0,243040013;0,195352892;1;;;;;;;;;;;;;
115;-1,072741719;0,154208691;0,072741719;1;-0,202201372;0,149959258;-0,595597255;0;-0,259701116;0,259649705;0,298505581;1;;;;;;;;;;;;;
116;-1,101875315;0,156403511;0,101875315;1;-0,287254215;0,147408195;-0,42549157;1;-0,225328259;0,248635926;0,126641296;1;;;;;;;;;;;;;
117;-0,916613782;0,144510995;-0,083386218;1;-0,682441926;0,154800471;0,364883851;1;-0,20977875;0,25773524;0,04889375;1;;;;;;;;;;;;;
118;-1,238021009;0,173045854;0,238021009;1;-0,574393131;0,170378875;0,148786263;1;0,130395767;0,275500009;-1,651978835;1;;;;;;;;;;;;;
119;-0,971864317;0,151615956;-0,028135683;1;-0,448914684;0,154496822;-0,102170632;1;-0,426648457;0,255677828;1,133242283;1;;;;;;;;;;;;;
120;-0,798424075;0,173882759;-0,201575925;1;-0,756136173;0,162975702;0,512272345;1;-0,065305815;0,263671575;-0,673470925;1;;;;;;;;;;;;;
121;-1,015790721;0,165639708;0,015790721;1;-0,375501482;0,157244756;-0,248997037;1;-0,193805234;0,260890751;-0,030973828;1;;;;;;;;;;;;;
122;-1,004071541;0,156718503;0,004071541;1;-0,816715176;0,169824935;0,633430351;1;-0,100251917;0,263830689;-0,498740415;1;;;;;;;;;;;;;
123;-1,149205721;0,153438015;0,149205721;1;-0,636935018;0,150882828;0,273870036;1;0,115253461;0,242809742;-1,576267303;1;;;;;;;;;;;;;
124;-0,922616075;0,148804578;-0,077383925;1;-0,487302366;0,138291592;-0,025395267;1;-0,192303923;0,237159171;-0,038480385;1;;;;;;;;;;;;;
125;-0,837714422;0,156670018;-0,162285578;1;-0,407705331;0,157216316;-0,184589339;1;-0,57132937;0,272407344;1,85664685;1;;;;;;;;;;;;;
126;-0,905391981;0,151666426;-0,094608019;1;-0,338814645;0,147671083;-0,32237071;1;-0,292983227;0,251478362;0,464916134;1;;;;;;;;;;;;;
127;-0,847861094;0,13898674;-0,152138906;1;-0,401392484;0,145449542;-0,197215032;1;-0,499800328;0,242827608;1,499001638;1;;;;;;;;;;;;;
128;-1,447112501;0,181089954;0,447112501;0;-0,630335487;0,169486446;0,260670973;1;0,45128879;0,276423153;-3,256443948;0;;;;;;;;;;;;;
129;-1,088696364;0,156706382;0,088696364;1;-0,321018751;0,155663961;-0,357962498;1;-0,447579441;0,271043215;1,237897205;1;;;;;;;;;;;;;
130;-0,771804348;0,154514085;-0,228195652;1;-0,419920656;0,14860994;-0,160158687;1;-0,348210708;0,254590588;0,741053539;1;;;;;;;;;;;;;
131;-0,795147313;0,130111768;-0,204852687;1;-0,71226934;0,140559226;0,42453868;1;-0,211778396;0,224730612;0,05889198;1;;;;;;;;;;;;;
132;-0,967039821;0,153990365;-0,032960179;1;-0,335079762;0,162873277;-0,329840477;1;-0,744036917;0,277731213;2,720184583;1;;;;;;;;;;;;;
133;-1,050308718;0,166676521;0,050308718;1;-0,434554828;0,158035534;-0,130890344;1;-0,285866399;0,268922934;0,429331995;1;;;;;;;;;;;;;
134;-1,011499285;0,152424176;0,011499285;1;-0,516099811;0,155364365;0,032199622;1;-0,38805767;0,244514697;0,940288352;1;;;;;;;;;;;;;
135;-1,263790848;0,170417484;0,263790848;1;-0,356298271;0,156841046;-0,287403458;1;0,096165387;0,260563677;-1,480826936;1;;;;;;;;;;;;;
136;-1,006889263;0,152607582;0,006889263;1;-0,616416137;0,157521734;0,232832273;1;-0,331651582;0,248555217;0,658257912;1;;;;;;;;;;;;;
137;-1,016272342;0,155047162;0,016272342;1;-0,600323454;0,155203104;0,200646908;1;0,074163561;0,242000999;-1,370817807;1;;;;;;;;;;;;;
138;-0,979013684;0,15136038;-0,020986316;1;-0,783319137;0,162096862;0,566638273;1;-0,128458551;0,251379577;-0,357707247;1;;;;;;;;;;;;;
139;-1,131174857;0,167896611;0,131174857;1;-0,393798511;0,161812448;-0,212402977;1;0,020616965;0,274367481;-1,103084826;1;;;;;;;;;;;;;
140;-1,073919712;0,16159271;0,073919712;1;-0,637203626;0,158241171;0,274407253;1;0,136985432;0,250126165;-1,68492716;1;;;;;;;;;;;;;
141;-1,000555193;0,151894966;0,000555193;1;-0,426078693;0,155178255;-0,147842615;1;-0,399184707;0,251385372;0,995923537;1;;;;;;;;;;;;;
142;-1,002335694;0,163026355;0,002335694;1;-0,255057566;0,148671501;-0,489884868;1;-0,094447688;0,252167596;-0,527761561;1;;;;;;;;;;;;;
143;-0,939334936;0,156871822;-0,060665064;1;-0,391713292;0,148206492;-0,216573415;1;-0,204899705;0,245475441;0,024498527;1;;;;;;;;;;;;;
144;-0,839646381;0,135200032;-0,160353619;1;-0,566628516;0,144481487;0,133257031;1;-0,375375669;0,231778616;0,876878345;1;;;;;;;;;;;;;
145;-1,264666525;0,152145231;0,264666525;1;-0,45383661;0,145646738;-0,092326779;1;0,346952207;0,249590495;-2,734761033;0;;;;;;;;;;;;;
146;-0,868874789;0,140391102;-0,131125211;1;-0,544970536;0,144126292;0,089941072;1;-0,363970521;0,239048702;0,819852605;1;;;;;;;;;;;;;
147;-0,806684674;0,154261352;-0,193315326;1;-0,222711558;0,148965727;-0,554576883;1;-0,744929786;0,266416101;2,724648929;0;;;;;;;;;;;;;
148;-1,297743681;0,17776432;0,297743681;1;-0,461015926;0,165587694;-0,077968147;1;0,172072327;0,282222766;-1,860361637;1;;;;;;;;;;;;;
149;-0,929950525;0,161552189;-0,070049475;1;-0,310838349;0,158961809;-0,378323303;1;-0,286202969;0,271953096;0,431014846;1;;;;;;;;;;;;;
150;-0,847626022;0,161768195;-0,152373978;1;-0,462352361;0,153040952;-0,075295278;1;-0,322878351;0,260160214;0,614391753;1;;;;;;;;;;;;;
151;-0,951691729;0,177050581;-0,048308271;1;-0,598636029;0,164917873;0,197272059;1;-0,349900971;0,276575046;0,749504853;1;;;;;;;;;;;;;
152;-1,061242565;0,158525631;0,061242565;1;-0,868490013;0,169577793;0,736980027;0;-0,118730759;0,271128029;-0,406346207;1;;;;;;;;;;;;;
153;-1,117683302;0,169660303;0,117683302;1;-0,741031221;0,17619934;0,482062441;1;-0,044008792;0,28734269;-0,779956038;1;;;;;;;;;;;;;
154;-0,830129122;0,136486079;-0,169870878;1;-0,409085471;0,1462057;-0,181829058;1;-0,589271464;0,242063473;1,94635732;1;;;;;;;;;;;;;
155;-1,06435025;0,148134835;0,06435025;1;-0,505956811;0,153903572;0,011913623;1;-0,156393686;0,247492058;-0,218031569;1;;;;;;;;;;;;;
156;-1,323530864;0,163194603;0,323530864;0;-0,391175907;0,152897432;-0,217648187;1;0,084616167;0,256647717;-1,423080835;1;;;;;;;;;;;;;
157;-1,083352939;0,169035582;0,083352939;1;-0,377958843;0,151292264;-0,244082315;1;0,009217793;0,253407602;-1,046088963;1;;;;;;;;;;;;;
158;-1,07248228;0,146121287;0,07248228;1;-0,667674736;0,155277235;0,335349471;1;0,017861211;0,23803969;-1,089306054;1;;;;;;;;;;;;;
159;-1,023847895;0,161957293;0,023847895;1;-0,487936602;0,162281032;-0,024126796;1;-0,296065449;0,276900444;0,480327244;1;;;;;;;;;;;;;
160;-1,052823048;0,147681938;0,052823048;1;-0,575857432;0,153523807;0,151714864;1;-0,082245614;0,24421396;-0,58877193;1;;;;;;;;;;;;;
161;-0,919846891;0,149068369;-0,080153109;1;-0,391859184;0,14399218;-0,216281633;1;-0,272914908;0,244777584;0,364574541;1;;;;;;;;;;;;;
162;-1,126398807;0,152794701;0,126398807;1;-0,199794673;0,139491872;-0,600410654;0;-0,210744108;0,24819764;0,053720542;1;;;;;;;;;;;;;
163;-1,156923942;0,171233845;0,156923942;1;-0,422003597;0,163986309;-0,155992806;1;-0,300172804;0,280521012;0,500864022;1;;;;;;;;;;;;;
164;-0,973144164;0,137953783;-0,026855836;1;-0,441621293;0,144547245;-0,116757413;1;-0,276108494;0,242488144;0,380542469;1;;;;;;;;;;;;;
165;-0,90124368;0,14827134;-0,09875632;1;-0,367061583;0,139871825;-0,265876835;1;-0,198227008;0,23790894;-0,00886496;1;;;;;;;;;;;;;
166;-0,971432763;0,161675181;-0,028567237;1;-0,525324984;0,158915622;0,050649968;1;-0,231146735;0,258424366;0,155733676;1;;;;;;;;;;;;;
167;-1,003109669;0,177836736;0,003109669;1;-0,589943931;0,164522541;0,179887863;1;-0,137450283;0,290527178;-0,312748587;1;;;;;;;;;;;;;
168;-0,926927706;0,131819243;-0,073072294;1;-0,483404606;0,128523108;-0,033190787;1;0,052525006;0,205205327;-1,262625028;1;;;;;;;;;;;;;
169;-0,836032217;0,12986799;-0,163967783;1;-0,472671673;0,131813462;-0,054656653;1;-0,251973383;0,224643893;0,259866914;1;;;;;;;;;;;;;
170;-1,162660331;0,151739179;0,162660331;1;-0,305623168;0,141032707;-0,388753664;1;0,042284786;0,241566325;-1,211423931;1;;;;;;;;;;;;;
171;-0,964475576;0,143110357;-0,035524424;1;-0,552289839;0,149428944;0,104579678;1;-0,257825368;0,240624259;0,289126842;1;;;;;;;;;;;;;
172;-1,068244268;0,165063978;0,068244268;1;-0,264147319;0,152563107;-0,471705363;1;-0,440903976;0,275814365;1,20451988;1;;;;;;;;;;;;;
173;-1,004855702;0,171055242;0,004855702;1;-0,31891384;0,163021353;-0,36217232;1;-0,603765431;0,29302848;2,018827155;1;;;;;;;;;;;;;
174;-0,94546343;0,158811797;-0,05453657;1;-0,512514409;0,152312345;0,025028818;1;-0,189089815;0,257977834;-0,054550925;1;;;;;;;;;;;;;
175;-1,113381528;0,161866238;0,113381528;1;-0,602903961;0,16007949;0,205807922;1;0,112298074;0,263483521;-1,561490368;1;;;;;;;;;;;;;
176;-0,9365473;0,169766044;-0,0634527;1;-0,497219191;0,164381903;-0,005561618;1;-0,453836196;0,281639796;1,26918098;1;;;;;;;;;;;;;
177;-0,85183572;0,14756003;-0,14816428;1;-0,430623046;0,155018649;-0,138753908;1;-0,430915343;0,254030924;1,154576714;1;;;;;;;;;;;;;
178;-1,357296813;0,179578687;0,357296813;0;-0,260292987;0,164113234;-0,479414027;1;0,214083594;0,274423196;-2,070417972;1;;;;;;;;;;;;;
179;-1,279521618;0,154736511;0,279521618;1;-0,337884414;0,141442166;-0,324231172;1;0,173608135;0,242373934;-1,868040676;1;;;;;;;;;;;;;
180;-0,938431702;0,174046689;-0,061568298;1;-0,732152661;0,168242606;0,464305323;1;-0,064825744;0,274621439;-0,675871282;1;;;;;;;;;;;;;
181;-0,99187058;0,158470413;-0,00812942;1;-0,19978355;0,147924225;-0,600432901;0;-0,361036905;0,253003808;0,805184524;1;;;;;;;;;;;;;
182;-0,967926236;0,161952745;-0,032073764;1;-0,595260987;0,150455895;0,190521973;1;-0,1117096;0,253344061;-0,441451999;1;;;;;;;;;;;;;
183;-0,878803754;0,140112676;-0,121196246;1;-0,514797731;0,148634696;0,029595461;1;-0,354682449;0,242136563;0,773412244;1;;;;;;;;;;;;;
184;-1,141050051;0,1449835;0,141050051;1;-0,576424061;0,143708585;0,152848121;1;0,066106602;0,240801074;-1,33053301;1;;;;;;;;;;;;;
185;-1,478385691;0,217709402;0,478385691;0;-0,384653658;0,195216106;-0,230692685;1;0,10893484;0,325151318;-1,5446742;1;;;;;;;;;;;;;
186;-0,956702097;0,148276419;-0,043297903;1;-0,581909755;0,156963883;0,16381951;1;-0,342265591;0,246611746;0,711327956;1;;;;;;;;;;;;;
187;-0,998445875;0,182385283;-0,001554125;1;-0,26762011;0,170837598;-0,464759779;1;-0,444576149;0,299098764;1,222880747;1;;;;;;;;;;;;;
188;-0,77447725;0,14687212;-0,22552275;1;-0,343226593;0,157185044;-0,313546814;1;-1,029464825;0,272140088;4,147324123;0;;;;;;;;;;;;;
189;-1,044542074;0,16810983;0,044542074;1;-0,466512745;0,165630109;-0,06697451;1;-0,213217161;0,274943381;0,066085807;1;;;;;;;;;;;;;
190;-0,907267245;0,175738772;-0,092732755;1;-0,470981189;0,168342978;-0,058037623;1;-0,314727133;0,281679317;0,573635665;1;;;;;;;;;;;;;
191;-1,009561621;0,162888028;0,009561621;1;-0,451463747;0,163218015;-0,097072505;1;-0,25749136;0,270273469;0,2874568;1;;;;;;;;;;;;;
192;-0,982964769;0,154148516;-0,017035231;1;-0,282609393;0,158907057;-0,434781214;1;-0,201533602;0,261934695;0,007668011;1;;;;;;;;;;;;;
193;-1,037735935;0,173159303;0,037735935;1;-0,552867669;0,163381752;0,105735337;1;-0,221228529;0,273299766;0,106142645;1;;;;;;;;;;;;;
194;-1,148505374;0,199484388;0,148505374;1;-0,440815858;0,171441023;-0,118368283;1;-0,157257096;0,295463435;-0,213714522;1;;;;;;;;;;;;;
195;-1,185817273;0,182841302;0,185817273;1;-0,560200672;0,165676912;0,120401344;1;0,094025148;0,28852217;-1,47012574;1;;;;;;;;;;;;;
196;-1,002327966;0,163811882;0,002327966;1;-0,577721755;0,159181928;0,155443509;1;-0,122810903;0,264818192;-0,385945483;1;;;;;;;;;;;;;
197;-0,732185152;0,128367819;-0,267814848;0;-0,548151095;0,140291773;0,096302189;1;-0,472345994;0,233055679;1,361729969;1;;;;;;;;;;;;;
198;-1,142318504;0,195797399;0,142318504;1;-0,456488903;0,180304904;-0,087022195;1;0,216428801;0,310856062;-2,082144004;1;;;;;;;;;;;;;
199;-1,126536415;0,153447252;0,126536415;1;-0,397232498;0,144168504;-0,205535004;1;0,084488527;0,250728487;-1,422442635;1;;;;;;;;;;;;;
200;-1,135425991;0,160941622;0,135425991;1;-0,620791807;0,158169967;0,241583614;1;-0,076287211;0,267919913;-0,618563946;1;;;;;;;;;;;;;
201;-0,974104409;0,140338456;-0,025895591;1;-0,304443771;0,139859224;-0,391112457;1;-0,216598808;0,2350868;0,08299404;1;;;;;;;;;;;;;
202;-1,011267196;0,155090214;0,011267196;1;-0,587567537;0,157365395;0,175135074;1;-0,147113207;0,26267109;-0,264433964;1;;;;;;;;;;;;;
203;-1,028073482;0,186618254;0,028073482;1;-0,41508126;0,163006289;-0,16983748;1;-0,225700924;0,29622543;0,128504622;1;;;;;;;;;;;;;
204;-0,893477654;0,131409065;-0,106522346;1;-0,75978109;0,155340523;0,519562179;1;-0,269394389;0,233153392;0,346971945;1;;;;;;;;;;;;;
205;-0,749065271;0,128161938;-0,250934729;1;-0,615783918;0,141569665;0,231567837;1;-0,364433679;0,221787678;0,822168397;1;;;;;;;;;;;;;
206;-1,555158139;0,207226755;0,555158139;0;-0,242931595;0,173682766;-0,51413681;1;0,30920114;0,307089816;-2,546005701;1;;;;;;;;;;;;;
207;-0,683784018;0,155250838;-0,316215982;0;-0,824273692;0,173139621;0,648547384;1;-0,405579067;0,267931365;1,027895334;1;;;;;;;;;;;;;
208;-0,924848896;0,19074955;-0,075151104;1;-0,515001364;0,177474016;0,030002727;1;-0,291701863;0,302624261;0,458509315;1;;;;;;;;;;;;;
209;-0,910540951;0,146452049;-0,089459049;1;-0,541160364;0,151143053;0,082320728;1;-0,220808459;0,243772321;0,104042293;1;;;;;;;;;;;;;
210;-0,876463005;0,146018857;-0,123536995;1;-0,366983912;0,144667639;-0,266032176;1;-0,477899588;0,243339749;1,389497941;1;;;;;;;;;;;;;
211;-0,89904234;0,140560874;-0,10095766;1;-0,639779813;0,153916802;0,279559626;1;-0,44754543;0,244062543;1,237727152;1;;;;;;;;;;;;;
212;-0,985112212;0,134821991;-0,014887788;1;-0,633290394;0,15290944;0,266580789;1;-0,281517606;0,24428529;0,40758803;1;;;;;;;;;;;;;
213;-1,151294459;0,169696236;0,151294459;1;-0,404475207;0,169462795;-0,191049585;1;-0,270358538;0,282430955;0,351792691;1;;;;;;;;;;;;;
214;-0,996238202;0,166200313;-0,003761798;1;-0,478938315;0,169374087;-0,04212337;1;-0,222579239;0,281444556;0,112896193;1;;;;;;;;;;;;;
215;-1,083676727;0,215260699;0,083676727;1;-0,601855146;0,198909804;0,203710292;1;-0,114086967;0,333840342;-0,429565166;1;;;;;;;;;;;;;
216;-0,762471035;0,185632766;-0,237528965;1;-0,533170601;0,174321647;0,066341202;1;-0,562321537;0,288165931;1,811607687;1;;;;;;;;;;;;;
217;-0,800478411;0,144191734;-0,199521589;1;-0,544951879;0,15158555;0,089903757;1;-0,585057751;0,258397268;1,925288757;1;;;;;;;;;;;;;
218;-1,138647483;0,179126699;0,138647483;1;-0,476714849;0,174712173;-0,046570302;1;0,125935542;0,278685124;-1,629677709;1;;;;;;;;;;;;;
219;-0,986877744;0,169759599;-0,013122256;1;-0,4563923;0,162146571;-0,087215401;1;-0,257428;0,281512087;0,287139999;1;;;;;;;;;;;;;
220;-0,996399087;0,160288885;-0,003600913;1;-0,479193566;0,157064053;-0,041612868;1;-0,368530948;0,265336296;0,842654738;1;;;;;;;;;;;;;
221;-1,283778288;0,171299819;0,283778288;1;-0,344767469;0,156457607;-0,310465063;1;0,222158975;0,260539073;-2,110794877;1;;;;;;;;;;;;;
222;-1,195062159;0,175738294;0,195062159;1;-0,452672697;0,167612101;-0,094654606;1;-0,381898272;0,29328737;0,909491361;1;;;;;;;;;;;;;
223;-0,902617307;0,161145921;-0,097382693;1;-0,351149712;0,152745999;-0,297700575;1;-0,159684778;0,268556395;-0,201576109;1;;;;;;;;;;;;;
224;-1,221055843;0,167403237;0,221055843;1;-0,224252201;0,151022882;-0,551495598;1;-0,039137648;0,259114517;-0,804311758;1;;;;;;;;;;;;;
225;-1,323490241;0,172403122;0,323490241;1;-0,222680911;0,149936673;-0,554638178;1;0,328647653;0,269093805;-2,643238265;0;;;;;;;;;;;;;
226;-0,941795582;0,1429754;-0,058204418;1;-0,561166818;0,150221483;0,122333636;1;-0,433914075;0,250352758;1,169570373;1;;;;;;;;;;;;;
227;-0,937588984;0,158120978;-0,062411016;1;-0,376462929;0,15619709;-0,247074142;1;-0,413835012;0,263845234;1,069175062;1;;;;;;;;;;;;;
228;-1,288537956;0,1796237;0,288537956;1;-0,368038524;0,155459886;-0,263922951;1;0,25631271;0,275283718;-2,281563552;1;;;;;;;;;;;;;
229;-1,1332889;0,14647243;0,1332889;1;-0,509215602;0,14227829;0,018431203;1;0,035208079;0,236656015;-1,176040394;1;;;;;;;;;;;;;
230;-1,105701075;0,165564089;0,105701075;1;-0,380131688;0,168786741;-0,239736624;1;-0,522065636;0,280438409;1,610328179;1;;;;;;;;;;;;;
231;-0,770655096;0,148733814;-0,229344904;1;-0,533549145;0,154561888;0,06709829;1;-0,481308959;0,262190231;1,406544796;1;;;;;;;;;;;;;
232;-0,901147662;0,151446759;-0,098852338;1;-0,670420263;0,15697413;0,340840527;1;-0,183925503;0,250877799;-0,080372486;1;;;;;;;;;;;;;
233;-1,05147383;0,151266239;0,05147383;1;-0,725419049;0,156421555;0,450838098;1;-0,033562498;0,260657326;-0,832187508;1;;;;;;;;;;;;;
234;-0,721751336;0,140626703;-0,278248664;0;-0,53884881;0,149182173;0,07769762;1;-0,666213288;0,25321516;2,331066441;1;;;;;;;;;;;;;
235;-1,084588544;0,19348285;0,084588544;1;-0,6440553;0,17884579;0,2881106;1;0,298537969;0,305630815;-2,492689844;1;;;;;;;;;;;;;
236;-0,889602605;0,135951216;-0,110397395;1;-0,335970799;0,131387586;-0,328058402;1;-0,326598886;0,224259946;0,63299443;1;;;;;;;;;;;;;
237;-1,044522398;0,16618387;0,044522398;1;-0,459607644;0,154557489;-0,080784711;1;0,044370351;0,264139733;-1,221851754;1;;;;;;;;;;;;;
238;-0,897285814;0,15023871;-0,102714186;1;-0,623914866;0,15162821;0,247829731;1;-0,258768437;0,250436716;0,293842184;1;;;;;;;;;;;;;
239;-0,717820475;0,155050867;-0,282179525;1;-0,367902927;0,147438342;-0,264194145;1;-0,719149398;0,268474396;2,59574699;1;;;;;;;;;;;;;
240;-0,994530069;0,143913442;-0,005469931;1;-0,465191462;0,144164149;-0,069617076;1;-0,302917539;0,238940365;0,514587696;1;;;;;;;;;;;;;
241;-0,987232299;0,156756867;-0,012767701;1;-0,289116773;0,154920457;-0,421766454;1;-0,515832523;0,274809975;1,579162614;1;;;;;;;;;;;;;
242;-0,903991496;0,161379043;-0,096008504;1;-0,434159365;0,15685886;-0,131681269;1;-0,223859787;0,273797276;0,119298937;1;;;;;;;;;;;;;
243;-1,082148593;0,170209134;0,082148593;1;-0,23993152;0,161675504;-0,52013696;1;-0,205547169;0,275009446;0,027735843;1;;;;;;;;;;;;;
244;-1,102638439;0,16647025;0,102638439;1;-0,717109747;0,15734739;0,434219494;1;0,173941178;0,261305176;-1,869705892;1;;;;;;;;;;;;;
245;-1,089631606;0,159960061;0,089631606;1;-0,885551818;0,166153297;0,771103636;0;0,190074899;0,260235988;-1,950374497;1;;;;;;;;;;;;;
246;-0,957575708;0,152614194;-0,042424292;1;-0,474406417;0,153117279;-0,051187166;1;-0,127000312;0,256341563;-0,36499844;1;;;;;;;;;;;;;
247;-1,013406474;0,160185364;0,013406474;1;-0,357684953;0,148299884;-0,284630094;1;-0,024905638;0,242128947;-0,875471812;1;;;;;;;;;;;;;
248;-1,044464798;0,177174945;0,044464798;1;-0,376935706;0,165647714;-0,246128589;1;-0,186513106;0,280884216;-0,067434468;1;;;;;;;;;;;;;
249;-1,042896517;0,159294321;0,042896517;1;-0,658472354;0,163753609;0,316944707;1;-0,321032214;0,272153965;0,605161068;1;;;;;;;;;;;;;
250;-0,945015411;0,139585411;-0,054984589;1;-0,271690894;0,140413013;-0,456618212;1;-0,485905056;0,236475356;1,429525282;1;;;;;;;;;;;;;
251;-1,012166145;0,154883784;0,012166145;1;-0,43541056;0,147947695;-0,129178879;1;-0,25780829;0,24450733;0,289041452;1;;;;;;;;;;;;;
252;-1,024917641;0,15065893;0,024917641;1;-0,391332405;0,145886319;-0,21733519;1;-0,023788068;0,250371602;-0,881059658;1;;;;;;;;;;;;;
253;-0,936160177;0,161247204;-0,063839823;1;-0,81001044;0,181206866;0,620020881;1;-0,568050003;0,282760441;1,840250013;1;;;;;;;;;;;;;
254;-1,086781242;0,15427952;0,086781242;1;-0,305702351;0,136955268;-0,388595297;1;0,140059757;0,229876796;-1,700298787;1;;;;;;;;;;;;;
255;-1,119740715;0,173162703;0,119740715;1;-0,415300469;0,158272211;-0,169399063;1;-0,007032062;0,279005785;-0,96483969;1;;;;;;;;;;;;;
256;-1,347650579;0,174734562;0,347650579;0;-0,424909252;0,168013359;-0,150181496;1;0,037897629;0,283130022;-1,189488147;1;;;;;;;;;;;;;
257;-1,27888787;0,185267151;0,27888787;1;-0,509048321;0,176459376;0,018096642;1;-0,167151377;0,298866292;-0,164243115;1;;;;;;;;;;;;;
258;-1,131047057;0,159382847;0,131047057;1;-0,225033708;0,15862598;-0,549932584;1;-0,439365045;0,271353048;1,196825225;1;;;;;;;;;;;;;
259;-0,905585105;0,150833304;-0,094414895;1;-0,572692581;0,153690352;0,145385163;1;-0,265654977;0,253577892;0,328274884;1;;;;;;;;;;;;;
260;-0,79981861;0,175425953;-0,20018139;1;-0,426531188;0,159514897;-0,146937623;1;-0,385871258;0,286111261;0,929356289;1;;;;;;;;;;;;;
261;-0,952437166;0,146872496;-0,047562834;1;-0,610010487;0,15630871;0,220020975;1;-0,508633472;0,259015813;1,543167361;1;;;;;;;;;;;;;
262;-1,50040176;0,196946681;0,50040176;0;-0,327924369;0,176300642;-0,344151262;1;0,197579339;0,314782284;-1,987896694;1;;;;;;;;;;;;;
263;-1,330874907;0,177106735;0,330874907;1;-0,375764904;0,166625241;-0,248470192;1;0,112363719;0,281524118;-1,561818593;1;;;;;;;;;;;;;
264;-0,970331634;0,156374337;-0,029668366;1;-0,167158014;0,154276057;-0,665683972;0;-0,529550051;0,272637489;1,647750255;1;;;;;;;;;;;;;
265;-0,994176916;0,174302272;-0,005823084;1;-0,663342771;0,164499175;0,326685541;1;-0,133034702;0,276876692;-0,334826492;1;;;;;;;;;;;;;
266;-0,799585899;0,143150185;-0,200414101;1;-0,630974785;0,159644833;0,261949569;1;-0,701786949;0,256290593;2,508934744;1;;;;;;;;;;;;;
267;-0,731759646;0,159993522;-0,268240354;1;-0,481751368;0,151690171;-0,036497264;1;-0,431473862;0,264823306;1,157369308;1;;;;;;;;;;;;;
268;-1,01291603;0,155277164;0,01291603;1;-0,670752506;0,160010489;0,341505012;1;-0,182930053;0,254632231;-0,085349736;1;;;;;;;;;;;;;
269;-1,103460265;0,144190505;0,103460265;1;-0,650813555;0,148038327;0,30162711;1;0,127002183;0,236850748;-1,635010916;1;;;;;;;;;;;;;
270;-0,741810502;0,118474893;-0,258189498;0;-0,609354634;0,135598554;0,218709268;1;-0,482743233;0,224505448;1,413716166;1;;;;;;;;;;;;;
271;-1,130250962;0,155932467;0,130250962;1;-0,239495609;0,153581069;-0,521008783;1;-0,323865401;0,273715746;0,619327006;1;;;;;;;;;;;;;
272;-1,173646019;0,172601778;0,173646019;1;-0,38113148;0,152215668;-0,23773704;1;0,126859559;0,268452177;-1,634297793;1;;;;;;;;;;;;;
273;-1,258607352;0,165070151;0,258607352;1;-0,463252471;0,157066398;-0,073495057;1;-0,036656017;0,252864774;-0,816719916;1;;;;;;;;;;;;;
274;-0,897013531;0,147447475;-0,102986469;1;-0,472679751;0,147504815;-0,054640498;1;-0,309660203;0,244913766;0,548301017;1;;;;;;;;;;;;;
275;-1,124454761;0,153042234;0,124454761;1;-0,452318528;0,143729928;-0,095362945;1;0,300647778;0,240521884;-2,503238888;0;;;;;;;;;;;;;
276;-0,955434464;0,162280661;-0,044565536;1;-0,376325875;0,154081174;-0,247348251;1;-0,385331171;0,264018861;0,926655855;1;;;;;;;;;;;;;
277;-1,121301436;0,16084662;0,121301436;1;-0,176410506;0,143305617;-0,647178989;0;-0,060593958;0,248407737;-0,697030209;1;;;;;;;;;;;;;
278;-1,352721582;0,178510052;0,352721582;0;-0,382175879;0,156622635;-0,235648241;1;0,377674462;0,283331928;-2,888372309;0;;;;;;;;;;;;;
279;-0,909147409;0,137362774;-0,090852591;1;-0,690948377;0,156137494;0,381896754;1;-0,148945088;0,252367815;-0,25527456;1;;;;;;;;;;;;;
280;-1,042098304;0,16205699;0,042098304;1;-0,106155903;0,149753462;-0,787688195;0;-0,41100217;0,265540236;1,055010852;1;;;;;;;;;;;;;
281;-1,291869535;0,171481394;0,291869535;1;-0,721937213;0,165938711;0,443874426;1;0,176778814;0,271090211;-1,883894071;1;;;;;;;;;;;;;
282;-1,10917159;0,183173439;0,10917159;1;-0,571156779;0,173730021;0,142313558;1;0,09483763;0,290494307;-1,474188151;1;;;;;;;;;;;;;
283;-1,0926183;0,172172237;0,0926183;1;-0,368329843;0,164379099;-0,263340314;1;-0,137629283;0,283607782;-0,311853585;1;;;;;;;;;;;;;
284;-1,016423906;0,155091986;0,016423906;1;-0,407635914;0,14914909;-0,184728172;1;-0,170197418;0,254252841;-0,149012909;1;;;;;;;;;;;;;
285;-0,812528359;0,15096832;-0,187471641;1;-0,289260142;0,150544559;-0,421479717;1;-0,643600207;0,284276415;2,218001034;1;;;;;;;;;;;;;
286;-1,029397956;0,146921209;0,029397956;1;-0,529208022;0,150751099;0,058416045;1;-0,217785658;0,23376847;0,08892829;1;;;;;;;;;;;;;
287;-0,938646574;0,14922278;-0,061353426;1;-0,348731796;0,145614473;-0,302536407;1;-0,452904383;0,251032883;1,264521913;1;;;;;;;;;;;;;
288;-1,144764538;0,166533363;0,144764538;1;-0,494873467;0,161462271;-0,010253066;1;-0,012049712;0,271499214;-0,939751438;1;;;;;;;;;;;;;
289;-1,127019591;0,153271865;0,127019591;1;-0,566306337;0,154472167;0,132612674;1;0,057734797;0,250431029;-1,288673983;1;;;;;;;;;;;;;
290;-0,953355607;0,16629907;-0,046644393;1;-0,412741068;0,156370627;-0,174517865;1;-0,322756128;0,252853249;0,613780639;1;;;;;;;;;;;;;
291;-0,980270338;0,158992138;-0,019729662;1;-0,686872229;0,1607445;0,373744458;1;-0,152683493;0,261476521;-0,236582535;1;;;;;;;;;;;;;
292;-0,905728147;0,136918124;-0,094271853;1;-0,498460392;0,138268146;-0,003079216;1;-0,298135182;0,238099899;0,490675911;1;;;;;;;;;;;;;
293;-0,715715399;0,13711022;-0,284284601;0;-0,462987939;0,149692793;-0,074024121;1;-0,77550074;0,249131438;2,8775037;0;;;;;;;;;;;;;
294;-1,259452652;0,176579885;0,259452652;1;-0,736881697;0,173639762;0,473763395;1;0,308175078;0,279531808;-2,540875391;1;;;;;;;;;;;;;
295;-0,799138515;0,159898251;-0,200861485;1;-0,849670297;0,177959315;0,699340595;0;-0,249122224;0,261520395;0,245611118;1;;;;;;;;;;;;;
296;-0,998802145;0,16024235;-0,001197855;1;-0,568062807;0,155399967;0,136125614;1;-0,361126948;0,270917727;0,805634742;1;;;;;;;;;;;;;
297;-1,007165701;0,1582931;0,007165701;1;-0,45409164;0,156675749;-0,091816719;1;-0,404730105;0,263297185;1,023650526;1;;;;;;;;;;;;;
298;-1,172313197;0,168075311;0,172313197;1;-0,423505189;0,16075815;-0,152989622;1;0,087987356;0,274375428;-1,439936781;1;;;;;;;;;;;;;
299;-0,831357649;0,122500218;-0,168642351;1;-0,530027086;0,134127222;0,060054172;1;-0,330566423;0,216482394;0,652832114;1;;;;;;;;;;;;;
300;-0,986176177;0,165103002;-0,013823823;1;-0,209896686;0,156239627;-0,580206629;1;-0,43102628;0,27661369;1,155131399;1;;;;;;;;;;;;;
301;-1,049303243;0,158299967;0,049303243;1;-0,71998907;0,16536204;0,439978139;1;-0,113060367;0,271855064;-0,434698166;1;;;;;;;;;;;;;
302;-1,261792269;0,184252636;0,261792269;1;-0,48264536;0,177923752;-0,034709281;1;-0,063597785;0,298925807;-0,682011073;1;;;;;;;;;;;;;
303;-0,980024485;0,148154246;-0,019975515;1;-0,270648037;0,14471273;-0,458703925;1;-0,290224594;0,251435592;0,451122971;1;;;;;;;;;;;;;
304;-0,605014746;0,133401912;-0,394985254;0;-0,657378349;0,151790247;0,314756699;1;-0,836863539;0,258110263;3,184317695;0;;;;;;;;;;;;;
305;-0,815844506;0,136857221;-0,184155494;1;-0,641708928;0,156423431;0,283417856;1;-0,500263739;0,241476136;1,501318697;1;;;;;;;;;;;;;
306;-0,802049783;0,193794479;-0,197950217;1;-0,676651626;0,190673722;0,353303252;1;-0,63877069;0,322751563;2,193853448;1;;;;;;;;;;;;;
307;-1,195147959;0,165328051;0,195147959;1;-0,592659277;0,167612276;0,185318553;1;-0,025137812;0,263920152;-0,874310941;1;;;;;;;;;;;;;
308;-0,782563011;0,145249328;-0,217436989;1;-0,459502745;0,146828663;-0,08099451;1;-0,293425533;0,243529473;0,467127666;1;;;;;;;;;;;;;
309;-0,972023942;0,169724623;-0,027976058;1;-0,280251196;0,152087426;-0,439497607;1;-0,144683139;0,264501794;-0,276584305;1;;;;;;;;;;;;;
310;-1,1576172;0,162931826;0,1576172;1;-0,601181241;0,16183468;0,202362482;1;0,185992014;0,261216358;-1,929960069;1;;;;;;;;;;;;;
311;-0,895493201;0,138264671;-0,104506799;1;-0,700413492;0,159061818;0,400826983;1;-0,224924404;0,248735371;0,124622021;1;;;;;;;;;;;;;
312;-1,058907627;0,153280673;0,058907627;1;-0,154018995;0,141139054;-0,691962009;0;-0,183102937;0,247016667;-0,084485316;1;;;;;;;;;;;;;
313;-1,243069885;0,179766359;0,243069885;1;-0,415741956;0,166167442;-0,168516088;1;-0,177027995;0,288881301;-0,114860027;1;;;;;;;;;;;;;
314;-0,976567297;0,159024117;-0,023432703;1;-0,52884237;0,158528919;0,057684741;1;-0,347292464;0,265019765;0,736462321;1;;;;;;;;;;;;;
315;-0,879758936;0,165822284;-0,120241064;1;-0,822977518;0,175993993;0,645955035;1;-0,154714034;0,27477432;-0,226429829;1;;;;;;;;;;;;;
316;-1,177854651;0,163780389;0,177854651;1;-0,609527721;0,161662634;0,219055442;1;0,108236776;0,266752426;-1,541183878;1;;;;;;;;;;;;;
317;-0,82044269;0,165193974;-0,17955731;1;-0,618216582;0,162653785;0,236433165;1;-0,222884645;0,274409943;0,114423224;1;;;;;;;;;;;;;
318;-1,040744992;0,14061757;0,040744992;1;-0,408403609;0,142540066;-0,183192782;1;-0,162798199;0,240761766;-0,186009007;1;;;;;;;;;;;;;
319;-0,979197385;0,176625198;-0,020802615;1;-0,424316215;0,169143771;-0,15136757;1;-0,403094347;0,287790835;1,015471735;1;;;;;;;;;;;;;
320;-1,070650366;0,165474445;0,070650366;1;-0,572849797;0,160915992;0,145699595;1;-0,103690368;0,266188487;-0,481548162;1;;;;;;;;;;;;;
321;-0,941096158;0,137197038;-0,058903842;1;-0,723821613;0,152679304;0,447643226;1;-0,315981735;0,245067815;0,579908677;1;;;;;;;;;;;;;
322;-1,10486578;0,160671672;0,10486578;1;-0,404461412;0,156140622;-0,191077176;1;-0,225301624;0,263232766;0,126508119;1;;;;;;;;;;;;;
323;-0,805532034;0,136732895;-0,194467966;1;-0,665047746;0,156333315;0,330095493;1;-0,753524784;0,266725029;2,767623921;0;;;;;;;;;;;;;
324;-1,38590552;0,178036599;0,38590552;0;-0,379593155;0,159034431;-0,24081369;1;0,379230779;0,282529268;-2,896153897;0;;;;;;;;;;;;;
325;-1,138042638;0,173816053;0,138042638;1;-0,220087398;0,161472874;-0,559825203;1;-0,334795951;0,273377647;0,673979754;1;;;;;;;;;;;;;
326;-0,836216256;0,141925863;-0,163783744;1;-0,725302412;0,160391126;0,450604825;1;-0,759764781;0,255954608;2,798823903;0;;;;;;;;;;;;;
327;-1,050912784;0,160257615;0,050912784;1;-0,448889295;0,159492069;-0,10222141;1;-0,280461459;0,263682577;0,402307294;1;;;;;;;;;;;;;
328;-0,736853419;0,148140161;-0,263146581;1;-0,506978988;0,152525342;0,013957977;1;-0,517112055;0,254816618;1,585560276;1;;;;;;;;;;;;;
329;-0,753778928;0,144957985;-0,246221072;1;-0,667505755;0,14456194;0,335011509;1;-0,150231236;0,24282014;-0,248843822;1;;;;;;;;;;;;;
330;-0,968544485;0,180764124;-0,031455515;1;-0,521903953;0,166646645;0,043807906;1;-0,103398997;0,280318069;-0,483005017;1;;;;;;;;;;;;;
331;-0,989064349;0,155188715;-0,010935651;1;-0,486393685;0,166993352;-0,027212631;1;-0,425686907;0,275074803;1,128434537;1;;;;;;;;;;;;;
332;-1,457450569;0,180177493;0,457450569;0;-0,479564331;0,157393418;-0,040871338;1;0,612920844;0,278074079;-4,064604221;0;;;;;;;;;;;;;
333;-0,874327165;0,162386756;-0,125672835;1;-0,585812441;0,150487107;0,171624883;1;0,028704219;0,257435474;-1,143521093;1;;;;;;;;;;;;;
334;-0,93674792;0,155041774;-0,06325208;1;-0,743997161;0,167634921;0,487994322;1;-0,400629649;0,261083533;1,003148247;1;;;;;;;;;;;;;
335;-0,845348152;0,149890169;-0,154651848;1;-0,52246679;0,152136163;0,044933581;1;-0,272538243;0,245756567;0,362691216;1;;;;;;;;;;;;;
336;-1,321381698;0,180900522;0,321381698;1;-0,164787086;0,154162068;-0,670425827;0;0,014130447;0,274289675;-1,070652233;1;;;;;;;;;;;;;
337;-1,163058327;0,165466305;0,163058327;1;-0,420062736;0,159203392;-0,159874528;1;0,080618298;0,273663329;-1,403091491;1;;;;;;;;;;;;;
338;-1,105054699;0,16378348;0,105054699;1;-0,474165407;0,157367761;-0,051669187;1;-0,079673745;0,267372338;-0,601631273;1;;;;;;;;;;;;;
339;-0,91703786;0,161721075;-0,08296214;1;-0,485639447;0,15037199;-0,028721105;1;-0,010154358;0,257257486;-0,949228212;1;;;;;;;;;;;;;
340;-1,010439101;0,15652245;0,010439101;1;-0,802025858;0,173622504;0,604051715;1;-0,071197567;0,268217104;-0,644012167;1;;;;;;;;;;;;;
341;-0,851141884;0,15216798;-0,148858116;1;-0,707919045;0,161496049;0,415838089;1;-0,419054015;0,2480189;1,095270073;1;;;;;;;;;;;;;
342;-1,007588493;0,16138211;0,007588493;1;-0,337008854;0,151502844;-0,325982292;1;-0,316724449;0,259493608;0,583622244;1;;;;;;;;;;;;;
343;-1,00242926;0,205614031;0,00242926;1;-0,716705771;0,18972995;0,433411541;1;-0,181389347;0,339717027;-0,093053265;1;;;;;;;;;;;;;
344;-0,810111448;0,165253678;-0,189888552;1;-0,609621316;0,160514268;0,219242633;1;-0,453211859;0,263269199;1,266059294;1;;;;;;;;;;;;;
345;-0,854736821;0,144555748;-0,145263179;1;-0,332119986;0,144745966;-0,335760028;1;-0,470899131;0,241259179;1,354495653;1;;;;;;;;;;;;;
346;-1,06245414;0,168707287;0,06245414;1;-0,435865128;0,159599311;-0,128269743;1;-0,017747082;0,26046865;-0,911264591;1;;;;;;;;;;;;;
347;-0,922503143;0,1518373;-0,077496857;1;-0,69499927;0,158172951;0,389998539;1;-0,197363592;0,249623943;-0,013182039;1;;;;;;;;;;;;;
348;-1,021812081;0,182881528;0,021812081;1;-0,382414045;0,160288281;-0,23517191;1;0,08902424;0,275412476;-1,445121198;1;;;;;;;;;;;;;
349;-0,762289489;0,145185938;-0,237710511;1;-0,720649049;0,156398725;0,441298098;1;-0,482839991;0,242732248;1,414199955;1;;;;;;;;;;;;;
350;-0,998008246;0,147972937;-0,001991754;1;-0,187895376;0,141958247;-0,624209247;0;-0,545891629;0,251234205;1,729458146;1;;;;;;;;;;;;;
351;-1,236659786;0,174036299;0,236659786;1;-0,1916993;0,171798875;-0,616601401;1;-0,395249543;0,291679387;0,976247714;1;;;;;;;;;;;;;
352;-0,875154762;0,138271293;-0,124845238;1;-0,654257089;0,14571567;0,308514178;1;-0,339219556;0,239740503;0,69609778;1;;;;;;;;;;;;;
353;-1,096986442;0,166599873;0,096986442;1;-0,089403584;0,153685115;-0,821192833;0;-0,366043493;0,263121429;0,830217464;1;;;;;;;;;;;;;
354;-0,983117556;0,142201199;-0,016882444;1;-0,748988209;0,163067848;0,497976418;1;-0,384943031;0,246894209;0,924715153;1;;;;;;;;;;;;;
355;-0,869227431;0,13205582;-0,130772569;1;-0,404646724;0,138574156;-0,190706553;1;-0,254954706;0,231004429;0,274773531;1;;;;;;;;;;;;;
356;-1,245667214;0,169931037;0,245667214;1;-0,535534118;0,157480048;0,071068235;1;0,101005857;0,268620345;-1,505029285;1;;;;;;;;;;;;;
357;-0,915425201;0,135899209;-0,084574799;1;-0,548410871;0,136047807;0,096821742;1;-0,161848398;0,228429987;-0,190758012;1;;;;;;;;;;;;;
358;-1,339979997;0,173086874;0,339979997;0;-0,286478059;0,156542337;-0,427043883;1;0,244568005;0,258700262;-2,222840024;1;;;;;;;;;;;;;
359;-0,993104727;0,144408718;-0,006895273;1;-0,701446904;0,149724834;0,402893809;1;-0,067203723;0,24165267;-0,663981385;1;;;;;;;;;;;;;
360;-0,893645232;0,1457148;-0,106354768;1;-0,46134468;0,149765502;-0,07731064;1;-0,380091519;0,247137975;0,900457593;1;;;;;;;;;;;;;
361;-0,937352701;0,172915344;-0,062647299;1;-0,322827981;0,163802688;-0,354344038;1;-0,53456511;0,273206451;1,67282555;1;;;;;;;;;;;;;
362;-0,776334898;0,132651086;-0,223665102;1;-0,469413195;0,139729726;-0,06117361;1;-0,558750934;0,229065253;1,793754668;1;;;;;;;;;;;;;
363;-0,926047503;0,158180589;-0,073952497;1;-0,390064525;0,160470887;-0,219870951;1;-0,365658821;0,26740565;0,828294104;1;;;;;;;;;;;;;
364;-0,805016049;0,159563596;-0,194983951;1;-0,280710546;0,151298919;-0,438578908;1;-0,670902728;0,262701595;2,354513642;1;;;;;;;;;;;;;
365;-0,856292819;0,147713236;-0,143707181;1;-0,321842016;0,147725863;-0,356315969;1;-0,409419374;0,255050215;1,04709687;1;;;;;;;;;;;;;
366;-0,914972624;0,163232054;-0,085027376;1;-0,675752905;0,168795421;0,351505811;1;-0,283119152;0,277818647;0,415595758;1;;;;;;;;;;;;;
367;-1,020537258;0,180655657;0,020537258;1;-0,827124724;0,176225088;0,654249447;1;0,154876386;0,277970015;-1,774381929;1;;;;;;;;;;;;;
368;-0,850073338;0,155316216;-0,149926662;1;-0,408827382;0,154845761;-0,182345237;1;-0,343142516;0,259669283;0,715712578;1;;;;;;;;;;;;;
369;-1,345890061;0,169794132;0,345890061;0;-0,67569284;0,165771119;0,351385681;1;0,502604985;0,260315708;-3,513024924;0;;;;;;;;;;;;;
370;-0,928371733;0,158650198;-0,071628267;1;-0,936920971;0,168644184;0,873841942;0;0,152424845;0,243990722;-1,762124224;1;;;;;;;;;;;;;
371;-1,098091136;0,17744687;0,098091136;1;-0,500358682;0,177254746;0,000717365;1;-0,188284731;0,295307421;-0,058576345;1;;;;;;;;;;;;;
372;-0,74479441;0,148059978;-0,25520559;1;-0,727542185;0,165139624;0,45508437;1;-0,377521658;0,253939688;0,88760829;1;;;;;;;;;;;;;
373;-1,025595568;0,155928473;0,025595568;1;-0,304289005;0,148160213;-0,391421991;1;-0,334556917;0,259384917;0,672784585;1;;;;;;;;;;;;;
374;-0,883244262;0,151346032;-0,116755738;1;-0,479923175;0,148246885;-0,04015365;1;-0,322767032;0,248249551;0,613835162;1;;;;;;;;;;;;;
375;-1,122426475;0,202928953;0,122426475;1;-0,542636227;0,185769769;0,085272454;1;0,14920527;0,316845453;-1,746026351;1;;;;;;;;;;;;;
376;-1,135629833;0,157823533;0,135629833;1;-0,663943753;0,165624344;0,327887507;1;-0,024818317;0,257745302;-0,875908413;1;;;;;;;;;;;;;
377;-0,927214503;0,147852471;-0,072785497;1;-0,296991984;0,149723379;-0,406016033;1;-0,636314821;0,262103496;2,181574104;1;;;;;;;;;;;;;
378;-1,306163342;0,170292259;0,306163342;1;-0,466489453;0,156870067;-0,067021094;1;0,271667726;0,272163271;-2,35833863;1;;;;;;;;;;;;;
379;-0,971273927;0,14681011;-0,028726073;1;-0,640095592;0,149410016;0,280191185;1;-0,061845563;0,239209797;-0,690772187;1;;;;;;;;;;;;;
380;-0,903810173;0,145945864;-0,096189827;1;-0,67680037;0,158160076;0,35360074;1;-0,364684972;0,257609267;0,82342486;1;;;;;;;;;;;;;
381;-1,126335029;0,146000518;0,126335029;1;-0,523138531;0,155078756;0,046277062;1;-0,03925499;0,245029145;-0,803725048;1;;;;;;;;;;;;;
382;-1,163348817;0,163504215;0,163348817;1;-0,328825516;0,152918973;-0,342348968;1;-0,084411512;0,271662982;-0,577942438;1;;;;;;;;;;;;;
383;-0,989842088;0,152223551;-0,010157912;1;-0,375013673;0,14757044;-0,249972654;1;-0,093877316;0,249483943;-0,530613418;1;;;;;;;;;;;;;
384;-0,893159807;0,175725212;-0,106840193;1;-0,441583595;0,167431387;-0,11683281;1;-0,393717021;0,284083111;0,968585105;1;;;;;;;;;;;;;
385;-1,266773377;0,178892314;0,266773377;1;-0,733859078;0,172601395;0,467718157;1;0,421006072;0,283326619;-3,10503036;0;;;;;;;;;;;;;
386;-1,237096352;0,176265453;0,237096352;1;-0,434097056;0,159592325;-0,131805887;1;0,340725839;0,276104315;-2,703629195;1;;;;;;;;;;;;;
387;-1,094297518;0,144457117;0,094297518;1;-0,474582325;0,142823757;-0,050835349;1;-0,008923795;0,245337346;-0,955381026;1;;;;;;;;;;;;;
388;-1,027810542;0,151826244;0,027810542;1;-0,573021987;0,155618406;0,146043974;1;-0,152072995;0,250505829;-0,239635023;1;;;;;;;;;;;;;
389;-0,830002293;0,181131508;-0,169997707;1;-0,823515387;0,179642317;0,647030774;1;-0,223073019;0,274956913;0,115365096;1;;;;;;;;;;;;;
390;-1,055501812;0,129910545;0,055501812;1;-0,239434461;0,131397958;-0,521131079;0;-0,192834255;0,224269599;-0,035828723;1;;;;;;;;;;;;;
391;-0,956315195;0,193908448;-0,043684805;1;-0,414437196;0,178519759;-0,171125608;1;-0,531135541;0,309021739;1,655677703;1;;;;;;;;;;;;;
392;-1,089747349;0,159777547;0,089747349;1;-0,576869242;0,155194238;0,153738485;1;-0,061557993;0,257394844;-0,692210035;1;;;;;;;;;;;;;
393;-0,946745547;0,159336599;-0,053254453;1;-0,74958842;0,169076832;0,49917684;1;-0,35073745;0,259860366;0,753687251;1;;;;;;;;;;;;;
394;-1,19572648;0,16733413;0,19572648;1;-0,567342698;0,164597624;0,134685396;1;0,188530602;0,261028702;-1,942653011;1;;;;;;;;;;;;;
395;-1,131160684;0,152371689;0,131160684;1;-0,240745964;0,143461963;-0,518508072;1;-0,327482095;0,260576251;0,637410475;1;;;;;;;;;;;;;
396;-0,94248726;0,147278009;-0,05751274;1;-0,442004479;0,147478723;-0,115991042;1;-0,282823333;0,242327264;0,414116667;1;;;;;;;;;;;;;
397;-1,278940499;0,169835734;0,278940499;1;-0,335819809;0,156843087;-0,328360382;1;-0,07669284;0,270497597;-0,6165358;1;;;;;;;;;;;;;
398;-0,946142299;0,149998935;-0,053857701;1;-0,502633929;0,150027276;0,005267859;1;-0,430474753;0,254316296;1,152373766;1;;;;;;;;;;;;;
399;-1,033789541;0,139832763;0,033789541;1;-0,268256885;0,142838946;-0,46348623;1;-0,411539064;0,240020859;1,057695321;1;;;;;;;;;;;;;
400;-1,322776426;0,169456441;0,322776426;1;-0,471150753;0,157300113;-0,057698493;1;0,144561127;0,268157211;-1,722805635;1;;;;;;;;;;;;;
401;-1,174260661;0,148775721;0,174260661;1;-0,533847051;0,146984499;0,067694102;1;0,117376044;0,242734504;-1,58688022;1;;;;;;;;;;;;;
402;-1,122761443;0,17283357;0,122761443;1;-0,49542346;0,164457636;-0,009153081;1;0,045915261;0,270875108;-1,229576306;1;;;;;;;;;;;;;
403;-0,814064313;0,145466326;-0,185935687;1;-0,607355786;0,154157002;0,214711572;1;-0,592972957;0,255789191;1,964864784;1;;;;;;;;;;;;;
404;-1,023674781;0,15366258;0,023674781;1;-0,482854184;0,153325971;-0,034291632;1;-0,358821523;0,260716505;0,794107617;1;;;;;;;;;;;;;
405;-0,968029853;0,153950422;-0,031970147;1;-0,604859784;0,164193398;0,209719568;1;-0,527148365;0,271198461;1,635741826;1;;;;;;;;;;;;;
406;-1,453834015;0,176399846;0,453834015;0;-0,246754157;0,161894171;-0,506491686;1;0,199276352;0,278845435;-1,996381762;1;;;;;;;;;;;;;
407;-1,19526163;0,177459263;0,19526163;1;-0,463255082;0,16321486;-0,073489837;1;0,100584381;0,281513642;-1,502921904;1;;;;;;;;;;;;;
408;-1,203953669;0,154786598;0,203953669;1;-0,496711712;0,156441936;-0,006576577;1;0,064751134;0,248794032;-1,323755669;1;;;;;;;;;;;;;
409;-1,165724445;0,16137761;0,165724445;1;-0,635053527;0,149857368;0,270107055;1;0,18333809;0,243237084;-1,91669045;1;;;;;;;;;;;;;
410;-0,980903563;0,157770362;-0,019096437;1;-0,469072569;0,147570139;-0,061854862;1;-0,115237118;0,252520552;-0,423814408;1;;;;;;;;;;;;;
411;-1,161745133;0,173241344;0,161745133;1;-0,479092277;0,164137923;-0,041815447;1;0,04767483;0,27189411;-1,238374148;1;;;;;;;;;;;;;
412;-0,917042783;0,135138013;-0,082957217;1;-0,448076156;0,13971556;-0,103847687;1;-0,333364956;0,23145468;0,666824778;1;;;;;;;;;;;;;
413;-1,356134889;0,171332342;0,356134889;0;-0,408779837;0,161947341;-0,182440326;1;0,171473705;0,266304468;-1,857368525;1;;;;;;;;;;;;;
414;-1,03443376;0,192719242;0,03443376;1;-0,41594974;0,176440322;-0,168100521;1;-0,350993845;0,29954486;0,754969225;1;;;;;;;;;;;;;
415;-0,970970607;0,158742428;-0,029029393;1;-0,588961555;0,158514573;0,177923109;1;0,034428836;0,258620707;-1,17214418;1;;;;;;;;;;;;;
416;-1,199467563;0,149248541;0,199467563;1;-0,337529085;0,142869218;-0,32494183;1;0,125705205;0,238869344;-1,628526024;1;;;;;;;;;;;;;
417;-1,056712789;0,162655721;0,056712789;1;-0,283185629;0,158199252;-0,433628742;1;-0,450801851;0,27386268;1,254009255;1;;;;;;;;;;;;;
418;-1,003974863;0,151184684;0,003974863;1;-0,671262978;0,152083007;0,342525955;1;-0,197048442;0,242033548;-0,014757788;1;;;;;;;;;;;;;
419;-0,954621969;0,169895535;-0,045378031;1;-0,493194159;0,155553567;-0,013611681;1;-0,342928308;0,263824816;0,714641541;1;;;;;;;;;;;;;
420;-0,855458918;0,150307888;-0,144541082;1;-0,774190956;0,163502381;0,548381911;1;-0,139759035;0,256986211;-0,301204824;1;;;;;;;;;;;;;
421;-1,288617462;0,163377863;0,288617462;1;-0,538881781;0,162510094;0,077763562;1;0,261881766;0,262434976;-2,309408832;1;;;;;;;;;;;;;
422;-1,124033305;0,154910875;0,124033305;1;-0,121542335;0,142534387;-0,756915331;0;-0,256396026;0,257500364;0,281980132;1;;;;;;;;;;;;;
423;-0,909656999;0,158100535;-0,090343001;1;-0,184947334;0,14348418;-0,630105333;0;-0,331195254;0,248811062;0,655976272;1;;;;;;;;;;;;;
424;-1,075011447;0,170180631;0,075011447;1;-0,508804944;0,161604417;0,017609888;1;-0,13593131;0,271135444;-0,320343448;1;;;;;;;;;;;;;
425;-1,146886866;0,168171107;0,146886866;1;-0,470641575;0,152326499;-0,05871685;1;0,045414777;0,269455217;-1,227073884;1;;;;;;;;;;;;;
426;-0,833507474;0,143668083;-0,166492526;1;-0,560403332;0,149753353;0,120806665;1;-0,353641692;0,245062918;0,768208458;1;;;;;;;;;;;;;
427;-1,168664431;0,147916052;0,168664431;1;-0,409106224;0,143658166;-0,181787551;1;-0,006254252;0,235117107;-0,968728738;1;;;;;;;;;;;;;
428;-1,20380567;0,165431975;0,20380567;1;-0,373555177;0,153552488;-0,252889646;1;-0,086988665;0,27123787;-0,565056674;1;;;;;;;;;;;;;
429;-0,564980414;0,152518187;-0,435019586;0;-0,639976848;0,157813277;0,279953695;1;-0,48816599;0,262586529;1,44082995;1;;;;;;;;;;;;;
430;-1,324249262;0,183894625;0,324249262;1;-0,355270007;0,17011188;-0,289459986;1;0,017020252;0,291382275;-1,085101259;1;;;;;;;;;;;;;
431;-0,883459112;0,176854635;-0,116540888;1;-0,370243051;0,17108806;-0,259513898;1;-0,166071457;0,291877899;-0,169642717;1;;;;;;;;;;;;;
432;-0,813659595;0,129409199;-0,186340405;1;-0,52470676;0,145506343;0,04941352;1;-0,698973286;0,2321136;2,494866428;0;;;;;;;;;;;;;
433;-0,86596094;0,152685757;-0,13403906;1;-0,501906616;0,157027976;0,003813232;1;-0,501291349;0,265512119;1,506456747;1;;;;;;;;;;;;;
434;-0,769882395;0,147400154;-0,230117605;1;-0,745851445;0,158054972;0,491702889;1;-0,339049897;0,248659829;0,695249484;1;;;;;;;;;;;;;
435;-1,055131231;0,192888019;0,055131231;1;-0,422027346;0,169424838;-0,155945308;1;0,011693341;0,288709074;-1,058466705;1;;;;;;;;;;;;;
436;-0,902943367;0,166331456;-0,097056633;1;-0,53813234;0,160575083;0,076264681;1;-0,205501709;0,2683901;0,027508547;1;;;;;;;;;;;;;
437;-1,309604377;0,190813928;0,309604377;1;-0,547381691;0,180692447;0,094763383;1;-0,154869791;0,314696036;-0,225651047;1;;;;;;;;;;;;;
438;-1,136357425;0,166753023;0,136357425;1;-0,455857187;0,162150203;-0,088285626;1;-0,07575517;0,266285469;-0,621224151;1;;;;;;;;;;;;;
439;-1,030711769;0,170949349;0,030711769;1;-0,433814443;0,166360674;-0,132371115;1;-0,499955655;0,290292124;1,499778277;1;;;;;;;;;;;;;
440;-0,678540625;0,121318678;-0,321459375;0;-0,516817889;0,135883823;0,033635779;1;-0,563247812;0,225895624;1,816239059;1;;;;;;;;;;;;;
441;-0,78449555;0,130116956;-0,21550445;1;-0,682550947;0,1476719;0,365101895;1;-0,296501407;0,236371655;0,482507037;1;;;;;;;;;;;;;
442;-0,948462515;0,168606951;-0,051537485;1;-0,531887205;0,154889372;0,06377441;1;-0,185256136;0,259884118;-0,07371932;1;;;;;;;;;;;;;
443;-1,07227733;0,148628778;0,07227733;1;-0,522838336;0,154123179;0,045676672;1;-0,150695442;0,249863546;-0,24652279;1;;;;;;;;;;;;;
444;-0,81890154;0,13138783;-0,18109846;1;-0,452420814;0,137089595;-0,095158373;1;-0,322894514;0,231454499;0,61447257;1;;;;;;;;;;;;;
445;-1,258781672;0,171112207;0,258781672;1;-0,570799311;0,161074794;0,141598622;1;0,379355838;0,27425076;-2,896779192;0;;;;;;;;;;;;;
446;-0,932958121;0,150844423;-0,067041879;1;-0,398389741;0,146079124;-0,203220518;1;-0,607416229;0,256263511;2,037081144;1;;;;;;;;;;;;;
447;-0,925670545;0,149668226;-0,074329455;1;-0,662667495;0,162042006;0,325334989;1;-0,178922957;0,257884928;-0,105385217;1;;;;;;;;;;;;;
448;-0,979943932;0,183517044;-0,020056068;1;-0,503487323;0,169340463;0,006974647;1;-0,345063247;0,283491585;0,725316236;1;;;;;;;;;;;;;
449;-0,905962584;0,149934058;-0,094037416;1;-0,473914472;0,150230248;-0,052171056;1;-0,432820291;0,252738003;1,164101456;1;;;;;;;;;;;;;
450;-1,02565232;0,140363832;0,02565232;1;-0,489191372;0,145150343;-0,021617256;1;-0,190345919;0,233858897;-0,048270404;1;;;;;;;;;;;;;
451;-1,205951359;0,165694497;0,205951359;1;-0,564035597;0,15573133;0,128071193;1;0,433833118;0,270738133;-3,169165592;0;;;;;;;;;;;;;
452;-0,902973093;0,15985651;-0,097026907;1;-0,792451099;0,174227696;0,584902199;1;-0,430469058;0,278102554;1,152345291;1;;;;;;;;;;;;;
453;-1,177642698;0,176523422;0,177642698;1;-0,381478984;0,159072043;-0,237042033;1;0,154306301;0,255923132;-1,771531504;1;;;;;;;;;;;;;
454;-1,068345835;0,154854816;0,068345835;1;-0,514523866;0,150076481;0,029047732;1;0,211595449;0,245366692;-2,057977244;1;;;;;;;;;;;;;
455;-1,278046644;0,1846802;0,278046644;1;-0,528159866;0,170200826;0,056319732;1;0,308523425;0,286248375;-2,542617127;1;;;;;;;;;;;;;
456;-1,189147127;0,164532179;0,189147127;1;-0,500510116;0,155067413;0,001020232;1;0,192891192;0,257696359;-1,964455959;1;;;;;;;;;;;;;
457;-1,110366244;0,173206759;0,110366244;1;-0,317061263;0,165674406;-0,365877473;1;-0,223480012;0,276528853;0,117400062;1;;;;;;;;;;;;;
458;-0,735073208;0,157742164;-0,264926792;1;-0,504248923;0,151741922;0,008497847;1;-0,568264915;0,261155198;1,841324576;1;;;;;;;;;;;;;
459;-1,098398525;0,165005303;0,098398525;1;-0,597288881;0,173778974;0,194577762;1;-0,490418634;0,281721346;1,452093169;1;;;;;;;;;;;;;
460;-0,940941225;0,153770781;-0,059058775;1;-0,646085311;0,160998559;0,292170623;1;-0,497525755;0,267807501;1,487628774;1;;;;;;;;;;;;;
461;-0,926419166;0,149082736;-0,073580834;1;-0,374079012;0,142417821;-0,251841977;1;-0,243152405;0,24038463;0,215762027;1;;;;;;;;;;;;;
462;-1,030463391;0,165293094;0,030463391;1;-0,08896473;0,145698475;-0,822070539;0;-0,318595681;0,257931371;0,592978404;1;;;;;;;;;;;;;
463;-1,24530833;0,166348154;0,24530833;1;-0,3304816;0,164672465;-0,339036799;1;-0,043222209;0,27431396;-0,783888953;1;;;;;;;;;;;;;
464;-0,783684018;0,148982721;-0,216315982;1;-0,567829242;0,140625513;0,135658485;1;-0,232921463;0,240230233;0,164607317;1;;;;;;;;;;;;;
465;-1,000320004;0,158053106;0,000320004;1;-0,212419888;0,150648474;-0,575160225;1;-0,285218541;0,251492376;0,426092706;1;;;;;;;;;;;;;
466;-1,283378379;0,180904612;0,283378379;1;-0,457505809;0,155079534;-0,084988381;1;0,376086442;0,269666887;-2,880432211;0;;;;;;;;;;;;;
467;-0,866618719;0,127625768;-0,133381281;1;-0,649680133;0,140579197;0,299360266;1;-0,289617489;0,219881028;0,448087443;1;;;;;;;;;;;;;
468;-0,938867238;0,141693247;-0,061132762;1;-0,341498717;0,135182825;-0,317002566;1;-0,00600405;0,226620947;-0,969979751;1;;;;;;;;;;;;;
469;-0,928123579;0,156114039;-0,071876421;1;-0,4483473;0,155385301;-0,1033054;1;-0,455257475;0,262009834;1,276287373;1;;;;;;;;;;;;;
470;-0,796645196;0,187689284;-0,203354804;1;-0,649991909;0,174915632;0,299983817;1;-0,430184996;0,293055107;1,150924979;1;;;;;;;;;;;;;
471;-0,978541532;0,180728721;-0,021458468;1;-0,395744966;0,171894859;-0,208510067;1;-0,303866141;0,29958323;0,519330704;1;;;;;;;;;;;;;
472;-0,918056307;0,138923271;-0,081943693;1;-1,035392837;0,166750919;1,070785674;0;0,005429378;0,240339767;-1,027146892;1;;;;;;;;;;;;;
473;-0,907491127;0,158753389;-0,092508873;1;-0,297974653;0,151935779;-0,404050695;1;-0,443511778;0,253726182;1,217558888;1;;;;;;;;;;;;;
474;-0,878209662;0,151308999;-0,121790338;1;-0,591421336;0,150393538;0,182842673;1;-0,215897999;0,24020101;0,079489993;1;;;;;;;;;;;;;
475;-0,925213953;0,155175416;-0,074786047;1;-0,804605624;0,166250501;0,609211249;1;-0,250517953;0,260863088;0,252589763;1;;;;;;;;;;;;;
476;-0,953153716;0,1781026;-0,046846284;1;-0,621106642;0,167874533;0,242213284;1;-0,019243991;0,282500998;-0,903780045;1;;;;;;;;;;;;;
477;-1,012748029;0,141698058;0,012748029;1;-0,565902299;0,15305142;0,131804598;1;-0,249344032;0,237989313;0,246720159;1;;;;;;;;;;;;;
478;-0,96091956;0,174070703;-0,03908044;1;-0,444531705;0,164596742;-0,11093659;1;-0,197340269;0,269723573;-0,013298653;1;;;;;;;;;;;;;
479;-1,173594573;0,170731757;0,173594573;1;-0,722001258;0,170971225;0,444002515;1;0,21834239;0,274762788;-2,091711952;1;;;;;;;;;;;;;
480;-1,00779547;0,155622353;0,00779547;1;-0,19618171;0,13997325;-0,60763658;0;-0,1253676;0,24819585;-0,373162;1;;;;;;;;;;;;;
481;-0,942608985;0,173120469;-0,057391015;1;-0,357971008;0,161884086;-0,284057984;1;-0,369030069;0,283545462;0,845150343;1;;;;;;;;;;;;;
482;-0,968450772;0,155343878;-0,031549228;1;-0,446724346;0,160875381;-0,106551308;1;-0,169894334;0,256171746;-0,150528328;1;;;;;;;;;;;;;
483;-1,117917572;0,166677734;0,117917572;1;-0,700996567;0,172325976;0,401993135;1;-0,070766047;0,271288953;-0,646169765;1;;;;;;;;;;;;;
484;-0,81734303;0,144819087;-0,18265697;1;-0,637224499;0,151301207;0,274448999;1;-0,516229816;0,24929011;1,581149078;1;;;;;;;;;;;;;
485;-0,79488641;0,144663803;-0,20511359;1;-0,552846392;0,1463387;0,105692784;1;-0,420437635;0,249673453;1,102188175;1;;;;;;;;;;;;;
486;-1,10754302;0,163143237;0,10754302;1;-0,339788445;0,157521983;-0,32042311;1;-0,230745694;0,274440004;0,153728471;1;;;;;;;;;;;;;
487;-0,749195749;0,165170605;-0,250804251;1;-0,846171361;0,168966384;0,692342722;0;-0,332558772;0,264689317;0,662793861;1;;;;;;;;;;;;;
488;-1,084751613;0,162887112;0,084751613;1;-0,657782438;0,155235636;0,315564876;1;0,191404679;0,253105279;-1,957023395;1;;;;;;;;;;;;;
489;-1,021053146;0,15048649;0,021053146;1;-0,548447749;0,155230002;0,096895497;1;-0,234832007;0,252686877;0,174160037;1;;;;;;;;;;;;;
490;-0,819532194;0,14254028;-0,180467806;1;-0,52687407;0,156582577;0,053748139;1;-0,721796947;0,264833266;2,608984734;0;;;;;;;;;;;;;
491;-0,777194001;0,156209503;-0,222805999;1;-0,406771283;0,152944743;-0,186457433;1;-0,460806251;0,258438335;1,304031254;1;;;;;;;;;;;;;
492;-0,748024417;0,164633164;-0,251975583;1;-0,791083218;0,174242505;0,582166436;1;-0,486497534;0,271580228;1,432487669;1;;;;;;;;;;;;;
493;-1,252020033;0,167920652;0,252020033;1;-0,713138148;0,163769526;0,426276295;1;0,148599165;0,260417323;-1,742995826;1;;;;;;;;;;;;;
494;-0,849560131;0,144500703;-0,150439869;1;-0,81480178;0,1501499;0,62960356;0;-0,20490091;0,228957707;0,024504549;1;;;;;;;;;;;;;
495;-1,006663471;0,185590256;0,006663471;1;-0,498199558;0,166750807;-0,003600884;1;-0,097520785;0,292338023;-0,512396073;1;;;;;;;;;;;;;
496;-1,007288041;0,159306836;0,007288041;1;-0,337456074;0,15189571;-0,325087851;1;-0,331687293;0,251895401;0,658436465;1;;;;;;;;;;;;;
497;-1,041167208;0,14314349;0,041167208;1;-0,5159275;0,149028862;0,031855001;1;0,001661993;0,243510837;-1,008309964;1;;;;;;;;;;;;;
498;-1,071663496;0,14397098;0,071663496;1;-0,568356502;0,146532062;0,136713003;1;0,162555463;0,228124412;-1,812777316;1;;;;;;;;;;;;;
499;-0,996890975;0,169109673;-0,003109025;1;-0,591099327;0,163605048;0,182198654;1;-0,215426775;0,280607849;0,077133873;1;;;;;;;;;;;;;
500;-0,80746211;0,166948835;-0,19253789;1;-0,871905422;0,176555543;0,743810845;0;-0,227292456;0,267754571;0,136462281;1;;;;;;;;;;;;;
501;-1,317046671;0,198235471;0,317046671;1;-0,312752907;0,174141131;-0,374494186;1;0,257153862;0,301770936;-2,285769312;1;;;;;;;;;;;;;
502;-1,162186409;0,180617449;0,162186409;1;-0,262823243;0,165668824;-0,474353513;1;-0,288321923;0,287023428;0,441609616;1;;;;;;;;;;;;;
503;-0,926079508;0,148415034;-0,073920492;1;-0,37043227;0,135396872;-0,25913546;1;-0,324970538;0,242675926;0,62485269;1;;;;;;;;;;;;;
504;-0,996993663;0,153581238;-0,003006337;1;-0,53343698;0,149471973;0,066873961;1;-0,090477667;0,239836372;-0,547611666;1;;;;;;;;;;;;;
505;-1,157868439;0,171445067;0,157868439;1;-0,301624151;0,151525201;-0,396751698;1;-0,038411394;0,260502826;-0,807943032;1;;;;;;;;;;;;;
506;-0,871875585;0,139400118;-0,128124415;1;-0,618123198;0,148323592;0,236246397;1;-0,307968246;0,241429524;0,539841228;1;;;;;;;;;;;;;
507;-0,930997569;0,162343888;-0,069002431;1;-0,653869173;0,164078533;0,307738346;1;-0,199969859;0,272709214;-0,000150707;1;;;;;;;;;;;;;
508;-1,051214694;0,139099699;0,051214694;1;-0,594900486;0,150292752;0,189800972;1;-0,118690778;0,226408396;-0,406546108;1;;;;;;;;;;;;;
509;-1,061256113;0,143207372;0,061256113;1;-0,456137052;0,140282064;-0,087725896;1;-0,025099016;0,229217041;-0,874504918;1;;;;;;;;;;;;;
510;-0,76918698;0,156620013;-0,23081302;1;-0,545080429;0,156055585;0,090160858;1;-0,282834631;0,255565629;0,414173157;1;;;;;;;;;;;;;
511;-1,128478437;0,170935944;0,128478437;1;-0,499213558;0,17515588;-0,001572885;1;-0,245401932;0,288316403;0,227009659;1;;;;;;;;;;;;;
512;-1,061646069;0,173267517;0,061646069;1;-0,481906505;0,17803506;-0,03618699;1;-0,165382259;0,289466195;-0,173088706;1;;;;;;;;;;;;;
513;-0,884111286;0,150025992;-0,115888714;1;-0,642862547;0,160554695;0,285725095;1;-0,590695681;0,272983691;1,953478404;1;;;;;;;;;;;;;
514;-1,529145964;0,182879601;0,529145964;0;-0,545582293;0,171777239;0,091164585;1;0,580636753;0,283435305;-3,903183764;0;;;;;;;;;;;;;
515;-0,939591169;0,186861006;-0,060408831;1;-0,570673901;0,174334502;0,141347802;1;-0,197787725;0,296227744;-0,011061375;1;;;;;;;;;;;;;
516;-0,935802558;0,156912481;-0,064197442;1;-0,500642472;0,157923775;0,001284943;1;-0,196633952;0,272126488;-0,016830239;1;;;;;;;;;;;;;
517;-1,016101877;0,17120673;0,016101877;1;-0,695368856;0,180863751;0,390737712;1;-0,131587364;0,291002703;-0,342063181;1;;;;;;;;;;;;;
518;-0,9048354;0,158639586;-0,0951646;1;-0,666090804;0,155531808;0,332181609;1;-0,015191985;0,247455109;-0,924040075;1;;;;;;;;;;;;;
519;-0,964458153;0,178781579;-0,035541847;1;-0,43224707;0,179678966;-0,13550586;1;-0,638499121;0,311813259;2,192495605;1;;;;;;;;;;;;;
520;-1,020364568;0,150804843;0,020364568;1;-0,489161937;0,150281765;-0,021676126;1;-0,092602952;0,257708277;-0,53698524;1;;;;;;;;;;;;;
521;-1,016277424;0,165090172;0,016277424;1;-0,430201608;0,15980493;-0,139596784;1;-0,163233442;0,263439351;-0,183832791;1;;;;;;;;;;;;;
522;-1,079942953;0,183217333;0,079942953;1;-0,295891767;0,159676203;-0,408216466;1;-0,173635425;0,281642294;-0,131822875;1;;;;;;;;;;;;;
523;-1,18937865;0,171308487;0,18937865;1;-0,242430561;0,157508024;-0,515138877;1;-0,177111406;0,265758335;-0,114442972;1;;;;;;;;;;;;;
524;-0,916682786;0,15650726;-0,083317214;1;-0,755726128;0,164142713;0,511452256;1;-0,354254081;0,25899574;0,771270403;1;;;;;;;;;;;;;
525;-0,864307456;0,152096477;-0,135692544;1;-0,603778809;0,161508667;0,207557618;1;-0,252166295;0,263736332;0,260831473;1;;;;;;;;;;;;;
526;-0,943930837;0,175237263;-0,056069163;1;-0,774555227;0,184127035;0,549110454;1;-0,517777726;0,297601341;1,588888629;1;;;;;;;;;;;;;
527;-1,136212866;0,15873817;0,136212866;1;-0,768378324;0,160201385;0,536756649;1;0,197483042;0,245369719;-1,987415212;1;;;;;;;;;;;;;
528;-1,062938316;0,163725963;0,062938316;1;-0,677046297;0,161325891;0,354092594;1;-0,057141745;0,267565634;-0,714291277;1;;;;;;;;;;;;;
529;-1,180909683;0,155513717;0,180909683;1;-0,351867809;0,156380606;-0,296264381;1;-0,183721621;0,257084773;-0,081391893;1;;;;;;;;;;;;;
530;-1,031440096;0,161127499;0,031440096;1;-0,312058999;0,149677799;-0,375882003;1;0,087921625;0,251658315;-1,439608123;1;;;;;;;;;;;;;
531;-0,908577334;0,157234619;-0,091422666;1;-0,307269904;0,153638907;-0,385460191;1;-0,737237259;0,26900737;2,686186295;0;;;;;;;;;;;;;
532;-0,809479692;0,164041464;-0,190520308;1;-0,597326579;0,1635795;0,194653158;1;-0,414825862;0,271666964;1,07412931;1;;;;;;;;;;;;;
533;-1,155468053;0,15481954;0,155468053;1;-0,616882031;0,152677109;0,233764061;1;0,005919988;0,252935735;-1,029599939;1;;;;;;;;;;;;;
534;-1,103106852;0,18894459;0,103106852;1;-0,643056805;0,187169865;0,286113609;1;-0,142344108;0,316440652;-0,28827946;1;;;;;;;;;;;;;
535;-0,991683222;0,163022599;-0,008316778;1;-0,773825138;0,177678091;0,547650277;1;-0,16276096;0,279712788;-0,1861952;1;;;;;;;;;;;;;
536;-0,836957633;0,149372656;-0,163042367;1;-0,506531088;0,153841176;0,013062177;1;-0,529225861;0,263248917;1,646129305;1;;;;;;;;;;;;;
537;-1,456786691;0,223895682;0,456786691;0;-0,324186521;0,192467969;-0,351626959;1;0,316559352;0,328826261;-2,582796759;1;;;;;;;;;;;;;
538;-1,286074348;0,181006442;0,286074348;1;-0,450858508;0,161586747;-0,098282984;1;0,189959334;0,274889117;-1,94979667;1;;;;;;;;;;;;;
539;-0,858936121;0,138919332;-0,141063879;1;-0,516640079;0,141969668;0,033280159;1;-0,257913687;0,230708595;0,289568433;1;;;;;;;;;;;;;
540;-1,281791324;0,180596877;0,281791324;1;-0,560497866;0,167577927;0,120995733;1;0,247377777;0,276873399;-2,236888883;1;;;;;;;;;;;;;
541;-0,674274199;0,175997976;-0,325725801;1;-0,657648701;0,165216974;0,315297403;1;-0,505353626;0,284852625;1,526768132;1;;;;;;;;;;;;;
542;-0,874750913;0,147849561;-0,125249087;1;-0,463768834;0,149089689;-0,072462332;1;-0,552928838;0,258275564;1,76464419;1;;;;;;;;;;;;;
543;-0,98918281;0,164904435;-0,01081719;1;-0,740087293;0,173418186;0,480174585;1;-0,221068818;0,268050877;0,105344089;1;;;;;;;;;;;;;
544;-1,271677189;0,161402782;0,271677189;1;-0,39666919;0,141589453;-0,20666162;1;0,353903119;0,24418407;-2,769515593;0;;;;;;;;;;;;;
545;-0,747596414;0,166887835;-0,252403586;1;-0,657565315;0,176096932;0,31513063;1;-0,613982883;0,281519939;2,069914417;1;;;;;;;;;;;;;
546;-0,962393041;0,136844126;-0,037606959;1;-0,596201918;0,152853137;0,192403836;1;-0,272534555;0,249464436;0,362672776;1;;;;;;;;;;;;;
547;-1,20387444;0,172515986;0,20387444;1;-0,284350341;0,15422593;-0,431299317;1;0,275978196;0,264957399;-2,379890981;1;;;;;;;;;;;;;
548;-0,913074121;0,138002861;-0,086925879;1;-0,495730145;0,136277135;-0,00853971;1;-0,155122313;0,221538195;-0,224388434;1;;;;;;;;;;;;;
549;-1,025129197;0,138942664;0,025129197;1;-0,523580752;0,146600353;0,047161504;1;0,027728193;0,225898218;-1,138640964;1;;;;;;;;;;;;;
550;-1,176485298;0,168697707;0,176485298;1;-0,415787846;0,159309724;-0,168424308;1;0,193216351;0,261930895;-1,966081757;1;;;;;;;;;;;;;
551;-1,12233627;0,163375789;0,12233627;1;-0,438535619;0,143968368;-0,122928761;1;0,187246913;0,241241077;-1,936234567;1;;;;;;;;;;;;;
552;-0,801215032;0,164004033;-0,198784968;1;-0,394189127;0,152145627;-0,211621746;1;-0,581889079;0,285921067;1,909445393;1;;;;;;;;;;;;;
553;-0,893263396;0,146904395;-0,106736604;1;-0,207229966;0,142567034;-0,585540068;0;-0,73206583;0,265100004;2,660329151;0;;;;;;;;;;;;;
554;-0,732039796;0,140263957;-0,267960204;1;-0,731530435;0,148938236;0,463060871;1;-0,436893947;0,249455854;1,184469735;1;;;;;;;;;;;;;
555;-1,039953089;0,154880083;0,039953089;1;-0,326199169;0,150606827;-0,347601661;1;-0,295606835;0,255435649;0,478034176;1;;;;;;;;;;;;;
556;-0,808987708;0,123348508;-0,191012292;1;-0,514373926;0,13451831;0,028747851;1;-0,257181964;0,217182481;0,285909821;1;;;;;;;;;;;;;
557;-0,81532057;0,146568647;-0,18467943;1;-0,653773476;0,150472056;0,307546952;1;-0,277863479;0,23827089;0,389317396;1;;;;;;;;;;;;;
558;-1,350876164;0,175062829;0,350876164;0;-0,536569743;0,160005982;0,073139487;1;0,243626321;0,255903768;-2,218131604;1;;;;;;;;;;;;;
559;-1,248374208;0,164521022;0,248374208;1;-0,689670144;0,160842917;0,379340288;1;0,283785145;0,249871338;-2,418925726;1;;;;;;;;;;;;;
560;-1,291051924;0,178387153;0,291051924;1;-0,110732421;0,155484406;-0,778535158;0;-0,111565726;0,261245866;-0,442171368;1;;;;;;;;;;;;;
561;-1,067369091;0,174753764;0,067369091;1;-0,476424856;0,169810181;-0,047150288;1;-0,164007332;0,275076964;-0,17996334;1;;;;;;;;;;;;;
562;-1,203033678;0,163350372;0,203033678;1;-0,468655813;0,155981374;-0,062688373;1;0,26510785;0,262899466;-2,32553925;1;;;;;;;;;;;;;
563;-1,149062009;0,160183845;0,149062009;1;-0,486100353;0,153454527;-0,027799294;1;0,069674144;0,257558826;-1,348370718;1;;;;;;;;;;;;;
564;-1,151714271;0,176188917;0,151714271;1;-0,467783023;0,157909212;-0,064433954;1;0,256845935;0,266665097;-2,284229675;1;;;;;;;;;;;;;
565;-1,309963235;0,170524722;0,309963235;1;-0,29764476;0,15343775;-0,404710481;1;0,159998455;0,262315484;-1,799992274;1;;;;;;;;;;;;;
566;-0,921500066;0,135781848;-0,078499934;1;-0,609894494;0,146086761;0,219788989;1;-0,382428891;0,236107759;0,912144457;1;;;;;;;;;;;;;
567;-1,053477125;0,189164718;0,053477125;1;-0,248714528;0,161081117;-0,502570943;1;-0,235532077;0,285782145;0,177660385;1;;;;;;;;;;;;;
568;-1,152159446;0,158231108;0,152159446;1;-0,680522457;0,158673675;0,361044913;1;0,187873117;0,254223975;-1,939365587;1;;;;;;;;;;;;;
569;-0,998355759;0,184208345;-0,001644241;1;-0,485493278;0,17464195;-0,029013444;1;-0,325452929;0,310317978;0,627264645;1;;;;;;;;;;;;;
570;-0,850881492;0,14458147;-0,149118508;1;-0,672627453;0,157557012;0,345254905;1;-0,380548668;0,24720541;0,902743339;1;;;;;;;;;;;;;
571;-0,713435697;0,148596014;-0,286564303;1;-0,479518482;0,157668556;-0,040963035;1;-0,610356728;0,26598816;2,051783642;1;;;;;;;;;;;;;
572;-0,979548507;0,145007279;-0,020451493;1;-0,513984075;0,146852696;0,02796815;1;-0,101701074;0,236599635;-0,491494631;1;;;;;;;;;;;;;
573;-1,145650301;0,174570706;0,145650301;1;-0,57816802;0,170070643;0,15633604;1;-0,244876608;0,281148247;0,224383042;1;;;;;;;;;;;;;
574;-1,240694713;0,17429081;0,240694713;1;-0,38969413;0,154063867;-0,22061174;1;0,472383246;0,264586521;-3,361916228;0;;;;;;;;;;;;;
575;-0,771403458;0,152502952;-0,228596542;1;-0,547950767;0,154668308;0,095901534;1;-0,5276966;0,257344993;1,638482999;1;;;;;;;;;;;;;
576;-1,230728501;0,178697761;0,230728501;1;-0,046430695;0,160142433;-0,907138609;0;-0,26203239;0,284261012;0,310161948;1;;;;;;;;;;;;;
577;-1,117118113;0,147321235;0,117118113;1;-0,338488453;0,141596044;-0,323023093;1;-0,014353915;0,239881179;-0,928230427;1;;;;;;;;;;;;;
578;-0,93674792;0,163307877;-0,06325208;1;-0,466507328;0,15905854;-0,066985345;1;-0,330151514;0,265521018;0,650757569;1;;;;;;;;;;;;;
579;-0,62054275;0,165521442;-0,37945725;0;-0,310553926;0,154425568;-0,378892148;1;-0,780652841;0,268547138;2,903264203;0;;;;;;;;;;;;;
580;-0,755604189;0,134163286;-0,244395811;1;-0,590764932;0,141986151;0,181529864;1;-0,374265084;0,235548161;0,871325419;1;;;;;;;;;;;;;
581;-1,060236695;0,170536423;0,060236695;1;-0,772120216;0,17090775;0,544240432;1;-0,031293531;0,281745858;-0,843532345;1;;;;;;;;;;;;;
582;-1,003605151;0,147300214;0,003605151;1;-0,394346625;0,142281931;-0,21130675;1;-0,139235076;0,236586548;-0,303824622;1;;;;;;;;;;;;;
583;-0,754730571;0,137551766;-0,245269429;1;-0,426828693;0,140254963;-0,146342615;1;-0,679223333;0,236402742;2,396116664;0;;;;;;;;;;;;;
584;-1,202823744;0,169325944;0,202823744;1;-0,441448125;0,15797991;-0,11710375;1;0,050732814;0,272105856;-1,253664068;1;;;;;;;;;;;;;
585;-0,879705302;0,173247416;-0,120294698;1;-0,32273636;0,157194025;-0,354527281;1;-0,555201883;0,283140416;1,776009415;1;;;;;;;;;;;;;
586;-0,791617024;0,153114168;-0,208382976;1;-0,623288862;0,148221178;0,246577725;1;-0,191876466;0,239295739;-0,040617672;1;;;;;;;;;;;;;
587;-0,912561615;0,170170503;-0,087438385;1;-0,526022399;0,162285325;0,052044799;1;-0,353371802;0,272337462;0,76685901;1;;;;;;;;;;;;;
588;-1,024862645;0,177237283;0,024862645;1;-0,657830894;0,179201984;0,315661788;1;-0,061219342;0,285891238;-0,693903291;1;;;;;;;;;;;;;
589;-1,321488071;0,155345526;0,321488071;0;-0,526852859;0,15123035;0,053705717;1;0,226342465;0,254851648;-2,131712324;1;;;;;;;;;;;;;
590;-0,801588628;0,139829603;-0,198411372;1;-0,580728118;0,147717412;0,161456236;1;-0,304350151;0,235562714;0,521750757;1;;;;;;;;;;;;;
591;-1,045511095;0,149409452;0,045511095;1;-0,363782009;0,147902649;-0,272435983;1;-0,287680756;0,249723749;0,438403782;1;;;;;;;;;;;;;
592;-1,056422584;0,167561871;0,056422584;1;-0,462690736;0,162311879;-0,074618529;1;-0,131333138;0,26823752;-0,343334309;1;;;;;;;;;;;;;
593;-0,829065331;0,137437426;-0,170934669;1;-0,66377438;0,154076103;0,32754876;1;-0,454316465;0,243721042;1,271582327;1;;;;;;;;;;;;;
594;-0,882381402;0,131535335;-0,117618598;1;-0,716981079;0,14489764;0,433962158;1;-0,142640152;0,223046375;-0,28679924;1;;;;;;;;;;;;;
595;-1,000478428;0,159711349;0,000478428;1;-0,599720958;0,162674376;0,199441916;1;-0,172948481;0,260114845;-0,135257596;1;;;;;;;;;;;;;
596;-0,712970196;0,15386579;-0,287029804;1;-0,622704297;0,160430825;0,245408594;1;-0,741854954;0,270554079;2,709274772;0;;;;;;;;;;;;;
597;-0,847648645;0,146930474;-0,152351355;1;-0,456867892;0,149436623;-0,086264215;1;-0,34272909;0,251468531;0,71364545;1;;;;;;;;;;;;;
598;-1,072500132;0,185919123;0,072500132;1;-0,54668547;0,166427867;0,09337094;1;-0,030542314;0,281733635;-0,84728843;1;;;;;;;;;;;;;
599;-0,980744977;0,171515044;-0,019255023;1;-0,629254715;0,167275015;0,25850943;1;-0,375125067;0,284999098;0,875625334;1;;;;;;;;;;;;;
600;-1,043935002;0,166222297;0,043935002;1;-0,788308328;0,170401574;0,576616655;1;-0,176677533;0,268441149;-0,116612337;1;;;;;;;;;;;;;
601;-0,92612447;0,137118631;-0,07387553;1;-0,450026764;0,14476157;-0,099946472;1;-0,416026211;0,240278721;1,080131054;1;;;;;;;;;;;;;
602;-0,988840634;0,150166234;-0,011159366;1;-0,643920408;0,160020112;0,287840817;1;-0,236221586;0,253773905;0,18110793;1;;;;;;;;;;;;;
603;-1,162371666;0,181831707;0,162371666;1;-0,275128051;0,170316149;-0,449743899;1;-0,196121382;0,29570859;-0,019393092;1;;;;;;;;;;;;;
604;-1,11251706;0,157146463;0,11251706;1;-0,399385325;0,143839119;-0,201229349;1;0,01769832;0,249736533;-1,088491598;1;;;;;;;;;;;;;
605;-0,992082382;0,152641985;-0,007917618;1;-0,752713067;0,160096376;0,505426133;1;0,153564306;0,240941672;-1,767821532;1;;;;;;;;;;;;;
606;-0,832820946;0,135842482;-0,167179054;1;-0,49815712;0,143002238;-0,003685759;1;-0,281536157;0,233608367;0,407680784;1;;;;;;;;;;;;;
607;-1,086254175;0,168134639;0,086254175;1;-0,211167102;0,15387992;-0,577665796;1;-0,266993755;0,268795053;0,334968775;1;;;;;;;;;;;;;
608;-1,112112868;0,178353385;0,112112868;1;-0,512177295;0,165399045;0,02435459;1;0,065183081;0,278251663;-1,325915404;1;;;;;;;;;;;;;
609;-1,144632756;0,168182028;0,144632756;1;-0,515114402;0,161447596;0,030228804;1;-0,104360517;0,269294574;-0,478197416;1;;;;;;;;;;;;;
610;-1,21245094;0,20376298;0,21245094;1;-0,463503896;0,177464342;-0,072992208;1;-0,123492338;0,312475121;-0,382538309;1;;;;;;;;;;;;;
611;-1,160176363;0,155218246;0,160176363;1;-0,488660753;0,140329401;-0,022678494;1;0,326694937;0,23237668;-2,633474687;0;;;;;;;;;;;;;
612;-1,003134346;0,156927149;0,003134346;1;-0,594219647;0,154211353;0,188439294;1;-0,01223088;0,271342683;-0,938845602;1;;;;;;;;;;;;;
613;-0,671832965;0,147410408;-0,328167035;0;-0,6378409;0,147322572;0,2756818;1;-0,503621665;0,260024649;1,518108326;1;;;;;;;;;;;;;
614;-0,792099224;0,155032254;-0,207900776;1;-0,728994102;0,166588751;0,457988204;1;-0,396916104;0,260159868;0,984580522;1;;;;;;;;;;;;;
615;-0,894589754;0,144525962;-0,105410246;1;-0,801191938;0,156417245;0,602383876;1;-0,057798493;0,237122275;-0,711007534;1;;;;;;;;;;;;;
616;-0,938209685;0,136476554;-0,061790315;1;-0,258101413;0,137150958;-0,483797174;1;-0,334415354;0,235160106;0,67207677;1;;;;;;;;;;;;;
617;-1,187216567;0,168798958;0,187216567;1;-0,311006643;0,154937252;-0,377986715;1;-0,039918916;0,263608714;-0,800405421;1;;;;;;;;;;;;;
618;-1,273032508;0,169322049;0,273032508;1;-0,475059235;0,151374975;-0,04988153;1;0,408410942;0,262182049;-3,042054708;0;;;;;;;;;;;;;
619;-0,924329071;0,164752204;-0,075670929;1;-0,47579741;0,156654349;-0,048405179;1;0,083518747;0,261172266;-1,417593735;1;;;;;;;;;;;;;
620;-1,309031373;0,193883233;0,309031373;1;-0,514466503;0,17134745;0,028933006;1;0,204930295;0,281914692;-2,024651473;1;;;;;;;;;;;;;
621;-1,257816526;0,193883963;0,257816526;1;-0,552759987;0,192086872;0,105519975;1;-0,357905177;0,318394165;0,789525883;1;;;;;;;;;;;;;
622;-1,045283598;0,173815912;0,045283598;1;-0,582171588;0,168389857;0,164343177;1;-0,076036857;0,270962586;-0,619815714;1;;;;;;;;;;;;;
623;-0,946097144;0,173890078;-0,053902856;1;-0,725733393;0,175145757;0,451466785;1;-0,144842521;0,288696276;-0,275787396;1;;;;;;;;;;;;;
624;-1,164050661;0,182662037;0,164050661;1;-0,310416792;0,165484414;-0,379166415;1;0,127250054;0,293051939;-1,636250269;1;;;;;;;;;;;;;
625;-1,040536324;0,147267894;0,040536324;1;-0,6647939;0,155901651;0,3295878;1;-0,269905105;0,245047893;0,349525524;1;;;;;;;;;;;;;
626;-1,192405356;0,180016681;0,192405356;1;-0,475508655;0,163831079;-0,048982691;1;-0,020348062;0,291085753;-0,89825969;1;;;;;;;;;;;;;
627;-0,891693906;0,136212959;-0,108306094;1;-0,743426027;0,146632574;0,486852054;1;0,013715217;0,231708864;-1,068576084;1;;;;;;;;;;;;;
628;-0,800141396;0,164319808;-0,199858604;1;-0,435849768;0,167731637;-0,128300464;1;-0,635456726;0,283339169;2,177283628;1;;;;;;;;;;;;;
629;-1,007679197;0,201580191;0,007679197;1;-0,625197734;0,183160605;0,250395469;1;0,122841617;0,306695796;-1,614208086;1;;;;;;;;;;;;;
630;-1,029137346;0,154604294;0,029137346;1;-0,372737419;0,147564131;-0,254525162;1;-0,239056853;0,247059606;0,195284264;1;;;;;;;;;;;;;
631;-0,664382001;0,14367676;-0,335617999;0;-0,370106826;0,148325514;-0,259786348;1;-0,882159573;0,252178013;3,410797866;0;;;;;;;;;;;;;
632;-1,251427035;0,176325453;0,251427035;1;-0,250585747;0,148582742;-0,498828505;1;0,298170109;0,269029096;-2,490850543;1;;;;;;;;;;;;;
633;-0,99440235;0,161673181;-0,00559765;1;-0,343435777;0,154995762;-0,313128446;1;-0,089188444;0,257198961;-0,554057781;1;;;;;;;;;;;;;
634;-0,936425972;0,147694477;-0,063574028;1;-0,554977104;0,153419904;0,109954208;1;-0,308501453;0,255493134;0,542507267;1;;;;;;;;;;;;;
635;-1,064328239;0,167641987;0,064328239;1;-0,504663307;0,159794277;0,009326614;1;0,082602152;0,273449566;-1,413010758;1;;;;;;;;;;;;;
636;-0,83583876;0,170403838;-0,16416124;1;-0,634892858;0,168099267;0,269785717;1;-0,457678449;0,276332307;1,288392244;1;;;;;;;;;;;;;
637;-1,131135822;0,15707146;0,131135822;1;-0,426714501;0,152627248;-0,146570998;1;-0,270126802;0,258086204;0,350634008;1;;;;;;;;;;;;;
638;-1,030136679;0,164006734;0,030136679;1;-0,460521327;0,16009914;-0,078957347;1;-0,174626835;0,258797984;-0,126865825;1;;;;;;;;;;;;;
639;-1,006079388;0,190122698;0,006079388;1;-0,693060864;0,19255587;0,386121728;1;-0,098575371;0,309530433;-0,507123144;1;;;;;;;;;;;;;
640;-1,07925736;0,155586494;0,07925736;1;-0,61288598;0,157918569;0,22577196;1;-0,068414498;0,244550935;-0,657927508;1;;;;;;;;;;;;;
641;-0,742282133;0,149052741;-0,257717867;1;-0,610206793;0,154518883;0,220413586;1;-0,595979084;0,258154866;1,979895422;1;;;;;;;;;;;;;
642;-0,77976038;0,165058116;-0,22023962;1;-0,538829748;0,15991302;0,077659496;1;-0,580207012;0,28075665;1,901035062;1;;;;;;;;;;;;;
643;-1,067100339;0,157679074;0,067100339;1;-0,548243772;0,153444426;0,096487543;1;0,010287271;0,252662986;-1,051436354;1;;;;;;;;;;;;;
644;-1,072089712;0,151878376;0,072089712;1;-0,630831496;0,157591282;0,261662991;1;0,161408995;0,247409819;-1,807044975;1;;;;;;;;;;;;;
645;-0,949703773;0,138457025;-0,050296227;1;-0,564041343;0,140107215;0,128082686;1;-0,109651986;0,227522609;-0,451740071;1;;;;;;;;;;;;;
646;-1,397032782;0,186279576;0,397032782;0;-0,358824314;0,157812868;-0,282351373;1;0,32689825;0,26801393;-2,634491248;0;;;;;;;;;;;;;
647;-1,083695652;0,163456459;0,083695652;1;-0,62344342;0,167987829;0,246886841;1;-0,155755775;0,275111748;-0,221221125;1;;;;;;;;;;;;;
648;-1,229444513;0,164432822;0,229444513;1;-0,315145097;0,147599451;-0,369709806;1;0,044382201;0,253217124;-1,221911004;1;;;;;;;;;;;;;
649;-0,977379413;0,144866255;-0,022620587;1;-0,614251717;0,151701006;0,228503435;1;-0,030955356;0,249621844;-0,84522322;1;;;;;;;;;;;;;
650;-0,980081708;0,151759426;-0,019918292;1;-0,487889624;0,155565156;-0,024220752;1;0,019630342;0,259663386;-1,098151709;1;;;;;;;;;;;;;
651;-1,052263401;0,155786175;0,052263401;1;-0,645307414;0,14838263;0,290614828;1;0,281700152;0,247232169;-2,408500761;1;;;;;;;;;;;;;
652;-1,001765408;0,148368986;0,001765408;1;-0,579409142;0,151905737;0,158818284;1;-0,144014543;0,244138386;-0,279927285;1;;;;;;;;;;;;;
653;-1,089092858;0,152758299;0,089092858;1;-0,306133078;0,151383895;-0,387733844;1;-0,318116028;0,258239617;0,590580142;1;;;;;;;;;;;;;
654;-1,272315807;0,157603726;0,272315807;1;-0,398694804;0,142010904;-0,202610392;1;0,290151076;0,231311753;-2,450755381;0;;;;;;;;;;;;;
655;-1,2280026;0,168167263;0,2280026;1;-0,240765657;0,154527084;-0,518468687;1;-0,112055438;0,264597983;-0,43972281;1;;;;;;;;;;;;;
656;-1,197781471;0,171404542;0,197781471;1;-0,311870309;0,152171603;-0,376259382;1;0,068813239;0,268162446;-1,344066196;1;;;;;;;;;;;;;
657;-0,824894171;0,148536951;-0,175105829;1;-0,599705995;0,148768032;0,19941199;1;-0,386911636;0,241895468;0,93455818;1;;;;;;;;;;;;;
658;-0,897262259;0,174431077;-0,102737741;1;-0,510979097;0,172032805;0,021958193;1;-0,348373689;0,295232969;0,741868446;1;;;;;;;;;;;;;
659;-1,147629003;0,171598185;0,147629003;1;-0,613557527;0,156989166;0,227115054;1;0,189753769;0,266671513;-1,948768845;1;;;;;;;;;;;;;
660;-1,034072648;0,178178652;0,034072648;1;-0,254106158;0,15922646;-0,491787683;1;-0,055742822;0,279591744;-0,721285888;1;;;;;;;;;;;;;
661;-1,011068859;0,177184305;0,011068859;1;-0,611812459;0,158560441;0,223624919;1;0,223059129;0,25997494;-2,115295643;1;;;;;;;;;;;;;
662;-1,189433493;0,20271214;0,189433493;1;-0,517767604;0,176433346;0,035535207;1;0,248847871;0,309302709;-2,244239357;1;;;;;;;;;;;;;
663;-0,96038239;0,166310173;-0,03961761;1;-0,05738642;0,155076136;-0,88522716;0;-0,628738996;0,268449993;2,14369498;1;;;;;;;;;;;;;
664;-0,923472539;0,17242447;-0,076527461;1;-0,504696081;0,16542814;0,009392162;1;-0,401270467;0,278745973;1,006352333;1;;;;;;;;;;;;;
665;-0,93276797;0,167881844;-0,06723203;1;-0,212435803;0,149003381;-0,575128393;1;-0,408447784;0,268247225;1,04223892;1;;;;;;;;;;;;;
666;-1,202919257;0,176314587;0,202919257;1;-0,419040216;0,159673495;-0,161919568;1;0,467426676;0,272906498;-3,337133379;0;;;;;;;;;;;;;
667;-0,913946579;0,146022616;-0,086053421;1;-0,225261535;0,143961094;-0,54947693;1;-0,479502682;0,259100738;1,397513409;1;;;;;;;;;;;;;
668;-0,926341746;0,174059548;-0,073658254;1;-0,552232458;0,162725851;0,104464915;1;-0,277364029;0,278862949;0,386820143;1;;;;;;;;;;;;;
669;-1,115577857;0,157495819;0,115577857;1;-0,294063039;0,152255475;-0,411873922;1;0,054153815;0,250426829;-1,270769075;1;;;;;;;;;;;;;
670;-0,909520021;0,144889233;-0,090479979;1;-0,224327523;0,146591179;-0,551344955;1;-0,671386327;0,254896476;2,356931633;1;;;;;;;;;;;;;
671;-1,153509032;0,163689928;0,153509032;1;-0,463123189;0,153448596;-0,073753622;1;-0,063259334;0,260463036;-0,683703328;1;;;;;;;;;;;;;
672;-1,098340528;0,171308292;0,098340528;1;-0,46427805;0,174768866;-0,0714439;1;-0,305391747;0,284740886;0,526958735;1;;;;;;;;;;;;;
673;-1,116256773;0,161352997;0,116256773;1;-0,400534213;0,154883819;-0,198931574;1;-0,113487945;0,256977791;-0,432560274;1;;;;;;;;;;;;;
674;-1,186766664;0,163097801;0,186766664;1;-0,327731766;0,155158383;-0,344536468;1;0,015728613;0,259131364;-1,078643065;1;;;;;;;;;;;;;
675;-0,763632236;0,164521998;-0,236367764;1;-0,593400872;0,159905306;0,186801743;1;-0,36931811;0,274813416;0,846590548;1;;;;;;;;;;;;;
676;-1,082609915;0,171454604;0,082609915;1;-0,580654724;0,162841552;0,161309449;1;0,085363715;0,274556902;-1,426818574;1;;;;;;;;;;;;;
677;-0,719431682;0,13866648;-0,280568318;0;-0,638063872;0,151047958;0,276127745;1;-0,334314515;0,234703253;0,671572573;1;;;;;;;;;;;;;
678;-1,145420823;0,171967705;0,145420823;1;-0,651457174;0,16530649;0,302914348;1;0,079435534;0,272185028;-1,397177668;1;;;;;;;;;;;;;
679;-0,972289408;0,172519797;-0,027710592;1;-0,820769258;0,18142801;0,641538517;1;-0,031924305;0,274729862;-0,840378474;1;;;;;;;;;;;;;
680;-1,100049159;0,185570807;0,100049159;1;-0,500436033;0,168585365;0,000872067;1;0,016132538;0,294708066;-1,080662688;1;;;;;;;;;;;;;
681;-0,809147711;0,176321865;-0,190852289;1;-0,622794743;0,161272351;0,245589486;1;-0,325000451;0,281079995;0,625002257;1;;;;;;;;;;;;;
682;-0,990519675;0,1749925;-0,009480325;1;-0,514455946;0,177182636;0,028911893;1;-0,28072332;0,288740415;0,403616598;1;;;;;;;;;;;;;
683;-1,090784985;0,170771831;0,090784985;1;-0,672083025;0,162510811;0,344166049;1;0,076300614;0,262044703;-1,38150307;1;;;;;;;;;;;;;
684;-0,87369244;0,166956969;-0,12630756;1;-0,573510995;0,159316925;0,147021991;1;-0,264337922;0,264115244;0,321689609;1;;;;;;;;;;;;;
685;-0,915444295;0,132477251;-0,084555705;1;-0,396538918;0,13637723;-0,206922163;1;-0,365223922;0,231113372;0,826119611;1;;;;;;;;;;;;;
686;-0,913734315;0,16302037;-0,086265685;1;-0,640441148;0,160394306;0,280882296;1;0,001722314;0,257178578;-1,008611568;1;;;;;;;;;;;;;
687;-0,805889414;0,153229592;-0,194110586;1;-0,304451457;0,154519271;-0,391097086;1;-0,640754969;0,272985534;2,203774845;1;;;;;;;;;;;;;
688;-0,913559313;0,133801105;-0,086440687;1;-0,604658781;0,145784314;0,209317563;1;-0,289868375;0,240666473;0,449341876;1;;;;;;;;;;;;;
689;-0,79143019;0,156022585;-0,20856981;1;-0,713964195;0,165578547;0,427928389;1;-0,092488413;0,27115583;-0,537557935;1;;;;;;;;;;;;;
690;-1,104293555;0,162591655;0,104293555;1;-0,532320587;0,159914487;0,064641175;1;-0,077611765;0,266306988;-0,611941176;1;;;;;;;;;;;;;
691;-0,972797462;0,157719611;-0,027202538;1;-0,37631169;0,148084317;-0,247376621;1;-0,104223136;0,260194568;-0,478884319;1;;;;;;;;;;;;;
692;-1,147490712;0,192116269;0,147490712;1;-0,325106154;0,174192065;-0,349787691;1;-0,212093108;0,306051258;0,060465542;1;;;;;;;;;;;;;
693;-0,808023003;0,138137207;-0,191976997;1;-0,301463528;0,146744432;-0,397072944;1;-0,780365736;0,249714329;2,90182868;0;;;;;;;;;;;;;
694;-0,992232832;0,178105706;-0,007767168;1;-0,745865607;0,17487823;0,491731213;1;0,022200813;0,281473173;-1,111004063;1;;;;;;;;;;;;;
695;-0,845102714;0,148962111;-0,154897286;1;-0,405235328;0,157493108;-0,189529344;1;-0,722497051;0,258785501;2,612485253;0;;;;;;;;;;;;;
696;-0,878231106;0,165000483;-0,121768894;1;-0,558397262;0,153842831;0,116794524;1;-0,373378357;0,265922904;0,866891785;1;;;;;;;;;;;;;
697;-1,348631631;0,183330141;0,348631631;1;-0,564547694;0,161706799;0,129095388;1;0,414663218;0,275231942;-3,073316088;0;;;;;;;;;;;;;
698;-0,97167884;0,144820965;-0,02832116;1;-0,261640283;0,139242448;-0,476719433;1;-0,492788438;0,244954207;1,463942189;1;;;;;;;;;;;;;
699;-1,165205118;0,165818287;0,165205118;1;-0,48317567;0,161611863;-0,03364866;1;-0,140003581;0,277761354;-0,299982093;1;;;;;;;;;;;;;
700;-0,874447364;0,154614506;-0,125552636;1;-0,50506174;0,159466249;0,010123481;1;-0,427438811;0,273148124;1,137194057;1;;;;;;;;;;;;;
701;-1,16181855;0,151831391;0,16181855;1;-0,441386049;0,144190929;-0,117227903;1;0,276805083;0,237071854;-2,384025417;0;;;;;;;;;;;;;
702;-1,059289788;0,173180827;0,059289788;1;-0,42823938;0,16577301;-0,143521241;1;0,004342449;0,278369233;-1,021712245;1;;;;;;;;;;;;;
703;-1,146105064;0,15401809;0,146105064;1;-0,184270478;0,146446388;-0,631459043;0;-0,456414704;0,258244504;1,282073521;1;;;;;;;;;;;;;
704;-1,107721875;0,16716355;0,107721875;1;-0,987215713;0,178435607;0,974431425;0;0,015702634;0,258806304;-1,078513172;1;;;;;;;;;;;;;
705;-0,892297355;0,171226278;-0,107702645;1;-0,477104037;0,159018054;-0,045791927;1;0,00519042;0,264663688;-1,0259521;1;;;;;;;;;;;;;
706;-1,077557574;0,162720193;0,077557574;1;-0,321961104;0,150848851;-0,356077792;1;-0,210205447;0,26078512;0,051027234;1;;;;;;;;;;;;;
707;-0,92160324;0,15221204;-0,07839676;1;-0,529256482;0,151611904;0,058512963;1;-0,14065132;0,249008615;-0,2967434;1;;;;;;;;;;;;;
708;-1,323890393;0,171915872;0,323890393;1;-0,477343933;0,157684765;-0,045312134;1;0,111323512;0,262427573;-1,556617561;1;;;;;;;;;;;;;
709;-0,768955778;0,156435106;-0,231044222;1;-0,499662812;0,154244812;-0,000674376;1;-0,642232661;0,264052507;2,211163307;1;;;;;;;;;;;;;
710;-1,018618733;0,16118266;0,018618733;1;-0,681021773;0,151176687;0,362043545;1;0,139292651;0,243859016;-1,696463253;1;;;;;;;;;;;;;
711;-1,367757725;0,174852319;0,367757725;0;-0,439316638;0,154143484;-0,121366723;1;0,307558782;0,254534956;-2,53779391;0;;;;;;;;;;;;;
712;-1,004825584;0,158712859;0,004825584;1;-0,396741608;0,159290948;-0,206516783;1;-0,404764623;0,271364562;1,023823116;1;;;;;;;;;;;;;
713;-0,933284402;0,173771312;-0,066715598;1;-0,756140634;0,166283716;0,512281269;1;-0,055382279;0,275180682;-0,723088605;1;;;;;;;;;;;;;
714;-0,701415926;0,124149103;-0,298584074;0;-0,546017844;0,150762327;0,092035688;1;-0,925245232;0,239083714;3,626226158;0;;;;;;;;;;;;;
715;-0,75792797;0,150896875;-0,24207203;1;-0,658116998;0,165900747;0,316233996;1;-0,875734303;0,266883788;3,378671516;0;;;;;;;;;;;;;
716;-0,965208553;0,148824052;-0,034791447;1;-0,800082141;0,162966489;0,600164283;1;-0,013591269;0,244179249;-0,932043654;1;;;;;;;;;;;;;
717;-1,179684479;0,186253124;0,179684479;1;-0,434938571;0,171013403;-0,130122857;1;-0,204552017;0,302220232;0,022760087;1;;;;;;;;;;;;;
718;-0,865409778;0,157901741;-0,134590222;1;-0,522276696;0,149766446;0,044553391;1;-0,284395725;0,268267272;0,421978626;1;;;;;;;;;;;;;
719;-1,016856437;0,170406016;0,016856437;1;-0,433200069;0,156454207;-0,133599861;1;-0,174808653;0,266200117;-0,125956736;1;;;;;;;;;;;;;
720;-0,914056344;0,151550421;-0,085943656;1;-0,439349659;0,152289081;-0,121300681;1;-0,606426872;0,259183;2,032134361;1;;;;;;;;;;;;;
721;-1,007802338;0,144970536;0,007802338;1;-0,649955298;0,14590747;0,299910595;1;-0,214216267;0,242786349;0,071081336;1;;;;;;;;;;;;;
722;-0,831897477;0,164565439;-0,168102523;1;-0,530266146;0,15975335;0,060532291;1;-0,381537226;0,272876942;0,90768613;1;;;;;;;;;;;;;
723;-1,055824017;0,151349574;0,055824017;1;-0,343180531;0,145934078;-0,313638938;1;-0,121302289;0,25309037;-0,393488555;1;;;;;;;;;;;;;
724;-1,17583982;0,172021807;0,17583982;1;-0,485888793;0,163782898;-0,028222413;1;-0,12744567;0,264086901;-0,362771652;1;;;;;;;;;;;;;
725;-1,028325477;0,160456095;0,028325477;1;-0,353912324;0,148805305;-0,292175351;1;-0,115888259;0,250187007;-0,420558703;1;;;;;;;;;;;;;
726;-0,796742202;0,151238514;-0,203257798;1;-0,809619889;0,162741543;0,619239778;1;-0,412786;0,263085744;1,06393;1;;;;;;;;;;;;;
727;-1,410836467;0,189622647;0,410836467;0;-0,110649355;0,167149043;-0,77870129;0;0,139010102;0,290418818;-1,695050509;1;;;;;;;;;;;;;
728;-0,871010784;0,165815827;-0,128989216;1;-0,56365613;0,173214316;0,12731226;1;-0,571328264;0,285942388;1,856641321;1;;;;;;;;;;;;;
729;-1,256934537;0,15769883;0,256934537;1;-0,318862012;0,15400068;-0,362275976;1;-0,124066963;0,259125555;-0,379665186;1;;;;;;;;;;;;;
730;-1,320997703;0,182838842;0,320997703;1;-0,531447283;0,15590473;0,062894565;1;0,326171649;0,273530088;-2,630858247;1;;;;;;;;;;;;;
731;-1,040181518;0,169965345;0,040181518;1;-0,223769294;0,15788108;-0,552461412;1;-0,323859716;0,267122161;0,619298578;1;;;;;;;;;;;;;
732;-0,967924613;0,143027395;-0,032075387;1;-0,486229669;0,146559229;-0,027540662;1;-0,370377393;0,256785692;0,851886965;1;;;;;;;;;;;;;
733;-1,1238131;0,148418998;0,1238131;1;-0,313567253;0,143343191;-0,372865495;1;-0,049117156;0,250490819;-0,75441422;1;;;;;;;;;;;;;
734;-1,216707248;0,179026238;0,216707248;1;-0,433546319;0,15850836;-0,132907363;1;0,277643482;0,271991587;-2,388217408;1;;;;;;;;;;;;;
735;-0,9349657;0,149233421;-0,0650343;1;-0,551565968;0,148554355;0,103131935;1;-0,183411901;0,248474246;-0,082940494;1;;;;;;;;;;;;;
736;-0,921232084;0,146845992;-0,078767916;1;-0,802102215;0,158987422;0,60420443;1;-0,148465172;0,244868401;-0,257674141;1;;;;;;;;;;;;;
737;-1,046764036;0,144351137;0,046764036;1;-0,542903892;0,142494175;0,085807784;1;-0,117864792;0,229367442;-0,41067604;1;;;;;;;;;;;;;
738;-0,879877805;0,152765749;-0,120122195;1;-0,394595484;0,146832208;-0,210809031;1;-0,12414596;0,251000722;-0,379270199;1;;;;;;;;;;;;;
739;-1,113038883;0,17084845;0,113038883;1;-0,694369421;0,176297898;0,388738841;1;0,017217146;0,279857441;-1,086085728;1;;;;;;;;;;;;;
740;-0,951522278;0,147552796;-0,048477722;1;-0,348255185;0,154156622;-0,303489629;1;-0,803404604;0,271458448;3,017023022;0;;;;;;;;;;;;;
741;-0,932862272;0,145536542;-0,067137728;1;-0,427706527;0,144312725;-0,144586946;1;-0,374881606;0,241837517;0,874408032;1;;;;;;;;;;;;;
742;-1,125635494;0,166861591;0,125635494;1;-0,413396116;0,156527596;-0,173207768;1;-0,210765071;0,267070042;0,053825355;1;;;;;;;;;;;;;
743;-0,664144611;0,148914297;-0,335855389;0;-0,793737447;0,165448011;0,587474894;1;-0,380921614;0,26157564;0,90460807;1;;;;;;;;;;;;;
744;-1,113563489;0,157281923;0,113563489;1;-0,589006984;0,154840693;0,178013969;1;0,070573479;0,252500045;-1,352867395;1;;;;;;;;;;;;;
745;-1,254421198;0,182757354;0,254421198;1;-0,410171093;0,16693517;-0,179657814;1;0,16843071;0,290666272;-1,842153548;1;;;;;;;;;;;;;
746;-0,939702256;0,163081603;-0,060297744;1;-0,800957984;0,164058142;0,601915968;1;-0,058415012;0,26671414;-0,707924938;1;;;;;;;;;;;;;
747;-1,013351142;0,185339897;0,013351142;1;-0,639058147;0,173593243;0,278116294;1;0,009069817;0,286102858;-1,045349084;1;;;;;;;;;;;;;
748;-0,998193882;0,165829775;-0,001806118;1;-0,696963521;0,165026197;0,393927043;1;-0,10217172;0,274245306;-0,489141398;1;;;;;;;;;;;;;
749;-1,144473964;0,144273241;0,144473964;1;-0,545902823;0,156265781;0,091805647;1;0,074746907;0,239476279;-1,373734537;1;;;;;;;;;;;;;
750;-1,117436243;0,169146121;0,117436243;1;-0,564486326;0,157042703;0,128972653;1;0,322392742;0,264320669;-2,611963711;0;;;;;;;;;;;;;
751;-1,090719343;0,14687059;0,090719343;1;-0,285957777;0,146922603;-0,428084447;1;-0,127686765;0,243326485;-0,361566175;1;;;;;;;;;;;;;
752;-1,02860345;0,164056107;0,02860345;1;-0,6153739;0,15237545;0,2307478;1;0,128186252;0,255714554;-1,640931258;1;;;;;;;;;;;;;
753;-0,988371293;0,161645795;-0,011628707;1;-0,805993764;0,173469965;0,611987529;1;-0,228964055;0,273105833;0,144820273;1;;;;;;;;;;;;;
754;-0,60736519;0,148921718;-0,39263481;0;-0,759063465;0,157662066;0,51812693;1;-0,696253037;0,260014824;2,481265186;1;;;;;;;;;;;;;
755;-1,081012753;0,159491875;0,081012753;1;-0,404871073;0,157758068;-0,190257854;1;-0,269709983;0,267086598;0,348549917;1;;;;;;;;;;;;;
756;-1,011425055;0,136762161;0,011425055;1;-0,515470617;0,141062947;0,030941235;1;0,094336558;0,229430521;-1,471682789;1;;;;;;;;;;;;;
757;-0,848212431;0,15125563;-0,151787569;1;-0,781595118;0,159645122;0,563190237;1;-0,316508193;0,253891674;0,582540967;1;;;;;;;;;;;;;
758;-0,778392582;0,143201267;-0,221607418;1;-0,603615461;0,153498089;0,207230921;1;-0,603237086;0,256471062;2,016185429;1;;;;;;;;;;;;;
759;-0,780352591;0,154753068;-0,219647409;1;-0,746606964;0,162718575;0,493213927;1;-0,305024007;0,253879042;0,525120036;1;;;;;;;;;;;;;
760;-0,583772541;0,129134955;-0,416227459;0;-0,584528013;0,137627175;0,169056026;1;-0,702148572;0,233401895;2,51074286;0;;;;;;;;;;;;;
761;-1,090338181;0,157599074;0,090338181;1;-0,514116317;0,163362711;0,028232633;1;-0,064403157;0,260879873;-0,677984215;1;;;;;;;;;;;;;
762;-0,80056506;0,134649134;-0,19943494;1;-0,774973913;0,151283247;0,549947827;1;-0,383228017;0,226233722;0,916140084;1;;;;;;;;;;;;;
763;-0,944897655;0,160855557;-0,055102345;1;-0,606618935;0,153796014;0,213237871;1;0,024201664;0,248465927;-1,121008318;1;;;;;;;;;;;;;
764;-0,842616743;0,141382079;-0,157383257;1;-0,424901366;0,147884173;-0,150197267;1;-0,627714148;0,243954136;2,13857074;1;;;;;;;;;;;;;
765;-1,422128406;0,211035816;0,422128406;0;-0,335986996;0,18222252;-0,328026008;1;0,125513736;0,31561289;-1,627568679;1;;;;;;;;;;;;;
766;-0,669531461;0,166122544;-0,330468539;0;-0,443709466;0,154012537;-0,112581068;1;-0,47645194;0,266064881;1,3822597;1;;;;;;;;;;;;;
767;-1,085079232;0,170716994;0,085079232;1;-0,456035562;0,156486719;-0,087928876;1;0,052954605;0,259922326;-1,264773026;1;;;;;;;;;;;;;
768;-1,021029182;0,149814321;0,021029182;1;-0,357680729;0,144854388;-0,284638541;1;-0,12516205;0,240160336;-0,374189752;1;;;;;;;;;;;;;
769;-1,007989327;0,165789791;0,007989327;1;-0,363991614;0,164646043;-0,272016773;1;-0,771709112;0,287751043;2,858545559;0;;;;;;;;;;;;;
770;-1,148454005;0,169626755;0,148454005;1;-0,243486733;0,16175101;-0,513026534;1;-0,403157424;0,267568337;1,015787122;1;;;;;;;;;;;;;
771;-0,936504738;0,15830494;-0,063495262;1;-0,178317647;0,148156185;-0,643364706;0;-0,566298921;0,256586656;1,831494605;1;;;;;;;;;;;;;
772;-1,080945984;0,174329899;0,080945984;1;-0,559191204;0,166857869;0,118382408;1;-0,33777371;0,28300527;0,688868549;1;;;;;;;;;;;;;
773;-0,875816738;0,139918151;-0,124183262;1;-0,386361631;0,141210435;-0,227276738;1;-0,256960535;0,232779554;0,284802677;1;;;;;;;;;;;;;
774;-0,832366132;0,159025867;-0,167633868;1;-0,612445833;0,161982065;0,224891666;1;-0,509082609;0,268312135;1,545413044;1;;;;;;;;;;;;;
775;-0,898965877;0,149942943;-0,101034123;1;-0,309127203;0,155917625;-0,381745594;1;-0,421916451;0,263417141;1,109582253;1;;;;;;;;;;;;;
776;-0,885697409;0,148827268;-0,114302591;1;-0,622871983;0,164409983;0,245743967;1;-0,444212584;0,271338234;1,221062918;1;;;;;;;;;;;;;
777;-1,131168748;0,158107412;0,131168748;1;-0,698156531;0,154304038;0,396313062;1;0,218850055;0,250191551;-2,094250277;1;;;;;;;;;;;;;
778;-0,777663326;0,127305156;-0,222336674;1;-0,489282136;0,137823351;-0,021435729;1;-0,482628508;0,230433642;1,413142539;1;;;;;;;;;;;;;
779;-0,897080778;0,157117061;-0,102919222;1;-0,468608399;0,15708098;-0,062783202;1;-0,541976139;0,262662272;1,709880693;1;;;;;;;;;;;;;
780;-0,983591948;0,176337921;-0,016408052;1;-0,714582473;0,177290901;0,429164946;1;-0,158894558;0,298667278;-0,20552721;1;;;;;;;;;;;;;
781;-1,02352004;0,14479662;0,02352004;1;-0,624099397;0,155056449;0,248198794;1;-0,162868599;0,245221651;-0,185657007;1;;;;;;;;;;;;;
782;-0,906870198;0,167561553;-0,093129802;1;-0,874092707;0,15871756;0,748185414;0;-0,025963718;0,265247428;-0,870181411;1;;;;;;;;;;;;;
783;-1,063533378;0,169915526;0,063533378;1;-0,59870294;0,175375138;0,19740588;1;-0,171870782;0,288832297;-0,140646089;1;;;;;;;;;;;;;
784;-0,826352996;0,154152286;-0,173647004;1;-0,335656972;0,150498353;-0,328686057;1;-0,537063447;0,257025133;1,685317237;1;;;;;;;;;;;;;
785;-1,137689786;0,187860428;0,137689786;1;-0,539801678;0,175477201;0,079603357;1;-0,201660247;0,297818679;0,008301233;1;;;;;;;;;;;;;
786;-1,281894064;0,188751128;0,281894064;1;-0,416048872;0,166666783;-0,167902255;1;0,107906991;0,285556148;-1,539534955;1;;;;;;;;;;;;;
787;-0,999732069;0,16468;-0,000267931;1;-0,434917801;0,165532928;-0,130164397;1;-0,58285395;0,273716214;1,91426975;1;;;;;;;;;;;;;
788;-1,16690015;0,166595211;0,16690015;1;-0,239616451;0,15431798;-0,520767097;1;-0,210069075;0,271746812;0,050345374;1;;;;;;;;;;;;;
789;-1,1756625;0,165789393;0,1756625;1;-0,309815329;0,147070843;-0,380369341;1;0,106225224;0,263788251;-1,531126118;1;;;;;;;;;;;;;
790;-0,903243788;0,159699547;-0,096756212;1;-0,827127088;0,171157907;0,654254177;1;-0,295826701;0,266880614;0,479133503;1;;;;;;;;;;;;;
791;-1,068407918;0,140087171;0,068407918;1;-0,593940995;0,146210309;0,18788199;1;-0,117525039;0,238627498;-0,412374804;1;;;;;;;;;;;;;
792;-1,083880594;0,151054796;0,083880594;1;-0,244115215;0,144774092;-0,51176957;1;-0,256305118;0,245806818;0,281525591;1;;;;;;;;;;;;;
793;-0,97288149;0,152278154;-0,02711851;1;-0,552779329;0,15109146;0,105558658;1;-0,407606316;0,270436545;1,03803158;1;;;;;;;;;;;;;
794;-0,831157526;0,14873235;-0,168842474;1;-0,638323622;0,157435534;0,276647243;1;-0,233290901;0,252958987;0,166454504;1;;;;;;;;;;;;;
795;-0,963837294;0,143778917;-0,036162706;1;-0,423252521;0,141384816;-0,153494958;1;-0,168658703;0,226630714;-0,156706484;1;;;;;;;;;;;;;
796;-0,582358509;0,131728744;-0,417641491;0;-0,4455088;0,137549587;-0,108982399;1;-0,660763789;0,228966955;2,303818944;0;;;;;;;;;;;;;
797;-1,004496414;0,192097492;0,004496414;1;-0,485786198;0,172976552;-0,028427603;1;-0,032155228;0,295803962;-0,839223862;1;;;;;;;;;;;;;
798;-1,192349121;0,168533801;0,192349121;1;-0,682454277;0,169610632;0,364908555;1;0,17855414;0,266127558;-1,892770698;1;;;;;;;;;;;;;
799;-1,218556656;0,166729894;0,218556656;1;-0,423586204;0,165367235;-0,152827592;1;-0,05075095;0,282237346;-0,746245249;1;;;;;;;;;;;;;
800;-1,021865569;0,158293228;0,021865569;1;-0,514751065;0,158143755;0,029502131;1;-0,27067376;0,253188267;0,3533688;1;;;;;;;;;;;;;
801;-0,88157353;0,140622797;-0,11842647;1;-0,550970186;0,148554975;0,101940372;1;-0,458218086;0,237760132;1,29109043;1;;;;;;;;;;;;;
802;-1,277821306;0,169364519;0,277821306;1;-0,228878511;0,161745623;-0,542242977;1;-0,13219765;0,268424866;-0,339011749;1;;;;;;;;;;;;;
803;-0,89828423;0,169102425;-0,10171577;1;-0,538765219;0,163925734;0,077530438;1;-0,117847426;0,266136026;-0,410762871;1;;;;;;;;;;;;;
804;-1,33644046;0,171428727;0,33644046;0;-0,360238316;0,156688045;-0,279523368;1;0,288083726;0,27664069;-2,440418628;1;;;;;;;;;;;;;
805;-1,051343986;0,172015783;0,051343986;1;-0,721167406;0,164060887;0,442334811;1;0,03098663;0,266675904;-1,154933148;1;;;;;;;;;;;;;
806;-1,163021515;0,167680331;0,163021515;1;-0,554732775;0,156347371;0,10946555;1;0,136086965;0,252753792;-1,680434826;1;;;;;;;;;;;;;
807;-0,882616479;0,168934456;-0,117383521;1;-0,582739295;0,161686876;0,16547859;1;-0,209283827;0,263624068;0,046419135;1;;;;;;;;;;;;;
808;-1,033783801;0,157055828;0,033783801;1;-0,648844983;0,151211827;0,297689965;1;0,206792271;0,241518391;-2,033961353;1;;;;;;;;;;;;;
809;-1,425034641;0,185708568;0,425034641;0;-0,479205311;0,163955522;-0,041589378;1;0,374817792;0,274194757;-2,874088961;0;;;;;;;;;;;;;
810;-1,040827592;0,158458078;0,040827592;1;-0,711569254;0,172016591;0,423138508;1;-0,306983969;0,265839847;0,534919846;1;;;;;;;;;;;;;
811;-1,292547595;0,167377221;0,292547595;1;-0,503325723;0,16033577;0,006651447;1;0,13332374;0,250317106;-1,666618701;1;;;;;;;;;;;;;
812;-0,828569474;0,146165608;-0,171430526;1;-0,52374778;0,148594261;0,047495561;1;-0,309143869;0,240565243;0,545719343;1;;;;;;;;;;;;;
813;-1,01539091;0,157532878;0,01539091;1;-0,658987328;0,16853583;0,317974655;1;-0,3301314;0,261977044;0,650657002;1;;;;;;;;;;;;;
814;-0,961174205;0,152471238;-0,038825795;1;-0,649493522;0,155369032;0,298987043;1;-0,060133158;0,250979564;-0,69933421;1;;;;;;;;;;;;;
815;-0,69145928;0,157350965;-0,30854072;0;-0,687392741;0,1624454;0,374785483;1;-0,635169835;0,268084708;2,175849176;1;;;;;;;;;;;;;
816;-0,897358729;0,131842629;-0,102641271;1;-0,73711176;0,15004702;0,474223519;1;0,014265706;0,231348587;-1,07132853;1;;;;;;;;;;;;;
817;-0,85125658;0,178244849;-0,14874342;1;-0,729632111;0,172428691;0,459264223;1;-0,077782897;0,289349665;-0,611085513;1;;;;;;;;;;;;;
818;-0,719784758;0,161907767;-0,280215242;1;-0,694501232;0,162905035;0,389002464;1;-0,285911168;0,262280351;0,429555839;1;;;;;;;;;;;;;
819;-0,946692732;0,170627785;-0,053307268;1;-0,584866752;0,170957756;0,169733504;1;-0,078572178;0,278726836;-0,60713911;1;;;;;;;;;;;;;
820;-0,688151287;0,14308637;-0,311848713;0;-0,314563174;0,143524002;-0,370873652;1;-0,642193666;0,25022335;2,210968329;1;;;;;;;;;;;;;
821;-1,232633656;0,175413704;0,232633656;1;-0,270041286;0,163307515;-0,459917428;1;-0,155302916;0,275918782;-0,22348542;1;;;;;;;;;;;;;
822;-1,180223702;0,218382537;0,180223702;1;-0,590053252;0,201615912;0,180106505;1;-0,224422391;0,333260439;0,122111957;1;;;;;;;;;;;;;
823;-0,973646049;0,136228413;-0,026353951;1;-0,592819801;0,151088289;0,185639602;1;-0,247577387;0,235102391;0,237886936;1;;;;;;;;;;;;;
824;-1,367120624;0,191821329;0,367120624;1;-0,570272832;0,181759646;0,140545663;1;0,245436876;0,297034724;-2,22718438;1;;;;;;;;;;;;;
825;-0,852964504;0,149797908;-0,147035496;1;-0,567570914;0,149813049;0,135141828;1;-0,461960545;0,245453045;1,309802723;1;;;;;;;;;;;;;
826;-0,989433503;0,174077254;-0,010566497;1;-0,627339964;0,168167474;0,254679928;1;-0,000875559;0,271363241;-0,995622205;1;;;;;;;;;;;;;
827;-1,055612991;0,160091748;0,055612991;1;-0,414703314;0,150650943;-0,170593373;1;-0,222151758;0,26091659;0,110758791;1;;;;;;;;;;;;;
828;-1,193786942;0,186365632;0,193786942;1;-0,691072879;0,16666121;0,382145758;1;0,374575574;0,268859302;-2,872877872;0;;;;;;;;;;;;;
829;-1,00786429;0,148345063;0,00786429;1;-0,592121248;0,147568755;0,184242495;1;-0,136308914;0,246611674;-0,318455428;1;;;;;;;;;;;;;
830;-0,884582027;0,156838153;-0,115417973;1;-0,44500321;0,154253681;-0,109993579;1;-0,318683316;0,253278171;0,593416579;1;;;;;;;;;;;;;
831;-1,334322586;0,16004211;0,334322586;0;-0,527042617;0,157160883;0,054085234;1;0,356477066;0,241325541;-2,782385332;0;;;;;;;;;;;;;
832;-1,050077972;0,14664432;0,050077972;1;-0,717511436;0,152633011;0,435022871;1;-0,07720842;0,239848464;-0,6139579;1;;;;;;;;;;;;;
833;-1,060752425;0,136434302;0,060752425;1;-0,462797412;0,137795467;-0,074405177;1;0,040432739;0,223368448;-1,202163696;1;;;;;;;;;;;;;
834;-0,89682025;0,162632868;-0,10317975;1;-0,544358259;0,154191664;0,088716519;1;-0,213553433;0,257930336;0,067767163;1;;;;;;;;;;;;;
835;-0,992809515;0,169587088;-0,007190485;1;-0,532277185;0,162607838;0,064554371;1;-0,152220089;0,265650515;-0,238899555;1;;;;;;;;;;;;;
836;-0,889719442;0,162949965;-0,110280558;1;-0,698704307;0,169735233;0,397408614;1;-0,526252019;0,285661825;1,631260094;1;;;;;;;;;;;;;
837;-1,004224785;0,168267596;0,004224785;1;-0,667626018;0,169492766;0,335252037;1;-0,449801738;0,2882626;1,249008691;1;;;;;;;;;;;;;
838;-0,901083577;0,158839949;-0,098916423;1;-0,377012958;0,147820956;-0,245974084;1;-0,498411588;0,262592296;1,49205794;1;;;;;;;;;;;;;
839;-1,037978122;0,180204829;0,037978122;1;-0,427388099;0,171482411;-0,145223801;1;-0,518174376;0,292529225;1,590871879;1;;;;;;;;;;;;;
840;-0,906427193;0,14517363;-0,093572807;1;-0,567620762;0,143263145;0,135241524;1;-0,197880944;0,242027286;-0,01059528;1;;;;;;;;;;;;;
841;-1,060551266;0,152508497;0,060551266;1;-0,52118355;0,153624635;0,0423671;1;-0,066870138;0,256660608;-0,665649309;1;;;;;;;;;;;;;
842;-0,971238564;0,146984257;-0,028761436;1;-0,449741492;0,139963288;-0,100517017;1;-0,029234931;0,227857867;-0,853825344;1;;;;;;;;;;;;;
843;-1,145196884;0,172046603;0,145196884;1;-0,390111455;0,160475439;-0,219777089;1;-0,017174041;0,271698336;-0,914129793;1;;;;;;;;;;;;;
844;-1,106795234;0,16264332;0,106795234;1;-0,846103953;0,176846548;0,692207906;1;-0,173226065;0,269626786;-0,133869677;1;;;;;;;;;;;;;
845;-1,043849984;0,155493883;0,043849984;1;-0,464254832;0,157911494;-0,071490336;1;-0,175726205;0,260962984;-0,121368973;1;;;;;;;;;;;;;
846;-1,212945185;0,15136985;0,212945185;1;-0,516153067;0,149525847;0,032306134;1;-0,021439228;0,247818807;-0,892803858;1;;;;;;;;;;;;;
847;-0,902622732;0,146313218;-0,097377268;1;-0,369478253;0,147361849;-0,261043495;1;-0,545884526;0,24886206;1,729422629;1;;;;;;;;;;;;;
848;-1,121565412;0,159277448;0,121565412;1;-0,302839779;0,15209293;-0,394320443;1;-0,020102784;0,254745928;-0,899486081;1;;;;;;;;;;;;;
849;-1,347244858;0,171206562;0,347244858;0;-0,440931842;0,156354815;-0,118136316;1;0,118532663;0,269823089;-1,592663313;1;;;;;;;;;;;;;
850;-0,661642037;0,134303338;-0,338357963;0;-0,808405656;0,152682054;0,616811312;0;-0,484414803;0,238280173;1,422074013;1;;;;;;;;;;;;;
851;-1,103757629;0,154237961;0,103757629;1;-0,551967594;0,158904395;0,103935188;1;0,101563258;0,25103576;-1,507816291;1;;;;;;;;;;;;;
852;-0,990067344;0,161424754;-0,009932656;1;-0,348646286;0,159502335;-0,302707427;1;-0,291139339;0,273148652;0,455696695;1;;;;;;;;;;;;;
853;-0,580471385;0,145398537;-0,419528615;0;-0,848044806;0,157743604;0,696089612;0;-0,687294768;0,256603936;2,436473841;1;;;;;;;;;;;;;
854;-1,119174049;0,153620986;0,119174049;1;-0,330593376;0,14639666;-0,338813249;1;-0,120325062;0,249820177;-0,398374689;1;;;;;;;;;;;;;
855;-1,01269549;0,158475995;0,01269549;1;-0,636727434;0,16107272;0,273454869;1;-0,13101617;0,273491946;-0,344919149;1;;;;;;;;;;;;;
856;-0,968286;0,153599683;-0,031714;1;-0,433198583;0,155336148;-0,133602835;1;-0,287095035;0,266620722;0,435475177;1;;;;;;;;;;;;;
857;-0,997798645;0,157142199;-0,002201355;1;-0,495255188;0,159373187;-0,009489623;1;-0,368926273;0,256084843;0,844631364;1;;;;;;;;;;;;;
858;-1,102578726;0,172013046;0,102578726;1;-0,386249478;0,158335992;-0,227501045;1;-0,326122549;0,276778492;0,630612747;1;;;;;;;;;;;;;
859;-1,12115568;0,1750092;0,12115568;1;-0,363400212;0,166322482;-0,273199576;1;-0,150330758;0,282650325;-0,248346208;1;;;;;;;;;;;;;
860;-0,855753431;0,158797021;-0,144246569;1;-0,637150195;0,170157036;0,27430039;1;-0,466295425;0,28275595;1,331477123;1;;;;;;;;;;;;;
861;-0,847761856;0,130503745;-0,152238144;1;-0,571369999;0,13874255;0,142739999;1;-0,18701061;0,212823379;-0,064946952;1;;;;;;;;;;;;;
862;-1,272889058;0,172835631;0,272889058;1;-0,57102219;0,152801827;0,142044379;1;0,416417647;0,26237546;-3,082088234;0;;;;;;;;;;;;;
863;-0,716962555;0,154803717;-0,283037445;1;-0,542395541;0,156969331;0,084791081;1;-0,309218348;0,262156522;0,546091739;1;;;;;;;;;;;;;
864;-1,002572041;0,146532817;0,002572041;1;-0,723365536;0,162598115;0,446731071;1;-0,194598809;0,246740783;-0,027005956;1;;;;;;;;;;;;;
865;-1,163729936;0,181991538;0,163729936;1;-0,281394294;0,178527542;-0,437211413;1;-0,625425818;0,304151804;2,127129088;1;;;;;;;;;;;;;
866;-1,232280536;0,218464755;0,232280536;1;-0,923363509;0,204367772;0,846727018;0;0,002209764;0,337717885;-1,01104882;1;;;;;;;;;;;;;
867;-1,047488759;0,168989698;0,047488759;1;-0,710655191;0,168979372;0,421310382;1;0,1638637;0,268160507;-1,819318498;1;;;;;;;;;;;;;
868;-1,114318625;0,148364154;0,114318625;1;-0,752737572;0,150038487;0,505475145;1;0,229855302;0,229648342;-2,149276511;1;;;;;;;;;;;;;
869;-1,175707711;0,152039115;0,175707711;1;-0,673404429;0,151000072;0,346808857;1;0,163547677;0,241615876;-1,817738385;1;;;;;;;;;;;;;
870;-0,868462541;0,150840948;-0,131537459;1;-0,639182868;0,150120633;0,278365735;1;0,087337667;0,25111041;-1,436688333;1;;;;;;;;;;;;;
871;-1,1728332;0,170186104;0,1728332;1;-0,094918774;0,151853825;-0,810162453;0;-0,189988324;0,271374568;-0,05005838;1;;;;;;;;;;;;;
872;-0,911387148;0,173471457;-0,088612852;1;-0,238978339;0,168659272;-0,522043322;1;-0,212714258;0,291476034;0,063571289;1;;;;;;;;;;;;;
873;-0,932909536;0,145443396;-0,067090464;1;-0,712056121;0,160632931;0,424112242;1;-0,308969286;0,246937175;0,544846428;1;;;;;;;;;;;;;
874;-0,91915555;0,139315926;-0,08084445;1;-0,515760129;0,145271397;0,031520258;1;-0,285814835;0,235079243;0,429074173;1;;;;;;;;;;;;;
875;-1,000546016;0,168412614;0,000546016;1;-0,610901575;0,174474421;0,22180315;1;-0,395617015;0,297581328;0,978085073;1;;;;;;;;;;;;;
876;-0,613259125;0,163286328;-0,386740875;0;-0,769484258;0,156897243;0,538968517;1;-0,763987505;0,258904087;2,819937523;0;;;;;;;;;;;;;
877;-0,861903756;0,164848821;-0,138096244;1;-0,913810302;0,185688325;0,827620603;0;-0,101239513;0,291576652;-0,493802433;1;;;;;;;;;;;;;
878;-1,092936403;0,158286861;0,092936403;1;-0,671540934;0,161007315;0,343081868;1;0,136338135;0,268671494;-1,681690676;1;;;;;;;;;;;;;
879;-1,096907227;0,155914233;0,096907227;1;-0,392545519;0,151257034;-0,214908962;1;0,071285542;0,244823652;-1,356427709;1;;;;;;;;;;;;;
880;-0,763955632;0,158932799;-0,236044368;1;-0,432129373;0,15195227;-0,135741255;1;-0,574387751;0,263775587;1,871938753;1;;;;;;;;;;;;;
881;-1,346968421;0,180052907;0,346968421;1;-0,421431207;0,167404587;-0,157137586;1;-0,020560953;0,282974605;-0,897195233;1;;;;;;;;;;;;;
882;-1,175420432;0,171471319;0,175420432;1;-0,687408029;0,176032047;0,374816058;1;0,068768703;0,288237105;-1,343843514;1;;;;;;;;;;;;;
883;-1,060578103;0,168863116;0,060578103;1;-0,515590064;0,161015886;0,031180128;1;0,217285408;0,277226214;-2,086427042;1;;;;;;;;;;;;;
884;-1,205739663;0,157091103;0,205739663;1;-0,208477115;0,149248317;-0,583045771;1;-0,185943767;0,258116577;-0,070281167;1;;;;;;;;;;;;;
885;-0,885787188;0,153212871;-0,114212812;1;-0,416017663;0,150767329;-0,167964674;1;-0,419904417;0,254905558;1,099522086;1;;;;;;;;;;;;;
886;-0,968819089;0,163871024;-0,031180911;1;-0,832634133;0,174993529;0,665268266;1;-0,092922106;0,27676284;-0,535389472;1;;;;;;;;;;;;;
887;-0,805593879;0,155325453;-0,194406121;1;-0,768185047;0,162982187;0,536370094;1;0,066257714;0,259127257;-1,331288572;1;;;;;;;;;;;;;
888;-1,027325061;0,168471181;0,027325061;1;-0,407073803;0,157942062;-0,185852393;1;-0,310210938;0,279904212;0,551054692;1;;;;;;;;;;;;;
889;-1,005105951;0,165477947;0,005105951;1;-0,265022657;0,159565376;-0,469954685;1;-0,231254806;0,27054857;0,156274028;1;;;;;;;;;;;;;
890;-0,89076158;0,165391359;-0,10923842;1;-0,461022912;0,167039799;-0,077954175;1;-0,524584571;0,274212152;1,622922854;1;;;;;;;;;;;;;
891;-0,949818096;0,135660466;-0,050181904;1;-0,86387627;0,159808003;0,72775254;0;-0,136280409;0,237920968;-0,318597954;1;;;;;;;;;;;;;
892;-1,07091095;0,164104991;0,07091095;1;-0,572116423;0,148735914;0,144232845;1;0,069411394;0,248833032;-1,347056968;1;;;;;;;;;;;;;
893;-0,880329654;0,152454668;-0,119670346;1;-0,464622972;0,145535068;-0,070754057;1;-0,074160687;0,244687012;-0,629196565;1;;;;;;;;;;;;;
894;-0,865032082;0,148433453;-0,134967918;1;-0,58515632;0,153898035;0,17031264;1;-0,46484941;0,258877716;1,324247048;1;;;;;;;;;;;;;
895;-0,871864869;0,133330915;-0,128135131;1;-0,596521751;0,140118266;0,193043502;1;-0,177040228;0,229863552;-0,114798859;1;;;;;;;;;;;;;
896;-1,240907833;0,187362345;0,240907833;1;-0,623116146;0,174492835;0,246232292;1;0,184285211;0,302906058;-1,921426057;1;;;;;;;;;;;;;
897;-1,092430187;0,151345179;0,092430187;1;-0,594864965;0,160789196;0,189729931;1;-0,130208153;0,249650755;-0,348959235;1;;;;;;;;;;;;;
898;-1,08558579;0,165044581;0,08558579;1;-0,552867766;0,152305436;0,105735532;1;0,147783513;0,251614601;-1,738917566;1;;;;;;;;;;;;;
899;-1,534869567;0,198242797;0,534869567;0;-0,229883165;0,169971001;-0,54023367;1;0,211483207;0,288417334;-2,057416036;1;;;;;;;;;;;;;
900;-1,050958832;0,172341542;0,050958832;1;-0,533956704;0,174081961;0,067913408;1;0,031780933;0,296878742;-1,158904667;1;;;;;;;;;;;;;
901;-1,083442063;0,175470696;0,083442063;1;-0,735870332;0,163894331;0,471740664;1;0,112129316;0,27578179;-1,560646578;1;;;;;;;;;;;;;
902;-1,221905328;0,181833245;0,221905328;1;-0,434101901;0,17130293;-0,131796199;1;0,151388528;0,279412451;-1,75694264;1;;;;;;;;;;;;;
903;-1,012568641;0,151946877;0,012568641;1;-0,420915661;0,152168219;-0,158168678;1;-0,195349168;0,246102518;-0,023254162;1;;;;;;;;;;;;;
904;-1,008236616;0,135245149;0,008236616;1;-0,422108709;0,138322443;-0,155782582;1;-0,346850632;0,226776315;0,734253162;1;;;;;;;;;;;;;
905;-1,027115579;0,169577994;0,027115579;1;-0,425697132;0,163196216;-0,148605737;1;-0,290231879;0,266548526;0,451159393;1;;;;;;;;;;;;;
906;-1,091295235;0,158237252;0,091295235;1;-0,362465393;0,14324112;-0,275069215;1;0,074484523;0,239404939;-1,372422615;1;;;;;;;;;;;;;
907;-1,117959984;0,160873956;0,117959984;1;-0,517226971;0,150727152;0,034453943;1;-0,059358971;0,257185605;-0,703205144;1;;;;;;;;;;;;;
908;-0,875018822;0,15339203;-0,124981178;1;-0,448625961;0,15343985;-0,102748078;1;-0,328750248;0,260975701;0,64375124;1;;;;;;;;;;;;;
909;-1,126003146;0,158646357;0,126003146;1;-0,489744953;0,161257142;-0,020510093;1;-0,184718172;0,266362214;-0,076409141;1;;;;;;;;;;;;;
910;-1,250828081;0,178080228;0,250828081;1;-0,480656013;0,156176735;-0,038687975;1;0,51861137;0,266545755;-3,593056849;0;;;;;;;;;;;;;
911;-0,769441818;0,150087648;-0,230558182;1;-0,650078633;0,154887929;0,300157267;1;-0,527691155;0,267614579;1,638455774;1;;;;;;;;;;;;;
912;-1,106760719;0,156855654;0,106760719;1;-0,942747823;0,169389302;0,885495647;0;-0,071780572;0,261459252;-0,641097141;1;;;;;;;;;;;;;
913;-1,149652153;0,174942785;0,149652153;1;-0,533975808;0,164799213;0,067951615;1;0,2287118;0,267755409;-2,143558999;1;;;;;;;;;;;;;
914;-1,145729;0,163177718;0,145729;1;-0,500362034;0,16096394;0,000724069;1;-0,126368419;0,265439662;-0,368157906;1;;;;;;;;;;;;;
915;-1,013704025;0,145707965;0,013704025;1;-0,420168315;0,14486553;-0,159663369;1;-0,331542913;0,24310992;0,657714564;1;;;;;;;;;;;;;
916;-1,119098585;0,150600419;0,119098585;1;-0,551234136;0,154437341;0,102468271;1;-0,086335644;0,25186126;-0,568321781;1;;;;;;;;;;;;;
917;-0,863197139;0,163225416;-0,136802861;1;-0,930032169;0,171949317;0,860064339;0;-0,459741485;0,272284191;1,298707427;1;;;;;;;;;;;;;
918;-1,151906007;0,158438942;0,151906007;1;-0,520613336;0,15317378;0,041226672;1;0,148564005;0,253872687;-1,742820026;1;;;;;;;;;;;;;
919;-0,645912108;0,140501279;-0,354087892;0;-0,856078785;0,16523352;0,71215757;0;-0,71236216;0,255048902;2,5618108;0;;;;;;;;;;;;;
920;-1,077539844;0,169498083;0,077539844;1;-0,398734867;0,157941199;-0,202530266;1;-0,222729846;0,273431083;0,11364923;1;;;;;;;;;;;;;
921;-1,355595459;0,210652408;0,355595459;1;-0,107776486;0,183804085;-0,784447029;0;-0,144858736;0,340518505;-0,275706321;1;;;;;;;;;;;;;
922;-0,876934081;0,141760122;-0,123065919;1;-0,376753952;0,14338535;-0,246492097;1;-0,395317335;0,238368048;0,976586676;1;;;;;;;;;;;;;
923;-0,831235753;0,151747447;-0,168764247;1;-1,082782073;0,182847884;1,165564145;0;-0,338335767;0,270190133;0,691678836;1;;;;;;;;;;;;;
924;-0,97674574;0,175555934;-0,02325426;1;-0,778641589;0,186381396;0,557283178;1;-0,219707458;0,293255438;0,098537292;1;;;;;;;;;;;;;
925;-0,898310924;0,155650726;-0,101689076;1;-0,536034434;0,155456296;0,072068868;1;-0,239799807;0,25957456;0,198999036;1;;;;;;;;;;;;;
926;-0,880076284;0,142016171;-0,119923716;1;-0,680948655;0,156912589;0,361897309;1;-0,139198912;0,246667917;-0,30400544;1;;;;;;;;;;;;;
927;-0,843187702;0,154735921;-0,156812298;1;-0,391463143;0,157604972;-0,217073714;1;-0,635192628;0,258282362;2,175963139;1;;;;;;;;;;;;;
928;-0,985701844;0,143749332;-0,014298156;1;-0,69143725;0,156533961;0,3828745;1;-0,153741915;0,24140024;-0,231290423;1;;;;;;;;;;;;;
929;-0,638917971;0,141016587;-0,361082029;0;-0,575579185;0,144389986;0,151158371;1;-0,817461524;0,248630436;3,087307618;0;;;;;;;;;;;;;
930;-0,771598964;0,165246133;-0,228401036;1;-0,54763769;0,159609262;0,095275381;1;-0,716129118;0,286950692;2,580645592;1;;;;;;;;;;;;;
931;-1,162954498;0,152809037;0,162954498;1;-0,131190579;0,143113477;-0,737618842;0;-0,107939457;0,248200774;-0,460302714;1;;;;;;;;;;;;;
932;-0,731770037;0,132737447;-0,268229963;0;-0,515578715;0,149146977;0,031157429;1;-0,671487868;0,243882797;2,357439338;1;;;;;;;;;;;;;
933;-1,252665801;0,177385187;0,252665801;1;-0,504594032;0,162388785;0,009188064;1;0,093998725;0,276848067;-1,469993627;1;;;;;;;;;;;;;
934;-1,189820319;0,161796956;0,189820319;1;-0,575113552;0,15469675;0,150227104;1;-0,032037638;0,262434423;-0,839811809;1;;;;;;;;;;;;;
935;-0,774741766;0,166515644;-0,225258234;1;-0,680459222;0,168090168;0,360918444;1;-0,60718497;0,277008682;2,03592485;1;;;;;;;;;;;;;
936;-1,231738058;0,164126609;0,231738058;1;-0,546037005;0,156212709;0,092074009;1;0,139234245;0,25671366;-1,696171223;1;;;;;;;;;;;;;
937;-0,855970869;0,150384594;-0,144029131;1;-0,387803629;0,145317956;-0,224392743;1;-0,536023105;0,249937221;1,680115523;1;;;;;;;;;;;;;
938;-0,911717777;0,137929242;-0,088282223;1;-1,052288805;0,170107919;1,10457761;0;-0,326515729;0,244471119;0,632578647;1;;;;;;;;;;;;;
939;-0,770973525;0,154025238;-0,229026475;1;-0,577508316;0,145830199;0,155016632;1;-0,291634863;0,249826842;0,458174315;1;;;;;;;;;;;;;
940;-0,741406693;0,14658325;-0,258593307;1;-0,390398966;0,148170902;-0,219202068;1;-0,6903739;0,252557002;2,451869498;1;;;;;;;;;;;;;
941;-0,903380709;0,139059877;-0,096619291;1;-0,496795696;0,143843114;-0,006408608;1;-0,429783222;0,243568202;1,148916111;1;;;;;;;;;;;;;
942;-1,115169886;0,163768363;0,115169886;1;-0,214425342;0,147998164;-0,571149315;1;-0,252256178;0,252239598;0,261280888;1;;;;;;;;;;;;;
943;-1,114777704;0,160267623;0,114777704;1;-0,522084975;0,157893766;0,044169949;1;0,064754105;0,261233934;-1,323770523;1;;;;;;;;;;;;;
944;-0,765840707;0,148429747;-0,234159293;1;-0,835798257;0,161223793;0,671596513;0;-0,120645071;0,252561803;-0,396774647;1;;;;;;;;;;;;;
945;-1,114381934;0,180940646;0,114381934;1;-0,447312264;0,166821032;-0,105375471;1;0,026402597;0,288015457;-1,132012984;1;;;;;;;;;;;;;
946;-1,139924141;0,178372764;0,139924141;1;-0,746116167;0,174311986;0,492232335;1;0,250939261;0,283113688;-2,254696305;1;;;;;;;;;;;;;
947;-1,156389872;0,151483949;0,156389872;1;-0,55561664;0,144478395;0,11123328;1;0,121293241;0,233562109;-1,606466203;1;;;;;;;;;;;;;
948;-0,977024678;0,17145296;-0,022975322;1;-0,450408982;0,17246995;-0,099182036;1;-0,364060423;0,288906831;0,820302114;1;;;;;;;;;;;;;
949;-0,863644791;0,188703128;-0,136355209;1;-0,748606682;0,183957229;0,497213365;1;-0,207733568;0,300327561;0,038667839;1;;;;;;;;;;;;;
950;-0,883634705;0,163510209;-0,116365295;1;-0,481950748;0,17109991;-0,036098503;1;-0,354365506;0,273675239;0,771827528;1;;;;;;;;;;;;;
951;-1,180955534;0,147409271;0,180955534;1;-0,311317466;0,146336126;-0,377365068;1;0,080274229;0,243859276;-1,401371146;1;;;;;;;;;;;;;
952;-0,830164617;0,17451075;-0,169835383;1;-0,549322941;0,165071501;0,098645883;1;-0,530469469;0,286431211;1,652347345;1;;;;;;;;;;;;;
953;-1,125402056;0,181669766;0,125402056;1;-0,620076776;0,175434079;0,240153552;1;0,144433323;0,28458335;-1,722166615;1;;;;;;;;;;;;;
954;-1,066702779;0,172647012;0,066702779;1;-0,604656881;0,172201368;0,209313762;1;0,035630797;0,27942948;-1,178153983;1;;;;;;;;;;;;;
955;-0,804942485;0,131631316;-0,195057515;1;-0,794381339;0,146106984;0,588762678;0;-0,149147456;0,219671259;-0,25426272;1;;;;;;;;;;;;;
956;-0,876800352;0,170001197;-0,123199648;1;-0,561999309;0,165038984;0,123998617;1;-0,100375552;0,27689384;-0,498122241;1;;;;;;;;;;;;;
957;-1,080580162;0,178181569;0,080580162;1;-0,550426057;0,165760837;0,100852114;1;0,045574562;0,265547395;-1,22787281;1;;;;;;;;;;;;;
958;-0,834343569;0,14170935;-0,165656431;1;-0,574222267;0,151977818;0,148444535;1;-0,258832444;0,243181204;0,294162218;1;;;;;;;;;;;;;
959;-0,845073615;0,147348813;-0,154926385;1;-0,225921475;0,148698665;-0,54815705;1;-0,434623061;0,248804796;1,173115304;1;;;;;;;;;;;;;
960;-0,845984695;0,137805687;-0,154015305;1;-0,66952899;0,149074858;0,33905798;1;-0,521985881;0,242572569;1,609929407;1;;;;;;;;;;;;;
961;-1,055687815;0,155283676;0,055687815;1;-0,562959725;0,157335913;0,12591945;1;-0,024268752;0,259576977;-0,878656239;1;;;;;;;;;;;;;
962;-0,857640345;0,175717757;-0,142359655;1;-1,036080018;0,186583677;1,072160037;0;0,04917792;0,299088146;-1,245889599;1;;;;;;;;;;;;;
963;-1,105439265;0,148268601;0,105439265;1;-0,408449967;0,143230188;-0,183100067;1;-0,009759971;0,241896341;-0,951200144;1;;;;;;;;;;;;;
964;-0,764632252;0,158248518;-0,235367748;1;-0,451010173;0,154369775;-0,097979653;1;-0,680299683;0,275996184;2,401498414;1;;;;;;;;;;;;;
965;-1,208798477;0,184913733;0,208798477;1;-0,699269434;0,174431606;0,398538867;1;0,123337716;0,287066965;-1,616688578;1;;;;;;;;;;;;;
966;-1,094062583;0,148933032;0,094062583;1;-0,419110236;0,145883111;-0,161779528;1;0,010540759;0,254000988;-1,052703796;1;;;;;;;;;;;;;
967;-0,79955266;0,152235817;-0,20044734;1;-0,531287274;0,155303411;0,062574548;1;-0,32759239;0,264841004;0,637961949;1;;;;;;;;;;;;;
968;-0,961936856;0,143300671;-0,038063144;1;-0,367945046;0,149466657;-0,264109909;1;-0,379769866;0,252041992;0,898849328;1;;;;;;;;;;;;;
969;-1,315265344;0,179841849;0,315265344;1;-0,633123317;0,158054294;0,266246634;1;0,52346218;0,265621382;-3,6173109;0;;;;;;;;;;;;;
970;-1,031101478;0,13492245;0,031101478;1;-0,414916594;0,136610354;-0,170166811;1;-0,193037146;0,225823521;-0,034814268;1;;;;;;;;;;;;;
971;-0,680362445;0,135472023;-0,319637555;0;-0,583402154;0,145432101;0,166804309;1;-0,818033657;0,244309404;3,090168286;0;;;;;;;;;;;;;
972;-1,256242561;0,159917041;0,256242561;1;-0,526029643;0,157987953;0,052059286;1;0,181945984;0,266289315;-1,909729921;1;;;;;;;;;;;;;
973;-0,859152462;0,146517896;-0,140847538;1;-0,4566943;0,152118999;-0,086611401;1;-0,39763841;0,244348344;0,98819205;1;;;;;;;;;;;;;
974;-1,057493814;0,163762077;0,057493814;1;-0,54924595;0,172531302;0,098491901;1;-0,470834514;0,282820663;1,354172568;1;;;;;;;;;;;;;
975;-0,893013378;0,14837658;-0,106986622;1;-0,747870143;0,162825806;0,495740285;1;-0,140432448;0,247800018;-0,297837759;1;;;;;;;;;;;;;
976;-1,353129273;0,180272789;0,353129273;1;-0,179531341;0,158409595;-0,640937317;0;0,158585226;0,267227055;-1,792926132;1;;;;;;;;;;;;;
977;-0,884030242;0,134460762;-0,115969758;1;-0,688088286;0,143181907;0,376176572;1;-0,055880872;0,218377238;-0,720595638;1;;;;;;;;;;;;;
978;-1,009657883;0,20877232;0,009657883;1;-0,515199764;0,185908385;0,030399528;1;-0,03569535;0,311939909;-0,821523252;1;;;;;;;;;;;;;
979;-1,199921323;0,195667769;0,199921323;1;-0,463333751;0,175314378;-0,073332499;1;0,219677669;0,298456757;-2,098388344;1;;;;;;;;;;;;;
980;-1,293913888;0,164448973;0,293913888;1;-0,124319309;0,13850552;-0,751361382;0;0,30946731;0,245969985;-2,547336548;0;;;;;;;;;;;;;
981;-1,078572882;0,180856277;0,078572882;1;-0,544156949;0,171265253;0,088313898;1;-0,203620822;0,277228722;0,018104109;1;;;;;;;;;;;;;
982;-0,843709177;0,136191342;-0,156290823;1;-0,314783398;0,134782244;-0,370433203;1;-0,32724487;0,233385728;0,636224349;1;;;;;;;;;;;;;
983;-1,016041015;0,147633154;0,016041015;1;-0,49535211;0,159632254;-0,009295781;1;-0,245429788;0,254338031;0,227148938;1;;;;;;;;;;;;;
984;-1,142037274;0,171559601;0,142037274;1;-0,19630337;0,156663782;-0,607393259;1;0,001728154;0,270415716;-1,008640772;1;;;;;;;;;;;;;
985;-1,030027475;0,16080332;0,030027475;1;-0,392335535;0,157663346;-0,21532893;1;-0,158659796;0,27173546;-0,20670102;1;;;;;;;;;;;;;
986;-1,079272316;0,160836512;0,079272316;1;-0,25887618;0,148824306;-0,482247639;1;-0,139072191;0,260269496;-0,304639044;1;;;;;;;;;;;;;
987;-1,075640297;0,16487922;0,075640297;1;-0,573885315;0,173609757;0,147770631;1;-0,229713042;0,283990106;0,148565212;1;;;;;;;;;;;;;
988;-0,958567391;0,174809043;-0,041432609;1;-0,37609917;0,160904089;-0,247801659;1;-0,209013529;0,279188208;0,045067644;1;;;;;;;;;;;;;
989;-1,031483298;0,144356141;0,031483298;1;-0,455621599;0,143247861;-0,088756802;1;-0,014483807;0,238818779;-0,927580963;1;;;;;;;;;;;;;
990;-0,904876337;0,151896937;-0,095123663;1;-0,57286666;0,161752617;0,145733321;1;-0,339744803;0,253404216;0,698724016;1;;;;;;;;;;;;;
991;-1,080130531;0,186667276;0,080130531;1;-0,324609609;0,163631652;-0,350780782;1;-0,074802059;0,28558022;-0,625989704;1;;;;;;;;;;;;;
992;-1,082776678;0,160855249;0,082776678;1;-0,660256577;0,160750805;0,320513154;1;-0,016545525;0,250123905;-0,917272373;1;;;;;;;;;;;;;
993;-1,091935943;0,168758301;0,091935943;1;-0,298035146;0,157260888;-0,403929708;1;-0,072572462;0,275985525;-0,637137688;1;;;;;;;;;;;;;
994;-1,087151588;0,159200492;0,087151588;1;-0,553519721;0,163178423;0,107039443;1;-0,276982693;0,275602561;0,384913465;1;;;;;;;;;;;;;
995;-1,157983893;0,184595173;0,157983893;1;-0,228788163;0,167791118;-0,542423674;1;-0,56160747;0,29403379;1,808037348;1;;;;;;;;;;;;;
996;-1,270601924;0,187076704;0,270601924;1;-0,319309318;0,164493724;-0,361381365;1;0,026302251;0,295641708;-1,131511255;1;;;;;;;;;;;;;
997;-0,529490336;0,121682807;-0,470509664;0;-0,788247621;0,148089001;0,576495242;1;-1,107922993;0,228587034;4,539614967;0;;;;;;;;;;;;;
998;-0,875424646;0,145551361;-0,124575354;1;-0,395373891;0,136675025;-0,209252219;1;-0,347178044;0,233989793;0,735890219;1;;;;;;;;;;;;;
999;-0,858691323;0,148414345;-0,141308677;1;-0,716882741;0,158483109;0,433765483;1;-0,431752069;0,251083064;1,158760346;1;;;;;;;;;;;;;
1000;-1,13564417;0,157501809;0,13564417;1;-0,362836909;0,149723162;-0,274326181;1;0,113697397;0,253448874;-1,568486987;1;;;;;;;;;;;;;
