;mean;se;bias;cp;mean;se;bias;cp;mean;se;bias;cp
1;-0,916779427;0,059010229;-0,083220573;1;-0,585397507;0,064285116;0,170795013;1;-0,310399241;0,104207606;0,551996206;1
2;-1,063473428;0,066750087;0,063473428;1;-0,495671277;0,066547455;-0,008657445;1;-0,061965962;0,109661005;-0,690170188;1
3;-1,080425234;0,066908481;0,080425234;1;-0,400221733;0,063918351;-0,199556534;1;-0,071509748;0,108431749;-0,64245126;1
4;-1,085347817;0,070289857;0,085347817;1;-0,419953946;0,067698759;-0,160092109;1;-0,23640078;0,115800696;0,182003898;1
5;-1,040206821;0,066469332;0,040206821;1;-0,41394232;0,063428233;-0,17211536;1;-0,200413112;0,109529453;0,002065561;1
6;-0,996527032;0,064315635;-0,003472968;1;-0,482986951;0,0670345;-0,034026097;1;-0,299740895;0,109952085;0,498704473;1
7;-1,129962694;0,064863779;0,129962694;0;-0,480556409;0,064602727;-0,038887182;1;0,001864639;0,105285885;-1,009323196;1
8;-0,951148071;0,061110287;-0,048851929;1;-0,516595639;0,063235656;0,033191279;1;-0,224909726;0,10496754;0,124548631;1
9;-1,127269235;0,068848489;0,127269235;1;-0,448059773;0,067600079;-0,103880454;1;-0,06372138;0,113148602;-0,681393099;1
10;-1,012767217;0,069032405;0,012767217;1;-0,462836987;0,067451655;-0,074326027;1;-0,256568907;0,115203166;0,282844537;1
11;-0,988907883;0,069510792;-0,011092117;1;-0,578206807;0,069627295;0,156413614;1;-0,172334163;0,115128671;-0,138329185;1
12;-1,05929665;0,06793808;0,05929665;1;-0,49523854;0,066548094;-0,00952292;1;-0,147587301;0,113280024;-0,262063494;1
13;-0,995038478;0,067188092;-0,004961522;1;-0,495605279;0,066995557;-0,008789442;1;-0,230683838;0,113767235;0,15341919;1
14;-0,886853746;0,059358438;-0,113146254;1;-0,476702995;0,063849708;-0,046594009;1;-0,483220315;0,105359873;1,416101576;0
15;-0,997180051;0,066345815;-0,002819949;1;-0,508189826;0,067155453;0,016379652;1;-0,170606129;0,110683591;-0,146969353;1
16;-0,954558247;0,066151586;-0,045441753;1;-0,566844876;0,068588505;0,133689752;1;-0,17032253;0,111337426;-0,14838735;1
17;-0,909168342;0,059413499;-0,090831658;1;-0,560803887;0,062613026;0,121607775;1;-0,250599078;0,10184516;0,25299539;1
18;-1,048432121;0,066489466;0,048432121;1;-0,4404739;0,065043587;-0,119052199;1;-0,128705331;0,109284641;-0,356473344;1
19;-1,147687854;0,067495823;0,147687854;0;-0,581026419;0,06702488;0,162052839;1;0,091331976;0,108054015;-1,45665988;0
20;-0,963720389;0,064133293;-0,036279611;1;-0,497382444;0,066887902;-0,005235113;1;-0,282226967;0,107478853;0,411134837;1
21;-1,106052204;0,070116593;0,106052204;1;-0,397749897;0,065976007;-0,204500205;1;-0,079103871;0,112317078;-0,604480643;1
22;-0,99278862;0,070719989;-0,00721138;1;-0,501830279;0,06980634;0,003660559;1;-0,162545523;0,117195219;-0,187272383;1
23;-1,017022166;0,068266539;0,017022166;1;-0,465764589;0,067820201;-0,068470823;1;-0,148688802;0,112113217;-0,256555991;1
24;-0,965260191;0,06551595;-0,034739809;1;-0,436132899;0,06598448;-0,127734202;1;-0,286330594;0,111165194;0,43165297;1
25;-0,9976777;0,062317605;-0,0023223;1;-0,457412145;0,062020068;-0,08517571;1;-0,158849618;0,105170081;-0,205751912;1
26;-1,008403914;0,064520868;0,008403914;1;-0,561580528;0,066452005;0,123161056;1;-0,073593583;0,107591246;-0,632032083;1
27;-1,043986264;0,065750292;0,043986264;1;-0,457425164;0,063650152;-0,085149672;1;-0,172786562;0,109570751;-0,13606719;1
28;-0,999077733;0,066414867;-0,000922267;1;-0,465108609;0,067762466;-0,069782783;1;-0,251052996;0,112379416;0,255264981;1
29;-0,842682122;0,062856937;-0,157317878;0;-0,659120127;0,067331766;0,318240253;0;-0,340760122;0,106762688;0,703800611;1
30;-1,026204237;0,067626125;0,026204237;1;-0,54400548;0,068129853;0,088010959;1;-0,051616562;0,109571846;-0,741917192;1
31;-1,027638654;0,06946895;0,027638654;1;-0,429479358;0,067840303;-0,141041284;1;-0,188895051;0,113961598;-0,055524745;1
32;-1,092121397;0,065559169;0,092121397;1;-0,526548209;0,066402091;0,053096418;1;-0,126600009;0,10988215;-0,366999956;1
33;-0,942576409;0,066769552;-0,057423591;1;-0,51234556;0,067607947;0,024691119;1;-0,31052382;0,111896422;0,552619102;1
34;-0,97606158;0,070855503;-0,02393842;1;-0,481481419;0,068593721;-0,037037161;1;-0,153684471;0,117122214;-0,231577646;1
35;-0,955179759;0,067397211;-0,044820241;1;-0,515399387;0,067371308;0,030798774;1;-0,297648018;0,114300715;0,48824009;1
36;-1,037584398;0,065154492;0,037584398;1;-0,485278387;0,065567021;-0,029443226;1;-0,16758882;0,109757801;-0,162055899;1
37;-0,875468913;0,058963625;-0,124531087;0;-0,515253962;0,063091045;0,030507923;1;-0,462533933;0,102360596;1,312669665;0
38;-1,047821416;0,063485207;0,047821416;1;-0,629926797;0,066223096;0,259853594;0;-0,028423235;0,106957634;-0,857883823;1
39;-0,996986784;0,066986125;-0,003013216;1;-0,524789397;0,067461239;0,049578795;1;-0,216343941;0,113016621;0,081719707;1
40;-1,043125689;0,068335739;0,043125689;1;-0,513831187;0,065934702;0,027662375;1;-0,040708986;0,108688228;-0,79645507;1
41;-0,915898849;0,062043241;-0,084101151;1;-0,544128394;0,064588546;0,088256789;1;-0,414317379;0,106718017;1,071586895;0
42;-0,945699712;0,06488637;-0,054300288;1;-0,520490511;0,06591561;0,040981021;1;-0,157449605;0,107300627;-0,212751976;1
43;-0,888821966;0,061292978;-0,111178034;1;-0,498826416;0,064776233;-0,002347168;1;-0,390656435;0,107780932;0,953282173;1
44;-0,993670638;0,058737204;-0,006329362;1;-0,485153789;0,063747179;-0,029692422;1;-0,225410975;0,101872167;0,127054876;1
45;-0,910563261;0,06579416;-0,089436739;1;-0,512636595;0,065370432;0,02527319;1;-0,354490644;0,109562608;0,772453221;1
46;-1,009937621;0,065101214;0,009937621;1;-0,481672708;0,065900908;-0,036654585;1;-0,288563945;0,110839732;0,442819726;1
47;-1,070439042;0,070558324;0,070439042;1;-0,476067103;0,067775239;-0,047865793;1;-0,127326885;0,11280217;-0,363365575;1
48;-1,004335325;0,068574195;0,004335325;1;-0,608822976;0,070511252;0,217645952;1;-0,194936382;0,113678417;-0,025318091;1
49;-1,09865087;0,062656032;0,09865087;1;-0,587749059;0,064711148;0,175498118;1;-0,027420129;0,105601972;-0,862899353;1
50;-0,909762954;0,06573924;-0,090237046;1;-0,45440939;0,067719562;-0,09118122;1;-0,358888156;0,1119803;0,794440779;1
51;-1,021523193;0,067215657;0,021523193;1;-0,495408207;0,066169289;-0,009183585;1;-0,11964943;0,109213466;-0,401752849;1
52;-1,040480661;0,068792439;0,040480661;1;-0,497338477;0,067399666;-0,005323047;1;-0,196760876;0,111144285;-0,016195618;1
53;-1,026865325;0,065543286;0,026865325;1;-0,457646826;0,064887461;-0,084706348;1;-0,066773352;0,106898754;-0,666133242;1
54;-1,088159975;0,072392311;0,088159975;1;-0,39087232;0,068144266;-0,21825536;1;-0,096271661;0,114812525;-0,518641697;1
55;-1,044287106;0,061270417;0,044287106;1;-0,528554606;0,062480811;0,057109212;1;-0,001686417;0,101034895;-0,991567913;0
56;-1,063156285;0,063019375;0,063156285;1;-0,489023068;0,065091979;-0,021953864;1;-0,111585163;0,105492381;-0,442074184;1
57;-0,926547495;0,062730576;-0,073452505;1;-0,583610964;0,06687395;0,167221929;1;-0,307581952;0,108451444;0,53790976;1
58;-1,055508396;0,067659086;0,055508396;1;-0,397800703;0,066524595;-0,204398593;1;-0,17521788;0,110987576;-0,123910601;1
59;-0,993667756;0,066889996;-0,006332244;1;-0,543999806;0,066715165;0,087999611;1;-0,18232903;0,108869378;-0,088354852;1
60;-0,888849553;0,061564678;-0,111150447;1;-0,452532943;0,063074142;-0,094934113;1;-0,377096232;0,105638413;0,885481162;1
61;-0,894157416;0,064351379;-0,105842584;1;-0,534738497;0,06564765;0,069476995;1;-0,260593264;0,107594205;0,302966321;1
62;-0,969740347;0,064602057;-0,030259653;1;-0,51788224;0,065482837;0,03576448;1;-0,235968382;0,109126469;0,17984191;1
63;-0,956095759;0,065499458;-0,043904241;1;-0,432048466;0,065720976;-0,135903068;1;-0,292943937;0,109682284;0,464719683;1
64;-0,946018275;0,061688386;-0,053981725;1;-0,573722583;0,065929554;0,147445166;1;-0,334300948;0,105173254;0,671504738;1
65;-1,166427388;0,067397944;0,166427388;0;-0,442588015;0,063289781;-0,114823969;1;0,137925399;0,105263895;-1,689626993;0
66;-0,90502691;0,064115793;-0,09497309;1;-0,416265408;0,064988515;-0,167469184;1;-0,364752291;0,107083861;0,823761456;1
67;-0,877900292;0,065200911;-0,122099708;1;-0,622508829;0,065657958;0,245017658;1;-0,216934903;0,108099446;0,084674513;1
68;-1,020779643;0,064329893;0,020779643;1;-0,484278133;0,065152814;-0,031443734;1;-0,166213509;0,105842659;-0,168932455;1
69;-0,889720873;0,066626589;-0,110279127;1;-0,561290858;0,067972841;0,122581715;1;-0,275077059;0,111691992;0,375385293;1
70;-0,966684492;0,062718866;-0,033315508;1;-0,484679078;0,064959455;-0,030641844;1;-0,254149363;0,106808059;0,270746814;1
71;-1,068550264;0,065827666;0,068550264;1;-0,523952452;0,065936272;0,047904904;1;-0,136817573;0,108132257;-0,315912134;1
72;-1,102746094;0,070837403;0,102746094;1;-0,495535634;0,066670576;-0,008928731;1;0,039471238;0,111850743;-1,197356189;0
73;-0,897256956;0,062737649;-0,102743044;1;-0,563665798;0,066333555;0,127331596;1;-0,276220797;0,106239178;0,381103986;1
74;-1,095026521;0,069044474;0,095026521;1;-0,368192581;0,065116196;-0,263614837;0;-0,063806704;0,111050779;-0,680966478;1
75;-1,089728805;0,068181507;0,089728805;1;-0,434069599;0,065944836;-0,131860801;1;-0,035506311;0,109643546;-0,822468447;1
76;-0,975460662;0,067667107;-0,024539338;1;-0,587017629;0,068840791;0,174035258;1;-0,2325577;0,112811009;0,162788502;1
77;-0,934524513;0,061753144;-0,065475487;1;-0,547321004;0,065312543;0,094642009;1;-0,278380068;0,105194391;0,391900341;1
78;-0,887192795;0,060698007;-0,112807205;1;-0,539836619;0,062542897;0,079673238;1;-0,244876323;0,101356727;0,224381613;1
79;-0,992082431;0,071317554;-0,007917569;1;-0,528229517;0,068578681;0,056459034;1;-0,080695994;0,114050513;-0,59652003;1
80;-0,981494377;0,065928212;-0,018505623;1;-0,43687311;0,064934756;-0,12625378;1;-0,235619011;0,110263508;0,178095054;1
81;-0,992412744;0,065422476;-0,007587256;1;-0,470684127;0,065962826;-0,058631746;1;-0,285440349;0,112383858;0,427201744;1
82;-0,99989069;0,064529775;-0,00010931;1;-0,425766775;0,062993333;-0,148466451;1;-0,190900876;0,107609165;-0,045495622;1
83;-0,955431138;0,067704387;-0,044568862;1;-0,449400467;0,065900608;-0,101199067;1;-0,256971412;0,11207693;0,284857061;1
84;-1,089126494;0,067528204;0,089126494;1;-0,448800608;0,067681635;-0,102398784;1;-0,12133666;0,113140518;-0,393316701;1
85;-0,981904676;0,060383987;-0,018095324;1;-0,535187027;0,064484229;0,070374053;1;-0,162694804;0,102149471;-0,186525981;1
86;-0,96190765;0,06948712;-0,03809235;1;-0,604917092;0,07084228;0,209834184;1;-0,176966356;0,116328133;-0,115168218;1
87;-1,067031;0,065019762;0,067031;1;-0,42976935;0,064455449;-0,140461299;1;-0,091379147;0,109953051;-0,543104266;1
88;-0,93164272;0,065204534;-0,06835728;1;-0,417759681;0,06496455;-0,164480639;1;-0,366498157;0,108167078;0,832490787;1
89;-0,939906724;0,064462466;-0,060093276;1;-0,548068987;0,067338876;0,096137973;1;-0,293840724;0,107590031;0,46920362;1
90;-0,854088115;0,063374449;-0,145911885;0;-0,601968669;0,066340727;0,203937338;1;-0,360145398;0,110472706;0,800726992;1
91;-1,027585656;0,062739006;0,027585656;1;-0,54056449;0,064447943;0,081128979;1;-0,084036844;0,104578309;-0,579815782;1
92;-1,164107241;0,0682613;0,164107241;0;-0,538221072;0,065438516;0,076442145;1;0,167003364;0,107445887;-1,835016819;0
93;-0,983678928;0,075005139;-0,016321072;1;-0,445884253;0,071283612;-0,108231493;1;-0,364494211;0,122538573;0,822471057;1
94;-0,98397434;0,067669024;-0,01602566;1;-0,429460009;0,064616555;-0,141079982;1;-0,101762455;0,109331373;-0,491187726;1
95;-0,993420075;0,067473981;-0,006579925;1;-0,578997161;0,068424102;0,157994321;1;-0,279740312;0,113394487;0,398701561;1
96;-1,035423984;0,066165163;0,035423984;1;-0,459895277;0,065338831;-0,080209446;1;-0,07236468;0,10771727;-0,638176599;1
97;-0,972047;0,065018957;-0,027953;1;-0,518867256;0,06527342;0,037734513;1;-0,17456881;0,1101521;-0,127155949;1
98;-1,090943192;0,067005997;0,090943192;1;-0,463216993;0,064930983;-0,073566013;1;-0,067036783;0,107550683;-0,664816084;1
99;-0,950209648;0,06276601;-0,049790352;1;-0,581975065;0,06577952;0,163950129;1;-0,195505213;0,105705481;-0,022473937;1
100;-0,99308097;0,06138919;-0,00691903;1;-0,458207406;0,063710643;-0,083585188;1;-0,195520786;0,103549363;-0,022396071;1
101;-1,052057985;0,066347165;0,052057985;1;-0,382043134;0,064293634;-0,235913731;1;-0,123448428;0,108637267;-0,382757858;1
102;-0,915437386;0,062046423;-0,084562614;1;-0,503082909;0,067827801;0,006165818;1;-0,463231522;0,111184472;1,316157611;0
103;-0,997658929;0,06668518;-0,002341071;1;-0,463874986;0,065576333;-0,072250029;1;-0,197766743;0,109274187;-0,011166284;1
104;-0,954472934;0,063254435;-0,045527066;1;-0,522920409;0,06558433;0,045840817;1;-0,258287251;0,107448581;0,291436257;1
105;-1,009510916;0,065956302;0,009510916;1;-0,495376402;0,06619127;-0,009247197;1;-0,093126439;0,108307368;-0,534367806;1
106;-1,045205343;0,060434636;0,045205343;1;-0,563968701;0,06296515;0,127937402;1;-0,072032827;0,101423533;-0,639835867;1
107;-0,899670834;0,070450378;-0,100329166;1;-0,580657272;0,072171167;0,161314544;1;-0,332633502;0,118759693;0,663167512;1
108;-0,902143111;0,066382915;-0,097856889;1;-0,567402251;0,068989386;0,134804501;1;-0,330106057;0,112401609;0,650530284;1
109;-1,030406503;0,06891478;0,030406503;1;-0,438002157;0,068185412;-0,123995686;1;-0,160571186;0,114704136;-0,197144068;1
110;-0,967839558;0,068476224;-0,032160442;1;-0,467016664;0,068810717;-0,065966672;1;-0,30310201;0,115214589;0,515510052;1
111;-1,099115605;0,066359971;0,099115605;1;-0,43232588;0,065513797;-0,13534824;1;-0,098086075;0,108893188;-0,509569624;1
112;-0,968070121;0,064079232;-0,031929879;1;-0,599314911;0,067394162;0,198629822;1;-0,136384968;0,108245174;-0,318075162;1
113;-1,131381043;0,067406784;0,131381043;1;-0,496254205;0,065214988;-0,00749159;1;0,066409064;0,107700423;-1,332045319;0
114;-1,176593428;0,070135358;0,176593428;0;-0,425433059;0,066166918;-0,149133883;1;0,025095886;0,109636183;-1,12547943;0
115;-0,851135914;0,064152062;-0,148864086;0;-0,587553254;0,065706662;0,175106508;1;-0,308210502;0,110558721;0,541052512;1
116;-1,185278159;0,068903108;0,185278159;0;-0,45529997;0,066778838;-0,089400061;1;0,099162439;0,10985151;-1,495812193;0
117;-1,030093328;0,069388293;0,030093328;1;-0,453822987;0,067228394;-0,092354027;1;-0,135194192;0,113085344;-0,324029039;1
118;-1,074942674;0,067636787;0,074942674;1;-0,514374954;0,068208219;0,028749908;1;-0,171375531;0,111519638;-0,143122344;1
119;-0,931181518;0,065767352;-0,068818482;1;-0,579750741;0,068606132;0,159501481;1;-0,329056423;0,112287994;0,645282113;1
120;-0,971476427;0,065979024;-0,028523573;1;-0,438068378;0,064717562;-0,123863244;1;-0,225336831;0,109459594;0,126684156;1
121;-0,920741686;0,060544008;-0,079258314;1;-0,469357167;0,062324778;-0,061285667;1;-0,256761238;0,102803369;0,283806189;1
122;-0,946160052;0,066359495;-0,053839948;1;-0,519744515;0,066360323;0,03948903;1;-0,252262807;0,109674716;0,261314036;1
123;-0,990431478;0,065138621;-0,009568522;1;-0,607291836;0,067625894;0,214583671;1;-0,196195022;0,108749396;-0,019024892;1
124;-1,000345421;0,069231424;0,000345421;1;-0,457922673;0,068224426;-0,084154654;1;-0,22588396;0,114140392;0,129419799;1
125;-1,057744088;0,06627698;0,057744088;1;-0,50171535;0,067553868;0,003430699;1;-0,283857654;0,114199564;0,419288269;1
126;-0,944795156;0,061130928;-0,055204844;1;-0,587755581;0,065378388;0,175511161;1;-0,257838826;0,103983657;0,289194129;1
127;-0,99473739;0,068963164;-0,00526261;1;-0,521107333;0,06968827;0,042214666;1;-0,245700531;0,114505585;0,228502656;1
128;-1,019895584;0,065366614;0,019895584;1;-0,548423046;0,066599569;0,096846091;1;-0,07063852;0,109503038;-0,646807401;1
129;-0,963980181;0,065172245;-0,036019819;1;-0,502064699;0,064400291;0,004129398;1;-0,158438164;0,106167937;-0,207809178;1
130;-1,076328576;0,066854502;0,076328576;1;-0,420275265;0,066073549;-0,159449469;1;-0,098716227;0,109446362;-0,506418864;1
131;-0,969044793;0,062274757;-0,030955207;1;-0,597758398;0,064450565;0,195516796;1;-0,160975208;0,104605766;-0,195123962;1
132;-0,905759975;0,062645131;-0,094240025;1;-0,442657262;0,064164931;-0,114685475;1;-0,341665233;0,107800788;0,708326166;1
133;-0,981117821;0,066684649;-0,018882179;1;-0,477048229;0,066881968;-0,045903543;1;-0,217726236;0,111288721;0,08863118;1
134;-0,917925874;0,061343296;-0,082074126;1;-0,615217077;0,067080648;0,230434154;1;-0,329141318;0,104246267;0,645706592;1
135;-1,10204504;0,067732799;0,10204504;1;-0,40584022;0,06588759;-0,188319559;1;-0,109223424;0,112655527;-0,453882878;1
136;-1,041414552;0,067909306;0,041414552;1;-0,424966931;0,066630221;-0,150066138;1;-0,139208896;0,112319558;-0,30395552;1
137;-0,936334026;0,06330891;-0,063665974;1;-0,556784768;0,065888407;0,113569535;1;-0,283003166;0,107642567;0,41501583;1
138;-1,114592455;0,066318066;0,114592455;1;-0,493321993;0,065915817;-0,013356013;1;-0,095369533;0,108626762;-0,523152333;1
139;-1,093431469;0,070429585;0,093431469;1;-0,528266616;0,067417512;0,056533232;1;0,017294295;0,111619454;-1,086471475;1
140;-0,972007813;0,063917863;-0,027992187;1;-0,567000948;0,066495279;0,134001897;1;-0,231593833;0,107848196;0,157969166;1
141;-0,998519476;0,06632236;-0,001480524;1;-0,50348817;0,065647532;0,00697634;1;-0,170780427;0,109063586;-0,146097865;1
142;-0,971802658;0,067605047;-0,028197342;1;-0,435317819;0,069317842;-0,129364361;1;-0,370875529;0,116026326;0,854377647;1
143;-1,046089246;0,068242626;0,046089246;1;-0,549585636;0,068044085;0,099171272;1;-0,051688302;0,110858779;-0,741558488;1
144;-1,0114132;0,06299956;0,0114132;1;-0,510438179;0,064342894;0,020876359;1;-0,184425418;0,105572779;-0,077872909;1
145;-0,987833424;0,061407419;-0,012166576;1;-0,528493836;0,063941948;0,056987672;1;-0,168176984;0,103834991;-0,159115082;1
146;-0,946869981;0,068165147;-0,053130019;1;-0,522199543;0,067566179;0,044399085;1;-0,275527098;0,115557822;0,377635491;1
147;-0,984117964;0,065386602;-0,015882036;1;-0,447900506;0,065362205;-0,104198988;1;-0,328722482;0,109162001;0,643612409;1
148;-0,931845634;0,065554254;-0,068154366;1;-0,608665172;0,067869462;0,217330345;1;-0,244825476;0,111322761;0,224127378;1
149;-1,010177419;0,07401417;0,010177419;1;-0,547092668;0,0718058;0,094185336;1;-0,140348934;0,119212951;-0,298255331;1
150;-0,961306985;0,067387846;-0,038693015;1;-0,534405046;0,068503553;0,068810092;1;-0,261328493;0,1116418;0,306642466;1
151;-0,959100384;0,069003271;-0,040899616;1;-0,442929806;0,067643226;-0,114140389;1;-0,328364674;0,115115773;0,641823371;1
152;-1,185095595;0,071766141;0,185095595;0;-0,504216652;0,068282191;0,008433304;1;0,138752515;0,115475546;-1,693762574;0
153;-0,954540888;0,068000404;-0,045459112;1;-0,451771204;0,0680652;-0,096457592;1;-0,332792774;0,115974598;0,663963871;1
154;-0,982889801;0,066921056;-0,017110199;1;-0,458555058;0,065184122;-0,082889884;1;-0,215277934;0,111468119;0,076389668;1
155;-0,964286362;0,065892614;-0,035713638;1;-0,526722382;0,066557075;0,053444764;1;-0,184845082;0,107907076;-0,075774589;1
156;-1,06282103;0,068679437;0,06282103;1;-0,548583849;0,069042689;0,097167697;1;-0,087238451;0,113021586;-0,563807745;1
157;-0,946557094;0,060286766;-0,053442906;1;-0,550528136;0,064140159;0,101056272;1;-0,20769748;0,102953402;0,038487399;1
158;-1,093182941;0,071411945;0,093182941;1;-0,487562512;0,068918455;-0,024874976;1;-0,079411327;0,116307184;-0,602943367;1
159;-0,988950485;0,065342906;-0,011049515;1;-0,427552325;0,065679476;-0,144895351;1;-0,315943537;0,108420125;0,579717686;1
160;-1,052016549;0,067614481;0,052016549;1;-0,40788942;0,067076271;-0,18422116;1;-0,258694068;0,112470317;0,293470341;1
161;-1,015002654;0,073211897;0,015002654;1;-0,521504136;0,069817524;0,043008272;1;-0,145349351;0,118430843;-0,273253243;1
162;-1,115111049;0,068771974;0,115111049;1;-0,470405723;0,06717886;-0,059188553;1;-0,070822778;0,112040079;-0,645886109;1
163;-0,958805379;0,067490648;-0,041194621;1;-0,391201572;0,067788893;-0,217596857;1;-0,352197045;0,112549282;0,760985226;1
164;-1,131755579;0,06981092;0,131755579;1;-0,48747988;0,067876982;-0,025040239;1;-0,007106369;0,113411653;-0,964468157;1
165;-0,923701361;0,066956009;-0,076298639;1;-0,408931275;0,065669585;-0,182137451;1;-0,291014475;0,112817764;0,455072375;1
166;-0,988611974;0,061661815;-0,011388026;1;-0,539252472;0,063591766;0,078504945;1;-0,140822196;0,10524099;-0,295889018;1
167;-1,001497672;0,06867089;0,001497672;1;-0,489924772;0,067222613;-0,020150455;1;-0,21317231;0,113710011;0,06586155;1
168;-1,007133783;0,066126326;0,007133783;1;-0,528766981;0,068560559;0,057533963;1;-0,172393286;0,112374394;-0,138033571;1
169;-1,006226984;0,062539648;0,006226984;1;-0,448018419;0,062800686;-0,103963161;1;-0,211520432;0,105106607;0,057602158;1
170;-0,982317115;0,063308731;-0,017682885;1;-0,482950566;0,064414909;-0,034098868;1;-0,192273819;0,105324222;-0,038630906;1
171;-1,051527699;0,069939382;0,051527699;1;-0,562106578;0,072225134;0,124213156;1;-0,169463601;0,117825439;-0,152681994;1
172;-0,929722278;0,066865955;-0,070277722;1;-0,566449079;0,068023551;0,132898158;1;-0,303364265;0,110711717;0,516821326;1
173;-0,929396179;0,06275595;-0,070603821;1;-0,619773329;0,067529059;0,239546658;1;-0,334103476;0,107902736;0,67051738;1
174;-0,904412479;0,063179519;-0,095587521;1;-0,629241854;0,06904675;0,258483709;1;-0,338794236;0,109701417;0,69397118;1
175;-1,0092648;0,064629424;0,0092648;1;-0,543370379;0,06704744;0,086740758;1;-0,176642525;0,109767395;-0,116787374;1
176;-0,947431837;0,063319066;-0,052568163;1;-0,506683627;0,063720653;0,013367255;1;-0,19403956;0,107532376;-0,029802199;1
177;-0,983333894;0,067162626;-0,016666106;1;-0,390336726;0,065692929;-0,219326548;1;-0,240917609;0,111369527;0,204588045;1
178;-1,114779526;0,068845984;0,114779526;1;-0,532913303;0,067878233;0,065826605;1;-0,039400969;0,111703887;-0,802995155;1
179;-1,070413213;0,068633582;0,070413213;1;-0,597589133;0,068715354;0,195178266;1;-0,08247144;0,112012326;-0,587642801;1
180;-1,031346908;0,07045946;0,031346908;1;-0,481267102;0,069476349;-0,037465796;1;-0,115972344;0,116274584;-0,420138282;1
181;-0,986688782;0,064028369;-0,013311218;1;-0,528427352;0,065257548;0,056854705;1;-0,210637255;0,109529298;0,053186277;1
182;-1,034521683;0,067988421;0,034521683;1;-0,525953517;0,06877;0,051907034;1;-0,185282581;0,113458298;-0,073587093;1
183;-1,149189304;0,067715467;0,149189304;0;-0,470643463;0,066986302;-0,058713074;1;-0,043261383;0,110671779;-0,783693085;1
184;-0,878572876;0,069606102;-0,121427124;1;-0,507671824;0,070198333;0,015343647;1;-0,287792306;0,115118256;0,438961532;1
185;-1,019394134;0,065276688;0,019394134;1;-0,494168331;0,066131296;-0,011663339;1;-0,19161894;0,108866656;-0,041905302;1
186;-1,034104816;0,06596856;0,034104816;1;-0,560229933;0,066906853;0,120459865;1;-0,13554139;0,108910272;-0,322293052;1
187;-0,996070736;0,069334119;-0,003929264;1;-0,440116334;0,066749039;-0,119767331;1;-0,292303235;0,11476507;0,461516174;1
188;-0,996549558;0,064876366;-0,003450442;1;-0,47680538;0,064849195;-0,046389239;1;-0,192622313;0,108991937;-0,036888434;1
189;-1,042344216;0,066890303;0,042344216;1;-0,478405477;0,06708927;-0,043189047;1;-0,189963882;0,111650779;-0,050180589;1
190;-1,052026085;0,067236068;0,052026085;1;-0,564804099;0,067091012;0,129608198;1;-0,045060314;0,109235197;-0,77469843;1
191;-0,919141196;0,060365764;-0,080858804;1;-0,57197205;0,064498601;0,143944099;1;-0,264281346;0,103373171;0,321406731;1
192;-1,080742575;0,071102874;0,080742575;1;-0,45992855;0,069283974;-0,080142901;1;-0,156796836;0,115208055;-0,21601582;1
193;-0,967707314;0,060964295;-0,032292686;1;-0,552425526;0,063000562;0,104851053;1;-0,04303369;0,101326891;-0,78483155;1
194;-1,16612466;0,068368898;0,16612466;0;-0,378811046;0,06469986;-0,242377907;1;0,087676057;0,108803175;-1,438380283;0
195;-1,023329137;0,06468277;0,023329137;1;-0,483870979;0,066252093;-0,032258043;1;-0,250129921;0,110009593;0,250649607;1
196;-1,052214105;0,066934206;0,052214105;1;-0,417836078;0,065100826;-0,164327844;1;-0,143876498;0,109462191;-0,280617511;1
197;-0,997084872;0,065353485;-0,002915128;1;-0,493674692;0,065015189;-0,012650617;1;-0,13169455;0,107281376;-0,34152725;1
198;-0,976937251;0,064936416;-0,023062749;1;-0,542072142;0,065883026;0,084144284;1;-0,123076225;0,107167347;-0,384618874;1
199;-0,946811606;0,062820326;-0,053188394;1;-0,401931072;0,062675854;-0,196137857;1;-0,302607517;0,108378582;0,513037586;1
200;-0,908514816;0,063949708;-0,091485184;1;-0,447238614;0,06598535;-0,105522772;1;-0,411517253;0,108790254;1,057586266;1
201;-1,089929962;0,062527709;0,089929962;1;-0,472905532;0,062357015;-0,054188936;1;0,031252494;0,101923674;-1,15626247;0
202;-1,012510988;0,064451535;0,012510988;1;-0,39402501;0,064397362;-0,21194998;1;-0,299371529;0,107041339;0,496857644;1
203;-0,882067463;0,061295736;-0,117932537;1;-0,603325571;0,065755248;0,206651143;1;-0,390865527;0,104540111;0,954327633;1
204;-0,927510705;0,060727842;-0,072489295;1;-0,647731541;0,065432673;0,295463081;0;-0,212695654;0,104520429;0,063478268;1
205;-0,90234335;0,063191644;-0,09765665;1;-0,645354865;0,067787339;0,29070973;0;-0,320106488;0,109013785;0,60053244;1
206;-1,00798874;0,068258301;0,00798874;1;-0,483715169;0,067209705;-0,032569662;1;-0,231349922;0,114944929;0,156749609;1
207;-0,957667536;0,062551385;-0,042332464;1;-0,663443205;0,066582189;0,326886409;0;-0,288910095;0,105393228;0,444550474;1
208;-0,955746;0,065186156;-0,044254;1;-0,479178059;0,066007737;-0,041643881;1;-0,332823189;0,111407346;0,664115946;1
209;-0,97583112;0,063647845;-0,02416888;1;-0,493276503;0,065472364;-0,013446994;1;-0,382889739;0,10809252;0,914448696;1
210;-1,018376896;0,065465346;0,018376896;1;-0,580168756;0,067403905;0,160337511;1;-0,183201793;0,109546756;-0,083991037;1
211;-1,070734695;0,066333081;0,070734695;1;-0,434745716;0,066000013;-0,130508568;1;-0,203601071;0,110184642;0,018005353;1
212;-0,955362058;0,062603077;-0,044637942;1;-0,57152028;0,06504602;0,143040561;1;-0,313593843;0,106132036;0,567969215;1
213;-1,091944643;0,066080375;0,091944643;1;-0,407375603;0,063946913;-0,185248794;1;-0,209870999;0,106775408;0,049354994;1
214;-0,910041328;0,064381193;-0,089958672;1;-0,574420595;0,066081565;0,14884119;1;-0,370030705;0,111491699;0,850153526;1
215;-1,112111942;0,065891942;0,112111942;1;-0,342039631;0,064968972;-0,315920738;0;-0,231243032;0,110036171;0,156215159;1
216;-0,941275819;0,066592541;-0,058724181;1;-0,569872198;0,066848167;0,139744395;1;-0,196890484;0,110002996;-0,015547581;1
217;-1,065466661;0,071513555;0,065466661;1;-0,542407381;0,06916447;0,084814763;1;-0,00531358;0,114588713;-0,973432101;1
218;-0,884599012;0,067095125;-0,115400988;1;-0,538196345;0,067654516;0,07639269;1;-0,336028481;0,112301585;0,680142404;1
219;-0,973338589;0,05913563;-0,026661411;1;-0,514929403;0,061469509;0,029858805;1;-0,21494827;0,100881246;0,07474135;1
220;-0,895046913;0,062606478;-0,104953087;1;-0,496948121;0,065043217;-0,006103759;1;-0,306345377;0,107027287;0,531726887;1
221;-0,973891987;0,063496024;-0,026108013;1;-0,482195516;0,065111425;-0,035608967;1;-0,294694697;0,108242509;0,473473485;1
222;-1,16752606;0,073844025;0,16752606;0;-0,478047063;0,070171171;-0,043905874;1;-0,009481459;0,118026;-0,952592704;1
223;-0,966194771;0,07126693;-0,033805229;1;-0,591915908;0,068761345;0,183831816;1;-0,126929836;0,115850831;-0,36535082;1
224;-0,918749545;0,063487719;-0,081250455;1;-0,65478113;0,066938099;0,309562261;0;-0,25071451;0,107606479;0,253572549;1
225;-0,886102591;0,06573949;-0,113897409;1;-0,565578896;0,06591307;0,131157791;1;-0,151757289;0,108725096;-0,241213555;1
226;-1,048090839;0,071132204;0,048090839;1;-0,539908904;0,070243639;0,079817807;1;-0,15328969;0,116645507;-0,233551549;1
227;-0,996081597;0,069078629;-0,003918403;1;-0,407119465;0,067763538;-0,185761069;1;-0,275145233;0,113762371;0,375726166;1
228;-1,032414972;0,061393959;0,032414972;1;-0,52052986;0,064189792;0,041059721;1;-0,141674686;0,106047242;-0,291626572;1
229;-1,072748581;0,069450585;0,072748581;1;-0,552356874;0,06940509;0,104713747;1;-0,21073805;0,117238336;0,053690248;1
230;-0,882500102;0,063503124;-0,117499898;1;-0,439708144;0,06635903;-0,120583711;1;-0,508497458;0,111377026;1,542487292;0
231;-0,965416061;0,071002698;-0,034583939;1;-0,590254825;0,071510338;0,18050965;1;-0,198994409;0,117254666;-0,005027954;1
232;-0,986276565;0,067625038;-0,013723435;1;-0,594048265;0,069089791;0,18809653;1;-0,191993517;0,112844761;-0,040032417;1
233;-1,053739005;0,064803221;0,053739005;1;-0,511070108;0,066627752;0,022140215;1;-0,214064159;0,106830511;0,070320796;1
234;-0,998207029;0,065244683;-0,001792971;1;-0,555160327;0,066981125;0,110320654;1;-0,260660397;0,110808257;0,303301983;1
235;-1,015431527;0,07212859;0,015431527;1;-0,437544245;0,069200637;-0,12491151;1;-0,205719182;0,117586126;0,028595908;1
236;-1,071761938;0,065774136;0,071761938;1;-0,425072289;0,065057475;-0,149855422;1;-0,072758393;0,108951372;-0,636208035;1
237;-1,057587096;0,067058369;0,057587096;1;-0,469317976;0,065337606;-0,061364047;1;0,009256238;0,106769818;-1,046281188;1
238;-1,021448176;0,066214037;0,021448176;1;-0,417314229;0,064990535;-0,165371542;1;-0,260623323;0,111440215;0,303116613;1
239;-0,911196502;0,067866552;-0,088803498;1;-0,457638405;0,067123734;-0,08472319;1;-0,427568132;0,115034781;1,13784066;0
240;-0,943644668;0,068510307;-0,056355332;1;-0,539891515;0,068963749;0,07978303;1;-0,272191165;0,115740671;0,360955826;1
241;-1,048300611;0,064197172;0,048300611;1;-0,470144142;0,064989847;-0,059711716;1;-0,123952642;0,106752198;-0,380236791;1
242;-0,874450013;0,060047553;-0,125549987;0;-0,516887492;0,064835373;0,033774984;1;-0,520655075;0,109339325;1,603275375;0
243;-0,931400264;0,06682884;-0,068599736;1;-0,540226418;0,066703383;0,080452836;1;-0,244385921;0,111410441;0,221929605;1
244;-0,871350216;0,066836196;-0,128649784;1;-0,506099504;0,066538112;0,012199008;1;-0,347023768;0,11009369;0,735118842;1
245;-1,015963491;0,065574801;0,015963491;1;-0,364353318;0,064397155;-0,271293364;0;-0,328164874;0,111291566;0,64082437;1
246;-1,03893253;0,066151558;0,03893253;1;-0,444109809;0,066785247;-0,111780383;1;-0,23536098;0,112589006;0,176804901;1
247;-1,060545461;0,065906654;0,060545461;1;-0,548828385;0,063938231;0,09765677;1;0,021178741;0,104641131;-1,105893705;0
248;-1,04698354;0,068516683;0,04698354;1;-0,557079518;0,069019323;0,114159036;1;-0,097042677;0,114688345;-0,514786615;1
249;-0,997517172;0,069649344;-0,002482828;1;-0,387016444;0,067407465;-0,225967113;1;-0,377387636;0,115837227;0,88693818;1
250;-1,046465812;0,064952841;0,046465812;1;-0,553349752;0,067374118;0,106699505;1;-0,142392979;0,108030228;-0,288035107;1
251;-0,973983283;0,066077247;-0,026016717;1;-0,577868048;0,069348431;0,155736096;1;-0,273773978;0,1132947;0,368869891;1
252;-1,02636348;0,064175724;0,02636348;1;-0,428248444;0,063718528;-0,143503112;1;-0,234646489;0,107430619;0,173232444;1
253;-0,994936549;0,062177505;-0,005063451;1;-0,505979221;0,064657444;0,011958443;1;-0,27061206;0,106413993;0,353060298;1
254;-1,020715071;0,059505189;0,020715071;1;-0,535410837;0,064134287;0,070821675;1;-0,219049551;0,105053282;0,095247757;1
255;-1,168467107;0,071862527;0,168467107;0;-0,424661227;0,068515126;-0,150677546;1;0,052971406;0,113408521;-1,264857029;0
256;-0,906444253;0,064086106;-0,093555747;1;-0,58223415;0,066763501;0,1644683;1;-0,317290238;0,108894141;0,586451188;1
257;-1,007892317;0,066326468;0,007892317;1;-0,557058191;0,067767515;0,114116382;1;-0,128988534;0,11196756;-0,35505733;1
258;-0,924080336;0,062922416;-0,075919664;1;-0,547107762;0,06572516;0,094215525;1;-0,361413628;0,10814526;0,807068142;1
259;-0,884226964;0,063156386;-0,115773036;1;-0,601560341;0,066480336;0,203120681;1;-0,260332188;0,10845137;0,301660938;1
260;-0,997258197;0,065349273;-0,002741803;1;-0,533784097;0,066625081;0,067568194;1;-0,222585327;0,113207648;0,112926633;1
261;-1,045867703;0,067653099;0,045867703;1;-0,500835845;0,067833406;0,001671691;1;-0,067872524;0,11056739;-0,660637378;1
262;-1,0317559;0,067468098;0,0317559;1;-0,472742158;0,067298172;-0,054515683;1;-0,216107032;0,113094943;0,080535162;1
263;-1,063346673;0,065815529;0,063346673;1;-0,432878019;0,064908373;-0,134243962;1;-0,135390939;0,107785988;-0,323045306;1
264;-0,995624115;0,065930406;-0,004375885;1;-0,48867878;0,065470695;-0,022642441;1;-0,183696469;0,108411177;-0,081517654;1
265;-1,05273517;0,061927452;0,05273517;1;-0,47681155;0,063190409;-0,046376901;1;-0,104449187;0,102900752;-0,477754066;1
266;-0,972265037;0,076651532;-0,027734963;1;-0,472329515;0,072407201;-0,05534097;1;-0,103854966;0,121818176;-0,48072517;1
267;-0,837473545;0,065563974;-0,162526455;0;-0,512855539;0,067386424;0,025711078;1;-0,489926319;0,112961297;1,449631597;0
268;-1,11382932;0,067883017;0,11382932;1;-0,481130565;0,066075116;-0,03773887;1;0,058630841;0,10903837;-1,293154204;0
269;-1,017084614;0,063542192;0,017084614;1;-0,508693847;0,063775567;0,017387693;1;-0,172713244;0,105086822;-0,136433778;1
270;-0,982338366;0,070011017;-0,017661634;1;-0,497880758;0,066480883;-0,004238484;1;-0,177790232;0,114079123;-0,11104884;1
271;-0,981088291;0,066137891;-0,018911709;1;-0,493672294;0,067061047;-0,012655412;1;-0,234695911;0,11092029;0,173479555;1
272;-1,050214518;0,063450491;0,050214518;1;-0,455160751;0,064097049;-0,089678498;1;-0,092246395;0,107384891;-0,538768026;1
273;-1,133374119;0,065255897;0,133374119;0;-0,427946172;0,064810039;-0,144107655;1;-0,007259849;0,107665228;-0,963700756;1
274;-1,023199668;0,063630319;0,023199668;1;-0,474003771;0,06393645;-0,051992457;1;-0,24136719;0,107495867;0,206835951;1
275;-1,084625555;0,067707714;0,084625555;1;-0,586498604;0,066806903;0,172997208;1;-0,108191308;0,110656751;-0,459043462;1
276;-0,944747251;0,069825188;-0,055252749;1;-0,462942661;0,069753444;-0,074114679;1;-0,330710612;0,118793959;0,653553061;1
277;-0,904943952;0,064085684;-0,095056048;1;-0,574706876;0,068104911;0,149413751;1;-0,313966884;0,109715491;0,569834419;1
278;-1,067761723;0,069861895;0,067761723;1;-0,475361268;0,068631282;-0,049277464;1;-0,039730249;0,115123835;-0,801348754;1
279;-1,022352786;0,068638603;0,022352786;1;-0,544289059;0,069091387;0,088578117;1;-0,125884063;0,115365344;-0,370579685;1
280;-1,028563057;0,066287726;0,028563057;1;-0,511339844;0,065996713;0,022679689;1;-0,150806439;0,109122513;-0,245967803;1
281;-1,062669425;0,067449463;0,062669425;1;-0,407270392;0,065562549;-0,185459216;1;-0,049665444;0,111328532;-0,751672782;1
282;-1,00780704;0,066602368;0,00780704;1;-0,556774396;0,068309747;0,113548793;1;-0,241772225;0,110350378;0,208861124;1
283;-1,063761717;0,06569273;0,063761717;1;-0,608279058;0,068248736;0,216558116;1;-0,071176418;0,109219985;-0,644117909;1
284;-1,101746831;0,072405367;0,101746831;1;-0,559304963;0,070903163;0,118609926;1;0,053195991;0,115991779;-1,265979956;0
285;-0,944941712;0,065686302;-0,055058288;1;-0,628271162;0,06763894;0,256542324;1;-0,252724514;0,111439176;0,26362257;1
286;-1,052271871;0,064337586;0,052271871;1;-0,411881614;0,064160037;-0,176236772;1;-0,150365754;0,107063317;-0,24817123;1
287;-1,074322443;0,065049865;0,074322443;1;-0,419474204;0,063792422;-0,161051592;1;-0,027613171;0,105117944;-0,861934144;1
288;-0,962585345;0,065711844;-0,037414655;1;-0,5185246;0,066256321;0,037049201;1;-0,279153878;0,110698289;0,395769392;1
289;-1,036416837;0,066361189;0,036416837;1;-0,365867288;0,064497234;-0,268265424;0;-0,217838137;0,110421866;0,089190685;1
290;-0,955031726;0,06083839;-0,044968274;1;-0,551483025;0,06483718;0,102966051;1;-0,252090003;0,10404851;0,260450015;1
291;-0,941527235;0,06472545;-0,058472765;1;-0,5682037;0,06841979;0,136407399;1;-0,3223646;0,109740292;0,611823002;1
292;-1,007587361;0,068154269;0,007587361;1;-0,503764715;0,067508585;0,00752943;1;-0,16031126;0,112792019;-0,198443698;1
293;-1,105110272;0,068673767;0,105110272;1;-0,51619763;0,068062487;0,032395259;1;-0,014739367;0,111058693;-0,926303167;1
294;-0,903696706;0,057683859;-0,096303294;1;-0,573346453;0,060707565;0,146692907;1;-0,227986812;0,099215622;0,139934062;1
295;-1,048200596;0,067872237;0,048200596;1;-0,657103219;0,070339435;0,314206437;0;-0,030458187;0,111136597;-0,847709065;1
296;-1,047244698;0,065118548;0,047244698;1;-0,536906071;0,06650738;0,073812143;1;-0,109033833;0,109068551;-0,454830833;1
297;-0,997986273;0,066554199;-0,002013727;1;-0,572108448;0,066511925;0,144216896;1;0,001845577;0,109252202;-1,009227883;1
298;-1,05468316;0,073148052;0,05468316;1;-0,347790982;0,070075676;-0,304418037;0;-0,228509656;0,118801015;0,142548281;1
299;-0,966239561;0,067983271;-0,033760439;1;-0,458179357;0,067322191;-0,083641286;1;-0,295545773;0,113870555;0,477728863;1
300;-1,004385957;0,0730684;0,004385957;1;-0,491817137;0,069599034;-0,016365726;1;-0,183035319;0,119041803;-0,084823407;1
301;-0,95323693;0,064080683;-0,04676307;1;-0,418739606;0,064605958;-0,162520788;1;-0,329715947;0,108243667;0,648579737;1
302;-1,021101632;0,064278474;0,021101632;1;-0,379995237;0,06338532;-0,240009526;1;-0,234796889;0,107041666;0,173984444;1
303;-1,105319123;0,069874433;0,105319123;1;-0,602984451;0,070942431;0,205968901;1;0,156604809;0,114963666;-1,783024044;0
304;-0,950112068;0,063962386;-0,049887932;1;-0,519805701;0,06462445;0,039611403;1;-0,21932121;0,107256559;0,09660605;1
305;-1,035305223;0,066333977;0,035305223;1;-0,440833117;0,06420501;-0,118333765;1;-0,152867753;0,108740938;-0,235661237;1
306;-1,014260436;0,065538615;0,014260436;1;-0,450850901;0,066137719;-0,098298198;1;-0,299338949;0,109225361;0,496694745;1
307;-1,016951294;0,061873535;0,016951294;1;-0,426634048;0,062127827;-0,146731904;1;-0,246422126;0,10476497;0,232110629;1
308;-0,932102846;0,063880094;-0,067897154;1;-0,452979527;0,066278981;-0,094040947;1;-0,388586033;0,111342768;0,942930164;1
309;-0,935259434;0,063901672;-0,064740566;1;-0,410807372;0,062744772;-0,178385256;1;-0,178659545;0,104389374;-0,106702273;1
310;-1,051704646;0,062573719;0,051704646;1;-0,503457569;0,063997871;0,006915138;1;-0,212279786;0,106592554;0,06139893;1
311;-1,038543234;0,063737434;0,038543234;1;-0,45525912;0,064340251;-0,08948176;1;-0,180467304;0,105637045;-0,097663481;1
312;-1,043084974;0,064878462;0,043084974;1;-0,457836942;0,065769262;-0,084326116;1;-0,300440989;0,112007977;0,502204947;1
313;-1,105572768;0,071351163;0,105572768;1;-0,459873926;0,067899907;-0,080252148;1;-0,040786574;0,113968045;-0,796067131;1
314;-1,050396079;0,066403168;0,050396079;1;-0,488687857;0,066236744;-0,022624286;1;-0,148664989;0,110139742;-0,256675057;1
315;-0,952548951;0,067129185;-0,047451049;1;-0,619985722;0,067277446;0,239971443;1;-0,076394561;0,108477968;-0,618027193;1
316;-1,044172502;0,065559684;0,044172502;1;-0,327068991;0,063336169;-0,345862018;0;-0,18075289;0,107448297;-0,096235549;1
317;-1,012879554;0,065418342;0,012879554;1;-0,559009231;0,06715551;0,118018462;1;-0,178076228;0,109118912;-0,109618859;1
318;-1,045976036;0,066437679;0,045976036;1;-0,385991446;0,065526869;-0,228017107;1;-0,239834978;0,111693428;0,199174892;1
319;-1,149735997;0,071456949;0,149735997;0;-0,361174512;0,066990965;-0,277650977;0;-0,034582943;0,115113555;-0,827085286;1
320;-0,973729491;0,069420555;-0,026270509;1;-0,55873976;0,069246966;0,11747952;1;-0,261248412;0,115984797;0,306242058;1
321;-1,015008201;0,07090036;0,015008201;1;-0,425213394;0,068403843;-0,149573211;1;-0,225206349;0,116469188;0,126031745;1
322;-1,00622374;0,069859085;0,00622374;1;-0,573207754;0,070274672;0,146415507;1;-0,178394269;0,116442442;-0,108028653;1
323;-0,961458038;0,065954328;-0,038541962;1;-0,503400148;0,0660682;0,006800297;1;-0,260654281;0,110377833;0,303271406;1
324;-0,978713531;0,065592254;-0,021286469;1;-0,586071706;0,070262235;0,172143412;1;-0,208999443;0,110944363;0,044997215;1
325;-0,977497654;0,06396739;-0,022502346;1;-0,458248703;0,065110206;-0,083502594;1;-0,236092215;0,107892695;0,180461074;1
326;-1,105343782;0,0639638;0,105343782;1;-0,389417906;0,062356163;-0,221164188;1;-0,08849133;0,10548731;-0,557543351;1
327;-0,958805365;0,065673111;-0,041194635;1;-0,559669553;0,066819178;0,119339106;1;-0,194026955;0,108336486;-0,029865225;1
328;-0,983408871;0,062802593;-0,016591129;1;-0,528740226;0,065502235;0,057480452;1;-0,215331373;0,107326908;0,076656866;1
329;-1,042578424;0,065310693;0,042578424;1;-0,553209762;0,065195932;0,106419525;1;-0,033282079;0,106992834;-0,833589607;1
330;-0,936951352;0,059964311;-0,063048648;1;-0,502472321;0,061752927;0,004944642;1;-0,1518361;0,100682802;-0,240819499;1
331;-0,966330274;0,070151745;-0,033669726;1;-0,485026311;0,068873528;-0,029947379;1;-0,245767751;0,11859364;0,228838756;1
332;-1,057563115;0,068717384;0,057563115;1;-0,47958335;0,069689952;-0,0408333;1;-0,122379691;0,114741397;-0,388101543;1
333;-0,945291946;0,066079916;-0,054708054;1;-0,534986493;0,066006255;0,069972987;1;-0,255775899;0,110343512;0,278879496;1
334;-1,033833571;0,068999165;0,033833571;1;-0,469944122;0,069673178;-0,060111756;1;-0,172769535;0,11479281;-0,136152326;1
335;-0,923500598;0,063751038;-0,076499402;1;-0,567844955;0,068444854;0,13568991;1;-0,409851149;0,111183258;1,049255746;1
336;-0,998691396;0,06700563;-0,001308604;1;-0,44854052;0,067143759;-0,102918961;1;-0,257052821;0,111941247;0,285264104;1
337;-1,070341893;0,065352214;0,070341893;1;-0,49928997;0,066568723;-0,00142006;1;-0,112587157;0,10863537;-0,437064213;1
338;-1,061240673;0,067184213;0,061240673;1;-0,398766405;0,066290786;-0,202467191;1;-0,146846162;0,11185314;-0,265769188;1
339;-0,950126734;0,062581559;-0,049873266;1;-0,461826754;0,064831233;-0,076346491;1;-0,377530342;0,109413564;0,887651709;1
340;-1,003886331;0,068271841;0,003886331;1;-0,477508316;0,067687491;-0,044983367;1;-0,225491311;0,112552127;0,127456553;1
341;-1,036579981;0,065016807;0,036579981;1;-0,493244539;0,066058775;-0,013510923;1;-0,147241053;0,106253957;-0,263794736;1
342;-0,933755145;0,066412863;-0,066244855;1;-0,49669952;0,066677977;-0,006600959;1;-0,293075382;0,110514402;0,465376908;1
343;-1,050710604;0,066700279;0,050710604;1;-0,502157992;0,065096678;0,004315983;1;-0,088921247;0,108543936;-0,555393763;1
344;-1,052071084;0,071360239;0,052071084;1;-0,42805768;0,070349277;-0,14388464;1;-0,194499974;0,118003438;-0,02750013;1
345;-0,98085903;0,066232044;-0,01914097;1;-0,461032128;0,066561254;-0,077935745;1;-0,257347947;0,107978841;0,286739734;1
346;-0,973886944;0,065897358;-0,026113056;1;-0,555370998;0,068059425;0,110741995;1;-0,282173603;0,112967048;0,410868016;1
347;-1,054919992;0,073619449;0,054919992;1;-0,505389722;0,073196446;0,010779445;1;-0,211947792;0,12179697;0,059738961;1
348;-1,057521855;0,064645133;0,057521855;1;-0,594040436;0,068284443;0,188080873;1;-0,224026854;0,109954863;0,120134269;1
349;-1,017727065;0,065468042;0,017727065;1;-0,540132679;0,066946538;0,080265359;1;-0,075134841;0,109243717;-0,624325797;1
350;-0,9234925;0,065464444;-0,0765075;1;-0,552387016;0,065906536;0,104774032;1;-0,306408338;0,110982745;0,532041691;1
351;-0,882970538;0,059543482;-0,117029462;0;-0,442688843;0,062086286;-0,114622314;1;-0,380815307;0,103583014;0,904076533;1
352;-1,065815111;0,064161164;0,065815111;1;-0,382853273;0,063893334;-0,234293455;1;-0,136638299;0,107265391;-0,316808507;1
353;-0,971566719;0,06306867;-0,028433281;1;-0,609890555;0,066989754;0,21978111;1;-0,151594518;0,106314936;-0,242027411;1
354;-1,016767221;0,06801442;0,016767221;1;-0,57526429;0,068801095;0,15052858;1;-0,065410386;0,111028734;-0,672948068;1
355;-0,92795723;0,067783146;-0,07204277;1;-0,593825309;0,070981937;0,187650618;1;-0,401823259;0,115929601;1,009116295;1
356;-0,967108986;0,06122187;-0,032891014;1;-0,555027777;0,063090357;0,110055554;1;-0,190907225;0,102115397;-0,045463874;1
357;-1,006770286;0,075349526;0,006770286;1;-0,434232118;0,070057772;-0,131535764;1;-0,197315191;0,118840706;-0,013424043;1
358;-1,095235137;0,06883174;0,095235137;1;-0,485838151;0,067252043;-0,028323697;1;-0,100612669;0,112171545;-0,496936654;1
359;-0,917449181;0,062890154;-0,082550819;1;-0,478338218;0,065640749;-0,043323565;1;-0,477610057;0,10986759;1,388050285;0
360;-0,996211705;0,066211531;-0,003788295;1;-0,626691953;0,068756674;0,253383906;1;-0,073155142;0,111012442;-0,634224292;1
361;-1,008299539;0,069885539;0,008299539;1;-0,551446985;0,068629768;0,10289397;1;-0,015469977;0,111654004;-0,922650115;1
362;-0,980437546;0,064695115;-0,019562454;1;-0,590646924;0,068324216;0,181293848;1;-0,25608051;0,108604254;0,280402549;1
363;-0,978203737;0,062092485;-0,021796263;1;-0,516473951;0,065060926;0,032947902;1;-0,159989611;0,10465207;-0,200051944;1
364;-1,03902507;0,066309075;0,03902507;1;-0,408670922;0,064579203;-0,182658155;1;-0,205842107;0,110011923;0,029210535;1
365;-0,957555273;0,061475639;-0,042444727;1;-0,566243018;0,064255522;0,132486035;1;-0,178417211;0,105797555;-0,107913945;1
366;-1,049510743;0,069259211;0,049510743;1;-0,560635302;0,069059372;0,121270605;1;-0,097913969;0,112940571;-0,510430154;1
367;-1,107750824;0,068092006;0,107750824;1;-0,43246246;0,064639127;-0,13507508;1;0,030586471;0,110174631;-1,152932353;0
368;-0,866231157;0,068850233;-0,133768843;1;-0,516011488;0,071471634;0,032022976;1;-0,574714628;0,119678855;1,873573142;0
369;-0,908995364;0,066806912;-0,091004636;1;-0,507669607;0,067366187;0,015339215;1;-0,269869567;0,110053466;0,349347836;1
370;-1,038941915;0,06331721;0,038941915;1;-0,486992841;0,065971373;-0,026014318;1;-0,222325813;0,109236034;0,111629063;1
371;-1,031343274;0,063288945;0,031343274;1;-0,591274584;0,066939144;0,182549168;1;-0,192813764;0,107914062;-0,035931179;1
372;-1,101580657;0,07173764;0,101580657;1;-0,443287903;0,066299331;-0,113424194;1;0,03433772;0,113683904;-1,1716886;0
373;-0,991034036;0,065182845;-0,008965964;1;-0,44965634;0,064751968;-0,100687321;1;-0,17350905;0,109106613;-0,132454748;1
374;-0,892237691;0,062080543;-0,107762309;1;-0,545324439;0,065328414;0,090648879;1;-0,348336174;0,10630258;0,741680868;1
375;-1,061436984;0,070169106;0,061436984;1;-0,463750739;0,068653561;-0,072498522;1;-0,043726004;0,11301015;-0,781369982;1
376;-0,995464877;0,065536571;-0,004535123;1;-0,465894034;0,065911985;-0,068211931;1;-0,242534445;0,109391381;0,212672224;1
377;-1,137556916;0,069331855;0,137556916;0;-0,359730593;0,06653471;-0,280538814;0;-0,195521766;0,113829328;-0,02239117;1
378;-0,9609343;0,064906394;-0,0390657;1;-0,611755024;0,067888028;0,223510049;1;-0,168359345;0,110498365;-0,158203276;1
379;-0,958262038;0,069534635;-0,041737962;1;-0,482252222;0,069083618;-0,035495556;1;-0,24237405;0,114025544;0,211870248;1
380;-0,980316102;0,061849227;-0,019683898;1;-0,563198159;0,06529621;0,126396317;1;-0,204790312;0,105198107;0,023951558;1
381;-0,894981602;0,066488881;-0,105018398;1;-0,494809509;0,067787393;-0,010380982;1;-0,403944798;0,110911549;1,01972399;1
382;-1,116323436;0,067585049;0,116323436;1;-0,399152088;0,065266504;-0,201695823;1;-0,069556444;0,108894635;-0,652217778;1
383;-0,997023847;0,062085822;-0,002976153;1;-0,491609641;0,063426795;-0,016780717;1;-0,190504858;0,104312329;-0,047475711;1
384;-1,030642076;0,068126616;0,030642076;1;-0,38164849;0,065345563;-0,236703021;1;-0,196557033;0,111714124;-0,017214834;1
385;-1,083519888;0,069951218;0,083519888;1;-0,337586394;0,065770553;-0,324827212;0;-0,172738674;0,113930145;-0,136306629;1
386;-0,906207309;0,06650068;-0,093792691;1;-0,489853136;0,066554369;-0,020293728;1;-0,346142029;0,110595214;0,730710144;1
387;-1,023711162;0,060799567;0,023711162;1;-0,514730283;0,062893977;0,029460567;1;-0,08811191;0,101554036;-0,559440451;1
388;-1,039677768;0,07272269;0,039677768;1;-0,592305748;0,071306549;0,184611496;1;-0,10209628;0,119502278;-0,4895186;1
389;-0,996258757;0,070048654;-0,003741243;1;-0,568667501;0,069039525;0,137335003;1;-0,173428613;0,115050764;-0,132856937;1
390;-0,931052819;0,062835471;-0,068947181;1;-0,625891886;0,068233728;0,251783773;1;-0,350623605;0,109270842;0,753118027;1
391;-1,055818068;0,066267466;0,055818068;1;-0,405519165;0,065331453;-0,18896167;1;-0,17975373;0,109206867;-0,101231351;1
392;-1,021162966;0,066000598;0,021162966;1;-0,423527287;0,064930583;-0,152945426;1;-0,165678142;0,108904492;-0,171609292;1
393;-1,080008138;0,066147469;0,080008138;1;-0,57371856;0,069129963;0,147437121;1;-0,102883001;0,110446352;-0,485584996;1
394;-1,018665516;0,065054577;0,018665516;1;-0,480607932;0,064633152;-0,038784135;1;-0,092753454;0,10814485;-0,536232732;1
395;-1,016108764;0,069123269;0,016108764;1;-0,381268058;0,066735377;-0,237463884;1;-0,238628961;0,114997622;0,193144804;1
396;-0,935307698;0,062991363;-0,064692302;1;-0,48482372;0,064382317;-0,030352561;1;-0,283252808;0,108059288;0,416264038;1
397;-0,953127978;0,064219485;-0,046872022;1;-0,521964387;0,065188566;0,043928773;1;-0,224860838;0,109037135;0,124304191;1
398;-1,036182638;0,068724094;0,036182638;1;-0,52281654;0,067846159;0,045633081;1;-0,08261917;0,112299482;-0,586904151;1
399;-1,008771588;0,066922822;0,008771588;1;-0,559456636;0,06822506;0,118913272;1;-0,165907079;0,111866651;-0,170464605;1
400;-0,925593019;0,062735624;-0,074406981;1;-0,542636241;0,06535752;0,085272482;1;-0,329249671;0,10696904;0,646248354;1
401;-1,006939045;0,065452447;0,006939045;1;-0,429716416;0,065433413;-0,140567168;1;-0,287306994;0,109712147;0,436534971;1
402;-1,098962124;0,070603946;0,098962124;1;-0,533566796;0,068246436;0,067133593;1;0,074084761;0,113541396;-1,370423807;0
403;-0,873188166;0,058141257;-0,126811834;0;-0,60973545;0,062735144;0,219470899;1;-0,299613032;0,101481398;0,49806516;1
404;-1,066880773;0,070275167;0,066880773;1;-0,416992376;0,06699836;-0,166015249;1;-0,083996188;0,112605354;-0,58001906;1
405;-0,987804263;0,063233586;-0,012195737;1;-0,555422421;0,063545275;0,110844842;1;-0,059712341;0,103874836;-0,701438296;1
406;-1,182779324;0,067857424;0,182779324;0;-0,480743856;0,067122978;-0,038512288;1;0,097116367;0,110140177;-1,485581833;0
407;-0,892793528;0,063675632;-0,107206472;1;-0,44512848;0,063868152;-0,109743041;1;-0,445515764;0,108274515;1,22757882;0
408;-1,036239814;0,064222239;0,036239814;1;-0,558222433;0,06810264;0,116444865;1;-0,213941943;0,108391174;0,069709713;1
409;-0,978754768;0,064474355;-0,021245232;1;-0,46257343;0,065489804;-0,074853139;1;-0,230636323;0,105755625;0,153181616;1
410;-0,916996962;0,063588299;-0,083003038;1;-0,67503145;0,069907474;0,3500629;0;-0,379779793;0,109398977;0,898898963;1
411;-1,104768577;0,070642144;0,104768577;1;-0,550685273;0,068811072;0,101370546;1;0,035587911;0,113606055;-1,177939556;0
412;-0,962475036;0,0660636;-0,037524964;1;-0,503482909;0,066668632;0,006965817;1;-0,257901881;0,1091531;0,289509406;1
413;-1,089618442;0,068387582;0,089618442;1;-0,391385668;0,06633532;-0,217228665;1;-0,104092353;0,110362633;-0,479538236;1
414;-1,009481652;0,069404218;0,009481652;1;-0,512280051;0,069230772;0,024560103;1;-0,204380374;0,11273074;0,021901869;1
415;-0,938278722;0,062150876;-0,061721278;1;-0,469473407;0,063950953;-0,061053186;1;-0,27466018;0,105451674;0,3733009;1
416;-0,96440519;0,067079623;-0,03559481;1;-0,4119281;0,067535113;-0,176143799;1;-0,40017409;0,113969015;1,000870452;1
417;-1,087103148;0,068336003;0,087103148;1;-0,563508828;0,068949461;0,127017656;1;-0,066588946;0,112647473;-0,66705527;1
418;-1,094114664;0,073469377;0,094114664;1;-0,433449738;0,070354616;-0,133100524;1;-0,216260371;0,117993188;0,081301855;1
419;-1,076150013;0,065003505;0,076150013;1;-0,527374212;0,066476508;0,054748423;1;-0,048632724;0,106787064;-0,756836379;1
420;-1,031427843;0,065896543;0,031427843;1;-0,502163837;0,06787755;0,004327673;1;-0,242395642;0,110513045;0,211978209;1
421;-1,039479752;0,069405949;0,039479752;1;-0,527624788;0,069208215;0,055249575;1;-0,195949602;0,114565249;-0,020251989;1
422;-0,970132385;0,066366225;-0,029867615;1;-0,672245444;0,069770518;0,344490888;0;-0,190701922;0,111032093;-0,046490391;1
423;-1,098828461;0,067460069;0,098828461;1;-0,545367165;0,065893017;0,09073433;1;0,012215773;0,107207999;-1,061078865;0
424;-0,902648815;0,067601358;-0,097351185;1;-0,523983354;0,069162941;0,047966709;1;-0,314902786;0,115684943;0,574513932;1
425;-1,033159941;0,066979303;0,033159941;1;-0,48053174;0,066317343;-0,038936519;1;-0,196451081;0,111324497;-0,017744593;1
426;-1,06523139;0,064822159;0,06523139;1;-0,567290267;0,067197776;0,134580534;1;-0,070008366;0,108623694;-0,649958168;1
427;-0,914169279;0,061020414;-0,085830721;1;-0,562861046;0,064946903;0,125722091;1;-0,279739585;0,103448591;0,398697925;1
428;-1,057758879;0,063843631;0,057758879;1;-0,516685291;0,065216323;0,033370582;1;-0,058056481;0,107277276;-0,709717597;1
429;-1,079299365;0,064212719;0,079299365;1;-0,513627401;0,067676337;0,027254802;1;-0,19370419;0,107913615;-0,031479052;1
430;-1,01341397;0,066004118;0,01341397;1;-0,493146479;0,064369527;-0,013707041;1;-0,107880569;0,109497343;-0,460597154;1
431;-0,908970445;0,069686719;-0,091029555;1;-0,537203678;0,0693985;0,074407355;1;-0,275390721;0,114599415;0,376953603;1
432;-0,991794605;0,061948136;-0,008205395;1;-0,53213891;0,062942768;0,064277821;1;-0,158945862;0,102765577;-0,205270691;1
433;-0,974925058;0,061456106;-0,025074942;1;-0,531288041;0,064500738;0,062576083;1;-0,260713902;0,103145224;0,30356951;1
434;-1,005187616;0,062785515;0,005187616;1;-0,493861333;0,063466915;-0,012277333;1;-0,112238078;0,105086148;-0,438809612;1
435;-1,01141806;0,066653931;0,01141806;1;-0,538473711;0,066464852;0,076947422;1;-0,165787558;0,108664465;-0,171062212;1
436;-1,095318678;0,066909978;0,095318678;1;-0,479120193;0,066007917;-0,041759615;1;-0,10983974;0,109155231;-0,450801298;1
437;-0,892795542;0,066058141;-0,107204458;1;-0,541753256;0,066082018;0,083506513;1;-0,305787887;0,108960811;0,528939437;1
438;-0,949690306;0,062993909;-0,050309694;1;-0,455937303;0,064450016;-0,088125395;1;-0,344603849;0,108659496;0,723019243;1
439;-1,03669985;0,069037592;0,03669985;1;-0,509734965;0,068706633;0,01946993;1;-0,102851225;0,113104651;-0,485743875;1
440;-1,200214721;0,069430186;0,200214721;0;-0,495778612;0,068906797;-0,008442775;1;-0,002991891;0,113502647;-0,985040543;1
441;-0,999769545;0,069614848;-0,000230455;1;-0,455472236;0,068312425;-0,089055527;1;-0,219582884;0,114219343;0,097914419;1
442;-1,088457521;0,070386786;0,088457521;1;-0,434212863;0,068523702;-0,131574274;1;-0,152072418;0,114591811;-0,239637912;1
443;-0,962742257;0,06788324;-0,037257743;1;-0,449393884;0,067967866;-0,101212231;1;-0,291819203;0,113425631;0,459096014;1
444;-0,902894574;0,061266592;-0,097105426;1;-0,607897578;0,066596654;0,215795156;1;-0,32018439;0,106838449;0,600921952;1
445;-1,007841641;0,064466702;0,007841641;1;-0,506027593;0,066558717;0,012055185;1;-0,251148525;0,109251691;0,255742624;1
446;-1,017826769;0,064758114;0,017826769;1;-0,571001388;0,066694023;0,142002775;1;-0,211121186;0,110905313;0,055605932;1
447;-1,002731739;0,064214258;0,002731739;1;-0,546409751;0,066872134;0,092819501;1;-0,144940713;0,108660377;-0,275296436;1
448;-0,858644387;0,059765907;-0,141355613;0;-0,602305441;0,066269775;0,204610883;1;-0,477915514;0,105403809;1,389577572;0
449;-0,962147033;0,063655418;-0,037852967;1;-0,377791976;0,063771352;-0,244416048;1;-0,28375361;0,106374586;0,418768051;1
450;-0,975191165;0,05989115;-0,024808835;1;-0,583700666;0,063998804;0,167401332;1;-0,106846007;0,101659328;-0,465769965;1
451;-1,010183967;0,06662092;0,010183967;1;-0,468122015;0,065343456;-0,06375597;1;-0,141197329;0,110263571;-0,294013355;1
452;-1,061486888;0,06993329;0,061486888;1;-0,534999938;0,068217321;0,069999876;1;-0,10806095;0,11277415;-0,45969525;1
453;-1,035009352;0,06539053;0,035009352;1;-0,593120021;0,06812046;0,186240042;1;-0,142362467;0,110067101;-0,288187665;1
454;-1,050165762;0,065644583;0,050165762;1;-0,606359818;0,066326208;0,212719636;1;-0,090980961;0,108540752;-0,545095195;1
455;-1,026821637;0,063617416;0,026821637;1;-0,497576524;0,063734586;-0,004846953;1;-0,01741361;0,103650342;-0,912931949;1
456;-0,998734818;0,063781863;-0,001265182;1;-0,485584234;0,064780565;-0,028831533;1;-0,158054737;0,106935931;-0,209726314;1
457;-1,074622115;0,067318398;0,074622115;1;-0,586233464;0,069141403;0,172466927;1;-0,062197697;0,110476427;-0,689011514;1
458;-1,014987243;0,069293336;0,014987243;1;-0,444102902;0,069545115;-0,111794197;1;-0,224698884;0,116077855;0,12349442;1
459;-0,958588155;0,061413767;-0,041411845;1;-0,391238888;0,062890354;-0,217522224;1;-0,344930455;0,106053034;0,724652276;1
460;-0,934834043;0,06388311;-0,065165957;1;-0,545439184;0,066391573;0,090878369;1;-0,256460404;0,106609116;0,28230202;1
461;-1,028482952;0,069496499;0,028482952;1;-0,496001506;0,068864578;-0,007996987;1;-0,079632694;0,113735818;-0,601836529;1
462;-0,909055358;0,065578228;-0,090944642;1;-0,46002184;0,065225925;-0,079956321;1;-0,271367346;0,10862952;0,356836729;1
463;-1,111799644;0,069434261;0,111799644;1;-0,44975182;0,068213638;-0,100496359;1;-0,099735218;0,11491583;-0,501323912;1
464;-0,935394643;0,066184344;-0,064605357;1;-0,435802723;0,065355656;-0,128394554;1;-0,260071299;0,110166669;0,300356493;1
465;-0,915163918;0,064280905;-0,084836082;1;-0,67933607;0,06817316;0,358672141;0;-0,150735933;0,107628193;-0,246320335;1
466;-1,011152888;0,064344554;0,011152888;1;-0,550894523;0,066046402;0,101789045;1;-0,154843685;0,106795722;-0,225781573;1
467;-0,947412907;0,064239029;-0,052587093;1;-0,566693854;0,065870019;0,133387707;1;-0,216593809;0,108475888;0,082969046;1
468;-1,065074009;0,072868044;0,065074009;1;-0,465474244;0,070935357;-0,069051512;1;-0,233222725;0,120069244;0,166113623;1
469;-1,051813155;0,070866496;0,051813155;1;-0,528624172;0,067550772;0,057248345;1;-0,041667748;0,11409101;-0,791661262;1
470;-1,035334287;0,062967685;0,035334287;1;-0,407904963;0,063247083;-0,184190073;1;-0,192809646;0,106696197;-0,035951771;1
471;-0,99227979;0,063774988;-0,00772021;1;-0,522730761;0,064577662;0,045461523;1;-0,103697028;0,105865758;-0,481514862;1
472;-1,008087247;0,06477266;0,008087247;1;-0,538914425;0,063882869;0,077828851;1;-0,153045291;0,106572582;-0,234773546;1
473;-1,022493589;0,067385338;0,022493589;1;-0,483044452;0,067226255;-0,033911096;1;-0,14338976;0,112087927;-0,283051202;1
474;-0,979779351;0,063968387;-0,020220649;1;-0,45989721;0,06423373;-0,08020558;1;-0,239924296;0,105995584;0,199621482;1
475;-1,034522951;0,068367046;0,034522951;1;-0,417746463;0,067451612;-0,164507073;1;-0,206421175;0,112999112;0,032105877;1
476;-1,121267229;0,073791192;0,121267229;1;-0,383824779;0,067443872;-0,232350442;1;-0,049594325;0,115639361;-0,752028377;1
477;-0,986448867;0,062471255;-0,013551133;1;-0,551072382;0,062855792;0,102144764;1;-0,108282503;0,102252717;-0,458587484;1
478;-1,106910478;0,065886752;0,106910478;1;-0,417356335;0,066875277;-0,165287329;1;-0,191244856;0,111835148;-0,043775721;1
479;-0,919941216;0,057220928;-0,080058784;1;-0,495951957;0,059387601;-0,008096087;1;-0,169269725;0,096166586;-0,153651375;1
480;-0,954908145;0,06600253;-0,045091855;1;-0,500945417;0,067754482;0,001890835;1;-0,286936614;0,112277184;0,434683069;1
481;-0,918495038;0,065073066;-0,081504962;1;-0,425498676;0,065164409;-0,149002649;1;-0,265300536;0,109032738;0,32650268;1
482;-0,962177227;0,0663423;-0,037822773;1;-0,410724554;0,064176482;-0,178550892;1;-0,229271799;0,109785622;0,146358993;1
483;-1,000589892;0,064859338;0,000589892;1;-0,394859208;0,066722817;-0,210281585;1;-0,368996069;0,111347433;0,844980344;1
484;-1,052184357;0,066767699;0,052184357;1;-0,466525367;0,065075184;-0,066949266;1;-0,110312152;0,108333669;-0,448439241;1
485;-1,078287051;0,074401097;0,078287051;1;-0,530849286;0,072557044;0,061698572;1;-0,056108425;0,120571792;-0,719457874;1
486;-0,963103665;0,062490058;-0,036896335;1;-0,491176408;0,06390669;-0,017647185;1;-0,256100973;0,104423106;0,280504864;1
487;-0,869822497;0,06282525;-0,130177503;0;-0,554975942;0,067180816;0,109951885;1;-0,422751055;0,109023513;1,113755277;0
488;-1,078671011;0,068347328;0,078671011;1;-0,443672247;0,067943275;-0,112655505;1;-0,16316225;0,112527414;-0,184188748;1
489;-0,948199743;0,064933372;-0,051800257;1;-0,563937058;0,064738058;0,127874116;1;-0,19554387;0,106513325;-0,02228065;1
490;-0,905976314;0,0680973;-0,094023686;1;-0,518100485;0,068997155;0,03620097;1;-0,393295411;0,115007685;0,966477056;1
491;-0,904235847;0,06245194;-0,095764153;1;-0,640575538;0,067044943;0,281151076;0;-0,305294432;0,108393949;0,526472158;1
492;-0,907669879;0,062579222;-0,092330121;1;-0,581464379;0,065085372;0,162928758;1;-0,205249665;0,106963923;0,026248323;1
493;-1,041156404;0,068998962;0,041156404;1;-0,471415416;0,068170589;-0,057169168;1;-0,198815915;0,115740873;-0,005920423;1
494;-0,96572897;0,066097833;-0,03427103;1;-0,409514227;0,066607689;-0,180971547;1;-0,382628367;0,113282924;0,913141834;1
495;-0,879205196;0,061346452;-0,120794804;0;-0,443796687;0,063291734;-0,112406626;1;-0,372694599;0,104414419;0,863472994;1
496;-0,865608454;0,062892447;-0,134391546;0;-0,467267926;0,065071172;-0,065464149;1;-0,48260366;0,109916933;1,4130183;0
497;-0,956026671;0,064285043;-0,043973329;1;-0,545367278;0,065268128;0,090734556;1;-0,210847405;0,108490077;0,054237024;1
498;-1,044466449;0,067742226;0,044466449;1;-0,422017152;0,067098473;-0,155965696;1;-0,297896972;0,112936905;0,489484862;1
499;-0,995600048;0,066402825;-0,004399952;1;-0,492278003;0,067335151;-0,015443994;1;-0,278406973;0,11022549;0,392034865;1
500;-0,951852148;0,065438762;-0,048147852;1;-0,583365875;0,066938352;0,16673175;1;-0,226934388;0,109701643;0,134671942;1
501;-0,839530657;0,059998607;-0,160469343;0;-0,526829639;0,064255291;0,053659278;1;-0,374321977;0,106117052;0,871609885;1
502;-1,148773489;0,072143681;0,148773489;0;-0,470441566;0,068672474;-0,059116868;1;-0,000540366;0,117150268;-0,997298172;1
503;-1,12146963;0,069680291;0,12146963;1;-0,52576995;0,06691607;0,051539901;1;0,007847845;0,110763095;-1,039239223;1
504;-1,050019328;0,064703637;0,050019328;1;-0,521336243;0,066650314;0,042672485;1;-0,106740132;0,106735085;-0,466299342;1
505;-1,016223806;0,063710084;0,016223806;1;-0,518679258;0,065298937;0,037358517;1;-0,157920156;0,107817428;-0,21039922;1
506;-1,097867436;0,069559397;0,097867436;1;-0,517247508;0,067986702;0,034495017;1;-0,037179195;0,113139848;-0,814104025;1
507;-0,943825828;0,064894333;-0,056174172;1;-0,627341358;0,068569528;0,254682716;1;-0,232282643;0,106828109;0,161413214;1
508;-1,062826439;0,067253558;0,062826439;1;-0,50641059;0,067600929;0,01282118;1;-0,257527638;0,109681146;0,287638192;1
509;-1,045437766;0,065334568;0,045437766;1;-0,424112655;0,066496399;-0,15177469;1;-0,199776908;0,109626089;-0,001115461;1
510;-0,993534282;0,069270288;-0,006465718;1;-0,534650424;0,06780681;0,069300848;1;-0,115280431;0,111071443;-0,423597845;1
511;-1,109671914;0,073228971;0,109671914;1;-0,381678443;0,069507764;-0,236643114;1;-0,104224436;0,117172787;-0,478877819;1
512;-0,964076583;0,065969535;-0,035923417;1;-0,626108104;0,067700331;0,252216208;1;-0,070238152;0,109371171;-0,648809238;1
513;-0,983276404;0,068110893;-0,016723596;1;-0,60861096;0,069592911;0,217221919;1;-0,290406025;0,11500901;0,452030124;1
514;-1,176015114;0,071123461;0,176015114;0;-0,377964483;0,066760705;-0,244071034;1;0,061457474;0,112912219;-1,307287369;0
515;-1,035438365;0,069825096;0,035438365;1;-0,436052399;0,068548788;-0,127895202;1;-0,323166982;0,113952648;0,615834911;1
516;-1,024991303;0,061840615;0,024991303;1;-0,486193505;0,064154615;-0,02761299;1;-0,179002874;0,10475209;-0,104985629;1
517;-0,837714966;0,061241407;-0,162285034;0;-0,514163154;0,063623456;0,028326307;1;-0,363498127;0,105270828;0,817490634;1
518;-0,886654088;0,06002394;-0,113345912;1;-0,535226408;0,065298587;0,070452816;1;-0,379746349;0,104571276;0,898731747;1
519;-1,001609318;0,063748784;0,001609318;1;-0,583954387;0,065904383;0,167908773;1;-0,102332179;0,106013712;-0,488339103;1
520;-0,940342028;0,0605147;-0,059657972;1;-0,532538262;0,062379255;0,065076523;1;-0,217294086;0,101474225;0,086470431;1
521;-0,999369127;0,063793442;-0,000630873;1;-0,681845592;0,067496092;0,363691185;0;-0,185104107;0,10837408;-0,074479464;1
522;-0,948534274;0,064117452;-0,051465726;1;-0,51839123;0,067550217;0,036782461;1;-0,260163532;0,109835044;0,300817659;1
523;-0,940293291;0,064352159;-0,059706709;1;-0,435563543;0,065708606;-0,128872915;1;-0,382001351;0,108387726;0,910006755;1
524;-0,914699503;0,061242169;-0,085300497;1;-0,570183718;0,063858292;0,140367436;1;-0,248379203;0,105857658;0,241896016;1
525;-1,155151515;0,067605456;0,155151515;0;-0,464388795;0,066366491;-0,071222411;1;0,01291207;0,110420791;-1,064560352;1
526;-0,946563489;0,063064564;-0,053436511;1;-0,42488604;0,065247884;-0,150227921;1;-0,425786475;0,109502463;1,128932377;0
527;-0,963482417;0,069915339;-0,036517583;1;-0,520076077;0,068148591;0,040152155;1;-0,172207272;0,113824397;-0,138963641;1
528;-1,008443098;0,062334745;0,008443098;1;-0,472640304;0,06408268;-0,054719391;1;-0,174194431;0,104253585;-0,129027845;1
529;-1,03537108;0,061658911;0,03537108;1;-0,536968345;0,063831147;0,07393669;1;-0,137781633;0,101079498;-0,311091835;1
530;-0,92644535;0,062970602;-0,07355465;1;-0,588649785;0,065034408;0,177299571;1;-0,158706025;0,106545144;-0,206469874;1
531;-0,925974269;0,063867189;-0,074025731;1;-0,623051034;0,067635918;0,246102067;1;-0,242747948;0,109585636;0,213739738;1
532;-0,923468324;0,061602674;-0,076531676;1;-0,50372918;0,064592628;0,007458361;1;-0,293407675;0,106487904;0,467038376;1
533;-0,960810295;0,065097781;-0,039189705;1;-0,548838314;0,066868;0,097676627;1;-0,210271708;0,109965883;0,05135854;1
534;-1,100146882;0,066319901;0,100146882;1;-0,388151393;0,063971464;-0,223697214;1;-0,042579132;0,107545834;-0,787104339;1
535;-0,894817454;0,062085534;-0,105182546;1;-0,536762139;0,066271461;0,073524277;1;-0,313748618;0,107893031;0,568743088;1
536;-1,093478651;0,066326845;0,093478651;1;-0,531029752;0,066973938;0,062059504;1;-0,058184172;0,107781306;-0,709079142;1
537;-1,001382866;0,065563054;0,001382866;1;-0,590509982;0,067731812;0,181019964;1;-0,151894882;0,109383622;-0,240525591;1
538;-1,035637099;0,065525946;0,035637099;1;-0,5368369;0,066242096;0,073673799;1;-0,146905771;0,108059377;-0,265471145;1
539;-0,890113314;0,067886365;-0,109886686;1;-0,497309431;0,06780768;-0,005381137;1;-0,360320725;0,113068945;0,801603627;1
540;-0,978377932;0,068131019;-0,021622068;1;-0,449448237;0,067309543;-0,101103526;1;-0,273649342;0,113520333;0,368246709;1
541;-0,988287432;0,062102229;-0,011712568;1;-0,56145484;0,064107095;0,122909679;1;-0,201030446;0,1050541;0,005152232;1
542;-1,031767833;0,063865695;0,031767833;1;-0,405954969;0,062422172;-0,188090062;1;-0,210843387;0,1059296;0,054216934;1
543;-0,894735097;0,062588317;-0,105264903;1;-0,469080857;0,063647749;-0,061838286;1;-0,323451313;0,104606687;0,617256566;1
544;-0,978438963;0,0650282;-0,021561037;1;-0,49942572;0,064839523;-0,001148559;1;-0,246417218;0,109191299;0,232086092;1
545;-0,989053127;0,060911089;-0,010946873;1;-0,568573448;0,065077133;0,137146897;1;-0,190667421;0,104254408;-0,046662897;1
546;-1,016388693;0,068321495;0,016388693;1;-0,586158614;0,069712165;0,172317229;1;-0,151050962;0,111320595;-0,24474519;1
547;-1,048803886;0,067595145;0,048803886;1;-0,582194661;0,067714921;0,164389322;1;-0,117128549;0,110875095;-0,414357255;1
548;-1,031135506;0,067061421;0,031135506;1;-0,460582364;0,066187174;-0,078835272;1;-0,137940586;0,111632059;-0,310297069;1
549;-0,98542;0,066406886;-0,01458;1;-0,40692715;0,065801143;-0,186145701;1;-0,179905835;0,110498995;-0,100470825;1
550;-0,922507436;0,063630248;-0,077492564;1;-0,535650055;0,066967305;0,071300111;1;-0,230369964;0,107418235;0,151849821;1
551;-0,940426428;0,065022937;-0,059573572;1;-0,499243358;0,066847834;-0,001513285;1;-0,42425576;0,11085282;1,121278799;0
552;-1,010182425;0,066250185;0,010182425;1;-0,567631307;0,066079185;0,135262613;1;-0,087329439;0,108113776;-0,563352803;1
553;-0,964544383;0,066596075;-0,035455617;1;-0,513163735;0,068247851;0,026327469;1;-0,24842492;0,112807993;0,242124598;1
554;-1,073503135;0,071462459;0,073503135;1;-0,463941763;0,069229112;-0,072116475;1;-0,078778687;0,115026635;-0,606106563;1
555;-0,896136392;0,061777641;-0,103863608;1;-0,405455869;0,062747764;-0,189088262;1;-0,351150938;0,104682528;0,755754689;1
556;-0,944062083;0,062889069;-0,055937917;1;-0,556535814;0,063148492;0,113071629;1;-0,128529462;0,10269894;-0,357352689;1
557;-0,988305666;0,063421605;-0,011694334;1;-0,520955036;0,065271092;0,041910072;1;-0,294532938;0,105619261;0,472664692;1
558;-0,905768392;0,065752713;-0,094231608;1;-0,543846321;0,06686352;0,087692641;1;-0,354010524;0,111386084;0,770052621;1
559;-1,06585959;0,069861304;0,06585959;1;-0,521755033;0,068298538;0,043510065;1;-0,06933633;0,112844973;-0,653318348;1
560;-1,107085334;0,069002834;0,107085334;1;-0,579519264;0,069263217;0,159038529;1;-0,009069914;0,111828659;-0,954650432;1
561;-0,96310859;0,067827242;-0,03689141;1;-0,525047593;0,0694078;0,050095186;1;-0,164326422;0,1148155;-0,17836789;1
562;-1,046704046;0,065384958;0,046704046;1;-0,453199962;0,066410361;-0,093600076;1;-0,174693811;0,110297166;-0,126530947;1
563;-0,983383028;0,062601944;-0,016616972;1;-0,545332225;0,064932632;0,09066445;1;-0,202811261;0,105616609;0,014056304;1
564;-1,079277664;0,070269412;0,079277664;1;-0,376330957;0,068081943;-0,247338086;1;-0,23373004;0,1161564;0,168650199;1
565;-1,026190325;0,069222127;0,026190325;1;-0,481413641;0,068599924;-0,037172719;1;-0,219819917;0,115199064;0,099099583;1
566;-1,045488739;0,063556785;0,045488739;1;-0,558851116;0,065722722;0,117702232;1;-0,191846266;0,10585877;-0,040768672;1
567;-1,013116292;0,067638703;0,013116292;1;-0,450104443;0,067423798;-0,099791113;1;-0,283434366;0,112241643;0,417171831;1
568;-1,111091213;0,072374527;0,111091213;1;-0,483087029;0,070841915;-0,033825942;1;-0,037608761;0,11714273;-0,811956197;1
569;-0,902476043;0,066784058;-0,097523957;1;-0,524151866;0,066758442;0,048303733;1;-0,409200281;0,113452244;1,046001404;1
570;-0,923072202;0,059185271;-0,076927798;1;-0,537149903;0,064508663;0,074299807;1;-0,33597977;0,102821318;0,679898849;1
571;-0,98738464;0,064961979;-0,01261536;1;-0,413676936;0,064085722;-0,172646129;1;-0,312619114;0,10937379;0,56309557;1
572;-0,920478613;0,061537665;-0,079521387;1;-0,461720456;0,062515967;-0,076559088;1;-0,328091354;0,10468263;0,640456772;1
573;-0,956287348;0,065243279;-0,043712652;1;-0,597042892;0,068512561;0,194085784;1;-0,242004113;0,108752538;0,210020565;1
574;-0,963628444;0,061508819;-0,036371556;1;-0,512691253;0,063677062;0,025382507;1;-0,186362909;0,104982053;-0,068185453;1
575;-1,032776828;0,073792694;0,032776828;1;-0,470336654;0,071982831;-0,059326691;1;-0,181144352;0,120862031;-0,094278239;1
576;-0,923799507;0,061433789;-0,076200493;1;-0,49865806;0,063688761;-0,00268388;1;-0,261464245;0,103857422;0,307321224;1
577;-0,966141083;0,063027512;-0,033858917;1;-0,433911227;0,062490456;-0,132177546;1;-0,196541945;0,10436642;-0,017290274;1
578;-0,974778401;0,06679567;-0,025221599;1;-0,454080584;0,067140538;-0,091838832;1;-0,354052021;0,112715004;0,770260104;1
579;-1,045226177;0,067557778;0,045226177;1;-0,550404903;0,066870943;0,100809807;1;-0,0028509;0,111716237;-0,985745502;1
580;-1,06145689;0,065643196;0,06145689;1;-0,542270683;0,067258583;0,084541365;1;-0,137470806;0,110129;-0,312645972;1
581;-0,986607257;0,068371719;-0,013392743;1;-0,457121708;0,068329214;-0,085756583;1;-0,266746978;0,114339287;0,33373489;1
582;-0,9000911;0,061844525;-0,0999089;1;-0,546617709;0,066115826;0,093235419;1;-0,372450288;0,106674576;0,862251439;1
583;-1,113965081;0,07244772;0,113965081;1;-0,508834656;0,070102034;0,017669313;1;0,032353597;0,117151536;-1,161767983;0
584;-0,932927254;0,064488688;-0,067072746;1;-0,45930951;0,064568994;-0,081380979;1;-0,27967411;0,107752522;0,39837055;1
585;-1,023016405;0,064215944;0,023016405;1;-0,381283114;0,061457322;-0,237433772;1;-0,116888548;0,103090504;-0,415557261;1
586;-0,948304107;0,069931548;-0,051695893;1;-0,551364862;0,069467143;0,102729724;1;-0,218890364;0,117076072;0,094451821;1
587;-1,065934385;0,060847195;0,065934385;1;-0,423085508;0,061887522;-0,153828983;1;-0,033447779;0,101653252;-0,832761105;1
588;-1,057593853;0,067490212;0,057593853;1;-0,475438589;0,066599788;-0,049122822;1;-0,185793535;0,112327001;-0,071032323;1
589;-0,983616245;0,062780941;-0,016383755;1;-0,508891743;0,063983051;0,017783485;1;-0,090922233;0,104233591;-0,545388837;1
590;-1,060758703;0,07093876;0,060758703;1;-0,519222947;0,071220052;0,038445893;1;-0,181366689;0,118233831;-0,093166557;1
591;-1,04996922;0,067628798;0,04996922;1;-0,545142394;0,067976971;0,090284787;1;-0,095469925;0,113505975;-0,522650376;1
592;-0,923777258;0,059557106;-0,076222742;1;-0,456362305;0,062215894;-0,087275389;1;-0,341551782;0,103201397;0,707758911;1
593;-1,089904545;0,069656257;0,089904545;1;-0,426030897;0,066557105;-0,147938206;1;-0,112285581;0,112429475;-0,438572097;1
594;-1,069795623;0,067741825;0,069795623;1;-0,541474985;0,067371918;0,082949971;1;-0,092067103;0,109756813;-0,539664484;1
595;-1,039503562;0,065393058;0,039503562;1;-0,395138466;0,06400065;-0,209723068;1;-0,173261326;0,107200774;-0,133693369;1
596;-0,98332639;0,066723376;-0,01667361;1;-0,544068411;0,067373389;0,088136821;1;-0,139268185;0,108653605;-0,303659073;1
597;-0,964659767;0,065711732;-0,035340233;1;-0,48742689;0,066243286;-0,025146221;1;-0,18766613;0,109656641;-0,061669352;1
598;-1,122442917;0,064809166;0,122442917;1;-0,49706419;0,064244115;-0,00587162;1;0,022947031;0,104307969;-1,114735156;0
599;-1,036452889;0,068086241;0,036452889;1;-0,552021507;0,068629465;0,104043015;1;-0,148772721;0,114158308;-0,256136393;1
600;-1,089880034;0,069875438;0,089880034;1;-0,488578109;0,068694199;-0,022843783;1;-0,113283509;0,114050531;-0,433582453;1
601;-0,96819187;0,065781414;-0,03180813;1;-0,587570406;0,067427286;0,175140813;1;-0,251187961;0,108920968;0,255939804;1
602;-0,928827333;0,067162703;-0,071172667;1;-0,669024041;0,070328225;0,338048082;0;-0,189876032;0,113185215;-0,050619838;1
603;-1,029001044;0,066097053;0,029001044;1;-0,467482139;0,06712576;-0,065035721;1;-0,211725101;0,110534116;0,058625507;1
604;-1,025706293;0,062728209;0,025706293;1;-0,438327781;0,064109827;-0,123344439;1;-0,113805555;0,104187326;-0,430972227;1
605;-1,137127297;0,066032013;0,137127297;0;-0,510206543;0,067087763;0,020413086;1;0,041949728;0,107574082;-1,209748638;0
606;-0,873749038;0,064747663;-0,126250962;1;-0,529034678;0,066572268;0,058069356;1;-0,326889342;0,109185088;0,634446712;1
607;-1,016507174;0,065064317;0,016507174;1;-0,479852447;0,064672795;-0,040295106;1;-0,171966229;0,107803558;-0,140168856;1
608;-0,927886195;0,066360057;-0,072113805;1;-0,508847506;0,066735962;0,017695013;1;-0,336898617;0,112090615;0,684493086;1
609;-0,96904233;0,063364498;-0,03095767;1;-0,511397608;0,065456288;0,022795216;1;-0,207584025;0,106471272;0,037920125;1
610;-0,983268659;0,065252496;-0,016731341;1;-0,529936585;0,066231567;0,05987317;1;-0,131719194;0,108316126;-0,341404029;1
611;-1,082172546;0,066519967;0,082172546;1;-0,454648499;0,065660556;-0,090703003;1;-0,05224974;0,109104765;-0,738751302;1
612;-0,943231774;0,065087696;-0,056768226;1;-0,455465086;0,067489854;-0,089069828;1;-0,230169708;0,112084733;0,150848538;1
613;-1,015937118;0,064326104;0,015937118;1;-0,425998292;0,065134236;-0,148003415;1;-0,281785575;0,11004459;0,408927877;1
614;-1,102269892;0,06941684;0,102269892;1;-0,395227988;0,066109428;-0,209544023;1;-0,067943385;0,111872159;-0,660283075;1
615;-0,910316642;0,058407011;-0,089683358;1;-0,467302523;0,06183847;-0,065394954;1;-0,281192333;0,101725486;0,405961665;1
616;-1,002372196;0,064611539;0,002372196;1;-0,463057167;0,065685195;-0,073885665;1;-0,191848666;0,108842936;-0,040756672;1
617;-0,847172917;0,060530999;-0,152827083;0;-0,529363261;0,06359264;0,058726523;1;-0,370900308;0,106160628;0,854501539;1
618;-0,996580246;0,069397396;-0,003419754;1;-0,574176736;0,069897162;0,148353472;1;-0,064780176;0,114010228;-0,676099119;1
619;-1,128717286;0,068186427;0,128717286;1;-0,411922333;0,065051924;-0,176155335;1;-0,041556963;0,109681639;-0,792215184;1
620;-0,902614352;0,067517854;-0,097385648;1;-0,62278388;0,070404456;0,24556776;1;-0,306320409;0,115814098;0,531602046;1
621;-0,952151529;0,061808579;-0,047848471;1;-0,576258075;0,065905208;0,15251615;1;-0,246285406;0,10586121;0,231427028;1
622;-0,883091714;0,063749632;-0,116908286;1;-0,515226961;0,066523999;0,030453923;1;-0,424665023;0,110937767;1,123325114;0
623;-0,985287482;0,062536058;-0,014712518;1;-0,538915013;0,066511561;0,077830025;1;-0,320508565;0,106482062;0,602542827;1
624;-1,039224178;0,065383599;0,039224178;1;-0,527852085;0,067006074;0,055704169;1;-0,137627609;0,108426212;-0,311861955;1
625;-1,053706799;0,068476194;0,053706799;1;-0,474758025;0,067727398;-0,05048395;1;-0,175889154;0,113249808;-0,120554231;1
626;-0,967680436;0,065670013;-0,032319564;1;-0,502292461;0,066663416;0,004584922;1;-0,312334306;0,109807389;0,561671532;1
627;-0,871322669;0,07406515;-0,128677331;1;-0,410401943;0,070630926;-0,179196114;1;-0,41696684;0,123259108;1,084834202;1
628;-0,92136271;0,058402796;-0,07863729;1;-0,617213777;0,06453802;0,234427553;1;-0,301527228;0,10132391;0,507636142;1
629;-1,096609471;0,069728331;0,096609471;1;-0,542808294;0,069273016;0,085616589;1;-0,167777001;0,115565116;-0,161114997;1
630;-0,839064179;0,06018043;-0,160935821;0;-0,59707204;0,06485027;0,19414408;1;-0,457601879;0,106238605;1,288009395;0
631;-1,021120963;0,065050818;0,021120963;1;-0,325747306;0,064725003;-0,348505388;0;-0,322336041;0,109920004;0,611680206;1
632;-0,944424811;0,061959365;-0,055575189;1;-0,592641781;0,067062059;0,185283562;1;-0,248270833;0,107950936;0,241354164;1
633;-1,050822235;0,064809078;0,050822235;1;-0,489443239;0,065807054;-0,021113522;1;-0,13910597;0,10779581;-0,30447015;1
634;-1,066294103;0,062040192;0,066294103;1;-0,504247523;0,063368145;0,008495045;1;-0,048983481;0,102760676;-0,755082596;1
635;-0,939329028;0,064629679;-0,060670972;1;-0,556482897;0,06645561;0,112965794;1;-0,265231921;0,109856909;0,326159607;1
636;-1,100302942;0,071255649;0,100302942;1;-0,391293579;0,069126914;-0,217412842;1;-0,123086581;0,11612049;-0,384567093;1
637;-1,001401755;0,064528886;0,001401755;1;-0,455037836;0,065963302;-0,089924328;1;-0,24776055;0,108810619;0,238802752;1
638;-1,026815384;0,065564703;0,026815384;1;-0,422025313;0,065954253;-0,155949374;1;-0,312254693;0,11109132;0,561273466;1
639;-0,920575206;0,060457829;-0,079424794;1;-0,460476917;0,063226146;-0,079046165;1;-0,22976516;0,10452461;0,148825798;1
640;-1,053140397;0,066168329;0,053140397;1;-0,450469751;0,066224749;-0,099060497;1;-0,175461617;0,108867067;-0,122691917;1
641;-1,008299652;0,067767013;0,008299652;1;-0,496541518;0,068216903;-0,006916964;1;-0,211342947;0,115065435;0,056714737;1
642;-1,035182429;0,065886051;0,035182429;1;-0,469488455;0,067178484;-0,06102309;1;-0,104276784;0,108309297;-0,478616079;1
643;-1,071597755;0,072429906;0,071597755;1;-0,524614455;0,070618989;0,04922891;1;-0,12578195;0,117827775;-0,371090249;1
644;-1,012573856;0,060670883;0,012573856;1;-0,527427362;0,06334592;0,054854724;1;-0,145997647;0,102775511;-0,270011763;1
645;-1,064762913;0,064837985;0,064762913;1;-0,418864811;0,065286568;-0,162270379;1;-0,181452423;0,108047386;-0,092737886;1
646;-0,9947275;0,06335006;-0,0052725;1;-0,496652356;0,065111012;-0,006695289;1;-0,190924579;0,107049513;-0,045377103;1
647;-0,968849494;0,069045027;-0,031150506;1;-0,633030227;0,068460888;0,266060453;1;-0,119738457;0,114591833;-0,401307713;1
648;-0,959428764;0,064671811;-0,040571236;1;-0,469082997;0,066654193;-0,061834005;1;-0,379041209;0,110353964;0,895206045;1
649;-1,00205753;0,067090859;0,00205753;1;-0,423523045;0,066847412;-0,15295391;1;-0,188814293;0,11134198;-0,055928537;1
650;-0,878155776;0,061209962;-0,121844224;0;-0,530750458;0,065608888;0,061500917;1;-0,373522248;0,10739284;0,86761124;1
651;-1,024091375;0,067590775;0,024091375;1;-0,530661384;0,066570811;0,061322769;1;-0,095510745;0,110749461;-0,522446273;1
652;-0,981215839;0,06348874;-0,018784161;1;-0,478782573;0,064204203;-0,042434854;1;-0,222663574;0,106479722;0,113317871;1
653;-0,931097056;0,060576937;-0,068902944;1;-0,596332299;0,064990228;0,192664598;1;-0,268799291;0,103753584;0,343996454;1
654;-0,976150732;0,0660346;-0,023849268;1;-0,573712068;0,067156785;0,147424136;1;-0,193277777;0,109173524;-0,033611116;1
655;-0,998335247;0,059741138;-0,001664753;1;-0,409821426;0,061547497;-0,180357149;1;-0,293273668;0,102046074;0,466368342;1
656;-0,974348323;0,066847802;-0,025651677;1;-0,477715858;0,067110838;-0,044568285;1;-0,303404779;0,112795242;0,517023897;1
657;-1,054357441;0,064388348;0,054357441;1;-0,514710333;0,064330398;0,029420667;1;-0,09682877;0,106627041;-0,515856152;1
658;-0,944578181;0,063935081;-0,055421819;1;-0,537267062;0,065206496;0,074534125;1;-0,176600779;0,108031701;-0,116996106;1
659;-1,100677718;0,069598847;0,100677718;1;-0,460248443;0,066741428;-0,079503115;1;-0,070018736;0,112275582;-0,649906321;1
660;-1,066715423;0,071645571;0,066715423;1;-0,412270727;0,069602445;-0,175458545;1;-0,122434676;0,115804476;-0,38782662;1
661;-0,907398641;0,061684792;-0,092601359;1;-0,47365573;0,063451446;-0,05268854;1;-0,25288195;0,105456007;0,26440975;1
662;-0,945431793;0,058943357;-0,054568207;1;-0,581301324;0,063663577;0,162602648;1;-0,24340463;0,10145309;0,217023148;1
663;-0,969439442;0,060319901;-0,030560558;1;-0,451971922;0,061337886;-0,096056155;1;-0,200090699;0,101890148;0,000453497;1
664;-1,111453889;0,072587786;0,111453889;1;-0,447884093;0,070151703;-0,104231815;1;-0,150206259;0,117345959;-0,248968703;1
665;-0,957966851;0,067001836;-0,042033149;1;-0,553254244;0,066181046;0,106508488;1;-0,119359467;0,110858943;-0,403202667;1
666;-1,025037401;0,064792599;0,025037401;1;-0,568344734;0,066030294;0,136689468;1;-0,057878525;0,10622304;-0,710607373;1
667;-0,994926025;0,066546532;-0,005073975;1;-0,593123817;0,068569214;0,186247634;1;-0,144147639;0,10940789;-0,279261804;1
668;-0,940887221;0,06201;-0,059112779;1;-0,599918366;0,064530817;0,199836732;1;-0,302831613;0,105561776;0,514158066;1
669;-1,068183122;0,066118962;0,068183122;1;-0,38485656;0,064612446;-0,23028688;1;-0,13174365;0,108157265;-0,341281752;1
670;-1,073375221;0,068332161;0,073375221;1;-0,497899422;0,064946388;-0,004201155;1;-0,028129475;0,109694466;-0,859352624;1
671;-0,994658644;0,064961434;-0,005341356;1;-0,545897381;0,068384369;0,091794762;1;-0,269288462;0,114005241;0,346442309;1
672;-1,0690094;0,068257186;0,0690094;1;-0,368960904;0,067206558;-0,262078193;1;-0,256480804;0,114258359;0,28240402;1
673;-0,951725703;0,061282436;-0,048274297;1;-0,442233995;0,06397204;-0,115532009;1;-0,352604205;0,107158585;0,763021023;1
674;-1,040491033;0,065244059;0,040491033;1;-0,392390222;0,063449632;-0,215219556;1;-0,091328052;0,107213247;-0,54335974;1
675;-1,091869364;0,071256395;0,091869364;1;-0,506970424;0,069917474;0,013940849;1;-0,022005862;0,115879518;-0,88997069;1
676;-1,087566386;0,06427027;0,087566386;1;-0,449820266;0,063029303;-0,100359468;1;0,081400123;0,103110545;-1,407000613;0
677;-0,968992767;0,065722851;-0,031007233;1;-0,506315548;0,067645214;0,012631096;1;-0,284836488;0,111394625;0,424182439;1
678;-1,057693895;0,067442277;0,057693895;1;-0,496800854;0,066144671;-0,006398292;1;-0,169091253;0,109671306;-0,154543734;1
679;-1,047110905;0,069474952;0,047110905;1;-0,463955565;0,068731941;-0,07208887;1;-0,154960127;0,115722828;-0,225199367;1
680;-0,894022264;0,063479242;-0,105977736;1;-0,489467251;0,065001566;-0,021065497;1;-0,354130072;0,108412004;0,77065036;1
681;-0,950827213;0,06715257;-0,049172787;1;-0,625934696;0,06937715;0,251869392;1;-0,222284093;0,113240471;0,111420465;1
682;-0,957764085;0,060168955;-0,042235915;1;-0,537995053;0,063776325;0,075990107;1;-0,205802393;0,102400577;0,029011966;1
683;-0,929427638;0,061915321;-0,070572362;1;-0,615486128;0,066238379;0,230972256;1;-0,224072496;0,104415734;0,12036248;1
684;-0,972596064;0,064764326;-0,027403936;1;-0,571264881;0,066878772;0,142529762;1;-0,317653569;0,111483698;0,588267844;1
685;-0,954206514;0,06734977;-0,045793486;1;-0,574665201;0,069235031;0,149330401;1;-0,224178902;0,11175298;0,120894512;1
686;-1,09219965;0,069719954;0,09219965;1;-0,479201249;0,068945136;-0,041597502;1;-0,149134175;0,114658206;-0,254329127;1
687;-1,213594013;0,073209221;0,213594013;0;-0,491634031;0,068899695;-0,016731938;1;0,129790088;0,114656314;-1,64895044;0
688;-0,964833312;0,064716109;-0,035166688;1;-0,519832045;0,06661142;0,03966409;1;-0,183012864;0,109433266;-0,084935679;1
689;-1,053554541;0,070636798;0,053554541;1;-0,445212684;0,068137315;-0,109574631;1;-0,206354511;0,114693452;0,031772555;1
690;-0,953853639;0,063567315;-0,046146361;1;-0,525563046;0,06447062;0,051126091;1;-0,191411388;0,10689492;-0,04294306;1
691;-1,033070856;0,065212751;0,033070856;1;-0,497285576;0,06671629;-0,005428847;1;-0,165694064;0,111085079;-0,171529682;1
692;-1,027858567;0,064638854;0,027858567;1;-0,415109699;0,063813191;-0,169780601;1;-0,173386138;0,105042146;-0,133069308;1
693;-1,037452364;0,066282643;0,037452364;1;-0,384525804;0,065061367;-0,230948392;1;-0,26486008;0,110310592;0,3243004;1
694;-0,89886958;0,064544876;-0,10113042;1;-0,646188034;0,068471682;0,292376069;0;-0,305475769;0,109040933;0,527378844;1
695;-0,985230111;0,066221665;-0,014769889;1;-0,529080832;0,066985265;0,058161664;1;-0,24169518;0,109750482;0,208475902;1
696;-1,041864142;0,066929219;0,041864142;1;-0,477343613;0,067739315;-0,045312774;1;-0,165804761;0,113317366;-0,170976194;1
697;-1,001504136;0,06435275;0,001504136;1;-0,43983773;0,064046902;-0,120324539;1;-0,145153467;0,106565473;-0,274232667;1
698;-0,964597454;0,069806769;-0,035402546;1;-0,499769819;0,068802754;-0,000460362;1;-0,28895634;0,113548974;0,444781699;1
699;-1,112708205;0,073583272;0,112708205;1;-0,438186103;0,069118982;-0,123627793;1;-0,097217029;0,117808968;-0,513914853;1
700;-1,022951383;0,070783006;0,022951383;1;-0,403808755;0,066398807;-0,19238249;1;-0,114858213;0,110537904;-0,425708936;1
701;-0,936597744;0,066361739;-0,063402256;1;-0,531666207;0,067651279;0,063332415;1;-0,277135943;0,114619284;0,385679717;1
702;-0,936374691;0,0602109;-0,063625309;1;-0,5529084;0,064509;0,1058168;1;-0,249752678;0,104695156;0,24876339;1
703;-1,096234266;0,066845805;0,096234266;1;-0,446090167;0,067426251;-0,107819666;1;-0,207757229;0,113392259;0,038786147;1
704;-0,921624693;0,064324806;-0,078375307;1;-0,575287946;0,065429473;0,150575893;1;-0,196657775;0,106994788;-0,016711123;1
705;-0,909997015;0,062381089;-0,090002985;1;-0,461485544;0,064338045;-0,077028913;1;-0,328413691;0,105704145;0,642068456;1
706;-1,034286322;0,072931718;0,034286322;1;-0,467657112;0,069993037;-0,064685777;1;-0,082829909;0,117674799;-0,585850454;1
707;-1,051420092;0,064286493;0,051420092;1;-0,399118074;0,062878007;-0,201763853;1;-0,123635622;0,105111064;-0,381821891;1
708;-0,996188155;0,063181479;-0,003811845;1;-0,526235362;0,064240352;0,052470725;1;-0,226413823;0,105565603;0,132069115;1
709;-1,046110183;0,069820637;0,046110183;1;-0,435400886;0,068274714;-0,129198229;1;-0,231867392;0,116395694;0,159336961;1
710;-1,039557932;0,064796385;0,039557932;1;-0,457158644;0,062948593;-0,085682713;1;-0,07283246;0,107712883;-0,6358377;1
711;-0,977744937;0,068174568;-0,022255063;1;-0,561478407;0,067084104;0,122956814;1;-0,010676079;0,11194497;-0,946619606;1
712;-0,914833036;0,064035178;-0,085166964;1;-0,473250205;0,065314115;-0,05349959;1;-0,351903363;0,107684028;0,759516814;1
713;-0,982367308;0,065969851;-0,017632692;1;-0,598732275;0,068520973;0,197464549;1;-0,231763171;0,112123534;0,158815855;1
714;-1,083475231;0,065725162;0,083475231;1;-0,561652084;0,068855514;0,123304169;1;-0,114779565;0,110896065;-0,426102175;1
715;-0,960958442;0,068493714;-0,039041558;1;-0,526415196;0,068828893;0,052830392;1;-0,307134115;0,113231457;0,535670575;1
716;-0,943886698;0,069281436;-0,056113302;1;-0,590785533;0,070110628;0,181571065;1;-0,300753263;0,11589549;0,503766316;1
717;-1,074514319;0,07419795;0,074514319;1;-0,463424785;0,071962277;-0,073150429;1;-0,114751044;0,119315153;-0,426244779;1
718;-0,964299065;0,070932621;-0,035700935;1;-0,62065902;0,070827752;0,241318041;1;-0,1208606;0,115503234;-0,395697;1
719;-0,951549547;0,063171974;-0,048450453;1;-0,456172729;0,064445539;-0,087654541;1;-0,273096676;0,107759324;0,365483381;1
720;-0,93866389;0,06573906;-0,06133611;1;-0,503819067;0,066147512;0,007638134;1;-0,277012057;0,111982598;0,385060284;1
721;-1,084768531;0,065431971;0,084768531;1;-0,601029694;0,066372765;0,202059388;1;0,026099539;0,107064945;-1,130497697;0
722;-0,90552131;0,06832771;-0,09447869;1;-0,603905382;0,070158464;0,207810764;1;-0,318950579;0,114016124;0,594752895;1
723;-0,928909585;0,063219927;-0,071090415;1;-0,537028664;0,064851615;0,074057327;1;-0,168833472;0,105486768;-0,155832639;1
724;-0,929518548;0,067600045;-0,070481452;1;-0,560067607;0,06892808;0,120135214;1;-0,239380348;0,112937861;0,196901738;1
725;-0,960510161;0,066649093;-0,039489839;1;-0,50098689;0,066945233;0,001973779;1;-0,248823128;0,11311761;0,244115642;1
726;-0,970422866;0,057968397;-0,029577134;1;-0,605380764;0,063573603;0,210761528;1;-0,146709779;0,099757577;-0,266451106;1
727;-0,953089828;0,067169744;-0,046910172;1;-0,55965801;0,067912061;0,119316021;1;-0,279788563;0,113849839;0,398942813;1
728;-0,993901677;0,064152859;-0,006098323;1;-0,438401945;0,064085815;-0,12319611;1;-0,207581742;0,106900219;0,037908708;1
729;-0,98277495;0,066123764;-0,01722505;1;-0,555426281;0,06890587;0,110852562;1;-0,243660819;0,112707222;0,218304096;1
730;-1,022782499;0,067478819;0,022782499;1;-0,535935386;0,067312854;0,071870773;1;-0,136914546;0,112002578;-0,315427271;1
731;-1,11657674;0,069444144;0,11657674;1;-0,435920011;0,065025974;-0,128159979;1;0,018601217;0,110837343;-1,093006086;0
732;-0,989561147;0,066765527;-0,010438853;1;-0,503872367;0,067645228;0,007744735;1;-0,236541086;0,111905652;0,182705428;1
733;-0,970535181;0,065047429;-0,029464819;1;-0,514282613;0,066995133;0,028565225;1;-0,288327628;0,110075861;0,441638141;1
734;-0,998823834;0,066445066;-0,001176166;1;-0,467274962;0,067128205;-0,065450075;1;-0,25310592;0,111169063;0,265529602;1
735;-1,06754846;0,067285713;0,06754846;1;-0,482629925;0,06756721;-0,03474015;1;-0,136312652;0,11225417;-0,31843674;1
736;-0,979131871;0,062451224;-0,020868129;1;-0,526132313;0,065549777;0,052264625;1;-0,216593636;0,106243705;0,082968182;1
737;-1,000266867;0,063450522;0,000266867;1;-0,506787192;0,064530374;0,013574385;1;-0,19016023;0,107722321;-0,049198851;1
738;-1,048464762;0,067937363;0,048464762;1;-0,465384162;0,066914848;-0,069231675;1;-0,202052861;0,113508072;0,010264305;1
739;-1,009455957;0,067913931;0,009455957;1;-0,509750686;0,067366617;0,019501372;1;-0,206454166;0,112545402;0,032270831;1
740;-1,061314528;0,064100091;0,061314528;1;-0,409628574;0,064345609;-0,180742852;1;-0,235725357;0,108358484;0,178626786;1
741;-1,080563953;0,069495835;0,080563953;1;-0,522831746;0,068427338;0,045663491;1;-0,057025073;0,113772302;-0,714874635;1
742;-0,897004043;0,065343022;-0,102995957;1;-0,459692943;0,066556908;-0,080614115;1;-0,321654339;0,111237912;0,608271695;1
743;-1,101134942;0,064011072;0,101134942;1;-0,407050994;0,06362384;-0,185898013;1;-0,08529521;0,10431975;-0,57352395;1
744;-1,075209625;0,064530716;0,075209625;1;-0,448802191;0,064139236;-0,102395617;1;-0,196497155;0,106870048;-0,017514226;1
745;-0,939282558;0,062081088;-0,060717442;1;-0,564712255;0,065609583;0,129424509;1;-0,280787608;0,107418552;0,403938041;1
746;-1,024813465;0,07140582;0,024813465;1;-0,477306554;0,069137085;-0,045386893;1;-0,030256729;0,116515479;-0,848716354;1
747;-1,069813416;0,065096385;0,069813416;1;-0,501444579;0,066014876;0,002889158;1;-0,115630816;0,109435395;-0,421845918;1
748;-1,035055414;0,066710561;0,035055414;1;-0,458489178;0,06711855;-0,083021644;1;-0,151849082;0,110433554;-0,240754591;1
749;-1,011376008;0,064271317;0,011376008;1;-0,472900229;0,065242139;-0,054199543;1;-0,208634704;0,109602209;0,043173522;1
750;-0,932582269;0,060514698;-0,067417731;1;-0,568344434;0,064098362;0,136688868;1;-0,211694387;0,102382595;0,058471934;1
751;-0,984266228;0,062658461;-0,015733772;1;-0,465241666;0,062396789;-0,069516668;1;-0,255167064;0,104546861;0,275835319;1
752;-0,963662846;0,064354864;-0,036337154;1;-0,567278839;0,067130032;0,134557679;1;-0,295270534;0,110212132;0,47635267;1
753;-1,117468347;0,072645198;0,117468347;1;-0,50814688;0,070518027;0,01629376;1;-0,098283177;0,118209993;-0,508584114;1
754;-0,857951817;0,065283051;-0,142048183;0;-0,516714763;0,067530548;0,033429525;1;-0,553673548;0,113181258;1,768367741;0
755;-0,936586728;0,06311329;-0,063413272;1;-0,507256188;0,065659524;0,014512375;1;-0,248343883;0,107138566;0,241719417;1
756;-0,930723298;0,065054897;-0,069276702;1;-0,450479844;0,064854676;-0,099040313;1;-0,294925697;0,109391267;0,474628483;1
757;-0,937061965;0,062658571;-0,062938035;1;-0,45212023;0,06468719;-0,095759541;1;-0,339132076;0,106882507;0,695660379;1
758;-1,040852093;0,068922633;0,040852093;1;-0,468338627;0,065866103;-0,063322746;1;-0,104330625;0,114394652;-0,478346877;1
759;-0,982890844;0,062537165;-0,017109156;1;-0,51269857;0,063984841;0,02539714;1;-0,199394364;0,104169049;-0,003028178;1
760;-0,969031701;0,065180574;-0,030968299;1;-0,407476951;0,065534622;-0,185046098;1;-0,241385389;0,11052151;0,206926945;1
761;-0,940490515;0,063025728;-0,059509485;1;-0,456742515;0,065029173;-0,086514971;1;-0,3127869;0,108755587;0,563934502;1
762;-0,859643429;0,065217162;-0,140356571;0;-0,477962466;0,067043772;-0,044075068;1;-0,460248538;0,113149712;1,301242689;0
763;-1,062970494;0,066373135;0,062970494;1;-0,438884748;0,065962113;-0,122230504;1;-0,160368506;0,110484503;-0,198157468;1
764;-1,050130516;0,066170685;0,050130516;1;-0,474602356;0,066328207;-0,050795288;1;-0,080687047;0,108989091;-0,596564767;1
765;-0,940804757;0,063404754;-0,059195243;1;-0,586377619;0,066265246;0,172755237;1;-0,159305429;0,106753989;-0,203472854;1
766;-0,936161287;0,063489566;-0,063838713;1;-0,589758182;0,066609514;0,179516363;1;-0,295959529;0,108673625;0,479797646;1
767;-1,046409864;0,065655038;0,046409864;1;-0,681198858;0,068551043;0,362397715;0;0,024386692;0,110064122;-1,121933458;0
768;-0,965921712;0,066380866;-0,034078288;1;-0,53714959;0,067126436;0,07429918;1;-0,27699872;0,110561172;0,384993598;1
769;-0,975254943;0,06664897;-0,024745057;1;-0,45981976;0,06713333;-0,08036048;1;-0,212992687;0,11161327;0,064963437;1
770;-0,974384441;0,066140391;-0,025615559;1;-0,517859123;0,067198631;0,035718246;1;-0,252064109;0,112007565;0,260320545;1
771;-1,12485753;0,068972783;0,12485753;1;-0,475720858;0,066412173;-0,048558283;1;0,067302713;0,110825246;-1,336513567;0
772;-1,066913241;0,069886235;0,066913241;1;-0,359908834;0,068999948;-0,280182332;0;-0,251152089;0,115109409;0,255760447;1
773;-0,973118059;0,068578711;-0,026881941;1;-0,510974093;0,068274926;0,021948186;1;-0,250992171;0,114169859;0,254960857;1
774;-0,958341764;0,062710544;-0,041658236;1;-0,433835951;0,062253702;-0,132328099;1;-0,244655682;0,103244685;0,223278411;1
775;-1,052852042;0,067360786;0,052852042;1;-0,477436995;0,066295937;-0,045126011;1;-0,142264058;0,111788969;-0,288679711;1
776;-1,040011155;0,066611545;0,040011155;1;-0,587787177;0,067554926;0,175574354;1;-0,043954269;0,109844047;-0,780228654;1
777;-0,930752313;0,060568064;-0,069247687;1;-0,547937025;0,063328028;0,095874051;1;-0,328050965;0,102953352;0,640254826;1
778;-0,950358921;0,065262759;-0,049641079;1;-0,546777471;0,067224787;0,093554943;1;-0,224507891;0,109120613;0,122539457;1
779;-0,968076323;0,067814242;-0,031923677;1;-0,580498323;0,068391689;0,160996646;1;-0,19126987;0,111763589;-0,04365065;1
780;-0,952455119;0,068719091;-0,047544881;1;-0,393426727;0,067513655;-0,213146545;1;-0,301591281;0,114708329;0,507956405;1
781;-1,050275572;0,068184356;0,050275572;1;-0,47871592;0,066780792;-0,04256816;1;-0,090132602;0,111952953;-0,54933699;1
782;-1,005946074;0,060529625;0,005946074;1;-0,539229418;0,064365063;0,078458836;1;-0,09540319;0,102619925;-0,522984052;1
783;-1,096720116;0,072411951;0,096720116;1;-0,517552737;0,069526367;0,035105473;1;-0,028902099;0,116386051;-0,855489504;1
784;-0,910316022;0,067851469;-0,089683978;1;-0,469562723;0,068015594;-0,060874554;1;-0,382047096;0,113759486;0,910235482;1
785;-0,94426313;0,066904184;-0,05573687;1;-0,504885808;0,067002251;0,009771615;1;-0,190821379;0,111396652;-0,045893103;1
786;-0,886176482;0,065626648;-0,113823518;1;-0,650951258;0,068805183;0,301902516;0;-0,275120446;0,109774508;0,375602228;1
787;-1,018886017;0,0640642;0,018886017;1;-0,438674772;0,064738;-0,122650457;1;-0,157643148;0,107416803;-0,211784258;1
788;-0,992413469;0,065415673;-0,007586531;1;-0,457170723;0,065311363;-0,085658554;1;-0,273551226;0,109657102;0,36775613;1
789;-1,021586126;0,064952796;0,021586126;1;-0,47448454;0,065221014;-0,051030921;1;-0,165385267;0,109293924;-0,173073664;1
790;-1,013427791;0,06931438;0,013427791;1;-0,630917023;0,069090099;0,261834046;1;-0,163128905;0,11246575;-0,184355477;1
791;-0,998943685;0,068100044;-0,001056315;1;-0,550769921;0,067947838;0,101539841;1;-0,112331057;0,112038832;-0,438344716;1
792;-0,892312236;0,063423794;-0,107687764;1;-0,44127707;0,063524179;-0,117445861;1;-0,389180623;0,105830361;0,945903113;1
793;-1,056975383;0,067095761;0,056975383;1;-0,506372307;0,065912053;0,012744615;1;-0,063536295;0,110693866;-0,682318525;1
794;-0,910153689;0,061306335;-0,089846311;1;-0,516524197;0,065453827;0,033048393;1;-0,367762568;0,105116109;0,838812839;1
795;-1,090616596;0,070213181;0,090616596;1;-0,518408275;0,068935913;0,036816551;1;-0,051158775;0,116647463;-0,744206123;1
796;-0,945892444;0,06323798;-0,054107556;1;-0,402168322;0,063650025;-0,195663357;1;-0,258676764;0,105342011;0,293383819;1
797;-0,980407862;0,068663339;-0,019592138;1;-0,440126467;0,067573445;-0,119747066;1;-0,278667011;0,114696241;0,393335054;1
798;-1,040465553;0,064068808;0,040465553;1;-0,385581702;0,064127876;-0,228836596;1;-0,125535279;0,107273318;-0,372323604;1
799;-0,985695629;0,066007615;-0,014304371;1;-0,51184097;0,066666476;0,023681939;1;-0,237067388;0,110797463;0,185336939;1
800;-1,166687145;0,06938093;0,166687145;0;-0,500913983;0,069578374;0,001827965;1;-0,038636544;0,11119471;-0,806817281;1
801;-1,060886711;0,065654212;0,060886711;1;-0,384899741;0,064636729;-0,230200518;1;-0,096543084;0,109118278;-0,517284578;1
802;-0,941989484;0,068337398;-0,058010516;1;-0,508930674;0,069079958;0,017861347;1;-0,332548745;0,115756781;0,662743725;1
803;-1,007445732;0,067876588;0,007445732;1;-0,508003328;0,068116052;0,016006655;1;-0,201869223;0,111726829;0,009346116;1
804;-0,938679634;0,06161188;-0,061320366;1;-0,463294501;0,064284725;-0,073410998;1;-0,3982279;0,107253026;0,991139502;1
805;-0,993627194;0,0633083;-0,006372806;1;-0,428078539;0,063438503;-0,143842923;1;-0,253302477;0,107496802;0,266512385;1
806;-1,00723642;0,06376231;0,00723642;1;-0,529149994;0,065858714;0,058299989;1;-0,19517995;0,105671822;-0,024100251;1
807;-1,036875495;0,064530105;0,036875495;1;-0,472748122;0,064617624;-0,054503755;1;-0,13606997;0,108256363;-0,319650148;1
808;-0,974310832;0,069167867;-0,025689168;1;-0,536707094;0,068095855;0,073414189;1;-0,297190345;0,112999067;0,485951724;1
809;-1,027798868;0,060199967;0,027798868;1;-0,511352585;0,062488525;0,02270517;1;-0,193820255;0,10191891;-0,030898723;1
810;-1,013400231;0,061831249;0,013400231;1;-0,491902243;0,062750049;-0,016195514;1;-0,142527136;0,102232123;-0,287364319;1
811;-0,929817794;0,059177065;-0,070182206;1;-0,512763406;0,064692797;0,025526811;1;-0,35954274;0,104298835;0,797713699;1
812;-1,029355867;0,065265626;0,029355867;1;-0,445609961;0,065537555;-0,108780078;1;-0,158359536;0,107883935;-0,20820232;1
813;-0,977255037;0,066739284;-0,022744963;1;-0,561396851;0,067627932;0,122793703;1;-0,143803487;0,11082754;-0,280982565;1
814;-1,023168723;0,070380076;0,023168723;1;-0,574491397;0,069995226;0,148982795;1;-0,233588234;0,114805043;0,167941168;1
815;-1,08567539;0,06600263;0,08567539;1;-0,499709192;0,064952816;-0,000581617;1;-0,053678942;0,108397241;-0,731605289;1
816;-1,039433127;0,06683091;0,039433127;1;-0,472288097;0,065188675;-0,055423805;1;-0,143520084;0,108982646;-0,282399578;1
817;-1,001966812;0,066948681;0,001966812;1;-0,43096086;0,065528062;-0,138078281;1;-0,251655963;0,112896354;0,258279814;1
818;-0,941963885;0,063413135;-0,058036115;1;-0,544770318;0,066711522;0,089540637;1;-0,292543121;0,10752761;0,462715603;1
819;-0,951562884;0,066454594;-0,048437116;1;-0,508327803;0,068817853;0,016655606;1;-0,369631807;0,115755894;0,848159036;1
820;-1,062957545;0,070582414;0,062957545;1;-0,493666782;0,070584196;-0,012666437;1;-0,115986572;0,116535872;-0,420067141;1
821;-1,029798379;0,068147208;0,029798379;1;-0,441995107;0,066928946;-0,116009787;1;-0,210138255;0,11306326;0,050691275;1
822;-1,033884831;0,065334831;0,033884831;1;-0,344978603;0,062724227;-0,310042795;0;-0,162377021;0,105754761;-0,188114895;1
823;-0,982535037;0,069458056;-0,017464963;1;-0,682186495;0,071797035;0,36437299;0;-0,066776021;0,114982135;-0,666119893;1
824;-1,031597676;0,064162454;0,031597676;1;-0,516381341;0,066718471;0,032762682;1;-0,180413573;0,10802902;-0,097932135;1
825;-0,950936055;0,06593248;-0,049063945;1;-0,488555354;0,067339417;-0,022889293;1;-0,304946409;0,110093677;0,524732045;1
826;-1,028696449;0,064831739;0,028696449;1;-0,523203048;0,065606052;0,046406097;1;-0,135075854;0,106609166;-0,324620732;1
827;-0,983716707;0,067166714;-0,016283293;1;-0,469796258;0,067737774;-0,060407484;1;-0,192621325;0,113373025;-0,036893374;1
828;-0,948633296;0,062179099;-0,051366704;1;-0,519429849;0,064190456;0,038859698;1;-0,240675358;0,104582089;0,203376791;1
829;-0,90253894;0,063024957;-0,09746106;1;-0,537232449;0,065234966;0,074464897;1;-0,43885885;0,110100781;1,19429425;0
830;-1,052634518;0,0664096;0,052634518;1;-0,397181509;0,065086775;-0,205636981;1;-0,167160566;0,108808147;-0,164197168;1
831;-0,903078423;0,060099923;-0,096921577;1;-0,596453567;0,065743838;0,192907135;1;-0,371661785;0,10504912;0,858308925;1
832;-0,998218227;0,063717523;-0,001781773;1;-0,435428052;0,063977964;-0,129143896;1;-0,145071553;0,106269182;-0,274642234;1
833;-1,040032423;0,066374311;0,040032423;1;-0,534918266;0,066513422;0,069836531;1;-0,098063107;0,108254985;-0,509684465;1
834;-0,958128671;0,067335468;-0,041871329;1;-0,481630264;0,066406016;-0,036739471;1;-0,120824683;0,111913787;-0,395876584;1
835;-1,022055801;0,06820733;0,022055801;1;-0,526970041;0,068935078;0,053940082;1;-0,189305423;0,113484082;-0,053472883;1
836;-0,921285397;0,063316272;-0,078714603;1;-0,466996631;0,062665618;-0,066006738;1;-0,31729811;0,106269718;0,586490549;1
837;-0,99423132;0,065158731;-0,00576868;1;-0,453324987;0,06574009;-0,093350026;1;-0,247124884;0,108620913;0,235624419;1
838;-1,08052421;0,067893842;0,08052421;1;-0,397972035;0,06549747;-0,20405593;1;-0,129476817;0,110092004;-0,352615915;1
839;-1,044213127;0,06705222;0,044213127;1;-0,50726286;0,066222775;0,014525719;1;-0,044726294;0,111028004;-0,776368529;1
840;-1,019147925;0,064985911;0,019147925;1;-0,563019312;0,066300176;0,126038625;1;-0,062323604;0,107724092;-0,688381982;1
841;-0,954230909;0,066539634;-0,045769091;1;-0,550220228;0,067329312;0,100440455;1;-0,289132761;0,112391361;0,445663804;1
842;-0,835539729;0,058861959;-0,164460271;0;-0,553886102;0,064307805;0,107772204;1;-0,485789056;0,105858071;1,428945279;0
843;-1,044122695;0,068623316;0,044122695;1;-0,623375097;0,069293682;0,246750195;1;-0,203074939;0,11344903;0,015374693;1
844;-0,805222032;0,062347925;-0,194777968;0;-0,640551574;0,066127802;0,281103147;0;-0,339726065;0,10568114;0,698630327;1
845;-1,148370602;0,07221842;0,148370602;0;-0,418413202;0,069434074;-0,163173597;1;-0,034498226;0,116093554;-0,827508871;1
846;-1,030072401;0,06886624;0,030072401;1;-0,533518952;0,068739796;0,067037903;1;-0,159223051;0,114258875;-0,203884746;1
847;-0,938231332;0,065730151;-0,061768668;1;-0,601639689;0,06784501;0,203279378;1;-0,173502449;0,108592823;-0,132487757;1
848;-1,144423379;0,065942377;0,144423379;0;-0,370427058;0,064594977;-0,259145885;0;0,032727122;0,105501239;-1,163635608;0
849;-1,030094703;0,065979118;0,030094703;1;-0,523483113;0,067411764;0,046966225;1;-0,206679069;0,111879643;0,033395347;1
850;-1,044229182;0,068295946;0,044229182;1;-0,456722636;0,066856506;-0,086554728;1;-0,18719866;0,111093867;-0,064006698;1
851;-1,026249383;0,061156099;0,026249383;1;-0,492703891;0,062141784;-0,014592218;1;-0,077888425;0,101543631;-0,610557877;1
852;-1,076021303;0,067590893;0,076021303;1;-0,52330667;0,069618308;0,04661334;1;-0,111008809;0,113479391;-0,444955953;1
853;-0,997488945;0,06366832;-0,002511055;1;-0,425530646;0,064342698;-0,148938707;1;-0,234714035;0,106316022;0,173570175;1
854;-1,128408702;0,071912105;0,128408702;1;-0,416966821;0,067163613;-0,166066359;1;0,05046403;0,113684549;-1,25232015;0
855;-0,987367384;0,05926062;-0,012632616;1;-0,569299902;0,064014445;0,138599804;1;-0,204975634;0,102741415;0,024878168;1
856;-0,998381182;0,072571843;-0,001618818;1;-0,51726888;0,070079208;0,03453776;1;-0,126251225;0,11817783;-0,368743876;1
857;-0,997056908;0,067191384;-0,002943092;1;-0,482066642;0,066922608;-0,035866716;1;-0,17180373;0,109456469;-0,140981349;1
858;-0,906109236;0,065134378;-0,093890764;1;-0,531729807;0,066013901;0,063459613;1;-0,270143281;0,107294807;0,350716403;1
859;-1,072027627;0,072842818;0,072027627;1;-0,516314896;0,071175579;0,032629793;1;-0,156308894;0,119097973;-0,218455529;1
860;-1,037246068;0,068482023;0,037246068;1;-0,455026415;0,065688149;-0,089947169;1;-0,173288475;0,108985607;-0,133557626;1
861;-0,963558352;0,069270079;-0,036441648;1;-0,488719513;0,069082358;-0,022560974;1;-0,285078874;0,117254335;0,425394369;1
862;-0,946184993;0,064987643;-0,053815007;1;-0,529341683;0,065699147;0,058683367;1;-0,165104015;0,108755813;-0,174479927;1
863;-1,024084803;0,061237144;0,024084803;1;-0,433241569;0,061928161;-0,133516862;1;-0,129363282;0,102513775;-0,35318359;1
864;-1,003001115;0,067580324;0,003001115;1;-0,493503937;0,069062463;-0,012992125;1;-0,360025642;0,113084135;0,800128208;1
865;-1,019071938;0,067250048;0,019071938;1;-0,51549879;0,065399962;0,03099758;1;-0,186183251;0,112554419;-0,069083746;1
866;-1,260877677;0,071011049;0,260877677;0;-0,419810377;0,066333043;-0,160379245;1;0,085253167;0,112236196;-1,426265833;0
867;-0,997161613;0,069050598;-0,002838387;1;-0,42931581;0,068689305;-0,141368379;1;-0,322741294;0,116947828;0,613706469;1
868;-0,967096671;0,065579882;-0,032903329;1;-0,415439635;0,065747707;-0,16912073;1;-0,305842965;0,111113974;0,529214824;1
869;-1,046681475;0,063355188;0,046681475;1;-0,459358091;0,063401689;-0,081283819;1;-0,110761756;0,104243858;-0,446191219;1
870;-0,976280253;0,06417015;-0,023719747;1;-0,556210089;0,065925512;0,112420178;1;-0,152226134;0,108885298;-0,238869329;1
871;-1,051862145;0,068901875;0,051862145;1;-0,534805137;0,066637254;0,069610274;1;-0,075038473;0,112982632;-0,624807634;1
872;-0,938756478;0,062813539;-0,061243522;1;-0,544598117;0,066202262;0,089196235;1;-0,215010386;0,108043479;0,07505193;1
873;-0,91299039;0,065421751;-0,08700961;1;-0,532436754;0,068434708;0,064873508;1;-0,230864289;0,111980077;0,154321443;1
874;-1,002633632;0,063270756;0,002633632;1;-0,504187211;0,063666064;0,008374421;1;-0,250814323;0,106609599;0,254071615;1
875;-0,99076832;0,068561547;-0,00923168;1;-0,510308846;0,067746109;0,020617691;1;-0,101072366;0,110596154;-0,49463817;1
876;-0,990574695;0,062228425;-0,009425305;1;-0,406465106;0,063411971;-0,187069788;1;-0,291353348;0,107403082;0,45676674;1
877;-1,006290936;0,068562684;0,006290936;1;-0,517830759;0,069621733;0,035661519;1;-0,249031919;0,116357697;0,245159593;1
878;-1,074843727;0,06598137;0,074843727;1;-0,406192335;0,065023208;-0,187615329;1;-0,109876518;0,108411993;-0,450617412;1
879;-0,975839181;0,070128843;-0,024160819;1;-0,488067385;0,070821718;-0,02386523;1;-0,279897861;0,115712362;0,399489305;1
880;-0,913920838;0,06594776;-0,086079162;1;-0,537646605;0,066627487;0,07529321;1;-0,272641916;0,109920567;0,36320958;1
881;-0,98093852;0,066073529;-0,01906148;1;-0,588216367;0,06762192;0,176432734;1;-0,192054637;0,108127591;-0,039726817;1
882;-1,00612568;0,064172069;0,00612568;1;-0,50086939;0,06441893;0,001738781;1;-0,183770406;0,107302181;-0,081147971;1
883;-0,971179995;0,061350169;-0,028820005;1;-0,60313951;0,066090609;0,206279021;1;-0,147858494;0,104282903;-0,26070753;1
884;-1,02712474;0,063939951;0,02712474;1;-0,476848612;0,065328333;-0,046302776;1;-0,224335918;0,107169092;0,121679589;1
885;-0,996893066;0,069180598;-0,003106934;1;-0,465262959;0,068698092;-0,069474082;1;-0,250813174;0,113951206;0,254065872;1
886;-1,00252716;0,065034328;0,00252716;1;-0,477961751;0,065582848;-0,044076498;1;-0,304794171;0,108740158;0,523970856;1
887;-1,047607038;0,064973325;0,047607038;1;-0,464876875;0,065536227;-0,07024625;1;-0,219463833;0,107667085;0,097319167;1
888;-0,95304678;0,068922764;-0,04695322;1;-0,532412139;0,06909618;0,064824278;1;-0,265371932;0,115337788;0,326859658;1
889;-0,933386058;0,0639245;-0,066613942;1;-0,480485585;0,064213545;-0,039028831;1;-0,359086349;0,108165915;0,795431747;1
890;-1,02044657;0,069407394;0,02044657;1;-0,471658458;0,068278179;-0,056683085;1;-0,218071739;0,1135759;0,090358697;1
891;-1,08655801;0,065128486;0,08655801;1;-0,593193014;0,068715753;0,186386028;1;-0,117294068;0,107956436;-0,41352966;1
892;-0,995127552;0,067028637;-0,004872448;1;-0,547566138;0,067505235;0,095132275;1;-0,076392347;0,110891411;-0,618038264;1
893;-0,892290084;0,061360483;-0,107709916;1;-0,419305527;0,063601545;-0,161388946;1;-0,473647378;0,104521533;1,368236888;0
894;-0,920223273;0,06713764;-0,079776727;1;-0,569800496;0,066663554;0,139600992;1;-0,329776178;0,111261874;0,648880892;1
895;-1,030660779;0,065817424;0,030660779;1;-0,530269931;0,065624659;0,060539863;1;-0,084269398;0,107232069;-0,578653008;1
896;-1,080433445;0,069011189;0,080433445;1;-0,435067074;0,06850955;-0,129865852;1;-0,207976542;0,114779917;0,039882711;1
897;-0,933677497;0,06061345;-0,066322503;1;-0,538717498;0,065188057;0,077434997;1;-0,329929927;0,104711219;0,649649633;1
898;-0,976419463;0,064558077;-0,023580537;1;-0,508260777;0,066554668;0,016521553;1;-0,295295644;0,110728974;0,476478219;1
899;-0,904430411;0,06518764;-0,095569589;1;-0,528126985;0,068059654;0,05625397;1;-0,351522504;0,111426563;0,757612522;1
900;-0,887940943;0,057274667;-0,112059057;1;-0,503666965;0,062324427;0,007333931;1;-0,395551372;0,101972656;0,97775686;1
901;-0,962065836;0,061812305;-0,037934164;1;-0,442089228;0,06403366;-0,115821545;1;-0,31150877;0,106263204;0,557543851;1
902;-0,918980181;0,067752441;-0,081019819;1;-0,485435278;0,068621469;-0,029129443;1;-0,30308673;0,113590798;0,515433651;1
903;-1,086687001;0,068399202;0,086687001;1;-0,551715124;0,069246222;0,103430247;1;-0,06512559;0,111972624;-0,674372048;1
904;-0,943259521;0,067280828;-0,056740479;1;-0,644855186;0,069922902;0,289710372;0;-0,213162324;0,112195267;0,06581162;1
905;-0,989757583;0,06929952;-0,010242417;1;-0,578742397;0,071770564;0,157484793;1;-0,279262884;0,116448112;0,39631442;1
906;-0,959733107;0,067179712;-0,040266893;1;-0,469338705;0,066630451;-0,06132259;1;-0,163590787;0,109902974;-0,182046064;1
907;-0,962671545;0,061426572;-0,037328455;1;-0,525234498;0,063955348;0,050468996;1;-0,212428092;0,103651243;0,062140459;1
908;-1,114102598;0,067154844;0,114102598;1;-0,418774655;0,066083031;-0,162450691;1;-0,048690866;0,109465903;-0,756545668;1
909;-1,153812586;0,06621358;0,153812586;0;-0,436095203;0,065025224;-0,127809593;1;0,048158884;0,106325131;-1,24079442;0
910;-1,040968526;0,06678313;0,040968526;1;-0,504016706;0,067229719;0,008033413;1;-0,145485724;0,111185232;-0,272571378;1
911;-1,061843652;0,070646357;0,061843652;1;-0,403987045;0,068101356;-0,19202591;1;-0,204478682;0,116075787;0,022393412;1
912;-1,034887808;0,064694295;0,034887808;1;-0,507351228;0,065883569;0,014702456;1;-0,039655741;0,108187398;-0,801721296;1
913;-1,067074456;0,065177767;0,067074456;1;-0,398229514;0,062722268;-0,203540973;1;-0,072224107;0,107055511;-0,638879466;1
914;-1,012183818;0,066667295;0,012183818;1;-0,342728332;0,065272696;-0,314543337;0;-0,286519183;0,112050577;0,432595914;1
915;-0,960539915;0,064718343;-0,039460085;1;-0,50481475;0,064116272;0,009629499;1;-0,203765276;0,10771356;0,01882638;1
916;-0,951331709;0,064479441;-0,048668291;1;-0,454500515;0,065833247;-0,09099897;1;-0,297781367;0,108306947;0,488906837;1
917;-0,997421132;0,065525061;-0,002578868;1;-0,506596569;0,065833164;0,013193137;1;-0,237506937;0,106568088;0,187534686;1
918;-0,974982457;0,06536379;-0,025017543;1;-0,425830601;0,067177632;-0,148338798;1;-0,294248302;0,110623854;0,471241508;1
919;-0,990922382;0,066014141;-0,009077618;1;-0,619293821;0,068729961;0,238587642;1;-0,137398938;0,112026163;-0,313005311;1
920;-1,070646126;0,068251915;0,070646126;1;-0,402425544;0,066264494;-0,195148912;1;-0,08871723;0,110687637;-0,556413851;1
921;-0,847166512;0,064613428;-0,152833488;0;-0,54631801;0,065376969;0,09263602;1;-0,321896694;0,10835534;0,609483469;1
922;-0,994739811;0,065238618;-0,005260189;1;-0,475816565;0,065417375;-0,048366871;1;-0,186518258;0,110248477;-0,067408708;1
923;-0,915862768;0,061196703;-0,084137232;1;-0,501918973;0,062645601;0,003837946;1;-0,183406207;0,103791974;-0,082968965;1
924;-1,05720902;0,066203188;0,05720902;1;-0,52075772;0,067066701;0,04151544;1;-0,141667416;0,110673474;-0,291662919;1
925;-1,012009263;0,071776004;0,012009263;1;-0,542021298;0,071001156;0,084042596;1;-0,112597511;0,117021656;-0,437012446;1
926;-1,001792493;0,064069082;0,001792493;1;-0,44781569;0,064412651;-0,104368619;1;-0,265869573;0,106590078;0,329347864;1
927;-1,129980188;0,068590555;0,129980188;1;-0,409550905;0,066083491;-0,180898189;1;-0,025830165;0,110792999;-0,870849173;1
928;-1,074447254;0,070367899;0,074447254;1;-0,493830681;0,069125461;-0,012338637;1;-0,079258188;0,11484432;-0,60370906;1
929;-0,982899053;0,065960967;-0,017100947;1;-0,471256724;0,066507266;-0,057486552;1;-0,248336108;0,111064562;0,24168054;1
930;-0,878809068;0,061373297;-0,121190932;0;-0,512690215;0,063595046;0,02538043;1;-0,34966905;0,105289384;0,748345252;1
931;-1,012901842;0,061919994;0,012901842;1;-0,459088177;0,063461624;-0,081823646;1;-0,178187822;0,103933044;-0,109060891;1
932;-1,027419633;0,061091999;0,027419633;1;-0,536414819;0,062880387;0,072829639;1;-0,044995079;0,099453416;-0,775024606;1
933;-1,029024129;0,069987337;0,029024129;1;-0,52162596;0,06795295;0,04325192;1;-0,037108632;0,112981702;-0,814456838;1
934;-1,033124701;0,067682314;0,033124701;1;-0,573598189;0,068664836;0,147196377;1;-0,082512516;0,110582405;-0,587437422;1
935;-1,074917242;0,065692062;0,074917242;1;-0,518617508;0,066918084;0,037235017;1;-0,140497383;0,11007634;-0,297513086;1
936;-1,116789509;0,068182057;0,116789509;1;-0,441035373;0,066748836;-0,117929254;1;-0,049968118;0,112128346;-0,750159408;1
937;-0,95443885;0,066119061;-0,04556115;1;-0,568828836;0,068122178;0,137657673;1;-0,229482182;0,111331182;0,147410911;1
938;-0,992978965;0,064906819;-0,007021035;1;-0,428131066;0,063208994;-0,143737869;1;-0,193946557;0,106483981;-0,030267216;1
939;-0,916208353;0,06533959;-0,083791647;1;-0,589351288;0,067935043;0,178702576;1;-0,221515629;0,111749908;0,107578145;1
940;-1,066306151;0,070178101;0,066306151;1;-0,4930031;0,069173059;-0,0139938;1;-0,103758886;0,115934356;-0,481205569;1
941;-0,992669871;0,065861242;-0,007330129;1;-0,423200558;0,065099828;-0,153598883;1;-0,235849649;0,110605683;0,179248247;1
942;-0,93362479;0,064178291;-0,06637521;1;-0,574182498;0,067040616;0,148364997;1;-0,334651304;0,109483557;0,67325652;1
943;-0,945402723;0,070997049;-0,054597277;1;-0,408649354;0,069606207;-0,182701291;1;-0,444576865;0,117439185;1,222884324;0
944;-1,124721527;0,069299883;0,124721527;1;-0,366079556;0,066222024;-0,267840887;0;-0,094447426;0,113121462;-0,52776287;1
945;-1,000365765;0,063252151;0,000365765;1;-0,486808079;0,062575743;-0,026383842;1;-0,126152754;0,10394508;-0,36923623;1
946;-0,972031709;0,066559674;-0,027968291;1;-0,517125848;0,068139637;0,034251696;1;-0,258415377;0,110852805;0,292076883;1
947;-1,006724265;0,063804387;0,006724265;1;-0,447407884;0,064993378;-0,105184233;1;-0,214865023;0,109039398;0,074325116;1
948;-0,953331989;0,065210017;-0,046668011;1;-0,480254688;0,065334193;-0,039490623;1;-0,222216744;0,108741106;0,111083718;1
949;-1,002258374;0,066264619;0,002258374;1;-0,434195988;0,065131018;-0,131608024;1;-0,263014313;0,110271752;0,315071565;1
950;-1,073415471;0,069847363;0,073415471;1;-0,505713128;0,069494767;0,011426255;1;-0,131898016;0,115641279;-0,340509919;1
951;-0,997859173;0,065167083;-0,002140827;1;-0,567895372;0,068524168;0,135790744;1;-0,305351687;0,111523783;0,526758436;1
952;-0,973917717;0,066820455;-0,026082283;1;-0,438722149;0,065674527;-0,122555702;1;-0,25910867;0,11297858;0,295543351;1
953;-0,985845969;0,065319444;-0,014154031;1;-0,591234699;0,068286573;0,182469397;1;-0,229600545;0,110762178;0,148002725;1
954;-1,039084232;0,067518305;0,039084232;1;-0,397385595;0,065598185;-0,205228811;1;-0,212298804;0,111141901;0,061494018;1
955;-1,006747731;0,070743411;0,006747731;1;-0,63114689;0,070570035;0,262293781;1;-0,230851678;0,11672443;0,154258388;1
956;-1,044564638;0,066349218;0,044564638;1;-0,513585732;0,06568332;0,027171464;1;-0,153668219;0,107701805;-0,231658906;1
957;-0,935390735;0,061392996;-0,064609265;1;-0,476349364;0,063278451;-0,047301271;1;-0,225480954;0,104333508;0,127404769;1
958;-1,027839518;0,065516684;0,027839518;1;-0,515145795;0,066464528;0,030291591;1;-0,183400045;0,109953814;-0,082999776;1
959;-0,932311039;0,063648391;-0,067688961;1;-0,459006752;0,066046554;-0,081986495;1;-0,354585425;0,109085997;0,772927127;1
960;-0,991951281;0,064610139;-0,008048719;1;-0,46226413;0,065446287;-0,075471739;1;-0,269266845;0,109627337;0,346334225;1
961;-1,027106216;0,067821162;0,027106216;1;-0,402095688;0,064914673;-0,195808625;1;-0,201690199;0,111215371;0,008450995;1
962;-1,090683689;0,068373244;0,090683689;1;-0,488535305;0,06617667;-0,022929389;1;-0,009555721;0,110143242;-0,952221395;1
963;-1,005491971;0,063377933;0,005491971;1;-0,590075607;0,065883629;0,180151215;1;-0,244588536;0,106973406;0,222942681;1
964;-1,019090117;0,063239211;0,019090117;1;-0,52625986;0,063810293;0,052519719;1;-0,13619319;0,104284644;-0,319034052;1
965;-0,965430361;0,065282625;-0,034569639;1;-0,569466614;0,066702411;0,138933228;1;-0,18551335;0,10879441;-0,072433248;1
966;-1,003492226;0,062926366;0,003492226;1;-0,528410896;0,065875061;0,056821792;1;-0,191462491;0,106936927;-0,042687545;1
967;-1,053612941;0,066336744;0,053612941;1;-0,484247748;0,065850479;-0,031504505;1;-0,100714385;0,109113918;-0,496428075;1
968;-1,044154616;0,065083413;0,044154616;1;-0,474643792;0,065261905;-0,050712417;1;-0,077279212;0,108901116;-0,613603941;1
969;-1,01413938;0,067899967;0,01413938;1;-0,495203242;0,068142688;-0,009593516;1;-0,158824921;0,113865034;-0,205875397;1
970;-0,990756026;0,062657565;-0,009243974;1;-0,475412193;0,064034656;-0,049175614;1;-0,219908456;0,105537582;0,099542282;1
971;-1,042820744;0,065301602;0,042820744;1;-0,525390819;0,065455116;0,050781638;1;-0,103533855;0,108402555;-0,482330724;1
972;-1,094809041;0,07370186;0,094809041;1;-0,432720632;0,067850475;-0,134558737;1;-0,016208308;0,117064824;-0,918958458;1
973;-1,070233433;0,067967977;0,070233433;1;-0,512854621;0,066246401;0,025709241;1;0,022104261;0,110241326;-1,110521307;0
974;-1,077534121;0,069417907;0,077534121;1;-0,484936323;0,067635327;-0,030127355;1;-0,113454376;0,114174326;-0,432728118;1
975;-0,869276245;0,06342941;-0,130723755;0;-0,514945234;0,065369792;0,029890468;1;-0,289817242;0,109184089;0,44908621;1
976;-0,928554553;0,061980515;-0,071445447;1;-0,423987778;0,06356418;-0,152024443;1;-0,385652275;0,105237419;0,928261376;1
977;-0,886247639;0,060714714;-0,113752361;1;-0,54676928;0,065363749;0,09353856;1;-0,448132543;0,105432098;1,240662715;0
978;-1,023373379;0,063518221;0,023373379;1;-0,452657912;0,063964966;-0,094684176;1;-0,213026327;0,106083192;0,065131633;1
979;-1,050002132;0,067385127;0,050002132;1;-0,571932967;0,066832649;0,143865935;1;-0,022788667;0,110701951;-0,886056665;1
980;-0,987809493;0,065506045;-0,012190507;1;-0,589863222;0,067330477;0,179726443;1;-0,136558884;0,110532707;-0,317205582;1
981;-0,982706963;0,065425871;-0,017293037;1;-0,548648784;0,067153432;0,097297568;1;-0,143488004;0,108979199;-0,282559978;1
982;-1,017615941;0,061546233;0,017615941;1;-0,461200186;0,063101104;-0,077599629;1;-0,204193657;0,101735039;0,020968283;1
983;-1,045483086;0,062990205;0,045483086;1;-0,42714883;0,065618893;-0,145702339;1;-0,370747474;0,109353955;0,853737368;1
984;-1,055974671;0,065281269;0,055974671;1;-0,478854784;0,066457648;-0,042290433;1;-0,090737293;0,107438699;-0,546313536;1
985;-0,996455536;0,066295467;-0,003544464;1;-0,493621425;0,06807651;-0,01275715;1;-0,294517023;0,112627429;0,472585116;1
986;-1,035684773;0,067459106;0,035684773;1;-0,487912255;0,065975759;-0,024175489;1;-0,100088482;0,109728875;-0,499557592;1
987;-0,955751104;0,06348158;-0,044248896;1;-0,501128721;0,064422413;0,002257441;1;-0,27458698;0,107182307;0,372934899;1
988;-0,978834375;0,062029123;-0,021165625;1;-0,464359624;0,062929922;-0,071280753;1;-0,287730554;0,104417842;0,438652768;1
989;-1,049186185;0,067346932;0,049186185;1;-0,526747371;0,067140446;0,053494741;1;-0,065645697;0,110698826;-0,671771517;1
990;-0,912284396;0,062193624;-0,087715604;1;-0,509026517;0,064778544;0,018053034;1;-0,377524333;0,108378835;0,887621666;1
991;-1,007221305;0,061606406;0,007221305;1;-0,510592354;0,063681932;0,021184707;1;-0,142077591;0,102561974;-0,289612043;1
992;-1,006766269;0,066657026;0,006766269;1;-0,521643793;0,067272007;0,043287586;1;-0,143205955;0,109157678;-0,283970225;1
993;-0,973277159;0,059894901;-0,026722841;1;-0,467494327;0,062202691;-0,065011345;1;-0,223915044;0,103410304;0,119575219;1
994;-0,966686042;0,062654549;-0,033313958;1;-0,493735704;0,065443775;-0,012528591;1;-0,284991922;0,107216208;0,424959608;1
995;-1,064531621;0,068704506;0,064531621;1;-0,502469212;0,068056865;0,004938425;1;-0,026080966;0,113759677;-0,86959517;1
996;-0,862871366;0,060014582;-0,137128634;0;-0,461283307;0,061445086;-0,077433386;1;-0,355682511;0,102869269;0,778412556;1
997;-0,987820772;0,061362551;-0,012179228;1;-0,49413152;0,062897592;-0,011736959;1;-0,204665104;0,103930522;0,023325518;1
998;-0,995310641;0,065249115;-0,004689359;1;-0,42661769;0,065310148;-0,14676462;1;-0,291927464;0,108652209;0,45963732;1
999;-0,982285704;0,068135784;-0,017714296;1;-0,577147301;0,068368908;0,154294601;1;-0,185724637;0,109739315;-0,071376817;1
1000;-0,927470803;0,061445534;-0,072529197;1;-0,471813462;0,063196897;-0,056373077;1;-0,309341432;0,102837979;0,546707162;1
