;mean;se;bias;cp;mean;se;bias;cp;mean;se;bias;cp;;mean;sd;bias;cp;mean;sd;bias;cp;mean;sd;bias;cp
1;0,320309702;0,150597273;-0,466150496;1;-0,060979354;0,114948909;-1,304896768;0;0,948454631;0,202410831;1,371136578;0;;0,592005401;0,168565414;-0,013324331;0,945;0,203335633;0,13183239;0,016678165;0,942;0,388548381;0,226009759;-0,028629047;0,946
2;0,309956682;0,161994897;-0,48340553;1;0,199526569;0,128072129;-0,002367157;1;0,781233529;0,221748199;0,953083822;1;;;;;;;;;;;;;
3;0,487605494;0,159625968;-0,187324176;1;0,256478897;0,120861059;0,282394486;1;0,331268942;0,20908306;-0,171827645;1;;;;;;;;;;;;;
4;0,607902157;0,150030865;0,013170262;1;0,128124575;0,10943742;-0,359377125;1;-0,01273964;0,193840548;-1,0318491;0;;;;;;;;;;;;;
5;0,721754213;0,170733082;0,202923688;1;0,028210889;0,128641444;-0,858945557;1;0,35782591;0,227767713;-0,105435225;1;;;;;;;;;;;;;
6;0,801764263;0,16460971;0,336273772;1;0,274367776;0,127901902;0,37183888;1;0,21159634;0,222710021;-0,471009149;1;;;;;;;;;;;;;
7;0,624585919;0,18065129;0,040976532;1;0,301778331;0,133449647;0,508891657;1;0,395135316;0,241126584;-0,012161711;1;;;;;;;;;;;;;
8;0,442354701;0,158805066;-0,262742166;1;0,287550722;0,125480741;0,437753609;1;0,603421254;0,219748706;0,508553134;1;;;;;;;;;;;;;
9;0,364489874;0,160542532;-0,392516877;1;0,315248789;0,127258075;0,576243943;1;0,800695287;0,220387682;1,001738217;1;;;;;;;;;;;;;
10;0,77943239;0,177838958;0,299053983;1;0,273998403;0,137054528;0,369992017;1;0,200206552;0,218285097;-0,49948362;1;;;;;;;;;;;;;
11;0,506556728;0,168048033;-0,155738786;1;0,352974248;0,128649713;0,764871241;1;0,545357271;0,216377198;0,363393177;1;;;;;;;;;;;;;
12;0,547065106;0,153890446;-0,088224824;1;0,008508625;0,115393351;-0,957456877;1;0,287445655;0,186014202;-0,281385863;1;;;;;;;;;;;;;
13;0,571808154;0,147528553;-0,04698641;1;0,123951891;0,114212238;-0,380240544;1;0,290142836;0,189633821;-0,274642909;1;;;;;;;;;;;;;
14;0,685773624;0,169839335;0,14295604;1;0,079204955;0,13395443;-0,603975226;1;0,411241894;0,224877386;0,028104735;1;;;;;;;;;;;;;
15;0,373840704;0,156071514;-0,376932159;1;0,320334672;0,119008322;0,60167336;1;0,413202103;0,20347675;0,033005257;1;;;;;;;;;;;;;
16;0,223245421;0,14090849;-0,627924298;0;0,113679597;0,108210062;-0,431602016;1;0,548694331;0,188459508;0,371735829;1;;;;;;;;;;;;;
17;0,506774409;0,153326286;-0,155375985;1;0,072910388;0,115392954;-0,635448058;1;0,315593228;0,198541317;-0,21101693;1;;;;;;;;;;;;;
18;0,548685541;0,162712989;-0,085524098;1;0,398065003;0,12542532;0,990325013;1;0,211276;0,216412168;-0,471810001;1;;;;;;;;;;;;;
19;0,687007359;0,186005749;0,145012266;1;0,1891905;0,139758679;-0,0540475;1;0,467021683;0,255127299;0,167554208;1;;;;;;;;;;;;;
20;0,644855846;0,170333527;0,074759743;1;0,36656746;0,130496198;0,832837302;1;0,256587662;0,231007426;-0,358530845;1;;;;;;;;;;;;;
21;0,567534706;0,165533768;-0,054108823;1;0,189369528;0,126595529;-0,05315236;1;0,372605574;0,214795769;-0,068486065;1;;;;;;;;;;;;;
22;0,515156543;0,159358458;-0,141405762;1;0,38476399;0,130067801;0,92381995;1;0,292727419;0,206574648;-0,268181451;1;;;;;;;;;;;;;
23;0,26582336;0,149872808;-0,556961067;0;0,365643172;0,118498009;0,82821586;1;0,67044142;0,203057459;0,67610355;1;;;;;;;;;;;;;
24;0,475300254;0,163789201;-0,207832911;1;0,220148733;0,130241798;0,100743665;1;0,378069788;0,221118708;-0,05482553;1;;;;;;;;;;;;;
25;0,81927492;0,176017422;0,3654582;1;0,147256204;0,140445979;-0,263718982;1;0,417712823;0,231582369;0,044282058;1;;;;;;;;;;;;;
26;0,74892368;0,166600722;0,248206134;1;0,280979434;0,132957245;0,40489717;1;0,145183761;0,229097027;-0,637040598;1;;;;;;;;;;;;;
27;0,689380383;0,163613067;0,148967305;1;0,069779168;0,120194384;-0,651104159;1;0,174377791;0,21206474;-0,564055522;1;;;;;;;;;;;;;
28;0,661435379;0,170737672;0,102392299;1;0,293270047;0,132517871;0,466350236;1;0,158670295;0,231704728;-0,603324262;1;;;;;;;;;;;;;
29;0,89450277;0,157044905;0,490837951;1;0,027443743;0,129046179;-0,862781286;1;0,251416682;0,212605279;-0,371458296;1;;;;;;;;;;;;;
30;0,657487882;0,188221149;0,095813136;1;0,370428248;0,138136662;0,852141241;1;0,311661579;0,23838425;-0,220846052;1;;;;;;;;;;;;;
31;0,822460737;0,169945647;0,370767896;1;-0,003628675;0,13342154;-1,018143374;1;0,396357885;0,22804283;-0,009105289;1;;;;;;;;;;;;;
32;0,507086976;0,174406256;-0,15485504;1;0,302723283;0,133186934;0,513616415;1;0,761195506;0,22382654;0,902988765;1;;;;;;;;;;;;;
33;0,618196562;0,170367366;0,030327604;1;0,403395145;0,132257164;1,016975723;1;0,390102297;0,218572701;-0,024744257;1;;;;;;;;;;;;;
34;0,89021781;0,164360861;0,48369635;1;0,155061866;0,129010443;-0,22469067;1;0,096323714;0,225713529;-0,759190716;1;;;;;;;;;;;;;
35;0,691023799;0,151896648;0,151706332;1;0,127893203;0,112347614;-0,360533983;1;0,09213741;0,197641714;-0,769656474;1;;;;;;;;;;;;;
36;0,675337436;0,168708841;0,125562393;1;0,045595867;0,12962184;-0,772020665;1;0,378791115;0,220147403;-0,053022213;1;;;;;;;;;;;;;
37;0,689488072;0,15571881;0,149146786;1;-0,007863143;0,119657652;-1,039315716;1;0,462942982;0,208982864;0,157357456;1;;;;;;;;;;;;;
38;0,626957166;0,16156636;0,044928609;1;0,046568906;0,126980881;-0,767155471;1;0,275682181;0,218375201;-0,310794547;1;;;;;;;;;;;;;
39;0,293135893;0,148521227;-0,511440178;0;0,41922368;0,11650613;1,096118401;1;0,412290575;0,1910045;0,030726438;1;;;;;;;;;;;;;
40;0,334090807;0,166467784;-0,443181988;1;0,463665988;0,125467147;1,318329939;0;0,657641542;0,217403363;0,644103855;1;;;;;;;;;;;;;
41;0,468394288;0,159963448;-0,219342853;1;0,34789916;0,126116171;0,739495798;1;0,389435288;0,211612366;-0,02641178;1;;;;;;;;;;;;;
42;0,468788159;0,163801766;-0,218686401;1;0,214981097;0,134385906;0,074905486;1;0,606785177;0,2239776;0,516962943;1;;;;;;;;;;;;;
43;0,563619189;0,16098798;-0,060634684;1;0,422540887;0,124579162;1,112704436;1;0,284379019;0,207068837;-0,289052453;1;;;;;;;;;;;;;
44;0,366412102;0,161193035;-0,389313163;1;0,137151476;0,121266135;-0,31424262;1;0,598706604;0,215960579;0,496766511;1;;;;;;;;;;;;;
45;0,761833526;0,167126426;0,269722544;1;0,034950103;0,12514372;-0,825249485;1;0,012604641;0,219603742;-0,968488398;1;;;;;;;;;;;;;
46;0,352846232;0,155951271;-0,411922947;1;0,425808809;0,127273454;1,129044046;1;0,571864709;0,213547333;0,429661772;1;;;;;;;;;;;;;
47;0,624920491;0,181982446;0,041534152;1;0,148529323;0,139813474;-0,257353383;1;0,521007831;0,243325662;0,302519579;1;;;;;;;;;;;;;
48;0,606283378;0,148439447;0,010472296;1;0,267742149;0,117650751;0,338710745;1;0,192724122;0,195830226;-0,518189695;1;;;;;;;;;;;;;
49;0,367476213;0,165181266;-0,387539645;1;0,449193317;0,125240897;1,245966586;0;0,481756668;0,204220643;0,204391669;1;;;;;;;;;;;;;
50;0,774759167;0,183275493;0,291265279;1;-0,139791487;0,133425989;-1,698957436;0;0,156208823;0,242810489;-0,609477943;1;;;;;;;;;;;;;
51;0,61465444;0,15199094;0,024424067;1;0,160635552;0,117818424;-0,196822238;1;0,012588824;0,203394974;-0,96852794;1;;;;;;;;;;;;;
52;0,953834351;0,191179984;0,589723918;1;0,174346228;0,146747173;-0,128268859;1;0,187583461;0,253265597;-0,531041348;1;;;;;;;;;;;;;
53;0,711352049;0,179161597;0,185586749;1;0,367059235;0,132703356;0,835296174;1;0,135237963;0,227616623;-0,661905092;1;;;;;;;;;;;;;
54;0,620889614;0,191509543;0,034816023;1;0,144011845;0,14052153;-0,279940775;1;0,290037741;0,257975818;-0,274905647;1;;;;;;;;;;;;;
55;0,677534542;0,171649571;0,129224237;1;0,023341569;0,130324442;-0,883292155;1;0,404804234;0,234691069;0,012010584;1;;;;;;;;;;;;;
56;0,750049399;0,169047072;0,250082331;1;-0,0024523;0,127393744;-1,0122615;1;-0,011602983;0,214766182;-1,029007457;1;;;;;;;;;;;;;
57;0,384735271;0,170451989;-0,358774548;1;0,020287904;0,129490011;-0,898560481;1;0,721164627;0,239013493;0,802911568;1;;;;;;;;;;;;;
58;0,714713922;0,178117041;0,191189871;1;0,358492139;0,131512444;0,792460695;1;0,15641735;0,231704302;-0,608956626;1;;;;;;;;;;;;;
59;0,415915099;0,170209317;-0,306808169;1;0,336438284;0,125794668;0,682191418;1;0,442722358;0,234256065;0,106805894;1;;;;;;;;;;;;;
60;0,798097007;0,168153169;0,330161678;1;0,074126564;0,133200632;-0,62936718;1;0,301746802;0,228433328;-0,245632994;1;;;;;;;;;;;;;
61;0,325352248;0,148358799;-0,457746253;1;0,251955802;0,122825559;0,259779008;1;0,887288264;0,198863026;1,218220659;0;;;;;;;;;;;;;
62;0,630228141;0,158554286;0,050380235;1;0,201739258;0,125033199;0,008696288;1;0,211154949;0,217550853;-0,472112627;1;;;;;;;;;;;;;
63;0,624000143;0,173621787;0,040000239;1;0,147716673;0,130054555;-0,261416634;1;0,324945526;0,227107923;-0,187636185;1;;;;;;;;;;;;;
64;0,422210071;0,161744452;-0,296316548;1;0,255938006;0,123733393;0,279690029;1;0,681464224;0,217832221;0,70366056;1;;;;;;;;;;;;;
65;0,391611963;0,154351126;-0,347313395;1;0,22730932;0,118014031;0,136546601;1;0,493015152;0,20282413;0,23253788;1;;;;;;;;;;;;;
66;0,874974848;0,165743886;0,458291413;1;0,132860097;0,128565934;-0,335699515;1;0,068382065;0,205288095;-0,829044837;1;;;;;;;;;;;;;
67;0,564552333;0,155403262;-0,059079445;1;0,270589312;0,120257402;0,352946561;1;0,335417578;0,210572022;-0,161456054;1;;;;;;;;;;;;;
68;0,551538184;0,148875237;-0,080769693;1;0,336670679;0,115194453;0,683353395;1;0,15180002;0,201453226;-0,620499951;1;;;;;;;;;;;;;
69;0,606747824;0,163072181;0,011246373;1;0,107204974;0,126105984;-0,46397513;1;0,400713266;0,211418659;0,001783164;1;;;;;;;;;;;;;
70;0,756789491;0,183563013;0,261315818;1;0,277102844;0,147031173;0,385514221;1;0,414625349;0,248867938;0,036563373;1;;;;;;;;;;;;;
71;0,701675836;0,162546961;0,169459727;1;0,050986189;0,123549927;-0,745069057;1;0,440503161;0,220359619;0,101257902;1;;;;;;;;;;;;;
72;0,758332252;0,167071179;0,263887086;1;0,038096038;0,125466465;-0,809519808;1;-0,088746459;0,220392572;-1,221866147;0;;;;;;;;;;;;;
73;0,431827473;0,179477612;-0,280287546;1;0,192161631;0,137548572;-0,039191847;1;0,71456177;0,244250975;0,786404425;1;;;;;;;;;;;;;
74;0,70097757;0,162450992;0,16829595;1;0,207959149;0,122935014;0,039795743;1;0,406068422;0,202552993;0,015171055;1;;;;;;;;;;;;;
75;0,777255847;0,162091093;0,295426412;1;0,022091122;0,126822929;-0,889544392;1;0,271864217;0,221676176;-0,320339458;1;;;;;;;;;;;;;
76;0,544281071;0,195029503;-0,092864881;1;0,34204687;0,153059834;0,710234352;1;0,487405305;0,251639024;0,218513263;1;;;;;;;;;;;;;
77;0,641042199;0,156596683;0,068403666;1;0,34777215;0,124694568;0,738860751;1;0,255422738;0,201613821;-0,361443154;1;;;;;;;;;;;;;
78;0,773328836;0,184536186;0,288881394;1;0,235969308;0,141309585;0,17984654;1;0,279990792;0,24099345;-0,30002302;1;;;;;;;;;;;;;
79;0,646967979;0,15975474;0,078279965;1;0,160445097;0,122891849;-0,197774513;1;0,273077868;0,224780861;-0,31730533;1;;;;;;;;;;;;;
80;0,529761479;0,157947632;-0,117064202;1;0,127268542;0,123216117;-0,363657292;1;0,603948703;0,211720964;0,509871757;1;;;;;;;;;;;;;
81;0,908034026;0,181572831;0,513390044;1;0,218000907;0,136661633;0,090004537;1;-0,022018145;0,229645295;-1,055045362;1;;;;;;;;;;;;;
82;0,626764916;0,15948678;0,044608193;1;0,214719211;0,124515921;0,073596057;1;0,366682821;0,208294036;-0,083292948;1;;;;;;;;;;;;;
83;0,705839859;0,171094997;0,176399765;1;0,098712567;0,133870495;-0,506437167;1;0,488887922;0,236704278;0,222219806;1;;;;;;;;;;;;;
84;0,713854881;0,174866886;0,189758135;1;0,198273173;0,132594063;-0,008634135;1;0,546952056;0,224691143;0,367380139;1;;;;;;;;;;;;;
85;0,916513496;0,165975579;0,527522493;1;-0,144253438;0,12467453;-1,721267191;0;0,127509767;0,208087231;-0,681225583;1;;;;;;;;;;;;;
86;0,948263621;0,202297019;0,580439368;1;0,240782537;0,144642114;0,203912685;1;-0,026187688;0,263551156;-1,06546922;1;;;;;;;;;;;;;
87;0,649435692;0,172657938;0,082392819;1;0,213756525;0,128548966;0,068782626;1;0,141453025;0,219944578;-0,646367438;1;;;;;;;;;;;;;
88;0,793159336;0,169343533;0,321932227;1;0,014286887;0,126688285;-0,928565563;1;0,093880736;0,213715425;-0,765298161;1;;;;;;;;;;;;;
89;0,280903833;0,156896891;-0,531826946;0;0,336092332;0,127285964;0,680461658;1;0,784580707;0,206386878;0,961451767;1;;;;;;;;;;;;;
90;0,556643748;0,174787959;-0,072260421;1;0,104862303;0,129021675;-0,475688486;1;0,429840573;0,230169141;0,074601432;1;;;;;;;;;;;;;
91;0,607274872;0,1689254;0,012124786;1;-0,061359618;0,127399882;-1,306798092;0;0,471565442;0,220880119;0,178913605;1;;;;;;;;;;;;;
92;0,114725249;0,154137464;-0,808791251;0;0,576093807;0,116788725;1,880469036;0;0,506610242;0,204685893;0,266525605;1;;;;;;;;;;;;;
93;0,410287452;0,183191896;-0,31618758;1;0,275055585;0,12984141;0,375277923;1;0,587684634;0,241994447;0,469211585;1;;;;;;;;;;;;;
94;0,392385797;0,151202958;-0,346023672;1;0,311273272;0,114679259;0,556366358;1;0,350523827;0,194711289;-0,123690433;1;;;;;;;;;;;;;
95;0,570963338;0,168025775;-0,048394437;1;0,026424531;0,131832373;-0,867877346;1;0,640884155;0,219874251;0,602210387;1;;;;;;;;;;;;;
96;0,886258294;0,179066273;0,477097156;1;0,298035443;0,141092061;0,490177213;1;-0,072414858;0,231200572;-1,181037144;0;;;;;;;;;;;;;
97;0,533360292;0,164507627;-0,11106618;1;0,442554679;0,128220959;1,212773393;1;0,126636521;0,209396915;-0,683408697;1;;;;;;;;;;;;;
98;0,765879802;0,16372713;0,276466337;1;0,056781944;0,123318072;-0,71609028;1;0,045324823;0,218277647;-0,886687941;1;;;;;;;;;;;;;
99;0,599402023;0,155073778;-0,000996628;1;0,239618201;0,118015957;0,198091006;1;0,042370337;0,210135749;-0,894074158;1;;;;;;;;;;;;;
100;0,569790291;0,148415101;-0,050349514;1;0,165417353;0,11543747;-0,172913233;1;0,335140346;0,197508207;-0,162149136;1;;;;;;;;;;;;;
101;0,58710469;0,173320801;-0,021492183;1;0,226676124;0,130048248;0,133380619;1;0,543811689;0,233786027;0,359529222;1;;;;;;;;;;;;;
102;0,4204977;0,166867785;-0,299170501;1;0,43754428;0,132382098;1,187721402;1;0,653590031;0,226341107;0,633975076;1;;;;;;;;;;;;;
103;0,822316524;0,152618453;0,370527539;1;0,066792141;0,127151157;-0,666039293;1;0,075846493;0,205639009;-0,810383767;1;;;;;;;;;;;;;
104;0,812977141;0,155568584;0,354961902;1;0,114416276;0,116793983;-0,427918619;1;0,058532702;0,200645445;-0,853668244;1;;;;;;;;;;;;;
105;0,698784525;0,163160977;0,164640875;1;-0,091722626;0,129156625;-1,458613132;0;0,418069826;0,212805925;0,045174566;1;;;;;;;;;;;;;
106;0,596088807;0,153870291;-0,006518656;1;0,126765161;0,124878314;-0,366174197;1;0,451042496;0,205175728;0,12760624;1;;;;;;;;;;;;;
107;0,453125037;0,16183337;-0,244791605;1;0,09766405;0,120918548;-0,51167975;1;0,480709812;0,215047055;0,201774531;1;;;;;;;;;;;;;
108;0,255741481;0,17858365;-0,573764198;1;0,356613685;0,138066779;0,783068423;1;0,898568003;0,237573805;1,246420009;0;;;;;;;;;;;;;
109;0,579374444;0,180689053;-0,034375927;1;0,117003238;0,13271895;-0,41498381;1;0,534074572;0,228172423;0,335186429;1;;;;;;;;;;;;;
110;0,89605815;0,180078032;0,493430249;1;0,225651528;0,135103816;0,128257642;1;0,145564419;0,246585493;-0,636088953;1;;;;;;;;;;;;;
111;0,65792072;0,161607202;0,096534533;1;0,057550722;0,120136676;-0,712246392;1;0,31473048;0,212703475;-0,213173801;1;;;;;;;;;;;;;
112;0,613887189;0,185281154;0,023145316;1;0,134211246;0,139117294;-0,328943771;1;0,787987557;0,248816024;0,969968893;1;;;;;;;;;;;;;
113;0,640694582;0,16547614;0,067824303;1;0,22545459;0,12504822;0,127272951;1;0,251441264;0,222119739;-0,37139684;1;;;;;;;;;;;;;
114;0,825120014;0,181270588;0,375200023;1;0,189327887;0,139846897;-0,053360563;1;0,238228903;0,230328361;-0,404427742;1;;;;;;;;;;;;;
115;0,698101121;0,155272358;0,163501868;1;0,212818599;0,118416515;0,064092996;1;-0,043580059;0,201168113;-1,108950148;0;;;;;;;;;;;;;
116;0,599818805;0,182645674;-0,000301992;1;-0,005296681;0,141034681;-1,026483403;1;0,709429047;0,252909596;0,773572618;1;;;;;;;;;;;;;
117;0,396648114;0,142698488;-0,338919811;1;0,278923505;0,111980763;0,394617523;1;0,432595742;0,187216303;0,081489355;1;;;;;;;;;;;;;
118;0,373262315;0,151221252;-0,377896142;1;0,347126301;0,115389103;0,735631504;1;0,495015387;0,203245593;0,237538467;1;;;;;;;;;;;;;
119;0,597533909;0,162691443;-0,004110151;1;0,041698197;0,128966535;-0,791509013;1;0,559596247;0,217082659;0,398990617;1;;;;;;;;;;;;;
120;0,657652777;0,172788903;0,096087961;1;0,176794762;0,133238052;-0,116026189;1;0,444045632;0,226237185;0,110114079;1;;;;;;;;;;;;;
121;0,688397829;0,165398698;0,147329714;1;0,153815685;0,137773992;-0,230921577;1;0,385600124;0,229579612;-0,035999689;1;;;;;;;;;;;;;
122;1,030977666;0,182529505;0,71829611;0;-0,142748215;0,135243745;-1,713741075;0;0,271240914;0,232216375;-0,321897714;1;;;;;;;;;;;;;
123;0,326969136;0,151181378;-0,455051439;1;0,370291172;0,126424268;0,851455862;1;0,703908308;0,202867026;0,759770769;1;;;;;;;;;;;;;
124;0,512378828;0,151825931;-0,146035287;1;0,235470919;0,122256544;0,177354593;1;0,458105224;0,195235562;0,145263059;1;;;;;;;;;;;;;
125;0,778258066;0,150889585;0,297096777;1;-0,132483377;0,114712668;-1,662416883;0;0,255435169;0,191013976;-0,361412078;1;;;;;;;;;;;;;
126;0,852713152;0,159379968;0,421188587;1;0,079950134;0,119860145;-0,60024933;1;-0,089630327;0,215181259;-1,224075817;0;;;;;;;;;;;;;
127;0,410713401;0,157887059;-0,315477665;1;0,328548221;0,125211044;0,642741105;1;0,586392252;0,214592037;0,465980629;1;;;;;;;;;;;;;
128;0,611860634;0,161790314;0,019767723;1;0,218398232;0,12776019;0,09199116;1;0,165576759;0,219361878;-0,586058102;1;;;;;;;;;;;;;
129;0,52702217;0,163071132;-0,121629717;1;0,339360626;0,130409078;0,696803131;1;0,523905019;0,216758686;0,309762548;1;;;;;;;;;;;;;
130;0,315537961;0,16378565;-0,474103398;1;0,226928806;0,123280791;0,134644028;1;0,860217509;0,213729966;1,150543772;0;;;;;;;;;;;;;
131;0,612292654;0,170263007;0,020487757;1;0,210482795;0,132628715;0,052413974;1;0,199976561;0,232507242;-0,500058597;1;;;;;;;;;;;;;
132;0,56147714;0,156942127;-0,064204767;1;0,081911838;0,117273726;-0,590440808;1;0,275537323;0,199532861;-0,311156693;1;;;;;;;;;;;;;
133;0,287652294;0,152329385;-0,520579509;0;0,313462485;0,121132112;0,567312425;1;0,814581832;0,20663104;1,036454581;0;;;;;;;;;;;;;
134;0,555474438;0,165496309;-0,074209271;1;0,502113945;0,126802996;1,510569727;0;0,618151718;0,21549302;0,545379294;1;;;;;;;;;;;;;
135;0,804778603;0,170075406;0,341297671;1;0,302086893;0,128243824;0,510434463;1;0,130844482;0,231202897;-0,672888796;1;;;;;;;;;;;;;
136;0,54941535;0,159792586;-0,08430775;1;0,240141152;0,122268661;0,20070576;1;0,469543459;0,198288503;0,173858646;1;;;;;;;;;;;;;
137;0,548642728;0,167079063;-0,085595454;1;0,189129368;0,124658157;-0,054353162;1;0,343940408;0,209987957;-0,14014898;1;;;;;;;;;;;;;
138;0,499019262;0,151621858;-0,16830123;1;0,335747508;0,124217017;0,678737539;1;0,145632802;0,216911857;-0,635917995;1;;;;;;;;;;;;;
139;0,61035481;0,176371604;0,017258016;1;0,301021718;0,139320176;0,50510859;1;0,541750583;0,228770936;0,354376457;1;;;;;;;;;;;;;
140;0,754754475;0,172153369;0,257924125;1;0,158327602;0,128040503;-0,208361991;1;0,264008713;0,229277287;-0,339978219;1;;;;;;;;;;;;;
141;0,735866152;0,174168466;0,226443587;1;0,345319166;0,1242839;0,726595829;1;0,016133951;0,22212551;-0,959665123;1;;;;;;;;;;;;;
142;0,645120164;0,172124608;0,075200274;1;-0,121478444;0,126079528;-1,607392221;0;0,505007512;0,225627804;0,262518781;1;;;;;;;;;;;;;
143;0,575412042;0,155354818;-0,040979931;1;0,048887151;0,126597286;-0,755564243;1;0,302535625;0,21956744;-0,243660938;1;;;;;;;;;;;;;
144;0,775254101;0,162710007;0,292090169;1;0,210576645;0,125420907;0,052883224;1;0,332568566;0,205030636;-0,168578584;1;;;;;;;;;;;;;
145;0,759444993;0,161875337;0,265741655;1;0,261581702;0,129553583;0,307908511;1;0,282256863;0,210067166;-0,294357843;1;;;;;;;;;;;;;
146;0,490382521;0,161463046;-0,182695799;1;0,208852811;0,123053625;0,044264056;1;0,567042496;0,207874051;0,41760624;1;;;;;;;;;;;;;
147;0,8065334;0,178916475;0,344222334;1;0,191518242;0,130621306;-0,042408789;1;0,059020165;0,23111138;-0,852449587;1;;;;;;;;;;;;;
148;0,633886459;0,159714822;0,056477431;1;0,497985051;0,126650321;1,489925255;0;0,071797537;0,212573773;-0,820506158;1;;;;;;;;;;;;;
149;0,736828945;0,176027192;0,228048242;1;0,197161019;0,133652473;-0,014194906;1;0,261154102;0,237951068;-0,347114745;1;;;;;;;;;;;;;
150;0,651709054;0,169651955;0,086181757;1;0,186378592;0,129230982;-0,068107038;1;0,424022091;0,21473306;0,060055228;1;;;;;;;;;;;;;
151;0,571204487;0,163636335;-0,047992522;1;0,272117131;0,12638503;0,360585653;1;0,211436893;0,221482247;-0,471407767;1;;;;;;;;;;;;;
152;0,884417931;0,173958537;0,474029885;1;0,103268876;0,134011782;-0,48365562;1;0,01673487;0,230312171;-0,958162825;1;;;;;;;;;;;;;
153;0,388821896;0,175147905;-0,351963506;1;0,310092912;0,140050088;0,550464558;1;0,723311151;0,231339868;0,808277878;1;;;;;;;;;;;;;
154;0,752875975;0,165361564;0,254793292;1;-0,07389945;0,124704331;-1,369497248;0;0,477414231;0,212655612;0,193535577;1;;;;;;;;;;;;;
155;0,656848032;0,156443131;0,09474672;1;-0,079701924;0,123675189;-1,398509619;0;0,643986137;0,209173656;0,609965343;1;;;;;;;;;;;;;
156;0,639758093;0,165934349;0,066263489;1;0,029883498;0,130115488;-0,850582512;1;0,628781344;0,231959831;0,571953361;1;;;;;;;;;;;;;
157;0,579856358;0,170551797;-0,033572736;1;0,289377004;0,129179275;0,44688502;1;0,441040078;0,229660222;0,102600194;1;;;;;;;;;;;;;
158;0,448572106;0,163788884;-0,252379823;1;-0,012013357;0,122895451;-1,060066786;1;0,518941627;0,210037625;0,297354068;1;;;;;;;;;;;;;
159;0,652351624;0,164692224;0,087252706;1;0,09567837;0,120454649;-0,52160815;1;0,065884852;0,214502369;-0,83528787;1;;;;;;;;;;;;;
160;0,667754508;0,163886487;0,11292418;1;0,274544922;0,13263294;0,372724611;1;0,236841853;0,214091076;-0,407895367;1;;;;;;;;;;;;;
161;0,469897698;0,151404271;-0,21683717;1;0,103065646;0,12182214;-0,484671771;1;0,40635017;0,204572895;0,015875426;1;;;;;;;;;;;;;
162;0,751559097;0,169498355;0,252598495;1;0,111412303;0,123235731;-0,442938483;1;0,247560763;0,216041722;-0,381098093;1;;;;;;;;;;;;;
163;0,303613052;0,152316775;-0,493978247;1;0,2991061;0,11662553;0,495530499;1;0,556349865;0,200834407;0,390874661;1;;;;;;;;;;;;;
164;0,68987873;0,160343117;0,149797884;1;0,374214135;0,12897457;0,871070677;1;0,228786833;0,206741066;-0,428032919;1;;;;;;;;;;;;;
165;0,644289317;0,161181961;0,073815528;1;0,167239645;0,125387498;-0,163801775;1;0,457712305;0,206610847;0,144280763;1;;;;;;;;;;;;;
166;0,547244561;0,160571239;-0,087925732;1;0,321087827;0,117482005;0,605439136;1;0,252554815;0,224102459;-0,368612963;1;;;;;;;;;;;;;
167;0,316956675;0,168915405;-0,471738876;1;0,372020403;0,12761132;0,860102017;1;0,507248852;0,225834815;0,268122131;1;;;;;;;;;;;;;
168;0,631817091;0,156075156;0,053028485;1;-0,029879636;0,118928814;-1,149398178;1;0,389044354;0,200236293;-0,027389115;1;;;;;;;;;;;;;
169;0,39550298;0,175245099;-0,340828366;1;0,40319499;0,13057071;1,015974948;1;0,607018884;0,228324728;0,51754721;1;;;;;;;;;;;;;
170;0,50628733;0,161761793;-0,156187783;1;0,078274762;0,119215879;-0,608626189;1;0,501807551;0,213966148;0,254518877;1;;;;;;;;;;;;;
171;0,553258821;0,156691737;-0,077901966;1;0,108340513;0,124783299;-0,458297437;1;0,493091873;0,202949444;0,232729683;1;;;;;;;;;;;;;
172;0,496288064;0,159291867;-0,172853226;1;0,400903428;0,119265375;1,00451714;1;0,006251964;0,201463149;-0,98437009;1;;;;;;;;;;;;;
173;0,602254356;0,166236487;0,003757261;1;0,070003538;0,1227258;-0,64998231;1;0,598814999;0,220830661;0,497037497;1;;;;;;;;;;;;;
174;0,745028183;0,163784235;0,241713639;1;0,22473084;0,125671166;0,123654199;1;0,26368409;0,217418258;-0,340789774;1;;;;;;;;;;;;;
175;0,658746022;0,156275274;0,097910037;1;0,088875872;0,118748725;-0,555620642;1;0,311815954;0,21434847;-0,220460116;1;;;;;;;;;;;;;
176;0,531675154;0,162797178;-0,113874744;1;-0,001866626;0,128841592;-1,009333128;1;0,608595254;0,222380984;0,521488134;1;;;;;;;;;;;;;
177;0,48680063;0,16239514;-0,188665616;1;0,228741616;0,130125759;0,143708078;1;0,732986994;0,226879711;0,832467486;1;;;;;;;;;;;;;
178;0,175433611;0,163794369;-0,707610648;0;0,360288518;0,127797183;0,80144259;1;0,928928747;0,212797599;1,322321867;0;;;;;;;;;;;;;
179;0,988326999;0,179638996;0,647211665;0;0,101307136;0,145633401;-0,493464319;1;-0,123615627;0,248832824;-1,309039067;0;;;;;;;;;;;;;
180;0,496827529;0,17383109;-0,171954119;1;-0,094234365;0,127548169;-1,471171824;0;0,812861599;0,231405514;1,032153997;1;;;;;;;;;;;;;
181;0,494403223;0,170841041;-0,175994629;1;0,238482236;0,130357928;0,19241118;1;0,695361687;0,230797639;0,738404218;1;;;;;;;;;;;;;
182;0,49319881;0,14505274;-0,178001983;1;0,380837986;0,115938864;0,904189929;1;0,154737677;0,188767617;-0,613155808;1;;;;;;;;;;;;;
183;0,605408929;0,16753097;0,009014882;1;0,055890158;0,126064659;-0,720549211;1;0,377240014;0,21955575;-0,056899966;1;;;;;;;;;;;;;
184;0,550895216;0,16315784;-0,081841307;1;0,166456839;0,120910026;-0,167715803;1;0,496285637;0,210077978;0,240714093;1;;;;;;;;;;;;;
185;0,654028474;0,167337163;0,090047457;1;0,160606568;0,131738002;-0,196967161;1;0,422249415;0,23051327;0,055623539;1;;;;;;;;;;;;;
186;0,506444816;0,148743024;-0,155925307;1;0,333754292;0,119222263;0,668771461;1;0,083219724;0,202411768;-0,79195069;1;;;;;;;;;;;;;
187;0,707397192;0,189797111;0,17899532;1;0,201741297;0,149825217;0,008706487;1;0,724408341;0,244858318;0,811020851;1;;;;;;;;;;;;;
188;0,545098508;0,170267623;-0,091502486;1;0,29338817;0,128854119;0,466940851;1;0,42762859;0,223148057;0,069071474;1;;;;;;;;;;;;;
189;0,614141628;0,162780172;0,02356938;1;0,037239911;0,126390943;-0,813800446;1;0,659379758;0,228522556;0,648449395;1;;;;;;;;;;;;;
190;0,736812455;0,15924998;0,228020758;1;-0,13432624;0,117225147;-1,6716312;0;0,421495917;0,212634905;0,053739792;1;;;;;;;;;;;;;
191;0,69796457;0,176433201;0,163274284;1;0,082325756;0,13952101;-0,588371218;1;0,428271545;0,234912342;0,070678863;1;;;;;;;;;;;;;
192;0,644794968;0,181317096;0,07465828;1;0,216388638;0,134974129;0,081943189;1;0,316348983;0,236187125;-0,209127542;1;;;;;;;;;;;;;
193;0,773887387;0,170855579;0,289812312;1;0,151422144;0,132380095;-0,24288928;1;0,198351117;0,225303302;-0,504122208;1;;;;;;;;;;;;;
194;0,643905284;0,171658677;0,073175474;1;0,084766327;0,139535116;-0,576168363;1;0,436754149;0,236879466;0,091885372;1;;;;;;;;;;;;;
195;0,574851181;0,16336811;-0,041914699;1;0,059841859;0,116654114;-0,700790705;1;-0,017233242;0,202926637;-1,043083105;0;;;;;;;;;;;;;
196;0,81514325;0,165403907;0,358572083;1;0,06682683;0,125569815;-0,665865849;1;0,281768699;0,213065353;-0,295578253;1;;;;;;;;;;;;;
197;0,383308148;0,143317165;-0,361153086;1;0,159537389;0,110907645;-0,202313053;1;0,426757676;0,193039673;0,066894191;1;;;;;;;;;;;;;
198;0,677176141;0,157287153;0,128626901;1;-0,197688167;0,11949958;-1,988440836;0;0,45609126;0,213790565;0,14022815;1;;;;;;;;;;;;;
199;0,677049843;0,151129543;0,128416406;1;0,055803195;0,120498412;-0,720984023;1;0,168579356;0,195736577;-0,57855161;1;;;;;;;;;;;;;
200;0,413495509;0,16378985;-0,310840818;1;0,11736755;0,128820587;-0,413162252;1;0,819680555;0,217079372;1,049201387;1;;;;;;;;;;;;;
201;0,374309879;0,150020502;-0,376150202;1;0,378250706;0,114002149;0,891253528;1;0,382641876;0,194350995;-0,04339531;1;;;;;;;;;;;;;
202;0,603871664;0,156879908;0,006452773;1;0,294510338;0,121798445;0,472551688;1;0,441694822;0,201360656;0,104237056;1;;;;;;;;;;;;;
203;0,555674081;0,164450649;-0,073876531;1;0,139306801;0,127786362;-0,303465994;1;0,506770901;0,211050549;0,266927252;1;;;;;;;;;;;;;
204;0,513053991;0,162746504;-0,144910015;1;0,195554473;0,129598693;-0,022227635;1;0,542365019;0,215701654;0,355912548;1;;;;;;;;;;;;;
205;0,467417013;0,167694666;-0,220971645;1;0,420991799;0,132728195;1,104958996;1;0,598120005;0,217235874;0,495300013;1;;;;;;;;;;;;;
206;0,273749685;0,15537982;-0,543750524;0;0,409939127;0,120611844;1,049695637;1;0,669466281;0,206179716;0,673665703;1;;;;;;;;;;;;;
207;0,775770083;0,167599682;0,292950138;1;0,247119042;0,132885806;0,235595208;1;0,237735406;0,217474564;-0,405661484;1;;;;;;;;;;;;;
208;0,469668346;0,178486742;-0,217219423;1;0,089598057;0,132337563;-0,552009716;1;0,882432387;0,255331323;1,206080968;1;;;;;;;;;;;;;
209;0,4724555;0,164803052;-0,212574166;1;0,133823092;0,134105991;-0,330884541;1;0,566782481;0,21862926;0,416956203;1;;;;;;;;;;;;;
210;0,373436018;0,165394689;-0,377606637;1;0,059042379;0,117514587;-0,704788106;1;0,478969502;0,217498694;0,197423754;1;;;;;;;;;;;;;
211;0,623906768;0,172683676;0,039844613;1;0,206956234;0,132438786;0,034781171;1;0,396365949;0,23752747;-0,009085129;1;;;;;;;;;;;;;
212;0,30443451;0,164971354;-0,492609151;1;0,41597236;0,127768773;1,0798618;1;0,641561152;0,218710539;0,603902879;1;;;;;;;;;;;;;
213;0,780657937;0,164564737;0,301096561;1;0,103228076;0,12731585;-0,48385962;1;0,212976346;0,212827761;-0,467559135;1;;;;;;;;;;;;;
214;0,706980283;0,172246744;0,178300471;1;0,09089235;0,134632023;-0,545538252;1;0,357041714;0,230517293;-0,107395715;1;;;;;;;;;;;;;
215;0,479508889;0,151428593;-0,200818519;1;0,111104857;0,118080224;-0,444475713;1;0,427627034;0,19694457;0,069067585;1;;;;;;;;;;;;;
216;0,550773759;0,176751844;-0,082043735;1;0,294928378;0,140804775;0,474641892;1;0,568553752;0,230174227;0,421384381;1;;;;;;;;;;;;;
217;0,671480952;0,171503073;0,119134921;1;0,065026351;0,126429262;-0,674868244;1;0,310694317;0,228672479;-0,223264207;1;;;;;;;;;;;;;
218;0,634561178;0,166721864;0,057601963;1;0,112466404;0,127629575;-0,437667978;1;0,212862859;0,215491446;-0,467842852;1;;;;;;;;;;;;;
219;0,363925303;0,154640664;-0,393457829;1;0,200219905;0,119470681;0,001099527;1;0,598803315;0,198869844;0,497008288;1;;;;;;;;;;;;;
220;0,259936464;0,153169977;-0,56677256;0;0,444845023;0,124637283;1,224225114;0;0,661426388;0,214022368;0,65356597;1;;;;;;;;;;;;;
221;0,560446969;0,156103871;-0,065921718;1;0,15421921;0,119651588;-0,228903949;1;0,277519183;0,211685388;-0,306202042;1;;;;;;;;;;;;;
222;0,502986647;0,158899085;-0,161688922;1;0,146132351;0,124677794;-0,269338243;1;0,381319261;0,216762577;-0,046701847;1;;;;;;;;;;;;;
223;0,679626151;0,164563145;0,132710251;1;0,138844724;0,128248338;-0,305776379;1;0,225264339;0,222179184;-0,436839154;1;;;;;;;;;;;;;
224;0,772656108;0,169945938;0,287760179;1;0,145608707;0,131866308;-0,271956466;1;-0,035873958;0,215601937;-1,089684894;0;;;;;;;;;;;;;
225;0,742469185;0,167042411;0,237448642;1;0,12178114;0,131187778;-0,391094299;1;0,362933547;0,226362764;-0,092666132;1;;;;;;;;;;;;;
226;0,624210245;0,17510326;0,040350408;1;0,330265342;0,129896494;0,65132671;1;0,4464645;0,221531191;0,116161251;1;;;;;;;;;;;;;
227;0,591048872;0,173613055;-0,014918547;1;0,356913774;0,129059229;0,784568869;1;0,371596019;0,237403941;-0,071009952;1;;;;;;;;;;;;;
228;0,655537642;0,161331747;0,092562737;1;-0,067832882;0,124132313;-1,339164408;0;0,396576537;0,20971561;-0,008558658;1;;;;;;;;;;;;;
229;0,768908453;0,170974028;0,281514088;1;0,073991223;0,129870152;-0,630043887;1;0,067881328;0,229295269;-0,83029668;1;;;;;;;;;;;;;
230;0,780780538;0,180505931;0,301300896;1;0,197694394;0,133760247;-0,011528032;1;0,367575495;0,241129402;-0,081061262;1;;;;;;;;;;;;;
231;0,395198201;0,156700399;-0,341336332;1;0,19954006;0,121594475;-0,002299698;1;0,761773391;0,211719831;0,904433478;1;;;;;;;;;;;;;
232;0,571866989;0,170787213;-0,046888352;1;0,424251772;0,132121333;1,121258861;1;0,340148586;0,216636212;-0,149628534;1;;;;;;;;;;;;;
233;0,438122335;0,15515097;-0,269796108;1;0,246727366;0,121216177;0,233636831;1;0,377744186;0,201388786;-0,055639536;1;;;;;;;;;;;;;
234;0,636518276;0,144998913;0,060863793;1;0,217732021;0,116684488;0,088660105;1;0,322033815;0,202871217;-0,194915462;1;;;;;;;;;;;;;
235;0,642812628;0,184265008;0,07135438;1;0,053401999;0,130813685;-0,732990007;1;0,511684764;0,245672797;0,279211909;1;;;;;;;;;;;;;
236;0,651361486;0,17263127;0,085602477;1;0,346165566;0,13137493;0,730827829;1;0,379149401;0,226719772;-0,052126498;1;;;;;;;;;;;;;
237;0,729804038;0,161131568;0,216340063;1;0,372161942;0,124784219;0,860809712;1;-0,123667684;0,211395738;-1,309169211;0;;;;;;;;;;;;;
238;0,585426805;0,168215225;-0,024288659;1;0,345683801;0,125183248;0,728419007;1;0,257525972;0,227471773;-0,356185071;1;;;;;;;;;;;;;
239;0,673900962;0,168584824;0,12316827;1;0,264964954;0,127459126;0,32482477;1;0,317828009;0,232517053;-0,205429978;1;;;;;;;;;;;;;
240;0,427402995;0,175993972;-0,287661676;1;0,268472076;0,131677631;0,342360381;1;0,500586498;0,245661617;0,251466245;1;;;;;;;;;;;;;
241;0,848202964;0,181130695;0,413671606;1;0,254974724;0,132009395;0,274873621;1;0,182929052;0,237058501;-0,542677369;1;;;;;;;;;;;;;
242;0,684735984;0,190415805;0,141226639;1;0,096442519;0,135651933;-0,517787407;1;0,243646881;0,252313561;-0,390882796;1;;;;;;;;;;;;;
243;0,518553878;0,156686447;-0,135743537;1;0,266000463;0,12145322;0,330002316;1;0,421750745;0,219256439;0,054376863;1;;;;;;;;;;;;;
244;0,538773329;0,164332592;-0,102044452;1;0,178242405;0,124907439;-0,108787976;1;0,459076056;0,219405235;0,147690139;1;;;;;;;;;;;;;
245;0,547279733;0,187958013;-0,087867112;1;0,145238981;0,1394546;-0,273805097;1;0,643004608;0,243276717;0,607511519;1;;;;;;;;;;;;;
246;0,551991717;0,173100806;-0,080013805;1;0,246490091;0,127692197;0,232450453;1;0,519591437;0,2305284;0,298978592;1;;;;;;;;;;;;;
247;0,559931689;0,185758915;-0,066780518;1;0,102292859;0,137466062;-0,488535705;1;0,644919081;0,247677167;0,612297704;1;;;;;;;;;;;;;
248;0,712314152;0,171454341;0,187190253;1;0,029274951;0,131778558;-0,853625245;1;0,61167704;0,22351376;0,529192601;1;;;;;;;;;;;;;
249;0,461691279;0,145790023;-0,230514535;1;0,096495825;0,112066013;-0,517520876;1;0,461461132;0,194619293;0,153652829;1;;;;;;;;;;;;;
250;0,560250888;0,179314096;-0,06624852;1;0,253410372;0,125609232;0,267051858;1;0,386576323;0,225170717;-0,033559193;1;;;;;;;;;;;;;
251;0,674117811;0,170221132;0,123529684;1;0,310873682;0,130596376;0,554368409;1;0,442948208;0,22510843;0,107370519;1;;;;;;;;;;;;;
252;0,552054803;0,147595427;-0,079908661;1;0,135741064;0,115505789;-0,321294681;1;0,285115377;0,202983111;-0,287211559;1;;;;;;;;;;;;;
253;0,496851849;0,155811672;-0,171913584;1;-0,068687576;0,114646347;-1,343437879;0;0,364742367;0,199459972;-0,088144084;1;;;;;;;;;;;;;
254;0,548290888;0,154664611;-0,086181854;1;0,3035493;0,121301042;0,517746502;1;0,291100727;0,201327321;-0,272248183;1;;;;;;;;;;;;;
255;0,260295917;0,150178401;-0,566173472;0;0,306327038;0,11578849;0,53163519;1;0,717380843;0,208297714;0,793452108;1;;;;;;;;;;;;;
256;0,771016631;0,17779306;0,285027719;1;0,290351931;0,142749383;0,451759656;1;0,47580772;0,245347146;0,1895193;1;;;;;;;;;;;;;
257;0,583061248;0,178580017;-0,028231253;1;0,387898407;0,134512791;0,939492033;1;0,141900857;0,241507033;-0,645247856;1;;;;;;;;;;;;;
258;0,399298785;0,166499238;-0,334502025;1;0,224462502;0,125381297;0,122312509;1;0,684274173;0,228618067;0,710685433;1;;;;;;;;;;;;;
259;0,803402545;0,180372839;0,339004242;1;0,251114949;0,138398045;0,255574745;1;0,287481503;0,243487496;-0,281296243;1;;;;;;;;;;;;;
260;0,753380514;0,170419167;0,25563419;1;0,064188873;0,129319815;-0,679055635;1;0,323537609;0,221438134;-0,191155977;1;;;;;;;;;;;;;
261;0,580089436;0,161609402;-0,033184273;1;0,057710455;0,119098318;-0,711447724;1;0,551271724;0,214262342;0,378179309;1;;;;;;;;;;;;;
262;0,760731759;0,196417254;0,267886264;1;0,169336409;0,149407426;-0,153317953;1;0,426540666;0,270109997;0,066351666;1;;;;;;;;;;;;;
263;0,540924405;0,149218161;-0,098459325;1;0,141622503;0,111911225;-0,291887486;1;0,379989696;0,19559868;-0,050025759;1;;;;;;;;;;;;;
264;0,388661396;0,158568769;-0,352231007;1;0,222691622;0,12158201;0,113458109;1;0,413753518;0,196594754;0,034383795;1;;;;;;;;;;;;;
265;0,579212496;0,151424291;-0,034645841;1;0,3917912;0,115600651;0,958955998;1;-0,052455986;0,184215572;-1,131139965;0;;;;;;;;;;;;;
266;0,418545611;0,138736689;-0,302423982;1;0,292625314;0,106962004;0,463126569;1;0,248342113;0,178083167;-0,379144717;1;;;;;;;;;;;;;
267;0,709795223;0,182033615;0,182992039;1;0,294874811;0,139058008;0,474374054;1;0,191435173;0,240545142;-0,521412068;1;;;;;;;;;;;;;
268;0,675153834;0,172651219;0,12525639;1;0,241399768;0,128845971;0,20699884;1;0,308117039;0,226291811;-0,229707402;1;;;;;;;;;;;;;
269;0,614158183;0,166548085;0,023596972;1;0,106426316;0,126137145;-0,467868422;1;0,414145573;0,218968943;0,035363932;1;;;;;;;;;;;;;
270;0,632000722;0,174005767;0,053334537;1;0,047026658;0,131716082;-0,764866708;1;0,385533175;0,23325438;-0,036167061;1;;;;;;;;;;;;;
271;0,305313752;0,163689809;-0,491143746;1;0,319820123;0,126996998;0,599100616;1;0,786372489;0,225081468;0,965931223;1;;;;;;;;;;;;;
272;0,516159282;0,140881416;-0,13973453;1;0,4071067;0,109737703;1,035533502;1;0,023229416;0,184264212;-0,94192646;0;;;;;;;;;;;;;
273;0,594405961;0,150132804;-0,009323398;1;0,003625728;0,116195401;-0,981871361;1;0,443494266;0,187880328;0,108735666;1;;;;;;;;;;;;;
274;0,628566241;0,167190329;0,047610402;1;0,179384446;0,127304397;-0,103077769;1;0,325091822;0,22426064;-0,187270446;1;;;;;;;;;;;;;
275;0,68145624;0,161493285;0,1357604;1;-0,021300515;0,12547052;-1,106502574;1;0,404677478;0,217964392;0,011693695;1;;;;;;;;;;;;;
276;0,30053439;0,163890364;-0,49910935;1;0,166371346;0,123973556;-0,16814327;1;0,67968906;0,223608349;0,699222651;1;;;;;;;;;;;;;
277;0,522087677;0,160288031;-0,129853871;1;0,172155925;0,122440504;-0,139220377;1;0,546929998;0,214909517;0,367324994;1;;;;;;;;;;;;;
278;0,471384984;0,158478927;-0,214358359;1;0,206538437;0,119822687;0,032692184;1;0,28914792;0,209585602;-0,277130199;1;;;;;;;;;;;;;
279;0,485089643;0,171140988;-0,191517262;1;0,182774331;0,127105204;-0,086128344;1;0,474022335;0,218532575;0,185055837;1;;;;;;;;;;;;;
280;0,383131777;0,152914583;-0,361447038;1;0,433032086;0,121712127;1,165160429;1;0,255075797;0,194663362;-0,362310508;1;;;;;;;;;;;;;
281;0,657502901;0,168616685;0,095838169;1;0,188631483;0,130140838;-0,056842587;1;0,46222789;0,225679106;0,155569725;1;;;;;;;;;;;;;
282;0,586498701;0,146266759;-0,022502165;1;0,084601788;0,111583974;-0,576991062;1;0,228029397;0,187075045;-0,429926507;1;;;;;;;;;;;;;
283;0,582084244;0,173348441;-0,029859593;1;0,163099865;0,128488831;-0,184500673;1;0,409428976;0,221299594;0,02357244;1;;;;;;;;;;;;;
284;0,551958275;0,16565982;-0,080069542;1;0,114521999;0,130566582;-0,427390003;1;0,384677838;0,213718807;-0,038305404;1;;;;;;;;;;;;;
285;0,779863728;0,168397198;0,29977288;1;0,241955343;0,132761286;0,209776714;1;0,16493526;0,234513068;-0,587661849;1;;;;;;;;;;;;;
286;0,80484718;0,175556585;0,341411966;1;0,358391564;0,136304272;0,791957818;1;0,096331628;0,228836925;-0,759170931;1;;;;;;;;;;;;;
287;0,543511561;0,15040434;-0,094147399;1;0,121799068;0,120149357;-0,391004661;1;0,298430296;0,201613179;-0,25392426;1;;;;;;;;;;;;;
288;0,557965669;0,152774499;-0,070057218;1;0,351821105;0,11618659;0,759105527;1;0,181383115;0,207752462;-0,546542211;1;;;;;;;;;;;;;
289;0,82068873;0,175036479;0,36781455;1;0,433020012;0,13352659;1,165100059;1;-0,028323499;0,234610374;-1,070808748;1;;;;;;;;;;;;;
290;0,623099349;0,173748917;0,038498915;1;0,299323601;0,132758435;0,496618007;1;0,313827263;0,210761701;-0,215431841;1;;;;;;;;;;;;;
291;0,463328714;0,165006183;-0,227785477;1;0,371707588;0,12677226;0,858537938;1;0,375049954;0,216727426;-0,062375114;1;;;;;;;;;;;;;
292;0,701480718;0,183134276;0,16913453;1;0,080954769;0,141421941;-0,595226155;1;0,618888698;0,267022253;0,547221746;1;;;;;;;;;;;;;
293;0,892561011;0,178442614;0,487601686;1;0,12068596;0,13892958;-0,396570201;1;0,081820041;0,23031873;-0,795449897;1;;;;;;;;;;;;;
294;0,479753177;0,163282025;-0,200411372;1;0,318245066;0,135017541;0,59122533;1;0,613706425;0,215779842;0,534266063;1;;;;;;;;;;;;;
295;0,763613817;0,173508745;0,272689695;1;0,047862153;0,136089834;-0,760689233;1;0,548234747;0,220251846;0,370586867;1;;;;;;;;;;;;;
296;0,82180503;0,175832547;0,369675051;1;0,154968882;0,135881275;-0,225155589;1;0,211397618;0,22724508;-0,471505955;1;;;;;;;;;;;;;
297;1,001789789;0,167699976;0,669649649;0;0,023400918;0,133755023;-0,882995412;1;-0,023889076;0,22630434;-1,059722691;1;;;;;;;;;;;;;
298;0,818902866;0,17762302;0,36483811;1;-0,008511924;0,137281076;-1,042559621;1;0,540165514;0,234305439;0,350413786;1;;;;;;;;;;;;;
299;0,275905743;0,157469036;-0,540157096;0;0,522763706;0,120705244;1,613818528;0;0,52395768;0,200781566;0,3098942;1;;;;;;;;;;;;;
300;0,696246733;0,170933222;0,160411221;1;0,104798659;0,132404966;-0,476006705;1;0,22915132;0,226859555;-0,427121701;1;;;;;;;;;;;;;
301;0,563527529;0,161663895;-0,060787452;1;0,261482139;0,125310187;0,307410696;1;0,246124681;0,205183155;-0,384688298;1;;;;;;;;;;;;;
302;0,760079971;0,191008164;0,266799952;1;0,270564534;0,149698423;0,35282267;1;0,076156693;0,239515928;-0,809608268;1;;;;;;;;;;;;;
303;0,591176602;0,144039428;-0,014705663;1;-0,117422717;0,11457692;-1,587113584;0;0,212218807;0,187622121;-0,469452982;1;;;;;;;;;;;;;
304;0,882635173;0,175311476;0,471058621;1;0,108591571;0,134000078;-0,457042146;1;0,114823312;0,223583189;-0,71294172;1;;;;;;;;;;;;;
305;0,601120977;0,166898828;0,001868295;1;0,25433119;0,130534745;0,271655949;1;0,528671519;0,221428953;0,321678797;1;;;;;;;;;;;;;
306;0,86380376;0,180376118;0,439672934;1;0,296412705;0,136586696;0,482063525;1;0,213662196;0,23981846;-0,465844509;1;;;;;;;;;;;;;
307;0,417793603;0,163956618;-0,303677329;1;0,397955915;0,123569131;0,989779575;1;0,344661594;0,218543508;-0,138346016;1;;;;;;;;;;;;;
308;0,640036911;0,164909508;0,066728186;1;0,157617969;0,126092134;-0,211910153;1;0,231265519;0,209631214;-0,421836203;1;;;;;;;;;;;;;
309;0,989170516;0,192400768;0,648617526;0;0,101243196;0,140296314;-0,493784022;1;0,040083687;0,258842572;-0,899790782;1;;;;;;;;;;;;;
310;0,703850871;0,177764959;0,173084786;1;0,218612577;0,134567422;0,093062886;1;0,414993078;0,240038943;0,037482696;1;;;;;;;;;;;;;
311;0,57597138;0,174498895;-0,0400477;1;0,293777961;0,137673608;0,468889804;1;0,379768935;0,236220742;-0,050577663;1;;;;;;;;;;;;;
312;0,301475516;0,143401579;-0,497540806;0;0,225963879;0,113802823;0,129819397;1;0,640655877;0,192972798;0,601639692;1;;;;;;;;;;;;;
313;0,800098584;0,168038793;0,33349764;1;-0,024814263;0,126421099;-1,124071313;1;0,408324342;0,212502614;0,020810856;1;;;;;;;;;;;;;
314;0,368951785;0,169904272;-0,385080359;1;0,50070226;0,13049892;1,503511301;0;0,585588086;0,220937672;0,463970216;1;;;;;;;;;;;;;
315;0,643720905;0,156473727;0,072868175;1;0,058095252;0,122582737;-0,709523742;1;0,545037489;0,204742918;0,362593722;1;;;;;;;;;;;;;
316;0,765189768;0,162979814;0,27531628;1;0,301830091;0,125671567;0,509150453;1;0,015995961;0,204118833;-0,960010097;1;;;;;;;;;;;;;
317;0,767598255;0,167832372;0,279330424;1;0,128367171;0,133211025;-0,358164143;1;0,209229306;0,224311531;-0,476926734;1;;;;;;;;;;;;;
318;0,028263087;0,136209758;-0,952894855;0;0,017131398;0,101555446;-0,914343008;1;1,055655304;0,182862451;1,639138259;0;;;;;;;;;;;;;
319;0,629984622;0,156310301;0,049974371;1;0,09921023;0,1217616;-0,503948852;1;0,404955774;0,21643086;0,012389434;1;;;;;;;;;;;;;
320;0,88678408;0,174330767;0,477973466;1;0,181717557;0,126692602;-0,091412213;1;0,11365339;0,232635551;-0,715866525;1;;;;;;;;;;;;;
321;0,69051559;0,162906559;0,150859317;1;0,232848348;0,133055986;0,164241738;1;0,249107634;0,219859727;-0,377230914;1;;;;;;;;;;;;;
322;0,808992258;0,175784241;0,34832043;1;0,317291882;0,129441194;0,586459412;1;-0,037676946;0,246073232;-1,094192365;1;;;;;;;;;;;;;
323;0,754368871;0,171773752;0,257281451;1;0,262433867;0,133844013;0,312169337;1;0,256610175;0,225686278;-0,358474563;1;;;;;;;;;;;;;
324;0,805379347;0,193701547;0,342298912;1;0,16037332;0,146845942;-0,198133401;1;0,475352641;0,269155155;0,188381604;1;;;;;;;;;;;;;
325;0,40780921;0,157484089;-0,320317984;1;0,341795193;0,125632282;0,708975963;1;0,563487496;0,214433367;0,408718741;1;;;;;;;;;;;;;
326;0,536508313;0,161591883;-0,105819478;1;0,317940734;0,120927365;0,58970367;1;0,530978207;0,211061318;0,327445519;1;;;;;;;;;;;;;
327;0,502634658;0,153156765;-0,162275571;1;0,442578915;0,118258872;1,212894577;0;0,096090371;0,189778997;-0,759774072;1;;;;;;;;;;;;;
328;0,609956863;0,16197954;0,016594772;1;-0,057881275;0,125293764;-1,289406375;0;0,449792458;0,213249892;0,124481145;1;;;;;;;;;;;;;
329;0,536028587;0,174359245;-0,106619022;1;0,275740054;0,132281285;0,378700268;1;0,35815707;0,231182228;-0,104607325;1;;;;;;;;;;;;;
330;0,482724936;0,163568431;-0,19545844;1;0,067414024;0,125194769;-0,662929881;1;0,569717101;0,214032943;0,424292753;1;;;;;;;;;;;;;
331;0,602375019;0,175580965;0,003958365;1;0,396458415;0,138615809;0,982292076;1;0,453877005;0,23893469;0,134692514;1;;;;;;;;;;;;;
332;0,272809835;0,148984336;-0,545316942;0;0,146752555;0,113093019;-0,266237227;1;0,47814543;0,196355287;0,195363574;1;;;;;;;;;;;;;
333;0,272416117;0,17053584;-0,545973138;1;0,340035801;0,132671136;0,700179004;1;0,717777336;0,221884983;0,79444334;1;;;;;;;;;;;;;
334;0,531084782;0,173590503;-0,114858697;1;0,197069915;0,133288731;-0,014650426;1;0,831479195;0,233862153;1,078697988;1;;;;;;;;;;;;;
335;0,66582923;0,177888471;0,109715383;1;0,085184178;0,137010759;-0,574079112;1;0,720646917;0,234334433;0,801617293;1;;;;;;;;;;;;;
336;0,372376643;0,175173015;-0,379372262;1;-0,01921458;0,131220666;-1,096072899;1;0,895410108;0,24410429;1,238525271;0;;;;;;;;;;;;;
337;0,69292125;0,176556891;0,154868751;1;0,248535013;0,137923288;0,242675064;1;0,58650417;0,231194313;0,466260426;1;;;;;;;;;;;;;
338;0,686345903;0,166689548;0,143909839;1;0,269434691;0,131765507;0,347173453;1;0,261591848;0,216348757;-0,346020379;1;;;;;;;;;;;;;
339;0,339389548;0,161052389;-0,434350754;1;0,205764222;0,122885861;0,02882111;1;0,718943757;0,212057541;0,797359393;1;;;;;;;;;;;;;
340;0,704293952;0,158341273;0,173823254;1;0,04515125;0,122974728;-0,774243748;1;0,377600303;0,218757252;-0,055999242;1;;;;;;;;;;;;;
341;0,665139141;0,163722542;0,108565235;1;0,145495021;0,124849928;-0,272524896;1;0,421544863;0,219600539;0,053862157;1;;;;;;;;;;;;;
342;0,322825188;0,151046531;-0,46195802;1;0,161063169;0,116859489;-0,194684155;1;0,564126832;0,208675301;0,410317079;1;;;;;;;;;;;;;
343;0,611370919;0,166670906;0,018951531;1;0,35132737;0,12871696;0,756636848;1;0,304575337;0,214005389;-0,238561657;1;;;;;;;;;;;;;
344;0,483188826;0,153603321;-0,19468529;1;0,279991777;0,12642679;0,399958883;1;0,596995497;0,213554433;0,492488743;1;;;;;;;;;;;;;
345;0,484000004;0,154001617;-0,193333327;1;0,190208027;0,114780616;-0,048959865;1;0,147487124;0,203622708;-0,63128219;1;;;;;;;;;;;;;
346;0,388532017;0,159276668;-0,352446639;1;0,601126856;0,124437257;2,005634278;0;0,277010242;0,214197707;-0,307474396;1;;;;;;;;;;;;;
347;0,524986762;0,155512892;-0,125022064;1;0,169145698;0,128911085;-0,154271509;1;0,538380194;0,220943537;0,345950485;1;;;;;;;;;;;;;
348;0,904234093;0,180053792;0,507056822;1;0,109329798;0,136475087;-0,453351009;1;0,122702399;0,252044107;-0,693244004;1;;;;;;;;;;;;;
349;0,774296603;0,153520632;0,290494338;1;0,037068835;0,117119812;-0,814655827;1;0,191204849;0,209031707;-0,521987878;1;;;;;;;;;;;;;
350;0,985743059;0,19238734;0,642905099;0;0,0921018;0,146692002;-0,539491;1;0,318129153;0,253879948;-0,204677119;1;;;;;;;;;;;;;
351;0,604364486;0,170552615;0,007274143;1;0,282083309;0,128693579;0,410416545;1;0,318459227;0,219735661;-0,203851932;1;;;;;;;;;;;;;
352;0,498040097;0,159058001;-0,169933171;1;0,382364432;0,130480983;0,911822159;1;0,590874929;0,216051727;0,477187323;1;;;;;;;;;;;;;
353;0,784579756;0,182961605;0,307632926;1;0,145369659;0,145619125;-0,273151707;1;0,501268755;0,246615221;0,253171888;1;;;;;;;;;;;;;
354;0,369438773;0,152495521;-0,384268712;1;0,259089396;0,124379141;0,295446979;1;0,708116109;0,212379509;0,770290272;1;;;;;;;;;;;;;
355;0,244602782;0,151461222;-0,592328697;0;0,338068143;0,117608908;0,690340715;1;0,786358358;0,195170109;0,965895895;0;;;;;;;;;;;;;
356;0,660197495;0,154242316;0,100329159;1;0,086012921;0,116896483;-0,569935394;1;0,376913833;0,205710716;-0,057715418;1;;;;;;;;;;;;;
357;0,509099596;0,170158223;-0,151500674;1;0,403600292;0,131726777;1,01800146;1;0,185064803;0,208234223;-0,537337992;1;;;;;;;;;;;;;
358;0,807588725;0,17419999;0,345981208;1;0,030686898;0,1336305;-0,846565511;1;0,430267669;0,235628933;0,075669173;1;;;;;;;;;;;;;
359;0,60979973;0,148056291;0,016332883;1;0,266611804;0,110335585;0,333059019;1;-0,019141429;0,194689592;-1,047853572;0;;;;;;;;;;;;;
360;0,503390061;0,169309049;-0,161016565;1;0,167472782;0,128178497;-0,162636092;1;0,524487859;0,227542854;0,311219648;1;;;;;;;;;;;;;
361;0,51221507;0,160630171;-0,146308217;1;0,249660914;0,121881074;0,248304569;1;0,361682973;0,219249383;-0,095792568;1;;;;;;;;;;;;;
362;0,560122814;0,165817151;-0,066461976;1;0,372101797;0,132534339;0,860508984;1;0,259325129;0,219536098;-0,351687178;1;;;;;;;;;;;;;
363;0,721996543;0,168946851;0,203327572;1;0,300579784;0,130577599;0,502898921;1;0,31379132;0,222290763;-0,215521699;1;;;;;;;;;;;;;
364;0,678778602;0,170371047;0,13129767;1;0,019540598;0,126584294;-0,902297012;1;0,290580726;0,229484844;-0,273548185;1;;;;;;;;;;;;;
365;0,576469015;0,162740647;-0,039218309;1;0,327494885;0,127656421;0,637474426;1;0,634790274;0,220489653;0,586975685;1;;;;;;;;;;;;;
366;0,992652835;0,189475615;0,654421392;0;-0,024297604;0,139784897;-1,121488018;1;0,211944753;0,259659901;-0,470138117;1;;;;;;;;;;;;;
367;0,392073612;0,168869668;-0,346543981;1;0,120399664;0,128945065;-0,398001681;1;0,804083915;0,232657189;1,010209789;1;;;;;;;;;;;;;
368;0,554547941;0,162785949;-0,075753431;1;0,275285467;0,12496591;0,376427335;1;0,489248404;0,213641794;0,223121009;1;;;;;;;;;;;;;
369;0,410885521;0,154922333;-0,315190798;1;0,267373622;0,121632613;0,336868109;1;0,589881385;0,202127267;0,474703462;1;;;;;;;;;;;;;
370;1,062353474;0,181463618;0,770589123;0;-0,068826727;0,13060392;-1,344133633;0;-0,182333361;0,227599698;-1,455833402;0;;;;;;;;;;;;;
371;0,625968674;0,169970187;0,043281123;1;0,184342451;0,127032631;-0,078287747;1;0,31275786;0,223148783;-0,218105349;1;;;;;;;;;;;;;
372;0,741541263;0,172044921;0,235902105;1;0,093435184;0,127307428;-0,532824081;1;0,040139441;0,223248698;-0,899651397;1;;;;;;;;;;;;;
373;0,628664484;0,181325735;0,04777414;1;0,281022762;0,131376735;0,40511381;1;0,277821075;0,232417425;-0,305447313;1;;;;;;;;;;;;;
374;0,502962323;0,164738216;-0,161729462;1;0,425480177;0,128217396;1,127400885;1;0,358807618;0,218131689;-0,102980956;1;;;;;;;;;;;;;
375;0,341329677;0,156094888;-0,431117204;1;0,196769467;0,118531386;-0,016152667;1;0,465368268;0,211727043;0,16342067;1;;;;;;;;;;;;;
376;0,730462802;0,15484958;0,217438003;1;0,16248594;0,119243417;-0,187570299;1;-0,056527509;0,202232546;-1,141318773;0;;;;;;;;;;;;;
377;0,600564353;0,168866826;0,000940588;1;0,315052716;0,128448881;0,575263579;1;0,326997184;0,217795068;-0,182507039;1;;;;;;;;;;;;;
378;0,65694504;0,18015816;0,0949084;1;0,282600369;0,137977393;0,413001844;1;0,275455689;0,234623841;-0,311360779;1;;;;;;;;;;;;;
379;0,703506906;0,167088528;0,17251151;1;0,027348484;0,127293949;-0,863257581;1;0,187514792;0,216903563;-0,53121302;1;;;;;;;;;;;;;
380;0,377730279;0,169200628;-0,370449534;1;0,237268236;0,128459341;0,186341179;1;0,615241092;0,222288736;0,538102731;1;;;;;;;;;;;;;
381;0,42438266;0,155702663;-0,292695567;1;0,130869523;0,123746373;-0,345652384;1;0,689941494;0,212419934;0,724853735;1;;;;;;;;;;;;;
382;0,68768717;0,170622271;0,146145284;1;0,264411044;0,133415622;0,32205522;1;0,151656396;0,221351503;-0,620859009;1;;;;;;;;;;;;;
383;0,540643558;0,153989765;-0,098927403;1;0,028318316;0,116052037;-0,858408421;1;0,590882365;0,201515343;0,477205911;1;;;;;;;;;;;;;
384;0,669097074;0,17718069;0,11516179;1;0,220940951;0,132226755;0,104704754;1;0,524650091;0,236941368;0,311625227;1;;;;;;;;;;;;;
385;0,641912556;0,180895298;0,06985426;1;0,246508446;0,132528266;0,232542232;1;0,450946605;0,234453732;0,127366511;1;;;;;;;;;;;;;
386;0,645180706;0,164996874;0,075301177;1;0,068175907;0,129001625;-0,659120465;1;0,72625335;0,226430229;0,815633375;1;;;;;;;;;;;;;
387;0,605000919;0,165950433;0,008334865;1;0,023141666;0,122758668;-0,88429167;1;0,376112948;0,217091908;-0,059717629;1;;;;;;;;;;;;;
388;0,518164491;0,16793403;-0,136392515;1;0,074922239;0,132087945;-0,625388805;1;0,321691911;0,224366936;-0,195770221;1;;;;;;;;;;;;;
389;0,543222765;0,169202011;-0,094628725;1;0,185183578;0,130657247;-0,074082109;1;0,69452502;0,226140803;0,736312549;1;;;;;;;;;;;;;
390;0,555659135;0,155196479;-0,073901441;1;0,275322234;0,12344469;0,376611172;1;0,502617895;0,206694658;0,256544737;1;;;;;;;;;;;;;
391;0,492492849;0,17662549;-0,179178585;1;0,119347774;0,130161491;-0,403261131;1;0,770359273;0,241260859;0,925898182;1;;;;;;;;;;;;;
392;0,396860302;0,169515824;-0,338566163;1;0,31991624;0,128126544;0,599581202;1;0,353511664;0,229299785;-0,116220839;1;;;;;;;;;;;;;
393;0,550689029;0,183335026;-0,082184952;1;0,264565565;0,136580696;0,322827824;1;0,639454272;0,237290057;0,59863568;1;;;;;;;;;;;;;
394;0,773782735;0,174876836;0,289637892;1;0,170148671;0,137707137;-0,149256643;1;0,429045803;0,233489494;0,072614508;1;;;;;;;;;;;;;
395;0,1280946;0,141217212;-0,786509;0;0,386266364;0,109264965;0,93133182;1;0,624517082;0,184146412;0,561292705;1;;;;;;;;;;;;;
396;0,590126448;0,155159612;-0,01645592;1;0,30715509;0,119399918;0,535775452;1;0,319080094;0,201975496;-0,202299765;1;;;;;;;;;;;;;
397;0,598569823;0,152279279;-0,002383628;1;0,281136136;0,112815872;0,405680682;1;0,130109513;0,197246354;-0,674726216;1;;;;;;;;;;;;;
398;0,707733445;0,175793318;0,179555742;1;0,059189651;0,134564668;-0,704051745;1;0,403275636;0,231353676;0,00818909;1;;;;;;;;;;;;;
399;0,546297409;0,161671389;-0,089504318;1;0,274199387;0,128162859;0,370996935;1;0,178793786;0,2214107;-0,553015536;1;;;;;;;;;;;;;
400;0,680191442;0,169335328;0,133652404;1;0,069775982;0,121923086;-0,651120092;1;0,181636669;0,22299514;-0,545908329;1;;;;;;;;;;;;;
401;0,53075233;0,175953295;-0,115412783;1;0,267413842;0,135289114;0,337069212;1;0,564209446;0,227090081;0,410523614;1;;;;;;;;;;;;;
402;0,652546848;0,162274471;0,08757808;1;0,162576741;0,13173519;-0,187116294;1;0,544522684;0,224198919;0,361306711;1;;;;;;;;;;;;;
403;0,419808503;0,142213569;-0,300319161;1;0,003198974;0,112244333;-0,984005129;1;0,607012783;0,191327631;0,517531957;1;;;;;;;;;;;;;
404;0,503779555;0,173060128;-0,160367409;1;0,335741899;0,130277547;0,678709496;1;0,274031965;0,230941096;-0,314920088;1;;;;;;;;;;;;;
405;0,665718987;0,15774939;0,109531645;1;0,14119327;0,122125395;-0,294033648;1;0,009900011;0,20785468;-0,975249972;1;;;;;;;;;;;;;
406;0,675171303;0,177948623;0,125285505;1;0,251850903;0,134987782;0,259254513;1;0,231599758;0,224779071;-0,421000604;1;;;;;;;;;;;;;
407;0,60577132;0,164885853;0,009618867;1;0,244482383;0,127480603;0,222411917;1;0,588430753;0,214400418;0,471076882;1;;;;;;;;;;;;;
408;0,628931853;0,169086995;0,048219754;1;0,501726102;0,13629111;1,508630512;0;0,68724707;0,210668344;0,718117675;1;;;;;;;;;;;;;
409;0,693842309;0,165920191;0,156403848;1;0,231952129;0,12776422;0,159760647;1;0,136382537;0,215902466;-0,659043659;1;;;;;;;;;;;;;
410;0,56846505;0,154943655;-0,052558251;1;0,359001925;0,131276474;0,795009627;1;0,263377241;0,203714148;-0,341556896;1;;;;;;;;;;;;;
411;0,411719078;0,154097063;-0,313801537;1;0,410659654;0,121925639;1,053298269;1;0,531135283;0,206143624;0,327838207;1;;;;;;;;;;;;;
412;0,395778306;0,14967569;-0,34036949;1;0,195161388;0,119865038;-0,024193059;1;0,604847906;0,205865116;0,512119765;1;;;;;;;;;;;;;
413;0,581860701;0,167527167;-0,030232165;1;0,287554599;0,133513877;0,437772996;1;0,455740836;0,223524795;0,13935209;1;;;;;;;;;;;;;
414;0,810297044;0,176916218;0,350495073;1;0,280426345;0,135237922;0,402131726;1;0,068504733;0,235728846;-0,828738169;1;;;;;;;;;;;;;
415;0,591211877;0,155672731;-0,014646871;1;0,363630871;0,118682388;0,818154354;1;-0,079378879;0,202649783;-1,198447199;0;;;;;;;;;;;;;
416;0,386351345;0,184005882;-0,356081092;1;0,364806083;0,1371841;0,824030415;1;0,73181563;0,253032417;0,829539075;1;;;;;;;;;;;;;
417;0,836414697;0,162694966;0,394024495;1;0,10673122;0,126612793;-0,466343901;1;-0,050719474;0,22369421;-1,126798684;0;;;;;;;;;;;;;
418;0,77600742;0,176237229;0,2933457;1;0,383534659;0,13241045;0,917673296;1;-0,074934655;0,221205153;-1,187336637;0;;;;;;;;;;;;;
419;0,625924267;0,1572815;0,043207111;1;0,230398086;0,12113318;0,151990431;1;0,352585772;0,207535274;-0,118535571;1;;;;;;;;;;;;;
420;0,717311639;0,181635872;0,195519399;1;0,251459416;0,139679986;0,257297081;1;0,434486102;0,241202704;0,086215254;1;;;;;;;;;;;;;
421;0,478478449;0,162808041;-0,202535919;1;0,175020501;0,120744807;-0,124897495;1;0,798682455;0,203660182;0,996706138;1;;;;;;;;;;;;;
422;0,725241171;0,165604609;0,208735286;1;0,265510198;0,12660196;0,327550989;1;0,226697953;0,224827895;-0,433255117;1;;;;;;;;;;;;;
423;0,247372691;0,152905899;-0,587712182;0;0,392284197;0,119921326;0,961420987;1;0,53284729;0,204449319;0,332118225;1;;;;;;;;;;;;;
424;0,459188884;0,180015652;-0,234685194;1;0,531376895;0,136362149;1,656884474;0;0,145709962;0,250363571;-0,635725095;1;;;;;;;;;;;;;
425;0,331744843;0,152279629;-0,447091928;1;0,457036857;0,11856768;1,285184286;0;0,356472283;0,205197173;-0,108819294;1;;;;;;;;;;;;;
426;0,791952955;0,188284595;0,319921592;1;0,144984386;0,138463896;-0,27507807;1;0,369760455;0,25123674;-0,075598863;1;;;;;;;;;;;;;
427;0,719407577;0,159918382;0,199012628;1;-0,01986751;0,127397191;-1,09933755;1;0,380832523;0,21822878;-0,047918692;1;;;;;;;;;;;;;
428;0,730691224;0,163483269;0,217818707;1;0,057437445;0,127391481;-0,712812774;1;0,258174563;0,224687952;-0,354563594;1;;;;;;;;;;;;;
429;0,599772341;0,167275662;-0,000379431;1;0,05028088;0,127846281;-0,7485956;1;0,480718996;0,223797568;0,20179749;1;;;;;;;;;;;;;
430;0,688679787;0,171251725;0,147799644;1;0,224502063;0,133547821;0,122510313;1;0,394847288;0,230940429;-0,012881781;1;;;;;;;;;;;;;
431;0,640040167;0,158057729;0,066733612;1;0,178636966;0,130182273;-0,106815172;1;0,331063445;0,220967854;-0,172341388;1;;;;;;;;;;;;;
432;0,588677618;0,156089033;-0,018870637;1;0,192675346;0,120852732;-0,036623272;1;0,444633605;0,215910846;0,111584013;1;;;;;;;;;;;;;
433;0,628603983;0,169073805;0,047673305;1;-0,055150309;0,126103074;-1,275751543;0;0,395838527;0,22020845;-0,010403682;1;;;;;;;;;;;;;
434;0,839989206;0,165165074;0,39998201;1;-0,029628204;0,124560214;-1,14814102;1;0,083232713;0,21861527;-0,791918219;1;;;;;;;;;;;;;
435;0,686729612;0,179819943;0,144549354;1;0,002520506;0,13758444;-0,987397471;1;0,442816246;0,239330577;0,107040615;1;;;;;;;;;;;;;
436;0,514599128;0,164166066;-0,142334787;1;0,269860969;0,122219072;0,349304844;1;0,436493849;0,221621248;0,091234621;1;;;;;;;;;;;;;
437;0,512397194;0,16912357;-0,146004677;1;0,272926603;0,123690009;0,364633016;1;0,490182911;0,2232527;0,225457278;1;;;;;;;;;;;;;
438;0,507380542;0,166547898;-0,154365763;1;0,323111008;0,127029576;0,615555042;1;0,313506708;0,215550619;-0,216233229;1;;;;;;;;;;;;;
439;0,69725785;0,157854282;0,162096416;1;0,186662454;0,120152385;-0,066687728;1;0,271992765;0,205336351;-0,320018089;1;;;;;;;;;;;;;
440;0,670839943;0,189216297;0,118066571;1;0,218179905;0,136688689;0,090899527;1;0,618567983;0,250138013;0,546419958;1;;;;;;;;;;;;;
441;0,626935064;0,181799495;0,044891773;1;0,232573692;0,136476663;0,162868462;1;0,505232927;0,241624798;0,263082318;1;;;;;;;;;;;;;
442;0,370129633;0,150130774;-0,383117278;1;0,16182154;0,113137704;-0,1908923;1;0,495556794;0,191612293;0,238891985;1;;;;;;;;;;;;;
443;0,925917554;0,186827514;0,543195923;1;0,237769661;0,138307121;0,188848306;1;0,04403764;0,257630665;-0,8899059;1;;;;;;;;;;;;;
444;0,428824702;0,14712173;-0,285292163;1;0,179899518;0,115338382;-0,100502408;1;0,473969851;0,195783793;0,184924626;1;;;;;;;;;;;;;
445;0,53549478;0,167976426;-0,1075087;1;-0,040297789;0,129277704;-1,201488943;1;0,712932522;0,224376594;0,782331306;1;;;;;;;;;;;;;
446;0,582475005;0,166132044;-0,029208326;1;0,155297798;0,129253035;-0,22351101;1;0,559529405;0,211646841;0,398823513;1;;;;;;;;;;;;;
447;0,912031472;0,170428035;0,520052454;1;0,03686613;0,132221272;-0,815669349;1;-0,006684517;0,223111122;-1,016711294;1;;;;;;;;;;;;;
448;0,760085548;0,160584683;0,266809246;1;0,034476029;0,119119352;-0,827619853;1;0,10879385;0,223798204;-0,728015376;1;;;;;;;;;;;;;
449;0,664667982;0,165339027;0,107779971;1;0,360861897;0,125183494;0,804309484;1;-0,025351781;0,214813108;-1,063379453;0;;;;;;;;;;;;;
450;0,694606356;0,16636935;0,15767726;1;0,279567181;0,129440442;0,397835903;1;0,237445767;0,2146143;-0,406385582;1;;;;;;;;;;;;;
451;0,92701098;0,188324308;0,5450183;1;0,191523715;0,139940851;-0,042381423;1;0,005994096;0,238907229;-0,98501476;1;;;;;;;;;;;;;
452;0,274766719;0,146096539;-0,542055468;0;0,415390953;0,114003515;1,076954765;1;0,646198135;0,190506686;0,615495336;1;;;;;;;;;;;;;
453;0,603168703;0,165559585;0,005281172;1;0,328443094;0,121448029;0,642215472;1;0,084465246;0,211591598;-0,788836885;1;;;;;;;;;;;;;
454;0,600440236;0,160369648;0,000733727;1;0,347624804;0,125798313;0,73812402;1;0,405207173;0,209144639;0,013017931;1;;;;;;;;;;;;;
455;0,759378626;0,190026382;0,265631044;1;0,222306248;0,140864756;0,111531242;1;0,08685827;0,24508509;-0,782854325;1;;;;;;;;;;;;;
456;0,435123117;0,164058326;-0,274794805;1;0,262451557;0,127342967;0,312257784;1;0,41483946;0,214159242;0,037098649;1;;;;;;;;;;;;;
457;0,596739779;0,16548498;-0,005433701;1;0,235886057;0,124736341;0,179430284;1;0,412835568;0,213626675;0,032088919;1;;;;;;;;;;;;;
458;0,623270126;0,157770851;0,038783543;1;0,043137947;0,120203474;-0,784310265;1;0,247368954;0,199814262;-0,381577616;1;;;;;;;;;;;;;
459;0,493972932;0,174476516;-0,17671178;1;0,392790082;0,130865175;0,963950408;1;0,524586497;0,224770213;0,311466243;1;;;;;;;;;;;;;
460;0,4070477;0,173638241;-0,321587166;1;0,29419087;0,125753901;0,470954351;1;0,342958019;0,223099434;-0,142604954;1;;;;;;;;;;;;;
461;0,65447878;0,157572431;0,090797966;1;0,11523951;0,121659168;-0,423802449;1;0,241417508;0,208095835;-0,39645623;1;;;;;;;;;;;;;
462;0,73108744;0,164097677;0,218479066;1;0,314717767;0,124475002;0,573588835;1;0,058542322;0,208610491;-0,853644194;1;;;;;;;;;;;;;
463;0,708517094;0,182149127;0,180861824;1;0,194393569;0,133813723;-0,028032157;1;0,492057379;0,242091153;0,230143447;1;;;;;;;;;;;;;
464;0,398994557;0,148886673;-0,335009072;1;0,375287096;0,122154736;0,876435479;1;0,494166865;0,207409734;0,235417164;1;;;;;;;;;;;;;
465;0,521092443;0,153245407;-0,131512595;1;0,335758137;0,119854436;0,678790685;1;0,161853749;0,20704733;-0,595365627;1;;;;;;;;;;;;;
466;0,50893944;0,168614292;-0,151767599;1;0,276588499;0,133266919;0,382942494;1;0,753026099;0,222726472;0,882565248;1;;;;;;;;;;;;;
467;0,87280224;0,185786107;0,4546704;1;0,161105187;0,139271317;-0,194474064;1;0,051065663;0,231000472;-0,872335841;1;;;;;;;;;;;;;
468;0,450446197;0,160784225;-0,249256339;1;0,262660171;0,12156884;0,313300854;1;0,378204304;0,210068881;-0,05448924;1;;;;;;;;;;;;;
469;0,548406775;0,157985745;-0,085988709;1;0,222364793;0,119719717;0,111823966;1;0,280924856;0,200269784;-0,297687861;1;;;;;;;;;;;;;
470;0,721147153;0,150005059;0,201911922;1;0,204532185;0,120800242;0,022660924;1;0,034929715;0,20033725;-0,912675712;1;;;;;;;;;;;;;
471;0,483968708;0,1629959;-0,193385487;1;0,164996158;0,123996143;-0,175019208;1;0,830955143;0,234626514;1,077387857;1;;;;;;;;;;;;;
472;0,679978427;0,185895484;0,133297379;1;0,18347087;0,140789551;-0,082645649;1;0,647593194;0,260932877;0,618982985;1;;;;;;;;;;;;;
473;0,335787245;0,164027957;-0,440354591;1;0,433728317;0,128788394;1,168641586;1;0,757999261;0,213351872;0,894998153;1;;;;;;;;;;;;;
474;0,550367828;0,147856976;-0,082720287;1;0,138034881;0,119324229;-0,309825595;1;0,496174461;0,20288636;0,240436151;1;;;;;;;;;;;;;
475;0,798281374;0,171466118;0,330468956;1;0,109175917;0,135995391;-0,454120415;1;0,488494714;0,237577257;0,221236784;1;;;;;;;;;;;;;
476;0,704585818;0,17849938;0,174309697;1;0,342153224;0,137217456;0,710766119;1;0,309872457;0,240352341;-0,225318858;1;;;;;;;;;;;;;
477;0,6489139;0,162547154;0,081523167;1;0,100708586;0,124460296;-0,496457071;1;0,248987008;0,209427049;-0,37753248;1;;;;;;;;;;;;;
478;0,440080608;0,150064545;-0,26653232;1;0,483248639;0,113890306;1,416243197;0;0,121105802;0,187748915;-0,697235494;1;;;;;;;;;;;;;
479;0,397411841;0,153222643;-0,337646931;1;0,260569056;0,118484002;0,302845282;1;0,436744043;0,211928445;0,091860108;1;;;;;;;;;;;;;
480;0,618069539;0,165148356;0,030115898;1;0,260680257;0,124207755;0,303401283;1;0,473273785;0,217363421;0,183184462;1;;;;;;;;;;;;;
481;0,431980588;0,164552904;-0,280032354;1;0,431267018;0,125320814;1,156335088;1;0,515770005;0,210494562;0,289425011;1;;;;;;;;;;;;;
482;0,357140389;0,144999594;-0,404766019;1;0,160510818;0,108635341;-0,197445911;1;0,485413507;0,188729389;0,213533768;1;;;;;;;;;;;;;
483;0,804985234;0,162171702;0,341642057;1;0,22775916;0,124570549;0,1387958;1;0,169877727;0,217774207;-0,575305683;1;;;;;;;;;;;;;
484;0,835252903;0,161501794;0,392088172;1;0,211743146;0,126979378;0,058715729;1;0,02413027;0,210638569;-0,939674325;1;;;;;;;;;;;;;
485;0,611464243;0,178058973;0,019107072;1;0,103315921;0,134692592;-0,483420395;1;0,526750778;0,235629445;0,316876945;1;;;;;;;;;;;;;
486;0,380027778;0,163536598;-0,36662037;1;0,26831248;0,126603126;0,341562399;1;0,721034776;0,211956451;0,80258694;1;;;;;;;;;;;;;
487;0,402538803;0,155217428;-0,329101995;1;0,580624201;0,1193637;1,903121003;0;0,310441536;0,198062437;-0,22389616;1;;;;;;;;;;;;;
488;0,42910271;0,156265492;-0,284828817;1;0,378151197;0,119154149;0,890755986;1;0,42703709;0,207108356;0,067592725;1;;;;;;;;;;;;;
489;0,338324401;0,150065301;-0,436125998;1;0,284041629;0,120416162;0,420208145;1;0,702800987;0,207712652;0,757002466;1;;;;;;;;;;;;;
490;0,685067413;0,161649924;0,141779022;1;0,138053313;0,129029665;-0,309733436;1;0,215580599;0,227503555;-0,461048504;1;;;;;;;;;;;;;
491;0,595629825;0,176659542;-0,007283625;1;0,06113572;0,127859099;-0,6943214;1;0,614575147;0,237693766;0,536437868;1;;;;;;;;;;;;;
492;0,817417758;0,182555038;0,36236293;1;0,165224246;0,142346812;-0,173878772;1;0,253898641;0,238787749;-0,365253397;1;;;;;;;;;;;;;
493;0,523595239;0,16848682;-0,127341268;1;0,379626587;0,126568793;0,898132936;1;0,184131463;0,225763842;-0,539671342;1;;;;;;;;;;;;;
494;0,36463511;0,166629396;-0,392274816;1;0,309436189;0,127971642;0,547180945;1;0,512270697;0,217668709;0,280676742;1;;;;;;;;;;;;;
495;0,256093083;0,167155933;-0,573178194;0;0,334618059;0,125539397;0,673090293;1;0,699511967;0,219935128;0,748779917;1;;;;;;;;;;;;;
496;0,495207054;0,166666456;-0,17465491;1;-0,011023535;0,12373464;-1,055117674;1;0,38211831;0,222067467;-0,044704226;1;;;;;;;;;;;;;
497;0,670747807;0,160555373;0,117913012;1;0,19383848;0,127618067;-0,030807599;1;0,335490443;0,213872739;-0,161273893;1;;;;;;;;;;;;;
498;0,480572014;0,169479573;-0,199046643;1;0,079468883;0,126942564;-0,602655583;1;0,632979749;0,221120705;0,582449372;1;;;;;;;;;;;;;
499;0,603264652;0,16811412;0,005441087;1;0,100974174;0,124228983;-0,495129128;1;0,526701193;0,21351957;0,316752982;1;;;;;;;;;;;;;
500;0,532111279;0,17689053;-0,113147868;1;0,13463479;0,133751254;-0,326826051;1;0,532044462;0,231085459;0,330111155;1;;;;;;;;;;;;;
501;0,606942453;0,164618113;0,011570755;1;0,113188504;0,128610801;-0,434057478;1;0,444087564;0,233154903;0,110218911;1;;;;;;;;;;;;;
502;0,318116043;0,172910767;-0,469806594;1;0,184437234;0,135171736;-0,077813832;1;1,099172146;0,243201993;1,747930366;0;;;;;;;;;;;;;
503;0,628348553;0,161731284;0,047247588;1;0,081678337;0,121116862;-0,591608313;1;0,454825908;0,205526118;0,13706477;1;;;;;;;;;;;;;
504;0,727959942;0,162984818;0,21326657;1;0,015658233;0,128453476;-0,921708834;1;0,061328764;0,220793571;-0,84667809;1;;;;;;;;;;;;;
505;0,258420158;0,154789972;-0,569299736;0;0,282984763;0,115058311;0,414923815;1;0,722017247;0,204579011;0,805043118;1;;;;;;;;;;;;;
506;0,516366213;0,162915773;-0,139389646;1;0,336762228;0,126632406;0,68381114;1;0,22158518;0,207594553;-0,44603705;1;;;;;;;;;;;;;
507;0,269472148;0,165098073;-0,550879753;0;0,237739369;0,124586624;0,188696847;1;0,498921013;0,216150968;0,247302533;1;;;;;;;;;;;;;
508;0,587595313;0,171692539;-0,020674478;1;0,242201603;0,126876182;0,211008016;1;0,008932986;0,225122286;-0,977667536;1;;;;;;;;;;;;;
509;0,813525666;0,166511896;0,355876109;1;-0,040184488;0,124117495;-1,20092244;1;0,024472622;0,220483301;-0,938818445;1;;;;;;;;;;;;;
510;0,595970616;0,158657207;-0,00671564;1;0,15936923;0,121300743;-0,203153852;1;0,408672362;0,217993968;0,021680906;1;;;;;;;;;;;;;
511;0,461906098;0,146186489;-0,230156504;1;0,214685209;0,114520502;0,073426047;1;0,509530469;0,189573014;0,273826172;1;;;;;;;;;;;;;
512;0,618593814;0,162205886;0,03098969;1;0,53038895;0,125006406;1,651944749;0;0,090299105;0,205026051;-0,774252238;1;;;;;;;;;;;;;
513;0,509560409;0,154543557;-0,150732652;1;0,076128638;0,117860942;-0,61935681;1;0,523712264;0,207158691;0,309280661;1;;;;;;;;;;;;;
514;0,356289145;0,144113223;-0,406184759;1;0,388828698;0,114107765;0,944143489;1;0,251428654;0,186784666;-0,371428366;1;;;;;;;;;;;;;
515;0,748772187;0,16160066;0,247953645;1;0,03805454;0,123949477;-0,809727298;1;0,167469392;0,213997993;-0,581326521;1;;;;;;;;;;;;;
516;0,597364201;0,164995757;-0,004392998;1;0,236142873;0,126895968;0,180714365;1;0,18998723;0,223400496;-0,525031926;1;;;;;;;;;;;;;
517;0,86955991;0,195521698;0,449266516;1;0,154988796;0,156222361;-0,225056021;1;0,403023937;0,27228184;0,007559842;1;;;;;;;;;;;;;
518;0,694964493;0,170185232;0,158274155;1;0,166967051;0,130388605;-0,165164744;1;0,397104709;0,216983418;-0,007238227;1;;;;;;;;;;;;;
519;0,232650068;0,171257648;-0,612249886;0;0,285328655;0,135047617;0,426643273;1;0,947221912;0,229560505;1,36805478;0;;;;;;;;;;;;;
520;0,715072393;0,17401022;0,191787322;1;0,407981322;0,139417909;1,03990661;1;0,27252525;0,228085482;-0,318686876;1;;;;;;;;;;;;;
521;0,87601112;0,187209981;0,460018534;1;0,135250097;0,139287842;-0,323749513;1;0,181645471;0,252615838;-0,545886321;1;;;;;;;;;;;;;
522;0,259657575;0,15767178;-0,567237375;0;0,417146955;0,121486927;1,085734777;1;0,717826856;0,20343589;0,794567141;1;;;;;;;;;;;;;
523;0,650382542;0,172489764;0,083970903;1;0,183584606;0,127263322;-0,082076968;1;0,351314257;0,221311141;-0,121714356;1;;;;;;;;;;;;;
524;0,066529769;0,152417437;-0,889117051;0;0,254376115;0,120576118;0,271880574;1;0,995390677;0,202529197;1,488476693;0;;;;;;;;;;;;;
525;0,733959886;0,159378117;0,223266476;1;-0,001407934;0,119319631;-1,007039669;1;0,097786731;0,203179657;-0,755533173;1;;;;;;;;;;;;;
526;0,374657446;0,161879232;-0,375570923;1;0,199070716;0,129068357;-0,004646422;1;0,852861488;0,21402111;1,132153719;0;;;;;;;;;;;;;
527;0,630201525;0,174946906;0,050335875;1;0,099636215;0,132202365;-0,501818925;1;0,413428553;0,227359989;0,033571382;1;;;;;;;;;;;;;
528;0,839848191;0,161166279;0,399746985;1;0,209857705;0,132508016;0,049288525;1;0,242179984;0,218995779;-0,394550041;1;;;;;;;;;;;;;
529;0,398914255;0,148103338;-0,335142908;1;0,352507773;0,116656612;0,762538865;1;0,561813953;0,200762779;0,404534883;1;;;;;;;;;;;;;
530;0,69133199;0,167627844;0,152219983;1;-0,12520715;0,12856522;-1,626035751;0;0,407375014;0,226668648;0,018437534;1;;;;;;;;;;;;;
531;0,508471955;0,151192143;-0,152546742;1;0,099400285;0,115370814;-0,502998576;1;0,377208527;0,19866862;-0,056978684;1;;;;;;;;;;;;;
532;0,601236462;0,169860432;0,00206077;1;0,489361784;0,130911607;1,446808918;0;0,378339283;0,219251497;-0,054151792;1;;;;;;;;;;;;;
533;0,918982227;0,169470035;0,531637045;1;0,2360296;0,131833323;0,180148001;1;-0,080548797;0,218602193;-1,201371992;0;;;;;;;;;;;;;
534;0,490610453;0,162818906;-0,182315911;1;0,241596215;0,135575793;0,207981076;1;0,590434526;0,223729135;0,476086316;1;;;;;;;;;;;;;
535;0,900925624;0,185185712;0,501542706;1;0,207153971;0,142878646;0,035769855;1;0,127458957;0,250843107;-0,681352606;1;;;;;;;;;;;;;
536;0,60035758;0,163173665;0,000595966;1;-0,04207638;0,122759989;-1,210381901;0;0,489901138;0,212122843;0,224752844;1;;;;;;;;;;;;;
537;0,301774539;0,154345133;-0,497042435;1;0,172301359;0,113428762;-0,138493207;1;0,560763588;0,197462405;0,401908971;1;;;;;;;;;;;;;
538;0,306318268;0,144766831;-0,489469554;0;0,270634605;0,110883141;0,353173027;1;0,543285386;0,192193567;0,358213465;1;;;;;;;;;;;;;
539;0,429734193;0,152894427;-0,283776344;1;-0,041082693;0,122183336;-1,205413467;0;0,47651896;0,206382123;0,1912974;1;;;;;;;;;;;;;
540;0,329577576;0,157126254;-0,450704039;1;0,305304959;0,125512379;0,526524796;1;0,767024275;0,205339872;0,917560688;1;;;;;;;;;;;;;
541;0,47950299;0,171947541;-0,20082835;1;0,223920629;0,128610994;0,119603146;1;0,433164112;0,236499876;0,08291028;1;;;;;;;;;;;;;
542;0,577590023;0,161318966;-0,037349962;1;-0,043619165;0,133486985;-1,218095826;1;0,573777661;0,215329777;0,434444153;1;;;;;;;;;;;;;
543;0,723411032;0,181373537;0,205685053;1;0,305779797;0,142106164;0,528898987;1;0,429748953;0,248410236;0,074372383;1;;;;;;;;;;;;;
544;0,796812978;0,174388791;0,32802163;1;0,281743478;0,139759335;0,408717392;1;0,356648741;0,234062851;-0,108378147;1;;;;;;;;;;;;;
545;0,491386481;0,179664007;-0,181022531;1;0,204295183;0,140599279;0,021475917;1;0,56510862;0,2421621;0,41277155;1;;;;;;;;;;;;;
546;0,518162629;0,151804256;-0,136395618;1;0,099231098;0,120544338;-0,503844511;1;0,504986143;0,208854348;0,262465357;1;;;;;;;;;;;;;
547;0,501933333;0,153817963;-0,163444445;1;0,282106656;0,120647708;0,41053328;1;0,564071844;0,198514816;0,410179609;1;;;;;;;;;;;;;
548;0,479397444;0,171481322;-0,201004259;1;0,18863525;0,129719365;-0,056823749;1;0,680655861;0,227890671;0,701639651;1;;;;;;;;;;;;;
549;1,052469454;0,184686345;0,754115757;0;-0,051229446;0,139892238;-1,256147228;1;0,206376025;0,244124875;-0,484059937;1;;;;;;;;;;;;;
550;0,622983423;0,164227561;0,038305704;1;0,117200813;0,128121892;-0,413995934;1;0,329549264;0,2297432;-0,176126841;1;;;;;;;;;;;;;
551;0,773031847;0,150673633;0,288386411;1;-0,02808639;0,120297054;-1,14043195;1;0,034875819;0,195259008;-0,912810452;1;;;;;;;;;;;;;
552;0,76233377;0,178384856;0,270556284;1;0,228661306;0,134986275;0,14330653;1;0,339313708;0,231270492;-0,15171573;1;;;;;;;;;;;;;
553;0,644153079;0,157625103;0,073588466;1;0,107620299;0,122704488;-0,461898503;1;0,489023215;0,211076342;0,222558038;1;;;;;;;;;;;;;
554;0,658216741;0,169312879;0,097027902;1;0,017155867;0,128632947;-0,914220667;1;0,402140504;0,225047709;0,005351259;1;;;;;;;;;;;;;
555;0,785353833;0,173847993;0,308923054;1;0,213923409;0,131033274;0,069617045;1;0,119367942;0,225403191;-0,701580146;1;;;;;;;;;;;;;
556;0,365190489;0,160810145;-0,391349185;1;0,300634152;0,123454137;0,503170758;1;0,593978892;0,220439809;0,484947229;1;;;;;;;;;;;;;
557;0,455756392;0,183497108;-0,240406014;1;0,346223111;0,13929519;0,731115556;1;0,726236103;0,234598248;0,815590259;1;;;;;;;;;;;;;
558;0,762216217;0,164773125;0,270360362;1;0,022657396;0,123731056;-0,886713019;1;0,158783602;0,221939966;-0,603040996;1;;;;;;;;;;;;;
559;0,466029513;0,158504685;-0,223284146;1;0,037671121;0,121857626;-0,811644396;1;0,780097639;0,220477301;0,950244097;1;;;;;;;;;;;;;
560;0,489543432;0,167786878;-0,18409428;1;0,190736582;0,127295634;-0,046317091;1;0,591633108;0,221051318;0,479082771;1;;;;;;;;;;;;;
561;0,569476069;0,167575496;-0,050873219;1;0,259881391;0,129474422;0,299406954;1;0,471204543;0,22146037;0,178011357;1;;;;;;;;;;;;;
562;0,689365894;0,183481858;0,148943156;1;0,320063732;0,140329688;0,60031866;1;0,22964327;0,23804089;-0,425891825;1;;;;;;;;;;;;;
563;0,534770898;0,162731008;-0,10871517;1;0,281895633;0,127839037;0,409478163;1;0,53729011;0,21620607;0,343225275;1;;;;;;;;;;;;;
564;0,659766701;0,149738309;0,099611169;1;0,092915975;0,119030869;-0,535420126;1;0,424991845;0,204326289;0,062479613;1;;;;;;;;;;;;;
565;0,434584086;0,165564824;-0,27569319;1;0,40140663;0,126788464;1,007033148;1;0,535945767;0,225115669;0,339864418;1;;;;;;;;;;;;;
566;0,779522001;0,170240838;0,299203335;1;0,281050497;0,131412126;0,405252485;1;0,13686805;0,21656361;-0,657829874;1;;;;;;;;;;;;;
567;0,520399226;0,144288375;-0,132667957;1;0,153615909;0,10869533;-0,231920455;1;0,326522618;0,196775608;-0,183693455;1;;;;;;;;;;;;;
568;0,638589652;0,16619381;0,064316087;1;0,314799757;0,129200584;0,573998784;1;0,006637079;0,224859002;-0,983407303;1;;;;;;;;;;;;;
569;0,44914702;0,164771463;-0,251421633;1;0,193576696;0,125427155;-0,03211652;1;0,502299117;0,208354783;0,255747792;1;;;;;;;;;;;;;
570;0,705446285;0,175560922;0,175743808;1;0,153350275;0,134109675;-0,233248624;1;0,35962065;0,238051691;-0,100948375;1;;;;;;;;;;;;;
571;0,554386845;0,170601546;-0,076021926;1;0,107871286;0,130444769;-0,460643572;1;0,339428261;0,222898473;-0,151429347;1;;;;;;;;;;;;;
572;0,409090972;0,163387901;-0,318181713;1;0,481282657;0,127414941;1,406413284;0;0,561821467;0,230674661;0,404553668;1;;;;;;;;;;;;;
573;0,72187946;0,176316263;0,203132433;1;0,13467049;0,13505638;-0,326647551;1;0,363776651;0,222423676;-0,090558374;1;;;;;;;;;;;;;
574;0,58506986;0,161654244;-0,024883567;1;-0,05314029;0,12812043;-1,265701451;0;0,259313206;0,220667785;-0,351716985;1;;;;;;;;;;;;;
575;0,585035331;0,155131229;-0,024941115;1;0,370592034;0,121274701;0,852960171;1;0,225382985;0,209483727;-0,436542537;1;;;;;;;;;;;;;
576;0,676939262;0,163973978;0,128232103;1;0,416125056;0,126916889;1,080625282;1;0,257944017;0,21265113;-0,355139958;1;;;;;;;;;;;;;
577;0,551025737;0,17617366;-0,081623772;1;-0,050561396;0,132070834;-1,252806979;1;0,812477454;0,246899723;1,031193635;1;;;;;;;;;;;;;
578;0,536024341;0,155921726;-0,106626099;1;0,42471682;0,116397346;1,1235841;1;0,024443002;0,19774081;-0,938892494;1;;;;;;;;;;;;;
579;0,57024004;0,153099777;-0,049599933;1;0,15084425;0,120473066;-0,245778748;1;0,284839932;0,198881486;-0,28790017;1;;;;;;;;;;;;;
580;0,643684795;0,154435875;0,072807991;1;0,212382971;0,129515385;0,061914857;1;0,499789122;0,216619088;0,249472806;1;;;;;;;;;;;;;
581;0,575357792;0,166522065;-0,041070346;1;0,2722278;0,123840286;0,361138998;1;0,384059676;0,225284147;-0,039850811;1;;;;;;;;;;;;;
582;0,642725961;0,172164607;0,071209936;1;0,196937295;0,133907192;-0,015313526;1;0,533187357;0,23681795;0,332968393;1;;;;;;;;;;;;;
583;0,713041392;0,159018226;0,188402319;1;0,198669648;0,123808074;-0,00665176;1;0,324317075;0,206794696;-0,189207312;1;;;;;;;;;;;;;
584;0,476237265;0,156962972;-0,206271226;1;0,249894698;0,122580827;0,249473488;1;0,504079404;0,205575487;0,26019851;1;;;;;;;;;;;;;
585;0,898384131;0,168811201;0,497306885;1;0,02866804;0,125015834;-0,856659798;1;0,186443408;0,221340351;-0,533891479;1;;;;;;;;;;;;;
586;0,365885726;0,158740209;-0,390190456;1;0,424309241;0,124857025;1,121546204;1;0,631404414;0,208688385;0,578511034;1;;;;;;;;;;;;;
587;0,646114038;0,187710151;0,07685673;1;0,473664885;0,142108562;1,368324423;1;0,353873192;0,235644925;-0,115317021;1;;;;;;;;;;;;;
588;0,600490669;0,160335968;0,000817781;1;0,264676823;0,121601446;0,323384116;1;0,275826441;0,20273937;-0,310433898;1;;;;;;;;;;;;;
589;0,395819079;0,171308172;-0,340301534;1;0,068517898;0,133829807;-0,657410512;1;0,956646758;0,238201681;1,391616895;0;;;;;;;;;;;;;
590;0,566896296;0,157523179;-0,055172841;1;0,22447818;0,122791941;0,1223909;1;0,341962446;0,209623241;-0,145093886;1;;;;;;;;;;;;;
591;0,448823441;0,17071057;-0,251960932;1;0,357020821;0,133903532;0,785104103;1;0,470253302;0,228488727;0,175633254;1;;;;;;;;;;;;;
592;0,707150198;0,194625316;0,178583663;1;0,244089923;0,145680782;0,220449615;1;0,387744309;0,26445764;-0,030639227;1;;;;;;;;;;;;;
593;0,621821635;0,16060953;0,036369391;1;0,138493348;0,122286185;-0,307533258;1;0,492764264;0,220148373;0,23191066;1;;;;;;;;;;;;;
594;0,476944313;0,161141245;-0,205092812;1;0,235487378;0,12329844;0,177436891;1;0,397762616;0,205405965;-0,00559346;1;;;;;;;;;;;;;
595;0,967051142;0,182695662;0,611751904;0;0,060461121;0,134945629;-0,697694397;1;0,032629285;0,244055712;-0,918426787;1;;;;;;;;;;;;;
596;0,543897549;0,151712983;-0,093504086;1;0,257264801;0,119362739;0,286324006;1;0,551758588;0,204782232;0,37939647;1;;;;;;;;;;;;;
597;0,779802484;0,160839562;0,299670807;1;0,043255493;0,123896778;-0,783722535;1;0,064997495;0,218204858;-0,837506263;1;;;;;;;;;;;;;
598;0,797770795;0,163365832;0,329617992;1;0,21668532;0,124396442;0,083426602;1;-0,11983705;0,209478467;-1,299592625;0;;;;;;;;;;;;;
599;0,55089302;0,169023047;-0,081844967;1;0,173495952;0,140389325;-0,13252024;1;0,861935453;0,236017815;1,154838633;1;;;;;;;;;;;;;
600;0,64030928;0,183288214;0,067182133;1;0,161645557;0,140186442;-0,191772217;1;0,494378786;0,248667424;0,235946966;1;;;;;;;;;;;;;
601;0,61407883;0,167732548;0,023464716;1;0,276423334;0,132856334;0,38211667;1;0,723975188;0,215445184;0,809937971;1;;;;;;;;;;;;;
602;0,705583299;0,180096829;0,175972165;1;0,375831626;0,140432437;0,879158131;1;0,287651951;0,234401717;-0,280870122;1;;;;;;;;;;;;;
603;0,529561119;0,161785263;-0,117398134;1;0,16377203;0,124519482;-0,181139849;1;0,541377605;0,210908384;0,353444013;1;;;;;;;;;;;;;
604;0,250662336;0,139186484;-0,58222944;0;0,096080058;0,111891832;-0,519599708;1;0,768211472;0,181939278;0,92052868;0;;;;;;;;;;;;;
605;0,561813927;0,183570556;-0,063643454;1;0,046403438;0,134204033;-0,767982809;1;0,639716817;0,224041013;0,599292044;1;;;;;;;;;;;;;
606;0,229966023;0,151446441;-0,616723296;0;0,216146959;0,115648905;0,080734795;1;0,774955602;0,200004722;0,937389005;1;;;;;;;;;;;;;
607;0,860286954;0,176717407;0,43381159;1;0,137248546;0,136741865;-0,313757268;1;0,286214105;0,233517502;-0,284464738;1;;;;;;;;;;;;;
608;0,503805948;0,185758302;-0,160323419;1;0,27070362;0,132328812;0,353518099;1;0,544991051;0,247889809;0,362477627;1;;;;;;;;;;;;;
609;0,784520019;0,175844193;0,307533365;1;0,246436462;0,134477124;0,232182309;1;0,369854632;0,239773618;-0,07536342;1;;;;;;;;;;;;;
610;0,536612492;0,153572611;-0,105645847;1;0,239011516;0,119376027;0,195057582;1;0,474452426;0,200252709;0,186131066;1;;;;;;;;;;;;;
611;0,476525808;0,165647188;-0,205790321;1;0,473889936;0,129287626;1,369449681;0;0,596099203;0,222089372;0,490248008;1;;;;;;;;;;;;;
612;0,604565929;0,149402186;0,007609881;1;0,249668989;0,119552744;0,248344947;1;0,37419187;0,198876636;-0,064520325;1;;;;;;;;;;;;;
613;0,403447253;0,157497739;-0,327587911;1;0,233550337;0,122680836;0,167751683;1;0,597937002;0,209199969;0,494842505;1;;;;;;;;;;;;;
614;0,532000394;0,152084201;-0,113332677;1;0,233862166;0,113587239;0,169310828;1;0,195940113;0,203215266;-0,510149717;1;;;;;;;;;;;;;
615;0,577283623;0,160967189;-0,037860628;1;-0,127999643;0,122801784;-1,639998217;0;0,643872357;0,209131731;0,609680892;1;;;;;;;;;;;;;
616;0,459724518;0,159749731;-0,23379247;1;0,286964262;0,125241959;0,434821311;1;0,4701037;0,211863769;0,175259249;1;;;;;;;;;;;;;
617;0,78802824;0,169222309;0,313380399;1;0,339481589;0,12971164;0,697407944;1;0,017965285;0,219843568;-0,955086787;1;;;;;;;;;;;;;
618;0,703952121;0,192262243;0,173253535;1;0,203304385;0,144113433;0,016521923;1;0,494357108;0,259732973;0,23589277;1;;;;;;;;;;;;;
619;0,537788234;0,164247106;-0,103686277;1;0,365192578;0,128631551;0,825962891;1;0,394249155;0,217564198;-0,014377113;1;;;;;;;;;;;;;
620;0,695457686;0,175973037;0,159096143;1;0,273178774;0,12414764;0,365893872;1;0,004747665;0,222537744;-0,988130837;1;;;;;;;;;;;;;
621;0,584221052;0,157006521;-0,026298247;1;0,135154931;0,119706359;-0,324225344;1;0,486852724;0,201063628;0,21713181;1;;;;;;;;;;;;;
622;0,68139329;0,166521734;0,135655483;1;0,250811384;0,128412693;0,254056922;1;0,317715096;0,218885558;-0,205712259;1;;;;;;;;;;;;;
623;0,621937261;0,18484748;0,036562102;1;0,251321023;0,146347925;0,256605115;1;0,501323748;0,260007831;0,253309371;1;;;;;;;;;;;;;
624;0,477814579;0,154870866;-0,203642368;1;0,174522723;0,118074986;-0,127386387;1;0,538311599;0,21197822;0,345778998;1;;;;;;;;;;;;;
625;0,125339259;0,143285486;-0,791101235;0;-0,054047437;0,113093816;-1,270237185;0;1,014704925;0,197166907;1,536762313;0;;;;;;;;;;;;;
626;0,631266312;0,161725073;0,052110519;1;0,072849371;0,123412779;-0,635753146;1;0,413027247;0,210131446;0,032568116;1;;;;;;;;;;;;;
627;0,614464309;0,14938549;0,024107181;1;0,140732879;0,109861788;-0,296335606;1;0,088337678;0,197635814;-0,779155804;1;;;;;;;;;;;;;
628;0,619961079;0,159315792;0,033268466;1;0,124703971;0,126980164;-0,376480147;1;0,303720458;0,205927564;-0,240698854;1;;;;;;;;;;;;;
629;0,418294571;0,165087004;-0,302842381;1;0,218728117;0,125586029;0,093640584;1;0,470735072;0,209685416;0,176837679;1;;;;;;;;;;;;;
630;0,637850254;0,179395623;0,063083756;1;0,127936005;0,133247971;-0,360319976;1;0,362333236;0,227830824;-0,09416691;1;;;;;;;;;;;;;
631;0,655775724;0,188441615;0,09295954;1;0,170771966;0,139318432;-0,14614017;1;0,428969455;0,245370727;0,072423637;1;;;;;;;;;;;;;
632;0,721234877;0,170940607;0,202058129;1;0,304689549;0,13804479;0,523447745;1;0,209835657;0,239540106;-0,475410857;1;;;;;;;;;;;;;
633;0,788820626;0,177684652;0,314701044;1;0,236728263;0,134259937;0,183641313;1;0,06840897;0,229359196;-0,828977576;1;;;;;;;;;;;;;
634;0,602489551;0,162196154;0,004149252;1;0,27429728;0,118700956;0,371486398;1;0,09443167;0,218059926;-0,763920826;1;;;;;;;;;;;;;
635;0,677765656;0,166245451;0,129609427;1;0,240168977;0,123624314;0,200844885;1;0,285593875;0,222858682;-0,286015313;1;;;;;;;;;;;;;
636;0,486601783;0,16464994;-0,188997028;1;0,271297873;0,120007486;0,356489366;1;0,535315327;0,221644552;0,338288318;1;;;;;;;;;;;;;
637;0,48813234;0,154122447;-0,186446101;1;0,130474342;0,11950768;-0,347628289;1;0,475268991;0,194434742;0,188172478;1;;;;;;;;;;;;;
638;0,808985086;0,175198356;0,348308477;1;0,231147348;0,142067933;0,155736742;1;0,107525853;0,23907515;-0,731185366;1;;;;;;;;;;;;;
639;0,323171368;0,151518316;-0,461381053;1;0,346155432;0,119486457;0,730777158;1;0,441906646;0,208705199;0,104766616;1;;;;;;;;;;;;;
640;0,522330224;0,152154742;-0,129449627;1;0,156645198;0,115231556;-0,21677401;1;0,20939951;0,204936379;-0,476501225;1;;;;;;;;;;;;;
641;0,550582273;0,182239529;-0,082362879;1;0,362578063;0,141328618;0,812890317;1;0,606284686;0,242148939;0,515711716;1;;;;;;;;;;;;;
642;0,547203423;0,15785774;-0,087994296;1;0,107977565;0,121104335;-0,460112174;1;0,435198715;0,211250368;0,087996787;1;;;;;;;;;;;;;
643;0,495930604;0,157589706;-0,173448993;1;0,225486307;0,118212599;0,127431534;1;0,36206727;0,21690766;-0,094831825;1;;;;;;;;;;;;;
644;0,683874724;0,175483796;0,139791207;1;-0,003468849;0,129171502;-1,017344243;1;0,322623638;0,230696103;-0,193440904;1;;;;;;;;;;;;;
645;0,521160394;0,163541927;-0,131399343;1;0,452203628;0,128905889;1,261018141;1;0,440568904;0,223742299;0,10142226;1;;;;;;;;;;;;;
646;0,529649315;0,166323699;-0,117251141;1;0,096145835;0,123938315;-0,519270823;1;0,587706774;0,228489194;0,469266935;1;;;;;;;;;;;;;
647;0,707244541;0,177401029;0,178740902;1;0,210315127;0,140047715;0,051575633;1;0,460608066;0,222318174;0,151520166;1;;;;;;;;;;;;;
648;0,693019056;0,169242813;0,15503176;1;0,288021555;0,128161075;0,440107777;1;0,023977566;0,212639036;-0,940056085;1;;;;;;;;;;;;;
649;0,503359814;0,160436225;-0,161066976;1;0,519625815;0,122616251;1,598129076;0;0,279613103;0,202180479;-0,300967241;1;;;;;;;;;;;;;
650;0,622950352;0,166063702;0,038250587;1;0,336497909;0,12826253;0,682489546;1;0,282569617;0,222137825;-0,293575957;1;;;;;;;;;;;;;
651;0,706582891;0,174991361;0,177638152;1;0,134364911;0,138656363;-0,328175443;1;0,516634589;0,239543589;0,291586473;1;;;;;;;;;;;;;
652;0,86185141;0,176121309;0,436419016;1;0,112461901;0,129277285;-0,437690495;1;0,347046033;0,23085413;-0,132384918;1;;;;;;;;;;;;;
653;0,325948922;0,156660074;-0,456751796;1;0,314217703;0,120504375;0,571088516;1;0,62926014;0,206193684;0,57315035;1;;;;;;;;;;;;;
654;0,71079041;0,17075404;0,184650684;1;0,063717146;0,135446777;-0,681414271;1;0,14692346;0,240177545;-0,632691349;1;;;;;;;;;;;;;
655;0,751349876;0,164512908;0,252249793;1;0,042516155;0,122178248;-0,787419225;1;-0,140510543;0,212628759;-1,351276357;0;;;;;;;;;;;;;
656;0,753525073;0,163051103;0,255875122;1;0,097758594;0,121797831;-0,511207031;1;0,164965665;0,221182117;-0,587585837;1;;;;;;;;;;;;;
657;0,788735243;0,174818574;0,314558738;1;0,306605937;0,126644273;0,533029687;1;-0,101501715;0,213190101;-1,253754288;0;;;;;;;;;;;;;
658;0,839296629;0,171349117;0,398827715;1;0,209733458;0,133973774;0,048667289;1;-0,082328405;0,220267561;-1,205821014;0;;;;;;;;;;;;;
659;0,641192562;0,163239601;0,06865427;1;0,049649326;0,126022521;-0,751753371;1;0,381207959;0,211402427;-0,046980103;1;;;;;;;;;;;;;
660;0,644639154;0,159445636;0,074398589;1;0,176819965;0,122992149;-0,115900174;1;0,225820027;0,211384602;-0,435449932;1;;;;;;;;;;;;;
661;0,824460944;0,156886588;0,374101573;1;0,264807479;0,122934624;0,324037394;1;-0,056504114;0,21577871;-1,141260286;0;;;;;;;;;;;;;
662;0,771893512;0,169050141;0,286489186;1;0,0308397;0,130277146;-0,845801498;1;0,251267608;0,228692364;-0,37183098;1;;;;;;;;;;;;;
663;0,651832295;0,186204534;0,086387159;1;0,411891769;0,135711445;1,059458844;1;0,311662056;0,239648854;-0,220844859;1;;;;;;;;;;;;;
664;0,397033789;0,172692626;-0,338277018;1;0,187570865;0,126175995;-0,062145677;1;0,769340064;0,235861472;0,923350161;1;;;;;;;;;;;;;
665;0,741257657;0,161897143;0,235429428;1;0,132114727;0,127238287;-0,339426363;1;0,373719711;0,214684566;-0,065700723;1;;;;;;;;;;;;;
666;0,43403215;0,164739096;-0,276613083;1;0,057258746;0,119665353;-0,713706268;1;0,458601383;0,205654528;0,146503458;1;;;;;;;;;;;;;
667;0,562189025;0,155107609;-0,063018292;1;0,072454679;0,121705617;-0,637726607;1;0,400794877;0,215194086;0,001987192;1;;;;;;;;;;;;;
668;0,635258683;0,154612218;0,058764472;1;-0,131000237;0,119557958;-1,655001184;0;0,495119162;0,216000648;0,237797906;1;;;;;;;;;;;;;
669;0,861469932;0,188360551;0,43578322;1;0,144508669;0,142216258;-0,277456655;1;0,219301575;0,254798615;-0,451746063;1;;;;;;;;;;;;;
670;0,576103667;0,190714608;-0,039827221;1;0,21445825;0,138117725;0,072291251;1;0,250253677;0,251674186;-0,374365808;1;;;;;;;;;;;;;
671;0,709255096;0,158096469;0,182091826;1;0,248126179;0,123411907;0,240630897;1;0,190598531;0,204653046;-0,523503673;1;;;;;;;;;;;;;
672;0,438063451;0,165043891;-0,269894248;1;0,291204598;0,123049752;0,456022992;1;0,703625972;0,211382367;0,759064929;1;;;;;;;;;;;;;
673;0,854435259;0,207217169;0,424058765;1;0,353959509;0,151259445;0,769797544;1;0,174205001;0,269265856;-0,564487497;1;;;;;;;;;;;;;
674;1,022370178;0,199019534;0,703950296;0;0,153735929;0,149694037;-0,231320354;1;0,27092466;0,261823538;-0,32268835;1;;;;;;;;;;;;;
675;0,702344825;0,172757703;0,170574708;1;0,142699511;0,134083058;-0,286502445;1;0,463344108;0,222422906;0,15836027;1;;;;;;;;;;;;;
676;0,416916081;0,146551389;-0,305139865;1;0,334109322;0,117660892;0,670546612;1;0,376212835;0,191460842;-0,059467912;1;;;;;;;;;;;;;
677;0,443865181;0,169696974;-0,260224698;1;0,434236874;0,129133995;1,171184371;1;0,486784032;0,22839904;0,21696008;1;;;;;;;;;;;;;
678;0,655655942;0,180260162;0,092759903;1;0,251194759;0,135793023;0,255973793;1;0,498430765;0,237423998;0,246076912;1;;;;;;;;;;;;;
679;0,624247684;0,143789178;0,040412807;1;0,238127281;0,112278513;0,190636407;1;0,272835731;0,193081846;-0,317910672;1;;;;;;;;;;;;;
680;0,389520509;0,160434701;-0,350799152;1;0,276972699;0,123982692;0,384863495;1;0,705254198;0,226074396;0,763135494;1;;;;;;;;;;;;;
681;0,58147084;0,166598021;-0,030881934;1;0,11521098;0,131987925;-0,423945102;1;0,673630018;0,232895213;0,684075046;1;;;;;;;;;;;;;
682;0,745526085;0,164905788;0,242543475;1;0,173189586;0,13014216;-0,13405207;1;0,172567278;0,220535141;-0,568581806;1;;;;;;;;;;;;;
683;0,591924374;0,162790281;-0,013459377;1;0,083921063;0,124576383;-0,580394685;1;0,514571273;0,219603562;0,286428183;1;;;;;;;;;;;;;
684;0,608618679;0,16250074;0,014364465;1;0,285143737;0,124590617;0,425718686;1;0,031155089;0,200862939;-0,922112277;1;;;;;;;;;;;;;
685;0,519279505;0,164567461;-0,134534158;1;0,486931059;0,133778094;1,434655295;0;0,461383826;0,224947758;0,153459564;1;;;;;;;;;;;;;
686;0,464486854;0,154100398;-0,225855243;1;0,469912351;0,128680555;1,349561754;0;0,50249213;0,212058012;0,256230325;1;;;;;;;;;;;;;
687;0,698311184;0,175129565;0,163851974;1;0,269638835;0,135899246;0,348194177;1;0,04520351;0,223804566;-0,886991225;1;;;;;;;;;;;;;
688;0,630767704;0,161266843;0,051279507;1;0,1740214;0,12023529;-0,129893002;1;0,324159111;0,22269783;-0,189602222;1;;;;;;;;;;;;;
689;0,492918131;0,157220154;-0,178469782;1;0,151388576;0,12422567;-0,243057119;1;0,371720676;0,211951666;-0,070698309;1;;;;;;;;;;;;;
690;0,650457143;0,175568069;0,084095238;1;0,168378474;0,133742198;-0,158107631;1;0,499906191;0,230142274;0,249765477;1;;;;;;;;;;;;;
691;0,793714618;0,180898237;0,322857697;1;-0,049588767;0,139669808;-1,247943834;1;0,253514419;0,247185921;-0,366213953;1;;;;;;;;;;;;;
692;0,757518763;0,168347933;0,262531271;1;0,248130758;0,128717066;0,240653789;1;0,082641325;0,232457291;-0,793396688;1;;;;;;;;;;;;;
693;0,333556059;0,156936549;-0,444073235;1;0,299679445;0,120335565;0,498397224;1;0,529046173;0,193578675;0,322615432;1;;;;;;;;;;;;;
694;0,618936801;0,1687068;0,031561334;1;0,142831523;0,128909064;-0,285842387;1;0,265592792;0,223162396;-0,33601802;1;;;;;;;;;;;;;
695;0,381880078;0,156572562;-0,363533204;1;0,377938798;0,121716454;0,889693989;1;0,745145445;0,198778973;0,862863612;1;;;;;;;;;;;;;
696;0,766102525;0,176765109;0,276837541;1;0,266742246;0,136579343;0,333711232;1;0,332484312;0,237121776;-0,168789221;1;;;;;;;;;;;;;
697;0,548961757;0,17235523;-0,085063739;1;0,192589938;0,132443009;-0,037050312;1;0,746729069;0,22892909;0,866822673;1;;;;;;;;;;;;;
698;0,349310981;0,155925783;-0,417815032;1;0,11813893;0,119107103;-0,409305352;1;0,749518621;0,216046567;0,873796553;1;;;;;;;;;;;;;
699;0,534626997;0,155358739;-0,108955005;1;0,035668864;0,11857654;-0,821655678;1;0,456437564;0,195121614;0,14109391;1;;;;;;;;;;;;;
700;0,521486391;0,173181377;-0,130856014;1;0,123626884;0,131317581;-0,381865582;1;0,610501215;0,219416159;0,526253038;1;;;;;;;;;;;;;
701;0,540427689;0,185482982;-0,099287186;1;0,26601536;0,14342563;0,330076802;1;0,689354741;0,235698247;0,723386853;1;;;;;;;;;;;;;
702;0,799908935;0,158372117;0,333181558;1;0,043174474;0,125528781;-0,784127632;1;0,324412642;0,211683717;-0,188968395;1;;;;;;;;;;;;;
703;0,565325723;0,151591422;-0,057790462;1;0,215423635;0,117648234;0,077118173;1;0,088186753;0,195134172;-0,779533118;1;;;;;;;;;;;;;
704;0,817496309;0,159025138;0,362493849;1;0,231426409;0,127652638;0,157132047;1;0,118490404;0,211130154;-0,703773991;1;;;;;;;;;;;;;
705;0,485961302;0,181006172;-0,190064497;1;0,19824657;0,14040295;-0,008767152;1;0,691183582;0,224966293;0,727958955;1;;;;;;;;;;;;;
706;0,972256939;0,164471617;0,620428232;0;0,060639236;0,128963699;-0,696803818;1;-0,002250288;0,215936081;-1,00562572;1;;;;;;;;;;;;;
707;0,867107673;0,174312798;0,445179455;1;0,134999389;0,130301152;-0,325003054;1;0,391914284;0,227649166;-0,02021429;1;;;;;;;;;;;;;
708;0,666442716;0,159266784;0,11073786;1;0,028369324;0,121098223;-0,858153381;1;0,421607753;0,213575185;0,054019382;1;;;;;;;;;;;;;
709;0,830216879;0,181458006;0,383694798;1;0,148144733;0,143125188;-0,259276337;1;0,095623629;0,24330533;-0,760940929;1;;;;;;;;;;;;;
710;0,608164704;0,152973485;0,01360784;1;0,280540273;0,121668704;0,402701363;1;0,204298845;0,211372939;-0,489252886;1;;;;;;;;;;;;;
711;0,565617348;0,161008627;-0,05730442;1;0,224946301;0,12725157;0,124731505;1;0,416431861;0,215392472;0,041079652;1;;;;;;;;;;;;;
712;0,864446611;0,178003765;0,440744352;1;0,153313253;0,134611891;-0,233433735;1;0,15454594;0,225114787;-0,613635151;1;;;;;;;;;;;;;
713;0,603138567;0,161648699;0,005230945;1;0,150592455;0,125386796;-0,247037723;1;0,288315665;0,221526439;-0,279210838;1;;;;;;;;;;;;;
714;0,637413877;0,157065105;0,062356462;1;0,193646495;0,116306205;-0,031767526;1;-0,125000046;0,209960594;-1,312500115;0;;;;;;;;;;;;;
715;0,663217425;0,17325271;0,105362375;1;0,322007919;0,132234796;0,610039594;1;0,473617482;0,220260035;0,184043706;1;;;;;;;;;;;;;
716;0,802779865;0,17214755;0,337966442;1;0,096363285;0,138527836;-0,518183575;1;0,399389991;0,222628248;-0,001525023;1;;;;;;;;;;;;;
717;0,532425602;0,159059856;-0,112623997;1;0,392611665;0,124259573;0,963058324;1;0,384358089;0,207883379;-0,039104777;1;;;;;;;;;;;;;
718;0,546650778;0,151150195;-0,08891537;1;0,374575462;0,125346189;0,872877311;1;0,229356266;0,198928837;-0,426609336;1;;;;;;;;;;;;;
719;0,602273587;0,173556939;0,003789311;1;0,431109082;0,136058576;1,155545408;1;0,287341592;0,226468382;-0,28164602;1;;;;;;;;;;;;;
720;0,495101462;0,16416375;-0,174830897;1;0,402263589;0,130422129;1,011317947;1;0,529858099;0,215238434;0,324645249;1;;;;;;;;;;;;;
721;0,593675014;0,163867036;-0,010541644;1;-0,032600481;0,128671032;-1,163002405;1;0,571315012;0,224056649;0,428287529;1;;;;;;;;;;;;;
722;0,665671814;0,168258219;0,109453023;1;0,171478888;0,124478246;-0,142605561;1;0,320013574;0,218120885;-0,199966065;1;;;;;;;;;;;;;
723;0,624480279;0,144495105;0,040800465;1;0,154175916;0,109084913;-0,229120422;1;0,039775163;0,18746277;-0,900562091;1;;;;;;;;;;;;;
724;0,542512267;0,173993843;-0,095812889;1;0,345528194;0,129456443;0,727640972;1;0,264818866;0,238647602;-0,337952834;1;;;;;;;;;;;;;
725;0,58982695;0,168327817;-0,016955083;1;0,357227871;0,132254642;0,786139357;1;0,497067673;0,224312512;0,242669182;1;;;;;;;;;;;;;
726;0,461025785;0,152927864;-0,231623691;1;0,325971093;0,117323387;0,629855463;1;0,429840634;0,198258383;0,074601586;1;;;;;;;;;;;;;
727;0,55534152;0,15124944;-0,074430799;1;0,214120379;0,119088712;0,070601897;1;0,456504926;0,19704184;0,141262315;1;;;;;;;;;;;;;
728;0,299423262;0,155444425;-0,50096123;1;0,226493017;0,12222618;0,132465087;1;0,739612663;0,205374765;0,849031657;1;;;;;;;;;;;;;
729;0,3049018;0,157729223;-0,491830334;1;0,421626721;0,12160397;1,108133606;1;0,401771876;0,206646367;0,00442969;1;;;;;;;;;;;;;
730;0,371805146;0,154529213;-0,380324757;1;0,086524836;0,114478357;-0,567375818;1;0,442173629;0,195588109;0,105434071;1;;;;;;;;;;;;;
731;0,451987047;0,141243663;-0,246688255;1;0,309003904;0,116533386;0,545019521;1;0,471533935;0,186261161;0,178834838;1;;;;;;;;;;;;;
732;0,30583855;0,156907738;-0,490269083;1;0,315447124;0,122982677;0,577235621;1;0,748511755;0,206950519;0,871279388;1;;;;;;;;;;;;;
733;0,722449984;0,164402307;0,204083307;1;0,191235844;0,12456363;-0,04382078;1;0,131424609;0,229068817;-0,671438477;1;;;;;;;;;;;;;
734;0,907233223;0,169539642;0,512055371;1;0,057155876;0,126128476;-0,714220622;1;0,089748424;0,202587655;-0,775628939;1;;;;;;;;;;;;;
735;0,896875399;0,180366723;0,494792331;1;0,132834422;0,140464583;-0,335827888;1;0,306407738;0,25576434;-0,233980656;1;;;;;;;;;;;;;
736;0,269560569;0,151821573;-0,550732385;0;0,243867979;0,117625738;0,219339897;1;0,69578766;0,207392651;0,73946915;1;;;;;;;;;;;;;
737;0,516649134;0,174405284;-0,13891811;1;0,182825901;0,13767117;-0,085870496;1;0,552614614;0,24610677;0,381536534;1;;;;;;;;;;;;;
738;0,390748573;0,151256845;-0,348752378;1;0,246296004;0,120708891;0,231480019;1;0,595440765;0,20269616;0,488601912;1;;;;;;;;;;;;;
739;0,961071838;0,191714789;0,601786397;1;0,286955617;0,143238406;0,434778083;1;0,113221041;0,257044106;-0,716947398;1;;;;;;;;;;;;;
740;0,389611206;0,166611733;-0,350647991;1;0,325189158;0,124889667;0,625945791;1;0,597285161;0,219126401;0,493212903;1;;;;;;;;;;;;;
741;0,516775744;0,161245213;-0,138707094;1;0,130886355;0,131556901;-0,345568226;1;0,579390874;0,222620107;0,448477185;1;;;;;;;;;;;;;
742;0,334515113;0,14615738;-0,442474811;1;0,369463962;0,115082629;0,847319809;1;0,569008414;0,192996043;0,422521036;1;;;;;;;;;;;;;
743;0,768404878;0,185735783;0,280674796;1;0,224451717;0,140910239;0,122258583;1;0,238624411;0,246826048;-0,403438972;1;;;;;;;;;;;;;
744;0,491878366;0,158594746;-0,180202724;1;-0,045465829;0,123643647;-1,227329143;0;0,564039019;0,209566965;0,410097547;1;;;;;;;;;;;;;
745;0,477944403;0,155663654;-0,203425996;1;0,212123979;0,125090277;0,060619896;1;0,508655689;0,208857612;0,271639223;1;;;;;;;;;;;;;
746;0,415742049;0,162002237;-0,307096585;1;0,294194208;0,126869435;0,470971039;1;0,542365843;0,214668715;0,355914608;1;;;;;;;;;;;;;
747;0,559412255;0,154725198;-0,067646241;1;0,166295433;0,113207763;-0,168522834;1;0,195485901;0,210260539;-0,511285249;1;;;;;;;;;;;;;
748;0,664265113;0,159007903;0,107108522;1;0,179062011;0,129140445;-0,104689946;1;0,303257043;0,224473282;-0,241857393;1;;;;;;;;;;;;;
749;0,84942881;0,163998839;0,415714684;1;0,276331975;0,132261111;0,381659876;1;0,042423498;0,22313354;-0,893941256;1;;;;;;;;;;;;;
750;0,470586374;0,159961041;-0,215689377;1;0,257808294;0,125135228;0,28904147;1;0,513321339;0,21536748;0,283303348;1;;;;;;;;;;;;;
751;0,633666805;0,166607785;0,056111341;1;0,237565272;0,12564431;0,187826358;1;0,450994683;0,233638853;0,127486708;1;;;;;;;;;;;;;
752;0,609209891;0,16209992;0,015349818;1;0,262480181;0,126694316;0,312400907;1;0,399992164;0,215865697;-1,96E-05;1;;;;;;;;;;;;;
753;0,716320449;0,162389814;0,193867415;1;0,113847364;0,125423546;-0,430763181;1;0,437958192;0,220795492;0,094895481;1;;;;;;;;;;;;;
754;0,846171705;0,182880245;0,410286175;1;0,203130435;0,143648439;0,015652175;1;0,215486952;0,235201482;-0,46128262;1;;;;;;;;;;;;;
755;0,735123794;0,168174221;0,225206324;1;0,459502378;0,133839151;1,297511888;1;0,132290778;0,219565601;-0,669273056;1;;;;;;;;;;;;;
756;0,466248956;0,154668105;-0,222918407;1;0,26534781;0,125509336;0,326739048;1;0,510539823;0,213742653;0,276349559;1;;;;;;;;;;;;;
757;0,865713301;0,18548941;0,442855502;1;0,235636401;0,141042751;0,178182007;1;0,149779994;0,232481225;-0,625550016;1;;;;;;;;;;;;;
758;0,523588655;0,153832537;-0,127352242;1;0,13643954;0,119454252;-0,317802298;1;0,502431385;0,207968319;0,256078464;1;;;;;;;;;;;;;
759;0,469596162;0,155670451;-0,217339729;1;0,116524067;0,124228311;-0,417379664;1;0,490156891;0,207125326;0,225392229;1;;;;;;;;;;;;;
760;0,881022163;0,175323124;0,468370271;1;0,166822954;0,133957333;-0,165885228;1;0,147181595;0,23861036;-0,632046013;1;;;;;;;;;;;;;
761;0,709948074;0,158364974;0,18324679;1;0,174885041;0,122880381;-0,125574794;1;0,272223358;0,217026635;-0,319441606;1;;;;;;;;;;;;;
762;0,652724892;0,164185481;0,087874819;1;-0,033569911;0,123625534;-1,167849553;1;0,612520202;0,223247698;0,531300506;1;;;;;;;;;;;;;
763;0,616029844;0,171055502;0,026716406;1;0,160060516;0,126242416;-0,19969742;1;0,414860363;0,230520974;0,037150908;1;;;;;;;;;;;;;
764;0,678934637;0,182123648;0,131557728;1;0,140877572;0,138691012;-0,29561214;1;0,341476831;0,233260601;-0,146307923;1;;;;;;;;;;;;;
765;0,142953797;0,139144291;-0,761743671;0;0,153128943;0,10576597;-0,234355285;1;0,886112806;0,186173668;1,215282015;0;;;;;;;;;;;;;
766;0,764052922;0,166637324;0,273421536;1;0,071100411;0,126257472;-0,644497946;1;0,323907099;0,219742522;-0,190232254;1;;;;;;;;;;;;;
767;0,429644691;0,154431819;-0,283925515;1;0,227281593;0,124707324;0,136407966;1;0,559338162;0,196293163;0,398345405;1;;;;;;;;;;;;;
768;0,690960234;0,185466455;0,151600389;1;-0,004064759;0,132765644;-1,020323794;1;0,362553617;0,248807951;-0,093615957;1;;;;;;;;;;;;;
769;0,452488935;0,170941258;-0,245851774;1;0,181862783;0,133566028;-0,090686083;1;0,708039665;0,233691932;0,770099162;1;;;;;;;;;;;;;
770;0,600957933;0,171624494;0,001596555;1;0,219759331;0,133187202;0,098796657;1;0,417615628;0,231593268;0,044039069;1;;;;;;;;;;;;;
771;0,298823108;0,150649097;-0,501961487;0;-0,035145982;0,116988745;-1,175729908;0;0,982927509;0,214122931;1,457318773;0;;;;;;;;;;;;;
772;0,66860302;0,156502867;0,114338367;1;0,117803608;0,113392864;-0,41098196;1;0,099299904;0,191313793;-0,75175024;1;;;;;;;;;;;;;
773;0,562936751;0,169426672;-0,061772082;1;0,065032818;0,124608403;-0,674835912;1;0,116760735;0,206657196;-0,708098164;1;;;;;;;;;;;;;
774;0,60290253;0,152343748;0,00483755;1;0,459558171;0,116842365;1,297790856;0;-0,005240121;0,194948997;-1,013100304;0;;;;;;;;;;;;;
775;0,59935462;0,179129539;-0,001075634;1;0,299259118;0,136007468;0,496295592;1;0,623583386;0,234178618;0,558958465;1;;;;;;;;;;;;;
776;0,708011605;0,172245283;0,180019341;1;0,181015155;0,13019895;-0,094924223;1;0,19313806;0,234007643;-0,51715485;1;;;;;;;;;;;;;
777;0,551787944;0,153171618;-0,080353427;1;0,141780342;0,122961181;-0,291098288;1;0,752904189;0,20314996;0,882260472;1;;;;;;;;;;;;;
778;0,463128964;0,173597861;-0,228118393;1;0,046551452;0,126387674;-0,767242742;1;0,530310144;0,228467919;0,32577536;1;;;;;;;;;;;;;
779;0,523378956;0,157253008;-0,127701739;1;0,11676581;0,119673027;-0,416170949;1;0,37496315;0,202324353;-0,062592125;1;;;;;;;;;;;;;
780;0,744109714;0,178805275;0,240182856;1;0,244747424;0,139228433;0,223737118;1;0,179293421;0,230584547;-0,551766446;1;;;;;;;;;;;;;
781;0,623613539;0,154262901;0,039355899;1;0,202095902;0,119920843;0,01047951;1;0,320437518;0,199106465;-0,198906204;1;;;;;;;;;;;;;
782;0,726328278;0,180535581;0,21054713;1;0,124966873;0,138256052;-0,375165635;1;0,452646842;0,235384643;0,131617105;1;;;;;;;;;;;;;
783;0,748965132;0,169220468;0,24827522;1;0,186432263;0,137820053;-0,067838683;1;0,209445937;0,226805378;-0,476385156;1;;;;;;;;;;;;;
784;0,817852209;0,174916695;0,363087015;1;0,253425784;0,138380017;0,26712892;1;0,017549756;0,23213983;-0,95612561;1;;;;;;;;;;;;;
785;0,584960818;0,171813041;-0,025065304;1;0,355816197;0,129264385;0,779080983;1;0,321562666;0,228832768;-0,196093336;1;;;;;;;;;;;;;
786;0,510106864;0,162146764;-0,149821893;1;0,205359696;0,127103952;0,026798479;1;0,345132456;0,210268006;-0,137168861;1;;;;;;;;;;;;;
787;0,598115161;0,162842312;-0,003141398;1;0,202826357;0,119182026;0,014131787;1;0,362827214;0,220141432;-0,092931966;1;;;;;;;;;;;;;
788;0,625889999;0,185858617;0,043149998;1;0,188349921;0,14149333;-0,058250396;1;0,340335356;0,234761492;-0,149161609;1;;;;;;;;;;;;;
789;0,376937172;0,154558647;-0,371771379;1;0,160982087;0,122790311;-0,195089567;1;0,632843252;0,200955005;0,582108129;1;;;;;;;;;;;;;
790;0,327166422;0,165830852;-0,454722631;1;0,350429593;0,126834187;0,752147963;1;0,803325224;0,222747323;1,008313061;1;;;;;;;;;;;;;
791;0,773743562;0,179562641;0,289572604;1;0,152186212;0,134960875;-0,239068938;1;0,265386117;0,229336727;-0,336534707;1;;;;;;;;;;;;;
792;0,693490222;0,183583426;0,155817037;1;0,333069945;0,141248282;0,665349723;1;0,47916233;0,25695637;0,197905826;1;;;;;;;;;;;;;
793;0,778929159;0,188585062;0,298215265;1;0,192019421;0,138027261;-0,039902895;1;0,439939624;0,241634456;0,09984906;1;;;;;;;;;;;;;
794;0,602099781;0,166706381;0,003499635;1;0,019650958;0,126849381;-0,901745212;1;0,409848812;0,220761193;0,02462203;1;;;;;;;;;;;;;
795;0,62761433;0,164388038;0,046023883;1;0,222933328;0,127237796;0,114666642;1;0,097740606;0,221929355;-0,755648484;1;;;;;;;;;;;;;
796;0,473756629;0,16888418;-0,210405619;1;0,153062838;0,125993492;-0,234685809;1;0,445763851;0,229362614;0,114409627;1;;;;;;;;;;;;;
797;1,181315082;0,182633637;0,96885847;0;-0,099180286;0,136281205;-1,495901432;0;0,049113149;0,245992716;-0,877217126;1;;;;;;;;;;;;;
798;0,532308725;0,159549429;-0,112818792;1;0,288491058;0,124196583;0,44245529;1;0,233991232;0,206193827;-0,415021921;1;;;;;;;;;;;;;
799;0,577542894;0,152834682;-0,03742851;1;0,112429231;0,121025615;-0,437853847;1;0,44235251;0,203737769;0,105881275;1;;;;;;;;;;;;;
800;0,743920612;0,161360326;0,239867686;1;0,362420834;0,127020373;0,812104171;1;-0,029373063;0,223452509;-1,073432657;1;;;;;;;;;;;;;
801;0,84415199;0,180210934;0,406919983;1;0,13228542;0,136871963;-0,338572898;1;0,212747333;0,24280595;-0,468131667;1;;;;;;;;;;;;;
802;0,49587248;0,171600379;-0,173545867;1;0,182743591;0,141916723;-0,086282045;1;0,660808104;0,23288297;0,65202026;1;;;;;;;;;;;;;
803;0,415730441;0,166141902;-0,307115932;1;0,289469808;0,130249759;0,44734904;1;0,573941109;0,221663667;0,434852774;1;;;;;;;;;;;;;
804;0,906749156;0,190316819;0,511248594;1;0,376370239;0,149426212;0,881851193;1;0,174786138;0,248156828;-0,563034656;1;;;;;;;;;;;;;
805;0,531761799;0,173841043;-0,113730334;1;0,26951084;0,131611998;0,347554198;1;0,529866663;0,228016106;0,324666657;1;;;;;;;;;;;;;
806;0,922747306;0,191051316;0,537912177;1;0,148384397;0,138665966;-0,258078013;1;-0,008541103;0,262374023;-1,021352757;1;;;;;;;;;;;;;
807;0,571137013;0,17524059;-0,048104978;1;0,218600674;0,134979692;0,093003369;1;0,557314506;0,244298136;0,393286265;1;;;;;;;;;;;;;
808;0,497321944;0,15635397;-0,171130094;1;0,228359816;0,119844616;0,141799078;1;0,406249495;0,210578819;0,015623738;1;;;;;;;;;;;;;
809;0,46814944;0,150296887;-0,219750934;1;0,317852016;0,120202866;0,589260082;1;0,249963242;0,194624402;-0,375091896;1;;;;;;;;;;;;;
810;0,677172223;0,168028348;0,128620372;1;0,130997572;0,123711346;-0,345012142;1;0,134509161;0,216572925;-0,663727098;1;;;;;;;;;;;;;
811;0,553443134;0,157091714;-0,077594777;1;0,327257028;0,124623675;0,63628514;1;0,376490739;0,212265992;-0,058773153;1;;;;;;;;;;;;;
812;0,456498562;0,154278249;-0,239169064;1;0,312018263;0,123304224;0,560091317;1;0,55605576;0,204927663;0,390139401;1;;;;;;;;;;;;;
813;0,798819127;0,164534396;0,331365212;1;0,184508784;0,126997068;-0,077456081;1;0,189440301;0,218796221;-0,526399248;1;;;;;;;;;;;;;
814;0,449455857;0,154746865;-0,250906905;1;0,071656874;0,116622366;-0,641715629;1;0,482081152;0,203682049;0,20520288;1;;;;;;;;;;;;;
815;0,548904653;0,175406543;-0,085158912;1;0,339392342;0,139306422;0,69696171;1;0,482357471;0,233976137;0,205893678;1;;;;;;;;;;;;;
816;0,759702105;0,166720815;0,266170175;1;0,200833127;0,13012755;0,004165636;1;0,378050017;0,228993596;-0,054874958;1;;;;;;;;;;;;;
817;0,814550959;0,180323824;0,357584932;1;0,357486653;0,135915004;0,787433264;1;0,211855235;0,2457728;-0,470361912;1;;;;;;;;;;;;;
818;0,915078398;0,177602243;0,525130663;1;0,064027097;0,134472463;-0,679864517;1;0,14770372;0,245302247;-0,630740699;1;;;;;;;;;;;;;
819;0,630814504;0,173543275;0,051357507;1;0,161660464;0,134748372;-0,191697678;1;0,400021444;0,236934538;5,36E-05;1;;;;;;;;;;;;;
820;0,453958234;0,173326413;-0,243402943;1;0,418605715;0,131427184;1,093028574;1;0,512844337;0,233956585;0,282110843;1;;;;;;;;;;;;;
821;0,585691923;0,168955125;-0,023846795;1;0,337247839;0,13251622;0,686239197;1;0,373575582;0,215259498;-0,066061046;1;;;;;;;;;;;;;
822;0,610353892;0,153222239;0,017256487;1;0,098746387;0,117471868;-0,506268064;1;0,404978844;0,202791698;0,01244711;1;;;;;;;;;;;;;
823;0,738718064;0,189077058;0,231196773;1;0,09398334;0,139450203;-0,530083298;1;0,423025047;0,249754072;0,057562617;1;;;;;;;;;;;;;
824;0,660243787;0,168859648;0,100406311;1;0,310294998;0,13595425;0,551474988;1;0,072764197;0,22573942;-0,818089507;1;;;;;;;;;;;;;
825;0,442430052;0,151734055;-0,26261658;1;0,222051252;0,119027204;0,110256259;1;0,426230942;0,202188668;0,065577355;1;;;;;;;;;;;;;
826;0,745563568;0,170466591;0,242605947;1;0,240667684;0,137077152;0,203338422;1;0,247460539;0,237756866;-0,381348652;1;;;;;;;;;;;;;
827;0,741716403;0,174194511;0,236194005;1;0,161297069;0,13260636;-0,193514656;1;0,233273866;0,225070331;-0,416815335;1;;;;;;;;;;;;;
828;0,387762368;0,170551301;-0,353729386;1;0,378852151;0,129506737;0,894260754;1;0,670018182;0,23108056;0,675045456;1;;;;;;;;;;;;;
829;0,528694066;0,162494598;-0,118843223;1;0,279031559;0,126882716;0,395157793;1;0,528385258;0,210728555;0,320963145;1;;;;;;;;;;;;;
830;0,807903648;0,172996073;0,34650608;1;0,087139498;0,128292704;-0,56430251;1;0,29492094;0,229650098;-0,26269765;1;;;;;;;;;;;;;
831;0,374128647;0,17450674;-0,376452256;1;0,264898195;0,128403442;0,324490974;1;0,656197368;0,235286308;0,64049342;1;;;;;;;;;;;;;
832;0,650343091;0,1615004;0,083905152;1;0,300161623;0,132322733;0,500808114;1;0,223914141;0,220463007;-0,440214649;1;;;;;;;;;;;;;
833;0,870708619;0,175951511;0,451181032;1;0,056181966;0,128517065;-0,719090171;1;0,163747558;0,241934572;-0,590631104;1;;;;;;;;;;;;;
834;0,638494332;0,159285594;0,064157219;1;0,257776042;0,124373155;0,28888021;1;0,113800728;0,211908903;-0,715498179;1;;;;;;;;;;;;;
835;0,522155844;0,159616204;-0,12974026;1;0,205939167;0,126711927;0,029695834;1;0,444394438;0,211508316;0,110986096;1;;;;;;;;;;;;;
836;0,576535115;0,159432428;-0,039108141;1;0,217818804;0,123301339;0,089094018;1;0,244265312;0,207686329;-0,389336719;1;;;;;;;;;;;;;
837;0,512554892;0,165304101;-0,145741847;1;0,223567269;0,125236391;0,117836346;1;0,270587238;0,217273069;-0,323531905;1;;;;;;;;;;;;;
838;0,786743016;0,166808011;0,311238361;1;0,018909006;0,135528478;-0,905454972;1;0,318197744;0,241536806;-0,20450564;1;;;;;;;;;;;;;
839;0,908053406;0,183518572;0,513422343;1;0,088453243;0,144431411;-0,557733786;1;0,18580463;0,23918031;-0,535488426;1;;;;;;;;;;;;;
840;0,746539651;0,170783737;0,244232752;1;0,300297837;0,139381033;0,501489187;1;0,18317156;0,2232969;-0,542071099;1;;;;;;;;;;;;;
841;0,383459535;0,162287903;-0,360900775;1;0,037362122;0,124517617;-0,813189389;1;0,789655809;0,211641015;0,974139522;1;;;;;;;;;;;;;
842;0,311876385;0,162932997;-0,480206025;1;0,14373176;0,123374287;-0,281341202;1;0,80217174;0,214017052;1,00542935;1;;;;;;;;;;;;;
843;0,948183912;0,165116814;0,58030652;0;0,278341919;0,132624084;0,391709595;1;-0,191947667;0,216165687;-1,479869169;0;;;;;;;;;;;;;
844;0,711945717;0,178962929;0,186576196;1;0,097415385;0,132540603;-0,512923075;1;0,221728288;0,234193557;-0,445679279;1;;;;;;;;;;;;;
845;0,311208301;0,145026156;-0,481319499;0;-0,008765255;0,11062973;-1,043826273;1;0,567931785;0,188321211;0,419829463;1;;;;;;;;;;;;;
846;0,550720552;0,173548188;-0,082132413;1;0,142194817;0,134771058;-0,289025914;1;0,763535527;0,222953462;0,908838817;1;;;;;;;;;;;;;
847;0,482238173;0,189568885;-0,196269712;1;0,304426542;0,148389649;0,522132711;1;0,776785609;0,251804698;0,941964023;1;;;;;;;;;;;;;
848;0,659414877;0,173631601;0,099024795;1;0,029259232;0,126845986;-0,853703842;1;0,288280748;0,226658921;-0,27929813;1;;;;;;;;;;;;;
849;0,541823068;0,156605094;-0,096961553;1;0,317382314;0,119044066;0,58691157;1;0,27996877;0,197838714;-0,300078075;1;;;;;;;;;;;;;
850;0,57094381;0,168413854;-0,048426983;1;0,092990103;0,12401709;-0,535049486;1;0,229535658;0,219413239;-0,426160855;1;;;;;;;;;;;;;
851;0,820340228;0,162905163;0,367233714;1;0,276613164;0,127203807;0,383065819;1;0,12894258;0,202869506;-0,677643549;1;;;;;;;;;;;;;
852;0,419478318;0,167662954;-0,30086947;1;0,405686512;0,131126851;1,028432558;1;0,39644486;0,228080988;-0,00888785;1;;;;;;;;;;;;;
853;0,68062687;0,167829024;0,134378116;1;0,300744882;0,130473704;0,503724408;1;0,171947595;0,222105306;-0,570131012;1;;;;;;;;;;;;;
854;0,593939454;0,164258611;-0,010100909;1;0,04806287;0,123394736;-0,759685651;1;0,544797041;0,221976232;0,361992602;1;;;;;;;;;;;;;
855;0,66027956;0,166140717;0,100465933;1;0,01757197;0,122813612;-0,912140151;1;0,296827054;0,214595691;-0,257932364;1;;;;;;;;;;;;;
856;0,836410155;0,157530007;0,394016925;1;-0,03042412;0,129614127;-1,152120599;1;0,143671066;0,226490525;-0,640822335;1;;;;;;;;;;;;;
857;0,501103379;0,177814461;-0,164827701;1;0,2360641;0,136864374;0,180320499;1;0,620552862;0,237138991;0,551382156;1;;;;;;;;;;;;;
858;0,703585816;0,156983962;0,172643026;1;0,259655327;0,126950711;0,298276637;1;0,265329536;0,219203713;-0,336676161;1;;;;;;;;;;;;;
859;0,099362698;0,146069715;-0,834395503;0;0,089684025;0,115689591;-0,551579873;1;0,988791969;0,205500565;1,471979923;0;;;;;;;;;;;;;
860;0,503340959;0,161513917;-0,161098402;1;0,20642548;0,122052066;0,032127402;1;0,414648426;0,209670525;0,036621064;1;;;;;;;;;;;;;
861;0,372920005;0,144353165;-0,378466658;1;0,16230481;0,12034587;-0,188475949;1;0,783455512;0,19691125;0,958638781;1;;;;;;;;;;;;;
862;0,457238654;0,164689449;-0,237935576;1;0,262159273;0,133132305;0,310796367;1;0,626425955;0,21917264;0,566064888;1;;;;;;;;;;;;;
863;0,535344656;0,161900592;-0,107758906;1;0,19734703;0,121861852;-0,013264848;1;0,404916469;0,216852575;0,012291172;1;;;;;;;;;;;;;
864;0,504916484;0,151725108;-0,158472527;1;0,050910877;0,115425554;-0,745445615;1;0,655685122;0,207090949;0,639212804;1;;;;;;;;;;;;;
865;0,19304143;0,16264769;-0,678264283;0;0,372935284;0,124346856;0,86467642;1;1,071700503;0,231324837;1,679251257;0;;;;;;;;;;;;;
866;0,514947591;0,159660474;-0,141754015;1;0,283586566;0,119898322;0,41793283;1;0,318893418;0,2083027;-0,202766454;1;;;;;;;;;;;;;
867;0,623819223;0,169744758;0,039698705;1;0,287186346;0,134671394;0,43593173;1;0,415171396;0,223938176;0,03792849;1;;;;;;;;;;;;;
868;0,665735619;0,160486453;0,109559366;1;0,041941506;0,122750093;-0,790292469;1;0,415735718;0,215182231;0,039339295;1;;;;;;;;;;;;;
869;0,719495667;0,174134935;0,199159445;1;0,141358613;0,134574907;-0,293206934;1;0,386398833;0,248558682;-0,034002918;1;;;;;;;;;;;;;
870;0,355424402;0,154757159;-0,407625997;1;0,129255351;0,124146019;-0,353723246;1;0,908553292;0,214769693;1,271383231;0;;;;;;;;;;;;;
871;0,533882233;0,183010819;-0,110196279;1;0,412145651;0,142048109;1,060728255;1;0,304705776;0,242465301;-0,23823556;1;;;;;;;;;;;;;
872;0,626432415;0,148705484;0,044054025;1;0,115128619;0,121317856;-0,424356903;1;0,237464198;0,205242742;-0,406339506;1;;;;;;;;;;;;;
873;0,598196759;0,161781932;-0,003005402;1;0,076552065;0,124261388;-0,617239676;1;0,465227389;0,20818728;0,163068471;1;;;;;;;;;;;;;
874;0,461595975;0,161390118;-0,230673374;1;0,285523831;0,130319385;0,427619153;1;0,517615927;0,214688404;0,294039818;1;;;;;;;;;;;;;
875;0,732201379;0,171772599;0,220335631;1;0,328936747;0,132147242;0,644683733;1;0,11641369;0,223924124;-0,708965775;1;;;;;;;;;;;;;
876;0,489098616;0,151257041;-0,18483564;1;0,234532458;0,120624548;0,172662289;1;0,484767239;0,199718401;0,211918097;1;;;;;;;;;;;;;
877;0,700824119;0,174385595;0,168040199;1;0,071741202;0,131721083;-0,641293989;1;0,328850224;0,223035426;-0,177874439;1;;;;;;;;;;;;;
878;0,176147517;0,155547575;-0,706420805;0;0,33136437;0,117938086;0,656821852;1;0,779725588;0,218126088;0,94931397;1;;;;;;;;;;;;;
879;0,767187941;0,177458474;0,278646568;1;0,239051038;0,126511426;0,195255189;1;0,294163343;0,229828688;-0,264591642;1;;;;;;;;;;;;;
880;0,735680778;0,178337702;0,22613463;1;0,245726335;0,13701367;0,228631674;1;0,180335455;0,234268968;-0,549161363;1;;;;;;;;;;;;;
881;0,883698042;0,182991942;0,47283007;1;0,295892376;0,145522972;0,479461882;1;-0,00650804;0,235991931;-1,016270099;1;;;;;;;;;;;;;
882;0,341634419;0,169193269;-0,430609301;1;0,294417237;0,132690191;0,472086187;1;0,832303049;0,222973702;1,080757623;1;;;;;;;;;;;;;
883;0,491375612;0,159504772;-0,181040646;1;0,341914352;0,125058832;0,709571758;1;0,30698458;0,221145681;-0,232538551;1;;;;;;;;;;;;;
884;0,323065159;0,139677151;-0,461558068;0;0,292369742;0,109459788;0,461848709;1;0,379520508;0,188806046;-0,05119873;1;;;;;;;;;;;;;
885;0,698828817;0,175559871;0,164714695;1;0,253040658;0,134800595;0,265203291;1;0,275840903;0,227693055;-0,310397742;1;;;;;;;;;;;;;
886;0,947136804;0,183393499;0,578561341;1;0,129080882;0,136469545;-0,354595592;1;-0,057441337;0,236418762;-1,143603342;1;;;;;;;;;;;;;
887;0,740887138;0,170836879;0,234811897;1;-0,140581769;0,127175152;-1,702908843;0;0,504469663;0,218834251;0,261174157;1;;;;;;;;;;;;;
888;0,611846978;0,158622667;0,019744964;1;0,302147761;0,12444621;0,510738805;1;0,254987013;0,207420043;-0,362532468;1;;;;;;;;;;;;;
889;0,562108542;0,170694822;-0,06315243;1;0,32065983;0,128919355;0,603299149;1;0,07869588;0,224608528;-0,803260301;1;;;;;;;;;;;;;
890;0,397252655;0,160615616;-0,337912242;1;0,186941453;0,12725544;-0,065292734;1;0,589424478;0,212220761;0,473561196;1;;;;;;;;;;;;;
891;0,904638829;0,171713213;0,507731382;1;0,143649044;0,132906904;-0,28175478;1;-0,033390655;0,216472559;-1,083476638;0;;;;;;;;;;;;;
892;0,614540292;0,167314844;0,024233821;1;-0,039986975;0,124425168;-1,199934876;1;0,221514028;0,211935183;-0,446214929;1;;;;;;;;;;;;;
893;0,546310906;0,149906593;-0,089481823;1;0,284416495;0,119271655;0,422082477;1;0,242017147;0,202538429;-0,394957134;1;;;;;;;;;;;;;
894;0,465280075;0,142307252;-0,224533208;1;-0,109918404;0,114759091;-1,54959202;0;0,416685494;0,190584446;0,041713734;1;;;;;;;;;;;;;
895;0,191359915;0,171592685;-0,681066808;0;0,364400752;0,124538377;0,822003761;1;0,658517368;0,218634747;0,646293421;1;;;;;;;;;;;;;
896;0,438712285;0,150804956;-0,268812859;1;0,207523734;0,117506823;0,037618669;1;0,495003126;0,203093076;0,237507815;1;;;;;;;;;;;;;
897;0,605998117;0,165052197;0,009996861;1;0,195190075;0,123662642;-0,024049624;1;0,203191896;0,217616274;-0,492020261;1;;;;;;;;;;;;;
898;0,622953754;0,194433448;0,038256256;1;0,399232431;0,149377443;0,996162153;1;0,467832498;0,239644741;0,169581244;1;;;;;;;;;;;;;
899;0,461749046;0,149213982;-0,230418257;1;0,308285914;0,12076946;0,541429569;1;0,14014038;0,198986158;-0,649649051;1;;;;;;;;;;;;;
900;0,715705696;0,168646845;0,192842826;1;0,080884417;0,121640341;-0,595577916;1;0,073907771;0,229443506;-0,815230572;1;;;;;;;;;;;;;
901;0,450111409;0,151279711;-0,249814318;1;0,151663083;0,116639349;-0,241684586;1;0,444307598;0,198278467;0,110768995;1;;;;;;;;;;;;;
902;0,247535584;0,147760072;-0,587440693;0;0,371594624;0,114794629;0,857973119;1;0,617976012;0,200683367;0,544940031;1;;;;;;;;;;;;;
903;0,489220654;0,168494436;-0,184632244;1;0,211529064;0,129776848;0,057645318;1;0,602161768;0,229469927;0,50540442;1;;;;;;;;;;;;;
904;0,628457467;0,152724816;0,047429112;1;0,086699761;0,119736234;-0,566501193;1;0,323428262;0,205903365;-0,191429346;1;;;;;;;;;;;;;
905;0,538905267;0,177822853;-0,101824556;1;0,259499876;0,130882798;0,297499381;1;0,258605224;0,243866062;-0,35348694;1;;;;;;;;;;;;;
906;0,603690185;0,16010674;0,006150308;1;0,188896764;0,124572889;-0,055516179;1;0,30581264;0,217326401;-0,2354684;1;;;;;;;;;;;;;
907;0,753718634;0,166842099;0,256197723;1;0,182187857;0,13282238;-0,089060717;1;0,189086136;0,233787717;-0,52728466;1;;;;;;;;;;;;;
908;0,484137893;0,168202679;-0,193103511;1;0,341659595;0,125483229;0,708297974;1;0,253377244;0,211934502;-0,366556891;1;;;;;;;;;;;;;
909;0,575258818;0,159460435;-0,041235303;1;0,338944191;0,123374724;0,694720955;1;0,30565633;0,209807178;-0,235859175;1;;;;;;;;;;;;;
910;0,629175155;0,169187947;0,048625258;1;0,291407713;0,134803813;0,457038564;1;0,484293305;0,226718297;0,210733264;1;;;;;;;;;;;;;
911;0,502258531;0,16273323;-0,162902448;1;0,356370099;0,12601157;0,781850494;1;0,599821024;0,214436327;0,49955256;1;;;;;;;;;;;;;
912;0,336742049;0,151504832;-0,438763252;1;0,220666275;0,122146343;0,103331377;1;0,789849108;0,207241251;0,974622769;1;;;;;;;;;;;;;
913;0,342775921;0,15467549;-0,428706799;1;0,270325915;0,117964268;0,351629577;1;0,599701693;0,197670216;0,499254233;1;;;;;;;;;;;;;
914;0,25117038;0,168778793;-0,5813827;0;0,19784806;0,132557001;-0,010759698;1;0,907769638;0,223778806;1,269424096;0;;;;;;;;;;;;;
915;0,351667849;0,164242037;-0,413886918;1;0,467642559;0,12790161;1,338212793;0;0,651321772;0,226212156;0,62830443;1;;;;;;;;;;;;;
916;0,574119318;0,162070892;-0,043134471;1;0,305177929;0,125636676;0,525889646;1;0,299956622;0,210572791;-0,250108446;1;;;;;;;;;;;;;
917;0,345496784;0,178931267;-0,424172027;1;0,411458795;0,143203407;1,057293975;1;0,720053905;0,242073519;0,800134761;1;;;;;;;;;;;;;
918;0,870415225;0,173854996;0,450692041;1;0,390869045;0,128217455;0,954345223;1;-0,087815704;0,224136366;-1,219539261;0;;;;;;;;;;;;;
919;0,674368207;0,171651163;0,123947011;1;0,060314048;0,129374738;-0,698429762;1;0,353828172;0,215879228;-0,115429571;1;;;;;;;;;;;;;
920;0,506428714;0,155847621;-0,155952143;1;0,178775845;0,118945869;-0,106120773;1;0,459266382;0,208151855;0,148165954;1;;;;;;;;;;;;;
921;0,458001529;0,153958407;-0,236664119;1;0,076556733;0,118549573;-0,617216337;1;0,494837712;0,19701298;0,237094281;1;;;;;;;;;;;;;
922;0,457498307;0,172887228;-0,237502822;1;0,164310826;0,132722704;-0,178445869;1;0,819507049;0,229303409;1,048767624;1;;;;;;;;;;;;;
923;0,62934964;0,173115759;0,048916066;1;0,138074517;0,129414956;-0,309627414;1;0,297018322;0,227885682;-0,257454194;1;;;;;;;;;;;;;
924;0,763783251;0,174160226;0,272972085;1;0,046587609;0,127070466;-0,767061954;1;0,218224338;0,231263076;-0,454439154;1;;;;;;;;;;;;;
925;0,403849794;0,167591444;-0,32691701;1;0,371581942;0,122714919;0,857909712;1;0,402444141;0,228076253;0,006110352;1;;;;;;;;;;;;;
926;0,163944074;0,150311641;-0,726759876;0;0,42179946;0,116683128;1,108997301;1;0,59285477;0,205140487;0,482136924;1;;;;;;;;;;;;;
927;0,345044348;0,157306;-0,424926087;1;0,201129297;0,121995797;0,005646484;1;0,690611464;0,211032522;0,726528661;1;;;;;;;;;;;;;
928;0,363423612;0,155926054;-0,39429398;1;0,365882347;0,126571701;0,829411735;1;0,711182932;0,205988616;0,77795733;1;;;;;;;;;;;;;
929;0,855054317;0,168465476;0,425090528;1;0,342096205;0,130545496;0,710481026;1;0,039453003;0,215897381;-0,901367492;1;;;;;;;;;;;;;
930;0,35745488;0,137560066;-0,404241867;1;0,232485693;0,111633683;0,162428466;1;0,474641053;0,180648144;0,186602632;1;;;;;;;;;;;;;
931;0,585579134;0,169848677;-0,024034777;1;0,152333635;0,128603186;-0,238331823;1;0,426252022;0,228688642;0,065630055;1;;;;;;;;;;;;;
932;0,752022034;0,16707066;0,253370057;1;0,214238461;0,12904899;0,071192306;1;0,282821498;0,220877266;-0,292946254;1;;;;;;;;;;;;;
933;0,566254213;0,150541899;-0,056242979;1;0,092124106;0,121006735;-0,539379471;1;0,428674665;0,203110879;0,071686663;1;;;;;;;;;;;;;
934;0,427316921;0,150266692;-0,287805131;1;0,295734345;0,118823299;0,478671726;1;0,634043222;0,205579354;0,585108055;1;;;;;;;;;;;;;
935;0,765692848;0,170214988;0,276154747;1;0,075359461;0,125587834;-0,623202695;1;0,160525349;0,224043979;-0,598686627;1;;;;;;;;;;;;;
936;0,477320453;0,162596446;-0,204465911;1;0,28350681;0,122484042;0,417534051;1;0,515223894;0,217348593;0,288059736;1;;;;;;;;;;;;;
937;0,412516142;0,158197661;-0,312473096;1;0,273316375;0,125789286;0,366581875;1;0,583331333;0,213835164;0,458328332;1;;;;;;;;;;;;;
938;0,64696531;0,157203174;0,078275516;1;0,118006418;0,117241357;-0,409967912;1;0,158791461;0,203374134;-0,603021348;1;;;;;;;;;;;;;
939;0,846071566;0,163910316;0,410119277;1;0,02202598;0,129325209;-0,889870099;1;0,100832432;0,220787779;-0,747918919;1;;;;;;;;;;;;;
940;0,620223954;0,169265161;0,03370659;1;0,192763066;0,130616756;-0,036184672;1;0,323614432;0,231716887;-0,190963921;1;;;;;;;;;;;;;
941;0,647436956;0,186058969;0,079061593;1;0,601155965;0,14591913;2,005779827;0;0,028742827;0,258148314;-0,928142932;1;;;;;;;;;;;;;
942;0,799854019;0,176533972;0,333090031;1;0,088013503;0,142171934;-0,559932484;1;0,353685272;0,246311393;-0,115786821;1;;;;;;;;;;;;;
943;0,482956625;0,16279836;-0,195072291;1;0,233307971;0,125203865;0,166539853;1;0,571174412;0,230113617;0,427936031;1;;;;;;;;;;;;;
944;0,333599765;0,14266064;-0,444000391;1;0,262859637;0,111028986;0,314298185;1;0,618580654;0,1826057;0,546451634;1;;;;;;;;;;;;;
945;0,664748934;0,168538524;0,10791489;1;0,433019942;0,131948281;1,165099712;1;0,346815668;0,228138188;-0,13296083;1;;;;;;;;;;;;;
946;0,585748332;0,166090684;-0,023752779;1;0,13647096;0,132042522;-0,317645199;1;0,470002266;0,229900302;0,175005664;1;;;;;;;;;;;;;
947;0,60777932;0,161156215;0,012965533;1;0,110025305;0,11973455;-0,449873474;1;0,32403387;0,21571923;-0,189915324;1;;;;;;;;;;;;;
948;0,881987317;0,171818505;0,469978861;1;0,272162549;0,129936963;0,360812745;1;-0,032307372;0,224572301;-1,080768431;1;;;;;;;;;;;;;
949;0,569098236;0,160686609;-0,05150294;1;0,267825742;0,119402805;0,339128709;1;0,043289542;0,203483055;-0,891776145;1;;;;;;;;;;;;;
950;0,780098822;0,180717668;0,300164703;1;0,075602574;0,134037567;-0,621987128;1;0,377778397;0,234874598;-0,055554008;1;;;;;;;;;;;;;
951;0,642082834;0,179020504;0,070138057;1;0,089949187;0,13782955;-0,550254067;1;0,727470593;0,222409211;0,818676482;1;;;;;;;;;;;;;
952;0,707270012;0,178835283;0,178783354;1;0,19018763;0,135475403;-0,04906185;1;0,277859767;0,234935613;-0,305350583;1;;;;;;;;;;;;;
953;0,781195253;0,167876272;0,301992088;1;-0,092835903;0,130467677;-1,464179515;0;0,471269428;0,228183133;0,17817357;1;;;;;;;;;;;;;
954;0,431957392;0,16636224;-0,280071013;1;0,16285876;0,125002755;-0,185706202;1;0,663785822;0,227797853;0,659464555;1;;;;;;;;;;;;;
955;0,701833164;0,177574224;0,16972194;1;0,185461606;0,132455782;-0,072691969;1;0,544366543;0,236033386;0,360916358;1;;;;;;;;;;;;;
956;0,665337861;0,155824291;0,108896435;1;0,034563096;0,123345385;-0,827184522;1;0,264906106;0,206957717;-0,337734735;1;;;;;;;;;;;;;
957;0,425865627;0,146583593;-0,290223955;1;0,167008272;0,113971168;-0,164958642;1;0,417395896;0,186223681;0,043489741;1;;;;;;;;;;;;;
958;0,646610037;0,167701717;0,077683396;1;0,270522414;0,131960506;0,352612072;1;0,364870133;0,223691903;-0,087824668;1;;;;;;;;;;;;;
959;0,918922047;0,187192302;0,531536746;1;0,152810505;0,137674282;-0,235947474;1;0,095078168;0,25000659;-0,762304579;1;;;;;;;;;;;;;
960;0,609686661;0,172149611;0,016144435;1;0,055752545;0,125876369;-0,721237274;1;0,364735055;0,226005064;-0,088162364;1;;;;;;;;;;;;;
961;0,542240552;0,171384083;-0,096265747;1;0,082542599;0,129364225;-0,587287004;1;0,617563775;0,235049685;0,543909437;1;;;;;;;;;;;;;
962;0,568209773;0,164881505;-0,052983711;1;-0,014091949;0,126365544;-1,070459747;1;0,600405807;0,206683731;0,501014517;1;;;;;;;;;;;;;
963;0,464956517;0,159465064;-0,225072471;1;0,118946325;0,122990152;-0,405268377;1;0,761506689;0,223168292;0,903766724;1;;;;;;;;;;;;;
964;0,656756468;0,160496371;0,094594113;1;0,317347015;0,121958888;0,586735077;1;0,048113573;0,213724562;-0,879716068;1;;;;;;;;;;;;;
965;0,458170224;0,150904135;-0,236382959;1;0,186313897;0,119485287;-0,068430516;1;0,601170404;0,193701347;0,502926011;1;;;;;;;;;;;;;
966;0,329003448;0,159053511;-0,45166092;1;0,082921261;0,128142336;-0,585393693;1;0,922365958;0,218789214;1,305914894;0;;;;;;;;;;;;;
967;0,694912325;0,198717977;0,158187209;1;0,187154363;0,144724279;-0,064228183;1;0,407506479;0,270418391;0,018766198;1;;;;;;;;;;;;;
968;0,608963323;0,157548361;0,014938871;1;0,229963666;0,120204225;0,149818331;1;0,196001564;0,205592632;-0,509996089;1;;;;;;;;;;;;;
969;0,34671789;0,151319607;-0,422136851;1;0,227209175;0,125432062;0,136045876;1;0,69127685;0,201484998;0,728192125;1;;;;;;;;;;;;;
970;0,576814866;0,16227404;-0,03864189;1;0,092145171;0,123637475;-0,539274143;1;0,301968452;0,204055618;-0,24507887;1;;;;;;;;;;;;;
971;0,729915277;0,165195383;0,216525462;1;0,122313393;0,131210551;-0,388433034;1;0,305046144;0,22146582;-0,23738464;1;;;;;;;;;;;;;
972;0,657997865;0,15438401;0,096663108;1;0,057749192;0,124881408;-0,71125404;1;0,428107758;0,208970474;0,070269394;1;;;;;;;;;;;;;
973;0,706897852;0,179283697;0,178163086;1;0,057224561;0,139237941;-0,713877196;1;0,403206611;0,236352345;0,008016527;1;;;;;;;;;;;;;
974;0,492371784;0,14647585;-0,179380359;1;0,145425355;0,117021919;-0,272873224;1;0,366179436;0,200544533;-0,08455141;1;;;;;;;;;;;;;
975;0,437163542;0,164953928;-0,271394096;1;0,094848815;0,120393226;-0,525755924;1;0,316941586;0,216029555;-0,207646036;1;;;;;;;;;;;;;
976;0,741753515;0,169563092;0,236255859;1;0,075669516;0,128991646;-0,621652421;1;0,13486753;0,217738269;-0,662831174;1;;;;;;;;;;;;;
977;0,70920988;0,161849539;0,182016467;1;0,068879493;0,126638173;-0,655602537;1;0,31494576;0,208828037;-0,2126356;1;;;;;;;;;;;;;
978;0,543706581;0,181927261;-0,093822364;1;0,069728257;0,139006288;-0,651358716;1;0,932537516;0,258488071;1,33134379;0;;;;;;;;;;;;;
979;0,257436652;0,143545605;-0,570938913;0;0,410526633;0,11366749;1,052633166;1;0,391112623;0,189565433;-0,022218443;1;;;;;;;;;;;;;
980;0,540960903;0,159667142;-0,098398495;1;0,274553761;0,127401105;0,372768805;1;0,529947581;0,215467811;0,324868953;1;;;;;;;;;;;;;
981;0,549614688;0,177414029;-0,083975521;1;0,294459229;0,133916923;0,472296146;1;0,442128489;0,230850778;0,105321222;1;;;;;;;;;;;;;
982;0,641101094;0,177066986;0,068501823;1;0,375724414;0,135406917;0,878622071;1;0,408914166;0,226271432;0,022285415;1;;;;;;;;;;;;;
983;0,461915087;0,159586791;-0,230141522;1;0,225468032;0,122766149;0,12734016;1;0,592625594;0,214515322;0,481563986;1;;;;;;;;;;;;;
984;0,364602733;0,171522524;-0,392328778;1;0,250644514;0,139271464;0,253222571;1;0,877150135;0,238364747;1,192875337;0;;;;;;;;;;;;;
985;0,638852749;0,16708362;0,064754581;1;0,243266276;0,129092462;0,216331382;1;0,305425427;0,220660164;-0,236436432;1;;;;;;;;;;;;;
986;0,803942108;0,176516422;0,339903513;1;0,19977894;0,137081104;-0,001105301;1;0,321470187;0,24001506;-0,196324532;1;;;;;;;;;;;;;
987;0,715115204;0,160671371;0,191858673;1;0,13952343;0,12334093;-0,302382852;1;0,137250642;0,201196374;-0,656873394;1;;;;;;;;;;;;;
988;0,514209327;0,166665126;-0,142984455;1;0,109525749;0,125066609;-0,452371255;1;0,810272433;0,219683082;1,025681082;1;;;;;;;;;;;;;
989;0,559735476;0,168495116;-0,06710754;1;0,241556422;0,127717635;0,207782111;1;0,316524454;0,208264154;-0,208688866;1;;;;;;;;;;;;;
990;0,394048842;0,153011096;-0,34325193;1;0,412104503;0,118963542;1,060522516;1;0,138379008;0,213470611;-0,654052479;1;;;;;;;;;;;;;
991;0,825226158;0,184300434;0,375376929;1;0,187719764;0,147928808;-0,061401178;1;0,361593221;0,250257161;-0,096016946;1;;;;;;;;;;;;;
992;0,282030272;0,157489693;-0,529949546;0;0,218877746;0,119328546;0,09438873;1;0,633893794;0,204214909;0,584734486;1;;;;;;;;;;;;;
993;0,400541271;0,172413523;-0,332431215;1;0,320471969;0,133111379;0,602359844;1;0,477857556;0,223421022;0,194643889;1;;;;;;;;;;;;;
994;0,413566298;0,148423187;-0,310722837;1;0,297506799;0,118124987;0,487533995;1;0,345572044;0,198648991;-0,13606989;1;;;;;;;;;;;;;
995;0,759940722;0,175119428;0,26656787;1;0,265543011;0,133316343;0,327715057;1;0,009044252;0,236689966;-0,977389369;1;;;;;;;;;;;;;
996;0,711098531;0,16157176;0,185164218;1;0,263988206;0,12399119;0,319941029;1;0,357902608;0,217949253;-0,10524348;1;;;;;;;;;;;;;
997;0,597447909;0,159081061;-0,004253484;1;0,074291332;0,123171624;-0,628543338;1;0,560130019;0,201433737;0,400325046;1;;;;;;;;;;;;;
998;0,326693811;0,147267736;-0,455510315;1;0,112267848;0,115668767;-0,438660759;1;0,725211768;0,203463815;0,81302942;1;;;;;;;;;;;;;
999;0,369333131;0,14914092;-0,384444782;1;0,563608631;0,123232543;1,818043153;0;0,594976865;0,197139904;0,487442162;1;;;;;;;;;;;;;
1000;0,638959791;0,158917943;0,064932984;1;0,247526397;0,12325696;0,237631986;1;0,189945772;0,211837498;-0,52513557;1;;;;;;;;;;;;;
