;mean;se;bias;cp;mean;se;bias;cp;mean;se;bias;cp;;mean;sd;bias;cp;mean;sd;bias;cp;mean;sd;bias;cp
1;0,478482296;0,108611126;-0,202529507;1;0,204022857;0,084273675;0,020114284;1;0,492307356;0,148128073;0,23076839;1;;0,598181332;0,116241126;-0,003031113;0,944;0,206557838;0,091733239;0,032789192;0,942;0,389012628;0,152682266;-0,027468429;0,95
2;0,615752901;0,116266134;0,026254836;1;0,169981661;0,089787402;-0,150091696;1;0,594068715;0,157590838;0,485171787;1;;;;;;;;;;;;;
3;0,563859386;0,112290888;-0,060234356;1;0,136148766;0,084568351;-0,319256168;1;0,389262144;0,150478572;-0,026844639;1;;;;;;;;;;;;;
4;0,597479405;0,113795925;-0,004200991;1;0,210005057;0,091687078;0,050025286;1;0,572158896;0,155763254;0,43039724;1;;;;;;;;;;;;;
5;0,53096848;0,113920332;-0,115052533;1;0,203520215;0,086800811;0,017601074;1;0,391684919;0,150029047;-0,020787702;1;;;;;;;;;;;;;
6;0,542554007;0,118539315;-0,095743321;1;0,208667257;0,088198384;0,043336287;1;0,41463624;0,159595288;0,0365906;1;;;;;;;;;;;;;
7;0,516414064;0,111773949;-0,139309893;1;0,23602854;0,086250758;0,180142701;1;0,378183444;0,143244821;-0,05454139;1;;;;;;;;;;;;;
8;0,759185067;0,121192181;0,265308445;1;0,30891799;0,093195726;0,544589952;1;0,033034217;0,155068062;-0,917414456;0;;;;;;;;;;;;;
9;0,559179771;0,115249927;-0,068033716;1;0,135041683;0,091043775;-0,324791585;1;0,519014329;0,155685114;0,297535822;1;;;;;;;;;;;;;
10;0,664741544;0,113263745;0,107902573;1;0,092669222;0,088946816;-0,536653888;1;0,356026155;0,151878655;-0,109934613;1;;;;;;;;;;;;;
11;0,589392745;0,120291562;-0,017678759;1;0,20968077;0,095341499;0,048403852;1;0,373023751;0,162444314;-0,067440623;1;;;;;;;;;;;;;
12;0,695225307;0,115781211;0,158708845;1;0,27320811;0,089619327;0,36604055;1;0,253228578;0,150745719;-0,366928554;1;;;;;;;;;;;;;
13;0,444417286;0,114632692;-0,259304524;1;0,043603314;0,089366149;-0,781983432;1;0,664404792;0,151211518;0,66101198;1;;;;;;;;;;;;;
14;0,598991004;0,119524321;-0,001681661;1;0,331952504;0,092529771;0,659762519;1;0,543253618;0,155850171;0,358134044;1;;;;;;;;;;;;;
15;0,626981875;0,115357091;0,044969792;1;0,222020116;0,088308777;0,110100579;1;0,374163797;0,146406843;-0,064590507;1;;;;;;;;;;;;;
16;0,565215193;0,115264062;-0,057974679;1;0,150112596;0,088796199;-0,249437019;1;0,318069215;0,151674552;-0,204826963;1;;;;;;;;;;;;;
17;0,741173428;0,115200077;0,235289047;1;0,176774465;0,088240617;-0,116127673;1;0,094915538;0,149702786;-0,762711155;0;;;;;;;;;;;;;
18;0,682412379;0,118638554;0,137353966;1;0,263739537;0,090873373;0,318697686;1;0,210205143;0,155526727;-0,474487142;1;;;;;;;;;;;;;
19;0,659257936;0,112400782;0,098763226;1;0,131682987;0,086958673;-0,341585066;1;0,148659056;0,146065253;-0,628352359;1;;;;;;;;;;;;;
20;0,497352433;0,117445495;-0,171079278;1;0,259855591;0,090108875;0,299277953;1;0,435517079;0,151161191;0,088792697;1;;;;;;;;;;;;;
21;0,575033802;0,120457273;-0,041610331;1;0,284993528;0,093019403;0,424967639;1;0,390021207;0,155621373;-0,024946982;1;;;;;;;;;;;;;
22;0,563239757;0,123691276;-0,061267071;1;0,168696451;0,090610752;-0,156517746;1;0,397694834;0,161324563;-0,005762914;1;;;;;;;;;;;;;
23;0,725487272;0,113837257;0,209145454;1;0,328732065;0,08781516;0,643660326;1;0,319717809;0,151098458;-0,200705477;1;;;;;;;;;;;;;
24;0,652962361;0,11598405;0,088270601;1;0,202001131;0,089905061;0,010005655;1;0,049597099;0,144886689;-0,876007254;0;;;;;;;;;;;;;
25;0,225951128;0,102169985;-0,623414787;0;0,307758703;0,079448609;0,538793513;1;0,554071441;0,137357627;0,385178603;1;;;;;;;;;;;;;
26;0,563314933;0,11333655;-0,061141778;1;0,139042987;0,086921997;-0,304785063;1;0,402114602;0,149287306;0,005286505;1;;;;;;;;;;;;;
27;0,749393019;0,124950963;0,248988365;1;0,251710561;0,094634915;0,258552804;1;0,272735098;0,165106686;-0,318162256;1;;;;;;;;;;;;;
28;0,50977671;0,110102239;-0,150372149;1;0,152718552;0,086247588;-0,236407242;1;0,509174425;0,152752308;0,272936062;1;;;;;;;;;;;;;
29;0,537185566;0,111558126;-0,104690723;1;0,179924962;0,088568128;-0,10037519;1;0,467342258;0,157644671;0,168355646;1;;;;;;;;;;;;;
30;0,55637182;0,114491563;-0,072713633;1;0,280615834;0,089952364;0,40307917;1;0,439912431;0,15494789;0,099781076;1;;;;;;;;;;;;;
31;0,493383825;0,105082123;-0,177693625;1;0,217683044;0,083167659;0,088415219;1;0,480428296;0,13685997;0,201070741;1;;;;;;;;;;;;;
32;0,647697066;0,1246309;0,079495111;1;0,123845984;0,093124751;-0,380770082;1;0,286312536;0,160606123;-0,284218659;1;;;;;;;;;;;;;
33;0,683669992;0,116312407;0,139449987;1;0,246161838;0,088884531;0,23080919;1;0,168849176;0,153426222;-0,577877059;1;;;;;;;;;;;;;
34;0,75797491;0,118032716;0,263291516;1;0,185083024;0,092800208;-0,074584879;1;0,146300064;0,154553434;-0,63424984;1;;;;;;;;;;;;;
35;0,422782502;0,10856555;-0,295362497;1;0,194420674;0,085543455;-0,027896628;1;0,582367952;0,146344751;0,455919879;1;;;;;;;;;;;;;
36;0,761464655;0,114834677;0,269107759;1;0,180085411;0,085482906;-0,099572946;1;0,017930076;0,150877165;-0,95517481;0;;;;;;;;;;;;;
37;0,582299525;0,113373989;-0,029500792;1;0,105984146;0,08219382;-0,470079269;1;0,279064229;0,152708319;-0,302339429;1;;;;;;;;;;;;;
38;0,45408534;0,110740048;-0,2431911;1;0,156844318;0,08841039;-0,215778412;1;0,496650131;0,142747225;0,241625326;1;;;;;;;;;;;;;
39;0,734673526;0,115156803;0,224455877;1;0,074122016;0,087529358;-0,629389921;1;0,180592101;0,150868034;-0,548519748;1;;;;;;;;;;;;;
40;0,540889292;0,109316745;-0,098517847;1;0,078362613;0,086277677;-0,608186936;1;0,542735241;0,14894219;0,356838103;1;;;;;;;;;;;;;
41;0,551454319;0,125040507;-0,080909469;1;0,210322677;0,092839935;0,051613386;1;0,506698486;0,161727455;0,266746215;1;;;;;;;;;;;;;
42;0,814684278;0,116687143;0,35780713;1;0,176728425;0,090460087;-0,116357875;1;0,138019052;0,158452348;-0,65495237;1;;;;;;;;;;;;;
43;0,698003821;0,121560383;0,163339702;1;0,090058578;0,093993785;-0,549707112;1;0,529030303;0,162600565;0,322575758;1;;;;;;;;;;;;;
44;0,868656664;0,120717193;0,447761106;0;0,034816206;0,091424539;-0,825918972;1;0,137118281;0,157634614;-0,657204297;1;;;;;;;;;;;;;
45;0,71012904;0,116829011;0,1835484;1;0,282895465;0,088823713;0,414477325;1;0,228421552;0,146618017;-0,42894612;1;;;;;;;;;;;;;
46;0,540262633;0,112212346;-0,099562278;1;0,365739457;0,088711652;0,828697283;1;0,346055755;0,1508659;-0,134860611;1;;;;;;;;;;;;;
47;0,466194148;0,105949388;-0,223009754;1;0,100902341;0,083645652;-0,495488294;1;0,555794416;0,147970159;0,389486041;1;;;;;;;;;;;;;
48;0,731531316;0,121158392;0,21921886;1;0,101801562;0,09202248;-0,490992192;1;0,316510104;0,164193159;-0,208724739;1;;;;;;;;;;;;;
49;0,602819794;0,117108854;0,004699657;1;0,159457809;0,090999764;-0,202710955;1;0,524529517;0,153126266;0,311323793;1;;;;;;;;;;;;;
50;0,458353131;0,114834446;-0,236078115;1;0,149282446;0,088965698;-0,253587768;1;0,697512419;0,159182624;0,743781047;1;;;;;;;;;;;;;
51;0,562198678;0,121658801;-0,063002204;1;0,187065687;0,093501912;-0,064671566;1;0,374821884;0,161636329;-0,062945291;1;;;;;;;;;;;;;
52;0,645951022;0,112979297;0,076585036;1;0,185441386;0,086704321;-0,072793072;1;0,343194522;0,150933672;-0,142013695;1;;;;;;;;;;;;;
53;0,480652881;0,109583492;-0,198911866;1;0,194083981;0,085386504;-0,029580096;1;0,469870193;0,14592985;0,174675483;1;;;;;;;;;;;;;
54;0,460335195;0,108042058;-0,232774675;1;0,233298528;0,083939265;0,166492641;1;0,561036029;0,142987504;0,402590073;1;;;;;;;;;;;;;
55;0,54690516;0,128185111;-0,088491399;1;0,256363692;0,095138873;0,281818458;1;0,434289857;0,170929198;0,085724643;1;;;;;;;;;;;;;
56;0,555908857;0,119419016;-0,073485239;1;0,161490842;0,09050538;-0,192545792;1;0,455610305;0,15838893;0,139025762;1;;;;;;;;;;;;;
57;0,602332047;0,120400514;0,003886744;1;0,219058102;0,092834219;0,09529051;1;0,619049555;0,164390609;0,547623887;1;;;;;;;;;;;;;
58;0,716973946;0,121282101;0,194956577;1;0,131294716;0,091914977;-0,343526422;1;0,381001087;0,162285574;-0,047497283;1;;;;;;;;;;;;;
59;0,68160324;0,116185536;0,136005399;1;0,175274194;0,087485108;-0,123629028;1;0,086810496;0,145186214;-0,782973761;0;;;;;;;;;;;;;
60;0,620226321;0,119594505;0,033710534;1;0,392954853;0,0943463;0,964774264;0;0,324838588;0,160470405;-0,187903529;1;;;;;;;;;;;;;
61;0,501139265;0,110976803;-0,164767891;1;0,32759602;0,084547528;0,637980098;1;0,32921479;0,14417959;-0,176963024;1;;;;;;;;;;;;;
62;0,501371531;0,115082624;-0,164380781;1;0,290356855;0,09112601;0,451784275;1;0,552942264;0,153509373;0,38235566;1;;;;;;;;;;;;;
63;0,792821752;0,117173122;0,321369586;1;0,165852149;0,091058925;-0,170739254;1;0,030904485;0,158195314;-0,922738788;0;;;;;;;;;;;;;
64;0,527992393;0,114622262;-0,120012679;1;0,1553035;0,086552496;-0,223482502;1;0,501476733;0,148033907;0,253691831;1;;;;;;;;;;;;;
65;0,766113861;0,120042106;0,276856436;1;0,159712524;0,090460735;-0,201437379;1;0,193457022;0,154273147;-0,516357445;1;;;;;;;;;;;;;
66;0,608597057;0,11230994;0,014328429;1;0,078797607;0,08492572;-0,606011966;1;0,452847027;0,143976678;0,132117566;1;;;;;;;;;;;;;
67;0,916682339;0,128620067;0,527803898;0;0,12870847;0,099607082;-0,356457651;1;0,164956577;0,181781345;-0,587608558;1;;;;;;;;;;;;;
68;0,665124264;0,11817924;0,10854044;1;0,108928554;0,090180891;-0,455357228;1;0,301294075;0,150719014;-0,246764813;1;;;;;;;;;;;;;
69;0,728586274;0,125205586;0,214310457;1;0,171385646;0,092963965;-0,143071768;1;0,452253733;0,169591705;0,130634332;1;;;;;;;;;;;;;
70;0,566357648;0,117795258;-0,056070587;1;0,165073214;0,090881634;-0,174633931;1;0,506938065;0,156992791;0,267345163;1;;;;;;;;;;;;;
71;0,641973848;0,118886287;0,069956414;1;0,300230903;0,088184501;0,501154517;1;0,259264929;0,158832004;-0,351837677;1;;;;;;;;;;;;;
72;0,510565443;0,116001158;-0,149057595;1;0,228751343;0,089847168;0,143756716;1;0,47219101;0,152295305;0,180477525;1;;;;;;;;;;;;;
73;0,443550464;0,11511907;-0,260749227;1;0,310459011;0,090343815;0,552295056;1;0,422584059;0,149989844;0,056460148;1;;;;;;;;;;;;;
74;0,775847277;0,119568969;0,293078795;1;0,273615215;0,09355678;0,368076075;1;0,224112571;0,156760705;-0,439718572;1;;;;;;;;;;;;;
75;0,447744278;0,10876456;-0,253759537;1;0,167429656;0,081781769;-0,162851722;1;0,618019029;0,139974642;0,545047572;1;;;;;;;;;;;;;
76;0,453366669;0,109124821;-0,244388885;1;0,303676807;0,087396617;0,518384036;1;0,666912253;0,14773263;0,667280632;1;;;;;;;;;;;;;
77;0,843325575;0,121313339;0,405542626;0;0,097546916;0,091144367;-0,512265419;1;0,143149041;0,164361857;-0,642127397;1;;;;;;;;;;;;;
78;0,468809066;0,110280327;-0,218651556;1;0,359928181;0,088796207;0,799640904;1;0,531624858;0,145579846;0,329062144;1;;;;;;;;;;;;;
79;0,548165558;0,118164614;-0,086390737;1;0,406462555;0,091991603;1,032312775;0;0,357804934;0,15264303;-0,105487665;1;;;;;;;;;;;;;
80;0,653099713;0,116843189;0,088499521;1;0,340444987;0,092894075;0,702224934;1;0,438045137;0,155755677;0,095112844;1;;;;;;;;;;;;;
81;0,610322293;0,120078714;0,017203822;1;0,081872791;0,092187307;-0,590636046;1;0,499676612;0,163180348;0,249191529;1;;;;;;;;;;;;;
82;0,591201928;0,124643814;-0,014663454;1;0,305733846;0,096218456;0,528669232;1;0,660260565;0,162987584;0,650651413;1;;;;;;;;;;;;;
83;0,821104425;0,121624237;0,368507375;1;0,147885933;0,093237459;-0,260570337;1;0,321476191;0,161076407;-0,196309523;1;;;;;;;;;;;;;
84;0,601839908;0,117030716;0,003066513;1;0,256826707;0,08866761;0,284133536;1;0,422630534;0,150072438;0,056576336;1;;;;;;;;;;;;;
85;0,692986969;0,113144522;0,154978282;1;0,205776929;0,085779;0,028884643;1;0,116694768;0,146926396;-0,708263081;1;;;;;;;;;;;;;
86;0,544402631;0,115843489;-0,092662281;1;0,265033146;0,087440344;0,325165729;1;0,242351;0,148785459;-0,394122499;1;;;;;;;;;;;;;
87;0,635440543;0,117214436;0,059067571;1;0,142258472;0,089083724;-0,288707641;1;0,450000502;0,151944448;0,125001255;1;;;;;;;;;;;;;
88;0,574130291;0,113626344;-0,043116182;1;0,068050872;0,086994027;-0,65974564;1;0,469192428;0,147791486;0,172981069;1;;;;;;;;;;;;;
89;0,389409454;0,105403958;-0,350984243;0;-0,002991842;0,080121618;-1,014959208;0;0,631090496;0,14265206;0,57772624;1;;;;;;;;;;;;;
90;0,610210324;0,11847478;0,017017207;1;0,353707737;0,09032327;0,768538684;1;0,474669392;0,150024365;0,18667348;1;;;;;;;;;;;;;
91;0,426748946;0,114337294;-0,288751757;1;0,130512625;0,089876876;-0,347436877;1;0,647921785;0,152755055;0,619804463;1;;;;;;;;;;;;;
92;0,703770544;0,117455155;0,172950907;1;0,10091491;0,090228696;-0,495425448;1;0,305961885;0,153786024;-0,235095288;1;;;;;;;;;;;;;
93;0,558868167;0,112186804;-0,068553055;1;0,272485402;0,08593015;0,36242701;1;0,345021574;0,147153389;-0,137446065;1;;;;;;;;;;;;;
94;0,688949477;0,126070615;0,148249128;1;0,334421549;0,101701533;0,672107744;1;0,500293725;0,169802512;0,250734313;1;;;;;;;;;;;;;
95;0,662666569;0,12045147;0,104444282;1;0,178970672;0,092078817;-0,10514664;1;0,36910905;0,163257692;-0,077227374;1;;;;;;;;;;;;;
96;0,718701151;0,118697989;0,197835251;1;0,121111076;0,090614703;-0,394444621;1;0,405495765;0,152533564;0,013739413;1;;;;;;;;;;;;;
97;0,600402502;0,117783528;0,000670837;1;0,048858051;0,092667277;-0,755709747;1;0,435208606;0,157297895;0,088021516;1;;;;;;;;;;;;;
98;0,585895354;0,11429279;-0,023507743;1;0,249765932;0,089297157;0,248829658;1;0,397510733;0,155631854;-0,006223166;1;;;;;;;;;;;;;
99;0,589112684;0,117966342;-0,018145527;1;0,164094099;0,087590431;-0,179529505;1;0,215865559;0,157376761;-0,460336102;1;;;;;;;;;;;;;
100;0,590392237;0,115803999;-0,016012939;1;0,226385637;0,090661185;0,131928184;1;0,471719391;0,154471139;0,179298476;1;;;;;;;;;;;;;
101;0,755943603;0,116746692;0,259906004;1;0,240284408;0,088716781;0,201422041;1;0,133216833;0,153710126;-0,666957917;1;;;;;;;;;;;;;
102;0,756446412;0,118051413;0,26074402;1;0,093239263;0,091070849;-0,533803687;1;0,463302682;0,156145186;0,158256705;1;;;;;;;;;;;;;
103;0,637371845;0,112643382;0,062286408;1;0,206728849;0,089744848;0,033644246;1;0,313233815;0,145131146;-0,216915462;1;;;;;;;;;;;;;
104;0,609354129;0,115378051;0,015590215;1;0,241993208;0,08959738;0,20996604;1;0,362225014;0,150381737;-0,094437464;1;;;;;;;;;;;;;
105;0,640513786;0,114610903;0,067522976;1;0,173384742;0,090077988;-0,133076289;1;0,417459186;0,153402193;0,043647964;1;;;;;;;;;;;;;
106;0,76407163;0,11800771;0,273452717;1;0,204212572;0,095003691;0,021062859;1;0,363316675;0,158880105;-0,091708313;1;;;;;;;;;;;;;
107;0,690229122;0,12024377;0,15038187;1;0,135249765;0,091097073;-0,323751177;1;0,373043583;0,158655046;-0,067391042;1;;;;;;;;;;;;;
108;0,536113658;0,114723168;-0,106477237;1;0,273776938;0,089364851;0,368884692;1;0,347800868;0,152605049;-0,13049783;1;;;;;;;;;;;;;
109;0,694457505;0,121005773;0,157429175;1;0,253071628;0,089862093;0,265358139;1;0,283423571;0,153565671;-0,291441073;1;;;;;;;;;;;;;
110;0,548265517;0,109612374;-0,086224138;1;0,1163759;0,084952109;-0,4181205;1;0,403589236;0,146576891;0,008973091;1;;;;;;;;;;;;;
111;0,599423199;0,112892122;-0,000961335;1;0,162143192;0,086353159;-0,189284041;1;0,46351228;0,150570961;0,1587807;1;;;;;;;;;;;;;
112;0,596600864;0,114446994;-0,005665227;1;0,302022354;0,087036732;0,51011177;1;0,231771283;0,145119422;-0,420571793;1;;;;;;;;;;;;;
113;0,539010103;0,12292025;-0,101649829;1;0,282175387;0,092809437;0,410876937;1;0,47742835;0,157325389;0,193570874;1;;;;;;;;;;;;;
114;0,581997179;0,112642767;-0,030004701;1;0,274040905;0,090077529;0,370204525;1;0,402329255;0,154001741;0,005823137;1;;;;;;;;;;;;;
115;0,706930057;0,115979273;0,178216762;1;-0,060380294;0,091325717;-1,301901471;0;0,430201456;0,158273125;0,075503641;1;;;;;;;;;;;;;
116;0,556456184;0,110838591;-0,072573027;1;0,1759686;0,0845692;-0,120157002;1;0,210182646;0,143814793;-0,474543384;1;;;;;;;;;;;;;
117;0,652525183;0,111779581;0,087541972;1;0,150299686;0,088254516;-0,248501569;1;0,287869237;0,149737765;-0,280326908;1;;;;;;;;;;;;;
118;0,716554981;0,112876405;0,194258302;1;0,19850696;0,087025123;-0,007465199;1;0,189471895;0,147208507;-0,526320262;1;;;;;;;;;;;;;
119;0,54463622;0,112402644;-0,092272967;1;0,262328087;0,087370922;0,311640435;1;0,36986936;0,149500859;-0,075326599;1;;;;;;;;;;;;;
120;0,681763179;0,120746511;0,136271965;1;0,379125607;0,094543958;0,895628036;1;0,081837731;0,1586872;-0,795405672;0;;;;;;;;;;;;;
121;0,899578417;0,129244372;0,499297362;0;0,095822017;0,096975158;-0,520889916;1;0,07507425;0,167298149;-0,812314375;1;;;;;;;;;;;;;
122;0,694986017;0,117086875;0,158310028;1;0,362165647;0,091123808;0,810828236;1;0,214448241;0,149056879;-0,463879399;1;;;;;;;;;;;;;
123;0,554673725;0,109461014;-0,075543792;1;0,321944973;0,084814391;0,609724867;1;0,245067882;0,142689469;-0,387330295;1;;;;;;;;;;;;;
124;0,458212668;0,115549537;-0,236312219;1;0,185311177;0,087713671;-0,073444113;1;0,466648818;0,149068522;0,166622045;1;;;;;;;;;;;;;
125;0,473407844;0,115242438;-0,210986927;1;0,218024869;0,08794439;0,090124346;1;0,671646311;0,155248655;0,679115778;1;;;;;;;;;;;;;
126;0,556654464;0,122752671;-0,072242559;1;0,283821821;0,095315607;0,419109107;1;0,35190383;0,164995626;-0,120240426;1;;;;;;;;;;;;;
127;0,784608818;0,113832827;0,307681363;1;0,127877976;0,090908594;-0,360610121;1;0,249278782;0,151173913;-0,376803044;1;;;;;;;;;;;;;
128;0,573938486;0,110575642;-0,043435857;1;0,245186918;0,084104448;0,225934588;1;0,292511604;0,140646123;-0,268720991;1;;;;;;;;;;;;;
129;0,431611099;0,108496;-0,280648169;1;0,215972862;0,085651725;0,079864308;1;0,578292776;0,144136909;0,445731941;1;;;;;;;;;;;;;
130;0,650089029;0,120800445;0,083481714;1;0,182022299;0,091699369;-0,089888507;1;0,461088546;0,15822499;0,152721365;1;;;;;;;;;;;;;
131;0,607043914;0,113179941;0,011739856;1;0,152722976;0,089999997;-0,236385118;1;0,378910597;0,151479667;-0,052723507;1;;;;;;;;;;;;;
132;0,532516273;0,1116396;-0,112472879;1;0,071001746;0,090913411;-0,644991268;1;0,721218178;0,14814844;0,803045446;0;;;;;;;;;;;;;
133;0,593346854;0,113610349;-0,011088577;1;0,181799995;0,085868764;-0,091000026;1;0,422054925;0,150294655;0,055137312;1;;;;;;;;;;;;;
134;0,543827206;0,106690003;-0,093621323;1;0,170248112;0,08489278;-0,148759439;1;0,379238896;0,138834928;-0,051902759;1;;;;;;;;;;;;;
135;0,631840273;0,109253007;0,053067122;1;0,235162645;0,083186157;0,175813224;1;0,185100404;0,140213081;-0,537248989;1;;;;;;;;;;;;;
136;0,556654862;0,107561338;-0,072241897;1;0,289550279;0,084755296;0,447751393;1;0,361930605;0,140923553;-0,095173488;1;;;;;;;;;;;;;
137;0,782937462;0,121566498;0,30489577;1;0,258782057;0,096979387;0,293910284;1;0,318267659;0,160920277;-0,204330853;1;;;;;;;;;;;;;
138;0,542186579;0,116003262;-0,096355702;1;0,342926176;0,088177043;0,71463088;1;0,341606667;0,153025198;-0,145983332;1;;;;;;;;;;;;;
139;0,571830805;0,113117647;-0,046948658;1;0,267255474;0,088759867;0,336277368;1;0,345176751;0,152563229;-0,137058122;1;;;;;;;;;;;;;
140;0,738028981;0,119133022;0,230048302;1;0,187090598;0,094042672;-0,064547011;1;0,17360435;0,156845135;-0,565989125;1;;;;;;;;;;;;;
141;0,424428932;0,116171012;-0,292618447;1;0,225928979;0,089508995;0,129644896;1;0,541997784;0,151870667;0,354994459;1;;;;;;;;;;;;;
142;0,619951295;0,120140459;0,033252158;1;0,048272328;0,092118433;-0,758638358;1;0,484867662;0,158784825;0,212169154;1;;;;;;;;;;;;;
143;0,704992523;0,120437573;0,174987538;1;0,246287123;0,095191994;0,231435614;1;0,319633294;0,161282041;-0,200916765;1;;;;;;;;;;;;;
144;0,49760106;0,109263173;-0,170664901;1;0,225692798;0,088359642;0,128463989;1;0,430142682;0,143324972;0,075356705;1;;;;;;;;;;;;;
145;0,666562926;0,109454509;0,110938209;1;0,291900852;0,084266531;0,459504262;1;0,108031428;0,149084645;-0,729921431;1;;;;;;;;;;;;;
146;0,587087931;0,11184778;-0,021520115;1;0,21238496;0,086991154;0,0619248;1;0,456831273;0,150671228;0,142078182;1;;;;;;;;;;;;;
147;0,450505137;0,114156293;-0,249158105;1;0,07930125;0,087483585;-0,603493751;1;0,72114186;0,154392803;0,80285465;0;;;;;;;;;;;;;
148;0,790056315;0,119225665;0,316760524;1;0,149964503;0,091838076;-0,250177484;1;0,128299012;0,157666793;-0,679252471;1;;;;;;;;;;;;;
149;0,541794919;0,122492128;-0,097008469;1;0,204168259;0,095145765;0,020841294;1;0,669832145;0,170030657;0,674580362;1;;;;;;;;;;;;;
150;0,568123723;0,120953278;-0,053127128;1;0,229912668;0,091657233;0,149563339;1;0,482711154;0,161015233;0,206777885;1;;;;;;;;;;;;;
151;0,643636489;0,118511519;0,072727482;1;0,232100732;0,089066089;0,160503658;1;0,371279859;0,157871723;-0,071800354;1;;;;;;;;;;;;;
152;0,502818363;0,111019694;-0,161969395;1;0,365909454;0,086470316;0,829547269;1;0,376073788;0,148943708;-0,059815531;1;;;;;;;;;;;;;
153;0,634737585;0,120196762;0,057895975;1;0,324611674;0,092917964;0,623058371;1;0,359935757;0,159299967;-0,100160607;1;;;;;;;;;;;;;
154;0,351729004;0,109523334;-0,413784994;0;0,29406631;0,085597086;0,470331548;1;0,624373506;0,145080722;0,560933765;1;;;;;;;;;;;;;
155;0,591424916;0,11271279;-0,014291806;1;0,263037448;0,089447707;0,315187241;1;0,292525909;0,150770915;-0,268685227;1;;;;;;;;;;;;;
156;0,613538022;0,107590587;0,02256337;1;0,157249029;0,082129789;-0,213754857;1;0,282826;0,140140251;-0,292935;1;;;;;;;;;;;;;
157;0,587906484;0,118523362;-0,02015586;1;0,212830724;0,090090698;0,064153621;1;0,392457235;0,151457579;-0,018856914;1;;;;;;;;;;;;;
158;0,597991588;0,111182442;-0,003347353;1;0,259050197;0,087580433;0,295250985;1;0,298124323;0,14733699;-0,254689192;1;;;;;;;;;;;;;
159;0,511425104;0,117338029;-0,147624827;1;0,27552551;0,089752619;0,377627548;1;0,508823327;0,158013191;0,272058319;1;;;;;;;;;;;;;
160;0,552463707;0,114671661;-0,079227155;1;0,2848115;0,089347712;0,424057502;1;0,446673836;0,15232097;0,11668459;1;;;;;;;;;;;;;
161;0,624228477;0,111785386;0,040380795;1;0,200326594;0,086997359;0,001632969;1;0,200579504;0,145717919;-0,498551239;1;;;;;;;;;;;;;
162;0,578849841;0,108727103;-0,035250265;1;0,087046582;0,083491003;-0,564767092;1;0,173388499;0,150378604;-0,566528754;1;;;;;;;;;;;;;
163;0,841527642;0,116293255;0,40254607;0;0,126453285;0,087536605;-0,367733577;1;0,211534478;0,15191352;-0,471163805;1;;;;;;;;;;;;;
164;0,554403098;0,114021652;-0,075994837;1;0,26286215;0,087681563;0,31431075;1;0,472083844;0,152484914;0,180209611;1;;;;;;;;;;;;;
165;0,645220883;0,11997373;0,075368139;1;0,122556191;0,091997829;-0,387219046;1;0,340633965;0,159962949;-0,148415087;1;;;;;;;;;;;;;
166;0,672985115;0,118256409;0,121641858;1;0,312514519;0,088653155;0,562572593;1;0,216697605;0,155303739;-0,458255987;1;;;;;;;;;;;;;
167;0,629597086;0,118586255;0,049328476;1;0,238636445;0,09077012;0,193182226;1;0,316746167;0,155934001;-0,208134583;1;;;;;;;;;;;;;
168;0,369346597;0,10979614;-0,384422338;0;0,300869301;0,082981733;0,504346504;1;0,358470079;0,138328812;-0,103824801;1;;;;;;;;;;;;;
169;0,507596484;0,11084553;-0,154005861;1;0,237993115;0,086577585;0,189965575;1;0,379124212;0,150946215;-0,052189469;1;;;;;;;;;;;;;
170;0,531715976;0,111849737;-0,113806707;1;0,133523807;0,085145247;-0,332380966;1;0,249185749;0,149163571;-0,377035627;1;;;;;;;;;;;;;
171;0,321326881;0,111657733;-0,464455198;0;0,273020654;0,086242109;0,365103268;1;0,533905041;0,148622704;0,334762601;1;;;;;;;;;;;;;
172;0,593947824;0,122890217;-0,01008696;1;0,115054588;0,091238307;-0,42472706;1;0,492702636;0,161183446;0,231756589;1;;;;;;;;;;;;;
173;0,610417019;0,108781907;0,017361698;1;0,139254752;0,085347701;-0,30372624;1;0,465846628;0,151359433;0,164616569;1;;;;;;;;;;;;;
174;0,709178255;0,11857749;0,181963759;1;0,287620228;0,091591505;0,438101142;1;0,252471319;0,158175896;-0,368821703;1;;;;;;;;;;;;;
175;0,577077412;0,116108654;-0,038204313;1;0,194841941;0,088648777;-0,025790294;1;0,483571729;0,157715928;0,208929322;1;;;;;;;;;;;;;
176;0,582119944;0,110970087;-0,029800093;1;0,0881871;0,085226756;-0,559064501;1;0,486907896;0,148149881;0,217269741;1;;;;;;;;;;;;;
177;0,553203175;0,119023487;-0,077994708;1;0,215165952;0,092525856;0,075829758;1;0,489059325;0,160216864;0,222648313;1;;;;;;;;;;;;;
178;0,673280357;0,114760121;0,122133928;1;0,09386082;0,089613485;-0,530695902;1;0,391113966;0,150169796;-0,022215086;1;;;;;;;;;;;;;
179;0,651769686;0,108669562;0,08628281;1;0,133249329;0,082863845;-0,333753356;1;0,150751802;0,146845299;-0,623120496;1;;;;;;;;;;;;;
180;0,4733343;0,119480721;-0,2111095;1;0,207585558;0,091349189;0,037927789;1;0,485037551;0,154515211;0,212593876;1;;;;;;;;;;;;;
181;0,618997354;0,118265987;0,031662256;1;0,028954747;0,091581584;-0,855226264;1;0,461095369;0,157252879;0,152738422;1;;;;;;;;;;;;;
182;0,397512404;0,117272638;-0,337479327;1;0,357098195;0,086348645;0,785490977;1;0,432205003;0,152494523;0,080512507;1;;;;;;;;;;;;;
183;0,564959074;0,114839892;-0,058401544;1;0,22812103;0,090483362;0,140605149;1;0,482091323;0,151632151;0,205228306;1;;;;;;;;;;;;;
184;0,486165469;0,106838391;-0,189724218;1;0,242839937;0,081314654;0,214199684;1;0,331734949;0,146161351;-0,170662627;1;;;;;;;;;;;;;
185;0,858461306;0,114662987;0,430768843;0;0,099500398;0,086188878;-0,502498009;1;0,097481289;0,146658341;-0,756296777;0;;;;;;;;;;;;;
186;0,523848939;0,115030953;-0,126918435;1;0,28435005;0,086577758;0,421750248;1;0,503400084;0,146903063;0,258500211;1;;;;;;;;;;;;;
187;0,700041664;0,124244086;0,166736107;1;0,007317899;0,095774798;-0,963410503;0;0,516236589;0,16523445;0,290591474;1;;;;;;;;;;;;;
188;0,425510113;0,110130125;-0,290816479;1;0,269036022;0,086904689;0,345180112;1;0,694680805;0,142471409;0,736702013;0;;;;;;;;;;;;;
189;0,771617048;0,123218428;0,286028413;1;0,084379829;0,096848027;-0,578100854;1;0,454664707;0,166513894;0,136661767;1;;;;;;;;;;;;;
190;0,71860096;0,121907781;0,197668266;1;0,11223495;0,094663652;-0,438825249;1;0,305521077;0,158726203;-0,236197306;1;;;;;;;;;;;;;
191;0,714390847;0,115595367;0,190651412;1;0,104561266;0,089426456;-0,477193669;1;0,364924761;0,153882987;-0,087688097;1;;;;;;;;;;;;;
192;0,547158656;0,119416152;-0,088068907;1;0,248282696;0,097033975;0,241413478;1;0,531672255;0,155126835;0,329180637;1;;;;;;;;;;;;;
193;0,483655856;0,11964347;-0,193906906;1;0,249183765;0,090520767;0,245918824;1;0,470032492;0,156821721;0,175081229;1;;;;;;;;;;;;;
194;0,830730734;0,122870317;0,384551223;1;0,158548655;0,09042061;-0,207256726;1;0,119802279;0,158194178;-0,700494302;1;;;;;;;;;;;;;
195;0,700238155;0,116040969;0,167063592;1;0,071091092;0,087863275;-0,644544539;1;0,229206111;0,155920796;-0,426984723;1;;;;;;;;;;;;;
196;0,692609499;0,120092034;0,154349164;1;0,230838689;0,092555285;0,154193446;1;0,293589002;0,1566782;-0,266027495;1;;;;;;;;;;;;;
197;0,54971878;0,11445211;-0,083802033;1;0,135187871;0,091081581;-0,324060644;1;0,653471809;0,152464239;0,633679523;1;;;;;;;;;;;;;
198;0,893159115;0,128875754;0,488598524;0;0,161122376;0,09925146;-0,194388121;1;0,260655303;0,172189878;-0,348361743;1;;;;;;;;;;;;;
199;0,517009297;0,11213822;-0,138317838;1;0,124957781;0,085123583;-0,375211097;1;0,507141766;0,152872908;0,267854414;1;;;;;;;;;;;;;
200;0,731937545;0,115029162;0,219895908;1;0,197896207;0,086284085;-0,010518965;1;0,245933137;0,151107912;-0,385167158;1;;;;;;;;;;;;;
201;0,57102755;0,116820423;-0,048287417;1;0,257585408;0,089712018;0,287927041;1;0,425484069;0,155665396;0,063710171;1;;;;;;;;;;;;;
202;0,636012611;0,114792346;0,060021018;1;0,170181797;0,089303878;-0,149091016;1;0,460738677;0,154610753;0,151846693;1;;;;;;;;;;;;;
203;0,610470091;0,118639925;0,017450152;1;0,179827162;0,087951557;-0,10086419;1;0,284974321;0,157144011;-0,287564196;1;;;;;;;;;;;;;
204;0,568718468;0,111094338;-0,052135887;1;0,309084946;0,088799284;0,545424732;1;0,373360135;0,144202983;-0,066599662;1;;;;;;;;;;;;;
205;0,49774533;0,113553605;-0,170424449;1;0,203961741;0,087692364;0,019808705;1;0,576756174;0,147154823;0,441890436;1;;;;;;;;;;;;;
206;0,802126494;0,115509427;0,33687749;1;0,05570095;0,085271764;-0,721495248;1;0,158701887;0,150075393;-0,603245283;1;;;;;;;;;;;;;
207;0,557430904;0,119283635;-0,070948493;1;0,403705462;0,095482209;1,018527311;0;0,472468691;0,157830263;0,181171728;1;;;;;;;;;;;;;
208;0,718965305;0,127099693;0,198275509;1;0,058006603;0,095253444;-0,709966985;1;0,511060877;0,167322542;0,277652193;1;;;;;;;;;;;;;
209;0,556401123;0,110923455;-0,072664795;1;0,180199397;0,087426939;-0,099003017;1;0,285543334;0,144477441;-0,286141665;1;;;;;;;;;;;;;
210;0,479013109;0,11938998;-0,201644818;1;0,179855074;0,090941638;-0,100724632;1;0,682642436;0,15368548;0,70660609;1;;;;;;;;;;;;;
211;0,446365109;0,113882404;-0,256058151;1;0,275766067;0,089572796;0,378830337;1;0,501291665;0,152330547;0,253229162;1;;;;;;;;;;;;;
212;0,613445766;0,11202916;0,022409611;1;0,236305039;0,087950824;0,181525196;1;0,382849964;0,152348165;-0,04287509;1;;;;;;;;;;;;;
213;0,786750944;0,120466601;0,311251573;1;0,18688205;0,092146985;-0,06558975;1;0,231960322;0,160616282;-0,420099196;1;;;;;;;;;;;;;
214;0,699944092;0,125492453;0,166573487;1;0,145808178;0,098570058;-0,270959111;1;0,442388203;0,168453931;0,105970508;1;;;;;;;;;;;;;
215;0,592184437;0,124353018;-0,013025938;1;0,267088796;0,09344343;0,335443982;1;0,50737899;0,161141835;0,268447476;1;;;;;;;;;;;;;
216;0,686189533;0,117867628;0,143649222;1;0,285129749;0,089821269;0,425648745;1;0,180191213;0,154692572;-0,549521968;1;;;;;;;;;;;;;
217;0,567412085;0,118411726;-0,054313192;1;0,218138368;0,089304871;0,090691838;1;0,495649561;0,159356074;0,239123902;1;;;;;;;;;;;;;
218;0,581813592;0,119098512;-0,03031068;1;0,183591949;0,093954013;-0,082040254;1;0,403990097;0,153741241;0,009975242;1;;;;;;;;;;;;;
219;0,543842626;0,120638529;-0,093595624;1;0,147600907;0,092226247;-0,261995467;1;0,480527479;0,162625753;0,201318698;1;;;;;;;;;;;;;
220;0,542495204;0,111062978;-0,095841327;1;0,165188895;0,085288808;-0,174055523;1;0,379156272;0,143886495;-0,052109319;1;;;;;;;;;;;;;
221;0,65845239;0,114256409;0,09742065;1;0,127567412;0,086189418;-0,362162939;1;0,139749686;0,14929799;-0,650625786;1;;;;;;;;;;;;;
222;0,609636526;0,109177481;0,016060876;1;0,170070251;0,083739212;-0,149648744;1;0,37525053;0,148885594;-0,061873675;1;;;;;;;;;;;;;
223;0,481244295;0,120836261;-0,197926175;1;0,220785408;0,092367655;0,10392704;1;0,485492862;0,156577671;0,213732156;1;;;;;;;;;;;;;
224;0,694042906;0,112832837;0,156738176;1;0,039654204;0,086212017;-0,801728979;1;0,307007148;0,147639568;-0,232482129;1;;;;;;;;;;;;;
225;0,527285887;0,118702932;-0,121190189;1;0,18476185;0,087628432;-0,076190749;1;0,4212579;0,15671374;0,053144749;1;;;;;;;;;;;;;
226;0,410874756;0,104734021;-0,31520874;1;0,246449428;0,081843294;0,232247139;1;0,507888329;0,138401488;0,269720823;1;;;;;;;;;;;;;
227;0,626508902;0,125009076;0,044181503;1;0,153431893;0,093692073;-0,232840537;1;0,399363162;0,16085788;-0,001592094;1;;;;;;;;;;;;;
228;0,713668488;0,120844842;0,18944748;1;0,093010493;0,08889306;-0,534947536;1;0,205364302;0,158512328;-0,486589244;1;;;;;;;;;;;;;
229;0,586583312;0,109834148;-0,022361146;1;0,176863737;0,084163654;-0,115681315;1;0,286432535;0,144383301;-0,283918662;1;;;;;;;;;;;;;
230;0,52509057;0,10800493;-0,124849051;1;0,174594452;0,083344794;-0,127027738;1;0,570603009;0,142850738;0,426507522;1;;;;;;;;;;;;;
231;0,547762024;0,125216541;-0,087063293;1;0,203494628;0,094948292;0,017473141;1;0,499124089;0,172415878;0,247810224;1;;;;;;;;;;;;;
232;0,523357391;0,115866609;-0,127737682;1;0,301979094;0,091613486;0,509895469;1;0,36703215;0,156724462;-0,082419625;1;;;;;;;;;;;;;
233;0,56785392;0,11902611;-0,0535768;1;0,30717664;0,089686847;0,535883202;1;0,44906865;0,15763765;0,122671624;1;;;;;;;;;;;;;
234;0,476628255;0,109168291;-0,205619576;1;0,148604976;0,087263595;-0,256975122;1;0,669033962;0,149511224;0,672584906;1;;;;;;;;;;;;;
235;0,641537795;0,118594308;0,069229659;1;0,222506701;0,092140487;0,112533504;1;0,309337338;0,158822442;-0,226656656;1;;;;;;;;;;;;;
236;0,604438036;0,113254862;0,007396727;1;0,207007793;0,085940046;0,035038966;1;0,397162151;0,145849619;-0,007094621;1;;;;;;;;;;;;;
237;0,798615029;0,121926196;0,331025049;1;0,133629916;0,093776857;-0,33185042;1;0,203224307;0,164960636;-0,491939231;1;;;;;;;;;;;;;
238;0,568945503;0,11728756;-0,051757494;1;0,187020273;0,088374192;-0,064898637;1;0,476545135;0,151969206;0,191362838;1;;;;;;;;;;;;;
239;0,495858806;0,121648058;-0,173568657;1;0,165751534;0,090309492;-0,171242329;1;0,677989858;0,15882541;0,694974645;1;;;;;;;;;;;;;
240;0,53992372;0,110882379;-0,100127133;1;0,07555494;0,086650209;-0,6222253;1;0,487673145;0,151858344;0,219182862;1;;;;;;;;;;;;;
241;0,478066986;0,114579331;-0,20322169;1;0,102941544;0,08837257;-0,485292282;1;0,802246951;0,151887615;1,005617377;0;;;;;;;;;;;;;
242;0,49432875;0,117124139;-0,17611875;1;0,117009581;0,089256146;-0,414952093;1;0,56108284;0,156504323;0,4027071;1;;;;;;;;;;;;;
243;0,486239088;0,109827686;-0,18960152;1;0,114381889;0,083426535;-0,428090553;1;0,506437305;0,144337376;0,266093263;1;;;;;;;;;;;;;
244;0,65085196;0,117239764;0,084753266;1;0,253351924;0,088102238;0,266759621;1;0,161329462;0,149333589;-0,596676344;1;;;;;;;;;;;;;
245;0,547246817;0,11716193;-0,087921972;1;0,399193957;0,090302455;0,995969785;0;0,303319513;0,150594783;-0,241701217;1;;;;;;;;;;;;;
246;0,599334846;0,114557488;-0,00110859;1;0,198942205;0,09033353;-0,005288973;1;0,382443947;0,151509087;-0,043890134;1;;;;;;;;;;;;;
247;0,721160763;0,120027778;0,201934606;1;0,232509068;0,092366908;0,162545339;1;0,204147105;0,156090597;-0,489632238;1;;;;;;;;;;;;;
248;0,619035074;0,117459987;0,031725123;1;0,076734965;0,092565972;-0,616325173;1;0,526203806;0,157288844;0,315509516;1;;;;;;;;;;;;;
249;0,497905678;0,1137859;-0,170157203;1;0,236837508;0,087333359;0,184187539;1;0,588824859;0,148305735;0,472062148;1;;;;;;;;;;;;;
250;0,49472101;0,112376548;-0,175464983;1;0,084169384;0,087026126;-0,579153079;1;0,521615234;0,146402932;0,304038084;1;;;;;;;;;;;;;
251;0,61071089;0,114215683;0,017851483;1;0,053246405;0,086852947;-0,733767976;1;0,456301969;0,146396845;0,140754923;1;;;;;;;;;;;;;
252;0,640507571;0,121012888;0,067512619;1;0,094025821;0,091311514;-0,529870897;1;0,44139764;0,165495926;0,103494099;1;;;;;;;;;;;;;
253;0,607361887;0,112541077;0,012269812;1;0,414690855;0,090389828;1,073454275;0;0,389518055;0,146743388;-0,026204863;1;;;;;;;;;;;;;
254;0,708702171;0,114988532;0,181170284;1;0,089145439;0,088355225;-0,554272807;1;0,189955795;0,15038547;-0,525110511;1;;;;;;;;;;;;;
255;0,714010757;0,119386078;0,190017929;1;0,111358309;0,088864613;-0,443208454;1;0,212141575;0,157231724;-0,469646061;1;;;;;;;;;;;;;
256;0,794640977;0,116551634;0,324401629;1;0,130308975;0,088498393;-0,348455127;1;0,297192449;0,150867296;-0,257018878;1;;;;;;;;;;;;;
257;0,657140664;0,113534281;0,095234441;1;0,085421858;0,086680687;-0,572890711;1;0,318498673;0,144806142;-0,203753317;1;;;;;;;;;;;;;
258;0,615388208;0,113695564;0,025647014;1;0,113823643;0,08996638;-0,430881787;1;0,61161885;0,152048892;0,529047125;1;;;;;;;;;;;;;
259;0,54222931;0,116472439;-0,096284483;1;0,311738451;0,089563462;0,558692254;1;0,375842753;0,15553904;-0,060393117;1;;;;;;;;;;;;;
260;0,546394411;0,124078528;-0,089342648;1;0,124587856;0,091936741;-0,377060718;1;0,585849761;0,16768174;0,464624404;1;;;;;;;;;;;;;
261;0,535592883;0,115027534;-0,107345194;1;0,196473391;0,088472756;-0,017633046;1;0,582075214;0,153657462;0,455188035;1;;;;;;;;;;;;;
262;0,593956672;0,111920598;-0,010072213;1;0,1000028;0,087007664;-0,499986;1;0,327223632;0,152597708;-0,181940919;1;;;;;;;;;;;;;
263;0,601204279;0,115426598;0,002007131;1;0,266855696;0,088615471;0,33427848;1;0,37224394;0,152612065;-0,069390151;1;;;;;;;;;;;;;
264;0,595956551;0,116007053;-0,006739081;1;-0,012424027;0,090058405;-1,062120135;0;0,64501911;0,157498421;0,612547775;1;;;;;;;;;;;;;
265;0,718786669;0,108505553;0,197977782;1;0,252235083;0,086530209;0,261175416;1;0,169997336;0,150568814;-0,575006661;1;;;;;;;;;;;;;
266;0,495143852;0,112006865;-0,174760246;1;0,227399796;0,089401446;0,136998982;1;0,539042837;0,145091187;0,347607093;1;;;;;;;;;;;;;
267;0,531482439;0,117236434;-0,114195935;1;0,279131971;0,089919794;0,395659853;1;0,279231217;0,158882529;-0,301921959;1;;;;;;;;;;;;;
268;0,502194804;0,112719193;-0,163008659;1;0,203295552;0,087249281;0,01647776;1;0,389520477;0,150579238;-0,026198807;1;;;;;;;;;;;;;
269;0,747834359;0,118532586;0,246390598;1;0,205684182;0,093414081;0,028420912;1;0,302609693;0,158282791;-0,243475766;1;;;;;;;;;;;;;
270;0,365858312;0,112334427;-0,390236147;0;0,242666538;0,087800082;0,21333269;1;0,704968736;0,152328884;0,76242184;0;;;;;;;;;;;;;
271;0,719929311;0,114486137;0,199882185;1;0,020005226;0,088603732;-0,899973872;0;0,488254809;0,154810357;0,220637023;1;;;;;;;;;;;;;
272;0,579624297;0,116900379;-0,033959505;1;0,078438649;0,087264614;-0,607806754;1;0,375943615;0,153749758;-0,060140963;1;;;;;;;;;;;;;
273;0,396795599;0,110094739;-0,338674002;1;0,320647861;0,083440187;0,603239303;1;0,238278612;0,144331758;-0,40430347;1;;;;;;;;;;;;;
274;0,569976085;0,118650623;-0,050039858;1;0,143942934;0,0924991;-0,28028533;1;0,562526059;0,153622565;0,406315148;1;;;;;;;;;;;;;
275;0,648506073;0,115288069;0,080843455;1;0,182324282;0,08819185;-0,088378589;1;0,200388576;0,152070331;-0,49902856;1;;;;;;;;;;;;;
276;0,695221645;0,117575749;0,158702742;1;0,132677131;0,089354574;-0,336614344;1;0,29979567;0,160609502;-0,250510825;1;;;;;;;;;;;;;
277;0,72167385;0,115039238;0,20278975;1;0,111006742;0,086183196;-0,444966289;1;0,231869951;0,151234883;-0,420325123;1;;;;;;;;;;;;;
278;0,899795971;0,121116819;0,499659951;0;0,044837782;0,091530268;-0,775811088;1;0,088695869;0,162779511;-0,778260327;1;;;;;;;;;;;;;
279;0,727404943;0,116995299;0,212341572;1;0,375214625;0,092539325;0,876073125;1;0,250213704;0,155940552;-0,374465741;1;;;;;;;;;;;;;
280;0,74749615;0,114659556;0,245826916;1;0,057046649;0,089189004;-0,714766757;1;0,251425961;0,158539596;-0,371435096;1;;;;;;;;;;;;;
281;0,703384262;0,112234773;0,172307103;1;0,292094216;0,083937833;0,460471082;1;0,014173127;0,147812723;-0,964567183;0;;;;;;;;;;;;;
282;0,586764011;0,120426544;-0,022059982;1;0,309866511;0,091785637;0,549332556;1;0,371139254;0,159720874;-0,072151865;1;;;;;;;;;;;;;
283;0,59270124;0,121450285;-0,0121646;1;0,152057507;0,092073352;-0,239712466;1;0,49642387;0,160684492;0,241059675;1;;;;;;;;;;;;;
284;0,462970745;0,10987229;-0,228382092;1;0,259865805;0,084258434;0,299329025;1;0,294624432;0,14920847;-0,263438921;1;;;;;;;;;;;;;
285;0,515489895;0,116511673;-0,140850175;1;0,036982507;0,090527269;-0,815087463;1;0,640288244;0,166239562;0,600720611;1;;;;;;;;;;;;;
286;0,516710728;0,107962365;-0,138815454;1;0,158359489;0,083384318;-0,208202554;1;0,263226339;0,142107662;-0,341934152;1;;;;;;;;;;;;;
287;0,442218281;0,107440976;-0,262969531;1;0,100574088;0,08321421;-0,497129561;1;0,5872499;0,142380999;0,468124749;1;;;;;;;;;;;;;
288;0,584073099;0,12093934;-0,026544834;1;0,285156617;0,089433945;0,425783085;1;0,307536601;0,159269261;-0,231158498;1;;;;;;;;;;;;;
289;0,784731957;0,117623852;0,307886596;1;0,098793342;0,091675513;-0,506033288;1;0,194292816;0,156044738;-0,51426796;1;;;;;;;;;;;;;
290;0,681594592;0,118814523;0,135990986;1;0,135789152;0,091588277;-0,32105424;1;0,392424222;0,150933491;-0,018939444;1;;;;;;;;;;;;;
291;0,552792852;0,114822635;-0,07867858;1;0,39760378;0,088649299;0,9880189;0;0,433353045;0,153178825;0,083382612;1;;;;;;;;;;;;;
292;0,581247983;0,116929814;-0,031253362;1;0,225271531;0,087286295;0,126357655;1;0,39046115;0,158281784;-0,023847124;1;;;;;;;;;;;;;
293;0,511095585;0,109397465;-0,148174025;1;0,240923574;0,090621468;0,204617871;1;0,55149576;0,152497322;0,378739399;1;;;;;;;;;;;;;
294;0,635028877;0,117809538;0,058381462;1;0,260091423;0,088796841;0,300457115;1;0,228668694;0,150392847;-0,428328265;1;;;;;;;;;;;;;
295;0,658563121;0,122045935;0,097605202;1;0,307913076;0,098852945;0,539565378;1;0,22662788;0,161245322;-0,4334303;1;;;;;;;;;;;;;
296;0,521512324;0,111595993;-0,130812793;1;0,121652952;0,084902148;-0,39173524;1;0,492878962;0,14383629;0,232197406;1;;;;;;;;;;;;;
297;0,660847934;0,10837106;0,101413224;1;0,143508289;0,084842095;-0,282458553;1;0,404358264;0,141370636;0,010895661;1;;;;;;;;;;;;;
298;0,859932177;0,118558423;0,433220295;0;0,121572404;0,092656273;-0,39213798;1;0,164628259;0,158665545;-0,588429353;1;;;;;;;;;;;;;
299;0,536309859;0,114216462;-0,106150236;1;0,277813801;0,087194497;0,389069005;1;0,38219738;0,151744969;-0,04450655;1;;;;;;;;;;;;;
300;0,536206261;0,125704556;-0,106322899;1;0,171856591;0,094537669;-0,140717043;1;0,643314544;0,166361748;0,60828636;1;;;;;;;;;;;;;
301;0,657437882;0,117054266;0,095729803;1;0,315894979;0,089327424;0,579474896;1;0,357525109;0,157984712;-0,106187226;1;;;;;;;;;;;;;
302;0,676461789;0,115471201;0,127436316;1;0,146027572;0,087192628;-0,269862142;1;0,205788817;0,152512568;-0,485527958;1;;;;;;;;;;;;;
303;0,544797896;0,115689369;-0,092003507;1;0,10981342;0,089558862;-0,450932899;1;0,543476087;0,150694235;0,358690218;1;;;;;;;;;;;;;
304;0,484677409;0,118960528;-0,192204318;1;0,197925093;0,090877012;-0,010374533;1;0,850399309;0,158560806;1,125998273;0;;;;;;;;;;;;;
305;0,465226495;0,112705933;-0,224622508;1;0,281439817;0,090721113;0,407199086;1;0,54527148;0,150017988;0,3631787;1;;;;;;;;;;;;;
306;0,620194981;0,122857493;0,033658301;1;0,222677982;0,09717258;0,11338991;1;0,506897473;0,164569507;0,267243683;1;;;;;;;;;;;;;
307;0,489835552;0,112127871;-0,183607413;1;0,175483314;0,08603129;-0,122583428;1;0,356806834;0,146485023;-0,107982916;1;;;;;;;;;;;;;
308;0,865694298;0,130343168;0,442823831;0;0,122118269;0,10243002;-0,389408655;1;0,413273644;0,175151817;0,033184109;1;;;;;;;;;;;;;
309;0,720633506;0,124393145;0,201055843;1;0,038103066;0,094537747;-0,809484671;1;0,339619321;0,166521396;-0,150951697;1;;;;;;;;;;;;;
310;0,584204377;0,112922565;-0,026326039;1;0,275086606;0,088575053;0,375433031;1;0,265839875;0,147234399;-0,335400313;1;;;;;;;;;;;;;
311;0,631821782;0,114591694;0,053036303;1;0,23115783;0,090966304;0,15578915;1;0,374809549;0,157995494;-0,062976127;1;;;;;;;;;;;;;
312;0,48039231;0,11558088;-0,199346151;1;0,031617695;0,08835462;-0,841911527;1;0,590533521;0,152615531;0,476333801;1;;;;;;;;;;;;;
313;0,590833918;0,108675713;-0,015276804;1;0,167980843;0,084168273;-0,160095784;1;0,280985886;0,147058847;-0,297535285;1;;;;;;;;;;;;;
314;0,703261254;0,116866269;0,172102089;1;0,248982844;0,090242182;0,244914221;1;0,205269499;0,159570657;-0,486826252;1;;;;;;;;;;;;;
315;0,74895016;0,127378075;0,248250266;1;0,300241519;0,098157313;0,501207595;1;0,369433013;0,166326298;-0,076417467;1;;;;;;;;;;;;;
316;0,810738062;0,116957463;0,351230104;1;0,147157239;0,089610625;-0,264213807;1;0,197025238;0,155576034;-0,507436904;1;;;;;;;;;;;;;
317;0,595300757;0,11786851;-0,007832072;1;0,262560312;0,091249983;0,312801559;1;0,35181552;0,160929665;-0,120461199;1;;;;;;;;;;;;;
318;0,504364053;0,107612655;-0,159393245;1;0,060970446;0,08320047;-0,695147769;1;0,535889011;0,143295069;0,339722528;1;;;;;;;;;;;;;
319;0,550588658;0,12003407;-0,082352237;1;0,128982155;0,091967376;-0,355089226;1;0,660465911;0,155843698;0,651164779;1;;;;;;;;;;;;;
320;0,568228205;0,120218181;-0,052952992;1;0,234595569;0,090639493;0,172977845;1;0,335569845;0,152723592;-0,161075387;1;;;;;;;;;;;;;
321;0,445595999;0,106609541;-0,257340002;1;0,29176397;0,084098634;0,45881985;1;0,404931239;0,146462229;0,012328098;1;;;;;;;;;;;;;
322;0,544478233;0,110858964;-0,092536278;1;0,176252781;0,084201241;-0,118736096;1;0,437575396;0,14634875;0,09393849;1;;;;;;;;;;;;;
323;0,47758656;0,110331549;-0,2040224;1;0,219889896;0,087070339;0,099449478;1;0,661592227;0,151289911;0,653980567;1;;;;;;;;;;;;;
324;0,710554865;0,114116633;0,184258109;1;0,096775268;0,084727696;-0,516123662;1;0,193476858;0,151125393;-0,516307855;1;;;;;;;;;;;;;
325;0,651167456;0,112534358;0,085279093;1;0,032979711;0,086827429;-0,835101447;1;0,346472302;0,146188804;-0,133819246;1;;;;;;;;;;;;;
326;0,556548835;0,107256063;-0,072418609;1;0,260651372;0,084338939;0,30325686;1;0,449225031;0,139116901;0,123062578;1;;;;;;;;;;;;;
327;0,641888997;0,115342634;0,069814995;1;0,212387956;0,090049135;0,06193978;1;0,258244997;0,15136599;-0,354387508;1;;;;;;;;;;;;;
328;0,589286551;0,115831818;-0,017855748;1;0,195847257;0,092244845;-0,020763716;1;0,515065772;0,154345134;0,287664429;1;;;;;;;;;;;;;
329;0,619893261;0,12145041;0,033155436;1;0,230507352;0,094264497;0,152536758;1;0,466085637;0,161356821;0,165214093;1;;;;;;;;;;;;;
330;0,651504263;0,117339386;0,085840439;1;0,152834238;0,088386149;-0,23582881;1;0,284766278;0,153374869;-0,288084306;1;;;;;;;;;;;;;
331;0,725405001;0,1165206;0,209008335;1;0,200244674;0,090651773;0,001223372;1;0,388772684;0,157739963;-0,02806829;1;;;;;;;;;;;;;
332;0,584097901;0,115236026;-0,026503499;1;0,180862876;0,085674372;-0,09568562;1;0,210788341;0,151771514;-0,473029147;1;;;;;;;;;;;;;
333;0,547903799;0,11761877;-0,086827002;1;0,21194547;0,090762444;0,059727349;1;0,44211371;0,159607757;0,105284276;1;;;;;;;;;;;;;
334;0,507293963;0,113678039;-0,154510062;1;0,288314759;0,088051955;0,441573797;1;0,494108895;0,142791455;0,235272238;1;;;;;;;;;;;;;
335;0,527433006;0,117373433;-0,12094499;1;0,213215412;0,092258833;0,066077058;1;0,555561928;0,153874543;0,388904819;1;;;;;;;;;;;;;
336;0,763375925;0,124392094;0,272293208;1;0,070046803;0,092742874;-0,649765986;1;0,310951059;0,165110522;-0,222622353;1;;;;;;;;;;;;;
337;0,519459015;0,118393692;-0,134234976;1;0,159941065;0,089367377;-0,200294674;1;0,552418739;0,157497507;0,381046847;1;;;;;;;;;;;;;
338;0,695236523;0,116234633;0,158727539;1;0,127770969;0,089177568;-0,361145154;1;0,368167343;0,153389474;-0,079581643;1;;;;;;;;;;;;;
339;0,648721714;0,120499646;0,081202856;1;0,167009158;0,092547342;-0,164954208;1;0,274712828;0,160152699;-0,313217929;1;;;;;;;;;;;;;
340;0,52946826;0,114976257;-0,117552899;1;0,306279158;0,091445154;0,53139579;1;0,469638055;0,156394308;0,174095138;1;;;;;;;;;;;;;
341;0,563385813;0,112908062;-0,061023645;1;0,317085591;0,087262412;0,585427955;1;0,455190313;0,148352358;0,137975782;1;;;;;;;;;;;;;
342;0,512253886;0,111545936;-0,146243523;1;0,243613782;0,083952672;0,21806891;1;0,33169439;0,143971408;-0,170764025;1;;;;;;;;;;;;;
343;0,61680275;0,129109268;0,028004583;1;0,257847743;0,095276684;0,289238715;1;0,372246539;0,180281151;-0,069383652;1;;;;;;;;;;;;;
344;0,534467138;0,117884952;-0,109221437;1;0,356942791;0,092127617;0,784713954;1;0,453914721;0,155711104;0,134786803;1;;;;;;;;;;;;;
345;0,598874814;0,119965763;-0,001875309;1;0,183834794;0,092628606;-0,080826031;1;0,407375454;0,154388763;0,018438634;1;;;;;;;;;;;;;
346;0,749567744;0,120936259;0,249279574;1;0,21967152;0,093969996;0,098357599;1;0,245907481;0,150870359;-0,385231296;1;;;;;;;;;;;;;
347;0,578849793;0,115398405;-0,035250345;1;0,337919182;0,088579537;0,689595912;1;0,278232173;0,151239169;-0,304419566;1;;;;;;;;;;;;;
348;0,773746452;0,131623219;0,289577421;1;0,09698504;0,099105392;-0,515074802;1;0,29565774;0,171110845;-0,26085565;1;;;;;;;;;;;;;
349;0,218975934;0,113213346;-0,635040111;0;0,388032918;0,089281009;0,94016459;0;0,726957381;0,147581379;0,817393451;0;;;;;;;;;;;;;
350;0,482886004;0,114575078;-0,195189993;1;0,009527529;0,08686062;-0,952362357;0;0,802599483;0,152675381;1,006498707;0;;;;;;;;;;;;;
351;0,704727477;0,114008704;0,174545794;1;0,084247308;0,088134809;-0,578763458;1;0,3681047;0,148593917;-0,079738251;1;;;;;;;;;;;;;
352;0,627611889;0,110681622;0,046019816;1;0,254028351;0,08509288;0,270141756;1;0,340881445;0,149108802;-0,147796388;1;;;;;;;;;;;;;
353;0,725690257;0,117702777;0,209483762;1;0,016430751;0,091987382;-0,917846244;0;0,396296994;0,154821298;-0,009257515;1;;;;;;;;;;;;;
354;0,519634509;0,110726594;-0,133942485;1;0,398606179;0,086893229;0,993030897;0;0,485337626;0,147553987;0,213344066;1;;;;;;;;;;;;;
355;0,544860399;0,11584692;-0,091899334;1;0,145234204;0,090237227;-0,273828979;1;0,534285162;0,153181529;0,335712905;1;;;;;;;;;;;;;
356;0,507885188;0,116316824;-0,153524687;1;0,329632998;0,086925652;0,648164991;1;0,308641208;0,151561874;-0,228396981;1;;;;;;;;;;;;;
357;0,437936102;0,109098537;-0,270106497;1;0,161467287;0,083844456;-0,192663564;1;0,481928538;0,148087079;0,204821344;1;;;;;;;;;;;;;
358;0,786829241;0,113980742;0,311382069;1;0,124490752;0,088894586;-0,377546241;1;0,187318088;0,151637386;-0,53170478;1;;;;;;;;;;;;;
359;0,541501521;0,109932087;-0,097497465;1;0,272186803;0,086084668;0,360934014;1;0,267678653;0,144928904;-0,330803368;1;;;;;;;;;;;;;
360;0,631208905;0,111827457;0,052014842;1;0,143579527;0,087993548;-0,282102367;1;0,451520311;0,14928162;0,128800777;1;;;;;;;;;;;;;
361;0,54347408;0,118607591;-0,094209867;1;0,090525247;0,089868167;-0,547373767;1;0,529648113;0,153764851;0,324120283;1;;;;;;;;;;;;;
362;0,525832139;0,108808418;-0,123613102;1;0,185585308;0,084965355;-0,072073462;1;0,420578529;0,144410669;0,051446322;1;;;;;;;;;;;;;
363;0,447243232;0,112143506;-0,254594613;1;0,277257915;0,089138883;0,386289574;1;0,431207412;0,156937011;0,078018531;1;;;;;;;;;;;;;
364;0,60351383;0,116370373;0,005856384;1;0,093147688;0,090104426;-0,534261558;1;0,596287335;0,155409217;0,490718339;1;;;;;;;;;;;;;
365;0,520763861;0,116130976;-0,132060231;1;0,124263063;0,088882531;-0,378684684;1;0,551780302;0,156377756;0,379450755;1;;;;;;;;;;;;;
366;0,722536664;0,125636522;0,204227773;1;0,232912271;0,096564389;0,164561357;1;0,328197905;0,163993793;-0,179505238;1;;;;;;;;;;;;;
367;0,644755896;0,124235831;0,074593161;1;0,385286426;0,094715664;0,926432132;1;0,342794488;0,161535639;-0,143013781;1;;;;;;;;;;;;;
368;0,379652927;0,113587154;-0,367245122;1;0,23179048;0,087427126;0,158952399;1;0,534170778;0,148106643;0,335426945;1;;;;;;;;;;;;;
369;0,794097607;0,117176507;0,323496012;1;0,301528357;0,091956397;0,507641786;1;0,205177853;0,157311476;-0,487055368;1;;;;;;;;;;;;;
370;0,693921429;0,11729586;0,156535715;1;0,377547457;0,093300111;0,887737283;1;0,07955736;0,147530773;-0,801106601;0;;;;;;;;;;;;;
371;0,734692197;0,118372965;0,224486995;1;0,226807661;0,091259855;0,134038303;1;0,206637566;0,157252398;-0,483406084;1;;;;;;;;;;;;;
372;0,623527019;0,119661153;0,039211699;1;0,43040432;0,094063372;1,152021599;0;0,407668501;0,161529207;0,019171253;1;;;;;;;;;;;;;
373;0,606112347;0,118626673;0,010187245;1;0,145727791;0,088981035;-0,271361045;1;0,291137642;0,156175789;-0,272155896;1;;;;;;;;;;;;;
374;0,554783803;0,115357534;-0,075360328;1;0,317628625;0,087603975;0,588143125;1;0,381587483;0,152833237;-0,046031292;1;;;;;;;;;;;;;
375;0,773188086;0,130272263;0,288646811;1;0,202693153;0,097000668;0,013465765;1;0,285479248;0,171997099;-0,286301879;1;;;;;;;;;;;;;
376;0,655716914;0,111539431;0,092861524;1;0,244435471;0,090357862;0,222177355;1;0,235341329;0,151410356;-0,411646677;1;;;;;;;;;;;;;
377;0,398078459;0,110008265;-0,336535902;1;0,193910114;0,084003204;-0,030449428;1;0,569167393;0,14703562;0,422918483;1;;;;;;;;;;;;;
378;0,638013339;0,116315552;0,063355566;1;0,272829823;0,087896676;0,364149117;1;0,239520722;0,155437094;-0,401198195;1;;;;;;;;;;;;;
379;0,624770915;0,113243225;0,041284858;1;0,240407436;0,089216855;0,202037181;1;0,358342269;0,15148186;-0,104144327;1;;;;;;;;;;;;;
380;0,592929325;0,113664303;-0,011784458;1;0,293934793;0,08942076;0,469673966;1;0,44347368;0,152919782;0,108684199;1;;;;;;;;;;;;;
381;0,523050557;0,110396275;-0,128249072;1;0,282554145;0,085271619;0,412770723;1;0,331057407;0,146533802;-0,172356482;1;;;;;;;;;;;;;
382;0,646600942;0,117097932;0,077668237;1;0,081034751;0,089151132;-0,594826245;1;0,502573256;0,155864012;0,256433141;1;;;;;;;;;;;;;
383;0,706416896;0,117008071;0,177361493;1;0,153708381;0,091420783;-0,231458097;1;0,239797203;0,151424926;-0,400506992;1;;;;;;;;;;;;;
384;0,701080698;0,126053997;0,168467831;1;0,117071135;0,09506384;-0,414644327;1;0,426481441;0,158782685;0,066203603;1;;;;;;;;;;;;;
385;0,710779594;0,119422678;0,184632657;1;0,338679099;0,090530852;0,693395496;1;0,229416412;0,161587394;-0,426458971;1;;;;;;;;;;;;;
386;0,597869651;0,112882936;-0,003550581;1;0,183532263;0,086359421;-0,082338684;1;0,354679138;0,146703887;-0,113302155;1;;;;;;;;;;;;;
387;0,541516341;0,112866046;-0,097472766;1;0,187905246;0,085025393;-0,060473771;1;0,464932824;0,152533742;0,16233206;1;;;;;;;;;;;;;
388;0,492999387;0,11551666;-0,178334355;1;0,167904448;0,08784649;-0,160477762;1;0,50098688;0,146722357;0,252467199;1;;;;;;;;;;;;;
389;0,779046898;0,13101194;0,298411496;1;0,257546037;0,09910193;0,287730187;1;0,30564851;0,165579599;-0,235878724;1;;;;;;;;;;;;;
390;0,493412282;0,109241462;-0,177646197;1;0,088484074;0,085676241;-0,557579632;1;0,390026189;0,14706608;-0,024934528;1;;;;;;;;;;;;;
391;0,535452157;0,119356484;-0,107579738;1;0,154236815;0,091835455;-0,228815926;1;0,484765111;0,153067841;0,211912778;1;;;;;;;;;;;;;
392;0,596889562;0,111032341;-0,005184063;1;0,233253546;0,08411041;0,166267729;1;0,307430704;0,140880937;-0,23142324;1;;;;;;;;;;;;;
393;0,510542299;0,111791461;-0,149096168;1;0,346813445;0,086397913;0,734067227;1;0,42419293;0,138549743;0,060482325;1;;;;;;;;;;;;;
394;0,740901202;0,112644115;0,234835337;1;0,225777752;0,087631736;0,12888876;1;0,169759868;0,150071763;-0,57560033;1;;;;;;;;;;;;;
395;0,538096192;0,105980421;-0,103173013;1;0,115815614;0,081411811;-0,420921931;1;0,382641545;0,144187694;-0,043396138;1;;;;;;;;;;;;;
396;0,551709884;0,117481342;-0,080483526;1;0,242782176;0,089682889;0,21391088;1;0,530382254;0,148984626;0,325955635;1;;;;;;;;;;;;;
397;0,666386354;0,121429742;0,110643923;1;0,169933979;0,090038521;-0,150330106;1;0,418975002;0,163260514;0,047437504;1;;;;;;;;;;;;;
398;0,445238287;0,113348738;-0,257936188;1;0,219334626;0,087140142;0,096673129;1;0,374378267;0,149408129;-0,064054333;1;;;;;;;;;;;;;
399;0,602600666;0,111997071;0,004334443;1;0,099401482;0,087285587;-0,502992591;1;0,557709986;0,145835222;0,394274965;1;;;;;;;;;;;;;
400;0,510963476;0,107406416;-0,148394206;1;0,209256111;0,081393923;0,046280553;1;0,425302411;0,144030711;0,063256028;1;;;;;;;;;;;;;
401;0,636695856;0,111030979;0,061159761;1;0,25537257;0,087374159;0,276862851;1;0,249400406;0,148885697;-0,376498984;1;;;;;;;;;;;;;
402;0,74503141;0,120822047;0,241719016;1;0,090889004;0,092750041;-0,545554979;1;0,204360062;0,159273264;-0,489099844;1;;;;;;;;;;;;;
403;0,502499726;0,106220319;-0,162500457;1;0,233322393;0,082629702;0,166611964;1;0,522762389;0,140503335;0,306905973;1;;;;;;;;;;;;;
404;0,504352771;0,109866421;-0,159412048;1;0,309342209;0,084567239;0,546711046;1;0,362871478;0,14417509;-0,092821305;1;;;;;;;;;;;;;
405;0,537817343;0,107256252;-0,103637761;1;0,226901499;0,084715666;0,134507495;1;0,43360518;0,145655299;0,08401295;1;;;;;;;;;;;;;
406;0,673298896;0,107112451;0,122164826;1;0,206111993;0,083657437;0,030559963;1;0,11477067;0,142577004;-0,713073326;0;;;;;;;;;;;;;
407;0,583053607;0,112644251;-0,028243989;1;0,113501292;0,088062258;-0,432493541;1;0,324301452;0,147062961;-0,189246369;1;;;;;;;;;;;;;
408;0,586543932;0,108631653;-0,02242678;1;0,190119668;0,085988449;-0,04940166;1;0,270592126;0,142293283;-0,323519686;1;;;;;;;;;;;;;
409;0,713676287;0,116122297;0,189460478;1;0,245719114;0,08637084;0,228595568;1;0,119074098;0,14639857;-0,702314754;1;;;;;;;;;;;;;
410;0,548263718;0,116007148;-0,086227136;1;0,148386909;0,089535657;-0,258065456;1;0,460297086;0,15306114;0,150742716;1;;;;;;;;;;;;;
411;0,752035118;0,111237672;0,253391863;1;0,064192603;0,089266788;-0,679036984;1;0,294386977;0,150525219;-0,264032557;1;;;;;;;;;;;;;
412;0,577902246;0,111747565;-0,036829589;1;0,209557834;0,086980417;0,04778917;1;0,423227139;0,148197659;0,058067849;1;;;;;;;;;;;;;
413;0,817754443;0,118376411;0,362924071;1;0,164065202;0,089582752;-0,179673989;1;0,117719471;0,152899256;-0,705701322;1;;;;;;;;;;;;;
414;0,676027685;0,120728888;0,126712809;1;0,104952064;0,091051309;-0,475239679;1;0,414598457;0,162881523;0,036496142;1;;;;;;;;;;;;;
415;0,626967255;0,122274762;0,044945424;1;0,25095911;0,09391132;0,254795551;1;0,326451787;0,158361811;-0,183870534;1;;;;;;;;;;;;;
416;0,753075464;0,112452768;0,255125773;1;0,082297427;0,089456961;-0,588512864;1;0,302969684;0,1493674;-0,242575789;1;;;;;;;;;;;;;
417;0,562385425;0,120570133;-0,062690958;1;0,166739084;0,090424002;-0,166304578;1;0,563612765;0,158183397;0,409031912;1;;;;;;;;;;;;;
418;0,622417278;0,108919355;0,037362129;1;0,266035096;0,082515485;0,330175478;1;0,190252978;0,142729768;-0,524367554;1;;;;;;;;;;;;;
419;0,599700337;0,119895563;-0,000499438;1;0,205797952;0,089521356;0,028989761;1;0,37153675;0,157245805;-0,071158126;1;;;;;;;;;;;;;
420;0,584503479;0,122432855;-0,025827535;1;0,31243172;0,093758356;0,562158602;1;0,444413269;0,161785018;0,111033171;1;;;;;;;;;;;;;
421;0,66347369;0,113061713;0,105789483;1;0,094952803;0,091070814;-0,525235984;1;0,429476972;0,152616737;0,07369243;1;;;;;;;;;;;;;
422;0,704161778;0,111979944;0,173602964;1;0,054608646;0,084582152;-0,726956772;1;0,202926165;0,15441333;-0,492684588;1;;;;;;;;;;;;;
423;0,797343603;0,122286799;0,328906005;1;-0,092779633;0,093724058;-1,463898164;0;0,411546322;0,16253608;0,028865804;1;;;;;;;;;;;;;
424;0,657785964;0,120841628;0,09630994;1;0,166764336;0,092464271;-0,166178318;1;0,368492804;0,157302263;-0,07876799;1;;;;;;;;;;;;;
425;0,417671989;0,116830308;-0,303880018;1;0,24225196;0,087347949;0,211259798;1;0,46081854;0,157506807;0,152046349;1;;;;;;;;;;;;;
426;0,516943201;0,112409364;-0,138427998;1;0,240961416;0,088658411;0,20480708;1;0,579518298;0,14988185;0,448795746;1;;;;;;;;;;;;;
427;0,551260929;0,108890525;-0,081231785;1;0,171211361;0,081713705;-0,143943194;1;0,260696672;0,143978327;-0,348258319;1;;;;;;;;;;;;;
428;0,62423783;0,114198328;0,040396383;1;0,165655562;0,085604286;-0,171722191;1;0,268298701;0,156934731;-0,329253247;1;;;;;;;;;;;;;
429;0,275308223;0,125281273;-0,541152962;0;0,366426819;0,097231608;0,832134094;1;0,78078547;0,165777528;0,951963674;0;;;;;;;;;;;;;
430;0,74961723;0,11284589;0,249362049;1;0,132877372;0,086680972;-0,335613142;1;0,310555352;0,150906668;-0,223611621;1;;;;;;;;;;;;;
431;0,496831295;0,126273368;-0,171947842;1;0,159895966;0,09731526;-0,200520172;1;0,589914569;0,169732522;0,474786423;1;;;;;;;;;;;;;
432;0,388727081;0,109577852;-0,352121532;1;0,228730067;0,085263734;0,143650336;1;0,670949075;0,143600502;0,677372688;1;;;;;;;;;;;;;
433;0,504986546;0,122857885;-0,158355757;1;0,306950861;0,092634325;0,534754307;1;0,631922622;0,161420296;0,579806556;1;;;;;;;;;;;;;
434;0,581046707;0,110766628;-0,031588822;1;0,21551101;0,091986331;0,077555048;1;0,47213965;0,14791471;0,180349124;1;;;;;;;;;;;;;
435;0,641479711;0,125969904;0,069132852;1;0,090785205;0,0933379;-0,546073973;1;0,311657978;0,162467064;-0,220855056;1;;;;;;;;;;;;;
436;0,595706403;0,119372326;-0,007155995;1;0,22207644;0,091944371;0,110382201;1;0,533965436;0,163882821;0,334913591;1;;;;;;;;;;;;;
437;0,5914982;0,11017708;-0,014169667;1;0,160643059;0,084137797;-0,196784707;1;0,377198354;0,147501906;-0,057004114;1;;;;;;;;;;;;;
438;0,59122458;0,112518308;-0,0146257;1;0,265483014;0,086532527;0,327415068;1;0,329001314;0,146125126;-0,177496715;1;;;;;;;;;;;;;
439;0,574155443;0,120791149;-0,043074261;1;0,136247159;0,091999088;-0,318764207;1;0,59141204;0,16100377;0,4785301;1;;;;;;;;;;;;;
440;0,539512893;0,11559496;-0,100811844;1;0,234309502;0,088322766;0,171547512;1;0,469858636;0,160314714;0,174646591;1;;;;;;;;;;;;;
441;0,545322899;0,109485771;-0,091128501;1;0,28961636;0,088155024;0,448081802;1;0,503826472;0,148518843;0,25956618;1;;;;;;;;;;;;;
442;0,514964016;0,114993046;-0,14172664;1;0,2012018;0,089454576;0,006009001;1;0,365728911;0,151683871;-0,085677723;1;;;;;;;;;;;;;
443;0,585336027;0,111046411;-0,024439955;1;0,348807888;0,086897965;0,74403944;1;0,323287338;0,143905584;-0,191781655;1;;;;;;;;;;;;;
444;0,537250355;0,113278651;-0,104582741;1;0,212096845;0,088954118;0,060484223;1;0,46288103;0,15022345;0,157202576;1;;;;;;;;;;;;;
445;0,929574332;0,117893215;0,549290553;0;0,225295818;0,090832543;0,126479092;1;0,041481096;0,161254469;-0,89629726;0;;;;;;;;;;;;;
446;0,462461209;0,110539226;-0,229231318;1;0,13241055;0,083271265;-0,337947251;1;0,596333665;0,147668822;0,490834162;1;;;;;;;;;;;;;
447;0,779575156;0,118998524;0,299291926;1;0,20075533;0,091750076;0,003776648;1;0,256029529;0,159842057;-0,359926179;1;;;;;;;;;;;;;
448;0,69958457;0,118400337;0,165974283;1;0,164107832;0,089008268;-0,17946084;1;0,317750861;0,152119585;-0,205622849;1;;;;;;;;;;;;;
449;0,466749791;0,115208923;-0,222083682;1;0,252016924;0,087629054;0,260084619;1;0,492927978;0,153780879;0,232319945;1;;;;;;;;;;;;;
450;0,524361889;0,114658255;-0,126063518;1;0,314594077;0,0872676;0,572970387;1;0,300226561;0,145198356;-0,249433598;1;;;;;;;;;;;;;
451;0,756807043;0,115605683;0,261345072;1;0,261975011;0,089222288;0,309875056;1;0,085648494;0,155125044;-0,785878765;0;;;;;;;;;;;;;
452;0,528369232;0,117844024;-0,119384614;1;0,331013473;0,091590961;0,655067363;1;0,53573136;0,156446092;0,339328401;1;;;;;;;;;;;;;
453;0,7081788;0,115507848;0,180298;1;0,118567966;0,089511659;-0,407160172;1;0,231093432;0,151010343;-0,42226642;1;;;;;;;;;;;;;
454;0,761800122;0,12868297;0,26966687;1;0,272409205;0,096152676;0,362046024;1;0,162018279;0,170578182;-0,594954303;1;;;;;;;;;;;;;
455;0,717157673;0,123958492;0,195262789;1;0,315319932;0,095006335;0,576599662;1;0,27685532;0,165770492;-0,3078617;1;;;;;;;;;;;;;
456;0,671802461;0,116786751;0,119670769;1;0,219838466;0,089494711;0,099192331;1;0,12558643;0,163894558;-0,686033924;1;;;;;;;;;;;;;
457;0,765475497;0,121071755;0,275792494;1;0,090308313;0,094524343;-0,548458433;1;0,354255159;0,159879048;-0,114362103;1;;;;;;;;;;;;;
458;0,568285524;0,122908158;-0,052857461;1;0,191488315;0,093865496;-0,042558427;1;0,561326282;0,160530575;0,403315704;1;;;;;;;;;;;;;
459;0,552637266;0,109972899;-0,07893789;1;0,218511562;0,083594971;0,092557808;1;0,475011523;0,14800777;0,187528809;1;;;;;;;;;;;;;
460;0,52115401;0,115890618;-0,131409983;1;0,368943592;0,090516837;0,844717961;1;0,23892212;0,152901634;-0,4026947;1;;;;;;;;;;;;;
461;0,775241534;0,128575548;0,292069223;1;0,000269107;0,097435782;-0,998654465;0;0,410799153;0,165865838;0,026997882;1;;;;;;;;;;;;;
462;0,589705778;0,119843176;-0,017157037;1;-0,000202736;0,088599172;-1,001013681;0;0,555115633;0,154665336;0,387789083;1;;;;;;;;;;;;;
463;0,641254447;0,115443646;0,068757412;1;0,166505902;0,090666865;-0,167470488;1;0,468393276;0,154715647;0,170983191;1;;;;;;;;;;;;;
464;0,498904128;0,112654225;-0,168493119;1;0,282877922;0,084942567;0,414389608;1;0,210150095;0,152129938;-0,474624763;1;;;;;;;;;;;;;
465;0,644942361;0,1164922;0,074903935;1;0,164970489;0,088342116;-0,175147556;1;0,222141183;0,151081234;-0,444647043;1;;;;;;;;;;;;;
466;0,665511792;0,116998461;0,10918632;1;0,182725888;0,087162331;-0,08637056;1;0,045738535;0,157383083;-0,885653662;0;;;;;;;;;;;;;
467;0,267897971;0,10641522;-0,553503382;0;0,28675653;0,083015831;0,433782651;1;0,657919448;0,140561449;0,64479862;1;;;;;;;;;;;;;
468;0,604787325;0,117919643;0,007978875;1;0,151918375;0,091610718;-0,240408124;1;0,374158568;0,15039715;-0,064603581;1;;;;;;;;;;;;;
469;0,680438599;0,120638721;0,134064332;1;0,082811695;0,092616086;-0,585941527;1;0,418566737;0,162210105;0,046416842;1;;;;;;;;;;;;;
470;0,654825976;0,126346626;0,091376627;1;0,200290697;0,09479613;0,001453486;1;0,336432985;0,16639942;-0,158917537;1;;;;;;;;;;;;;
471;0,559690444;0,121170854;-0,067182593;1;0,15785254;0,091103624;-0,2107373;1;0,538614873;0,161038876;0,346537182;1;;;;;;;;;;;;;
472;0,625535337;0,117297206;0,042558894;1;0,338248169;0,093040644;0,691240846;1;0,428473692;0,157379143;0,07118423;1;;;;;;;;;;;;;
473;0,637668633;0,120437375;0,062781055;1;0,116954366;0,091369344;-0,415228168;1;0,381081185;0,149190814;-0,047297038;1;;;;;;;;;;;;;
474;0,595346491;0,110230438;-0,007755848;1;0,213492974;0,087107231;0,067464869;1;0,320635287;0,142444967;-0,198411783;1;;;;;;;;;;;;;
475;0,453185867;0,110760391;-0,244690222;1;0,350937523;0,085765419;0,754687617;1;0,403051262;0,148650961;0,007628155;1;;;;;;;;;;;;;
476;0,632177762;0,125170416;0,053629603;1;0,297757262;0,097918038;0,48878631;1;0,402040839;0,168028233;0,005102097;1;;;;;;;;;;;;;
477;0,589195804;0,110655492;-0,018006994;1;0,151770843;0,085433422;-0,241145785;1;0,333947757;0,146398299;-0,165130608;1;;;;;;;;;;;;;
478;0,43094886;0,118293843;-0,2817519;1;0,252443162;0,089881829;0,262215811;1;0,457657362;0,155359715;0,144143406;1;;;;;;;;;;;;;
479;0,631773417;0,119299576;0,052955695;1;0,249283054;0,092070732;0,246415272;1;0,330012428;0,156931371;-0,174968929;1;;;;;;;;;;;;;
480;0,557025102;0,117959162;-0,07162483;1;0,06119739;0,089286704;-0,69401305;1;0,390956235;0,158838817;-0,022609411;1;;;;;;;;;;;;;
481;0,610289667;0,123493231;0,017149445;1;0,190701876;0,093286458;-0,046490619;1;0,473807223;0,163013428;0,184518057;1;;;;;;;;;;;;;
482;0,663904374;0,112488623;0,10650729;1;0,142097068;0,089981134;-0,289514662;1;0,438115277;0,148197839;0,095288192;1;;;;;;;;;;;;;
483;0,457193535;0,113266087;-0,238010775;1;0,390049948;0,09018035;0,950249742;0;0,463974714;0,148147187;0,159936784;1;;;;;;;;;;;;;
484;0,442631348;0,110803471;-0,262281086;1;0,223718188;0,085385544;0,118590939;1;0,630953987;0,148274642;0,577384967;1;;;;;;;;;;;;;
485;0,460151164;0,114972879;-0,233081393;1;0,191560639;0,087746064;-0,042196806;1;0,491034047;0,147604536;0,227585118;1;;;;;;;;;;;;;
486;0,590790908;0,115458642;-0,015348487;1;0,22061811;0,088082162;0,103090549;1;0,416252065;0,153817821;0,040630163;1;;;;;;;;;;;;;
487;0,569893309;0,11688318;-0,050177819;1;0,340140334;0,090910289;0,700701671;1;0,295551555;0,150775332;-0,261121113;1;;;;;;;;;;;;;
488;0,771301069;0,116211868;0,285501782;1;0,21248034;0,090183789;0,062401702;1;0,162660417;0,155784831;-0,593348956;1;;;;;;;;;;;;;
489;0,55990041;0,110073419;-0,066832649;1;0,247069934;0,085404036;0,235349668;1;0,35014985;0,142019876;-0,124625375;1;;;;;;;;;;;;;
490;0,56010596;0,122193677;-0,066490067;1;0,262270364;0,091491913;0,311351819;1;0,566672446;0,167344748;0,416681114;1;;;;;;;;;;;;;
491;0,62248723;0,12179361;0,037478717;1;0,135137117;0,093183505;-0,324314415;1;0,516641794;0,16502999;0,291604486;1;;;;;;;;;;;;;
492;0,586378512;0,114562859;-0,022702481;1;0,391887076;0,090804319;0,959435378;0;0,341484965;0,150128025;-0,146287586;1;;;;;;;;;;;;;
493;0,736320444;0,110396075;0,22720074;1;0,156629196;0,087005138;-0,216854022;1;0,153580835;0,148049748;-0,616047911;1;;;;;;;;;;;;;
494;0,48503276;0,105288138;-0,191612067;1;0,384521547;0,083391115;0,922607736;0;0,380469938;0,134677006;-0,048825154;1;;;;;;;;;;;;;
495;0,58840705;0,120880508;-0,019321583;1;0,286395699;0,093456652;0,431978496;1;0,326858228;0,15944656;-0,18285443;1;;;;;;;;;;;;;
496;0,507600023;0,12050626;-0,153999962;1;0,225648857;0,089113718;0,128244285;1;0,451600592;0,155249193;0,129001481;1;;;;;;;;;;;;;
497;0,603316024;0,118980511;0,005526707;1;0,240007845;0,092998817;0,200039226;1;0,483322291;0,158162267;0,208305728;1;;;;;;;;;;;;;
498;0,633247035;0,117598206;0,055411725;1;0,222169293;0,088748971;0,110846463;1;0,244626791;0,149500554;-0,388433022;1;;;;;;;;;;;;;
499;0,596725282;0,121011326;-0,005457864;1;0,192733544;0,090490527;-0,036332278;1;0,386535303;0,1606674;-0,033661744;1;;;;;;;;;;;;;
500;0,529019129;0,109945049;-0,118301452;1;0,301464202;0,086549339;0,507321012;1;0,414837729;0,143591058;0,037094324;1;;;;;;;;;;;;;
501;1,059030254;0,128893054;0,765050424;0;0,055145188;0,098526589;-0,72427406;1;0,086324949;0,171946069;-0,784187627;1;;;;;;;;;;;;;
502;0,732514419;0,122064758;0,220857366;1;0,123760613;0,091593023;-0,381196933;1;0,305542101;0,160093763;-0,236144747;1;;;;;;;;;;;;;
503;0,474781354;0,117536076;-0,208697743;1;-0,004192103;0,087603802;-1,020960516;0;0,623360385;0,154777789;0,558400964;1;;;;;;;;;;;;;
504;0,768880199;0,122794415;0,281466998;1;0,176754507;0,09316037;-0,116227465;1;0,161865114;0,157241258;-0,595337214;1;;;;;;;;;;;;;
505;0,726194792;0,121985289;0,210324653;1;0,128510012;0,091050543;-0,357449939;1;0,26425524;0,159058865;-0,339361899;1;;;;;;;;;;;;;
506;0,55534816;0,114376292;-0,074419733;1;0,180858115;0,088841766;-0,095709424;1;0,385559117;0,154062241;-0,036102208;1;;;;;;;;;;;;;
507;0,359417508;0,115295272;-0,40097082;0;0,32624147;0,088395295;0,631207351;1;0,600051492;0,151516297;0,500128731;1;;;;;;;;;;;;;
508;0,391625274;0,1105367;-0,347291209;1;0,335820348;0,08591837;0,679101742;1;0,326990043;0,143483231;-0,182524893;1;;;;;;;;;;;;;
509;0,598631442;0,108527812;-0,002280929;1;0,334796814;0,084371432;0,673984072;1;0,168359362;0,143573648;-0,579101596;1;;;;;;;;;;;;;
510;0,542868967;0,11517561;-0,095218388;1;0,26651114;0,089960539;0,332555702;1;0,341542591;0,152553245;-0,146143523;1;;;;;;;;;;;;;
511;0,65035333;0,118142581;0,083922216;1;0,201101071;0,091225488;0,005505355;1;0,442456887;0,159557515;0,106142218;1;;;;;;;;;;;;;
512;0,688778781;0,125628144;0,147964635;1;0,265358864;0,099004119;0,326794321;1;0,350629044;0,166832573;-0,12342739;1;;;;;;;;;;;;;
513;0,522220483;0,112698826;-0,129632528;1;0,207097897;0,085114937;0,035489484;1;0,50279897;0,1496757;0,256997426;1;;;;;;;;;;;;;
514;0,760980653;0,116902112;0,268301089;1;0,208023526;0,090852576;0,04011763;1;0,1928726;0,155827475;-0,517818499;1;;;;;;;;;;;;;
515;0,532741466;0,123658358;-0,112097556;1;0,317099688;0,093829366;0,58549844;1;0,481341338;0,168486296;0,203353345;1;;;;;;;;;;;;;
516;0,734659056;0,125155578;0,22443176;1;0,263147148;0,097573941;0,315735739;1;0,432590406;0,167683506;0,081476016;1;;;;;;;;;;;;;
517;0,541341462;0,115288312;-0,097764229;1;0,272994178;0,092000387;0,364970889;1;0,579641168;0,152940857;0,449102919;1;;;;;;;;;;;;;
518;0,52856966;0,119915728;-0,119050567;1;0,308689646;0,091982007;0,543448231;1;0,4601455;0,158299468;0,150363751;1;;;;;;;;;;;;;
519;0,579282157;0,113641029;-0,034529739;1;0,173636505;0,090028071;-0,131817477;1;0,680679931;0,153016152;0,701699827;1;;;;;;;;;;;;;
520;0,542241478;0,109636709;-0,096264203;1;0,192223751;0,087363478;-0,038881245;1;0,330463201;0,149341714;-0,173841997;1;;;;;;;;;;;;;
521;0,67583848;0,121754441;0,126397467;1;0,137037459;0,092277067;-0,314812706;1;0,364593205;0,161848919;-0,088516988;1;;;;;;;;;;;;;
522;0,823864209;0,121781459;0,373107015;1;-0,041770541;0,091949021;-1,208852704;0;0,331266709;0,165167633;-0,171833226;1;;;;;;;;;;;;;
523;0,630592446;0,113231835;0,050987409;1;0,092476809;0,086197537;-0,537615955;1;0,391935751;0,146939759;-0,020160622;1;;;;;;;;;;;;;
524;0,437233861;0,110650869;-0,271276899;1;0,236701598;0,08558281;0,183507989;1;0,455611515;0,14348636;0,139028787;1;;;;;;;;;;;;;
525;0,625208371;0,120385816;0,042013951;1;0,267610923;0,094940849;0,338054613;1;0,444250355;0,160332265;0,110625887;1;;;;;;;;;;;;;
526;0,486895655;0,120232643;-0,188507242;1;0,400711298;0,090042267;1,003556491;0;0,52343994;0,156143002;0,30859985;1;;;;;;;;;;;;;
527;0,614098494;0,11486572;0,023497489;1;0,319218057;0,087748464;0,596090283;1;0,192561071;0,143648807;-0,518597324;1;;;;;;;;;;;;;
528;0,604861821;0,118416579;0,008103036;1;0,236003958;0,090920672;0,18001979;1;0,264923946;0,155170831;-0,337690135;1;;;;;;;;;;;;;
529;0,597339242;0,107864658;-0,004434596;1;0,162769258;0,082535821;-0,186153711;1;0,391869302;0,142189242;-0,020326744;1;;;;;;;;;;;;;
530;0,783002543;0,120255568;0,305004238;1;0,133943421;0,09547566;-0,330282897;1;0,249420619;0,159357754;-0,376448452;1;;;;;;;;;;;;;
531;0,391834556;0,113027983;-0,346942407;1;0,209376604;0,084843251;0,046883022;1;0,577907998;0,148071213;0,444769995;1;;;;;;;;;;;;;
532;0,644801809;0,116149388;0,074669681;1;0,209209568;0,089942267;0,046047839;1;0,371063301;0,158162595;-0,072341746;1;;;;;;;;;;;;;
533;0,595103391;0,111914105;-0,008161016;1;0,263076796;0,085847647;0,315383978;1;0,261747088;0,147042094;-0,345632279;1;;;;;;;;;;;;;
534;0,774488249;0,121169221;0,290813748;1;0,243232529;0,091714712;0,216162646;1;0,311328914;0,160331396;-0,221677714;1;;;;;;;;;;;;;
535;0,647993683;0,115750572;0,079989472;1;0,230089523;0,091056203;0,150447616;1;0,44470138;0,148929756;0,111753449;1;;;;;;;;;;;;;
536;0,536803513;0,120463459;-0,105327479;1;0,289119108;0,091922998;0,44559554;1;0,592902787;0,161352313;0,482256968;1;;;;;;;;;;;;;
537;0,768884667;0,128682545;0,281474445;1;0,209370526;0,094527281;0,046852632;1;0,275345578;0,170025431;-0,311636056;1;;;;;;;;;;;;;
538;0,709423307;0,121785283;0,182372179;1;0,139711791;0,091549682;-0,301441045;1;0,328038101;0,163457998;-0,179904747;1;;;;;;;;;;;;;
539;0,726353558;0,117613066;0,210589264;1;0,19154291;0,091914176;-0,04228545;1;0,225050987;0,16163655;-0,437372532;1;;;;;;;;;;;;;
540;0,551786606;0,115005564;-0,080355656;1;0,250993514;0,090026946;0,254967571;1;0,392281055;0,149805764;-0,019297363;1;;;;;;;;;;;;;
541;0,612818575;0,117563741;0,021364291;1;0,129495481;0,092783981;-0,352522596;1;0,522486457;0,153686124;0,306216144;1;;;;;;;;;;;;;
542;0,46147658;0,115436771;-0,230872367;1;0,176124913;0,088460657;-0,119375434;1;0,474786017;0,152007405;0,186965041;1;;;;;;;;;;;;;
543;0,544704119;0,111141818;-0,092159802;1;0,26913798;0,08785942;0,345689901;1;0,378555037;0,148962151;-0,053612406;1;;;;;;;;;;;;;
544;0,630710035;0,112895637;0,051183391;1;0,194075385;0,084390695;-0,029623075;1;0,143055535;0,148859946;-0,642361164;1;;;;;;;;;;;;;
545;0,47187934;0,119770151;-0,213534434;1;0,47848215;0,092025398;1,39241075;0;0,442239029;0,158711089;0,105597573;1;;;;;;;;;;;;;
546;0,601531438;0,110188421;0,002552397;1;0,244987292;0,089891819;0,22493646;1;0,293641272;0,154257617;-0,26589682;1;;;;;;;;;;;;;
547;0,647029648;0,125298354;0,078382746;1;0,124642573;0,091850333;-0,376787137;1;0,409029231;0,166076396;0,022573076;1;;;;;;;;;;;;;
548;0,613882328;0,111705749;0,023137214;1;0,183115997;0,087237294;-0,084420013;1;0,262509817;0,144540913;-0,343725458;1;;;;;;;;;;;;;
549;0,591131959;0,111756009;-0,014780069;1;0,273708342;0,089529377;0,36854171;1;0,324566724;0,146404698;-0,188583189;1;;;;;;;;;;;;;
550;0,741288349;0,113732999;0,235480582;1;0,147789251;0,090883929;-0,261053745;1;0,206009817;0,147926862;-0,484975457;1;;;;;;;;;;;;;
551;0,721201775;0,124987573;0,202002958;1;0,115162519;0,091257492;-0,424187407;1;0,357563321;0,16051709;-0,106091696;1;;;;;;;;;;;;;
552;0,787152825;0,125612495;0,311921375;1;0,040164013;0,092631607;-0,799179934;1;0,318311507;0,174564571;-0,204221232;1;;;;;;;;;;;;;
553;0,27928254;0,110567796;-0,534529101;0;0,231113757;0,084160914;0,155568783;1;0,83526726;0,149025456;1,088168149;0;;;;;;;;;;;;;
554;0,534871791;0,113885317;-0,108547015;1;0,210197908;0,088988276;0,050989539;1;0,454275579;0,15065969;0,135688947;1;;;;;;;;;;;;;
555;0,615630936;0,116280738;0,02605156;1;0,090392354;0,088256614;-0,54803823;1;0,435426071;0,156166461;0,088565178;1;;;;;;;;;;;;;
556;0,610175058;0,118718542;0,016958429;1;0,233550369;0,09099543;0,167751844;1;0,519921728;0,162404219;0,29980432;1;;;;;;;;;;;;;
557;0,498238975;0,115182025;-0,169601709;1;0,327887353;0,087575158;0,639436766;1;0,416593322;0,153391625;0,041483305;1;;;;;;;;;;;;;
558;0,67572617;0,109135849;0,126210283;1;0,347177601;0,083952379;0,735888003;1;0,006198489;0,140040613;-0,984503779;0;;;;;;;;;;;;;
559;0,67678362;0,114857578;0,1279727;1;0,318605399;0,088190303;0,593026997;1;0,192654042;0,148568225;-0,518364895;1;;;;;;;;;;;;;
560;0,597381552;0,112084059;-0,004364079;1;0,015452491;0,085044706;-0,922737545;0;0,344267122;0,149226938;-0,139332195;1;;;;;;;;;;;;;
561;0,711406007;0,118311664;0,185676678;1;0,190241468;0,093348345;-0,048792658;1;0,24644939;0,159206083;-0,383876525;1;;;;;;;;;;;;;
562;0,754663543;0,129623658;0,257772572;1;0,221749756;0,096331414;0,108748779;1;0,192121767;0,168608549;-0,519695582;1;;;;;;;;;;;;;
563;0,596947928;0,115452183;-0,005086786;1;0,141461986;0,088266212;-0,292690072;1;0,311212152;0,154505367;-0,221969621;1;;;;;;;;;;;;;
564;0,762449575;0,122505181;0,270749292;1;0,08972118;0,092253165;-0,551394098;1;0,29514456;0,164250213;-0,262138601;1;;;;;;;;;;;;;
565;0,633331741;0,118398103;0,055552901;1;0,007576181;0,090796614;-0,962119095;0;0,44752585;0,156844385;0,118814624;1;;;;;;;;;;;;;
566;0,364028733;0,107863454;-0,393285445;0;0,318906758;0,084749303;0,594533788;1;0,540967223;0,148516244;0,352418057;1;;;;;;;;;;;;;
567;0,624488661;0,124129702;0,040814434;1;0,040862633;0,08963466;-0,795686837;1;0,433405115;0,163115154;0,083512787;1;;;;;;;;;;;;;
568;0,682666342;0,113512936;0,137777236;1;0,277935294;0,088819248;0,389676471;1;0,25164358;0,151829357;-0,370891049;1;;;;;;;;;;;;;
569;0,549189278;0,123512592;-0,084684536;1;0,163942974;0,094956045;-0,180285132;1;0,654536922;0,166473697;0,636342304;1;;;;;;;;;;;;;
570;0,58900275;0,110014321;-0,01832875;1;0,264907071;0,087460982;0,324535354;1;0,430213844;0,141697535;0,075534609;1;;;;;;;;;;;;;
571;0,456449794;0,118170765;-0,239250344;1;0,255531919;0,091454277;0,277659594;1;0,754294397;0,15729095;0,885735992;0;;;;;;;;;;;;;
572;0,620973909;0,118978848;0,034956515;1;0,227127464;0,092287121;0,135637319;1;0,430449466;0,153723502;0,076123665;1;;;;;;;;;;;;;
573;0,637744777;0,115442329;0,062907961;1;0,300047469;0,085678691;0,500237344;1;0,264483795;0,151683591;-0,338790513;1;;;;;;;;;;;;;
574;0,683466029;0,123333592;0,139110049;1;0,234393532;0,09513692;0,171967658;1;0,315915034;0,164477679;-0,210212416;1;;;;;;;;;;;;;
575;0,572144788;0,118018049;-0,046425354;1;0,15146151;0,093277883;-0,24269245;1;0,672401037;0,155558109;0,681002593;1;;;;;;;;;;;;;
576;0,678522645;0,12096188;0,130871074;1;0,017042934;0,090473456;-0,914785328;0;0,291041418;0,158868071;-0,272396456;1;;;;;;;;;;;;;
577;0,524645597;0,113065817;-0,125590671;1;0,176088721;0,089491162;-0,119556397;1;0,521943327;0,150729617;0,304858318;1;;;;;;;;;;;;;
578;0,628348789;0,119701905;0,047247981;1;0,149405308;0,093121458;-0,252973458;1;0,495363875;0,154830203;0,238409687;1;;;;;;;;;;;;;
579;0,527989227;0,122014336;-0,120017955;1;0,132968152;0,094858567;-0,335159239;1;0,666976524;0,161662102;0,667441309;1;;;;;;;;;;;;;
580;0,374862988;0,111518961;-0,375228354;0;0,307713418;0,087516056;0,53856709;1;0,564489666;0,153024577;0,411224166;1;;;;;;;;;;;;;
581;0,574625728;0,116699893;-0,042290454;1;0,321976215;0,090213792;0,609881075;1;0,3674522;0,156527982;-0,0813695;1;;;;;;;;;;;;;
582;0,642128032;0,122896796;0,070213387;1;0,134002678;0,09171048;-0,329986608;1;0,42145257;0,158432939;0,053631424;1;;;;;;;;;;;;;
583;0,476245066;0,11533338;-0,206258223;1;0,170184209;0,086635367;-0,149078953;1;0,538641668;0,151926231;0,34660417;1;;;;;;;;;;;;;
584;0,726508301;0,115567488;0,210847168;1;0,0701729;0,089361677;-0,649135498;1;0,331219268;0,153091796;-0,171951829;1;;;;;;;;;;;;;
585;0,606358278;0,118466448;0,010597129;1;0,037031385;0,089709953;-0,814843073;1;0,626933952;0,159277577;0,56733488;1;;;;;;;;;;;;;
586;0,71729885;0,112522132;0,195498084;1;0,275487514;0,087009915;0,377437572;1;0,184950515;0,144196559;-0,537623711;1;;;;;;;;;;;;;
587;0,503306012;0,11242838;-0,161156647;1;0,152710291;0,087495486;-0,236448544;1;0,510398359;0,149252323;0,275995897;1;;;;;;;;;;;;;
588;0,66301464;0,121849903;0,105024401;1;0,24586122;0,093571182;0,229306101;1;0,430362219;0,16017327;0,075905548;1;;;;;;;;;;;;;
589;0,757598832;0,113760164;0,262664719;1;0,194361015;0,085345949;-0,028194926;1;0,069566426;0,148760135;-0,826083936;0;;;;;;;;;;;;;
590;0,453739673;0,117002605;-0,243767212;1;0,217238385;0,09146901;0,086191925;1;0,695112129;0,153953448;0,737780323;1;;;;;;;;;;;;;
591;0,52814349;0,113096778;-0,119760849;1;0,141667088;0,087283839;-0,291664558;1;0,373926283;0,147209556;-0,065184293;1;;;;;;;;;;;;;
592;0,612422309;0,117098453;0,020703848;1;0,258253276;0,090207341;0,291266379;1;0,333242723;0,156095155;-0,166893193;1;;;;;;;;;;;;;
593;0,525070302;0,107450937;-0,12488283;1;0,290426867;0,086169228;0,452134336;1;0,488556865;0,143889556;0,221392163;1;;;;;;;;;;;;;
594;0,553636095;0,110014822;-0,077273176;1;0,288553187;0,085130181;0,442765935;1;0,199371746;0,145317527;-0,501570634;1;;;;;;;;;;;;;
595;0,719957428;0,11610619;0,199929047;1;0,23149234;0,090247585;0,1574617;1;0,326627252;0,151144247;-0,183431871;1;;;;;;;;;;;;;
596;0,552058977;0,120419795;-0,079901705;1;0,276759419;0,091074183;0,383797097;1;0,518112983;0,154937038;0,295282457;1;;;;;;;;;;;;;
597;0,539731937;0,112960402;-0,100446772;1;0,149481013;0,088674168;-0,252594934;1;0,574285272;0,15118752;0,435713179;1;;;;;;;;;;;;;
598;0,748936833;0,119530738;0,248228055;1;0,22973301;0,089926674;0,14866505;1;0,134001587;0,154008909;-0,664996033;1;;;;;;;;;;;;;
599;0,495563456;0,115376;-0,174060907;1;0,275668774;0,088482383;0,378343871;1;0,482175098;0,151813575;0,205437746;1;;;;;;;;;;;;;
600;0,526718519;0,113853564;-0,122135801;1;0,31294851;0,087946191;0,564742548;1;0,318266199;0,14703548;-0,204334502;1;;;;;;;;;;;;;
601;0,44711088;0,109232294;-0,2548152;1;0,169697915;0,085191796;-0,151510427;1;0,56208059;0,147631692;0,405201476;1;;;;;;;;;;;;;
602;0,542057506;0,112811769;-0,096570823;1;0,151695575;0,088335248;-0,241522127;1;0,570245791;0,151122689;0,425614478;1;;;;;;;;;;;;;
603;0,674768155;0,122158896;0,124613591;1;0,107170768;0,091543978;-0,46414616;1;0,460792395;0,161352254;0,151980988;1;;;;;;;;;;;;;
604;0,493641154;0,113002945;-0,177264743;1;0,133387439;0,085084056;-0,333062804;1;0,434599767;0,148983427;0,086499417;1;;;;;;;;;;;;;
605;0,60255533;0,110474573;0,004258884;1;0,140636208;0,089838463;-0,296818959;1;0,334621729;0,147861204;-0,163445678;1;;;;;;;;;;;;;
606;0,465110854;0,112829192;-0,224815243;1;0,207178943;0,089102962;0,035894714;1;0,540136165;0,14914909;0,350340412;1;;;;;;;;;;;;;
607;0,602101472;0,117149454;0,003502454;1;0,14416012;0,088488342;-0,2791994;1;0,450025772;0,150490111;0,125064431;1;;;;;;;;;;;;;
608;0,73836485;0,122709666;0,230608084;1;0,279710996;0,092596321;0,398554979;1;0,213016349;0,160332014;-0,467459128;1;;;;;;;;;;;;;
609;0,836783202;0,119432015;0,39463867;0;0,146939566;0,089587371;-0,265302168;1;0,031626592;0,152795031;-0,92093352;0;;;;;;;;;;;;;
610;0,556149896;0,117821339;-0,073083507;1;0,1404991;0,08950133;-0,297504502;1;0,53982096;0,150910906;0,3495524;1;;;;;;;;;;;;;
611;0,568188877;0,11878965;-0,053018538;1;0,284067572;0,087863751;0,420337861;1;0,180309228;0,153884773;-0,549226929;1;;;;;;;;;;;;;
612;0,681722839;0,117943861;0,136204732;1;0,104068162;0,090101269;-0,479659188;1;0,45433166;0,160215734;0,13582915;1;;;;;;;;;;;;;
613;0,388967981;0,120395886;-0,351720032;1;0,27660539;0,090919669;0,38302695;1;0,738507247;0,157930368;0,846268119;0;;;;;;;;;;;;;
614;0,55201483;0,111187452;-0,079975284;1;0,264634636;0,088001508;0,323173178;1;0,553128528;0,147052936;0,38282132;1;;;;;;;;;;;;;
615;0,790852088;0,125791371;0,318086813;1;0,363870033;0,095991538;0,819350167;1;0,128940526;0,162376302;-0,677648685;1;;;;;;;;;;;;;
616;0,512299197;0,12057464;-0,146168005;1;0,087426205;0,094669159;-0,562868973;1;0,692958167;0,159875485;0,732395418;1;;;;;;;;;;;;;
617;0,787447819;0,124136095;0,312413031;1;0,060683479;0,092545533;-0,696582604;1;0,260830295;0,161699396;-0,347924263;1;;;;;;;;;;;;;
618;0,905822744;0,125778505;0,509704574;0;0,222033418;0,09240738;0,110167091;1;-0,043006161;0,171903867;-1,107515403;0;;;;;;;;;;;;;
619;0,610652802;0,124425355;0,01775467;1;0,23708357;0,096408969;0,18541785;1;0,313692527;0,161872097;-0,215768683;1;;;;;;;;;;;;;
620;0,833155838;0,120889949;0,388593064;1;0,138716527;0,091393882;-0,306417367;1;0,111212612;0,154547963;-0,72196847;1;;;;;;;;;;;;;
621;0,66452949;0,117471956;0,10754915;1;0,279946549;0,088479317;0,399732747;1;0,308917389;0,149134805;-0,227706528;1;;;;;;;;;;;;;
622;0,719573452;0,117119939;0,199289086;1;0,217409421;0,091383116;0,087047105;1;0,289274252;0,153703921;-0,276814369;1;;;;;;;;;;;;;
623;0,738637063;0,124533664;0,231061772;1;0,258454971;0,098551183;0,292274854;1;0,271962833;0,168343637;-0,320092918;1;;;;;;;;;;;;;
624;0,821480181;0,124686596;0,369133634;1;0,056034042;0,095708323;-0,719829792;1;0,277414799;0,166781068;-0,306463003;1;;;;;;;;;;;;;
625;0,53077298;0,110610383;-0,115378367;1;0,339428153;0,084674341;0,697140767;1;0,275077946;0,145350733;-0,312305135;1;;;;;;;;;;;;;
626;0,46671999;0,115963764;-0,22213335;1;0,189906462;0,087500215;-0,050467688;1;0,587484533;0,154431428;0,468711332;1;;;;;;;;;;;;;
627;0,457345282;0,116576732;-0,237757864;1;0,300731274;0,091019279;0,503656369;1;0,565305646;0,152010385;0,413264115;1;;;;;;;;;;;;;
628;0,593779968;0,118642898;-0,010366719;1;0,172576253;0,092246818;-0,137118737;1;0,480686397;0,158181141;0,201715991;1;;;;;;;;;;;;;
629;0,7782433;0,122954463;0,297072167;1;0,096638375;0,095013629;-0,516808123;1;0,259688072;0,159552289;-0,350779819;1;;;;;;;;;;;;;
630;0,586357793;0,108267142;-0,022737011;1;0,125127794;0,083588276;-0,374361032;1;0,307069238;0,144772043;-0,232326905;1;;;;;;;;;;;;;
631;0,456904114;0,114789852;-0,238493143;1;0,236434873;0,090365503;0,182174367;1;0,598031535;0,152221456;0,495078838;1;;;;;;;;;;;;;
632;0,810425914;0,124086878;0,350709857;1;0,10799629;0,091026831;-0,460018549;1;0,263122767;0,164912632;-0,342193082;1;;;;;;;;;;;;;
633;0,63594734;0,122521782;0,059912234;1;0,168158412;0,09461474;-0,159207938;1;0,415371817;0,163083544;0,038429543;1;;;;;;;;;;;;;
634;0,525503923;0,117293057;-0,124160128;1;0,232814827;0,089421527;0,164074133;1;0,455393365;0,152868042;0,138483413;1;;;;;;;;;;;;;
635;0,594666326;0,116157857;-0,008889457;1;0,068333939;0,09041097;-0,658330303;1;0,480925016;0,153014035;0,202312539;1;;;;;;;;;;;;;
636;0,700136111;0,122507223;0,166893518;1;0,18191009;0,095241012;-0,090449551;1;0,415342863;0,158819356;0,038357158;1;;;;;;;;;;;;;
637;0,64410104;0,119398565;0,073501734;1;0,310156019;0,090403139;0,550780094;1;0,344647453;0,160030599;-0,138381366;1;;;;;;;;;;;;;
638;0,715005904;0,119777933;0,191676506;1;0,158556314;0,091693068;-0,207218432;1;0,329423665;0,156309529;-0,176440837;1;;;;;;;;;;;;;
639;0,498064957;0,120803249;-0,169891739;1;0,441967829;0,094016284;1,209839146;0;0,450318409;0,158935424;0,125796021;1;;;;;;;;;;;;;
640;0,499224483;0,109817355;-0,167959195;1;0,265426266;0,085791069;0,327131329;1;0,39310239;0,146087062;-0,017244024;1;;;;;;;;;;;;;
641;0,359254884;0,112050362;-0,40124186;0;0,300404494;0,087471134;0,50202247;1;0,509417948;0,151221874;0,27354487;1;;;;;;;;;;;;;
642;0,544507157;0,122498889;-0,092488072;1;0,225533544;0,092865648;0,127667719;1;0,618814745;0,162216945;0,547036863;1;;;;;;;;;;;;;
643;0,536333242;0,109882218;-0,106111263;1;0,223280247;0,086872524;0,116401234;1;0,347564134;0,145296155;-0,131089664;1;;;;;;;;;;;;;
644;0,610961104;0,11143503;0,018268506;1;0,343193222;0,08860718;0,715966109;1;0,166554644;0,14876979;-0,583613391;1;;;;;;;;;;;;;
645;0,628166158;0,113730662;0,046943596;1;0,229195092;0,088171066;0,145975458;1;0,253945945;0,14958565;-0,365135138;1;;;;;;;;;;;;;
646;0,838111337;0,120527087;0,396852228;0;0,111771761;0,088277144;-0,441141197;1;0,029406158;0,157484678;-0,926484606;0;;;;;;;;;;;;;
647;0,471093402;0,111502979;-0,21484433;1;0,289888426;0,086902481;0,44944213;1;0,387637223;0,152734378;-0,030906943;1;;;;;;;;;;;;;
648;0,617617765;0,115492579;0,029362941;1;0,086524127;0,087184144;-0,567379367;1;0,446493227;0,153524557;0,116233069;1;;;;;;;;;;;;;
649;0,748425578;0,120648564;0,247375964;1;0,134650283;0,093416227;-0,326748586;1;0,386999509;0,163214405;-0,032501227;1;;;;;;;;;;;;;
650;0,602810791;0,113119868;0,004684651;1;0,300183584;0,090966624;0,500917921;1;0,465092165;0,151601797;0,162730412;1;;;;;;;;;;;;;
651;0,661008933;0,119515034;0,101681556;1;0,275172155;0,092133342;0,375860777;1;0,183695479;0,159476271;-0,540761301;1;;;;;;;;;;;;;
652;0,604149675;0,107940808;0,006916125;1;0,268957177;0,084337127;0,344785886;1;0,311692472;0,143578588;-0,220768821;1;;;;;;;;;;;;;
653;0,742970864;0,115125197;0,238284774;1;0,173086992;0,091212395;-0,13456504;1;0,326802104;0,152744719;-0,18299474;1;;;;;;;;;;;;;
654;0,645111655;0,11157445;0,075186092;1;0,14607493;0,084236143;-0,269625348;1;0,10311251;0,146238581;-0,742218724;0;;;;;;;;;;;;;
655;0,652730582;0,106887802;0,087884303;1;0,055407035;0,084062553;-0,722964825;1;0,295585818;0,141804808;-0,261035456;1;;;;;;;;;;;;;
656;0,727065846;0,126898933;0,211776411;1;0,107758773;0,093587797;-0,461206133;1;0,447863636;0,169075606;0,11965909;1;;;;;;;;;;;;;
657;0,493181665;0,109813622;-0,178030558;1;0,193837713;0,087028576;-0,030811436;1;0,518423772;0,143493102;0,296059431;1;;;;;;;;;;;;;
658;0,461091713;0,125661846;-0,231513812;1;0,26276674;0,095035637;0,313833699;1;0,680361298;0,167334565;0,700903245;1;;;;;;;;;;;;;
659;0,671357059;0,116125503;0,118928431;1;0,128801566;0,089470009;-0,355992168;1;0,288192011;0,154834913;-0,279519972;1;;;;;;;;;;;;;
660;0,818188148;0,12432399;0,363646913;1;0,063110078;0,095726527;-0,68444961;1;0,326634505;0,163388388;-0,183413736;1;;;;;;;;;;;;;
661;0,647486401;0,113670707;0,079144002;1;0,187416483;0,08743162;-0,062917586;1;0,133537206;0,147592963;-0,666156985;1;;;;;;;;;;;;;
662;0,749248566;0,125906088;0,248747609;1;0,197485453;0,094600657;-0,012572737;1;0,193760271;0,165302745;-0,515599322;1;;;;;;;;;;;;;
663;0,64678761;0,121982022;0,077979351;1;0,049362108;0,093452193;-0,75318946;1;0,554283217;0,159388024;0,385708042;1;;;;;;;;;;;;;
664;0,605121503;0,122108764;0,008535838;1;0,146562734;0,0930691;-0,267186331;1;0,531013739;0,163964416;0,327534349;1;;;;;;;;;;;;;
665;0,653969508;0,122722373;0,08994918;1;-0,071505984;0,090841184;-1,357529922;0;0,48890824;0,161743913;0,2222706;1;;;;;;;;;;;;;
666;0,678591699;0,123900138;0,130986165;1;0,254150123;0,093804973;0,270750614;1;0,279324355;0,161134036;-0,301689114;1;;;;;;;;;;;;;
667;0,556620967;0,116307079;-0,072298388;1;0,053902269;0,088954037;-0,730488655;1;0,541773224;0,153550699;0,35443306;1;;;;;;;;;;;;;
668;0,428402801;0,11086947;-0,285995332;1;0,328122456;0,086239492;0,64061228;1;0,37807871;0,149373694;-0,054803225;1;;;;;;;;;;;;;
669;0,596897613;0,111125779;-0,005170645;1;0,282925924;0,086138298;0,414629619;1;0,261781465;0,148062799;-0,345546338;1;;;;;;;;;;;;;
670;0,406354057;0,112019433;-0,322743238;1;0,181188517;0,084983055;-0,094057416;1;0,654339325;0,146381764;0,635848312;1;;;;;;;;;;;;;
671;0,626305592;0,112969956;0,043842654;1;0,135522431;0,086020277;-0,322387844;1;0,390684309;0,148016709;-0,023289229;1;;;;;;;;;;;;;
672;0,589273871;0,116786392;-0,017876882;1;0,170573482;0,090766481;-0,147132591;1;0,509858047;0,149892302;0,274645119;1;;;;;;;;;;;;;
673;0,648726532;0,118367743;0,081210887;1;0,165956657;0,089424889;-0,170216716;1;0,38342282;0,150445766;-0,04144295;1;;;;;;;;;;;;;
674;0,699786317;0,120848557;0,166310528;1;0,184583442;0,092973237;-0,077082792;1;0,399819684;0,157056062;-0,00045079;1;;;;;;;;;;;;;
675;0,519692888;0,121879055;-0,133845187;1;0,188459087;0,093462365;-0,057704563;1;0,544929685;0,163965613;0,362324213;1;;;;;;;;;;;;;
676;0,693791635;0,119401149;0,156319392;1;0,195431596;0,091436681;-0,022842021;1;0,176564978;0,154762594;-0,558587555;1;;;;;;;;;;;;;
677;0,688782925;0,120889591;0,147971542;1;0,11477721;0,094100122;-0,426113951;1;0,408457029;0,158910769;0,021142572;1;;;;;;;;;;;;;
678;0,71284345;0,113212134;0,188072417;1;0,224370227;0,088316933;0,121851134;1;0,111707855;0,150325576;-0,720730362;1;;;;;;;;;;;;;
679;0,568925627;0,121910066;-0,051790622;1;0,339042108;0,09600015;0,695210541;1;0,417940557;0,157265428;0,044851393;1;;;;;;;;;;;;;
680;0,643341749;0,123170781;0,072236248;1;0,173536661;0,091773255;-0,132316693;1;0,426313196;0,16569825;0,065782991;1;;;;;;;;;;;;;
681;0,479846549;0,116397189;-0,200255752;1;0,220304303;0,09016667;0,101521515;1;0,556415391;0,158281096;0,391038478;1;;;;;;;;;;;;;
682;0,573615283;0,1253141;-0,043974528;1;0,307191422;0,097154988;0,535957108;1;0,444398331;0,168594432;0,110995829;1;;;;;;;;;;;;;
683;0,735341556;0,12167201;0,225569261;1;0,226280808;0,092767135;0,131404039;1;0,225329711;0,160127132;-0,436675722;1;;;;;;;;;;;;;
684;0,667707003;0,1193312;0,112845006;1;0,143200023;0,091747962;-0,283999886;1;0,30557563;0,155213679;-0,236060926;1;;;;;;;;;;;;;
685;0,485010917;0,109967182;-0,191648471;1;0,172067973;0,086376715;-0,139660136;1;0,505076138;0,145618174;0,262690345;1;;;;;;;;;;;;;
686;0,451894845;0,117477721;-0,246841924;1;0,36847019;0,089380054;0,842350952;1;0,366306242;0,156125884;-0,084234396;1;;;;;;;;;;;;;
687;0,636628655;0,122301773;0,061047759;1;0,24332595;0,092848475;0,216629752;1;0,639467845;0,162025195;0,598669614;1;;;;;;;;;;;;;
688;0,424164097;0,107900469;-0,293059839;1;0,240164813;0,08567533;0,200824066;1;0,541572395;0,148405218;0,353930988;1;;;;;;;;;;;;;
689;0,504940018;0,119036529;-0,158433304;1;0,308730294;0,096091777;0,54365147;1;0,522248808;0,164842068;0,30562202;1;;;;;;;;;;;;;
690;0,759962172;0,116517833;0,26660362;1;0,232538055;0,089320234;0,162690276;1;0,206859569;0,152445699;-0,482851076;1;;;;;;;;;;;;;
691;0,575017699;0,117401019;-0,041637168;1;0,113747567;0,089169757;-0,431262164;1;0,482295038;0,156942207;0,205737595;1;;;;;;;;;;;;;
692;0,860033453;0,117475564;0,433389089;0;0,073035137;0,091936958;-0,634824315;1;0,251600676;0,153874325;-0,370998309;1;;;;;;;;;;;;;
693;0,492773153;0,122143238;-0,178711412;1;0,190155756;0,096062716;-0,049221218;1;0,856498844;0,160016993;1,14124711;0;;;;;;;;;;;;;
694;0,642392989;0,112914505;0,070654981;1;0,232341101;0,089501517;0,161705507;1;0,342601966;0,152735718;-0,143495084;1;;;;;;;;;;;;;
695;0,551280043;0,115139281;-0,081199928;1;0,139870036;0,089367475;-0,300649821;1;0,568814963;0,151646693;0,422037407;1;;;;;;;;;;;;;
696;0,533576053;0,11376524;-0,110706578;1;0,169736294;0,085236818;-0,151318529;1;0,464152051;0,146719922;0,160380126;1;;;;;;;;;;;;;
697;0,828634322;0,113422943;0,381057203;0;0,175734133;0,086260551;-0,121329333;1;0,046491656;0,147280399;-0,883770861;0;;;;;;;;;;;;;
698;0,451870081;0,115315487;-0,246883198;1;0,098589989;0,084966055;-0,507050056;1;0,60342808;0,154987826;0,508570201;1;;;;;;;;;;;;;
699;0,611723344;0,11284215;0,019538906;1;0,18196094;0,087437302;-0,090195301;1;0,489125166;0,154208405;0,222812914;1;;;;;;;;;;;;;
700;0,537441542;0,115269537;-0,104264096;1;0,256864067;0,089266067;0,284320335;1;0,512592187;0,155224029;0,281480467;1;;;;;;;;;;;;;
701;0,489886485;0,114296483;-0,183522524;1;0,315855585;0,086185068;0,579277926;1;0,331830187;0,14938041;-0,170424533;1;;;;;;;;;;;;;
702;0,569629506;0,118059927;-0,05061749;1;0,225133938;0,09297566;0,125669692;1;0,465552114;0,158637768;0,163880284;1;;;;;;;;;;;;;
703;0,434059406;0,103939091;-0,276567657;1;0,103449038;0,080471858;-0,48275481;1;0,452395701;0,138089478;0,130989252;1;;;;;;;;;;;;;
704;0,546585528;0,110075896;-0,089024121;1;0,484042306;0,08444364;1,420211532;0;0,225835129;0,139772428;-0,435412178;1;;;;;;;;;;;;;
705;0,644641789;0,129490738;0,074402982;1;0,249903762;0,098810804;0,249518809;1;0,345791463;0,165848952;-0,135521342;1;;;;;;;;;;;;;
706;0,604175495;0,112615955;0,006959158;1;0,066972912;0,085560928;-0,665135439;1;0,278830998;0,146301639;-0,302922505;1;;;;;;;;;;;;;
707;0,607245439;0,125398984;0,012075732;1;0,200655668;0,094653401;0,00327834;1;0,550254001;0,161918748;0,375635001;1;;;;;;;;;;;;;
708;0,558047211;0,107893207;-0,069921315;1;0,080141929;0,082980784;-0,599290356;1;0,305922468;0,140959581;-0,23519383;1;;;;;;;;;;;;;
709;0,494162188;0,117753032;-0,176396353;1;0,141809353;0,089448281;-0,290953236;1;0,603804553;0,155638005;0,509511383;1;;;;;;;;;;;;;
710;0,575142326;0,11549766;-0,041429456;1;0,174106579;0,088552898;-0,129467105;1;0,225368068;0,151730278;-0,43657983;1;;;;;;;;;;;;;
711;0,690267801;0,117231103;0,150446336;1;0,167300479;0,089025328;-0,163497605;1;0,196061884;0,149474734;-0,509845291;1;;;;;;;;;;;;;
712;0,46095181;0,112943437;-0,231746983;1;0,241069298;0,089712893;0,205346492;1;0,479350483;0,151743243;0,198376207;1;;;;;;;;;;;;;
713;0,758663444;0,123056448;0,264439074;1;0,262259959;0,093033915;0,311299793;1;0,147398212;0,161016374;-0,63150447;1;;;;;;;;;;;;;
714;0,514735846;0,109986766;-0,142106924;1;0,238066207;0,086034801;0,190331035;1;0,518863033;0,145629102;0,297157583;1;;;;;;;;;;;;;
715;0,332304572;0,109601187;-0,446159047;0;0,375877034;0,086727563;0,879385169;0;0,717183481;0,148054792;0,792958704;0;;;;;;;;;;;;;
716;0,636096854;0,121779536;0,060161424;1;0,390218224;0,094477266;0,951091119;0;0,412159783;0,159521384;0,030399458;1;;;;;;;;;;;;;
717;0,751667134;0,118980448;0,252778557;1;0,075795356;0,087994541;-0,621023219;1;0,379857587;0,160633173;-0,050356033;1;;;;;;;;;;;;;
718;0,429292636;0,10924851;-0,284512273;1;0,207082079;0,085135299;0,035410395;1;0,508760247;0,146126107;0,271900618;1;;;;;;;;;;;;;
719;0,615260992;0,115744311;0,025434987;1;0,164116182;0,088528116;-0,179419089;1;0,362853601;0,15730346;-0,092865996;1;;;;;;;;;;;;;
720;0,260621324;0,111237842;-0,565631127;0;0,268181706;0,084147696;0,340908531;1;0,689164304;0,143773795;0,722910759;0;;;;;;;;;;;;;
721;0,380723391;0,103574443;-0,365461014;0;0,355817552;0,081369473;0,779087762;1;0,329065255;0,139010609;-0,177336862;1;;;;;;;;;;;;;
722;0,679517549;0,125518346;0,132529249;1;0,259612768;0,096361072;0,29806384;1;0,336571465;0,161662846;-0,158571337;1;;;;;;;;;;;;;
723;0,768128266;0,120062266;0,280213777;1;0,162365725;0,092133748;-0,188171374;1;0,346271765;0,165382539;-0,134320588;1;;;;;;;;;;;;;
724;0,863824113;0,116304793;0,439706854;0;0,017743324;0,087949872;-0,911283378;0;0,133983354;0,148258218;-0,665041615;1;;;;;;;;;;;;;
725;0,533148004;0,110614146;-0,111419993;1;0,143431581;0,086594878;-0,282842094;1;0,390719078;0,145824318;-0,023202304;1;;;;;;;;;;;;;
726;0,731333073;0,12393198;0,218888455;1;0,260468415;0,095745736;0,302342075;1;0,369904021;0,162678518;-0,075239948;1;;;;;;;;;;;;;
727;0,739087335;0,11811259;0,231812225;1;0,11756393;0,089927403;-0,412180352;1;0,214059206;0,161044651;-0,464851985;1;;;;;;;;;;;;;
728;0,594899532;0,124512547;-0,00850078;1;0,274732707;0,094794741;0,373663534;1;0,557131756;0,158325253;0,392829391;1;;;;;;;;;;;;;
729;0,690598856;0,108348455;0,150998094;1;0,10790128;0,083216525;-0,460493599;1;0,261058816;0,140640604;-0,347352961;1;;;;;;;;;;;;;
730;0,688357457;0,117570282;0,147262428;1;0,214903953;0,085745547;0,074519764;1;0,065617526;0,149430455;-0,835956186;0;;;;;;;;;;;;;
731;0,577757453;0,116073975;-0,037070912;1;0,054977468;0,086966959;-0,725112659;1;0,419167467;0,149996485;0,047918668;1;;;;;;;;;;;;;
732;0,357667939;0,104582685;-0,403886768;0;0,170230898;0,08256334;-0,148845512;1;0,706711131;0,140437307;0,766777828;0;;;;;;;;;;;;;
733;0,556468125;0,1138039;-0,072553124;1;0,136553442;0,089691035;-0,317232788;1;0,5503773;0,15665484;0,37594325;1;;;;;;;;;;;;;
734;0,88945753;0,122618587;0,482429216;0;0,155696333;0,09330599;-0,221518335;1;0,080266195;0,156564938;-0,799334513;0;;;;;;;;;;;;;
735;0,724625658;0,119398566;0,20770943;1;0,200611608;0,093149377;0,003058038;1;0,313120665;0,160377197;-0,217198337;1;;;;;;;;;;;;;
736;0,590895995;0,111260656;-0,015173342;1;0,264080126;0,087686549;0,320400629;1;0,287379559;0,147641308;-0,281551101;1;;;;;;;;;;;;;
737;0,389623256;0,104650735;-0,350627907;0;0,297010937;0,079891218;0,485054685;1;0,285588146;0,136628832;-0,286029634;1;;;;;;;;;;;;;
738;0,650545433;0,124148326;0,084242388;1;0,113722801;0,094754852;-0,431385997;1;0,432736923;0,16495174;0,081842309;1;;;;;;;;;;;;;
739;0,682214689;0,119861984;0,137024481;1;0,353443552;0,093506224;0,767217762;1;0,446973153;0,158638487;0,117432882;1;;;;;;;;;;;;;
740;0,48337759;0,11293798;-0,194370684;1;0,183596185;0,087689358;-0,082019075;1;0,63360257;0,150467108;0,584006426;1;;;;;;;;;;;;;
741;0,387327752;0,115813524;-0,354453746;1;0,214391011;0,087102839;0,071955054;1;0,645590932;0,155580594;0,61397733;1;;;;;;;;;;;;;
742;0,726343733;0,116447435;0,210572888;1;0,031315365;0,089726572;-0,843423176;1;0,414495119;0,156996232;0,036237797;1;;;;;;;;;;;;;
743;0,354576468;0,114643232;-0,409039221;0;0,313018534;0,089648502;0,565092671;1;0,674578691;0,149062751;0,686446728;1;;;;;;;;;;;;;
744;0,593583474;0,112066848;-0,010694211;1;0,278777514;0,086693502;0,393887571;1;0,311430045;0,146313935;-0,221424887;1;;;;;;;;;;;;;
745;0,683087176;0,125501301;0,138478627;1;0,243156291;0,093062337;0,215781455;1;0,340068488;0,165875137;-0,14982878;1;;;;;;;;;;;;;
746;0,662404422;0,119779962;0,10400737;1;0,336016704;0,091288873;0,680083522;1;0,36328671;0,160987021;-0,091783224;1;;;;;;;;;;;;;
747;0,648369028;0,118589546;0,080615046;1;0,215625877;0,091522072;0,078129384;1;0,240413688;0,150311118;-0,398965779;1;;;;;;;;;;;;;
748;0,689563421;0,123071622;0,149272368;1;0,216157604;0,092761874;0,080788021;1;0,508311095;0,161846545;0,270777738;1;;;;;;;;;;;;;
749;0,636376059;0,11486636;0,060626765;1;0,276653074;0,093557365;0,383265371;1;0,280345106;0,155161305;-0,299137235;1;;;;;;;;;;;;;
750;0,71035239;0,12052829;0,18392065;1;0,242968353;0,092933303;0,214841765;1;0,317321008;0,162041884;-0,20669748;1;;;;;;;;;;;;;
751;0,833026143;0,120900924;0,388376906;1;0,115590531;0,094800655;-0,422047344;1;0,239990592;0,161521306;-0,40002352;1;;;;;;;;;;;;;
752;0,580559686;0,116611141;-0,032400523;1;0,328521928;0,088234532;0,64260964;1;0,168897798;0,150640084;-0,577755505;1;;;;;;;;;;;;;
753;0,542803501;0,114857005;-0,095327499;1;0,233225359;0,090931244;0,166126793;1;0,485718477;0,152565989;0,214296192;1;;;;;;;;;;;;;
754;0,478218906;0,121451892;-0,202968489;1;0,288737448;0,093946591;0,443687239;1;0,614581631;0,158872488;0,536454077;1;;;;;;;;;;;;;
755;0,524577978;0,114960321;-0,125703369;1;0,171070979;0,088751519;-0,144645103;1;0,56795737;0,153145236;0,419893424;1;;;;;;;;;;;;;
756;0,558284173;0,116250593;-0,069526378;1;0,295065609;0,089632907;0,475328043;1;0,402439415;0,15642324;0,006098538;1;;;;;;;;;;;;;
757;0,522296934;0,114851207;-0,129505109;1;0,41128769;0,087684483;1,056438451;0;0,428594535;0,149679179;0,071486337;1;;;;;;;;;;;;;
758;0,404027017;0,115641535;-0,326621638;1;0,294836401;0,089944938;0,474182005;1;0,668380745;0,150966595;0,670951863;1;;;;;;;;;;;;;
759;0,588884125;0,115992497;-0,018526458;1;0,212172871;0,092964786;0,060864356;1;0,325576058;0,155092977;-0,186059855;1;;;;;;;;;;;;;
760;0,275317345;0,116921636;-0,541137758;0;0,349399367;0,089256484;0,746996833;1;0,754202949;0,15734505;0,885507373;0;;;;;;;;;;;;;
761;0,572968728;0,118942413;-0,04505212;1;0,364573686;0,092957023;0,82286843;1;0,44707337;0,160458577;0,117683425;1;;;;;;;;;;;;;
762;0,360172276;0,110139106;-0,399712873;0;0,420669619;0,084740652;1,103348095;0;0,538686019;0,144856644;0,346715048;1;;;;;;;;;;;;;
763;0,5740503;0,11644827;-0,0432495;1;0,312510511;0,089868791;0,562552553;1;0,21908362;0,152745011;-0,452290951;1;;;;;;;;;;;;;
764;0,604708036;0,11493332;0,007846727;1;0,164773931;0,089125496;-0,176130347;1;0,396937554;0,148250239;-0,007656115;1;;;;;;;;;;;;;
765;0,752849727;0,119601734;0,254749545;1;0,078556763;0,090114739;-0,607216186;1;0,115629824;0,159800178;-0,710925439;1;;;;;;;;;;;;;
766;0,416872595;0,118529041;-0,305212342;1;0,169460809;0,090927328;-0,152695957;1;0,625014044;0,155284359;0,56253511;1;;;;;;;;;;;;;
767;0,778691488;0,123175358;0,297819146;1;0,197542517;0,092644269;-0,012287414;1;0,185670676;0,159994584;-0,535823309;1;;;;;;;;;;;;;
768;0,561791611;0,111244313;-0,063680648;1;0,10467727;0,085968818;-0,476613651;1;0,437138836;0,14842669;0,092847091;1;;;;;;;;;;;;;
769;0,4923636;0,111078053;-0,179393999;1;0,15891909;0,085334072;-0,205404551;1;0,620356746;0,146250059;0,550891864;1;;;;;;;;;;;;;
770;0,606458184;0,117920895;0,010763639;1;0,156024238;0,089555301;-0,219878811;1;0,525202177;0,151427564;0,313005444;1;;;;;;;;;;;;;
771;0,624622088;0,115764597;0,041036814;1;0,003875115;0,086103728;-0,980624425;0;0,481684763;0,150122624;0,204211909;1;;;;;;;;;;;;;
772;0,600591482;0,114621776;0,000985804;1;0,191489929;0,086425637;-0,042550356;1;0,295446385;0,150544957;-0,261384037;1;;;;;;;;;;;;;
773;0,587279583;0,116696801;-0,021200695;1;0,131866239;0,090732306;-0,340668805;1;0,433570375;0,153821726;0,083925938;1;;;;;;;;;;;;;
774;0,373815647;0,108102752;-0,376973922;0;0,352461856;0,084212659;0,762309279;1;0,481938133;0,142372616;0,204845333;1;;;;;;;;;;;;;
775;0,490964557;0,117006178;-0,181725738;1;0,269405067;0,09107583;0,347025335;1;0,585212945;0,15365892;0,463032362;1;;;;;;;;;;;;;
776;0,579814464;0,114021568;-0,03364256;1;0,271159532;0,09098037;0,35579766;1;0,431154593;0,156026733;0,077886483;1;;;;;;;;;;;;;
777;0,578512714;0,115833098;-0,035812144;1;0,363326037;0,086257772;0,816630187;1;0,188182675;0,148040592;-0,529543312;1;;;;;;;;;;;;;
778;0,445535174;0,11076588;-0,257441376;1;0,24992204;0,087203108;0,2496102;1;0,506875917;0,153005828;0,267189792;1;;;;;;;;;;;;;
779;0,573619774;0,117793484;-0,043967044;1;0,151186435;0,091553344;-0,244067826;1;0,49484219;0,152575675;0,237105475;1;;;;;;;;;;;;;
780;0,606934745;0,118057007;0,011557908;1;0,300029615;0,090873959;0,500148076;1;0,378485759;0,16278623;-0,053785604;1;;;;;;;;;;;;;
781;0,541530826;0,112332229;-0,097448623;1;0,341640165;0,088173703;0,708200826;1;0,396132915;0,152979751;-0,009667712;1;;;;;;;;;;;;;
782;0,592265293;0,113981376;-0,012891178;1;0,297380525;0,086407964;0,486902625;1;0,185601641;0,151630583;-0,535995897;1;;;;;;;;;;;;;
783;0,715735147;0,112679969;0,192891912;1;0,069174716;0,090752553;-0,654126422;1;0,41861585;0,150942728;0,046539625;1;;;;;;;;;;;;;
784;0,685204035;0,121853875;0,142006725;1;0,156335684;0,093331093;-0,218321581;1;0,449208176;0,157270858;0,123020441;1;;;;;;;;;;;;;
785;0,580008862;0,119476691;-0,033318563;1;0,161943727;0,089436584;-0,190281365;1;0,460236618;0,153350008;0,150591546;1;;;;;;;;;;;;;
786;0,687496852;0,113161448;0,145828086;1;0,120920683;0,085682026;-0,395396586;1;0,235299597;0,146511812;-0,411751008;1;;;;;;;;;;;;;
787;0,48583647;0,115000939;-0,190272549;1;0,342277178;0,087213841;0,711385888;1;0,428191234;0,149784214;0,070478085;1;;;;;;;;;;;;;
788;0,487645949;0,111513885;-0,187256752;1;0,151725726;0,085717042;-0,241371372;1;0,487756177;0,146298649;0,219390444;1;;;;;;;;;;;;;
789;0,72427423;0,120111998;0,207123716;1;0,049760788;0,089341346;-0,75119606;1;0,289945279;0,165422417;-0,275136802;1;;;;;;;;;;;;;
790;0,434823594;0,108212595;-0,27529401;1;0,410113513;0,084907291;1,050567565;0;0,327884614;0,140344766;-0,180288466;1;;;;;;;;;;;;;
791;0,46932301;0,114021974;-0,217794983;1;0,294799748;0,088356381;0,473998739;1;0,307940495;0,149286984;-0,230148762;1;;;;;;;;;;;;;
792;0,686111919;0,1193376;0,143519864;1;0,120560202;0,089554922;-0,39719899;1;0,386657299;0,156748116;-0,033356752;1;;;;;;;;;;;;;
793;0,357793716;0,106407068;-0,40367714;0;0,337252556;0,08047154;0,686262778;1;0,555081829;0,140829093;0,387704571;1;;;;;;;;;;;;;
794;0,525342939;0,114515954;-0,124428435;1;0,162693668;0,091470981;-0,186531659;1;0,532642;0,151515292;0,331605;1;;;;;;;;;;;;;
795;0,56023805;0,115083352;-0,066269916;1;0,158247798;0,088843642;-0,208761009;1;0,332722462;0,14692478;-0,168193846;1;;;;;;;;;;;;;
796;0,460887894;0,119621068;-0,23185351;1;0,223621577;0,093510656;0,118107887;1;0,670948004;0,153596885;0,677370011;1;;;;;;;;;;;;;
797;0,684076435;0,128279901;0,140127392;1;0,271120796;0,094882576;0,355603978;1;0,31994986;0,165656612;-0,20012535;1;;;;;;;;;;;;;
798;0,626147673;0,113367354;0,043579455;1;0,388696827;0,089701338;0,943484136;0;0,32312802;0,152195002;-0,192179951;1;;;;;;;;;;;;;
799;0,599846821;0,114455088;-0,000255299;1;0,223760953;0,090113898;0,118804764;1;0,407480432;0,155207919;0,018701081;1;;;;;;;;;;;;;
800;0,684450393;0,111204451;0,140750656;1;0,234743989;0,087801864;0,173719944;1;0,320432431;0,145459691;-0,198918923;1;;;;;;;;;;;;;
801;0,38287333;0,110464901;-0,361877784;0;0,194379063;0,086301728;-0,028104683;1;0,577922761;0,143666779;0,444806902;1;;;;;;;;;;;;;
802;0,642973041;0,113799879;0,071621735;1;0,066555106;0,08882194;-0,667224472;1;0,465749742;0,146779573;0,164374356;1;;;;;;;;;;;;;
803;0,64336111;0,12179278;0,072268517;1;0,150869742;0,094755021;-0,24565129;1;0,45078293;0,157593421;0,126957325;1;;;;;;;;;;;;;
804;0,772853124;0,123768156;0,288088541;1;0,109980393;0,092097828;-0,450098037;1;0,207510495;0,165905266;-0,481223762;1;;;;;;;;;;;;;
805;0,604059932;0,116906118;0,006766554;1;0,22954503;0,089189239;0,14772515;1;0,453072155;0,146268959;0,132680387;1;;;;;;;;;;;;;
806;0,665398017;0,111189901;0,108996696;1;0,212949584;0,086050758;0,064747921;1;0,227864893;0,138098887;-0,430337767;1;;;;;;;;;;;;;
807;0,592458729;0,117425403;-0,012568784;1;0,216427582;0,091615288;0,082137908;1;0,314394275;0,153045712;-0,214014313;1;;;;;;;;;;;;;
808;0,622327526;0,11247056;0,037212544;1;0,339206357;0,085706178;0,696031783;1;0,143306512;0,146320054;-0,64173372;1;;;;;;;;;;;;;
809;0,738562351;0,113827188;0,230937251;1;0,135271153;0,085096793;-0,323644236;1;0,186362975;0,146967501;-0,534092563;1;;;;;;;;;;;;;
810;0,56259583;0,108773558;-0,062340283;1;0,298951365;0,08703882;0,494756826;1;0,487536879;0,137322391;0,218842199;1;;;;;;;;;;;;;
811;0,707592221;0,113655225;0,179320368;1;0,164576505;0,087814323;-0,177117474;1;0,211641549;0,145190963;-0,470896128;1;;;;;;;;;;;;;
812;0,594096022;0,116802269;-0,009839963;1;0,189822148;0,091994489;-0,05088926;1;0,4552975;0,15732503;0,13824375;1;;;;;;;;;;;;;
813;0,564308799;0,108205918;-0,059485335;1;0,238822389;0,085418252;0,194111947;1;0,430479323;0,139256899;0,076198307;1;;;;;;;;;;;;;
814;0,491803483;0,112019334;-0,180327528;1;0,20172521;0,086467154;0,008626049;1;0,360214361;0,144090094;-0,099464097;1;;;;;;;;;;;;;
815;0,456177484;0,118485623;-0,239704194;1;0,326070314;0,091957927;0,630351571;1;0,533860485;0,156817391;0,334651214;1;;;;;;;;;;;;;
816;0,648057455;0,118832314;0,080095758;1;0,279681971;0,09427253;0,398409853;1;0,298377093;0,163618326;-0,254057266;1;;;;;;;;;;;;;
817;0,562962093;0,126943844;-0,061729845;1;0,22679007;0,097565716;0,133950349;1;0,525260921;0,169569106;0,313152302;1;;;;;;;;;;;;;
818;0,557042457;0,126477117;-0,071595905;1;0,276113554;0,097854154;0,380567769;1;0,55552955;0,170105791;0,388823876;1;;;;;;;;;;;;;
819;0,534890271;0,118093414;-0,108516216;1;0,337748539;0,093514081;0,688742696;1;0,473723784;0,157957482;0,18430946;1;;;;;;;;;;;;;
820;0,346330727;0,125528928;-0,422782122;0;0,210366925;0,095138027;0,051834626;1;0,769184115;0,163713577;0,922960287;0;;;;;;;;;;;;;
821;0,54424058;0,11877812;-0,092932366;1;0,094253517;0,087981066;-0,528732413;1;0,529069088;0,154143776;0,32267272;1;;;;;;;;;;;;;
822;0,692977479;0,121178182;0,154962464;1;0,175460471;0,092360234;-0,122697645;1;0,304726374;0,156855304;-0,238184065;1;;;;;;;;;;;;;
823;0,513576766;0,110848105;-0,144038723;1;0,198526591;0,089846166;-0,007367045;1;0,455100095;0,141406732;0,137750238;1;;;;;;;;;;;;;
824;0,734931709;0,120531812;0,224886181;1;0,17986192;0,090731584;-0,1006904;1;0,064163898;0,157959323;-0,839590254;0;;;;;;;;;;;;;
825;0,523340896;0,113090512;-0,127765173;1;0,228094481;0,087688064;0,140472407;1;0,340636554;0,148352899;-0,148408616;1;;;;;;;;;;;;;
826;0,82032852;0,12098628;0,367214199;1;0,232611878;0,09300502;0,163059388;1;0,152000028;0,158351812;-0,619999929;1;;;;;;;;;;;;;
827;0,617686506;0,117690478;0,029477509;1;0,241895244;0,088795645;0,209476221;1;0,324992607;0,154713913;-0,187518482;1;;;;;;;;;;;;;
828;0,762365948;0,121038737;0,270609914;1;0,159083096;0,092308498;-0,204584522;1;0,115951254;0,152925556;-0,710121865;1;;;;;;;;;;;;;
829;0,416935069;0,113126619;-0,305108219;1;0,164431666;0,084361503;-0,177841672;1;0,460727099;0,147366046;0,151817747;1;;;;;;;;;;;;;
830;0,758256048;0,119047693;0,263760081;1;0,201192459;0,091730989;0,005962297;1;0,198666886;0,15988287;-0,503332784;1;;;;;;;;;;;;;
831;0,673881153;0,113154734;0,123135254;1;0,367926173;0,087228033;0,839630863;1;-0,045523208;0,146540422;-1,11380802;0;;;;;;;;;;;;;
832;0,55313209;0,111679896;-0,078113183;1;0,329669449;0,086319715;0,648347245;1;0,222876937;0,144323734;-0,442807656;1;;;;;;;;;;;;;
833;0,503034715;0,111456049;-0,161608808;1;0,16539417;0,086469764;-0,173029148;1;0,400795795;0,149605022;0,001989487;1;;;;;;;;;;;;;
834;0,650437418;0,113418321;0,084062363;1;0,148973915;0,088233539;-0,255130427;1;0,323883541;0,149549862;-0,190291147;1;;;;;;;;;;;;;
835;0,525328066;0,109464252;-0,124453223;1;0,270554048;0,084745867;0,352770241;1;0,290556434;0,139937567;-0,273608914;1;;;;;;;;;;;;;
836;0,537356203;0,116004727;-0,104406328;1;0,331435448;0,089674246;0,657177238;1;0,403799358;0,153571703;0,009498395;1;;;;;;;;;;;;;
837;0,448806349;0,109692252;-0,251989419;1;0,205099611;0,08416874;0,025498054;1;0,430490944;0,146184164;0,076227359;1;;;;;;;;;;;;;
838;0,54111538;0,122269426;-0,098141033;1;0,264474228;0,090157612;0,322371141;1;0,378346544;0,166314108;-0,054133641;1;;;;;;;;;;;;;
839;0,64772379;0,120713896;0,07953965;1;0,183736416;0,091038635;-0,081317919;1;0,331066665;0,15597939;-0,172333338;1;;;;;;;;;;;;;
840;0,337648707;0,11392617;-0,437252155;0;0,326888527;0,085602057;0,634442635;1;0,555756682;0,155296945;0,389391706;1;;;;;;;;;;;;;
841;0,603877042;0,120716098;0,006461736;1;0,192216569;0,09139912;-0,038917156;1;0,568535848;0,155391325;0,42133962;1;;;;;;;;;;;;;
842;0,628106663;0,127161427;0,046844438;1;0,271892557;0,093381702;0,359462783;1;0,320723413;0,165564302;-0,198191468;1;;;;;;;;;;;;;
843;0,531699315;0,116024326;-0,113834474;1;0,203211031;0,090277226;0,016055156;1;0,435986487;0,155584149;0,089966218;1;;;;;;;;;;;;;
844;0,501177921;0,108851716;-0,164703465;1;0,355161837;0,084562013;0,775809183;1;0,26214835;0,138123479;-0,344629125;1;;;;;;;;;;;;;
845;0,471231179;0,121428572;-0,214614701;1;0,412192012;0,093320283;1,060960059;0;0,51488456;0,162453237;0,287211399;1;;;;;;;;;;;;;
846;0,517578045;0,110493132;-0,137369925;1;0,175190352;0,083283295;-0,124048241;1;0,393670923;0,14449291;-0,015822692;1;;;;;;;;;;;;;
847;0,422810442;0,109553563;-0,29531593;1;0,276516088;0,084318683;0,382580441;1;0,39452118;0,141421351;-0,01369705;1;;;;;;;;;;;;;
848;0,571360947;0,117056008;-0,047731755;1;0,26201317;0,089823082;0,310065852;1;0,339766638;0,153942421;-0,150583405;1;;;;;;;;;;;;;
849;0,597916849;0,113922267;-0,003471919;1;0,144299999;0,0855251;-0,278500004;1;0,326035738;0,153063855;-0,184910656;1;;;;;;;;;;;;;
850;0,429625495;0,114521651;-0,283957508;1;0,311568759;0,090365328;0,557843797;1;0,496703987;0,155667645;0,241759967;1;;;;;;;;;;;;;
851;0,545278913;0,112094431;-0,091201812;1;0,196761484;0,08808166;-0,016192578;1;0,491205464;0,14899967;0,22801366;1;;;;;;;;;;;;;
852;0,436301166;0,116824283;-0,27283139;1;0,10869959;0,091580342;-0,45650205;1;0,680143259;0,15748775;0,700358149;1;;;;;;;;;;;;;
853;0,240662032;0,119363662;-0,598896613;0;0,408847645;0,090679608;1,044238225;0;0,808298778;0,15866149;1,020746945;0;;;;;;;;;;;;;
854;0,692796565;0,121883742;0,154660942;1;0,218543665;0,090968211;0,092718326;1;0,303975595;0,162622006;-0,240061014;1;;;;;;;;;;;;;
855;0,577116198;0,119093414;-0,038139669;1;0,247094067;0,090767908;0,235470335;1;0,502491471;0,161170161;0,256228677;1;;;;;;;;;;;;;
856;0,597767733;0,116939201;-0,003720446;1;0,238104558;0,091467818;0,190522788;1;0,417517083;0,155926825;0,043792708;1;;;;;;;;;;;;;
857;0,544491486;0,115781267;-0,09251419;1;0,221704008;0,085858212;0,10852004;1;0,478194209;0,153306925;0,195485522;1;;;;;;;;;;;;;
858;0,443847231;0,109245369;-0,260254615;1;0,010453727;0,082323318;-0,947731365;0;0,535261446;0,143856836;0,338153616;1;;;;;;;;;;;;;
859;0,811954747;0,122600851;0,353257912;1;0,177848801;0,093900239;-0,110755993;1;0,210134786;0,160432271;-0,474663035;1;;;;;;;;;;;;;
860;0,492260389;0,115278235;-0,179566018;1;0,266525137;0,088653511;0,332625685;1;0,479302529;0,157420943;0,198256324;1;;;;;;;;;;;;;
861;0,568748356;0,118621724;-0,052086074;1;0,292590397;0,090585737;0,462951986;1;0,237741445;0,155302412;-0,405646387;1;;;;;;;;;;;;;
862;0,631538911;0,117511376;0,052564852;1;0,136177073;0,087658061;-0,319114636;1;0,282360848;0,151002708;-0,294097879;1;;;;;;;;;;;;;
863;0,61318669;0,122643497;0,021977816;1;0,222959799;0,094506683;0,114798995;1;0,417157053;0,161282152;0,042892633;1;;;;;;;;;;;;;
864;0,667953135;0,11413405;0,113255226;1;0,294536034;0,088989721;0,472680171;1;0,224817502;0,149665674;-0,437956245;1;;;;;;;;;;;;;
865;0,632392319;0,111805067;0,053987198;1;0,021909786;0,084356999;-0,890451069;0;0,484341531;0,146828278;0,210853827;1;;;;;;;;;;;;;
866;0,562718263;0,114301703;-0,062136228;1;0,288074685;0,087503889;0,440373425;1;0,311250258;0,147931387;-0,221874355;1;;;;;;;;;;;;;
867;0,576672823;0,116671856;-0,038878629;1;0,280798772;0,093595306;0,40399386;1;0,363197038;0,159314394;-0,092007405;1;;;;;;;;;;;;;
868;0,701947078;0,111238831;0,169911797;1;0,31403039;0,08613825;0,570151952;1;0,022095555;0,146842869;-0,944761113;0;;;;;;;;;;;;;
869;0,557381806;0,109222244;-0,071030323;1;0,269801926;0,084028534;0,34900963;1;0,249682899;0,141634867;-0,375792752;1;;;;;;;;;;;;;
870;0,456790801;0,119832447;-0,238681999;1;0,266099076;0,092376257;0,330495381;1;0,323398341;0,164314338;-0,191504148;1;;;;;;;;;;;;;
871;0,744067599;0,114622172;0,240112665;1;0,040574931;0,089562072;-0,797125346;1;0,263421972;0,153869946;-0,34144507;1;;;;;;;;;;;;;
872;0,607290386;0,120541234;0,012150643;1;0,154635881;0,094845687;-0,226820597;1;0,554349526;0,167506551;0,385873816;1;;;;;;;;;;;;;
873;0,608089699;0,115715447;0,013482832;1;0,293634995;0,090318569;0,468174973;1;0,500043727;0,150475016;0,250109317;1;;;;;;;;;;;;;
874;0,450532517;0,113050879;-0,249112472;1;0,330086046;0,088889689;0,650430228;1;0,460470741;0,14744375;0,151176852;1;;;;;;;;;;;;;
875;0,774229028;0,124850849;0,290381714;1;0,206360547;0,093966096;0,031802735;1;0,439768865;0,169740471;0,099422161;1;;;;;;;;;;;;;
876;0,353383018;0,11286397;-0,411028303;0;0,192245401;0,085392184;-0,038772995;1;0,546767547;0,144334344;0,366918868;1;;;;;;;;;;;;;
877;0,644656887;0,123153293;0,074428145;1;0,433807408;0,096907198;1,16903704;0;0,32256271;0,162690178;-0,193593225;1;;;;;;;;;;;;;
878;0,61008561;0,121311219;0,01680935;1;0,298655498;0,093102986;0,493277488;1;0,395298327;0,162577195;-0,011754183;1;;;;;;;;;;;;;
879;0,54737523;0,113970495;-0,08770795;1;0,271053596;0,088245299;0,355267979;1;0,27964419;0,146051393;-0,300889524;1;;;;;;;;;;;;;
880;0,552832768;0,116447917;-0,078612054;1;0,254412501;0,088116523;0,272062504;1;0,399288537;0,154597411;-0,001778657;1;;;;;;;;;;;;;
881;0,608742398;0,111637419;0,014570663;1;0,203050346;0,083336567;0,015251728;1;0,331238887;0,142438381;-0,171902782;1;;;;;;;;;;;;;
882;0,716569111;0,114632848;0,194281852;1;0,332629101;0,09118091;0,663145506;1;0,215458647;0,155813755;-0,461353383;1;;;;;;;;;;;;;
883;0,80257227;0,124882891;0,33762045;1;0,082815593;0,09638517;-0,585922036;1;0,367353574;0,168681868;-0,081616064;1;;;;;;;;;;;;;
884;0,739135313;0,113293412;0,231892188;1;0,07759102;0,08775398;-0,612044902;1;0,436229996;0,1545327;0,09057499;1;;;;;;;;;;;;;
885;0,55436934;0,114772754;-0,0760511;1;0,175120408;0,088224673;-0,124397958;1;0,397652509;0,153683151;-0,005868728;1;;;;;;;;;;;;;
886;0,598050902;0,112469614;-0,003248497;1;0,299454434;0,091321838;0,497272169;1;0,371791507;0,149198815;-0,070521232;1;;;;;;;;;;;;;
887;0,614597455;0,123382873;0,024329092;1;0,303232154;0,097115553;0,516160772;1;0,405211196;0,157423231;0,013027991;1;;;;;;;;;;;;;
888;0,687346764;0,117854771;0,14557794;1;0,176866556;0,09069391;-0,115667222;1;0,323939664;0,157262927;-0,19015084;1;;;;;;;;;;;;;
889;0,634552395;0,117180149;0,057587325;1;0,066953414;0,089264601;-0,665232932;1;0,449083207;0,150067599;0,122708017;1;;;;;;;;;;;;;
890;0,535408533;0,122280266;-0,107652445;1;0,173237899;0,096124317;-0,133810506;1;0,694571033;0,161486196;0,736427582;1;;;;;;;;;;;;;
891;0,578597542;0,114706459;-0,035670764;1;0,378142945;0,090775441;0,890714727;0;0,442160622;0,151678025;0,105401554;1;;;;;;;;;;;;;
892;0,713079976;0,114217469;0,188466627;1;0,260563581;0,085561113;0,302817907;1;0,014536723;0,149583466;-0,963658193;0;;;;;;;;;;;;;
893;0,712481616;0,120552463;0,187469359;1;0,197929073;0,090964293;-0,010354636;1;0,235409993;0,154447168;-0,411475017;1;;;;;;;;;;;;;
894;0,40955184;0,11234047;-0,3174136;1;0,274487406;0,086445223;0,37243703;1;0,519368285;0,154704963;0,298420713;1;;;;;;;;;;;;;
895;0,518876792;0,116238676;-0,135205347;1;0,296351667;0,090792771;0,481758334;1;0,312535833;0,149386502;-0,218660418;1;;;;;;;;;;;;;
896;0,724274541;0,121279536;0,207124234;1;0,170785419;0,092016157;-0,146072903;1;0,330789316;0,161567069;-0,173026709;1;;;;;;;;;;;;;
897;0,590386431;0,117201865;-0,016022616;1;0,233617893;0,090901658;0,168089466;1;0,410453756;0,158621102;0,02613439;1;;;;;;;;;;;;;
898;0,696721852;0,117987135;0,161203086;1;0,15345142;0,088273657;-0,232742899;1;0,293225775;0,151172418;-0,266935563;1;;;;;;;;;;;;;
899;0,885790878;0,111732404;0,47631813;0;0,025111536;0,085875812;-0,874442318;0;-0,03235392;0,143017341;-1,0808848;0;;;;;;;;;;;;;
900;0,590024746;0,126199265;-0,016625424;1;0,249367318;0,098218321;0,24683659;1;0,635739609;0,17181468;0,589349023;1;;;;;;;;;;;;;
901;0,629486548;0,115077509;0,049144246;1;0,267226127;0,086269666;0,336130634;1;0,248777165;0,151508622;-0,378057086;1;;;;;;;;;;;;;
902;0,733334038;0,121338934;0,222223396;1;0,173983081;0,093671566;-0,130084594;1;0,238899697;0,157552771;-0,402750758;1;;;;;;;;;;;;;
903;0,560793731;0,122798463;-0,065343782;1;0,138187137;0,094837284;-0,309064317;1;0,6523312;0,159779517;0,630827999;1;;;;;;;;;;;;;
904;0,327307076;0,10915332;-0,454488206;0;0,231942412;0,081974348;0,15971206;1;0,614088433;0,137717636;0,535221082;1;;;;;;;;;;;;;
905;0,49407046;0,114296873;-0,176549233;1;0,208279254;0,08769335;0,041396269;1;0,372576469;0,151227602;-0,068558829;1;;;;;;;;;;;;;
906;0,432274042;0,108507049;-0,279543263;1;0,233378067;0,081743178;0,166890335;1;0,344299467;0,139938692;-0,139251332;1;;;;;;;;;;;;;
907;0,610211247;0,111480978;0,017018745;1;0,134736393;0,084451756;-0,326318033;1;0,258624114;0,145315344;-0,353439716;1;;;;;;;;;;;;;
908;0,50160182;0,118287738;-0,163996967;1;0,19877205;0,090305298;-0,006139749;1;0,523716759;0,154807865;0,309291896;1;;;;;;;;;;;;;
909;0,745897056;0,116546927;0,243161759;1;0,210518935;0,092221288;0,052594677;1;0,37479477;0,152253909;-0,063013076;1;;;;;;;;;;;;;
910;0,742622133;0,121986034;0,237703554;1;0,20791187;0,0910875;0,039559348;1;0,09762617;0,161876142;-0,755934575;1;;;;;;;;;;;;;
911;0,544069743;0,118419315;-0,093217095;1;0,242912797;0,091259766;0,214563987;1;0,423681044;0,164268522;0,059202609;1;;;;;;;;;;;;;
912;0,447164071;0,105843013;-0,254726548;1;0,438367435;0,080517607;1,191837177;0;0,304807466;0,142256742;-0,237981335;1;;;;;;;;;;;;;
913;0,910138704;0,12601326;0,51689784;0;0,233559295;0,097103879;0,167796476;1;0,140108929;0,16647594;-0,649727677;1;;;;;;;;;;;;;
914;0,54585153;0,115073629;-0,09024745;1;0,248909821;0,087502002;0,244549107;1;0,455648667;0,153624275;0,139121667;1;;;;;;;;;;;;;
915;0,521996896;0,108743882;-0,130005173;1;0,121797729;0,084337563;-0,391011357;1;0,487625117;0,139001469;0,219062791;1;;;;;;;;;;;;;
916;0,559330606;0,111770438;-0,067782323;1;0,24585806;0,087649634;0,2292903;1;0,452094004;0,147700906;0,13023501;1;;;;;;;;;;;;;
917;0,482534682;0,110799361;-0,19577553;1;0,370386588;0,085421766;0,851932941;0;0,332323758;0,147903275;-0,169190605;1;;;;;;;;;;;;;
918;0,606985429;0,120748893;0,011642381;1;0,16810787;0,092319756;-0,159460651;1;0,431776787;0,16287121;0,079441967;1;;;;;;;;;;;;;
919;0,307536569;0,108079844;-0,487439051;0;0,434102275;0,086315059;1,170511373;0;0,581216154;0,143007759;0,453040384;1;;;;;;;;;;;;;
920;0,542193289;0,11078699;-0,096344518;1;0,249609109;0,085364671;0,248045546;1;0,380852277;0,145729702;-0,047869308;1;;;;;;;;;;;;;
921;0,789580393;0,119198824;0,315967322;1;-0,025178292;0,091039322;-1,125891459;0;0,44831169;0,160150358;0,120779224;1;;;;;;;;;;;;;
922;0,612060223;0,115620181;0,020100371;1;0,192945212;0,089704123;-0,035273939;1;0,400609634;0,155710622;0,001524085;1;;;;;;;;;;;;;
923;0,438430429;0,117024991;-0,269282618;1;0,474985924;0,091739031;1,374929621;0;0,508094809;0,152933264;0,270237022;1;;;;;;;;;;;;;
924;0,687499468;0,118551433;0,145832447;1;0,369532377;0,095364183;0,847661883;1;0,367188569;0,157260407;-0,082028578;1;;;;;;;;;;;;;
925;0,471421764;0,12009187;-0,21429706;1;0,22511662;0,091638518;0,125583098;1;0,495008;0,160046483;0,237520001;1;;;;;;;;;;;;;
926;0,501511973;0,109064922;-0,164146712;1;0,285353647;0,090080105;0,426768237;1;0,39491988;0,150006334;-0,012700301;1;;;;;;;;;;;;;
927;0,507806034;0,111196226;-0,15365661;1;0,236699229;0,085306254;0,183496146;1;0,485900456;0,144157997;0,21475114;1;;;;;;;;;;;;;
928;0,51767345;0,110174603;-0,137210916;1;0,242857791;0,085798374;0,214288953;1;0,499139895;0,146455059;0,247849738;1;;;;;;;;;;;;;
929;0,399884887;0,111429942;-0,333525188;1;0,266197357;0,085806811;0,330986783;1;0,60853624;0,150970375;0,521340599;1;;;;;;;;;;;;;
930;0,405671374;0,11310776;-0,323881044;1;0,292735028;0,085116172;0,46367514;1;0,579195863;0,15149381;0,447989659;1;;;;;;;;;;;;;
931;0,45277581;0,110660256;-0,24537365;1;0,157662407;0,085494428;-0,211687967;1;0,535483762;0,148119805;0,338709405;1;;;;;;;;;;;;;
932;0,603125463;0,11436737;0,005209104;1;0,140330255;0,09170729;-0,298348727;1;0,722879002;0,15027786;0,807197506;0;;;;;;;;;;;;;
933;0,584664491;0,111019812;-0,025559182;1;0,21528503;0,087146253;0,076425148;1;0,145575732;0,146905878;-0,636060671;1;;;;;;;;;;;;;
934;0,613383929;0,115037873;0,022306548;1;0,197198736;0,085803196;-0,01400632;1;0,374413763;0,150070227;-0,063965593;1;;;;;;;;;;;;;
935;0,43182798;0,115855882;-0,280286701;1;0,247933662;0,089122731;0,239668308;1;0,615654422;0,147250131;0,539136056;1;;;;;;;;;;;;;
936;0,643142212;0,110275781;0,071903687;1;0,15749879;0,086054347;-0,212506049;1;0,340309608;0,143919464;-0,14922598;1;;;;;;;;;;;;;
937;0,46287763;0,116231103;-0,228537283;1;0,1339261;0,08914592;-0,330369499;1;0,623601686;0,150703987;0,559004215;1;;;;;;;;;;;;;
938;0,456805421;0,109686934;-0,238657632;1;0,406120848;0,085602865;1,030604238;0;0,470131565;0,144728372;0,175328912;1;;;;;;;;;;;;;
939;0,647328737;0,114271488;0,078881229;1;0,229485101;0,087382006;0,147425507;1;0,198862373;0,15326772;-0,502844067;1;;;;;;;;;;;;;
940;0,513512307;0,113439923;-0,144146154;1;0,208677971;0,090006171;0,043389854;1;0,571225668;0,151333724;0,42806417;1;;;;;;;;;;;;;
941;0,42320187;0,105550565;-0,294663549;1;0,163072283;0,081680495;-0,184638586;1;0,46821234;0,14324023;0,170530849;1;;;;;;;;;;;;;
942;0,59357051;0,108681433;-0,010715816;1;0,050512976;0,083787973;-0,747435119;1;0,320550703;0,149127694;-0,198623243;1;;;;;;;;;;;;;
943;0,674811989;0,112724939;0,124686648;1;0,171323498;0,089550413;-0,143382512;1;0,359311035;0,150349617;-0,101722413;1;;;;;;;;;;;;;
944;0,525812116;0,117797647;-0,123646473;1;0,364752117;0,092764241;0,823760585;1;0,458942928;0,158787695;0,147357319;1;;;;;;;;;;;;;
945;0,585586299;0,120292336;-0,024022835;1;0,184394492;0,091632207;-0,078027541;1;0,459541595;0,15928334;0,148853987;1;;;;;;;;;;;;;
946;0,810361884;0,119206736;0,350603141;1;0,282374502;0,092277582;0,411872512;1;0,120215639;0,156128922;-0,699460903;1;;;;;;;;;;;;;
947;0,554609295;0,112037578;-0,075651176;1;0,251745199;0,085923401;0,258725994;1;0,216584539;0,145864602;-0,458538652;1;;;;;;;;;;;;;
948;0,754114409;0,122620817;0,256857349;1;0,124409981;0,097302694;-0,377950093;1;0,432483011;0,166654809;0,081207527;1;;;;;;;;;;;;;
949;0,666382121;0,126032432;0,110636869;1;0,286528795;0,097919776;0,432643974;1;0,389614514;0,161407403;-0,025963715;1;;;;;;;;;;;;;
950;0,746000975;0,117577148;0,243334958;1;0,130230945;0,094401602;-0,348845274;1;0,386111726;0,15942682;-0,034720684;1;;;;;;;;;;;;;
951;0,650229739;0,110176366;0,083716231;1;0,122561382;0,085800544;-0,387193089;1;0,31118418;0,15069578;-0,222039549;1;;;;;;;;;;;;;
952;0,462495894;0,113401826;-0,22917351;1;0,172273813;0,086786678;-0,138630936;1;0,5060861;0,14982996;0,26521525;1;;;;;;;;;;;;;
953;0,448903599;0,115183508;-0,251827335;1;0,334593848;0,088945236;0,672969241;1;0,401984939;0,154034139;0,004962347;1;;;;;;;;;;;;;
954;0,52005754;0,121852067;-0,133237434;1;0,242308971;0,093955583;0,211544853;1;0,481673788;0,158872814;0,204184471;1;;;;;;;;;;;;;
955;0,553738531;0,119374942;-0,077102448;1;0,41473399;0,089764146;1,073669952;0;0,276347116;0,15539397;-0,30913221;1;;;;;;;;;;;;;
956;0,633414438;0,113718565;0,05569073;1;0,233249368;0,088928806;0,16624684;1;0,288175358;0,159714684;-0,279561605;1;;;;;;;;;;;;;
957;0,793378735;0,12152534;0,322297891;1;0,183360535;0,091843856;-0,083197326;1;0,132784413;0,158241458;-0,668038967;1;;;;;;;;;;;;;
958;0,5041761;0,125132189;-0,1597065;1;0,264898079;0,096751455;0,324490393;1;0,641231459;0,168827429;0,603078647;1;;;;;;;;;;;;;
959;0,573076223;0,113727332;-0,044872961;1;0,092508893;0,087671766;-0,537455535;1;0,309629294;0,151966391;-0,225926764;1;;;;;;;;;;;;;
960;0,46464945;0,106339182;-0,22558425;1;0,210895909;0,083998849;0,054479546;1;0,444752843;0,140836971;0,111882108;1;;;;;;;;;;;;;
961;0,704408476;0,114884774;0,174014127;1;0,182310922;0,090475306;-0,088445391;1;0,290137246;0,154232266;-0,274656885;1;;;;;;;;;;;;;
962;0,6586976;0,125861638;0,097829333;1;0,414726579;0,096041515;1,073632894;0;0,321848054;0,171689559;-0,195379866;1;;;;;;;;;;;;;
963;0,598913592;0,116611047;-0,00181068;1;0,117972615;0,087047674;-0,410136927;1;0,376751349;0,154571117;-0,058121627;1;;;;;;;;;;;;;
964;0,635916165;0,120535675;0,059860276;1;0,278438787;0,09245445;0,392193934;1;0,549501748;0,163293366;0,373754369;1;;;;;;;;;;;;;
965;0,636684114;0,125210053;0,06114019;1;0,278345698;0,095147259;0,391728492;1;0,352081274;0,158797953;-0,119796815;1;;;;;;;;;;;;;
966;0,381317967;0,107556845;-0,364470055;0;0,136788589;0,081961848;-0,316057054;1;0,564253333;0,136248084;0,410633331;1;;;;;;;;;;;;;
967;0,705807379;0,127854474;0,176345631;1;0,178445294;0,099600253;-0,107773531;1;0,404063173;0,171119541;0,010157932;1;;;;;;;;;;;;;
968;0,670079825;0,114321411;0,116799708;1;0,104021798;0,089776366;-0,479891009;1;0,488990557;0,158640093;0,222476392;1;;;;;;;;;;;;;
969;0,772743544;0,117019101;0,287905906;1;0,227031113;0,089127072;0,135155563;1;0,104237214;0,153543993;-0,739406965;1;;;;;;;;;;;;;
970;0,600509549;0,104502067;0,000849249;1;0,084696325;0,08252995;-0,576518375;1;0,274031061;0,138052464;-0,314922348;1;;;;;;;;;;;;;
971;0,347809606;0,106733649;-0,420317323;0;0,390950871;0,084090282;0,954754356;0;0,612366696;0,142817427;0,53091674;1;;;;;;;;;;;;;
972;0,63640245;0,118273558;0,06067075;1;0,1287418;0,089423278;-0,356291001;1;0,401837952;0,157325839;0,004594881;1;;;;;;;;;;;;;
973;0,507264682;0,116420292;-0,154558863;1;0,244498613;0,089567025;0,222493063;1;0,446343731;0,149083597;0,115859327;1;;;;;;;;;;;;;
974;0,459885685;0,111225374;-0,233523859;1;0,283929055;0,087041051;0,419645274;1;0,539849682;0,148890246;0,349624205;1;;;;;;;;;;;;;
975;0,450389958;0,117506814;-0,249350071;1;0,322562762;0,092177716;0,612813809;1;0,596252216;0,151673676;0,49063054;1;;;;;;;;;;;;;
976;0,630050706;0,114702734;0,05008451;1;0,109319342;0,088379148;-0,453403291;1;0,332992894;0,148218237;-0,167517764;1;;;;;;;;;;;;;
977;0,714606447;0,113522533;0,191010745;1;0,305440678;0,089569892;0,527203388;1;0,215954453;0,145539897;-0,460113866;1;;;;;;;;;;;;;
978;0,620155205;0,121425942;0,033592009;1;0,168301704;0,093085306;-0,158491479;1;0,428610058;0,160159363;0,071525144;1;;;;;;;;;;;;;
979;0,605482877;0,124760808;0,009138128;1;0,235729495;0,092876014;0,178647476;1;0,399870586;0,16514788;-0,000323535;1;;;;;;;;;;;;;
980;0,928906998;0,120891691;0,548178331;0;-0,000384912;0,093714983;-1,001924558;0;0,014461915;0,168225632;-0,963845212;0;;;;;;;;;;;;;
981;0,647427403;0,113062628;0,079045671;1;0,116629746;0,08732856;-0,416851268;1;0,204772548;0,140766141;-0,488068629;1;;;;;;;;;;;;;
982;0,624136725;0,113410843;0,040227875;1;0,111041525;0,088686094;-0,444792376;1;0,387341524;0,149334198;-0,03164619;1;;;;;;;;;;;;;
983;0,577174409;0,110745168;-0,038042652;1;0,296358212;0,089316507;0,481791059;1;0,332181193;0,154087625;-0,169547018;1;;;;;;;;;;;;;
984;0,623055327;0,112030391;0,038425545;1;0,06093662;0,087771945;-0,6953169;1;0,298219635;0,150179862;-0,254450912;1;;;;;;;;;;;;;
985;0,718575159;0,117289762;0,197625265;1;0,113550365;0,090407857;-0,432248177;1;0,246163945;0,158198799;-0,384590137;1;;;;;;;;;;;;;
986;0,625920334;0,123295397;0,043200557;1;0,178168826;0,092190416;-0,10915587;1;0,389282419;0,165942239;-0,026793952;1;;;;;;;;;;;;;
987;0,719873045;0,113744827;0,199788408;1;0,206877374;0,091268121;0,03438687;1;0,29885976;0,151165347;-0,2528506;1;;;;;;;;;;;;;
988;0,685468976;0,118813145;0,142448293;1;0,04345878;0,092619648;-0,782706098;1;0,410738207;0,15330304;0,026845517;1;;;;;;;;;;;;;
989;0,632411863;0,116811611;0,054019772;1;0,254121377;0,090668211;0,270606884;1;0,258660256;0,157177937;-0,35334936;1;;;;;;;;;;;;;
990;0,543497882;0,115524526;-0,094170196;1;0,315463086;0,088769916;0,577315431;1;0,353017645;0,150831802;-0,117455888;1;;;;;;;;;;;;;
991;0,732557915;0,125516911;0,220929858;1;0,115641833;0,094463167;-0,421790836;1;0,337498477;0,161144484;-0,156253808;1;;;;;;;;;;;;;
992;0,579986482;0,114799399;-0,033355863;1;0,347063772;0,088991587;0,735318861;1;0,236326718;0,149109871;-0,409183205;1;;;;;;;;;;;;;
993;0,496600898;0,118827727;-0,172331837;1;0,179489541;0,091468511;-0,102552297;1;0,566257745;0,155752404;0,415644363;1;;;;;;;;;;;;;
994;0,450607202;0,110964542;-0,248987996;1;0,417270447;0,085283987;1,086352234;0;0,489218589;0,150252112;0,223046472;1;;;;;;;;;;;;;
995;0,452160146;0,115368026;-0,246399756;1;0,126933641;0,085335837;-0,365331796;1;0,523791175;0,149646165;0,309477937;1;;;;;;;;;;;;;
996;0,673170056;0,124798735;0,121950094;1;0,105391271;0,091418838;-0,473043646;1;0,320686518;0,167296819;-0,198283705;1;;;;;;;;;;;;;
997;0,203593345;0,104238193;-0,660677758;0;0,352058296;0,080488941;0,760291481;1;0,770057095;0,133057236;0,925142737;0;;;;;;;;;;;;;
998;0,503236212;0,111059447;-0,16127298;1;0,084839841;0,084484932;-0,575800796;1;0,42891399;0,145460615;0,072284974;1;;;;;;;;;;;;;
999;0,459490678;0,10694204;-0,234182203;1;0,304443492;0,082371824;0,522217459;1;0,37428628;0,140680887;-0,0642843;1;;;;;;;;;;;;;
1000;0,821371489;0,116221737;0,368952482;1;0,168770633;0,090608008;-0,156146835;1;0,151197003;0,152830734;-0,622007493;1;;;;;;;;;;;;;
