;mean;se;bias;cp;mean;se;bias;cp;mean;se;bias;cp;;mean;sd;bias;cp;mean;sd;bias;cp;mean;sd;bias;cp
1;-0,920980177;0,601229897;-0,079019823;1;-0,193687301;0,499199464;-0,612625397;1;-0,220944172;0,819123461;0,104720858;1;;-1,119367743;0,705106819;0,119367743;0,944;-0,501781567;0,665951406;0,003563134;0,95;-0,20215956;1,098319216;0,010797799;0,934
2;-1,778554885;0,654005119;0,778554885;1;0,053406715;0,554780882;-1,106813429;1;0,023533592;1,056113302;-1,117667959;1;;;;;;;;;;;;;
3;-1,232148217;0,754205929;0,232148217;1;-1,448105801;0,805063658;1,896211601;1;-0,251570925;1,063119223;0,257854624;1;;;;;;;;;;;;;
4;-1,494675795;0,544896132;0,494675795;1;-0,360076099;0,468719352;-0,279847803;1;0,796021675;0,780775604;-4,980108373;1;;;;;;;;;;;;;
5;-0,906428191;0,52097427;-0,093571809;1;-0,828194438;0,586368836;0,656388876;1;-0,2375287;0,896872702;0,187643498;1;;;;;;;;;;;;;
6;-0,07077543;0,876317776;-0,92922457;1;-0,197282843;0,809878922;-0,605434315;1;-1,334768457;1,389832649;5,673842287;1;;;;;;;;;;;;;
7;-1,15185696;0,484953815;0,15185696;1;-0,464765111;0,513439905;-0,070469779;1;-0,56326307;0,82961999;1,81631535;1;;;;;;;;;;;;;
8;-2,400555092;0,828624184;1,400555092;1;1,382464523;0,713453739;-3,764929045;0;0,116305649;0,970050856;-1,581528246;1;;;;;;;;;;;;;
9;-0,339515729;0,433692381;-0,660484271;1;-0,286181402;0,452115315;-0,427637196;1;-1,150135301;0,778851229;4,750676503;1;;;;;;;;;;;;;
10;-1,013048556;0,964398851;0,013048556;1;-1,950698623;0,862091685;2,901397247;1;-0,531279688;1,192085757;1,656398438;1;;;;;;;;;;;;;
11;-1,42829212;0,658412234;0,42829212;1;-0,592730883;0,551387733;0,185461766;1;0,557913844;0,941395265;-3,789569221;1;;;;;;;;;;;;;
12;-1,688885133;0,642972335;0,688885133;1;-0,165945869;0,575756209;-0,668108261;1;0,225143726;0,924164634;-2,125718628;1;;;;;;;;;;;;;
13;-0,979883732;0,65132429;-0,020116268;1;-0,897589856;0,509214078;0,795179711;1;0,417655009;0,963004229;-3,088275043;1;;;;;;;;;;;;;
14;-1,792922096;0,75578995;0,792922096;1;-1,005087277;0,685010735;1,010174554;1;0,769727795;1,092755373;-4,848638973;1;;;;;;;;;;;;;
15;-2,259821113;0,920349597;1,259821113;1;0,007049927;0,749403051;-1,014099853;1;0,149968486;1,292754307;-1,749842431;1;;;;;;;;;;;;;
16;-2,307352335;1,230071626;1,307352335;1;-0,01341306;0,858135376;-0,973173881;1;1,811913743;1,561099221;-10,05956871;1;;;;;;;;;;;;;
17;-0,581734037;0,743882201;-0,418265963;1;-2,691767221;1,043871577;4,383534441;0;-0,769738645;1,100055371;2,848693226;1;;;;;;;;;;;;;
18;-1,293832441;0,783523909;0,293832441;1;-0,041762655;0,676667787;-0,91647469;1;-2,378089801;1,055605354;10,890449;0;;;;;;;;;;;;;
19;-0,706977134;0,564483882;-0,293022866;1;-0,550471989;0,528068983;0,100943979;1;-0,039830709;0,865914565;-0,800846453;1;;;;;;;;;;;;;
20;-0,458857272;0,516461612;-0,541142728;1;-0,713568534;0,613570945;0,427137069;1;-1,630873119;1,000419911;7,154365594;1;;;;;;;;;;;;;
21;-1,022419651;0,628771371;0,022419651;1;0,166554951;0,595909603;-1,333109903;1;-0,159068207;0,966421273;-0,204658966;1;;;;;;;;;;;;;
22;-2,252302744;0,849884606;1,252302744;1;-0,085188673;0,694744795;-0,829622653;1;1,198301976;1,148004523;-6,991509878;1;;;;;;;;;;;;;
23;-0,325266419;0,403773929;-0,674733581;1;0,40160891;0,447695152;-1,80321782;0;-2,051887713;0,921453061;9,259438567;0;;;;;;;;;;;;;
24;-1,515528476;0,713035378;0,515528476;1;-1,566769807;0,756409801;2,133539613;1;0,799877283;1,130781481;-4,999386414;1;;;;;;;;;;;;;
25;-0,897834274;0,489502002;-0,102165726;1;-0,653031611;0,472896219;0,306063222;1;0,233896365;0,704713375;-2,169481823;1;;;;;;;;;;;;;
26;-1,850158611;0,763027044;0,850158611;1;0,543039454;0,674609085;-2,086078908;1;-0,711677585;0,88564399;2,558387924;1;;;;;;;;;;;;;
27;0,17641149;0,454682543;-1,17641149;0;-2,036229192;0,650189649;3,072458384;0;-0,972046003;0,718089328;3,860230017;1;;;;;;;;;;;;;
28;-1,106508039;0,498211124;0,106508039;1;-0,566290598;0,587356455;0,132581197;1;0,010435017;0,799452066;-1,052175084;1;;;;;;;;;;;;;
29;-1,278444529;0,49153475;0,278444529;1;-0,015964753;0,559309149;-0,968070494;1;-0,7527204;0,936710257;2,763601999;1;;;;;;;;;;;;;
30;-0,876485726;0,832724926;-0,123514274;1;-0,477094425;0,682838732;-0,04581115;1;-1,742063275;1,323565203;7,710316376;1;;;;;;;;;;;;;
31;-1,587987703;0,663646918;0,587987703;1;-0,481644182;0,459884212;-0,036711635;1;0,514073957;0,867640712;-3,570369785;1;;;;;;;;;;;;;
32;-1,77347852;0,573307197;0,77347852;1;0,031237849;0,450129774;-1,062475698;1;1,373636181;0,759790989;-7,868180905;0;;;;;;;;;;;;;
33;-1,211396243;0,601181217;0,211396243;1;0,634981957;0,534880464;-2,269963913;0;-2,448635826;0,956230279;11,24317913;0;;;;;;;;;;;;;
34;-0,191284004;0,516872195;-0,808715996;1;-0,316129543;0,474567349;-0,367740914;1;-1,690285099;0,784508477;7,451425493;1;;;;;;;;;;;;;
35;-1,42271182;0,905748029;0,42271182;1;-0,346865099;0,608078014;-0,306269803;1;0,827000281;0,924402727;-5,135001403;1;;;;;;;;;;;;;
36;-1,16973027;0,480187533;0,16973027;1;-1,601975953;0,623707871;2,203951906;1;-0,348288388;0,832441665;0,741441939;1;;;;;;;;;;;;;
37;-1,542421385;0,772622663;0,542421385;1;-0,778116723;0,727171917;0,556233446;1;-0,139505491;1,130917545;-0,302472544;1;;;;;;;;;;;;;
38;-0,410101578;0,920956131;-0,589898422;1;-2,398918073;0,916312232;3,797836146;0;-1,487557539;1,488498549;6,437787697;1;;;;;;;;;;;;;
39;-1,061545745;0,525850505;0,061545745;1;0,146906639;0,504759713;-1,293813277;1;-0,639797766;0,940785444;2,198988832;1;;;;;;;;;;;;;
40;-2,881279348;1,047075439;1,881279348;1;0,968242032;0,771961448;-2,936484063;1;1,153451562;1,383165569;-6,767257809;1;;;;;;;;;;;;;
41;-2,202257472;0,710506406;1,202257472;1;-0,150881235;0,609530133;-0,698237531;1;0,852299504;1,096998671;-5,261497521;1;;;;;;;;;;;;;
42;-1,887470719;0,972331674;0,887470719;1;0,134289472;0,727048104;-1,268578944;1;1,85816939;1,400482169;-10,29084695;1;;;;;;;;;;;;;
43;-1,099670612;0,531133348;0,099670612;1;-1,005185351;0,550224859;1,010370702;1;0,120290275;0,798165812;-1,601451373;1;;;;;;;;;;;;;
44;-0,370524617;0,627553515;-0,629475383;1;-0,538889532;0,506314642;0,077779065;1;0,259400157;0,848354668;-2,297000785;1;;;;;;;;;;;;;
45;-0,79699132;0,513951509;-0,20300868;1;-0,507585227;0,51789124;0,015170455;1;-2,186801332;0,968532539;9,934006662;0;;;;;;;;;;;;;
46;-0,899777204;0,446240359;-0,100222796;1;-0,771002016;0,567184922;0,542004031;1;-0,906403264;0,931752184;3,532016321;1;;;;;;;;;;;;;
47;-0,472137587;0,486373768;-0,527862413;1;-0,69793764;0,563114482;0,39587528;1;-0,617624575;0,828071236;2,088122876;1;;;;;;;;;;;;;
48;-1,973487685;1,012676971;0,973487685;1;-1,227494726;0,8936698;1,454989453;1;-0,086810453;1,532042907;-0,565947735;1;;;;;;;;;;;;;
49;-1,21022694;0,481500918;0,21022694;1;-1,152580499;0,646931884;1,305160997;1;-0,140166101;0,813095661;-0,299169495;1;;;;;;;;;;;;;
50;-0,040096042;0,570109631;-0,959903958;1;-1,358913255;0,605991211;1,717826509;1;-0,779119714;0,83658349;2,895598571;1;;;;;;;;;;;;;
51;-0,391037549;0,779502531;-0,608962451;1;-1,581146343;0,8344447;2,162292686;1;1,063777054;1,115428671;-6,318885268;1;;;;;;;;;;;;;
52;-0,19514608;0,459735877;-0,80485392;1;-0,763855913;0,499640906;0,527711826;1;-0,078841126;0,882584365;-0,605794371;1;;;;;;;;;;;;;
53;-1,985900315;0,77536504;0,985900315;1;0,208372234;0,599285252;-1,416744467;1;1,44824384;1,163009905;-8,241219198;1;;;;;;;;;;;;;
54;-1,272101063;0,563937198;0,272101063;1;-0,092477941;0,498248332;-0,815044117;1;0,193723467;0,803087757;-1,968617335;1;;;;;;;;;;;;;
55;-0,840664319;0,667234052;-0,159335681;1;-1,51113532;0,701298881;2,02227064;1;0,580129875;1,171998141;-3,900649373;1;;;;;;;;;;;;;
56;-2,560878903;0,925401669;1,560878903;1;-1,197622749;0,690853528;1,395245499;1;2,42579008;1,128636073;-13,1289504;0;;;;;;;;;;;;;
57;-2,014659697;0,970481579;1,014659697;1;-1,510823108;0,766829793;2,021646215;1;0,956146365;1,460381918;-5,780731827;1;;;;;;;;;;;;;
58;-1,129664965;0,650587342;0,129664965;1;-1,163530993;0,829394152;1,327061986;1;0,021176278;1,104981613;-1,105881391;1;;;;;;;;;;;;;
59;-1,073409345;0,466121724;0,073409345;1;0,115737679;0,438821019;-1,231475357;1;-0,760831103;0,780797692;2,804155515;1;;;;;;;;;;;;;
60;-1,087032428;0,531532332;0,087032428;1;-0,418843464;0,526152861;-0,162313071;1;-0,202515397;0,869591487;0,012576983;1;;;;;;;;;;;;;
61;-2,354120624;0,807305476;1,354120624;1;1,440744877;0,687242277;-3,881489754;0;0,199005479;0,89229492;-1,995027396;1;;;;;;;;;;;;;
62;-0,58065938;0,686848388;-0,41934062;1;-1,874073426;0,769600018;2,748146851;1;-1,542406684;1,179939207;6,712033422;1;;;;;;;;;;;;;
63;-1,013651419;0,6126242;0,013651419;1;-0,890411829;0,63119158;0,780823659;1;0,107610507;1,055250425;-1,538052534;1;;;;;;;;;;;;;
64;-1,142520021;0,630120709;0,142520021;1;-0,458800923;0,550394112;-0,082398154;1;-0,368618076;0,964772312;0,843090378;1;;;;;;;;;;;;;
65;-0,931277261;0,437509692;-0,068722739;1;-0,045883085;0,436909337;-0,90823383;1;0,11547693;0,772714066;-1,577384652;1;;;;;;;;;;;;;
66;-1,095135719;0,577393322;0,095135719;1;-1,250501181;0,578954997;1,501002363;1;1,354439552;0,890421468;-7,772197758;1;;;;;;;;;;;;;
67;-1,41006408;0,935316822;0,41006408;1;-1,893743972;0,81143736;2,787487944;1;0,579621501;1,364033122;-3,898107506;1;;;;;;;;;;;;;
68;-1,307109207;0,520821038;0,307109207;1;-1,116093801;0,596629234;1,232187602;1;-0,214484729;0,806725085;0,072423647;1;;;;;;;;;;;;;
69;-1,851874461;0,846597158;0,851874461;1;-1,791184089;0,794788309;2,582368177;1;2,393910948;1,271038792;-12,96955474;0;;;;;;;;;;;;;
70;-1,248434881;0,770858862;0,248434881;1;0,569093653;0,628300536;-2,138187307;1;-2,260472136;1,190886021;10,30236068;1;;;;;;;;;;;;;
71;-0,910030815;0,830872346;-0,089969185;1;0,473115266;0,804255742;-1,946230531;1;-0,846504224;1,273307812;3,232521122;1;;;;;;;;;;;;;
72;-1,085538773;0,538300624;0,085538773;1;-0,628926215;0,519363574;0,25785243;1;-0,092766809;0,82041518;-0,536165956;1;;;;;;;;;;;;;
73;-1,26828618;0,592016284;0,26828618;1;-0,695991639;0,692445641;0,391983277;1;-1,037905564;1,078480023;4,189527818;1;;;;;;;;;;;;;
74;-0,294627758;0,583028382;-0,705372242;1;-0,522328006;0,510165679;0,044656013;1;-0,456506665;0,878180022;1,282533325;1;;;;;;;;;;;;;
75;-0,61183236;0,412371213;-0,38816764;1;-0,329926158;0,421886467;-0,340147683;1;-0,162057687;0,723227505;-0,189711566;1;;;;;;;;;;;;;
76;-1,518379466;0,615954214;0,518379466;1;-2,022708289;0,771612124;3,045416578;0;1,685500321;1,35545391;-9,427501606;1;;;;;;;;;;;;;
77;-1,494636346;0,578242316;0,494636346;1;-0,519709473;0,586457157;0,039418945;1;0,571723492;0,879089197;-3,858617462;1;;;;;;;;;;;;;
78;-2,299246226;0,910902364;1,299246226;1;-1,252053373;0,693949885;1,504106746;1;2,372843283;1,373934585;-12,86421641;1;;;;;;;;;;;;;
79;-0,279673764;0,51171945;-0,720326236;1;-0,943419175;0,586155173;0,886838349;1;-1,315282749;0,932306615;5,576413746;1;;;;;;;;;;;;;
80;-2,29420243;0,733437397;1,29420243;1;-0,076438164;0,47529066;-0,847123673;1;1,437235489;0,900136556;-8,186177444;1;;;;;;;;;;;;;
81;-1,471541539;0,940038562;0,471541539;1;-0,246190017;0,579194182;-0,507619967;1;0,948284848;0,969085784;-5,741424241;1;;;;;;;;;;;;;
82;-1,249457927;0,685317344;0,249457927;1;-0,638143465;0,631948577;0,276286929;1;-0,380457032;0,940056262;0,902285159;1;;;;;;;;;;;;;
83;-1,609540542;0,624705786;0,609540542;1;0,513710336;0,525342836;-2,027420672;1;-0,624013504;0,988579887;2,12006752;1;;;;;;;;;;;;;
84;-0,420942027;0,664757922;-0,579057973;1;-0,722217965;0,624600364;0,444435929;1;-0,748277528;1,033735426;2,741387642;1;;;;;;;;;;;;;
85;-0,776491186;0,508818748;-0,223508814;1;-0,544081586;0,498567155;0,088163171;1;-1,307366908;0,870522751;5,536834538;1;;;;;;;;;;;;;
86;-1,61072168;0,693970998;0,61072168;1;-0,304739411;0,663432269;-0,390521177;1;-0,273612597;1,124769749;0,368062987;1;;;;;;;;;;;;;
87;-1,000328694;0,679767429;0,000328694;1;-1,084436688;0,663144702;1,168873375;1;-0,437283791;0,978279585;1,186418957;1;;;;;;;;;;;;;
88;-0,128019837;0,320448642;-0,871980163;0;-0,825047497;0,45999108;0,650094994;1;-0,977341404;0,618904637;3,886707022;1;;;;;;;;;;;;;
89;-0,757642754;0,539355337;-0,242357246;1;-1,55871028;0,696096612;2,11742056;1;-0,328865671;1,056229208;0,644328354;1;;;;;;;;;;;;;
90;-1,175693886;0,788186519;0,175693886;1;0,233199067;0,628417174;-1,466398134;1;0,031440462;1,187365362;-1,15720231;1;;;;;;;;;;;;;
91;-1,691758421;0,578000866;0,691758421;1;-1,029565034;0,60899392;1,059130069;1;1,310304272;0,985268943;-7,551521362;1;;;;;;;;;;;;;
92;-0,789946903;0,566295533;-0,210053097;1;-0,502218522;0,549183915;0,004437044;1;0,127424091;0,826217613;-1,637120455;1;;;;;;;;;;;;;
93;-1,700710211;1,177658233;0,700710211;1;-0,105247406;0,835174721;-0,789505189;1;0,621392523;1,738236211;-4,106962615;1;;;;;;;;;;;;;
94;-0,775930661;1,03350478;-0,224069339;1;-0,053319714;0,835324763;-0,893360571;1;-1,65264155;1,403053829;7,263207748;1;;;;;;;;;;;;;
95;-1,039282018;0,485813577;0,039282018;1;-1,05921119;0,57901375;1,11842238;1;-0,505364814;0,7879073;1,526824068;1;;;;;;;;;;;;;
96;-0,958573472;0,543942846;-0,041426528;1;-0,58909877;0,704320998;0,17819754;1;-1,276128136;1,04922735;5,38064068;1;;;;;;;;;;;;;
97;-0,128062196;0,460672932;-0,871937804;1;-0,451051919;0,469732949;-0,097896161;1;-1,460150802;0,835495112;6,300754009;1;;;;;;;;;;;;;
98;-2,60489367;0,878865346;1,60489367;1;0,723491516;0,776192194;-2,446983033;1;-0,69417372;1,205710761;2,4708686;1;;;;;;;;;;;;;
99;-2,643327502;0,940218973;1,643327502;1;0,412030956;0,760691713;-1,824061912;1;0,975627428;1,195260195;-5,878137141;1;;;;;;;;;;;;;
100;-1,406851123;0,679206147;0,406851123;1;-1,040319829;0,688718646;1,080639658;1;-0,191144791;1,221862691;-0,044276047;1;;;;;;;;;;;;;
101;-1,80453869;0,83009896;0,80453869;1;-0,966986637;0,797775955;0,933973275;1;0,858072608;1,478908583;-5,290363042;1;;;;;;;;;;;;;
102;-1,683479842;0,736497768;0,683479842;1;-1,327967817;0,619761884;1,655935634;1;0,450299639;0,981195788;-3,251498196;1;;;;;;;;;;;;;
103;-3,101846619;0,968190438;2,101846619;0;0,533812838;0,549286016;-2,067625677;1;2,927065356;1,282593581;-15,63532678;0;;;;;;;;;;;;;
104;-2,105408214;0,890385953;1,105408214;1;-0,497982051;0,599326063;-0,004035898;1;1,394685854;1,084429308;-7,973429268;1;;;;;;;;;;;;;
105;-1,230431233;0,728785838;0,230431233;1;0,882861742;0,483545168;-2,765723484;0;0,948257408;0,915721058;-5,741287038;1;;;;;;;;;;;;;
106;0,590970833;0,71492783;-1,590970833;0;-0,503569556;0,807303757;0,007139113;1;-1,7571565;1,153107508;7,785782502;1;;;;;;;;;;;;;
107;-0,86787966;0,919670752;-0,13212034;1;-1,258392443;0,87725998;1,516784885;1;-1,696000329;1,479810876;7,480001644;1;;;;;;;;;;;;;
108;-1,837555219;0,813330945;0,837555219;1;-0,077372725;0,585211236;-0,845254549;1;1,126157348;1,206951473;-6,630786742;1;;;;;;;;;;;;;
109;-2,012539376;0,605145306;1,012539376;1;-0,196949044;0,479429664;-0,606101911;1;0,686169987;0,915858013;-4,430849937;1;;;;;;;;;;;;;
110;-1,255415331;0,575596481;0,255415331;1;-0,908807608;0,539856345;0,817615216;1;0,940273844;0,796224291;-5,701369221;1;;;;;;;;;;;;;
111;-1,038552086;0,739408363;0,038552086;1;-0,524403046;0,695786465;0,048806093;1;-0,524271395;1,03277984;1,621356977;1;;;;;;;;;;;;;
112;-0,891426117;0,583812297;-0,108573883;1;-0,869170217;0,561574123;0,738340433;1;-0,222041319;0,868021369;0,110206597;1;;;;;;;;;;;;;
113;-1,624535684;0,733868919;0,624535684;1;0,244209789;0,673817689;-1,488419578;1;-1,464191238;1,169267232;6,320956191;1;;;;;;;;;;;;;
114;-0,843860603;0,402997753;-0,156139397;1;-0,195731643;0,424412656;-0,608536714;1;-0,152862701;0,738471861;-0,235686495;1;;;;;;;;;;;;;
115;-1,445586749;0,796237505;0,445586749;1;0,000953208;0,61473159;-1,001906416;1;0,232210264;0,991745721;-2,16105132;1;;;;;;;;;;;;;
116;-1,927177172;0,712766675;0,927177172;1;0,18093022;0,62021136;-1,36186044;1;-0,235902916;1,022143089;0,179514581;1;;;;;;;;;;;;;
117;-2,585491265;1,037246616;1,585491265;1;-0,367334211;0,806781261;-0,265331577;1;-0,939894239;1,39735115;3,699471197;1;;;;;;;;;;;;;
118;-0,639295576;0,567268856;-0,360704424;1;-1,687974643;0,880483748;2,375949286;1;-1,877832218;1,188624622;8,389161088;1;;;;;;;;;;;;;
119;-2,32455399;0,933351233;1,32455399;1;-1,217715035;0,812966228;1,435430069;1;1,430912421;1,313928434;-8,154562104;1;;;;;;;;;;;;;
120;-0,733854657;0,732962362;-0,266145343;1;-0,137327932;0,605329945;-0,725344136;1;-1,254451382;1,337985505;5,272256908;1;;;;;;;;;;;;;
121;-0,716003267;0,746159281;-0,283996733;1;-1,867448288;0,655597184;2,734896576;0;-0,064981345;1,220892876;-0,675093273;1;;;;;;;;;;;;;
122;-0,669259726;0,680428619;-0,330740274;1;-1,082817317;0,710744309;1,165634633;1;-1,098315088;1,073758599;4,49157544;1;;;;;;;;;;;;;
123;-0,754475977;0,588435967;-0,245524023;1;-0,694385717;0,617274586;0,388771434;1;-1,130247672;1,009832586;4,651238359;1;;;;;;;;;;;;;
124;-0,937408097;0,637790937;-0,062591903;1;0,246363914;0,591313909;-1,492727828;1;-0,847618074;1,074480991;3,238090368;1;;;;;;;;;;;;;
125;-1,360761239;0,831887286;0,360761239;1;-0,207794365;0,685129832;-0,58441127;1;-0,152104751;1,158834749;-0,239476244;1;;;;;;;;;;;;;
126;-1,721855684;0,797590078;0,721855684;1;0,468237181;0,53058816;-1,936474362;1;0,479580701;0,849248544;-3,397903504;1;;;;;;;;;;;;;
127;-2,420404253;0,760687995;1,420404253;1;-0,510296397;0,704507471;0,020592795;1;1,22840064;1,067901785;-7,142003199;1;;;;;;;;;;;;;
128;-1,719573309;0,698463993;0,719573309;1;-0,379234523;0,617676804;-0,241530954;1;0,430623355;1,006651776;-3,153116777;1;;;;;;;;;;;;;
129;-1,204576065;0,497494801;0,204576065;1;0,405341339;0,475151781;-1,810682679;1;-0,207777262;0,754722814;0,038886309;1;;;;;;;;;;;;;
130;-0,850339658;0,770399067;-0,149660342;1;0,597870681;0,793090614;-2,195741361;1;-0,756894667;1,24111982;2,784473334;1;;;;;;;;;;;;;
131;-1,094349372;0,592922257;0,094349372;1;-1,117606614;0,691235948;1,235213229;1;0,217621814;1,07198528;-2,08810907;1;;;;;;;;;;;;;
132;-0,408497394;0,574897404;-0,591502606;1;-0,767706233;0,564630677;0,535412467;1;-0,078483697;0,927514318;-0,607581514;1;;;;;;;;;;;;;
133;-3,256016122;1,006151295;2,256016122;0;-0,977112067;0,710203379;0,954224135;1;3,409455952;1,312844315;-18,04727976;0;;;;;;;;;;;;;
134;-1,206251946;0,621035736;0,206251946;1;-0,44434272;0,534674222;-0,11131456;1;0,161023386;1,024287672;-1,80511693;1;;;;;;;;;;;;;
135;-1,714248288;0,67169135;0,714248288;1;0,089712409;0,469039595;-1,179424817;1;0,858107531;0,777855347;-5,290537657;1;;;;;;;;;;;;;
136;-1,980558341;0,769638505;0,980558341;1;-0,261645698;0,530538186;-0,476708604;1;1,554727352;0,973895922;-8,773636762;1;;;;;;;;;;;;;
137;-1,143519107;0,601063321;0,143519107;1;-0,725130985;0,519905237;0,45026197;1;0,037646723;1,00483919;-1,188233617;1;;;;;;;;;;;;;
138;-1,679656713;0,694338912;0,679656713;1;-0,204859455;0,619923982;-0,590281091;1;-0,247266546;1,153461097;0,23633273;1;;;;;;;;;;;;;
139;-1,169726921;0,87564473;0,169726921;1;-0,403662104;0,62120943;-0,192675792;1;1,791222366;1,165021466;-9,956111832;1;;;;;;;;;;;;;
140;-1,679859585;0,679954483;0,679859585;1;-1,392785183;0,588012435;1,785570365;1;1,154310537;1,074439781;-6,771552685;1;;;;;;;;;;;;;
141;-0,369592432;0,612539119;-0,630407568;1;-0,188802494;0,472043516;-0,622395012;1;-2,616786962;0,80160766;12,08393481;0;;;;;;;;;;;;;
142;-0,765368292;0,705184805;-0,234631708;1;-0,638037938;0,65466483;0,276075876;1;-0,912435263;1,112099094;3,562176315;1;;;;;;;;;;;;;
143;-1,585853124;0,988856435;0,585853124;1;0,640485119;0,678238698;-2,280970239;1;-0,161448809;1,271847703;-0,192755957;1;;;;;;;;;;;;;
144;-0,950202708;0,545915429;-0,049797292;1;-0,229554503;0,499420561;-0,540890994;1;-1,043097532;0,988984905;4,21548766;1;;;;;;;;;;;;;
145;-1,822759168;0,939535165;0,822759168;1;-0,647851698;0,658527931;0,295703397;1;0,267183241;1,303338644;-2,335916204;1;;;;;;;;;;;;;
146;-2,359250551;0,875476039;1,359250551;1;-0,396605043;0,672817269;-0,206789915;1;2,182450414;1,303824647;-11,91225207;1;;;;;;;;;;;;;
147;-1,361037073;0,531699957;0,361037073;1;-0,230668787;0,514918917;-0,538662425;1;0,302120228;0,892290978;-2,510601138;1;;;;;;;;;;;;;
148;-2,118843879;0,735229029;1,118843879;1;0,225929815;0,578404655;-1,45185963;1;1,144379806;0,973593848;-6,721899029;1;;;;;;;;;;;;;
149;-2,088098597;0,703509014;1,088098597;1;0,129314077;0,554795211;-1,258628154;1;1,407920049;1,013962646;-8,039600243;1;;;;;;;;;;;;;
150;-1,583660503;0,588990916;0,583660503;1;-0,332038651;0,542754495;-0,335922698;1;0,393184311;0,907024463;-2,965921554;1;;;;;;;;;;;;;
151;-1,143535156;0,621676678;0,143535156;1;-1,2464938;0,703488581;1,492987601;1;-0,77640378;0,970776288;2,882018901;1;;;;;;;;;;;;;
152;-1,340003809;0,629855872;0,340003809;1;0,908499409;0,493910762;-2,816998819;0;-0,390058126;0,697050689;0,950290629;1;;;;;;;;;;;;;
153;0,218707311;0,615293141;-1,218707311;0;-0,406115951;0,504579418;-0,187768098;1;-0,324472182;0,666620781;0,622360912;1;;;;;;;;;;;;;
154;-0,572097435;0,417183367;-0,427902565;1;-1,066432059;0,477677615;1,132864117;1;-0,338828772;0,661877103;0,694143859;1;;;;;;;;;;;;;
155;-1,994874791;0,908230744;0,994874791;1;-0,149876713;0,803321735;-0,700246573;1;-0,804562852;1,268995546;3,02281426;1;;;;;;;;;;;;;
156;-1,489771463;0,532566376;0,489771463;1;-0,140693133;0,572009507;-0,718613734;1;0,796116388;0,858415062;-4,980581942;1;;;;;;;;;;;;;
157;-1,011675527;0,728265299;0,011675527;1;-0,032085403;0,687443649;-0,935829194;1;-1,637732618;1,181827317;7,188663091;1;;;;;;;;;;;;;
158;-0,952664072;0,720124651;-0,047335928;1;-0,671641629;0,629279935;0,343283257;1;0,118233915;1,140284932;-1,591169577;1;;;;;;;;;;;;;
159;0,584037329;0,624416542;-1,584037329;0;-1,49878006;0,696810554;1,99756012;1;-1,169507338;1,037572511;4,84753669;1;;;;;;;;;;;;;
160;0,371501992;0,748087778;-1,371501992;1;-0,376202821;0,627892695;-0,247594358;1;-2,483087978;1,081075384;11,41543989;0;;;;;;;;;;;;;
161;-0,925468596;0,394501658;-0,074531404;1;-1,527089106;0,638051835;2,054178211;1;-0,65250232;0,745881926;2,2625116;1;;;;;;;;;;;;;
162;-0,896455525;0,585975165;-0,103544475;1;-0,101779798;0,472072375;-0,796440404;1;-0,887305843;0,882701472;3,436529217;1;;;;;;;;;;;;;
163;-0,359917662;0,519666434;-0,640082338;1;-1,241681179;0,553197962;1,483362359;1;-0,051250803;1,016197036;-0,743745985;1;;;;;;;;;;;;;
164;-1,94265922;0,794573293;0,94265922;1;0,03980449;0,705494312;-1,07960898;1;0,025972091;1,254267928;-1,129860453;1;;;;;;;;;;;;;
165;-0,242764251;0,916242282;-0,757235749;1;-0,355201895;0,725733148;-0,28959621;1;-2,273343702;1,420213287;10,36671851;1;;;;;;;;;;;;;
166;-0,204074144;0,605773438;-0,795925856;1;-1,586750639;0,665355062;2,173501278;1;-1,671958018;0,985906558;7,359790089;1;;;;;;;;;;;;;
167;-2,322202783;1,415515059;1,322202783;1;-0,708520145;0,925746738;0,41704029;1;2,055281966;1,573365376;-11,27640983;1;;;;;;;;;;;;;
168;-1,121663631;0,795472939;0,121663631;1;0,709106272;0,657502806;-2,418212544;1;-1,490698299;1,334920304;6,453491493;1;;;;;;;;;;;;;
169;-0,867748497;0,439114877;-0,132251503;1;0,005392336;0,407576916;-1,010784672;1;-0,351039593;0,873591258;0,755197967;1;;;;;;;;;;;;;
170;-2,531472291;0,762378062;1,531472291;0;-0,206461234;0,554615484;-0,587077532;1;1,453922047;1,082302977;-8,269610235;1;;;;;;;;;;;;;
171;-1,271554996;0,622860973;0,271554996;1;-0,139668489;0,571614749;-0,720663022;1;0,376623747;0,978402504;-2,883118734;1;;;;;;;;;;;;;
172;-0,598529787;0,578176117;-0,401470213;1;-0,281696202;0,605056914;-0,436607597;1;-1,466781666;0,966698314;6,333908329;1;;;;;;;;;;;;;
173;-1,903214169;0,815068146;0,903214169;1;0,875248297;0,607991794;-2,750496593;0;0,348990508;0,857890839;-2,744952541;1;;;;;;;;;;;;;
174;-1,612573661;0,58593459;0,612573661;1;-0,269375281;0,473536116;-0,461249437;1;0,906948967;0,825478223;-5,534744836;1;;;;;;;;;;;;;
175;-0,859350564;0,918092331;-0,140649436;1;-0,498333754;0,620083589;-0,003332492;1;-0,258373585;1,157949387;0,291867926;1;;;;;;;;;;;;;
176;-2,191684658;0,853028334;1,191684658;1;-1,609200062;0,752480029;2,218400124;1;2,075763338;1,095826573;-11,37881669;0;;;;;;;;;;;;;
177;-0,710664988;0,317216999;-0,289335012;1;-0,497890483;0,411007872;-0,004219034;1;-0,691778633;0,659067604;2,458893165;1;;;;;;;;;;;;;
178;-1,617389189;0,831175596;0,617389189;1;-0,213028831;0,632315277;-0,573942337;1;0,272204847;1,489016714;-2,361024235;1;;;;;;;;;;;;;
179;-3,195029023;0,907363346;2,195029023;0;-0,76118988;0,627193905;0,52237976;1;3,865646443;1,270626233;-20,32823222;0;;;;;;;;;;;;;
180;-0,860835103;0,649540162;-0,139164897;1;-0,094273945;0,635023379;-0,81145211;1;-0,433755479;1,161126191;1,168777394;1;;;;;;;;;;;;;
181;-0,884195872;0,575562371;-0,115804128;1;-0,968011468;0,574653698;0,936022936;1;-0,239787527;0,92703229;0,198937633;1;;;;;;;;;;;;;
182;-2,047819402;0,713967104;1,047819402;1;-1,036625169;0,590471738;1,073250338;1;1,009336126;0,94224053;-6,046680628;1;;;;;;;;;;;;;
183;-2,298959107;0,880217572;1,298959107;1;-0,482722764;0,756658473;-0,034554472;1;1,157789687;1,300258876;-6,788948433;1;;;;;;;;;;;;;
184;-1,052286515;1,092943173;0,052286515;1;-0,398676099;0,698125023;-0,202647802;1;0,779490334;1,265081722;-4,897451671;1;;;;;;;;;;;;;
185;-1,061407457;0,581158734;0,061407457;1;-0,892765733;0,526258982;0,785531465;1;0,617322846;0,900195366;-4,086614231;1;;;;;;;;;;;;;
186;-0,007537373;0,751729814;-0,992462627;1;0,06226146;0,632813737;-1,12452292;1;-0,647407684;0,980598749;2,23703842;1;;;;;;;;;;;;;
187;-1,247379514;0,79843443;0,247379514;1;-1,237257637;0,834433065;1,474515273;1;-1,147453377;1,3060362;4,737266886;1;;;;;;;;;;;;;
188;-0,738150312;0,617642067;-0,261849688;1;-0,782855393;0,66602027;0,565710786;1;-0,175482154;1,034972893;-0,122589232;1;;;;;;;;;;;;;
189;-1,501038832;0,556181428;0,501038832;1;-0,066137344;0,447912825;-0,867725312;1;0,51086644;0,849506083;-3,5543322;1;;;;;;;;;;;;;
190;-0,488127752;0,424294964;-0,511872248;1;-0,909368725;0,530289678;0,818737451;1;-0,374967247;0,681171232;0,874836237;1;;;;;;;;;;;;;
191;-2,322432105;0,761929547;1,322432105;1;0,82677896;0,556386084;-2,653557921;0;-0,333780329;0,989592029;0,668901645;1;;;;;;;;;;;;;
192;-0,758809617;0,694126379;-0,241190383;1;-0,545616538;0,66523982;0,091233076;1;0,029043013;1,156977396;-1,145215065;1;;;;;;;;;;;;;
193;-0,426501638;0,31478901;-0,573498362;1;-0,37267676;0,401474207;-0,254646481;1;-1,777168602;0,659902144;7,885843011;0;;;;;;;;;;;;;
194;-1,106837351;0,618745543;0,106837351;1;-0,868764312;0,60337761;0,737528623;1;-0,443692585;0,991752565;1,218462923;1;;;;;;;;;;;;;
195;-1,123348915;1,069889559;0,123348915;1;-0,256182555;0,819848553;-0,48763489;1;-0,889502971;1,719689021;3,447514857;1;;;;;;;;;;;;;
196;-0,149099869;0,76232384;-0,850900131;1;0,318963775;0,661195578;-1,63792755;1;-1,819241904;1,26828616;8,096209518;1;;;;;;;;;;;;;
197;-1,538108867;0,576783739;0,538108867;1;-0,155435389;0,523142417;-0,689129222;1;0,019498583;0,916227433;-1,097492916;1;;;;;;;;;;;;;
198;-1,15267578;0,712687602;0,15267578;1;-1,768615999;0,786117181;2,537231998;1;-1,022978809;1,125854016;4,114894043;1;;;;;;;;;;;;;
199;-0,308699051;0,654197595;-0,691300949;1;-0,686724707;0,646869445;0,373449414;1;-0,755281265;1,117596336;2,776406323;1;;;;;;;;;;;;;
200;-0,518183121;0,486608733;-0,481816879;1;-0,516246654;0,477255177;0,032493308;1;-1,908270445;0,94717253;8,541352223;1;;;;;;;;;;;;;
201;-0,702758978;0,450862302;-0,297241022;1;-0,513301507;0,506920697;0,026603014;1;-0,701895142;0,865875495;2,50947571;1;;;;;;;;;;;;;
202;-0,988943151;0,381553715;-0,011056849;1;-0,541884888;0,472279023;0,083769776;1;-0,356543978;0,655452122;0,78271989;1;;;;;;;;;;;;;
203;-1,348484051;0,528028835;0,348484051;1;-0,341088222;0,582636405;-0,317823555;1;-0,04867522;0,880380304;-0,7566239;1;;;;;;;;;;;;;
204;-1,079575205;0,535488265;0,079575205;1;-0,530683824;0,468720033;0,061367647;1;0,11611181;0,865194584;-1,580559052;1;;;;;;;;;;;;;
205;-2,074756716;0,855091322;1,074756716;1;0,355968864;0,701549197;-1,711937728;1;0,487805499;1,199522909;-3,439027496;1;;;;;;;;;;;;;
206;0,218594681;0,626965618;-1,218594681;1;-0,885531899;0,524585425;0,771063798;1;-2,259058614;1,019457383;10,29529307;0;;;;;;;;;;;;;
207;-1,51212956;0,658087754;0,51212956;1;-0,286314198;0,605707811;-0,427371604;1;0,168488824;1,106824457;-1,84244412;1;;;;;;;;;;;;;
208;-0,969346315;0,501396279;-0,030653685;1;-0,131545216;0,467642542;-0,736909568;1;-0,62418867;0,82264943;2,120943348;1;;;;;;;;;;;;;
209;-1,120981261;0,591326475;0,120981261;1;-0,515064541;0,515415293;0,030129082;1;0,369030685;0,836608887;-2,845153423;1;;;;;;;;;;;;;
210;-1,401406729;0,655181978;0,401406729;1;-0,762702235;0,619970274;0,525404471;1;0,487987817;1,15491814;-3,439939084;1;;;;;;;;;;;;;
211;-1,031804907;0,432530677;0,031804907;1;-0,78990978;0,512274428;0,57981956;1;-0,415486613;0,744451361;1,077433063;1;;;;;;;;;;;;;
212;-2,167363912;1,088485289;1,167363912;1;-1,203368614;0,723176201;1,406737227;1;1,133407325;1,360063329;-6,667036624;1;;;;;;;;;;;;;
213;-1,042951604;0,507741503;0,042951604;1;-0,829979446;0,615961688;0,659958893;1;0,339094372;0,780360063;-2,69547186;1;;;;;;;;;;;;;
214;-1,862984028;0,907926731;0,862984028;1;-0,636184941;0,777978608;0,272369882;1;0,598792336;1,365422812;-3,993961679;1;;;;;;;;;;;;;
215;-1,004635664;0,625820767;0,004635664;1;0,171189887;0,541393885;-1,342379774;1;-0,799277356;0,898626621;2,99638678;1;;;;;;;;;;;;;
216;-1,598683392;0,86518158;0,598683392;1;-0,712652994;0,685729372;0,425305989;1;0,386859798;1,149475058;-2,934298988;1;;;;;;;;;;;;;
217;-0,400080202;0,353803357;-0,599919798;1;-0,671432604;0,4790844;0,342865209;1;-0,885438318;0,667364887;3,42719159;1;;;;;;;;;;;;;
218;-0,991232962;0,825064324;-0,008767038;1;-0,463653921;0,644983319;-0,072692157;1;0,112299495;1,037190628;-1,561497474;1;;;;;;;;;;;;;
219;-1,581405177;0,634121753;0,581405177;1;-0,206954585;0,489142029;-0,58609083;1;0,439330738;0,82830202;-3,196653688;1;;;;;;;;;;;;;
220;-1,747675132;0,701461818;0,747675132;1;-0,104343436;0,518266473;-0,791313128;1;0,330738508;0,936649122;-2,653692539;1;;;;;;;;;;;;;
221;-1,277755666;0,335619314;0,277755666;1;-0,398352406;0,344890481;-0,203295188;1;0,569802789;0,515291871;-3,849013944;1;;;;;;;;;;;;;
222;-1,205435185;0,90603629;0,205435185;1;0,094002707;0,718105887;-1,188005414;1;-0,176029301;1,468934626;-0,119853496;1;;;;;;;;;;;;;
223;-1,905124989;0,732265169;0,905124989;1;0,859565584;0,611531847;-2,719131168;0;0,200307653;0,85770683;-2,001538267;1;;;;;;;;;;;;;
224;-0,591408094;0,552017376;-0,408591906;1;-0,505486155;0,560908777;0,01097231;1;-1,055522287;0,882174832;4,277611433;1;;;;;;;;;;;;;
225;-0,996312658;0,637572261;-0,003687342;1;-0,642195076;0,574613987;0,284390152;1;-0,644002977;1,044874896;2,220014887;1;;;;;;;;;;;;;
226;-0,556224698;0,508921983;-0,443775302;1;-1,356336594;0,607201459;1,712673189;1;-0,606343271;0,928141158;2,031716353;1;;;;;;;;;;;;;
227;-1,297584794;0,454301753;0,297584794;1;-3,123091427;0,952509579;5,246182854;0;-2,032459607;0,914391858;9,162298034;0;;;;;;;;;;;;;
228;-1,475168384;0,973058535;0,475168384;1;-0,148638594;0,747075545;-0,702722812;1;0,048785796;1,312003036;-1,243928978;1;;;;;;;;;;;;;
229;-1,261884413;0,679953253;0,261884413;1;0,190572108;0,597445556;-1,381144216;1;-0,386750933;0,992764518;0,933754667;1;;;;;;;;;;;;;
230;-0,535678994;0,449525554;-0,464321006;1;-0,198488876;0,412915455;-0,603022249;1;-0,804233152;0,719842863;3,021165758;1;;;;;;;;;;;;;
231;-3,674139661;1,263259169;2,674139661;0;-0,589871728;0,8186205;0,179743457;1;3,187170674;1,593685893;-16,93585337;0;;;;;;;;;;;;;
232;-2,180610388;0,812498016;1,180610388;1;-0,061062928;0,663118322;-0,877874144;1;0,151435068;1,237412623;-1,757175339;1;;;;;;;;;;;;;
233;-0,673548124;0,597386427;-0,326451876;1;-0,766979532;0,503423863;0,533959065;1;0,568747834;0,885025172;-3,84373917;1;;;;;;;;;;;;;
234;-1,823549632;0,617248492;0,823549632;1;-0,061155328;0,475708646;-0,877689343;1;0,701501011;0,831327213;-4,507505054;1;;;;;;;;;;;;;
235;-0,110375648;1,049392492;-0,889624352;1;-1,101854403;0,763800034;1,203708806;1;-1,869554405;1,449291131;8,347772025;1;;;;;;;;;;;;;
236;-0,991241581;0,414559176;-0,008758419;1;-2,53376225;0,765434562;4,0675245;0;0,287259873;0,770929024;-2,436299364;1;;;;;;;;;;;;;
237;-0,955970083;0,38195275;-0,044029917;1;0,082356841;0,422468671;-1,164713683;1;-1,0736809;0,71490994;4,368404501;1;;;;;;;;;;;;;
238;-1,698424859;0,712813955;0,698424859;1;0,430220678;0,577959351;-1,860441357;1;-0,283878722;0,886248288;0,419393608;1;;;;;;;;;;;;;
239;-1,29359425;0,608567954;0,29359425;1;-0,396265987;0,47583306;-0,207468025;1;1,494965763;0,860923122;-8,474828814;0;;;;;;;;;;;;;
240;0,291615235;0,759673599;-1,291615235;1;-0,809775123;0,606047298;0,619550245;1;-1,448856806;1,227748592;6,244284031;1;;;;;;;;;;;;;
241;-1,839396566;1,111354203;0,839396566;1;-1,026755848;0,863288791;1,053511697;1;2,062237355;1,441559114;-11,31118678;1;;;;;;;;;;;;;
242;-1,738379455;0,844130546;0,738379455;1;0,457306552;0,701002142;-1,914613104;1;-1,054788363;1,206064634;4,273941815;1;;;;;;;;;;;;;
243;-2,369669445;0,73450168;1,369669445;1;0,073162572;0,499415846;-1,146325145;1;1,143701356;0,915533712;-6,718506778;1;;;;;;;;;;;;;
244;-0,997962984;0,447905002;-0,002037016;1;-0,316958599;0,423714238;-0,366082802;1;-0,377023365;0,73344633;0,885116826;1;;;;;;;;;;;;;
245;-0,627876546;0,501665056;-0,372123454;1;-0,066047864;0,488477314;-0,867904273;1;-0,988004966;0,783638662;3,940024832;1;;;;;;;;;;;;;
246;-1,025227995;0,655424048;0,025227995;1;-0,582392315;0,695105736;0,164784629;1;-0,416978268;0,99589004;1,084891338;1;;;;;;;;;;;;;
247;-0,975275538;0,710634674;-0,024724462;1;-0,2018208;0,524455993;-0,596358399;1;0,251701124;0,9072308;-2,258505619;1;;;;;;;;;;;;;
248;-0,577576196;0,759063674;-0,422423804;1;-1,066325417;0,642670259;1,132650834;1;0,308580409;1,028418256;-2,542902044;1;;;;;;;;;;;;;
249;-0,809097722;0,48937343;-0,190902278;1;-0,140024543;0,437346284;-0,719950914;1;-0,124023391;0,75983524;-0,379883047;1;;;;;;;;;;;;;
250;-2,005247573;0,679554316;1,005247573;1;0,252221729;0,564943948;-1,504443458;1;-0,882457387;1,021723444;3,412286934;1;;;;;;;;;;;;;
251;-0,712543869;0,504072581;-0,287456131;1;-0,808903611;0,535871028;0,617807221;1;-0,931068769;1,02605383;3,655343843;1;;;;;;;;;;;;;
252;-1,079432137;0,424907574;0,079432137;1;-0,318613802;0,454656349;-0,362772397;1;-0,39209404;0,779649058;0,960470201;1;;;;;;;;;;;;;
253;-0,80423675;0,604008478;-0,19576325;1;-0,480213977;0,620761712;-0,039572046;1;-0,867353025;1,12384135;3,336765123;1;;;;;;;;;;;;;
254;-2,138066202;0,735422736;1,138066202;1;0,73585936;0,592687622;-2,47171872;0;-0,266003414;1,026344232;0,330017068;1;;;;;;;;;;;;;
255;-0,502385821;0,420326417;-0,497614179;1;-0,727876896;0,510725154;0,455753792;1;-0,537200349;0,766920472;1,686001743;1;;;;;;;;;;;;;
256;-0,430483976;0,931873959;-0,569516024;1;-0,480544684;0,709671774;-0,038910633;1;1,398424197;1,301752153;-7,992120985;1;;;;;;;;;;;;;
257;-0,281494119;0,526887768;-0,718505881;1;-2,814496633;0,800272474;4,628993265;0;0,419668127;0,801656448;-3,098340633;1;;;;;;;;;;;;;
258;-1,796485803;1,428030326;0,796485803;1;1,247286775;0,892113257;-3,494573551;1;1,727165534;1,622483677;-9,635827668;1;;;;;;;;;;;;;
259;-0,66534019;0,518417308;-0,33465981;1;-0,590398415;0,541946869;0,18079683;1;-2,060467377;1,064369162;9,302336885;1;;;;;;;;;;;;;
260;-1,89829771;0,834802075;0,89829771;1;0,364348512;0,617881302;-1,728697025;1;1,092834078;1,092938257;-6,464170391;1;;;;;;;;;;;;;
261;0,320695926;0,475513468;-1,320695926;0;-0,700368171;0,585761854;0,400736343;1;-1,95524574;0,859754328;8,776228701;0;;;;;;;;;;;;;
262;-0,962259039;0,685744064;-0,037740961;1;-0,644306036;0,619678217;0,288612072;1;-0,823700239;0,999188388;3,118501193;1;;;;;;;;;;;;;
263;-0,796576129;0,63393536;-0,203423871;1;0,154125196;0,498787286;-1,308250391;1;-0,754245378;0,816239289;2,771226892;1;;;;;;;;;;;;;
264;-0,887500239;0,521847463;-0,112499761;1;-0,384543707;0,518850221;-0,230912586;1;-0,400352176;0,847141244;1,001760882;1;;;;;;;;;;;;;
265;-1,531415166;0,475359276;0,531415166;1;-1,02491389;0,581884003;1,049827781;1;-0,108429563;0,704036007;-0,457852185;1;;;;;;;;;;;;;
266;-1,050110902;0,381710917;0,050110902;1;-1,013720085;0,563321752;1,02744017;1;-1,058060805;0,769104881;4,290304024;1;;;;;;;;;;;;;
267;-1,274159197;0,514201127;0,274159197;1;-0,332550145;0,468602694;-0,334899709;1;-0,051650123;0,7505184;-0,741749384;1;;;;;;;;;;;;;
268;-1,096640644;0,952440224;0,096640644;1;-1,481826734;0,689195654;1,963653469;1;0,43259656;1,615849118;-3,162982798;1;;;;;;;;;;;;;
269;-0,377154243;0,428698616;-0,622845757;1;-0,17905977;0,440313664;-0,64188046;1;-1,024660722;0,779425251;4,12330361;1;;;;;;;;;;;;;
270;0,021210199;0,909192652;-1,021210199;1;-1,145408328;0,651603934;1,290816656;1;-2,118585245;1,603170735;9,592926224;1;;;;;;;;;;;;;
271;-1,207828745;0,768841799;0,207828745;1;-1,312973289;0,682298783;1,625946579;1;0,834050249;1,103086444;-5,170251244;1;;;;;;;;;;;;;
272;-1,386871534;0,754711725;0,386871534;1;-0,346981556;0,471433225;-0,306036889;1;0,512896804;1,051054943;-3,56448402;1;;;;;;;;;;;;;
273;-1,634653253;0,630862965;0,634653253;1;-1,052005129;0,718935347;1,104010258;1;-0,99713229;1,169740876;3,985661451;1;;;;;;;;;;;;;
274;-0,971907958;0,540890452;-0,028092042;1;-1,281708522;0,626242017;1,563417044;1;-0,456343615;0,946234462;1,281718073;1;;;;;;;;;;;;;
275;-0,651279417;0,565690499;-0,348720583;1;-0,301745252;0,582019607;-0,396509496;1;-1,190111337;0,964916261;4,950556686;1;;;;;;;;;;;;;
276;-2,742976978;0,796638318;1,742976978;0;0,517189215;0,545675558;-2,034378431;1;2,369663573;0,980618225;-12,84831787;0;;;;;;;;;;;;;
277;-0,85398588;0,41532499;-0,14601412;1;-0,375497372;0,395846563;-0,249005256;1;-0,629447112;0,681311303;2,147235561;1;;;;;;;;;;;;;
278;-1,446486009;0,519033472;0,446486009;1;-0,01956271;0,520716662;-0,96087458;1;-0,135029623;0,9574962;-0,324851885;1;;;;;;;;;;;;;
279;-0,666270455;0,49288716;-0,333729545;1;-1,252609354;0,605224737;1,505218708;1;-0,215998898;0,949342166;0,07999449;1;;;;;;;;;;;;;
280;-2,864467031;0,743048244;1,864467031;0;0,412348569;0,602018902;-1,824697139;1;1,649703367;1,113912561;-9,248516836;1;;;;;;;;;;;;;
281;-0,686830768;0,725392728;-0,313169232;1;-1,314143892;0,720312459;1,628287784;1;0,409981337;1,088209935;-3,049906686;1;;;;;;;;;;;;;
282;-1,650320889;0,724937688;0,650320889;1;-1,001289493;0,783934266;1,002578985;1;0,357534476;1,109250153;-2,787672378;1;;;;;;;;;;;;;
283;-0,806981093;0,589887273;-0,193018907;1;-0,562738276;0,580068209;0,125476551;1;-0,406913097;1,008751391;1,034565484;1;;;;;;;;;;;;;
284;-0,279466775;0,582811258;-0,720533225;1;-1,587374846;0,700631454;2,174749693;1;0,342726511;1,06835303;-2,713632555;1;;;;;;;;;;;;;
285;-1,391399396;0,557389336;0,391399396;1;-0,225067227;0,465801119;-0,549865546;1;0,025572561;0,774624416;-1,127862806;1;;;;;;;;;;;;;
286;-1,262767397;0,50858314;0,262767397;1;-0,282553826;0,437922578;-0,434892347;1;0,21507782;0,709545765;-2,075389101;1;;;;;;;;;;;;;
287;-1,508093989;0,58371364;0,508093989;1;-1,227731923;0,51942154;1,455463846;1;1,73059626;0,837142785;-9,652981298;0;;;;;;;;;;;;;
288;-0,025002469;0,447390799;-0,974997531;0;-1,418227131;0,592186963;1,836454262;1;0,336639687;0,706968676;-2,683198433;1;;;;;;;;;;;;;
289;-0,385949321;0,476955192;-0,614050679;1;-0,432437;0,605898259;-0,135126;1;-1,944869037;1,037463569;8,724345184;1;;;;;;;;;;;;;
290;-0,887120036;0,432321021;-0,112879964;1;-0,231844711;0,474295227;-0,536310578;1;-0,04356837;0,840779191;-0,782158152;1;;;;;;;;;;;;;
291;-1,483041714;0,676691185;0,483041714;1;-0,402803602;0,544913441;-0,194392795;1;0,344341517;0,963088542;-2,721707586;1;;;;;;;;;;;;;
292;-1,538700214;0,55869918;0,538700214;1;-0,781312654;0,497013555;0,562625307;1;0,250200427;0,726984836;-2,251002135;1;;;;;;;;;;;;;
293;-0,527693769;0,374669413;-0,472306231;1;-0,407482923;0,390737825;-0,185034155;1;-0,621757494;0,658366297;2,108787471;1;;;;;;;;;;;;;
294;-1,963770188;0,736259422;0,963770188;1;-1,400388242;0,714686316;1,800776484;1;0,294859247;1,190182838;-2,474296236;1;;;;;;;;;;;;;
295;-1,489233268;0,944095657;0,489233268;1;0,417911347;0,669153838;-1,835822694;1;0,756068384;1,203691673;-4,780341918;1;;;;;;;;;;;;;
296;-0,563298602;0,75481014;-0,436701398;1;-0,160278467;0,53776333;-0,679443066;1;-0,267250851;1,054668217;0,336254256;1;;;;;;;;;;;;;
297;-1,128976437;0,523347263;0,128976437;1;-0,236027436;0,551260827;-0,527945129;1;-1,584732227;0,947756329;6,923661137;1;;;;;;;;;;;;;
298;-0,95249692;0,674259538;-0,04750308;1;-1,859537439;0,760137327;2,719074877;1;0,252099499;1,036196375;-2,260497493;1;;;;;;;;;;;;;
299;-0,789435872;0,438353522;-0,210564128;1;-0,809335368;0,551772549;0,618670736;1;-0,43855042;0,75089484;1,192752101;1;;;;;;;;;;;;;
300;-0,956036588;0,707262374;-0,043963412;1;-0,695556853;0,513542991;0,391113706;1;0,811205194;0,994081186;-5,056025972;1;;;;;;;;;;;;;
301;-0,24676896;0,522998231;-0,75323104;1;-0,066751719;0,552411893;-0,866496563;1;-1,382793827;0,984013056;5,913969137;1;;;;;;;;;;;;;
302;-1,32694582;0,787048492;0,32694582;1;-0,229288838;0,528426024;-0,541422323;1;0,741860518;0,944501082;-4,709302592;1;;;;;;;;;;;;;
303;-0,657600565;0,395203208;-0,342399435;1;-0,478146211;0,464241524;-0,043707579;1;-0,647185472;0,810738483;2,235927359;1;;;;;;;;;;;;;
304;-1,72929767;0,891577991;0,72929767;1;-0,123952713;0,626622492;-0,752094573;1;-0,451145893;1,43483632;1,255729465;1;;;;;;;;;;;;;
305;-1,329299761;0,598767624;0,329299761;1;0,083088236;0,495926428;-1,166176471;1;0,789936553;0,889296127;-4,949682766;1;;;;;;;;;;;;;
306;-0,830568141;0,825618899;-0,169431859;1;0,371558925;0,661833133;-1,74311785;1;-1,411271438;1,20980978;6,05635719;1;;;;;;;;;;;;;
307;-0,920933477;0,475817608;-0,079066523;1;-0,203451837;0,517578798;-0,593096327;1;-0,305371012;0,799985421;0,526855062;1;;;;;;;;;;;;;
308;-1,329294511;0,5558212;0,329294511;1;-0,681698645;0,525333759;0,36339729;1;0,388840874;0,869159464;-2,94420437;1;;;;;;;;;;;;;
309;-0,719915567;0,460899962;-0,280084433;1;-0,400940043;0,443709082;-0,198119913;1;-1,528509283;0,809956644;6,642546416;1;;;;;;;;;;;;;
310;-1,034667702;0,611958641;0,034667702;1;-1,255118668;0,71434053;1,510237336;1;0,612053577;1,064055408;-4,060267884;1;;;;;;;;;;;;;
311;-1,070613192;0,496045151;0,070613192;1;-0,218340474;0,510994442;-0,563319053;1;0,594427185;0,960617522;-3,972135926;1;;;;;;;;;;;;;
312;-0,32259361;0,389926323;-0,67740639;1;-0,494195867;0,381789455;-0,011608265;1;-1,013735422;0,713498179;4,06867711;1;;;;;;;;;;;;;
313;0,25398219;0,776131415;-1,25398219;1;-0,938067768;0,814348804;0,876135536;1;-0,357402172;1,018608218;0,787010861;1;;;;;;;;;;;;;
314;-1,428212921;1,101287936;0,428212921;1;-1,527803337;1,224958078;2,055606673;1;-1,844890345;1,899737021;8,224451724;1;;;;;;;;;;;;;
315;0,010286267;0,443198807;-1,010286267;0;-1,421089095;0,606546965;1,84217819;1;-1,062395413;0,880647977;4,311977065;1;;;;;;;;;;;;;
316;-0,003683691;0,554476231;-0,996316309;1;-0,935878548;0,518329632;0,871757096;1;-1,224233611;0,902093578;5,121168056;1;;;;;;;;;;;;;
317;-1,550172741;0,634104317;0,550172741;1;-1,237273799;0,597585589;1,474547597;1;1,325812521;0,974882813;-7,629062603;1;;;;;;;;;;;;;
318;-2,307443851;0,854577671;1,307443851;1;-0,88576854;0,627768376;0,77153708;1;1,525792469;1,16399109;-8,628962344;1;;;;;;;;;;;;;
319;-1,490071344;0,648879635;0,490071344;1;-0,610173496;0,67837646;0,220346991;1;0,625130049;1,044147522;-4,125650247;1;;;;;;;;;;;;;
320;-2,459904293;0,738948082;1,459904293;0;0,27630575;0,620275928;-1,5526115;1;1,34678304;0,995291032;-7,733915201;1;;;;;;;;;;;;;
321;-0,815584391;0,404000552;-0,184415609;1;-1,77727001;0,629190228;2,554540021;0;-0,56347124;0,910769456;1,8173562;1;;;;;;;;;;;;;
322;-1,11886607;0,651606886;0,11886607;1;-0,521187967;0,622470647;0,042375934;1;0,088715708;1,04827352;-1,443578542;1;;;;;;;;;;;;;
323;-0,38473255;0,774161404;-0,61526745;1;-0,941161645;0,720580077;0,88232329;1;-1,162456458;1,224538424;4,812282288;1;;;;;;;;;;;;;
324;-2,163280835;0,657604007;1,163280835;1;0,161832572;0,588623715;-1,323665143;1;0,419451691;0,922010939;-3,097258453;1;;;;;;;;;;;;;
325;-0,831564162;0,426544321;-0,168435838;1;-1,305389619;0,490061497;1,610779239;1;0,369487516;0,764598191;-2,847437582;1;;;;;;;;;;;;;
326;0,09313125;0,601468499;-1,09313125;1;-0,308383585;0,437524096;-0,383232829;1;-0,015938839;0,704726706;-0,920305807;1;;;;;;;;;;;;;
327;-0,833587599;0,52264924;-0,166412401;1;-0,400745089;0,519146322;-0,198509822;1;-1,232887268;0,946376614;5,16443634;1;;;;;;;;;;;;;
328;-0,414119227;0,576478768;-0,585880773;1;-0,547037055;0,54490682;0,09407411;1;-0,358459165;0,770035221;0,792295827;1;;;;;;;;;;;;;
329;-2,969176848;1,001616619;1,969176848;0;-1,099055387;0,753962328;1,198110773;1;2,150128818;1,219140512;-11,75064409;1;;;;;;;;;;;;;
330;-0,536033138;0,422484878;-0,463966862;1;-0,539059495;0,441683751;0,07811899;1;-0,942330223;0,735919592;3,711651113;1;;;;;;;;;;;;;
331;-0,722362994;0,595482826;-0,277637006;1;-0,920435688;0,705367197;0,840871375;1;-0,520645765;1,024118099;1,603228825;1;;;;;;;;;;;;;
332;-1,280704559;0,667861921;0,280704559;1;-0,76342642;0,617753119;0,526852839;1;-1,175529778;1,013404065;4,87764889;1;;;;;;;;;;;;;
333;-0,237824954;0,377714936;-0,762175046;0;-1,065884839;0,55229147;1,131769679;1;-0,97114382;0,800111856;3,8557191;1;;;;;;;;;;;;;
334;-0,978824761;0,462358104;-0,021175239;1;-0,421888317;0,498752521;-0,156223366;1;-0,895904509;0,8917462;3,479522543;1;;;;;;;;;;;;;
335;-0,130795505;0,446726834;-0,869204495;1;-0,847755653;0,44163581;0,695511307;1;-1,433108345;0,713099835;6,165541727;1;;;;;;;;;;;;;
336;-1,259404479;0,493620383;0,259404479;1;0,368542449;0,45119061;-1,737084899;1;-0,698181382;0,747676945;2,490906911;1;;;;;;;;;;;;;
337;-2,019452479;0,713321207;1,019452479;1;0,302180827;0,601070187;-1,604361654;1;0,392427368;0,981638455;-2,962136842;1;;;;;;;;;;;;;
338;-1,844707057;0,621450156;0,844707057;1;-0,120132813;0,499784476;-0,759734374;1;0,862507644;0,77134117;-5,31253822;1;;;;;;;;;;;;;
339;-1,007700783;0,643674591;0,007700783;1;0,667265272;0,545472527;-2,334530544;0;0,141522209;0,867713768;-1,707611043;1;;;;;;;;;;;;;
340;-1,1199514;0,692071918;0,1199514;1;0,032304341;0,556568921;-1,064608682;1;-0,2521704;1,030432537;0,260851998;1;;;;;;;;;;;;;
341;-0,207076227;0,572316579;-0,792923773;1;-1,139838025;0,506528089;1,27967605;1;-0,180307925;0,894864522;-0,098460374;1;;;;;;;;;;;;;
342;-0,41190135;0,649288191;-0,58809865;1;-0,938091942;0,682612845;0,876183883;1;-0,359606736;1,073775084;0,798033678;1;;;;;;;;;;;;;
343;-1,102285832;0,6351909;0,102285832;1;-0,081434263;0,49583931;-0,837131475;1;-0,158359945;0,896208246;-0,208200275;1;;;;;;;;;;;;;
344;-2,420521674;0,932264226;1,420521674;1;0,298792441;0,645336443;-1,597584882;1;2,018074326;1,116356573;-11,09037163;0;;;;;;;;;;;;;
345;-0,965486443;0,542870214;-0,034513557;1;-1,251169753;0,599550242;1,502339506;1;0,06599336;0,996939699;-1,329966802;1;;;;;;;;;;;;;
346;-1,748474382;0,621226264;0,748474382;1;-0,243459569;0,551447164;-0,513080863;1;0,517022006;0,846870659;-3,585110028;1;;;;;;;;;;;;;
347;-1,447143019;0,966929121;0,447143019;1;-0,026527657;0,727729167;-0,946944686;1;0,105890969;1,160282473;-1,529454844;1;;;;;;;;;;;;;
348;-0,673735344;0,722317521;-0,326264656;1;-1,04932673;0,618667991;1,09865346;1;0,201373125;0,881557676;-2,006865626;1;;;;;;;;;;;;;
349;-0,774623006;0,404574652;-0,225376994;1;-0,396167655;0,478831815;-0,20766469;1;-1,419909015;0,770308926;6,099545074;1;;;;;;;;;;;;;
350;-0,707166983;0,650814591;-0,292833017;1;-0,072797084;0,623925802;-0,854405831;1;-1,040277916;1,193487039;4,20138958;1;;;;;;;;;;;;;
351;-2,968822567;0,916686437;1,968822567;0;0,025264693;0,622182788;-1,050529385;1;2,02213714;1,221267912;-11,1106857;1;;;;;;;;;;;;;
352;0,226409027;0,955950061;-1,226409027;1;-1,428729213;0,714897293;1,857458426;1;-0,453209064;1,1728227;1,266045318;1;;;;;;;;;;;;;
353;-1,725075399;0,804581986;0,725075399;1;-0,048113636;0,594015964;-0,903772728;1;0,441123635;0,979220663;-3,205618176;1;;;;;;;;;;;;;
354;-1,932672673;0,881515725;0,932672673;1;-0,444700515;0,754540036;-0,110598971;1;0,547125965;1,27674416;-3,735629827;1;;;;;;;;;;;;;
355;-1,346459396;0,747321232;0,346459396;1;-0,060710339;0,714313221;-0,878579323;1;0,139241444;1,197459426;-1,696207222;1;;;;;;;;;;;;;
356;-1,123276958;0,684325701;0,123276958;1;-0,925368247;0,700290568;0,850736493;1;0,392017544;1,075546269;-2,960087721;1;;;;;;;;;;;;;
357;-1,161309472;0,797629637;0,161309472;1;-0,884317771;0,583619764;0,768635542;1;1,33619426;1,277514053;-7,680971302;1;;;;;;;;;;;;;
358;-0,229777795;0,480954029;-0,770222205;1;-0,730357412;0,452447761;0,460714824;1;-0,559871616;0,921377607;1,79935808;1;;;;;;;;;;;;;
359;-0,773140281;0,64171408;-0,226859719;1;-0,705047513;0,565102134;0,410095026;1;-0,073179562;1,056199984;-0,634102189;1;;;;;;;;;;;;;
360;-0,673303795;0,588845287;-0,326696205;1;0,053244646;0,616200565;-1,106489292;1;-1,180292929;1,135284023;4,901464644;1;;;;;;;;;;;;;
361;-0,016928294;0,881795448;-0,983071706;1;-0,958092442;0,848063213;0,916184884;1;-0,149136798;1,222483535;-0,254316011;1;;;;;;;;;;;;;
362;-0,866760256;0,511329161;-0,133239744;1;-0,978878816;0,593597917;0,957757632;1;-0,372893378;0,805877721;0,864466889;1;;;;;;;;;;;;;
363;-1,531313054;0,434005392;0,531313054;1;0,058519218;0,362866116;-1,117038435;1;0,253268784;0,664428455;-2,266343918;1;;;;;;;;;;;;;
364;-0,39190611;0,424760974;-0,60809389;1;-0,908649882;0,40047626;0,817299765;1;-0,583172858;0,638743521;1,915864291;1;;;;;;;;;;;;;
365;-1,391942183;0,649976803;0,391942183;1;-0,82651343;0,747601509;0,653026859;1;-0,99443038;1,246356564;3,972151899;1;;;;;;;;;;;;;
366;-0,98214144;0,393649774;-0,01785856;1;-0,145520266;0,417861064;-0,708959469;1;-0,898623114;0,715648209;3,49311557;1;;;;;;;;;;;;;
367;-0,050330864;0,705222443;-0,949669136;1;-0,171671434;0,592625787;-0,656657131;1;-1,686532928;1,167687288;7,43266464;1;;;;;;;;;;;;;
368;-0,285530457;0,724436594;-0,714469543;1;1,277147818;0,598105687;-3,554295636;0;-2,982286677;1,212654393;13,91143338;0;;;;;;;;;;;;;
369;-0,964152116;0,655329251;-0,035847884;1;-0,484662854;0,593226944;-0,030674292;1;-0,39619746;0,993779978;0,980987302;1;;;;;;;;;;;;;
370;-0,435658181;0,636511948;-0,564341819;1;0,141677384;0,58116911;-1,283354767;1;-2,864761573;1,086648554;13,32380786;0;;;;;;;;;;;;;
371;-0,949592179;0,79693248;-0,050407821;1;-0,157492942;0,636020174;-0,685014115;1;-0,48288862;1,139970824;1,414443098;1;;;;;;;;;;;;;
372;-2,27029008;0,695320851;1,27029008;1;0,354984046;0,645453984;-1,709968092;1;-0,384569978;1,043765978;0,922849892;1;;;;;;;;;;;;;
373;-1,609411458;0,88438253;0,609411458;1;-0,731202272;0,781078935;0,462404545;1;0,229968739;1,50261424;-2,149843694;1;;;;;;;;;;;;;
374;-1,047130599;0,416030359;0,047130599;1;-1,508131438;0,601755965;2,016262875;1;0,050974318;0,637058434;-1,254871591;1;;;;;;;;;;;;;
375;-2,34005521;0,78813248;1,34005521;1;-0,272007743;0,461969317;-0,455984514;1;2,146782375;0,859775335;-11,73391188;0;;;;;;;;;;;;;
376;-1,475608171;0,912064404;0,475608171;1;-1,425672258;0,863251945;1,851344515;1;-0,006442089;1,41434417;-0,967789556;1;;;;;;;;;;;;;
377;-1,583217669;0,944284258;0,583217669;1;0,435654822;0,711197701;-1,871309644;1;-0,354076122;1,348293209;0,770380611;1;;;;;;;;;;;;;
378;-2,131144527;1,320964726;1,131144527;1;-0,083572249;0,927471407;-0,832855503;1;0,683701011;1,658883822;-4,418505055;1;;;;;;;;;;;;;
379;-0,500456161;0,444453839;-0,499543839;1;-1,031928856;0,483538437;1,063857712;1;-0,796705743;0,767467744;2,983528716;1;;;;;;;;;;;;;
380;-1,044754589;1,219841983;0,044754589;1;0,864786349;0,820325229;-2,729572698;1;1,952076255;1,425180765;-10,76038127;1;;;;;;;;;;;;;
381;-1,524992227;0,563235989;0,524992227;1;-0,752986537;0,476959323;0,505973074;1;1,497485069;0,898671497;-8,487425347;1;;;;;;;;;;;;;
382;-0,64610849;0,676892976;-0,35389151;1;-1,850646492;0,833048865;2,701292985;1;-0,128006345;1,09959154;-0,359968273;1;;;;;;;;;;;;;
383;-2,41654554;0,884889564;1,41654554;1;0,826238155;0,695368284;-2,65247631;1;0,523725943;1,183969807;-3,618629717;1;;;;;;;;;;;;;
384;-1,512843876;0,777911272;0,512843876;1;0,357042574;0,570459586;-1,714085148;1;1,128494687;1,008860761;-6,642473436;1;;;;;;;;;;;;;
385;-1,09713262;0,513021585;0,09713262;1;-0,242611512;0,450046978;-0,514776977;1;0,182367381;0,814627559;-1,911836907;1;;;;;;;;;;;;;
386;-1,775806509;0,683342163;0,775806509;1;-0,064519378;0,533992317;-0,870961244;1;0,605661353;0,885951933;-4,028306766;1;;;;;;;;;;;;;
387;-0,77335084;0,502515172;-0,22664916;1;-0,733682824;0,443687131;0,467365649;1;0,702906799;0,833833161;-4,514533994;1;;;;;;;;;;;;;
388;0,065430111;0,648355841;-1,065430111;1;-0,709911452;0,542363689;0,419822904;1;-0,581017581;0,96425189;1,905087907;1;;;;;;;;;;;;;
389;-1,934501085;0,625676825;0,934501085;1;0,205721218;0,47991067;-1,411442436;1;1,231159808;0,879801025;-7,155799038;1;;;;;;;;;;;;;
390;-1,060226895;0,90824856;0,060226895;1;0,19185752;0,68483937;-1,383715039;1;0,807389346;1,088877706;-5,036946728;1;;;;;;;;;;;;;
391;-0,440330638;0,295194535;-0,559669362;1;-0,788513418;0,477632137;0,577026836;1;-2,412714327;0,905158182;11,06357164;0;;;;;;;;;;;;;
392;-1,326880986;0,655299671;0,326880986;1;-1,30455106;0,589978782;1,609102119;1;1,145517371;0,973876856;-6,727586857;1;;;;;;;;;;;;;
393;-0,743616292;0,445907285;-0,256383708;1;-0,728305082;0,511330158;0,456610164;1;-1,475785057;0,903039561;6,378925284;1;;;;;;;;;;;;;
394;-0,377589529;0,705430767;-0,622410471;1;-0,746416398;0,736941244;0,492832796;1;0,274595546;1,075345708;-2,372977728;1;;;;;;;;;;;;;
395;-0,882822217;0,681624644;-0,117177783;1;-0,237303697;0,576913096;-0,525392605;1;-0,6029756;1,00587041;2,014877999;1;;;;;;;;;;;;;
396;-0,524798409;0,577229353;-0,475201591;1;-2,945504098;0,804048382;4,891008196;0;-1,313007709;0,977981118;5,565038543;1;;;;;;;;;;;;;
397;-0,158557136;0,613748038;-0,841442864;1;-0,668591634;0,679137117;0,337183268;1;-2,291987482;1,180709239;10,45993741;1;;;;;;;;;;;;;
398;-3,879073633;0,972803146;2,879073633;0;1,932668483;0,761632497;-4,865336966;0;0,793657492;1,000233495;-4,96828746;1;;;;;;;;;;;;;
399;-1,492237108;0,901201087;0,492237108;1;0,269225735;0,710261461;-1,538451471;1;0,464153713;1,200249704;-3,320768564;1;;;;;;;;;;;;;
400;-0,37936277;0,711574106;-0,62063723;1;-0,923742245;0,6099079;0,847484491;1;-0,707524383;0,994075464;2,537621914;1;;;;;;;;;;;;;
401;-0,7411945;0,548831953;-0,2588055;1;-1,089216938;0,596524797;1,178433877;1;0,259207313;0,941014494;-2,296036567;1;;;;;;;;;;;;;
402;-0,963169021;0,634590176;-0,036830979;1;-0,453859654;0,683743557;-0,092280692;1;-0,123205099;1,165904612;-0,383974507;1;;;;;;;;;;;;;
403;-1,664839624;0,627123348;0,664839624;1;-0,591243314;0,59095524;0,182486628;1;0,450340401;0,948466938;-3,251702007;1;;;;;;;;;;;;;
404;-1,671463251;1,006337794;0,671463251;1;-1,599656595;1,014497852;2,199313191;1;1,804420182;1,520534828;-10,02210091;1;;;;;;;;;;;;;
405;-1,545239314;0,731992399;0,545239314;1;-0,649067751;0,680312193;0,298135501;1;0,513547;1,209322855;-3,567734999;1;;;;;;;;;;;;;
406;-1,596293502;0,679838899;0,596293502;1;-1,67337216;0,875022117;2,346744321;1;0,511048082;1,068212809;-3,555240412;1;;;;;;;;;;;;;
407;-1,922312228;0,772110972;0,922312228;1;-0,848675492;0,680669877;0,697350984;1;1,769997726;1,286076932;-9,849988631;1;;;;;;;;;;;;;
408;-1,713901159;0,632649291;0,713901159;1;0,645789528;0,539739254;-2,291579056;0;0,00218445;0,757868191;-1,01092225;1;;;;;;;;;;;;;
409;-1,465599166;0,604601755;0,465599166;1;0,38930947;0,477558009;-1,77861894;1;0,542701655;0,854306988;-3,713508274;1;;;;;;;;;;;;;
410;-1,357665044;0,559166907;0,357665044;1;-0,523571276;0,50911651;0,047142552;1;0,89051644;0,838491471;-5,452582202;1;;;;;;;;;;;;;
411;-1,004766705;0,557276895;0,004766705;1;-0,927479402;0,45987563;0,854958804;1;1,028026792;0,786832672;-6,140133962;1;;;;;;;;;;;;;
412;-1,256329113;0,572797847;0,256329113;1;-0,638879017;0,531780091;0,277758034;1;-0,126393115;0,920807204;-0,368034427;1;;;;;;;;;;;;;
413;-0,420334667;0,481201739;-0,579665333;1;-0,812718995;0,53268237;0,62543799;1;-0,434936415;0,731585416;1,174682076;1;;;;;;;;;;;;;
414;-1,174860462;0,669311034;0,174860462;1;-0,330749473;0,593625757;-0,338501054;1;-0,169704363;0,985972378;-0,151478184;1;;;;;;;;;;;;;
415;-1,64685679;0,718043753;0,64685679;1;0,176799781;0,545767099;-1,353599563;1;0,839253201;1,002624256;-5,196266007;1;;;;;;;;;;;;;
416;-1,511774658;0,953617471;0,511774658;1;-1,677551481;0,940438254;2,355102961;1;-0,956147834;1,422550431;3,78073917;1;;;;;;;;;;;;;
417;-1,344088245;0,684954282;0,344088245;1;-0,534007711;0,539389755;0,068015422;1;1,166955276;0,992706644;-6,83477638;1;;;;;;;;;;;;;
418;-0,914278918;0,641059694;-0,085721082;1;-0,241518458;0,596046659;-0,516963085;1;-0,132696516;1,064451696;-0,336517421;1;;;;;;;;;;;;;
419;-1,940400775;0,993279476;0,940400775;1;0,826412506;0,779127713;-2,652825011;1;1,062413418;1,509418579;-6,312067091;1;;;;;;;;;;;;;
420;-0,81246894;0,623125027;-0,18753106;1;-1,060549255;0,729454057;1,121098509;1;-0,377870029;0,958980625;0,889350145;1;;;;;;;;;;;;;
421;0,310670607;0,527469685;-1,310670607;0;-0,553301772;0,495614152;0,106603544;1;-1,250971694;1,062024897;5,25485847;1;;;;;;;;;;;;;
422;-0,878913233;0,568497617;-0,121086767;1;-0,901772404;0,616042594;0,803544807;1;-0,334874216;0,940350051;0,674371082;1;;;;;;;;;;;;;
423;-0,865084211;0,592913645;-0,134915789;1;0,351713327;0,504248279;-1,703426653;1;-0,847149577;0,830449633;3,235747887;1;;;;;;;;;;;;;
424;-1,63932528;0,558640338;0,63932528;1;0,76457007;0,477289687;-2,52914014;0;-0,766617357;0,916779335;2,833086784;1;;;;;;;;;;;;;
425;-2,45172337;0,623085597;1,45172337;0;-0,211647435;0,483694824;-0,576705131;1;0,756397176;0,817073855;-4,781985879;1;;;;;;;;;;;;;
426;-2,422015822;0,879927543;1,422015822;1;0,154185337;0,653082902;-1,308370674;1;2,296266576;1,410521198;-12,48133288;1;;;;;;;;;;;;;
427;-1,549244119;0,589615347;0,549244119;1;-0,364613769;0,566935449;-0,270772461;1;-0,011327766;0,932064155;-0,943361168;1;;;;;;;;;;;;;
428;-1,589623823;0,568263017;0,589623823;1;-0,470971877;0,512065803;-0,058056246;1;0,320837504;0,758751128;-2,604187522;1;;;;;;;;;;;;;
429;-0,77558565;0,573762208;-0,22441435;1;-0,030298736;0,508880597;-0,939402528;1;-0,768239809;0,939486236;2,841199043;1;;;;;;;;;;;;;
430;-0,365484843;0,735117394;-0,634515157;1;-0,341925131;0,574985695;-0,316149738;1;-1,076233488;1,017724401;4,381167441;1;;;;;;;;;;;;;
431;-1,195518499;0,448058894;0,195518499;1;-0,276491903;0,46115305;-0,447016194;1;-0,07302894;0,701621088;-0,634855298;1;;;;;;;;;;;;;
432;0,238951235;0,579295459;-1,238951235;0;-0,885034523;0,594151312;0,770069047;1;-0,381599994;0,830686427;0,907999969;1;;;;;;;;;;;;;
433;-0,7002117;0,49737193;-0,2997883;1;-0,618842619;0,475224132;0,237685239;1;0,204333748;0,946541568;-2,02166874;1;;;;;;;;;;;;;
434;-0,030177251;0,445568409;-0,969822749;0;0,238528888;0,396847546;-1,477057776;1;-2,151931161;0,821323746;9,759655807;0;;;;;;;;;;;;;
435;-0,694934163;0,536586224;-0,305065837;1;-1,956846841;0,838547728;2,913693682;1;-0,211025603;1,008370267;0,055128014;1;;;;;;;;;;;;;
436;-0,944694064;0,380316053;-0,055305936;1;0,168585035;0,370800985;-1,337170069;1;-1,687535081;0,687406368;7,437675405;0;;;;;;;;;;;;;
437;-0,786354359;0,760420997;-0,213645641;1;0,256156169;0,683878724;-1,512312338;1;-0,996212658;1,169305914;3,981063292;1;;;;;;;;;;;;;
438;-1,177327298;0,848041614;0,177327298;1;-0,096983339;0,65241534;-0,806033323;1;1,211812844;1,402783665;-7,059064218;1;;;;;;;;;;;;;
439;-2,435090276;0,810672722;1,435090276;1;0,519768596;0,712839894;-2,039537193;1;0,13330551;1,322966512;-1,666527551;1;;;;;;;;;;;;;
440;-1,293144253;0,712398744;0,293144253;1;-1,007907282;0,628076453;1,015814563;1;1,114972423;1,022185247;-6,574862117;1;;;;;;;;;;;;;
441;-0,765634231;0,344759947;-0,234365769;1;-0,046889885;0,367759835;-0,90622023;1;-0,854763494;0,67685646;3,273817471;1;;;;;;;;;;;;;
442;0,050099883;0,646322219;-1,050099883;1;-1,42158225;0,610608447;1,843164501;1;-1,772462288;1,03360638;7,862311439;1;;;;;;;;;;;;;
443;-0,248703084;0,515891715;-0,751296916;1;-0,95069977;0,538002195;0,901399541;1;-1,492717997;0,944519523;6,463589987;1;;;;;;;;;;;;;
444;-0,769643005;0,632913971;-0,230356995;1;-0,669925138;0,564172323;0,339850277;1;-0,153306141;0,908657388;-0,233469297;1;;;;;;;;;;;;;
445;-1,052576005;0,457127635;0,052576005;1;-0,171174158;0,457333414;-0,657651683;1;0,262418984;0,74683913;-2,312094921;1;;;;;;;;;;;;;
446;-0,756551431;0,580360678;-0,243448569;1;-0,12698785;0,711023667;-0,7460243;1;-2,201590216;1,181150345;10,00795108;1;;;;;;;;;;;;;
447;-0,056119538;0,742808186;-0,943880462;1;-0,052078575;0,590430955;-0,89584285;1;-1,931234756;1,003092171;8,656173779;1;;;;;;;;;;;;;
448;-1,03267724;0,639319673;0,03267724;1;-0,521773027;0,455887156;0,043546054;1;1,143360426;0,920893597;-6,71680213;1;;;;;;;;;;;;;
449;-1,018846152;0,803758377;0,018846152;1;0,460376486;0,532549866;-1,920752971;1;-0,276937806;0,901050019;0,38468903;1;;;;;;;;;;;;;
450;-0,953541464;0,874973091;-0,046458536;1;-0,193713895;0,697070412;-0,612572211;1;-1,591589949;1,260599615;6,957949744;1;;;;;;;;;;;;;
451;-1,369901999;0,524465313;0,369901999;1;0,420560901;0,459940948;-1,841121801;0;-0,734443045;0,853981643;2,672215226;1;;;;;;;;;;;;;
452;-2,325711376;0,903378297;1,325711376;1;0,408105819;0,597459696;-1,816211638;1;0,913799328;1,038832132;-5,568996639;1;;;;;;;;;;;;;
453;-1,860326715;0,875296772;0,860326715;1;-1,050999864;0,746597406;1,101999727;1;1,092923246;1,522375713;-6,464616232;1;;;;;;;;;;;;;
454;-0,957133813;0,421705679;-0,042866187;1;-1,050730491;0,603658053;1,101460981;1;-0,832706897;0,861225336;3,163534484;1;;;;;;;;;;;;;
455;-0,43986634;0,405579772;-0,56013366;1;-0,59877486;0,444730705;0,197549721;1;-0,642206804;0,694167943;2,211034019;1;;;;;;;;;;;;;
456;-0,736595593;0,360865199;-0,263404407;1;-1,255192146;0,474981354;1,510384293;1;-0,280099459;0,582788006;0,400497294;1;;;;;;;;;;;;;
457;-0,02728078;0,358347016;-0,97271922;0;-1,901285959;0,525583532;2,802571918;0;-0,683509532;0,592326853;2,41754766;1;;;;;;;;;;;;;
458;-0,541879785;0,595499809;-0,458120215;1;-0,212244367;0,598932224;-0,575511267;1;-1,511183244;1,072040497;6,555916221;1;;;;;;;;;;;;;
459;-1,301749857;0,67672029;0,301749857;1;0,247538972;0,598546711;-1,495077944;1;-0,948671713;0,96780806;3,743358564;1;;;;;;;;;;;;;
460;-0,806872381;0,472419345;-0,193127619;1;-0,474848664;0,489971354;-0,050302673;1;-0,708217635;0,839369178;2,541088176;1;;;;;;;;;;;;;
461;-0,599201267;0,489826175;-0,400798733;1;-1,032257802;0,594983038;1,064515604;1;-0,498534083;0,803982699;1,492670414;1;;;;;;;;;;;;;
462;-1,129728893;0,61257654;0,129728893;1;0,327899037;0,525129818;-1,655798074;1;-0,379172294;0,987128319;0,89586147;1;;;;;;;;;;;;;
463;-0,92246667;0,65829899;-0,07753333;1;-1,812261708;0,980519489;2,624523415;1;-0,415037045;1,276177923;1,075185227;1;;;;;;;;;;;;;
464;-0,91561185;0,39066378;-0,08438815;1;-0,96079112;0,52436174;0,921582239;1;0,045939857;0,77576805;-1,229699287;1;;;;;;;;;;;;;
465;-1,063224773;0,881712738;0,063224773;1;0,470624369;0,559181227;-1,941248738;1;-0,290078729;1,116354447;0,450393647;1;;;;;;;;;;;;;
466;-0,978352251;0,779977503;-0,021647749;1;-1,22202391;0,707353866;1,444047821;1;-0,886527734;1,045148656;3,432638672;1;;;;;;;;;;;;;
467;-1,37141398;0,879988699;0,37141398;1;0,361467565;0,647634106;-1,722935131;1;-0,365650957;1,13192033;0,828254786;1;;;;;;;;;;;;;
468;-0,575540931;0,486126844;-0,424459069;1;-0,951301215;0,486518441;0,902602429;1;-1,068703106;0,846345518;4,343515531;1;;;;;;;;;;;;;
469;-0,439466727;0,537011884;-0,560533273;1;-1,074454383;0,511311362;1,148908766;1;-0,620413598;0,755110821;2,10206799;1;;;;;;;;;;;;;
470;-0,961714427;0,414234415;-0,038285573;1;-0,939155542;0,498226449;0,878311084;1;-1,24797067;0,819588217;5,239853348;1;;;;;;;;;;;;;
471;-2,358816735;0,667652501;1,358816735;0;-0,043978677;0,488273453;-0,912042646;1;1,234271526;0,85151523;-7,171357631;1;;;;;;;;;;;;;
472;-1,284458573;0,539505801;0,284458573;1;-0,922667936;0,534182013;0,845335873;1;0,566582207;0,740561979;-3,832911036;1;;;;;;;;;;;;;
473;-0,526961767;0,363521466;-0,473038233;1;-0,333268324;0,424913826;-0,333463352;1;-1,395070852;0,746815142;5,975354261;1;;;;;;;;;;;;;
474;-1,386670273;0,506010302;0,386670273;1;-0,243752011;0,482320783;-0,512495978;1;1,262132406;0,731107586;-7,31066203;0;;;;;;;;;;;;;
475;-1,93998144;0,699684615;0,93998144;1;-0,307752303;0,524163852;-0,384495394;1;1,351135254;0,94651353;-7,755676271;1;;;;;;;;;;;;;
476;-1,570625122;0,518355968;0,570625122;1;0,472799365;0,426302941;-1,945598729;0;-0,136990085;0,69733604;-0,315049573;1;;;;;;;;;;;;;
477;-0,745264872;0,84279186;-0,254735128;1;-0,838408154;0,675883056;0,676816308;1;0,874468075;1,31418085;-5,372340377;1;;;;;;;;;;;;;
478;-1,7023571;0,760549087;0,7023571;1;-1,081740121;0,660677275;1,163480243;1;1,485501198;1,026035572;-8,42750599;1;;;;;;;;;;;;;
479;-1,972005331;0,715844151;0,972005331;1;-0,60635986;0,678404854;0,212719721;1;0,509699686;0,969506496;-3,548498428;1;;;;;;;;;;;;;
480;-1,518416012;0,600916085;0,518416012;1;-0,064371178;0,564475876;-0,871257645;1;-0,319056686;0,85490302;0,595283428;1;;;;;;;;;;;;;
481;-0,353333596;0,770789554;-0,646666404;1;-0,779227862;0,692509208;0,558455724;1;-1,313390732;1,245560534;5,566953658;1;;;;;;;;;;;;;
482;-1,628338187;0,729571255;0,628338187;1;-0,231927736;0,588079247;-0,536144528;1;0,635102871;0,908173752;-4,175514353;1;;;;;;;;;;;;;
483;0,444290408;0,675754397;-1,444290408;0;-1,237920047;0,732305059;1,475840093;1;-1,072421304;1,182312713;4,362106519;1;;;;;;;;;;;;;
484;-0,539067296;0,366554262;-0,460932704;1;-0,307767697;0,36993683;-0,384464605;1;-0,898716283;0,668220216;3,493581417;1;;;;;;;;;;;;;
485;-1,770227296;0,785145632;0,770227296;1;0,35329286;0,591553815;-1,70658572;1;0,424429566;0,956127817;-3,12214783;1;;;;;;;;;;;;;
486;-0,831653745;0,653383975;-0,168346255;1;0,879291797;0,67921656;-2,758583594;0;-2,55485528;1,181761687;11,7742764;0;;;;;;;;;;;;;
487;-0,565956684;0,566919845;-0,434043316;1;0,148005285;0,478538245;-1,29601057;1;-0,29668223;0,816369792;0,483411151;1;;;;;;;;;;;;;
488;-0,754966071;0,600437034;-0,245033929;1;-0,505303764;0,691381154;0,010607528;1;-0,90983201;1,116755912;3,549160051;1;;;;;;;;;;;;;
489;-1,235285494;0,698109668;0,235285494;1;-0,703409806;0,632927403;0,406819612;1;-0,569299033;1,02086548;1,846495164;1;;;;;;;;;;;;;
490;-1,139575808;0,480426872;0,139575808;1;0,233624761;0,4352984;-1,467249523;1;-0,327161222;0,734123742;0,635806109;1;;;;;;;;;;;;;
491;-3,058492025;1,283221407;2,058492025;1;-0,942350622;0,874255977;0,884701244;1;2,619977671;1,556626106;-14,09988836;1;;;;;;;;;;;;;
492;-0,583221368;0,460632976;-0,416778632;1;-0,453512956;0,512703599;-0,092974088;1;-0,788396495;0,832052668;2,941982473;1;;;;;;;;;;;;;
493;-1,112653973;0,545371403;0,112653973;1;-1,171389552;0,52109049;1,342779105;1;0,466754359;0,676585756;-3,333771794;1;;;;;;;;;;;;;
494;-1,285497824;0,86215703;0,285497824;1;-1,000513601;0,613866493;1,001027202;1;0,214397118;1,226581034;-2,071985591;1;;;;;;;;;;;;;
495;-0,801919939;0,57760929;-0,198080061;1;-1,150076196;0,723711385;1,300152392;1;-0,497448699;0,997804529;1,487243496;1;;;;;;;;;;;;;
496;-1,359440555;0,571171605;0,359440555;1;0,174602408;0,477318734;-1,349204815;1;0,449356258;0,808176234;-3,246781291;1;;;;;;;;;;;;;
497;-0,809513293;0,49625975;-0,190486707;1;-0,80007244;0,544736247;0,600144879;1;-1,054166207;0,89579863;4,270831037;1;;;;;;;;;;;;;
498;-2,173221391;0,760733853;1,173221391;1;-0,698639338;0,487055526;0,397278676;1;2,345018353;1,271219428;-12,72509177;0;;;;;;;;;;;;;
499;-1,786003471;0,719807435;0,786003471;1;-0,501495227;0,63478634;0,002990454;1;0,597945385;1,058709577;-3,989726926;1;;;;;;;;;;;;;
500;-0,248141055;0,672799745;-0,751858945;1;0,057567736;0,554405938;-1,115135471;1;-1,550996947;0,924644094;6,754984733;1;;;;;;;;;;;;;
501;-0,46295078;0,379032149;-0,53704922;1;-0,944251088;0,568571022;0,888502176;1;-1,618433964;0,985429541;7,09216982;1;;;;;;;;;;;;;
502;-2,914089208;0,787318214;1,914089208;0;-0,555767758;0,613759042;0,111535515;1;2,326661255;1,086004592;-12,63330628;0;;;;;;;;;;;;;
503;0,188017563;0,774883987;-1,188017563;1;-0,054308149;0,581515604;-0,891383701;1;-2,655525613;1,190620766;12,27762806;0;;;;;;;;;;;;;
504;-2,29890201;1,044825482;1,29890201;1;0,935580073;0,8148232;-2,871160146;1;1,220649707;1,320258067;-7,103248535;1;;;;;;;;;;;;;
505;-0,798636419;0,480039689;-0,201363581;1;-1,14835729;0,555118354;1,296714579;1;-0,657792831;0,850923865;2,288964154;1;;;;;;;;;;;;;
506;-1,186606049;0,54393364;0,186606049;1;-0,563554475;0,48784462;0,12710895;1;-0,033405369;0,846222727;-0,832973155;1;;;;;;;;;;;;;
507;0,504397475;0,668440578;-1,504397475;0;-1,080015621;0,601991762;1,160031243;1;-2,424062869;0,976648251;11,12031435;0;;;;;;;;;;;;;
508;-1,897352155;0,787428003;0,897352155;1;-1,322499334;0,64463511;1,644998668;1;1,461647158;0,959801919;-8,30823579;1;;;;;;;;;;;;;
509;-1,192657093;0,717067421;0,192657093;1;-0,448129069;0,689873893;-0,103741862;1;-0,394489663;1,111923819;0,972448313;1;;;;;;;;;;;;;
510;-3,322479498;0,965925889;2,322479498;0;0,305737231;0,708160299;-1,611474463;1;2,430504836;1,188947592;-13,15252418;0;;;;;;;;;;;;;
511;1,134077201;0,830401115;-2,134077201;0;-1,51931674;0,652712921;2,038633479;1;-5,317511767;1,402891958;25,58755884;0;;;;;;;;;;;;;
512;-1,11674712;0,599075863;0,11674712;1;-0,487748625;0,60251606;-0,024502751;1;-0,214565379;1,216560486;0,072826896;1;;;;;;;;;;;;;
513;-0,179999499;0,773106845;-0,820000501;1;-1,111983674;0,771836985;1,223967349;1;-1,305826747;1,175425001;5,529133734;1;;;;;;;;;;;;;
514;-1,0239018;0,916979738;0,0239018;1;-0,911646471;0,768533621;0,823292943;1;-2,166902807;1,468291574;9,834514033;1;;;;;;;;;;;;;
515;-0,826541748;0,466059381;-0,173458252;1;-0,501385927;0,48046288;0,002771854;1;-0,650281506;0,879722338;2,251407528;1;;;;;;;;;;;;;
516;-0,532250017;0,712927974;-0,467749983;1;0,087889012;0,579818516;-1,175778025;1;-0,580948596;1,022032131;1,904742982;1;;;;;;;;;;;;;
517;-1,184784329;0,508716785;0,184784329;1;-0,312024015;0,537663543;-0,375951971;1;-0,566904225;0,944858262;1,834521124;1;;;;;;;;;;;;;
518;-0,86191386;0,722461623;-0,13808614;1;-1,744555021;0,819293732;2,489110042;1;-0,735616681;1,112611808;2,678083404;1;;;;;;;;;;;;;
519;0,211619009;0,73852365;-1,211619009;1;-0,970859833;0,712034791;0,941719666;1;-2,798041931;1,200298061;12,99020966;0;;;;;;;;;;;;;
520;-1,299101321;0,521354305;0,299101321;1;0,251253026;0,4695923;-1,502506053;1;-0,237120866;0,727845545;0,185604331;1;;;;;;;;;;;;;
521;-1,156079657;0,837311953;0,156079657;1;-0,795158282;0,624968292;0,590316563;1;-0,03221881;1,114313536;-0,838905949;1;;;;;;;;;;;;;
522;-0,866205035;0,561728031;-0,133794965;1;-0,230334852;0,485105254;-0,539330297;1;-0,734620455;0,952764104;2,673102276;1;;;;;;;;;;;;;
523;-0,394475845;0,456625877;-0,605524155;1;-0,645834779;0,552184361;0,291669558;1;-0,854802975;0,80923077;3,274014873;1;;;;;;;;;;;;;
524;-2,717658688;1,042444234;1,717658688;1;0,136516704;0,7946763;-1,273033408;1;0,691664702;1,463528075;-4,458323511;1;;;;;;;;;;;;;
525;-2,756127779;0,708528136;1,756127779;0;0,251524817;0,583880487;-1,503049633;1;1,070772192;0,895588434;-6,353860962;1;;;;;;;;;;;;;
526;-0,107363498;0,591134243;-0,892636502;1;-0,565092907;0,465032861;0,130185814;1;-1,271529892;0,903071499;5,357649458;1;;;;;;;;;;;;;
527;-1,153795899;0,790552107;0,153795899;1;-0,213192005;0,564730044;-0,573615989;1;-0,428498757;1,18135584;1,142493784;1;;;;;;;;;;;;;
528;-1,542678598;0,4970809;0,542678598;1;-0,511296719;0,453385551;0,022593438;1;0,395018136;0,734191411;-2,975090681;1;;;;;;;;;;;;;
529;-0,492152728;0,594334091;-0,507847272;1;-1,650661038;0,748944564;2,301322075;1;1,272269455;1,054605578;-7,361347277;1;;;;;;;;;;;;;
530;-1,400859598;0,682111002;0,400859598;1;-0,235918896;0,598299936;-0,528162207;1;0,183561124;0,976212367;-1,917805622;1;;;;;;;;;;;;;
531;-1,155634729;0,440143953;0,155634729;1;0,51405558;0,423830731;-2,028111161;0;-1,260572727;0,815574011;5,302863637;1;;;;;;;;;;;;;
532;-1,526116725;0,65086083;0,526116725;1;-1,226812111;0,653281508;1,453624223;1;0,235856301;1,0269066;-2,179281505;1;;;;;;;;;;;;;
533;-0,652089051;0,622073574;-0,347910949;1;0,177240094;0,625896795;-1,354480188;1;-0,3937332;1,103595634;0,968665998;1;;;;;;;;;;;;;
534;-0,102279314;0,500444399;-0,897720686;1;-2,24006213;0,736825372;3,480124259;0;-1,625786768;0,935664835;7,128933838;1;;;;;;;;;;;;;
535;-0,850493522;0,652830764;-0,149506478;1;-0,132438024;0,567921786;-0,735123952;1;0,711475027;0,858476719;-4,557375135;1;;;;;;;;;;;;;
536;-0,83734667;0,745008225;-0,16265333;1;1,160926223;0,613703039;-3,321852446;0;-2,099031634;1,115751897;9,495158171;1;;;;;;;;;;;;;
537;-0,95204092;0,537203712;-0,04795908;1;0,108479498;0,503208571;-1,216958996;1;-0,259359356;0,891317703;0,296796781;1;;;;;;;;;;;;;
538;-0,574167992;0,565471164;-0,425832008;1;-0,247870807;0,525179437;-0,504258386;1;-1,489927245;0,784327061;6,449636227;1;;;;;;;;;;;;;
539;-2,035321607;1,437300588;1,035321607;1;1,685927975;1,124547327;-4,37185595;1;-0,795106245;1,697862367;2,975531227;1;;;;;;;;;;;;;
540;-1,333713823;0,95128217;0,333713823;1;-1,274026044;0,954952466;1,548052087;1;-1,911652569;1,634562393;8,558262845;1;;;;;;;;;;;;;
541;-1,490528796;0,720792321;0,490528796;1;-0,817176306;0,673508231;0,634352612;1;0,249218218;1,014221713;-2,246091091;1;;;;;;;;;;;;;
542;-0,447349416;0,741123934;-0,552650584;1;-0,958507103;0,640552413;0,917014205;1;-0,773309745;0,996280116;2,866548725;1;;;;;;;;;;;;;
543;-0,696780097;0,777676007;-0,303219903;1;-1,37517449;0,69356932;1,750348981;1;-0,920019278;1,094090385;3,60009639;1;;;;;;;;;;;;;
544;-2,667594458;0,886674301;1,667594458;1;0,350656462;0,679963564;-1,701312925;1;-0,071133056;1,267115125;-0,64433472;1;;;;;;;;;;;;;
545;-1,097514629;0,632981944;0,097514629;1;-1,131030546;0,58017455;1,262061093;1;0,265575136;0,95252205;-2,327875678;1;;;;;;;;;;;;;
546;-1,570249024;0,67284352;0,570249024;1;0,195897771;0,580563113;-1,391795542;1;0,054110221;1,177013794;-1,270551103;1;;;;;;;;;;;;;
547;-0,678825641;0,53635707;-0,321174359;1;-0,177948107;0,540111778;-0,644103786;1;-1,128387262;0,998995507;4,641936309;1;;;;;;;;;;;;;
548;-0,957119549;0,644649669;-0,042880451;1;-0,40192177;0,574148066;-0,196156459;1;-0,743267823;0,967261794;2,716339114;1;;;;;;;;;;;;;
549;-1,176423997;0,41965994;0,176423997;1;-0,751040148;0,423995719;0,502080296;1;0,490055474;0,653762506;-3,450277372;1;;;;;;;;;;;;;
550;-1,130269301;0,906741354;0,130269301;1;-0,734274386;0,746653528;0,468548771;1;0,02399989;1,114154175;-1,119999451;1;;;;;;;;;;;;;
551;-1,103040489;0,63985581;0,103040489;1;-1,100859742;0,841189785;1,201719484;1;-1,901491037;1,25695556;8,507455185;1;;;;;;;;;;;;;
552;-3,784304827;1,33064694;2,784304827;0;0,595285224;0,805834819;-2,190570448;1;2,42599518;1,829875623;-13,1299759;1;;;;;;;;;;;;;
553;-1,374172932;0,796590078;0,374172932;1;-1,334094788;0,757554595;1,668189576;1;1,067151798;1,234924547;-6,335758989;1;;;;;;;;;;;;;
554;-0,628478706;0,535269123;-0,371521294;1;-0,970520348;0,589355578;0,941040696;1;-1,332148663;0,886554811;5,660743316;1;;;;;;;;;;;;;
555;-0,652195727;0,406685046;-0,347804273;1;-0,828036204;0,463835011;0,656072408;1;-0,636835146;0,679610299;2,184175732;1;;;;;;;;;;;;;
556;0,003660687;0,638502175;-1,003660687;1;-1,271063104;0,682550149;1,542126207;1;-2,109434219;1,024626015;9,547171097;1;;;;;;;;;;;;;
557;-1,801359834;0,691014895;0,801359834;1;0,518198228;0,694397876;-2,036396457;1;-0,875022788;1,320968863;3,375113941;1;;;;;;;;;;;;;
558;-1,069772615;0,614831114;0,069772615;1;-0,006802063;0,57540519;-0,986395874;1;0,175514665;1,07638479;-1,877573323;1;;;;;;;;;;;;;
559;0,110676871;0,560359692;-1,110676871;0;-0,944117759;0,496909899;0,888235518;1;-0,118487257;0,84679278;-0,407563714;1;;;;;;;;;;;;;
560;-0,694778588;0,361538053;-0,305221412;1;-0,883545945;0,564523872;0,767091889;1;-0,97228597;0,741646797;3,861429849;1;;;;;;;;;;;;;
561;-1,41608815;0,521794926;0,41608815;1;0,243265718;0,532365804;-1,486531436;1;-0,966703522;0,945436466;3,833517611;1;;;;;;;;;;;;;
562;-0,528591701;0,665972558;-0,471408299;1;-0,99916902;0,640130285;0,998338041;1;-0,700019204;0,956517834;2,500096019;1;;;;;;;;;;;;;
563;-0,8815935;0,715567403;-0,1184065;1;0,036993121;0,612797472;-1,073986242;1;-0,487205301;1,06657343;1,436026506;1;;;;;;;;;;;;;
564;-1,155021211;0,474352927;0,155021211;1;-0,855147323;0,50417118;0,710294646;1;0,00986097;0,734010429;-1,049304848;1;;;;;;;;;;;;;
565;-1,688623954;0,740052066;0,688623954;1;-0,21977642;0,785276667;-0,56044716;1;-1,210633857;1,297216767;5,053169284;1;;;;;;;;;;;;;
566;-1,10582289;0,69236701;0,10582289;1;-0,164795836;0,537633924;-0,670408328;1;0,553283552;1,026403564;-3,766417758;1;;;;;;;;;;;;;
567;-1,658258468;0,619481953;0,658258468;1;-0,497275538;0,567938378;-0,005448925;1;0,812936082;0,942787267;-5,064680409;1;;;;;;;;;;;;;
568;-1,186834662;0,723475451;0,186834662;1;-1,002315531;0,764087657;1,004631062;1;-0,31371127;1,249546424;0,568556351;1;;;;;;;;;;;;;
569;-0,368420555;0,551968822;-0,631579445;1;-0,548450962;0,541026397;0,096901924;1;0,246498007;1,042732605;-2,232490034;1;;;;;;;;;;;;;
570;-1,547551047;0,742432691;0,547551047;1;0,053519849;0,662738984;-1,107039698;1;1,125090502;1,075564507;-6,625452511;1;;;;;;;;;;;;;
571;-0,519628303;0,621124839;-0,480371697;1;-0,140500145;0,535790517;-0,718999711;1;-1,217593887;0,985729151;5,087969437;1;;;;;;;;;;;;;
572;-1,155373154;0,687986299;0,155373154;1;-0,947236873;0,622548046;0,894473747;1;-0,479343479;1,073408485;1,396717393;1;;;;;;;;;;;;;
573;-0,57112067;0,905915965;-0,42887933;1;-0,09582474;0,671405811;-0,80835052;1;-1,062976225;1,447172663;4,314881124;1;;;;;;;;;;;;;
574;0,629688867;1,072776786;-1,629688867;1;-0,691767065;0,668829954;0,383534131;1;0,200636103;1,094015668;-2,003180516;1;;;;;;;;;;;;;
575;-0,266250752;0,501946295;-0,733749248;1;-0,528746284;0,493012241;0,057492568;1;-1,374895242;0,780679227;5,874476208;1;;;;;;;;;;;;;
576;-0,694017493;0,331726881;-0,305982507;1;-1,222080431;0,567815063;1,444160862;1;-0,730186433;0,596868956;2,650932167;1;;;;;;;;;;;;;
577;-0,462893695;0,594149527;-0,537106305;1;-0,7910282;0,582467291;0,5820564;1;-0,126995925;1,05588771;-0,365020376;1;;;;;;;;;;;;;
578;-2,210584115;0,769572641;1,210584115;1;-0,776030888;0,601903517;0,552061776;1;1,227609761;1,04836214;-7,138048806;1;;;;;;;;;;;;;
579;-2,167693198;0,788583854;1,167693198;1;0,442214424;0,581775486;-1,884428849;1;0,595969989;1,055765665;-3,979849945;1;;;;;;;;;;;;;
580;-1,152192684;0,659785716;0,152192684;1;-0,686968006;0,601184439;0,373936012;1;0,487008825;0,883511377;-3,435044127;1;;;;;;;;;;;;;
581;-0,51817153;0,433732177;-0,48182847;1;-0,322274665;0,461476221;-0,35545067;1;-1,420168656;0,924296939;6,10084328;1;;;;;;;;;;;;;
582;-3,565645429;0,854669375;2,565645429;0;-0,541132658;0,504967152;0,082265317;1;3,121977488;1,146332856;-16,60988744;0;;;;;;;;;;;;;
583;-1,694261872;0,626595313;0,694261872;1;-0,380180948;0,562686471;-0,239638104;1;0,440471618;0,852851437;-3,202358088;1;;;;;;;;;;;;;
584;-0,926475901;0,651440555;-0,073524099;1;-0,293926558;0,491216908;-0,412146885;1;-0,498556591;0,978173687;1,492782954;1;;;;;;;;;;;;;
585;-1,420878911;0,729475597;0,420878911;1;-0,887610164;0,692946893;0,775220327;1;-0,273192011;1,104015095;0,365960055;1;;;;;;;;;;;;;
586;-0,969655771;0,347847996;-0,030344229;1;-0,42478136;0,419187192;-0,15043728;1;-1,048961133;0,742991245;4,244805666;1;;;;;;;;;;;;;
587;-1,059241494;0,692304882;0,059241494;1;-0,637313136;0,700758082;0,274626271;1;-1,124236908;1,194564927;4,621184539;1;;;;;;;;;;;;;
588;-2,084707498;0,673859021;1,084707498;1;-0,068453636;0,61788837;-0,863092728;1;0,534878399;0,974538105;-3,674391993;1;;;;;;;;;;;;;
589;-1,506015746;1,151039474;0,506015746;1;-0,205782135;0,745621094;-0,58843573;1;0,335995271;1,354647644;-2,679976356;1;;;;;;;;;;;;;
590;0,220560519;0,576058082;-1,220560519;0;-1,925466319;0,770794446;2,850932637;1;-0,477001765;0,890469762;1,385008825;1;;;;;;;;;;;;;
591;-0,551965089;0,312785157;-0,448034911;1;-0,235591235;0,334254894;-0,528817531;1;-0,99779734;0,68324355;3,988986702;1;;;;;;;;;;;;;
592;-1,429297556;0,525427772;0,429297556;1;-0,879305816;0,564235589;0,758611633;1;-0,579664337;0,829385672;1,898321686;1;;;;;;;;;;;;;
593;-1,102066637;0,462211772;0,102066637;1;-0,783502622;0,513856871;0,567005245;1;0,280565554;0,719883362;-2,402827771;1;;;;;;;;;;;;;
594;-1,085020423;0,598971238;0,085020423;1;-1,580830594;0,709846989;2,161661188;1;-0,613977125;0,991476181;2,069885625;1;;;;;;;;;;;;;
595;-2,504486791;0,738568643;1,504486791;0;-0,704463323;0,467334817;0,408926646;1;2,305854372;0,989742511;-12,52927186;0;;;;;;;;;;;;;
596;-1,143404353;0,602473798;0,143404353;1;-0,241561674;0,581874017;-0,516876652;1;-1,339914012;1,050793451;5,699570058;1;;;;;;;;;;;;;
597;-1,18078116;0,40217541;0,18078116;1;-1,185001059;0,522575843;1,370002119;1;0,261754326;0,722397338;-2,308771632;1;;;;;;;;;;;;;
598;-0,945627972;0,66411832;-0,054372028;1;-0,41194108;0,530059832;-0,176117839;1;-1,787939727;1,14074953;7,939698636;1;;;;;;;;;;;;;
599;-1,451329872;0,648868628;0,451329872;1;-0,847696049;0,667548357;0,695392098;1;-0,161666094;1,073766079;-0,191669528;1;;;;;;;;;;;;;
600;-1,032091487;0,734535991;0,032091487;1;-1,34072193;0,769865364;1,68144386;1;-0,187348342;1,036874918;-0,063258289;1;;;;;;;;;;;;;
601;-1,589992783;0,501042259;0,589992783;1;-1,368295297;0,525916567;1,736590594;1;1,237337945;0,784562249;-7,186689726;1;;;;;;;;;;;;;
602;-0,432988037;0,892926338;-0,567011963;1;-1,047553425;0,790817113;1,09510685;1;-0,283337823;1,24115216;0,416689114;1;;;;;;;;;;;;;
603;-1,093310859;0,627585172;0,093310859;1;-1,389688491;0,650516617;1,779376981;1;0,465666783;0,869240397;-3,328333913;1;;;;;;;;;;;;;
604;-2,040863628;0,778149407;1,040863628;1;0,003004807;0,690634759;-1,006009615;1;0,47740473;1,051155929;-3,387023651;1;;;;;;;;;;;;;
605;-0,915109149;0,462936705;-0,084890851;1;-1,276677652;0,490191489;1,553355305;1;0,092120812;0,740947966;-1,460604061;1;;;;;;;;;;;;;
606;-0,89209846;0,374875296;-0,10790154;1;-0,884616605;0,489880983;0,769233211;1;-0,760030699;0,873663603;2,800153494;1;;;;;;;;;;;;;
607;0,265450272;1,020885032;-1,265450272;1;-1,07413431;0,800092762;1,14826862;1;-2,888209201;1,568830724;13,441046;1;;;;;;;;;;;;;
608;-0,818463689;0,598389549;-0,181536311;1;-0,584057281;0,627196791;0,168114563;1;0,148278783;0,982215111;-1,741393915;1;;;;;;;;;;;;;
609;-0,620207001;0,587504711;-0,379792999;1;-1,579310131;0,632384939;2,158620261;1;-0,458952898;0,925009268;1,29476449;1;;;;;;;;;;;;;
610;-0,63416355;0,382965844;-0,36583645;1;-0,475917635;0,391390774;-0,04816473;1;-0,308322352;0,671418629;0,541611762;1;;;;;;;;;;;;;
611;-1,606762874;1,031921481;0,606762874;1;-0,609002511;0,7707312;0,218005023;1;0,915610613;1,409095574;-5,578053066;1;;;;;;;;;;;;;
612;-0,453353517;0,568909912;-0,546646483;1;-1,487809352;0,734880344;1,975618705;1;-0,202447584;0,902202888;0,012237922;1;;;;;;;;;;;;;
613;-1,510253292;0,637601644;0,510253292;1;-0,154064441;0,481757311;-0,691871119;1;0,696383788;0,85918167;-4,481918942;1;;;;;;;;;;;;;
614;-0,567468778;0,647633692;-0,432531222;1;-1,286668158;0,623145541;1,573336316;1;-2,442801713;1,245469483;11,21400856;1;;;;;;;;;;;;;
615;-1,329620918;0,522904242;0,329620918;1;-0,101285903;0,466455285;-0,797428194;1;-0,107766489;0,803261897;-0,461167557;1;;;;;;;;;;;;;
616;-0,643730609;0,561220505;-0,356269391;1;-0,317331297;0,504081079;-0,365337407;1;0,019459814;0,821699392;-1,097299069;1;;;;;;;;;;;;;
617;-0,742584196;0,813451168;-0,257415804;1;-1,069706624;0,737331458;1,139413248;1;0,661290715;1,050499446;-4,306453576;1;;;;;;;;;;;;;
618;-1,028958441;0,642519096;0,028958441;1;-1,23196377;0,778945874;1,46392754;1;0,086385987;1,067440892;-1,431929935;1;;;;;;;;;;;;;
619;-0,912451371;0,53662939;-0,087548629;1;-0,650959257;0,614936262;0,301918513;1;-0,100681201;1,009720854;-0,496593995;1;;;;;;;;;;;;;
620;-0,946377136;0,498735773;-0,053622864;1;-0,457794566;0,491412062;-0,084410869;1;-1,136744077;0,917382796;4,683720386;1;;;;;;;;;;;;;
621;-2,37707733;0,621071469;1,37707733;0;-0,753417304;0,507759921;0,506834608;1;1,747850408;0,820037603;-9,739252038;0;;;;;;;;;;;;;
622;-0,24705509;0,65939878;-0,75294491;1;-0,424142839;0,788632245;-0,151714322;1;-1,426115973;1,356998724;6,130579867;1;;;;;;;;;;;;;
623;-1,232309061;0,804445967;0,232309061;1;-0,997819485;0,806293632;0,99563897;1;0,400252954;1,204960457;-3,001264769;1;;;;;;;;;;;;;
624;-1,598973063;0,604399077;0,598973063;1;0,202578893;0,510325397;-1,405157786;1;-0,628505335;0,901306264;2,142526675;1;;;;;;;;;;;;;
625;-1,11668936;0,501311507;0,11668936;1;-0,188223477;0,453338989;-0,623553046;1;-0,022404299;0,882466963;-0,887978503;1;;;;;;;;;;;;;
626;-1,053684084;0,639824579;0,053684084;1;-0,67064784;0,569459185;0,341295681;1;-0,452487882;1,014607373;1,262439411;1;;;;;;;;;;;;;
627;-0,883970514;0,488086908;-0,116029486;1;-0,167147093;0,450256546;-0,665705813;1;0,178451608;0,692328901;-1,892258039;1;;;;;;;;;;;;;
628;-2,009519903;0,893768422;1,009519903;1;0,135896524;0,743615509;-1,271793048;1;0,554053639;1,383588116;-3,770268193;1;;;;;;;;;;;;;
629;-1,8719691;0,814570025;0,8719691;1;1,229107672;0,703587676;-3,458215343;0;-0,395618859;1,082512729;0,978094293;1;;;;;;;;;;;;;
630;-1,603305257;0,622275433;0,603305257;1;-0,289448671;0,511948697;-0,421102658;1;1,063257949;1,104604852;-6,316289743;1;;;;;;;;;;;;;
631;-0,726275469;0,647384803;-0,273724531;1;-0,853170943;0,640492398;0,706341886;1;-1,887319611;1,248156584;8,436598055;1;;;;;;;;;;;;;
632;-0,81374086;0,651455443;-0,18625914;1;-1,07335721;0,699943187;1,14671442;1;-2,460816642;1,281319956;11,30408321;1;;;;;;;;;;;;;
633;-0,829635113;0,372536183;-0,170364887;1;0,124566989;0,362651747;-1,249133978;1;-0,704122046;0,688923955;2,520610231;1;;;;;;;;;;;;;
634;-0,325203092;0,608883581;-0,674796908;1;-0,560239812;0,508479638;0,120479624;1;-0,781209317;0,958369385;2,906046587;1;;;;;;;;;;;;;
635;-0,426020706;0,893121267;-0,573979294;1;-0,469610889;0,721583657;-0,060778221;1;-0,813731844;1,323928014;3,068659221;1;;;;;;;;;;;;;
636;-1,69826615;0,817969625;0,69826615;1;0,196277561;0,611292174;-1,392555122;1;0,871570837;1,027095471;-5,357854186;1;;;;;;;;;;;;;
637;-0,578924748;0,511948025;-0,421075252;1;-0,258339831;0,487884979;-0,483320338;1;-1,3883676;0,942675938;5,941837999;1;;;;;;;;;;;;;
638;-0,445627393;0,48807214;-0,554372607;1;-0,979581147;0,589952573;0,959162294;1;-1,190334686;0,917064102;4,951673432;1;;;;;;;;;;;;;
639;-1,041955376;0,793385399;0,041955376;1;-0,166743803;0,640639147;-0,666512393;1;-0,798745261;1,122612063;2,993726305;1;;;;;;;;;;;;;
640;0,082935388;0,684410741;-1,082935388;1;-0,907367292;0,63843472;0,814734584;1;-0,356045368;1,033322105;0,78022684;1;;;;;;;;;;;;;
641;-2,963647134;1,208451919;1,963647134;1;1,056226743;0,982206876;-3,112453486;1;0,799243417;1,418070494;-4,996217086;1;;;;;;;;;;;;;
642;-0,469300041;0,449280917;-0,530699959;1;-0,531832081;0,517942804;0,063664161;1;-0,877080674;0,797885045;3,385403372;1;;;;;;;;;;;;;
643;-0,438270884;0,411883488;-0,561729116;1;-0,451708894;0,452179706;-0,096582213;1;-0,425857922;0,747543049;1,129289609;1;;;;;;;;;;;;;
644;-0,775269428;0,513400914;-0,224730572;1;-0,988428958;0,645667163;0,976857916;1;-1,369349624;1,087448519;5,84674812;1;;;;;;;;;;;;;
645;-1,760892153;0,852289313;0,760892153;1;-0,800627231;0,763265015;0,601254462;1;0,532375597;1,257106116;-3,661877985;1;;;;;;;;;;;;;
646;-0,44579678;0,381336916;-0,55420322;1;-1,36720029;0,555459422;1,73440058;1;-0,584395271;0,692637365;1,921976357;1;;;;;;;;;;;;;
647;-0,938478886;0,638710339;-0,061521114;1;-0,146345209;0,696156664;-0,707309583;1;0,00756245;1,020772391;-1,037812251;1;;;;;;;;;;;;;
648;-1,41764911;1,281350983;0,41764911;1;0,739514865;0,802202386;-2,479029729;1;0,180382187;1,551250655;-1,901910936;1;;;;;;;;;;;;;
649;-2,617810555;0,834330948;1,617810555;1;1,229639612;0,647861037;-3,459279224;0;0,914284549;1,086823493;-5,571422743;1;;;;;;;;;;;;;
650;-3,090852791;0,93379783;2,090852791;0;0,266545705;0,687457241;-1,533091409;1;2,477081767;1,318463681;-13,38540883;0;;;;;;;;;;;;;
651;-1,078773857;0,780233144;0,078773857;1;-0,257868759;0,692555543;-0,484262481;1;-0,401543317;1,304724029;1,007716587;1;;;;;;;;;;;;;
652;-0,243397946;0,785697079;-0,756602054;1;-0,662469652;0,692734885;0,324939303;1;-0,572457506;1,195952921;1,862287532;1;;;;;;;;;;;;;
653;-1,094301879;0,538673381;0,094301879;1;-0,341176086;0,509863612;-0,317647828;1;-0,362366201;0,947143851;0,811831007;1;;;;;;;;;;;;;
654;-3,239484702;1,365215069;2,239484702;1;0,157939878;0,815723789;-1,315879756;1;1,982183914;1,566665302;-10,91091957;1;;;;;;;;;;;;;
655;-1,097262158;0,647886245;0,097262158;1;-1,197506401;0,693345238;1,395012803;1;0,249405597;0,984149635;-2,247027987;1;;;;;;;;;;;;;
656;-0,836799597;0,497771489;-0,163200403;1;-1,088009707;0,548869325;1,176019415;1;-0,193931724;0,790971511;-0,030341379;1;;;;;;;;;;;;;
657;-0,780499167;0,601588334;-0,219500833;1;0,697578172;0,604651589;-2,395156345;0;-2,632487523;0,990698079;12,16243762;0;;;;;;;;;;;;;
658;-0,096341087;0,519116924;-0,903658913;1;-0,20931866;0,473137135;-0,58136268;1;-1,780370182;1,046987912;7,901850908;1;;;;;;;;;;;;;
659;-0,235347095;0,330067213;-0,764652905;0;-0,776723371;0,369198912;0,553446741;1;-1,135042793;0,642294666;4,675213966;1;;;;;;;;;;;;;
660;-0,61038335;0,35064035;-0,38961665;1;-0,134465371;0,361356275;-0,731069259;1;-1,441764353;0,713348941;6,208821766;1;;;;;;;;;;;;;
661;-1,572223891;0,964259075;0,572223891;1;0,665016018;0,77771346;-2,330032036;1;-0,397342546;1,254091328;0,98671273;1;;;;;;;;;;;;;
662;-1,429749166;0,525447247;0,429749166;1;-0,169432693;0,591384392;-0,661134614;1;0,455862196;0,924363738;-3,279310982;1;;;;;;;;;;;;;
663;-0,834103853;0,403779747;-0,165896147;1;-0,856384618;0,48495342;0,712769235;1;-0,29141733;0,759495533;0,457086649;1;;;;;;;;;;;;;
664;-1,083094089;0,50112477;0,083094089;1;-0,435546464;0,619812705;-0,128907072;1;-0,332230858;0,847200415;0,661154292;1;;;;;;;;;;;;;
665;-2,075234011;0,68675105;1,075234011;1;0,513963213;0,56627027;-2,027926425;1;0,982496538;0,977058494;-5,91248269;1;;;;;;;;;;;;;
666;-1,714440786;0,977771052;0,714440786;1;-1,077441624;0,781450431;1,154883248;1;1,553890087;1,364193485;-8,769450436;1;;;;;;;;;;;;;
667;-1,056237143;0,509830289;0,056237143;1;-0,258953672;0,456142509;-0,482092655;1;-0,393387627;0,761543864;0,966938134;1;;;;;;;;;;;;;
668;-0,965388729;0,584621241;-0,034611271;1;-0,026901839;0,569339943;-0,946196323;1;-0,631860579;0,930385792;2,159302893;1;;;;;;;;;;;;;
669;-1,740162468;0,784418442;0,740162468;1;-0,286474951;0,592810727;-0,427050098;1;0,489464217;1,08875062;-3,447321083;1;;;;;;;;;;;;;
670;-0,545268474;0,626878355;-0,454731526;1;-1,441398435;0,659926958;1,882796871;1;-2,292325814;1,069805423;10,46162907;1;;;;;;;;;;;;;
671;-1,477456494;0,818481849;0,477456494;1;-0,327657842;0,706310103;-0,344684316;1;-0,135952131;1,330660879;-0,320239344;1;;;;;;;;;;;;;
672;-0,941957589;0,799805447;-0,058042411;1;-0,940607418;0,646104076;0,881214836;1;0,14934713;1,014858611;-1,74673565;1;;;;;;;;;;;;;
673;-0,970627804;0,727465142;-0,029372196;1;0,13122953;0,666956377;-1,26245906;1;-1,545653261;1,192634019;6,728266305;1;;;;;;;;;;;;;
674;-1,60391175;0,749784669;0,60391175;1;-0,687622886;0,717253457;0,375245771;1;0,727570566;1,196279523;-4,637852828;1;;;;;;;;;;;;;
675;0,28078084;0,478592096;-1,28078084;0;-2,131274861;0,725925628;3,262549722;0;-1,95731177;0,982372041;8,786558849;1;;;;;;;;;;;;;
676;-1,193684828;0,841189284;0,193684828;1;-0,24525194;0,645003491;-0,50949612;1;-0,045060425;0,984517774;-0,774697876;1;;;;;;;;;;;;;
677;0,206458056;0,680932376;-1,206458056;1;-0,053363219;0,575513423;-0,893273561;1;-1,701116411;1,058136593;7,505582057;1;;;;;;;;;;;;;
678;-0,810090762;0,76895426;-0,189909238;1;-1,235164464;0,587616891;1,470328927;1;0,555942988;0,906173378;-3,77971494;1;;;;;;;;;;;;;
679;-1,158188831;0,573259812;0,158188831;1;-0,22669214;0,610262498;-0,546615719;1;0,0544197;0,89449953;-1,2720985;1;;;;;;;;;;;;;
680;-0,939657889;0,750951298;-0,060342111;1;-0,404095143;0,669859754;-0,191809714;1;-0,306512172;1,168397047;0,53256086;1;;;;;;;;;;;;;
681;-0,575500175;0,601963998;-0,424499825;1;-1,409090951;0,717047915;1,818181902;1;-1,390809936;0,98145632;5,954049682;1;;;;;;;;;;;;;
682;-1,090405444;0,483386715;0,090405444;1;-0,270169985;0,481244965;-0,45966003;1;0,641429809;0,71689306;-4,207149046;1;;;;;;;;;;;;;
683;-1,200833486;0,481504882;0,200833486;1;0,20711844;0,442355702;-1,414236881;1;0,250332924;0,773122514;-2,251664621;1;;;;;;;;;;;;;
684;-1,207206488;0,852126401;0,207206488;1;0,246640918;0,626072324;-1,493281836;1;-0,93565692;1,038550849;3,678284598;1;;;;;;;;;;;;;
685;-0,825461422;0,654894541;-0,174538578;1;-0,455985747;0,576487105;-0,088028506;1;-1,722157604;1,279618759;7,61078802;1;;;;;;;;;;;;;
686;-0,422301088;0,442393846;-0,577698912;1;0,040000019;0,43846883;-1,080000037;1;-0,864865792;0,818699746;3,324328959;1;;;;;;;;;;;;;
687;-1,467995514;1,002918974;0,467995514;1;0,325639803;0,811550141;-1,651279605;1;-0,856277784;1,517045948;3,281388922;1;;;;;;;;;;;;;
688;-2,280280039;0,792466996;1,280280039;1;0,599139982;0,499248104;-2,198279965;0;1,550628502;0,93134174;-8,753142511;1;;;;;;;;;;;;;
689;-0,760005986;0,339823784;-0,239994014;1;0,19376934;0,414615856;-1,387538679;1;-2,046835831;0,720156996;9,234179156;0;;;;;;;;;;;;;
690;-1,493056311;0,443789389;0,493056311;1;-0,716428875;0,415831035;0,432857749;1;1,181551332;0,654451723;-6,907756662;0;;;;;;;;;;;;;
691;-0,924539806;0,594705359;-0,075460194;1;-0,230730122;0,518348155;-0,538539757;1;-1,152105347;0,894591487;4,760526736;1;;;;;;;;;;;;;
692;-1,492882729;0,560459094;0,492882729;1;-0,160483172;0,598207605;-0,679033657;1;-0,618458987;1,015461159;2,092294933;1;;;;;;;;;;;;;
693;0,079593378;0,471641005;-1,079593378;0;-0,698460721;0,452623914;0,396921441;1;-1,671582312;0,777359194;7,357911559;1;;;;;;;;;;;;;
694;-0,962259759;0,50844269;-0,037740241;1;-0,680202625;0,496359572;0,36040525;1;-0,314924914;0,782185768;0,574624569;1;;;;;;;;;;;;;
695;-1,834770554;0,775607405;0,834770554;1;0,082690697;0,581792614;-1,165381393;1;1,343931526;1,146388383;-7,719657629;1;;;;;;;;;;;;;
696;-1,118313968;0,466168109;0,118313968;1;-0,588633645;0,42846153;0,177267291;1;-0,053768809;0,711951366;-0,731155953;1;;;;;;;;;;;;;
697;-1,72098512;1,053733637;0,72098512;1;0,579760832;0,80828681;-2,159521664;1;0,12439889;1,416118132;-1,62199445;1;;;;;;;;;;;;;
698;-0,191361605;0,691214842;-0,808638395;1;-1,470636936;0,831560177;1,941273873;1;-1,118248178;1,21832612;4,591240891;1;;;;;;;;;;;;;
699;-0,801222316;0,660805395;-0,198777684;1;-0,491191125;0,539988702;-0,01761775;1;0,790891592;1,061030756;-4,954457961;1;;;;;;;;;;;;;
700;-1,623303189;1,11319216;0,623303189;1;0,156144136;0,776705282;-1,312288272;1;0,335106044;1,546449063;-2,675530218;1;;;;;;;;;;;;;
701;-0,964566525;0,393748975;-0,035433475;1;-0,904402911;0,375244264;0,808805823;1;0,547204046;0,608029124;-3,736020229;1;;;;;;;;;;;;;
702;-0,582452434;0,596140638;-0,417547566;1;-0,267894295;0,595713915;-0,46421141;1;-0,919543272;0,962235457;3,597716361;1;;;;;;;;;;;;;
703;-0,735317108;0,538439315;-0,264682892;1;0,061836424;0,51388096;-1,123672848;1;-1,178231864;0,919618811;4,891159318;1;;;;;;;;;;;;;
704;-2,716317307;0,765955702;1,716317307;0;-0,807290694;0,693642567;0,614581388;1;0,874302135;1,088346729;-5,371510677;1;;;;;;;;;;;;;
705;-1,054563176;0,571900109;0,054563176;1;-0,858059843;0,578689208;0,716119687;1;-0,672153912;0,961529932;2,360769562;1;;;;;;;;;;;;;
706;-1,017402077;0,709474628;0,017402077;1;0,322178159;0,650113892;-1,644356318;1;-0,190447378;1,077404168;-0,047763111;1;;;;;;;;;;;;;
707;-1,229410124;0,662117763;0,229410124;1;-0,506216758;0,520890851;0,012433516;1;0,621569198;0,867661529;-4,10784599;1;;;;;;;;;;;;;
708;-2,104304663;0,639030276;1,104304663;1;0,608291192;0,488538494;-2,216582384;0;1,51632692;0,798599003;-8,5816346;0;;;;;;;;;;;;;
709;-0,439344412;0,626090927;-0,560655588;1;-1,842469685;0,81754186;2,68493937;1;0,240389252;0,946852727;-2,201946262;1;;;;;;;;;;;;;
710;-0,722569515;0,577148221;-0,277430485;1;-0,178316784;0,490451182;-0,643366433;1;-0,371597056;0,821744602;0,857985278;1;;;;;;;;;;;;;
711;-2,006256091;0,702103847;1,006256091;1;-0,384309974;0,519000481;-0,231380051;1;1,232221614;1,028360417;-7,161108071;1;;;;;;;;;;;;;
712;-0,414226146;0,618705142;-0,585773854;1;-1,472126987;0,55943943;1,944253974;1;0,52997626;1,030225882;-3,6498813;1;;;;;;;;;;;;;
713;-1,129557712;0,788123134;0,129557712;1;-0,666564114;0,749906488;0,333128227;1;0,552031908;1,295289341;-3,760159541;1;;;;;;;;;;;;;
714;-0,619572068;0,494577023;-0,380427932;1;-0,81266753;0,579269124;0,625335059;1;-1,318816554;0,866659069;5,594082772;1;;;;;;;;;;;;;
715;-1,71280216;0,865904317;0,71280216;1;-1,04743656;0,705872665;1,09487312;1;0,76815339;1,1544362;-4,84076695;1;;;;;;;;;;;;;
716;-1,958879442;0,598039486;0,958879442;1;0,286702786;0,541564448;-1,573405572;1;0,282598999;0,819736674;-2,412994995;1;;;;;;;;;;;;;
717;-0,470951352;1,145549977;-0,529048648;1;-0,589928488;0,843520781;0,179856976;1;-0,675171591;1,297919458;2,375857955;1;;;;;;;;;;;;;
718;-1,760276601;0,570363229;0,760276601;1;0,546532255;0,47905989;-2,09306451;0;-0,689863103;0,774282186;2,449315517;1;;;;;;;;;;;;;
719;-1,721424001;0,878402154;0,721424001;1;-0,587255291;0,848219444;0,174510582;1;0,849969498;1,246574639;-5,249847488;1;;;;;;;;;;;;;
720;-1,417625376;0,544043402;0,417625376;1;0,424643704;0,517019886;-1,849287407;1;-0,232263382;0,802852642;0,161316908;1;;;;;;;;;;;;;
721;-1,10666003;0,588291522;0,10666003;1;-0,629835414;0,466265677;0,259670828;1;0,087605748;0,840866997;-1,438028738;1;;;;;;;;;;;;;
722;-0,058497953;0,766316502;-0,941502047;1;-0,161873612;0,634384466;-0,676252776;1;-0,58089413;1,003970548;1,904470651;1;;;;;;;;;;;;;
723;-0,970073371;0,455833254;-0,029926629;1;-0,810913014;0,536387743;0,621826028;1;-0,183380275;0,882630292;-0,083098627;1;;;;;;;;;;;;;
724;-1,576783816;0,882133737;0,576783816;1;-1,031295635;0,736453579;1,062591269;1;0,234309447;1,222514747;-2,171547236;1;;;;;;;;;;;;;
725;-1,087627792;0,50986244;0,087627792;1;-0,474251846;0,495855753;-0,051496308;1;0,212256297;0,73719982;-2,061281485;1;;;;;;;;;;;;;
726;-2,387411779;0,748168014;1,387411779;1;-0,684731878;0,668308864;0,369463757;1;1,046740451;1,130617282;-6,233702253;1;;;;;;;;;;;;;
727;-1,265120374;0,763966989;0,265120374;1;-0,924570841;0,790691606;0,849141682;1;0,007291444;1,13140369;-1,036457218;1;;;;;;;;;;;;;
728;-0,995379355;0,639386721;-0,004620645;1;-1,58966804;0,837909652;2,17933608;1;0,281132834;1,063413713;-2,405664169;1;;;;;;;;;;;;;
729;0,485119401;1,016423537;-1,485119401;1;-1,084599535;0,88808675;1,169199071;1;-1,706128813;1,509046444;7,530644065;1;;;;;;;;;;;;;
730;-1,640823856;0,811193123;0,640823856;1;-0,656560934;0,691249558;0,313121867;1;0,802150249;1,096503137;-5,010751243;1;;;;;;;;;;;;;
731;-0,36260945;0,415341108;-0,63739055;1;-0,752377382;0,508672841;0,504754764;1;-1,507900186;0,836751638;6,539500932;1;;;;;;;;;;;;;
732;-1,280259745;0,693799812;0,280259745;1;-0,994908742;0,717205695;0,989817483;1;-0,415403416;1,148311532;1,077017079;1;;;;;;;;;;;;;
733;-1,98969514;0,671999113;0,98969514;1;-0,901399352;0,590769882;0,802798705;1;2,585716987;1,114739264;-13,92858494;0;;;;;;;;;;;;;
734;-1,592198599;0,658802841;0,592198599;1;-0,969133596;0,579754463;0,938267192;1;1,086336242;0,89047912;-6,43168121;1;;;;;;;;;;;;;
735;-0,506922326;0,765545426;-0,493077674;1;0,032093441;0,674891328;-1,064186883;1;-0,665497535;1,086138287;2,327487676;1;;;;;;;;;;;;;
736;-0,425916938;0,367466892;-0,574083062;1;-0,303251312;0,4582453;-0,393497375;1;-2,057996967;0,82815514;9,289984834;0;;;;;;;;;;;;;
737;-0,320988766;0,710517135;-0,679011234;1;-2,150675353;0,780014978;3,301350706;0;-1,983993828;1,170580967;8,919969138;1;;;;;;;;;;;;;
738;-0,934758888;0,819668551;-0,065241112;1;-1,242156257;0,837454224;1,484312515;1;1,169471005;1,189872334;-6,847355025;1;;;;;;;;;;;;;
739;-0,814525866;0,902503591;-0,185474134;1;-0,755905589;0,83297959;0,511811179;1;0,368059569;1,294440691;-2,840297847;1;;;;;;;;;;;;;
740;-0,188072703;0,315850631;-0,811927297;0;-1,216650912;0,397485311;1,433301824;1;-1,140650336;0,609651357;4,703251679;1;;;;;;;;;;;;;
741;-0,732951299;0,596021037;-0,267048701;1;0,092988414;0,52520615;-1,185976829;1;-1,459611954;1,01902275;6,298059771;1;;;;;;;;;;;;;
742;-0,249195022;0,558156313;-0,750804978;1;-0,234484487;0,542432281;-0,531031026;1;-1,3765762;0,952261644;5,882881;1;;;;;;;;;;;;;
743;-1,402565206;0,657856024;0,402565206;1;0,051801302;0,596668281;-1,103602604;1;-0,261454743;0,896147893;0,307273716;1;;;;;;;;;;;;;
744;-1,066941545;0,546726735;0,066941545;1;-0,527376043;0,547821313;0,054752085;1;-0,30799736;0,958375192;0,539986798;1;;;;;;;;;;;;;
745;-0,646031313;0,536060242;-0,353968687;1;0,30472426;0,511367148;-1,609448521;1;-1,063870632;0,975857735;4,31935316;1;;;;;;;;;;;;;
746;-1,570932123;0,627712763;0,570932123;1;-0,447545095;0,541584272;-0,104909811;1;0,669062868;0,912379959;-4,34531434;1;;;;;;;;;;;;;
747;-1,578164105;1,216582983;0,578164105;1;-0,730725117;0,937979004;0,461450234;1;1,194104368;1,643275143;-6,970521842;1;;;;;;;;;;;;;
748;-2,117487459;0,68988051;1,117487459;1;-1,418134877;0,672880499;1,836269753;1;0,971374943;0,958929359;-5,856874716;1;;;;;;;;;;;;;
749;-0,774636624;0,549969704;-0,225363376;1;-1,082542955;0,662141449;1,16508591;1;0,294009944;0,912826306;-2,470049719;1;;;;;;;;;;;;;
750;-0,142289566;0,579703621;-0,857710434;1;-0,53130784;0,574551185;0,062615681;1;-0,598064629;0,864563473;1,990323147;1;;;;;;;;;;;;;
751;-1,844070789;0,4622962;0,844070789;1;-1,535485291;0,539321642;2,070970582;1;1,51231919;0,763142531;-8,561595951;0;;;;;;;;;;;;;
752;-0,193998835;0,439148567;-0,806001165;1;-0,609381955;0,464282106;0,21876391;1;-0,811485589;0,749479878;3,057427944;1;;;;;;;;;;;;;
753;-1,207300813;0,71821621;0,207300813;1;0,09638595;0,599375986;-1,1927719;1;-0,623303152;1,107487969;2,116515761;1;;;;;;;;;;;;;
754;0,660201636;0,478573202;-1,660201636;0;-1,617533551;0,558235513;2,235067102;0;-1,030749455;0,914287937;4,153747274;1;;;;;;;;;;;;;
755;-0,271247281;0,753308929;-0,728752719;1;-0,300284514;0,67459302;-0,399430973;1;-0,984984763;1,150700214;3,924923816;1;;;;;;;;;;;;;
756;-1,586426336;0,820437866;0,586426336;1;0,128070248;0,665602145;-1,256140496;1;0,35527733;1,272787366;-2,776386648;1;;;;;;;;;;;;;
757;-0,412630956;0,538018453;-0,587369044;1;-0,349548779;0,51461627;-0,300902442;1;-0,787000835;0,835267733;2,935004176;1;;;;;;;;;;;;;
758;-1,091378086;0,625594937;0,091378086;1;0,20369043;0,529800393;-1,40738086;1;0,180867261;0,929066248;-1,904336303;1;;;;;;;;;;;;;
759;-1,005405707;0,557449631;0,005405707;1;0,341720611;0,461060545;-1,683441223;1;-0,486137308;0,892403385;1,43068654;1;;;;;;;;;;;;;
760;-2,52796221;0,978959677;1,52796221;1;-0,716741452;0,741404921;0,433482904;1;2,833119293;1,487597322;-15,16559647;0;;;;;;;;;;;;;
761;-2,328048426;0,848568255;1,328048426;1;-0,638039091;0,55518429;0,276078182;1;1,655503358;1,038319388;-9,277516788;1;;;;;;;;;;;;;
762;-0,855801308;0,385960662;-0,144198692;1;-1,424137026;0,534822276;1,848274051;1;0,351152566;0,603334777;-2,75576283;1;;;;;;;;;;;;;
763;-1,198429625;0,848961372;0,198429625;1;-0,397354855;0,533220664;-0,205290291;1;0,547053087;1,065609732;-3,735265436;1;;;;;;;;;;;;;
764;-2,549960078;0,913407323;1,549960078;1;-0,923674453;0,581180645;0,847348905;1;2,027884896;1,063235071;-11,13942448;0;;;;;;;;;;;;;
765;-0,4676791;0,716411779;-0,5323209;1;-1,116581651;0,745815619;1,233163301;1;0,149776793;1,204360105;-1,748883967;1;;;;;;;;;;;;;
766;-3,341126921;1,21627938;2,341126921;1;0,460903799;0,872865989;-1,921807598;1;2,476751702;1,85388962;-13,38375851;1;;;;;;;;;;;;;
767;-1,502570776;0,615347213;0,502570776;1;-0,707667734;0,694516783;0,415335468;1;-0,361813607;0,981513948;0,809068036;1;;;;;;;;;;;;;
768;-0,877930306;0,493667597;-0,122069694;1;-0,292082067;0,393648424;-0,415835865;1;0,031023405;0,673541817;-1,155117023;1;;;;;;;;;;;;;
769;-1,113775847;0,621553785;0,113775847;1;0,232343682;0,581222826;-1,464687365;1;0,730384072;0,8384825;-4,651920361;1;;;;;;;;;;;;;
770;-1,196709494;0,623229846;0,196709494;1;-1,039023293;0,705286575;1,078046587;1;0,390885244;1,071735744;-2,954426219;1;;;;;;;;;;;;;
771;-0,878780358;0,401036253;-0,121219642;1;-0,611485433;0,503923538;0,222970867;1;-0,4406774;0,779196125;1,203387;1;;;;;;;;;;;;;
772;-0,584426991;0,721286893;-0,415573009;1;-0,047401101;0,601411326;-0,905197798;1;-0,904403962;1,118100518;3,52201981;1;;;;;;;;;;;;;
773;-1,563982155;0,616095489;0,563982155;1;-1,351872041;0,723361804;1,703744083;1;0,279832791;0,902331712;-2,399163954;1;;;;;;;;;;;;;
774;-1,595922896;0,73422296;0,595922896;1;-0,149591209;0,642864627;-0,700817581;1;-0,15875156;1,208105876;-0,206242198;1;;;;;;;;;;;;;
775;-1,188648262;0,76777691;0,188648262;1;0,15301305;0,596696639;-1,306026099;1;-0,025051686;0,93677185;-0,874741572;1;;;;;;;;;;;;;
776;-1,285019991;0,667936175;0,285019991;1;0,078724942;0,530065803;-1,157449883;1;-0,973058176;0,987747847;3,865290881;1;;;;;;;;;;;;;
777;-2,10098284;1,103459311;1,10098284;1;0,695012567;0,852899114;-2,390025133;1;-1,666377042;1,397701648;7,331885211;1;;;;;;;;;;;;;
778;-0,633549261;0,910721692;-0,366450739;1;-1,381935828;0,874990722;1,763871655;1;-1,148038867;1,483502605;4,740194335;1;;;;;;;;;;;;;
779;-1,884290833;0,608413894;0,884290833;1;-0,458873262;0,540683978;-0,082253476;1;1,208280945;0,907203094;-7,041404725;1;;;;;;;;;;;;;
780;-2,373927403;0,633040609;1,373927403;0;0,718079076;0,50239554;-2,436158152;0;0,953948052;0,809556798;-5,76974026;1;;;;;;;;;;;;;
781;-1,804502549;0,706710736;0,804502549;1;0,224821292;0,752621952;-1,449642583;1;-2,370941105;1,315856548;10,85470553;1;;;;;;;;;;;;;
782;-0,731310925;0,549902103;-0,268689075;1;-1,794207641;0,783989936;2,588415281;1;-1,353712115;1,15727152;5,768560575;1;;;;;;;;;;;;;
783;-1,240797952;0,774981003;0,240797952;1;-0,280671093;0,523652353;-0,438657814;1;0,723849298;0,945173976;-4,619246491;1;;;;;;;;;;;;;
784;-1,514511653;0,683681458;0,514511653;1;0,352821046;0,571486729;-1,705642092;1;-1,463877567;1,085530341;6,319387836;1;;;;;;;;;;;;;
785;-0,804905783;0,559722768;-0,195094217;1;-1,125860574;0,740283827;1,251721148;1;-0,725066673;0,9332904;2,625333363;1;;;;;;;;;;;;;
786;-0,683839555;0,62473318;-0,316160445;1;-0,415102445;0,547662062;-0,169795109;1;0,492025752;0,855156353;-3,460128761;1;;;;;;;;;;;;;
787;-2,175413484;0,79397325;1,175413484;1;0,01793634;0,468310996;-1,03587268;1;2,144850624;1,043861617;-11,72425312;0;;;;;;;;;;;;;
788;-0,621257143;0,528537509;-0,378742857;1;-0,264628659;0,546949439;-0,470742681;1;-2,289922847;1,094218293;10,44961424;1;;;;;;;;;;;;;
789;-1,353591475;0,535841342;0,353591475;1;0,406881607;0,498150267;-1,813763214;1;-1,104727943;0,885915498;4,523639716;1;;;;;;;;;;;;;
790;-1,660072084;0,725453664;0,660072084;1;-0,477199184;0,652997229;-0,045601632;1;1,395649204;1,204253791;-7,978246019;1;;;;;;;;;;;;;
791;-0,501317035;0,729924996;-0,498682965;1;-0,343727364;0,613370725;-0,312545273;1;0,20783894;0,991937665;-2,039194701;1;;;;;;;;;;;;;
792;-0,929210077;0,602682968;-0,070789923;1;-0,611757675;0,525742598;0,223515349;1;-1,175365122;0,987204323;4,876825612;1;;;;;;;;;;;;;
793;-1,124548276;0,474842402;0,124548276;1;-0,198513265;0,484425466;-0,60297347;1;-0,834239406;0,840767116;3,171197031;1;;;;;;;;;;;;;
794;-1,391809441;0,798228045;0,391809441;1;-0,507265246;0,56768973;0,014530492;1;0,557048676;1,030633011;-3,78524338;1;;;;;;;;;;;;;
795;-1,325995344;0,592227894;0,325995344;1;-0,262987888;0,514760222;-0,474024225;1;-0,078433512;0,831469686;-0,607832438;1;;;;;;;;;;;;;
796;-1,171268325;0,582068807;0,171268325;1;0,195274751;0,514049112;-1,390549503;1;-0,782380398;0,853269371;2,911901989;1;;;;;;;;;;;;;
797;-1,649846647;0,657339729;0,649846647;1;0,167298346;0,599717495;-1,334596692;1;-0,074345649;0,996758954;-0,628271754;1;;;;;;;;;;;;;
798;-0,298925026;0,756272393;-0,701074974;1;-0,120579473;0,76161807;-0,758841054;1;-1,420631891;1,352342742;6,103159455;1;;;;;;;;;;;;;
799;-3,121617373;0,824436487;2,121617373;0;1,26217276;0,684161395;-3,52434552;0;1,181097293;0,957818455;-6,905486467;1;;;;;;;;;;;;;
800;-0,547080003;0,475261953;-0,452919997;1;-1,004896962;0,560277096;1,009793924;1;-0,672651753;0,865035821;2,363258767;1;;;;;;;;;;;;;
801;-0,142685193;0,607170807;-0,857314807;1;-1,395750298;0,634767812;1,791500597;1;-1,905769895;1,021126631;8,528849477;1;;;;;;;;;;;;;
802;-1,299164346;0,729922285;0,299164346;1;-0,363510443;0,602066292;-0,272979114;1;-0,712753248;1,032585925;2,563766239;1;;;;;;;;;;;;;
803;-2,149528514;0,713372301;1,149528514;1;0,05845759;0,509578044;-1,116915179;1;1,595621096;0,900543102;-8,978105481;0;;;;;;;;;;;;;
804;-0,186214539;0,673171636;-0,813785461;1;-0,875969196;0,581630788;0,751938391;1;0,142999218;1,026967279;-1,71499609;1;;;;;;;;;;;;;
805;-0,58765663;0,698133647;-0,41234337;1;-0,593638379;0,600609357;0,187276757;1;-0,987776842;1,34782311;3,938884209;1;;;;;;;;;;;;;
806;-0,242938768;0,578283769;-0,757061232;1;-1,426231902;0,636605801;1,852463803;1;-1,160427417;1,064809424;4,802137086;1;;;;;;;;;;;;;
807;-3,013029125;0,88517824;2,013029125;0;-0,451094881;0,637981808;-0,097810238;1;2,114730122;1,174407809;-11,57365061;0;;;;;;;;;;;;;
808;-0,729556946;0,523356909;-0,270443054;1;-0,43532342;0,467926485;-0,12935316;1;-0,500688471;0,699908785;1,503442356;1;;;;;;;;;;;;;
809;-0,356912533;0,541814288;-0,643087467;1;-1,086196468;0,451919252;1,172392936;1;-1,068079076;0,781049737;4,340395381;1;;;;;;;;;;;;;
810;-1,066669034;0,460715041;0,066669034;1;-2,578033962;0,844523587;4,156067924;0;0,791174783;0,770977988;-4,955873917;1;;;;;;;;;;;;;
811;-1,67510517;0,499801413;0,67510517;1;0,121237006;0,515241979;-1,242474012;1;-1,132319339;0,850756568;4,661596696;1;;;;;;;;;;;;;
812;-0,60633635;0,524046026;-0,39366365;1;-0,954401618;0,502667078;0,908803237;1;-0,238848047;0,776761498;0,194240237;1;;;;;;;;;;;;;
813;-0,127266261;0,726062618;-0,872733739;1;-0,244645736;0,645889576;-0,510708529;1;-2,657243729;1,125279787;12,28621865;0;;;;;;;;;;;;;
814;-0,511729649;0,56162628;-0,488270351;1;-1,251227148;0,554923544;1,502454296;1;1,404859096;0,727574845;-8,024295482;0;;;;;;;;;;;;;
815;-1,259167848;0,697048371;0,259167848;1;0,465194548;0,575123949;-1,930389097;1;-0,148528744;1,015243283;-0,257356282;1;;;;;;;;;;;;;
816;-1,061417775;0,445224839;0,061417775;1;-0,631694771;0,571849368;0,263389543;1;-0,484350699;0,801340465;1,421753494;1;;;;;;;;;;;;;
817;-0,560972079;0,657243249;-0,439027921;1;-1,615819604;0,718344933;2,231639208;1;-1,273814381;1,064224663;5,369071903;1;;;;;;;;;;;;;
818;-1,592579135;0,742626431;0,592579135;1;0,776012409;0,648727253;-2,552024818;0;-1,499641446;1,100066842;6,498207228;1;;;;;;;;;;;;;
819;-0,82556242;0,426712196;-0,17443758;1;-0,66798707;0,529463542;0,33597414;1;-0,385960279;0,827844687;0,929801396;1;;;;;;;;;;;;;
820;-1,004428841;0,514234087;0,004428841;1;-0,29549562;0,506267542;-0,40900876;1;-0,230507525;0,839921667;0,152537623;1;;;;;;;;;;;;;
821;0,145085184;0,845085146;-1,145085184;1;-1,120538107;0,640621156;1,241076213;1;-0,597101224;0,990986906;1,985506118;1;;;;;;;;;;;;;
822;-0,572479505;0,562058624;-0,427520495;1;-1,274038908;0,641055463;1,548077816;1;-0,522961359;0,951146583;1,614806793;1;;;;;;;;;;;;;
823;-0,412579443;0,688130802;-0,587420557;1;-0,185699541;0,575697995;-0,628600917;1;-0,822498711;1,057976033;3,112493557;1;;;;;;;;;;;;;
824;-2,910387604;1,099671043;1,910387604;1;1,49332379;0,921688043;-3,98664758;0;-0,759610737;1,19383203;2,798053685;1;;;;;;;;;;;;;
825;-1,231411383;0,628039611;0,231411383;1;0,172852478;0,548526886;-1,345704955;1;-1,65004292;0,985782609;7,250214598;1;;;;;;;;;;;;;
826;-0,415273251;0,399941956;-0,584726749;1;-1,50352996;0,541990188;2,00705992;1;-0,865464066;0,695982198;3,327320331;1;;;;;;;;;;;;;
827;-2,195184486;0,84641955;1,195184486;1;-1,350379852;0,817444206;1,700759705;1;1,265669569;1,199255976;-7,328347847;1;;;;;;;;;;;;;
828;-0,599639128;0,691862816;-0,400360872;1;0,44342447;0,599057322;-1,88684894;1;-2,133850372;1,174444984;9,669251859;1;;;;;;;;;;;;;
829;-1,388273771;0,694362241;0,388273771;1;0,547356042;0,642272154;-2,094712085;1;-2,076594434;1,137836294;9,382972168;1;;;;;;;;;;;;;
830;-1,585776398;0,756509936;0,585776398;1;0,059866536;0,492234157;-1,119733072;1;1,224349085;1,050520261;-7,121745427;1;;;;;;;;;;;;;
831;-0,814743583;1,0155684;-0,185256417;1;0,006349547;0,737401378;-1,012699094;1;-1,828849624;1,609726366;8,144248122;1;;;;;;;;;;;;;
832;-0,596835261;0,593358064;-0,403164739;1;0,066850086;0,516888504;-1,133700172;1;-2,162009555;1,246912646;9,810047774;1;;;;;;;;;;;;;
833;-2,417189133;0,759639539;1,417189133;1;0,467797691;0,559968623;-1,935595381;1;1,585720288;1,019999144;-8,928601439;1;;;;;;;;;;;;;
834;-0,415845884;0,483212438;-0,584154116;1;0,415696974;0,422422334;-1,831393949;0;-3,22058692;0,888324747;15,1029346;0;;;;;;;;;;;;;
835;-0,537018522;0,409282907;-0,462981478;1;-0,717266988;0,439343073;0,434533975;1;-0,090809031;0,653698365;-0,545954845;1;;;;;;;;;;;;;
836;-1,696107429;0,766320741;0,696107429;1;-0,337908298;0,661261955;-0,324183404;1;0,502031905;0,989117679;-3,510159526;1;;;;;;;;;;;;;
837;-1,390170556;0,745890818;0,390170556;1;0,036845776;0,642737253;-1,073691552;1;-0,078400771;1,157935037;-0,607996144;1;;;;;;;;;;;;;
838;-1,434867683;0,664180523;0,434867683;1;-0,492973035;0,534484796;-0,014053931;1;0,626119338;0,861555932;-4,130596692;1;;;;;;;;;;;;;
839;-0,34555181;0,412297664;-0,65444819;1;-0,377802644;0,467473146;-0,244394713;1;-1,016325748;0,925332946;4,08162874;1;;;;;;;;;;;;;
840;-1,41325019;0,763358915;0,41325019;1;-1,561646653;0,679143133;2,123293306;1;1,24440002;1,098261571;-7,222000099;1;;;;;;;;;;;;;
841;-1,581241135;0,915603429;0,581241135;1;-1,29168437;0,792509916;1,58336874;1;1,107456853;1,174762718;-6,537284265;1;;;;;;;;;;;;;
842;-1,419294247;0,568791759;0,419294247;1;-0,941263549;0,504274975;0,882527099;1;0,106770462;0,854470775;-1,53385231;1;;;;;;;;;;;;;
843;-1,488992994;0,710253404;0,488992994;1;0,81326564;0,604789432;-2,62653128;0;-0,858660669;1,103204618;3,293303346;1;;;;;;;;;;;;;
844;-0,679281651;0,524012216;-0,320718349;1;-0,795424895;0,533842438;0,59084979;1;-0,249608214;0,82238951;0,248041071;1;;;;;;;;;;;;;
845;-0,708734925;0,518418795;-0,291265075;1;-0,532581819;0,464266593;0,065163638;1;-0,800068666;0,918252752;3,000343329;1;;;;;;;;;;;;;
846;-0,992672186;0,649484709;-0,007327814;1;-0,42545525;0,58424048;-0,1490895;1;0,295343648;0,894381019;-2,476718241;1;;;;;;;;;;;;;
847;-2,403601108;0,729121749;1,403601108;1;0,265637918;0,605394165;-1,531275836;1;1,752738739;1,074950938;-9,763693696;1;;;;;;;;;;;;;
848;-0,864635506;0,708335642;-0,135364494;1;-0,751261481;0,596415015;0,502522963;1;-1,38116513;1,327302389;5,905825652;1;;;;;;;;;;;;;
849;-0,811817575;0,646947338;-0,188182425;1;-0,699852673;0,627455536;0,399705346;1;-1,081119291;1,034602939;4,405596456;1;;;;;;;;;;;;;
850;-0,32403717;0,327776478;-0,67596283;0;-0,851937804;0,388555163;0,703875608;1;-1,004574577;0,65108426;4,022872886;1;;;;;;;;;;;;;
851;-1,10850323;0,514025868;0,10850323;1;-0,326186187;0,522112349;-0,347627625;1;-1,147748818;0,893397036;4,738744091;1;;;;;;;;;;;;;
852;-0,9614534;0,892597294;-0,0385466;1;-0,713146313;0,806781525;0,426292625;1;-1,356517623;1,332751357;5,782588115;1;;;;;;;;;;;;;
853;-0,82618221;0,693948323;-0,17381779;1;0,147441808;0,821256548;-1,294883616;1;-2,640007856;1,73869217;12,20003928;1;;;;;;;;;;;;;
854;-0,73690557;0,407384379;-0,26309443;1;-0,921246098;0,417752727;0,842492197;1;0,180773286;0,599424343;-1,90386643;1;;;;;;;;;;;;;
855;-0,648371289;0,634174451;-0,351628711;1;-0,039061437;0,554674037;-0,921877125;1;-0,814741768;1,073048122;3,073708842;1;;;;;;;;;;;;;
856;-1,56606616;0,830978854;0,56606616;1;0,314469973;0,700106551;-1,628939946;1;-1,16620181;1,320737322;4,83100905;1;;;;;;;;;;;;;
857;-1,308470601;0,739578468;0,308470601;1;-0,866140974;0,700985378;0,732281948;1;1,423331198;1,047833198;-8,116655988;1;;;;;;;;;;;;;
858;-0,494672015;0,794352572;-0,505327985;1;-0,222585604;0,615193045;-0,554828792;1;-0,262380702;1,20145327;0,311903509;1;;;;;;;;;;;;;
859;-0,819864225;0,466501606;-0,180135775;1;0,217461524;0,439820712;-1,434923048;1;-0,765576031;0,729408236;2,827880155;1;;;;;;;;;;;;;
860;-1,042685923;0,782715044;0,042685923;1;-0,443821743;0,770390874;-0,112356513;1;-0,211540958;1,228189267;0,057704788;1;;;;;;;;;;;;;
861;-1,315668747;0,684554423;0,315668747;1;0,107715692;0,545416145;-1,215431384;1;0,233956314;1,039590588;-2,169781569;1;;;;;;;;;;;;;
862;-0,931755054;0,537078098;-0,068244946;1;0,17747833;0,50794462;-1,354956659;1;-0,474424034;0,938477752;1,372120168;1;;;;;;;;;;;;;
863;-0,478030382;0,578439623;-0,521969618;1;-0,994040481;0,743770836;0,988080962;1;-1,255185407;1,020160096;5,275927037;1;;;;;;;;;;;;;
864;-0,546929452;0,794225882;-0,453070548;1;-0,410391815;0,625905704;-0,179216371;1;-1,342390653;1,255647075;5,711953266;1;;;;;;;;;;;;;
865;-0,357182359;0,48188036;-0,642817641;1;-0,7185285;0,492176961;0,437056999;1;-0,742065376;0,845712902;2,710326878;1;;;;;;;;;;;;;
866;-0,814102583;0,579874407;-0,185897417;1;-1,027982893;0,729103217;1,055965786;1;-0,470141108;1,18533792;1,350705542;1;;;;;;;;;;;;;
867;-0,145967738;0,604450385;-0,854032262;1;-1,49992887;0,776840636;1,999857741;1;-2,314007619;1,306550887;10,57003809;1;;;;;;;;;;;;;
868;-0,603387247;0,563400366;-0,396612753;1;0,089478295;0,448909052;-1,17895659;1;-1,223043542;0,91192813;5,115217711;1;;;;;;;;;;;;;
869;-1,798305536;0,69066849;0,798305536;1;-0,055990038;0,637023923;-0,888019925;1;-1,292518424;1,046718036;5,462592118;1;;;;;;;;;;;;;
870;-1,889740606;0,694019786;0,889740606;1;-0,991844352;0,593624229;0,983688705;1;2,1010364;1,163026273;-11,505182;0;;;;;;;;;;;;;
871;-0,801659268;0,721202456;-0,198340732;1;-0,214945611;0,596257491;-0,570108778;1;-0,5075995;1,204743937;1,537997499;1;;;;;;;;;;;;;
872;-0,781754309;0,543291039;-0,218245691;1;-0,110062014;0,481623121;-0,779875971;1;-0,846595901;0,932532285;3,232979504;1;;;;;;;;;;;;;
873;-1,034450517;0,477793336;0,034450517;1;-0,017127612;0,452845185;-0,965744776;1;-0,661794026;0,910713664;2,30897013;1;;;;;;;;;;;;;
874;-0,567221555;0,656017412;-0,432778445;1;-0,229865989;0,578881699;-0,540268023;1;-1,003231132;0,869353932;4,01615566;1;;;;;;;;;;;;;
875;-1,685418882;0,62460663;0,685418882;1;0,112204291;0,550131437;-1,224408581;1;-0,297221323;0,881727365;0,486106616;1;;;;;;;;;;;;;
876;-1,682724063;0,631339039;0,682724063;1;0,472012772;0,553728003;-1,944025543;1;-0,493706169;0,89435762;1,468530846;1;;;;;;;;;;;;;
877;-0,286762114;0,684559094;-0,713237886;1;-1,405041958;0,698936601;1,810083916;1;-0,478463226;1,000689495;1,392316128;1;;;;;;;;;;;;;
878;-0,135269649;0,384165692;-0,864730351;0;-0,321347268;0,464244604;-0,357305464;1;-2,33944213;0,899788706;10,69721065;0;;;;;;;;;;;;;
879;-0,84958496;0,535116749;-0,15041504;1;-1,27955273;0,541722454;1,55910546;1;0,808594501;0,815951255;-5,042972504;1;;;;;;;;;;;;;
880;-1,293079651;0,606007007;0,293079651;1;-0,649988692;0,746968975;0,299977385;1;-1,84076285;1,46295818;8,20381425;1;;;;;;;;;;;;;
881;-1,755335992;0,793360987;0,755335992;1;-1,035939181;0,671947622;1,071878362;1;0,640539155;1,146564665;-4,202695777;1;;;;;;;;;;;;;
882;-0,134772913;0,354884979;-0,865227087;0;-1,034976946;0,462188717;1,069953891;1;-1,84391868;0,78418081;8,219593402;0;;;;;;;;;;;;;
883;-1,054524003;0,672358997;0,054524003;1;0,272715503;0,600364122;-1,545431007;1;-0,163386712;1,036157226;-0,183066438;1;;;;;;;;;;;;;
884;-2,627973375;0,996385346;1,627973375;1;0,017792009;0,667332751;-1,035584018;1;1,710877726;1,178640052;-9,554388632;1;;;;;;;;;;;;;
885;-0,242967641;0,75538659;-0,757032359;1;-0,633613285;0,619518549;0,26722657;1;-0,892015264;1,092423556;3,460076318;1;;;;;;;;;;;;;
886;-1,290056589;0,636144328;0,290056589;1;-0,650536054;0,607600881;0,301072108;1;0,572920428;0,96008995;-3,86460214;1;;;;;;;;;;;;;
887;-1,06707808;0,711233766;0,06707808;1;-0,055924684;0,582963653;-0,888150632;1;-0,308963531;0,961129653;0,544817654;1;;;;;;;;;;;;;
888;-1,73049736;0,611590074;0,73049736;1;0,1933847;0,567594626;-1,386769401;1;-0,012590477;0,978192432;-0,937047614;1;;;;;;;;;;;;;
889;-0,652157748;0,756755054;-0,347842252;1;-0,508350578;0,720258519;0,016701156;1;-0,081328627;1,144423098;-0,593356866;1;;;;;;;;;;;;;
890;-0,851588354;0,778280771;-0,148411646;1;-1,288270608;0,709999746;1,576541217;1;0,223579608;1,211127686;-2,11789804;1;;;;;;;;;;;;;
891;-1,170497048;0,766006387;0,170497048;1;-0,37939247;0,645787194;-0,241215061;1;-2,055053689;1,217215815;9,275268443;1;;;;;;;;;;;;;
892;-2,09657785;1,038350811;1,09657785;1;-0,056295746;0,794252639;-0,887408508;1;2,11486011;1,327406793;-11,57430055;1;;;;;;;;;;;;;
893;-0,35027495;0,509159366;-0,64972505;1;-0,972354288;0,581005392;0,944708575;1;-0,790864643;0,965449242;2,954323213;1;;;;;;;;;;;;;
894;-0,399219589;0,483013353;-0,600780411;1;0,236182933;0,433133322;-1,472365867;1;-1,873052834;0,893783366;8,36526417;1;;;;;;;;;;;;;
895;-0,639477615;0,459817216;-0,360522385;1;-0,031642789;0,453766409;-0,936714422;1;-0,456251032;0,680215176;1,281255162;1;;;;;;;;;;;;;
896;-0,760908627;0,450794868;-0,239091373;1;0,142027773;0,402819318;-1,284055547;1;-0,869499249;0,855859888;3,347496247;1;;;;;;;;;;;;;
897;-2,933173845;0,816142911;1,933173845;0;-0,695483057;0,599729031;0,390966115;1;2,185563576;1,188075948;-11,92781788;0;;;;;;;;;;;;;
898;-1,987150061;0,558830925;0,987150061;1;0,26951528;0,455970907;-1,539030561;1;0,890324094;0,716743841;-5,451620469;1;;;;;;;;;;;;;
899;-0,661317491;0,642755093;-0,338682509;1;-1,018617411;0,645729095;1,037234822;1;-0,601527609;1,020592816;2,007638046;1;;;;;;;;;;;;;
900;-0,697755339;0,563619576;-0,302244661;1;-1,126999512;0,66885621;1,253999024;1;-0,255303744;1,085864931;0,276518718;1;;;;;;;;;;;;;
901;-0,721205763;0,457485579;-0,278794237;1;-1,028542253;0,639416515;1,057084506;1;-0,192265507;0,821970963;-0,038672467;1;;;;;;;;;;;;;
902;-1,612922579;0,951999986;0,612922579;1;-0,677183623;0,834015786;0,354367246;1;-0,120693847;1,819097047;-0,396530763;1;;;;;;;;;;;;;
903;-1,330315009;0,931906127;0,330315009;1;-0,610098998;0,805891652;0,220197996;1;-0,32987779;1,171671917;0,649388949;1;;;;;;;;;;;;;
904;-0,609586188;0,762022769;-0,390413812;1;-1,819794116;0,885767277;2,639588232;1;0,288528907;1,302007106;-2,442644536;1;;;;;;;;;;;;;
905;-0,328711221;0,488727429;-0,671288779;1;-0,049371337;0,497871246;-0,901257326;1;-0,318233371;0,873119125;0,591166854;1;;;;;;;;;;;;;
906;-0,487426738;0,579860591;-0,512573262;1;-1,209338884;0,577061114;1,418677767;1;-0,23578194;0,747989448;0,1789097;1;;;;;;;;;;;;;
907;-1,540076832;0,899273499;0,540076832;1;-0,234482595;0,739695861;-0,53103481;1;-0,317029887;1,376137581;0,585149435;1;;;;;;;;;;;;;
908;-1,135032978;0,666212711;0,135032978;1;-1,77199595;0,734293277;2,543991899;1;0,299393949;0,986837625;-2,496969747;1;;;;;;;;;;;;;
909;-1,299137848;0,479178986;0,299137848;1;-0,967525019;0,616070609;0,935050039;1;-0,491495317;0,872390105;1,457476587;1;;;;;;;;;;;;;
910;-0,797608102;0,456925901;-0,202391898;1;-0,3147;0,458621355;-0,3706;1;-1,555844102;0,85363849;6,779220512;1;;;;;;;;;;;;;
911;-0,412560937;0,565914848;-0,587439063;1;0,121815758;0,469565861;-1,243631517;1;-0,663525973;0,830908559;2,317629866;1;;;;;;;;;;;;;
912;-0,274410946;1,121074778;-0,725589054;1;-1,341717587;0,797796921;1,683435174;1;1,694094691;1,221069686;-9,470473456;1;;;;;;;;;;;;;
913;-0,28436479;0,39976723;-0,71563521;1;0,014585991;0,456119497;-1,029171983;1;-1,63650022;0,748777761;7,182501101;1;;;;;;;;;;;;;
914;-1,305346377;0,900243859;0,305346377;1;-0,859623143;0,790937065;0,719246285;1;0,05706548;1,180693896;-1,285327402;1;;;;;;;;;;;;;
915;-0,583532315;0,417783171;-0,416467685;1;-0,164148117;0,458209411;-0,671703765;1;-1,01417749;0,74960505;4,07088745;1;;;;;;;;;;;;;
916;-0,287410805;0,354484605;-0,712589195;0;-0,985956155;0,495731428;0,971912309;1;-1,716351854;0,827088647;7,581759268;1;;;;;;;;;;;;;
917;0,088063083;0,521644426;-1,088063083;0;-0,709442765;0,555094626;0,41888553;1;-0,455270185;0,941651279;1,276350923;1;;;;;;;;;;;;;
918;-1,122410515;0,433139756;0,122410515;1;-0,641883409;0,415254482;0,283766819;1;-0,079909608;0,674090134;-0,600451962;1;;;;;;;;;;;;;
919;-0,64050652;0,466341392;-0,35949348;1;-0,842238675;0,462108995;0,68447735;1;-0,351644438;0,731529578;0,75822219;1;;;;;;;;;;;;;
920;-1,078587885;0,835443286;0,078587885;1;-2,328194638;0,964096214;3,656389276;1;0,966546459;1,1898111;-5,832732295;1;;;;;;;;;;;;;
921;-0,758997808;0,359882935;-0,241002192;1;-0,648804559;0,44397373;0,297609117;1;-1,212309931;0,761937716;5,061549657;1;;;;;;;;;;;;;
922;-0,68919733;0,444890533;-0,31080267;1;-1,120633458;0,547573471;1,241266915;1;-2,275490258;0,936957632;10,37745129;0;;;;;;;;;;;;;
923;-1,512939975;0,66155793;0,512939975;1;-0,242043956;0,597625505;-0,515912088;1;-0,460131882;1,156077268;1,300659412;1;;;;;;;;;;;;;
924;-1,686104284;0,815622789;0,686104284;1;-1,650855322;0,815628672;2,301710644;1;2,698843112;1,482433006;-14,49421556;1;;;;;;;;;;;;;
925;-0,415056994;0,564501615;-0,584943006;1;-1,118307513;0,79502066;1,236615026;1;-1,798870057;1,103835405;7,994350283;1;;;;;;;;;;;;;
926;-1,110032192;0,402650823;0,110032192;1;-0,2733329;0,35902556;-0,4533342;1;0,179793902;0,672523477;-1,898969509;1;;;;;;;;;;;;;
927;-2,402526424;1,102859456;1,402526424;1;0,021265852;0,784280248;-1,042531705;1;1,091121064;1,338470487;-6,455605318;1;;;;;;;;;;;;;
928;0,090080023;0,620049376;-1,090080023;1;-1,622040093;0,784014164;2,244080187;1;-1,11550087;1,033286327;4,57750435;1;;;;;;;;;;;;;
929;-1,151516165;0,450992993;0,151516165;1;-0,824415334;0,599879316;0,648830669;1;0,142271905;0,90857453;-1,711359524;1;;;;;;;;;;;;;
930;-1,32392432;0,553015183;0,32392432;1;-1,761788799;0,808820848;2,523577598;1;0,176667657;0,932922273;-1,883338285;1;;;;;;;;;;;;;
931;-0,966740345;0,727518796;-0,033259655;1;-0,438677677;0,686489702;-0,122644647;1;-0,206552566;1,174047135;0,032762828;1;;;;;;;;;;;;;
932;-0,230171473;0,587505883;-0,769828527;1;-0,743092833;0,536716565;0,486185666;1;-2,593559895;1,032765597;11,96779947;0;;;;;;;;;;;;;
933;-0,731435724;0,48596624;-0,268564276;1;-0,502058049;0,45079652;0,004116098;1;-0,011025458;0,838382205;-0,944872711;1;;;;;;;;;;;;;
934;-0,94570144;0,637882097;-0,05429856;1;-0,079526478;0,627911409;-0,840947043;1;-0,204493029;1,079346995;0,022465147;1;;;;;;;;;;;;;
935;-0,781539238;0,465511608;-0,218460762;1;-0,268377868;0,40072985;-0,463244265;1;-0,35043522;0,778256347;0,752176098;1;;;;;;;;;;;;;
936;-1,813304862;0,710631395;0,813304862;1;0,607742161;0,645181374;-2,215484323;1;-0,44883989;1,25160688;1,244199452;1;;;;;;;;;;;;;
937;-1,638099512;0,470669882;0,638099512;1;-0,954734029;0,396808885;0,909468057;1;1,746670823;0,752555453;-9,733354117;0;;;;;;;;;;;;;
938;-1,914153245;0,633249716;0,914153245;1;0,249008406;0,488883829;-1,498016813;1;1,082955369;0,888594162;-6,414776844;1;;;;;;;;;;;;;
939;-0,711641597;0,817854385;-0,288358403;1;-1,218599202;0,809928505;1,437198403;1;-1,626625651;1,355796552;7,133128257;1;;;;;;;;;;;;;
940;-0,682101907;0,595535853;-0,317898093;1;-1,206110527;0,56040792;1,412221053;1;-0,31637772;0,932334494;0,5818886;1;;;;;;;;;;;;;
941;-1,129039413;0,646406694;0,129039413;1;0,242787195;0,599020285;-1,48557439;1;-0,844183511;1,034578348;3,220917555;1;;;;;;;;;;;;;
942;-0,495815185;0,40147447;-0,504184815;1;-1,262286049;0,505571726;1,524572098;1;-0,111396025;0,641357417;-0,443019877;1;;;;;;;;;;;;;
943;-1,512738138;0,610413388;0,512738138;1;-0,529915059;0,638397834;0,059830117;1;0,912639899;1,080752847;-5,563199497;1;;;;;;;;;;;;;
944;-1,014267017;0,44684087;0,014267017;1;-1,25197593;0,496188463;1,50395186;1;0,64487768;0,742493983;-4,224388402;1;;;;;;;;;;;;;
945;-1,407818349;0,679119604;0,407818349;1;-0,544604265;0,69362142;0,08920853;1;-0,369222539;1,119499375;0,846112694;1;;;;;;;;;;;;;
946;-1,307768052;0,728870269;0,307768052;1;-0,780935923;0,634037139;0,561871845;1;0,708119868;1,129950474;-4,540599342;1;;;;;;;;;;;;;
947;-1,353552618;0,558832946;0,353552618;1;-0,446443587;0,53462066;-0,107112826;1;0,003874617;0,862451725;-1,019373083;1;;;;;;;;;;;;;
948;-1,215219129;0,450625696;0,215219129;1;0,368817443;0,35880769;-1,737634886;0;0,469156049;0,562805933;-3,345780243;1;;;;;;;;;;;;;
949;-0,521070116;0,467338832;-0,478929884;1;-0,185967105;0,512921274;-0,628065789;1;-1,104524844;0,976205491;4,52262422;1;;;;;;;;;;;;;
950;-0,773770371;0,534343069;-0,226229629;1;-1,43079874;0,671535313;1,86159748;1;-0,352103699;1,05563934;0,760518495;1;;;;;;;;;;;;;
951;0,22352219;0,674299291;-1,22352219;1;-2,090297223;0,835006402;3,180594446;1;-1,57246869;1,282581994;6,862343451;1;;;;;;;;;;;;;
952;-0,720815582;0,433768772;-0,279184418;1;-0,228063832;0,478481872;-0,543872336;1;-1,000049497;0,856339493;4,000247487;1;;;;;;;;;;;;;
953;-0,982574037;0,558533765;-0,017425963;1;-0,382557635;0,498747024;-0,23488473;1;-1,328010152;0,968203334;5,640050762;1;;;;;;;;;;;;;
954;-1,543512485;0,626657188;0,543512485;1;0,509408595;0,530151375;-2,018817189;1;-0,496765542;0,809591817;1,48382771;1;;;;;;;;;;;;;
955;-0,911158327;0,665135765;-0,088841673;1;-0,626604884;0,522781522;0,253209768;1;0,14595145;1,04684778;-1,729757252;1;;;;;;;;;;;;;
956;-2,25379653;0,994279473;1,25379653;1;-0,500857551;0,707712678;0,001715103;1;1,654058495;1,454504333;-9,270292476;1;;;;;;;;;;;;;
957;-1,299441035;0,498989865;0,299441035;1;-0,274907856;0,562758868;-0,450184287;1;-0,975797964;0,822188792;3,878989818;1;;;;;;;;;;;;;
958;-1,888063501;0,734096971;0,888063501;1;-1,394237792;0,750405117;1,788475584;1;-1,0669447;1,204635039;4,334723499;1;;;;;;;;;;;;;
959;-1,547975541;0,657444774;0,547975541;1;0,022125989;0,554901177;-1,044251979;1;0,161054959;0,956317595;-1,805274797;1;;;;;;;;;;;;;
960;-1,790562173;0,808287198;0,790562173;1;-0,655104398;0,710013562;0,310208796;1;0,346147407;1,071105061;-2,730737037;1;;;;;;;;;;;;;
961;-0,214859375;0,43721841;-0,785140625;1;-1,212132535;0,611660005;1,424265071;1;-1,961183502;0,963130598;8,805917511;1;;;;;;;;;;;;;
962;-0,885596534;0,489633355;-0,114403466;1;-0,40709982;0,473385623;-0,185800361;1;-0,912344017;0,952382835;3,561720083;1;;;;;;;;;;;;;
963;-1,0370383;0,964134569;0,0370383;1;-0,060951393;0,620510018;-0,878097213;1;1,051741597;1,250996231;-6,258707985;1;;;;;;;;;;;;;
964;-1,216395922;0,481909057;0,216395922;1;-1,224999036;0,604497753;1,449998072;1;0,631899864;0,77677714;-4,159499322;1;;;;;;;;;;;;;
965;-0,958135555;0,559871958;-0,041864445;1;-0,100552352;0,506222095;-0,798895296;1;-2,471891806;1,025630224;11,35945903;0;;;;;;;;;;;;;
966;-0,556751322;0,642305938;-0,443248678;1;-0,430127261;0,519414982;-0,139745479;1;-0,697782125;0,846521361;2,488910624;1;;;;;;;;;;;;;
967;-0,777935236;0,608390113;-0,222064764;1;-0,314454083;0,534921865;-0,371091834;1;-0,599303927;0,976829084;1,996519635;1;;;;;;;;;;;;;
968;-0,362184647;0,314331989;-0,637815353;0;-1,507233842;0,595394947;2,014467684;1;-1,487918461;0,686040193;6,439592305;1;;;;;;;;;;;;;
969;-0,749936725;0,463366886;-0,250063275;1;-0,533644159;0,449891492;0,067288319;1;-0,303340792;0,717587372;0,516703961;1;;;;;;;;;;;;;
970;-1,629089879;0,62058498;0,629089879;1;-0,910574987;0,633240444;0,821149973;1;0,70174767;1,01271674;-4,508738352;1;;;;;;;;;;;;;
971;-0,567369715;0,632949502;-0,432630285;1;-0,590830925;0,660063726;0,18166185;1;-2,334177735;1,159555907;10,67088868;1;;;;;;;;;;;;;
972;-2,186112224;0,729402424;1,186112224;1;-0,250086237;0,59496657;-0,499827526;1;0,836487636;0,955760886;-5,18243818;1;;;;;;;;;;;;;
973;-1,078907643;0,727889005;0,078907643;1;0,026154907;0,527523052;-1,052309813;1;-0,108340645;0,977161907;-0,458296773;1;;;;;;;;;;;;;
974;-1,320070146;0,512048905;0,320070146;1;-0,99780927;0,483707318;0,995618541;1;1,183067794;0,729101244;-6,91533897;1;;;;;;;;;;;;;
975;-0,661646258;0,578732613;-0,338353742;1;-0,269574788;0,522029754;-0,460850424;1;-0,264457593;0,904920217;0,322287966;1;;;;;;;;;;;;;
976;-2,155929882;1,057036072;1,155929882;1;-0,134886942;0,791364974;-0,730226117;1;1,546567042;1,371167232;-8,732835211;1;;;;;;;;;;;;;
977;-1,124790728;0,583870122;0,124790728;1;0,412569896;0,51412361;-1,825139793;1;-1,027296957;0,747330326;4,136484785;1;;;;;;;;;;;;;
978;-2,088149642;0,722285132;1,088149642;1;0,026223214;0,618875151;-1,052446427;1;0,455139378;1,155076949;-3,275696889;1;;;;;;;;;;;;;
979;-0,629773825;0,498333088;-0,370226175;1;-1,470947752;0,661146968;1,941895504;1;0,557391793;0,842240503;-3,786958963;1;;;;;;;;;;;;;
980;-0,20073685;0,618476215;-0,79926315;1;-0,272917359;0,653650839;-0,454165281;1;-2,296653489;1,354284048;10,48326745;1;;;;;;;;;;;;;
981;-0,6372465;0,437586935;-0,3627535;1;-1,372966473;0,506152431;1,745932946;1;0,210124365;0,74614272;-2,050621827;1;;;;;;;;;;;;;
982;-0,845481886;0,359455993;-0,154518114;1;-0,737995749;0,386507712;0,475991498;1;0,246617317;0,53397907;-2,233086586;1;;;;;;;;;;;;;
983;-0,317397707;0,592667285;-0,682602293;1;-2,067992483;0,75521869;3,135984967;0;-1,184187861;1,043009366;4,920939305;1;;;;;;;;;;;;;
984;-1,628405432;0,630107878;0,628405432;1;-0,803722627;0,594398892;0,607445254;1;0,076252503;1,006333045;-1,381262515;1;;;;;;;;;;;;;
985;-0,20833324;0,466438081;-0,79166676;1;-0,940078456;0,501218999;0,880156912;1;-0,795582449;0,810849015;2,977912244;1;;;;;;;;;;;;;
986;-0,50709473;0,324382498;-0,49290527;1;-0,106692783;0,329703883;-0,786614434;1;-1,010894681;0,643300266;4,054473404;1;;;;;;;;;;;;;
987;-1,803365256;1,023393295;0,803365256;1;-1,238414766;0,848297679;1,476829532;1;-0,891060881;1,540365866;3,455304403;1;;;;;;;;;;;;;
988;-2,25647283;0,561042475;1,25647283;0;-0,025452551;0,424558567;-0,949094898;1;1,497234576;0,672027711;-8,486172879;0;;;;;;;;;;;;;
989;-0,312305986;0,469295074;-0,687694014;1;-0,856969354;0,501492413;0,713938707;1;-1,061191741;0,788077767;4,305958705;1;;;;;;;;;;;;;
990;-1,892487941;0,65680872;0,892487941;1;0,026892168;0,554534671;-1,053784335;1;0,15229332;0,89324485;-1,761466602;1;;;;;;;;;;;;;
991;-0,771800485;0,455835057;-0,228199515;1;-0,48977175;0,508867192;-0,0204565;1;-1,018608331;0,846092187;4,093041655;1;;;;;;;;;;;;;
992;-0,78575608;0,590354438;-0,21424392;1;-0,269203455;0,501219566;-0,461593091;1;-0,368600968;0,876541915;0,843004839;1;;;;;;;;;;;;;
993;-0,43302865;0,57446453;-0,56697135;1;-0,339096287;0,66245444;-0,321807427;1;-2,874050892;1,192805737;13,37025446;0;;;;;;;;;;;;;
994;-0,654621798;0,614989967;-0,345378202;1;-1,463176596;0,611211602;1,926353191;1;-1,029678827;0,908847873;4,148394136;1;;;;;;;;;;;;;
995;-1,578768413;0,654920556;0,578768413;1;-0,419293539;0,639049713;-0,161412922;1;-1,380047021;1,017055314;5,900235103;1;;;;;;;;;;;;;
996;-1,283536489;0,566413789;0,283536489;1;-1,402048917;0,632151148;1,804097835;1;1,266656361;0,911450481;-7,333281807;1;;;;;;;;;;;;;
997;-0,076144583;0,592107015;-0,923855417;1;-0,551512114;0,501516484;0,103024229;1;-1,342821997;0,964598075;5,714109987;1;;;;;;;;;;;;;
998;-0,934189142;0,720713482;-0,065810858;1;-0,038773164;0,595030418;-0,922453671;1;0,763989625;1,101711093;-4,819948125;1;;;;;;;;;;;;;
999;-0,836327078;0,562259219;-0,163672922;1;-1,393358401;0,626586863;1,786716803;1;-1,195505776;0,894957525;4,977528881;1;;;;;;;;;;;;;
1000;-1,612571273;0,619449076;0,612571273;1;-0,742067506;0,559319169;0,484135012;1;0,945443998;0,883717437;-5,727219988;1;;;;;;;;;;;;;
