;mean;se;bias;cp;mean;se;bias;cp;mean;se;bias;cp;;mean;sd;bias;cp;mean;sd;bias;cp;mean;sd;bias;cp
1;-0,825204797;0,200257619;-0,174795203;1;-0,081672459;0,194183519;-0,836655082;0;-0,860400828;0,349659411;3,30200414;1;;-1,016397434;0,240962749;0,016397434;0,942;-0,522503637;0,238241317;0,045007275;0,944;-0,181862189;0,399024805;-0,090689057;0,942
2;-0,682152654;0,220737264;-0,317847346;1;-0,305696299;0,22152274;-0,388607402;1;-0,92186374;0,391233995;3,609318701;1;;;;;;;;;;;;;
3;-1,306642572;0,249605941;0,306642572;1;-0,661919953;0,24684179;0,323839905;1;0,090043709;0,403206009;-1,450218546;1;;;;;;;;;;;;;
4;-1,629147304;0,270095908;0,629147304;0;-0,430147769;0,232315724;-0,139704463;1;0,249880092;0,400537764;-2,249400461;1;;;;;;;;;;;;;
5;-0,939384017;0,213270696;-0,060615983;1;-0,264415589;0,198388695;-0,471168822;1;-0,352681468;0,349789465;0,763407342;1;;;;;;;;;;;;;
6;-0,901356624;0,220059375;-0,098643376;1;-0,967609333;0,236629727;0,935218666;0;-0,030848192;0,382508699;-0,84575904;1;;;;;;;;;;;;;
7;-1,097461147;0,266059013;0,097461147;1;-0,64678889;0,256728137;0,293577779;1;0,042471039;0,439527429;-1,212355194;1;;;;;;;;;;;;;
8;-0,72978361;0,216158843;-0,27021639;1;-0,639673784;0,227106133;0,279347569;1;-0,491216153;0,386750232;1,456080765;1;;;;;;;;;;;;;
9;-0,775622334;0,198139128;-0,224377666;1;-0,726281359;0,225663663;0,452562718;1;-0,293543998;0,355314035;0,467719991;1;;;;;;;;;;;;;
10;-1,087039645;0,241708776;0,087039645;1;-0,81654103;0,258719231;0,63308206;1;-0,02322975;0,371308764;-0,883851252;1;;;;;;;;;;;;;
11;-1,151343014;0,222846778;0,151343014;1;-0,707485212;0,249590188;0,414970423;1;-0,302875414;0,38662181;0,514377072;1;;;;;;;;;;;;;
12;-1,211762803;0,211795579;0,211762803;1;-0,542313743;0,21041109;0,084627487;1;-0,015227128;0,324516136;-0,923864362;1;;;;;;;;;;;;;
13;-1,297557512;0,261089263;0,297557512;1;-0,588785251;0,245717342;0,177570502;1;-0,018444639;0,405558809;-0,907776805;1;;;;;;;;;;;;;
14;-0,924011804;0,222458249;-0,075988196;1;-0,560059689;0,231084921;0,120119378;1;-0,23603228;0,373588205;0,180161401;1;;;;;;;;;;;;;
15;-1,125618026;0,257029647;0,125618026;1;-0,700893997;0,247561263;0,401787994;1;-0,082862879;0,407189885;-0,585685605;1;;;;;;;;;;;;;
16;-1,057928069;0,276287543;0,057928069;1;-0,754491033;0,250426764;0,508982067;1;-0,427708579;0,426935263;1,138542897;1;;;;;;;;;;;;;
17;-1,011748647;0,238878939;0,011748647;1;-0,565160956;0,228463541;0,130321913;1;-0,411042753;0,397436688;1,055213765;1;;;;;;;;;;;;;
18;-1,282183876;0,255748309;0,282183876;1;-0,79677838;0,255193929;0,593556759;1;0,344341322;0,395351234;-2,721706609;1;;;;;;;;;;;;;
19;-0,89816261;0,228355127;-0,10183739;1;-0,451810556;0,213314875;-0,096378889;1;0,015602883;0,375842152;-1,078014413;1;;;;;;;;;;;;;
20;-1,158500313;0,244656799;0,158500313;1;-0,931231267;0,246870796;0,862462534;1;0,434719864;0,390208453;-3,17359932;1;;;;;;;;;;;;;
21;-1,245051614;0,27442429;0,245051614;1;-0,656643643;0,269489976;0,313287286;1;0,059623811;0,436095324;-1,298119053;1;;;;;;;;;;;;;
22;-1,04585863;0,216413237;0,04585863;1;-0,623521295;0,226966819;0,247042591;1;0,030269617;0,352441091;-1,151348087;1;;;;;;;;;;;;;
23;-0,621003438;0,21734907;-0,378996562;1;-0,816469774;0,232550854;0,632939549;1;-0,831927515;0,374011552;3,159637576;1;;;;;;;;;;;;;
24;-0,881770657;0,208278739;-0,118229343;1;-0,428982671;0,216000269;-0,142034657;1;-0,282587355;0,350172647;0,412936776;1;;;;;;;;;;;;;
25;-0,952536642;0,233740524;-0,047463358;1;-0,592190661;0,231641251;0,184381321;1;-0,296006728;0,381343478;0,480033639;1;;;;;;;;;;;;;
26;-1,11745157;0,248441235;0,11745157;1;-0,4981394;0,245198524;-0,0037212;1;-0,19031383;0,419765198;-0,04843085;1;;;;;;;;;;;;;
27;-1,867281176;0,30742414;0,867281176;0;0,006675156;0,247221449;-1,013350312;0;0,654060044;0,441139928;-4,270300219;1;;;;;;;;;;;;;
28;-1,09635368;0,2235902;0,09635368;1;-0,592577093;0,214148244;0,185154185;1;0,16957827;0,380375392;-1,847891352;1;;;;;;;;;;;;;
29;-0,970786728;0,237244959;-0,029213272;1;-0,179788719;0,237462918;-0,640422562;1;-0,756727722;0,414315872;2,783638608;1;;;;;;;;;;;;;
30;-1,33493063;0,277104876;0,33493063;1;-0,602839073;0,248440556;0,205678145;1;0,541228458;0,387229281;-3,706142289;1;;;;;;;;;;;;;
31;-1,417584878;0,288793782;0,417584878;1;-0,210043987;0,257955681;-0,579912025;1;0,198194382;0,450100653;-1,990971909;1;;;;;;;;;;;;;
32;-0,640033987;0,243302815;-0,359966013;1;-0,77638738;0,23943104;0,552774759;1;-0,107157113;0,404613768;-0,464214433;1;;;;;;;;;;;;;
33;-0,672483662;0,202370822;-0,327516338;1;-0,700667024;0,222317787;0,401334049;1;-0,54313719;0,34961077;1,715685952;1;;;;;;;;;;;;;
34;-1,237288416;0,237159023;0,237288416;1;-0,372652215;0,234961447;-0,254695571;1;-0,023571901;0,41429117;-0,882140496;1;;;;;;;;;;;;;
35;-1,230653439;0,2977947;0,230653439;1;-0,593154131;0,252719396;0,186308262;1;-0,095751422;0,445384087;-0,52124289;1;;;;;;;;;;;;;
36;-1,221992516;0,249043359;0,221992516;1;-0,423700754;0,227096805;-0,152598492;1;0,080201328;0,376415759;-1,401006641;1;;;;;;;;;;;;;
37;-1,003026212;0,231633063;0,003026212;1;-0,368402319;0,218633715;-0,263195361;1;-0,639205201;0,37751591;2,196026007;1;;;;;;;;;;;;;
38;-1,274405343;0,253208992;0,274405343;1;-0,43036138;0,234053617;-0,13927724;1;0,482588445;0,397214277;-3,412942225;1;;;;;;;;;;;;;
39;-0,776258711;0,18139348;-0,223741289;1;-0,681551111;0,196462917;0,363102223;1;-0,225145561;0,29861299;0,125727805;1;;;;;;;;;;;;;
40;-0,77771726;0,208829697;-0,22228274;1;-0,883185276;0,223950319;0,766370552;1;-0,122213416;0,342773424;-0,388932919;1;;;;;;;;;;;;;
41;-0,875819141;0,237800755;-0,124180859;1;-0,647500867;0,23901993;0,295001734;1;-0,34154349;0,400401974;0,70771745;1;;;;;;;;;;;;;
42;-0,657524435;0,206023939;-0,342475565;1;-0,808660232;0,224398108;0,617320463;1;-0,486797092;0,369606806;1,433985461;1;;;;;;;;;;;;;
43;-1,128704595;0,209422086;0,128704595;1;-0,720793647;0,21503813;0,441587295;1;0,372023957;0,327781178;-2,860119785;1;;;;;;;;;;;;;
44;-0,83739199;0,21166705;-0,16260801;1;-0,469210249;0,206931363;-0,061579502;1;-0,249392405;0,344358404;0,246962025;1;;;;;;;;;;;;;
45;-1,487065065;0,294275719;0,487065065;1;-0,200637117;0,240361955;-0,598725766;1;0,326576445;0,423081377;-2,632882227;1;;;;;;;;;;;;;
46;-0,574357308;0,189938807;-0,425642692;0;-0,962919148;0,230311474;0,925838297;0;-0,651174418;0,346403411;2,255872088;1;;;;;;;;;;;;;
47;-0,739060042;0,21372301;-0,260939958;1;-0,478710748;0,238162957;-0,042578503;1;-0,887679374;0,392026394;3,438396868;1;;;;;;;;;;;;;
48;-1,165921992;0,238611114;0,165921992;1;-0,549397138;0,247069069;0,098794277;1;-0,231998138;0,374750679;0,15999069;1;;;;;;;;;;;;;
49;-0,729115679;0,192401323;-0,270884321;1;-1,002987488;0,225145726;1,005974976;0;-0,23556319;0,323441026;0,177815952;1;;;;;;;;;;;;;
50;-1,31088483;0,29142062;0,31088483;1;-0,048281417;0,242652998;-0,903437166;1;-0,120860458;0,422711173;-0,395697711;1;;;;;;;;;;;;;
51;-1,197832738;0,224869536;0,197832738;1;-0,324339457;0,209795661;-0,351321086;1;0,032919152;0,352045179;-1,164595759;1;;;;;;;;;;;;;
52;-1,286685021;0,295955133;0,286685021;1;-0,329063888;0,263611549;-0,341872224;1;0,144735664;0,444844014;-1,723678322;1;;;;;;;;;;;;;
53;-1,027647249;0,23134849;0,027647249;1;-0,278072597;0,217608755;-0,443854806;1;-0,138736209;0,356271037;-0,306318954;1;;;;;;;;;;;;;
54;-1,098536448;0,267099739;0,098536448;1;-0,375379311;0,236265799;-0,249241378;1;0,092101063;0,408250409;-1,460505316;1;;;;;;;;;;;;;
55;-0,931879918;0,23980587;-0,068120082;1;-0,019396515;0,221129611;-0,961206971;0;-0,659195194;0,41498073;2,295975972;1;;;;;;;;;;;;;
56;-1,512224831;0,240051159;0,512224831;0;-0,091823381;0,209736665;-0,816353239;1;0,66314571;0,35065892;-4,315728548;0;;;;;;;;;;;;;
57;-0,961520969;0,255794274;-0,038479031;1;-0,199476372;0,242850462;-0,601047255;1;-0,620667264;0,442099023;2,103336319;1;;;;;;;;;;;;;
58;-1,290632844;0,281437671;0,290632844;1;-0,555088944;0,246931103;0,110177888;1;0,448134598;0,429156487;-3,240672989;1;;;;;;;;;;;;;
59;-1,10148858;0,274496458;0,10148858;1;-0,503561821;0,236167119;0,007123642;1;-0,065768733;0,439271844;-0,671156335;1;;;;;;;;;;;;;
60;-1,588241101;0,259842869;0,588241101;0;-0,319164687;0,258151224;-0,361670627;1;0,325080555;0,437268638;-2,625402777;1;;;;;;;;;;;;;
61;-0,345873377;0,174073472;-0,654126623;0;-0,779701442;0,203756309;0,559402883;1;-1,168190901;0,34609123;4,840954503;0;;;;;;;;;;;;;
62;-1,274124119;0,233902813;0,274124119;1;-0,376067783;0,223687894;-0,247864435;1;0,336967127;0,38768742;-2,684835635;1;;;;;;;;;;;;;
63;-0,96360516;0,211398611;-0,03639484;1;-0,209624851;0,199441837;-0,580750299;1;-0,283754395;0,339450475;0,418771977;1;;;;;;;;;;;;;
64;-0,68862519;0,240105677;-0,31137481;1;-0,743081253;0,230842667;0,486162506;1;-0,52561413;0,393066752;1,628070648;1;;;;;;;;;;;;;
65;-1,170124042;0,262657894;0,170124042;1;-0,529675406;0,246043157;0,059350813;1;-0,338700457;0,439501482;0,693502284;1;;;;;;;;;;;;;
66;-1,155190941;0,267696039;0,155190941;1;-0,507904304;0,241208904;0,015808607;1;-0,029158748;0,385875961;-0,854206262;1;;;;;;;;;;;;;
67;-0,996170276;0,233064605;-0,003829724;1;-0,408234128;0,228579899;-0,183531744;1;-0,272529984;0,396441884;0,36264992;1;;;;;;;;;;;;;
68;-1,224915071;0,203913356;0,224915071;1;-0,58653571;0,199219434;0,173071419;1;0,275334289;0,31780102;-2,376671443;1;;;;;;;;;;;;;
69;-0,825495904;0,210768011;-0,174504096;1;-0,382410325;0,21196018;-0,235179349;1;-0,400437669;0,344800081;1,002188347;1;;;;;;;;;;;;;
70;-0,93582691;0,24163681;-0,06417309;1;-0,382858187;0,236469042;-0,234283625;1;-0,194358224;0,397041398;-0,02820888;1;;;;;;;;;;;;;
71;-1,19041533;0,229602926;0,19041533;1;-0,249403342;0,217124897;-0,501193317;1;-0,250341049;0,380803265;0,251705244;1;;;;;;;;;;;;;
72;-1,447279621;0,299927468;0,447279621;1;-0,208999204;0,248146479;-0,582001592;1;0,201428304;0,440212919;-2,007141518;1;;;;;;;;;;;;;
73;-0,809032846;0,222789695;-0,190967154;1;-0,682159777;0,230610733;0,364319555;1;-0,175754657;0,383821932;-0,121226715;1;;;;;;;;;;;;;
74;-0,977322498;0,246959475;-0,022677502;1;-0,416335291;0,241635859;-0,167329418;1;-0,253545038;0,400873703;0,267725188;1;;;;;;;;;;;;;
75;-1,167986621;0,246406921;0,167986621;1;-0,025569722;0,218536958;-0,948860556;0;-0,268875506;0,400556003;0,34437753;1;;;;;;;;;;;;;
76;-0,670137609;0,237168518;-0,329862391;1;-0,354411146;0,234223516;-0,291177709;1;-0,234784502;0,396848235;0,17392251;1;;;;;;;;;;;;;
77;-1,196918453;0,261926895;0,196918453;1;-0,55718239;0,268775594;0,11436478;1;-0,348440388;0,437482759;0,742201942;1;;;;;;;;;;;;;
78;-1,251981397;0,297838358;0,251981397;1;-0,675031222;0,275852525;0,350062444;1;0,375302892;0,467432123;-2,876514459;1;;;;;;;;;;;;;
79;-1,156269933;0,260084668;0,156269933;1;-0,647028241;0,25189063;0,294056482;1;0,093596606;0,429712949;-1,467983031;1;;;;;;;;;;;;;
80;-1,095749485;0,241644738;0,095749485;1;-0,609464185;0,234677033;0,21892837;1;-0,063502838;0,408608268;-0,682485811;1;;;;;;;;;;;;;
81;-1,378161085;0,292913692;0,378161085;1;-0,3532722;0,254554756;-0,2934556;1;0,641250573;0,416500949;-4,206252867;0;;;;;;;;;;;;;
82;-1,359657801;0,227290804;0,359657801;1;-0,280230733;0,214622697;-0,439538533;1;0,157403756;0,356790303;-1,78701878;1;;;;;;;;;;;;;
83;-0,943234403;0,238964572;-0,056765597;1;-0,689867101;0,244138847;0,379734202;1;-0,131998862;0,430522531;-0,34000569;1;;;;;;;;;;;;;
84;-0,880242005;0,291076867;-0,119757995;1;-0,810028325;0,278285349;0,620056649;1;-0,528250515;0,492635888;1,641252573;1;;;;;;;;;;;;;
85;-1,363611525;0,294444303;0,363611525;1;-0,352420839;0,247104926;-0,295158323;1;0,112002095;0,422803893;-1,560010477;1;;;;;;;;;;;;;
86;-1,345218649;0,302010335;0,345218649;1;-0,653473773;0,246436923;0,306947546;1;0,847657581;0,446058996;-5,238287904;0;;;;;;;;;;;;;
87;-1,405712534;0,273944801;0,405712534;1;-0,657907329;0,260873964;0,315814658;1;0,348267489;0,418915334;-2,741337445;1;;;;;;;;;;;;;
88;-1,302727631;0,260732922;0,302727631;1;-0,136804267;0,218239358;-0,726391466;1;0,243312188;0,368506298;-2,216560938;1;;;;;;;;;;;;;
89;-0,622394541;0,22324709;-0,377605459;1;-0,754869001;0,229554321;0,509738003;1;-0,709976839;0,385516772;2,549884195;1;;;;;;;;;;;;;
90;-1,13345229;0,250333202;0,13345229;1;-0,360872674;0,212608202;-0,278254653;1;0,221780504;0,38636732;-2,108902518;1;;;;;;;;;;;;;
91;-1,140643631;0,310743057;0,140643631;1;-0,400685706;0,278600274;-0,198628587;1;-0,468022374;0,452244305;1,340111871;1;;;;;;;;;;;;;
92;-0,86531817;0,20242115;-0,13468183;1;-1,005905846;0,231159416;1,011811693;0;0,106321085;0,369004831;-1,531605423;1;;;;;;;;;;;;;
93;-0,807164808;0,249306273;-0,192835192;1;-0,393567733;0,210322296;-0,212864534;1;-0,099462684;0,374287118;-0,502686578;1;;;;;;;;;;;;;
94;-1,109151162;0,220153067;0,109151162;1;-0,565319259;0,213037859;0,130638519;1;-0,170840683;0,345852581;-0,145796587;1;;;;;;;;;;;;;
95;-0,947504651;0,215172756;-0,052495349;1;-0,221906561;0,21890601;-0,556186877;1;-0,526077083;0,372462033;1,630385414;1;;;;;;;;;;;;;
96;-0,822934426;0,209181075;-0,177065574;1;-1,010590384;0,23118843;1,021180768;0;0,103330328;0,344968299;-1,51665164;1;;;;;;;;;;;;;
97;-0,777304919;0,175866254;-0,222695081;1;-0,896695604;0,212460512;0,793391208;1;-0,258300027;0,302616066;0,291500134;1;;;;;;;;;;;;;
98;-1,204062677;0,223877685;0,204062677;1;-0,192070644;0,197585545;-0,615858711;1;0,016642807;0,34171476;-1,083214037;1;;;;;;;;;;;;;
99;-1,547274097;0,292618163;0,547274097;1;-0,451831977;0,25516998;-0,096336046;1;0,316642251;0,421529179;-2,583211257;1;;;;;;;;;;;;;
100;-1,216109041;0,257015722;0,216109041;1;-0,61366164;0,230025437;0,227323281;1;0,207473481;0,390985018;-2,037367405;1;;;;;;;;;;;;;
101;-0,658920229;0,236324102;-0,341079771;1;-0,810455378;0,228083102;0,620910756;1;-0,848899782;0,4091512;3,24449891;1;;;;;;;;;;;;;
102;-0,904927782;0,205751053;-0,095072218;1;-0,482914664;0,222907529;-0,034170671;1;-0,42278929;0,360391717;1,11394645;1;;;;;;;;;;;;;
103;-1,170895731;0,198253959;0,170895731;1;-0,420420833;0,208701604;-0,159158334;1;0,030334608;0,335608073;-1,15167304;1;;;;;;;;;;;;;
104;-1,520569643;0,252520394;0,520569643;0;-0,657201313;0,239715848;0,314402625;1;0,31220876;0,383700245;-2,561043802;1;;;;;;;;;;;;;
105;-1,093413453;0,230716441;0,093413453;1;-0,203127171;0,214306199;-0,593745658;1;-0,003344702;0,362307923;-0,983276491;1;;;;;;;;;;;;;
106;-1,04835526;0,239978064;0,04835526;1;-0,333504825;0,224234193;-0,332990349;1;-0,370228288;0,394596211;0,851141439;1;;;;;;;;;;;;;
107;-0,908520432;0,227528811;-0,091479568;1;-0,308309523;0,21505835;-0,383380954;1;-0,405177432;0,363847726;1,025887161;1;;;;;;;;;;;;;
108;-0,518054867;0,242764139;-0,481945133;0;-0,638071154;0,256059682;0,276142308;1;-0,916720258;0,424900049;3,583601291;1;;;;;;;;;;;;;
109;-0,862372405;0,233255196;-0,137627595;1;-0,426676854;0,219869563;-0,146646291;1;-0,115745498;0,370751351;-0,421272511;1;;;;;;;;;;;;;
110;-1,211781795;0,26362193;0,211781795;1;-0,444834461;0,248771348;-0,110331078;1;0,198066926;0,403438625;-1,990334628;1;;;;;;;;;;;;;
111;-1,376227085;0,237234413;0,376227085;1;-0,317818933;0,210238455;-0,364362134;1;0,282304172;0,362033723;-2,411520859;1;;;;;;;;;;;;;
112;-0,913986094;0,240670234;-0,086013906;1;-0,462426975;0,233440212;-0,075146049;1;-0,026214937;0,40326374;-0,868925316;1;;;;;;;;;;;;;
113;-1,213995061;0,273549206;0,213995061;1;-0,396734802;0,235562514;-0,206530396;1;0,04015928;0,412304986;-1,200796402;1;;;;;;;;;;;;;
114;-1,30955443;0,257698841;0,30955443;1;-0,368278097;0,241489442;-0,263443805;1;0,159337849;0,397724486;-1,796689243;1;;;;;;;;;;;;;
115;-1,454142188;0,291571925;0,454142188;1;-0,410242266;0,238764193;-0,179515468;1;0,396026557;0,402226403;-2,980132786;1;;;;;;;;;;;;;
116;-0,954481345;0,247547553;-0,045518655;1;-0,444753756;0,239357286;-0,110492489;1;-0,45305563;0,429993341;1,265278152;1;;;;;;;;;;;;;
117;-1,134117291;0,214168131;0,134117291;1;-0,553855933;0,216633684;0,107711865;1;-0,040675779;0,364852443;-0,796621105;1;;;;;;;;;;;;;
118;-1,001019506;0,212596691;0,001019506;1;-0,739454163;0,220936612;0,478908326;1;-0,093734035;0,350482411;-0,531329826;1;;;;;;;;;;;;;
119;-0,955144783;0,250703184;-0,044855217;1;-0,397650321;0,232996434;-0,204699358;1;-0,25871227;0,395398017;0,293561352;1;;;;;;;;;;;;;
120;-0,818701998;0,2169061;-0,181298002;1;-0,398242829;0,218192766;-0,203514343;1;-0,502453479;0,36745179;1,512267396;1;;;;;;;;;;;;;
121;-1,184278502;0,233009579;0,184278502;1;-0,132118799;0,227863425;-0,735762402;1;-0,186944891;0,365923176;-0,065275547;1;;;;;;;;;;;;;
122;-1,175103658;0,3111603;0,175103658;1;0,116955727;0,257927012;-1,233911453;0;-0,574461189;0,469204582;1,872305947;1;;;;;;;;;;;;;
123;-0,827075487;0,205483701;-0,172924513;1;-0,905398146;0,250923133;0,810796293;1;-0,489087825;0,374071346;1,445439124;1;;;;;;;;;;;;;
124;-0,522106643;0,201524661;-0,477893357;0;-0,901882301;0,224317007;0,803764603;1;-0,704736732;0,343327382;2,523683658;1;;;;;;;;;;;;;
125;-1,713505455;0,292544959;0,713505455;0;-0,171735248;0,260172985;-0,656529503;1;0,113981182;0,425966321;-1,56990591;1;;;;;;;;;;;;;
126;-1,537727109;0,254484566;0,537727109;0;-0,290097958;0,217655445;-0,419804083;1;0,456130571;0,384470628;-3,280652854;1;;;;;;;;;;;;;
127;-0,841685285;0,182724331;-0,158314715;1;-0,69341221;0,217162576;0,386824421;1;-0,319466512;0,329333478;0,59733256;1;;;;;;;;;;;;;
128;-0,834228412;0,202835176;-0,165771588;1;-0,5048718;0,216730352;0,0097436;1;-0,249408695;0,335738736;0,247043477;1;;;;;;;;;;;;;
129;-1,013428399;0,261477922;0,013428399;1;-0,961836086;0,285403946;0,923672173;1;-0,165377178;0,43606372;-0,173114109;1;;;;;;;;;;;;;
130;-0,748509691;0,224328984;-0,251490309;1;-0,294976802;0,211835368;-0,410046397;1;-0,942593601;0,388410721;3,712968007;1;;;;;;;;;;;;;
131;-1,044087576;0,232216411;0,044087576;1;-0,334652808;0,22481225;-0,330694384;1;-0,176804013;0,383793799;-0,115979934;1;;;;;;;;;;;;;
132;-1,494742762;0,257965222;0,494742762;1;-0,193559725;0,235509753;-0,612880549;1;0,18020345;0,390002522;-1,901017248;1;;;;;;;;;;;;;
133;-0,819278994;0,198684727;-0,180721006;1;-0,775188988;0,236008522;0,550377975;1;-0,488344162;0,370493807;1,441720809;1;;;;;;;;;;;;;
134;-0,864042537;0,230116537;-0,135957463;1;-1,020521292;0,249584686;1,041042585;0;-0,578340756;0,398929045;1,891703782;1;;;;;;;;;;;;;
135;-0,847336132;0,189998461;-0,152663868;1;-0,419549957;0,196774302;-0,160900086;1;-0,21310645;0,340790666;0,065532248;1;;;;;;;;;;;;;
136;-1,009146581;0,247485194;0,009146581;1;-0,410866064;0,240936317;-0,178267872;1;-0,435743484;0,395644201;1,17871742;1;;;;;;;;;;;;;
137;-0,907799939;0,231654536;-0,092200061;1;-0,732255198;0,226684655;0,464510396;1;-0,188570214;0,373380287;-0,057148932;1;;;;;;;;;;;;;
138;-1,01073282;0,242681229;0,01073282;1;-0,897397265;0,247120974;0,79479453;1;0,053755473;0,382343048;-1,268777363;1;;;;;;;;;;;;;
139;-0,777758097;0,225110748;-0,222241903;1;-0,740771412;0,239451593;0,481542824;1;-0,353723945;0,402735634;0,768619723;1;;;;;;;;;;;;;
140;-1,056500156;0,237827224;0,056500156;1;-0,161141925;0,217236174;-0,677716151;1;-0,386760065;0,384396865;0,933800323;1;;;;;;;;;;;;;
141;-1,588002182;0,281560056;0,588002182;0;-0,714323901;0,23811507;0,428647802;1;0,804868802;0,402420486;-5,02434401;0;;;;;;;;;;;;;
142;-1,089383928;0,262747441;0,089383928;1;0,067458766;0,23167898;-1,134917531;0;-0,798067791;0,413427986;2,990338955;1;;;;;;;;;;;;;
143;-1,152987978;0,234082114;0,152987978;1;-0,659720962;0,237621734;0,319441924;1;0,194368998;0,388285502;-1,97184499;1;;;;;;;;;;;;;
144;-0,788478645;0,252326969;-0,211521355;1;-0,981891697;0,2594721;0,963783394;1;-0,596083022;0,41163603;1,980415108;1;;;;;;;;;;;;;
145;-0,740718771;0,240429464;-0,259281229;1;-0,726926263;0,242067705;0,453852526;1;-0,362329979;0,391359681;0,811649895;1;;;;;;;;;;;;;
146;-0,862500962;0,214017375;-0,137499038;1;-0,571085339;0,222331165;0,142170679;1;-0,331400512;0,361298704;0,657002559;1;;;;;;;;;;;;;
147;-1,586241784;0,287131448;0,586241784;0;-0,336668818;0,250541041;-0,326662364;1;0,657655696;0,426795044;-4,288278482;0;;;;;;;;;;;;;
148;-1,03951143;0,236504938;0,03951143;1;-1,077536385;0,255814482;1,155072769;0;0,143729867;0,355753474;-1,718649337;1;;;;;;;;;;;;;
149;-0,840490794;0,23797112;-0,159509206;1;-0,480426595;0,219479359;-0,03914681;1;-0,316217986;0,383295546;0,581089932;1;;;;;;;;;;;;;
150;-1,037918654;0,225363549;0,037918654;1;-0,32603934;0,217254604;-0,347921321;1;-0,313155797;0,370638462;0,565778985;1;;;;;;;;;;;;;
151;-0,447362426;0,214994806;-0,552637574;0;-0,767673913;0,208247853;0,535347826;1;-0,591239442;0,359174614;1,956197209;1;;;;;;;;;;;;;
152;-1,149361045;0,216975542;0,149361045;1;-0,425114631;0,206609016;-0,149770738;1;0,062942761;0,349360664;-1,314713805;1;;;;;;;;;;;;;
153;-0,915672739;0,247045367;-0,084327261;1;-0,514563446;0,244608845;0,029126892;1;0,145977773;0,390255569;-1,729888866;1;;;;;;;;;;;;;
154;-1,276835952;0,263624329;0,276835952;1;-0,19938296;0,234725941;-0,60123408;1;0,051253385;0,397824023;-1,256266925;1;;;;;;;;;;;;;
155;-1,105472786;0,241427678;0,105472786;1;-0,215715363;0,225296692;-0,568569274;1;-0,484797818;0,389248462;1,423989089;1;;;;;;;;;;;;;
156;-1,03777897;0,228279306;0,03777897;1;-0,297440023;0,237172002;-0,405119954;1;-0,618421524;0,418364769;2,092107619;1;;;;;;;;;;;;;
157;-1,256640315;0,25809633;0,256640315;1;-0,368485637;0,252524207;-0,263028726;1;0,053345862;0,421799871;-1,26672931;1;;;;;;;;;;;;;
158;-1,061459391;0,217134695;0,061459391;1;-0,408729467;0,204213096;-0,182541065;1;-0,12477909;0,358758081;-0,37610455;1;;;;;;;;;;;;;
159;-1,626234512;0,29068518;0,626234512;0;-0,395692594;0,233935539;-0,208614811;1;0,792874514;0,430227765;-4,964372572;0;;;;;;;;;;;;;
160;-1,156145658;0,20284561;0,156145658;1;-0,378350058;0,212423119;-0,243299883;1;0,047577927;0,342933641;-1,237889637;1;;;;;;;;;;;;;
161;-1,203116938;0,226615024;0,203116938;1;-0,151444574;0,216215609;-0,697110852;1;-0,119181987;0,375098912;-0,404090064;1;;;;;;;;;;;;;
162;-1,405542171;0,288694691;0,405542171;1;-0,351879064;0,245157869;-0,296241872;1;0,043209989;0,415128046;-1,216049944;1;;;;;;;;;;;;;
163;-1,136093392;0,212293025;0,136093392;1;-0,555612874;0,21848788;0,111225748;1;-0,028312982;0,36802252;-0,858435091;1;;;;;;;;;;;;;
164;-1,116535113;0,239244874;0,116535113;1;-0,992008186;0,269849118;0,984016372;1;0,008375473;0,409053996;-1,041877364;1;;;;;;;;;;;;;
165;-0,767368219;0,213527991;-0,232631781;1;-0,28588586;0,200378845;-0,42822828;1;-0,598263068;0,347050653;1,991315339;1;;;;;;;;;;;;;
166;-1,04573712;0,222651715;0,04573712;1;-0,586357953;0,216963567;0,172715906;1;0,067184179;0,378448483;-1,335920897;1;;;;;;;;;;;;;
167;-1,006373004;0,226912331;0,006373004;1;-0,495268719;0,220664568;-0,009462562;1;-0,084124376;0,381721992;-0,579378119;1;;;;;;;;;;;;;
168;-1,044576256;0,235779279;0,044576256;1;-0,281117077;0,202679168;-0,437765846;1;-0,239997175;0,346153397;0,199985873;1;;;;;;;;;;;;;
169;-0,70494393;0,212694843;-0,29505607;1;-0,671448541;0,223638871;0,342897082;1;-0,579078774;0,375396386;1,895393871;1;;;;;;;;;;;;;
170;-1,033943183;0,215899171;0,033943183;1;-0,482692865;0,208681104;-0,034614271;1;-0,38968704;0,354705852;0,948435201;1;;;;;;;;;;;;;
171;-0,992056293;0,181548219;-0,007943707;1;-0,381060044;0,200893779;-0,237879911;1;-0,408552449;0,331470602;1,042762243;1;;;;;;;;;;;;;
172;-1,263701883;0,235612795;0,263701883;1;-0,93823061;0,227810858;0,87646122;1;0,798748066;0,360512204;-4,993740332;0;;;;;;;;;;;;;
173;-0,919476623;0,241580388;-0,080523377;1;-0,608082428;0,229945574;0,216164856;1;-0,463018639;0,403029701;1,315093195;1;;;;;;;;;;;;;
174;-1,100399503;0,269259983;0,100399503;1;-0,657107391;0,268250251;0,314214781;1;-0,265449635;0,438411313;0,327248176;1;;;;;;;;;;;;;
175;-1,153712695;0,238145811;0,153712695;1;-0,3806224;0,231025765;-0,238755201;1;-0,402954474;0,393145651;1,01477237;1;;;;;;;;;;;;;
176;-0,951055554;0,287408144;-0,048944446;1;-0,171984358;0,258596002;-0,656031285;1;-0,72440872;0,463187788;2,622043599;1;;;;;;;;;;;;;
177;-0,834513016;0,222784566;-0,165486984;1;-0,430756428;0,249327691;-0,138487144;1;-0,804000257;0,426511213;3,020001284;1;;;;;;;;;;;;;
178;-0,724359015;0,220781954;-0,275640985;1;-0,800995589;0,242506478;0,601991177;1;-0,402273481;0,360761101;1,011367404;1;;;;;;;;;;;;;
179;-1,070241883;0,22901095;0,070241883;1;-0,352138837;0,229567049;-0,295722326;1;0,212341202;0,376351312;-2,06170601;1;;;;;;;;;;;;;
180;-0,973294122;0,24014236;-0,026705878;1;0,054764;0,234614304;-1,109528001;0;-1,105672696;0,423609967;4,528363479;0;;;;;;;;;;;;;
181;-0,944824933;0,217048403;-0,055175067;1;-0,424835543;0,219245309;-0,150328914;1;-0,430626581;0,393158297;1,153132905;1;;;;;;;;;;;;;
182;-1,126505742;0,214542942;0,126505742;1;-0,73918916;0,224958807;0,47837832;1;-0,187733406;0,352905539;-0,06133297;1;;;;;;;;;;;;;
183;-0,996559946;0,232907441;-0,003440054;1;-0,202264384;0,204523462;-0,595471233;1;-0,289601759;0,36050157;0,448008797;1;;;;;;;;;;;;;
184;-0,903123406;0,240291907;-0,096876594;1;-0,686582956;0,239366753;0,373165912;1;-0,372307608;0,391935252;0,86153804;1;;;;;;;;;;;;;
185;-1,108484228;0,228454741;0,108484228;1;-0,142326242;0,218469224;-0,715347516;1;-0,16344899;0,38375988;-0,182755052;1;;;;;;;;;;;;;
186;-0,868098796;0,177262579;-0,131901204;1;-0,597307491;0,192720236;0,194614982;1;-0,333235375;0,299204889;0,666176873;1;;;;;;;;;;;;;
187;-0,843576181;0,228325163;-0,156423819;1;-0,557894037;0,241830412;0,115788074;1;-0,278414988;0,394592909;0,392074939;1;;;;;;;;;;;;;
188;-0,643512018;0,214177337;-0,356487982;1;-0,670671891;0,225672932;0,341343781;1;-0,528015666;0,340542866;1,64007833;1;;;;;;;;;;;;;
189;-0,767953801;0,225835329;-0,232046199;1;-0,586625372;0,224787068;0,173250744;1;-0,459657833;0,395771744;1,298289166;1;;;;;;;;;;;;;
190;-1,575594465;0,275397757;0,575594465;0;0,170061266;0,230400205;-1,340122532;0;-0,067671936;0,410108587;-0,661640318;1;;;;;;;;;;;;;
191;-0,904321737;0,229100539;-0,095678263;1;-0,359595338;0,243679053;-0,280809323;1;-0,689937083;0,413615042;2,449685413;1;;;;;;;;;;;;;
192;-0,692838565;0,27521735;-0,307161435;1;-0,719232622;0,252588343;0,438465245;1;-0,577133112;0,425461976;1,885665562;1;;;;;;;;;;;;;
193;-1,099143226;0,265409676;0,099143226;1;-0,406500351;0,249235984;-0,186999297;1;0,05402091;0,427871432;-1,270104552;1;;;;;;;;;;;;;
194;-0,892700438;0,211352364;-0,107299562;1;-0,555727334;0,225599832;0,111454668;1;-0,190404499;0,356381162;-0,047977503;1;;;;;;;;;;;;;
195;-1,992231929;0,318236057;0,992231929;0;-0,132528176;0,253573789;-0,734943648;1;0,770976353;0,444070972;-4,854881767;0;;;;;;;;;;;;;
196;-1,149411251;0,25406584;0,149411251;1;-0,359319028;0,232507289;-0,281361945;1;-0,154363438;0,379599105;-0,228182808;1;;;;;;;;;;;;;
197;-1,090436391;0,204780392;0,090436391;1;-0,454386857;0,210074841;-0,091226286;1;-0,289120648;0,352584001;0,445603239;1;;;;;;;;;;;;;
198;-0,937818529;0,239099133;-0,062181471;1;-0,150617127;0,2114541;-0,698765747;1;-0,764309131;0,394497692;2,821545656;1;;;;;;;;;;;;;
199;-1,1816916;0,227236372;0,1816916;1;-0,471516062;0,216615565;-0,056967877;1;0,062043817;0,357999562;-1,310219084;1;;;;;;;;;;;;;
200;-0,918075376;0,222285578;-0,081924624;1;-0,390607304;0,233793813;-0,218785391;1;-0,400652817;0,383120434;1,003264086;1;;;;;;;;;;;;;
201;-1,110864374;0,204308243;0,110864374;1;-0,751084741;0,219415092;0,502169483;1;0,154460017;0,34436163;-1,772300084;1;;;;;;;;;;;;;
202;-1,048075817;0,227680586;0,048075817;1;-0,383489155;0,24756768;-0,23302169;1;-0,815307285;0,41294783;3,076536426;1;;;;;;;;;;;;;
203;-0,789835784;0,194803746;-0,210164216;1;-0,310372756;0,212309125;-0,379254489;1;-0,887668269;0,363534819;3,438341344;1;;;;;;;;;;;;;
204;-0,541492502;0,218278494;-0,458507498;0;-0,417819748;0,221116158;-0,164360504;1;-1,081589811;0,372885109;4,407949057;0;;;;;;;;;;;;;
205;-0,772486465;0,186416559;-0,227513535;1;-0,98517317;0,235174344;0,970346341;0;-0,302430871;0,33856016;0,512154353;1;;;;;;;;;;;;;
206;-0,729043862;0,19378329;-0,270956138;1;-0,865612207;0,229926166;0,731224415;1;-0,523827974;0,352477067;1,619139869;1;;;;;;;;;;;;;
207;-0,956680631;0,283017487;-0,043319369;1;-0,75998289;0,276404639;0,519965779;1;-0,401247185;0,457746848;1,006235927;1;;;;;;;;;;;;;
208;-0,730143839;0,258564357;-0,269856161;1;-0,266782354;0,243062104;-0,466435291;1;-1,042467583;0,476935708;4,212337917;1;;;;;;;;;;;;;
209;-0,713119819;0,185982872;-0,286880181;1;-0,496117737;0,217808528;-0,007764526;1;-0,725490911;0,327113645;2,627454555;1;;;;;;;;;;;;;
210;-0,702769847;0,221733261;-0,297230153;1;-0,44772336;0,194828343;-0,10455328;1;-0,457173512;0,360436961;1,285867559;1;;;;;;;;;;;;;
211;-0,761338622;0,26156506;-0,238661378;1;-0,420691261;0,253343569;-0,158617478;1;-0,737759015;0,438192001;2,688795073;1;;;;;;;;;;;;;
212;-0,707640989;0,228163211;-0,292359011;1;-0,671116653;0,244306381;0,342233306;1;-0,666214162;0,402235277;2,33107081;1;;;;;;;;;;;;;
213;-1,340076312;0,247192872;0,340076312;1;-0,744042122;0,252457759;0,488084243;1;0,412339206;0,396120453;-3,061696032;1;;;;;;;;;;;;;
214;-1,050948487;0,238607153;0,050948487;1;-0,474607597;0,223751158;-0,050784805;1;-0,103752623;0,372991982;-0,481236885;1;;;;;;;;;;;;;
215;-1,113428188;0,222262032;0,113428188;1;-0,524768843;0,209466865;0,049537685;1;0,059176627;0,337490064;-1,295883134;1;;;;;;;;;;;;;
216;-0,671407782;0,197310568;-0,328592218;1;-0,768620738;0,246783788;0,537241476;1;-0,829711664;0,374131712;3,148558318;1;;;;;;;;;;;;;
217;-1,761810339;0,297334613;0,761810339;0;-0,091914147;0,247196655;-0,816171707;1;0,590924938;0,456471463;-3,954624691;1;;;;;;;;;;;;;
218;-1,230452605;0,238553924;0,230452605;1;-0,276427379;0,231229191;-0,447145241;1;-0,165011103;0,392275387;-0,174944484;1;;;;;;;;;;;;;
219;-0,91468692;0,218944427;-0,08531308;1;-0,299211056;0,217591472;-0,401577887;1;-0,608667585;0,370105846;2,043337925;1;;;;;;;;;;;;;
220;-0,86939318;0,190088725;-0,13060682;1;-0,755844665;0,221254702;0,511689329;1;-0,030993602;0,333153078;-0,845031991;1;;;;;;;;;;;;;
221;-1,197114277;0,251723107;0,197114277;1;-0,386824919;0,226434102;-0,226350163;1;-0,142502512;0,395453485;-0,287487442;1;;;;;;;;;;;;;
222;-0,721121279;0,193730772;-0,278878721;1;-0,614560198;0,211448327;0,229120396;1;-0,536912485;0,32271265;1,684562427;1;;;;;;;;;;;;;
223;-1,030966766;0,261215674;0,030966766;1;-0,525095097;0,2435137;0,050190193;1;-0,095236763;0,405174296;-0,523816185;1;;;;;;;;;;;;;
224;-0,967729083;0,252189193;-0,032270917;1;-0,537549612;0,221901258;0,075099224;1;0,037852003;0,370606705;-1,189260014;1;;;;;;;;;;;;;
225;-0,838650074;0,227473927;-0,161349926;1;-0,576796527;0,235045347;0,153593053;1;-0,45947818;0,397396736;1,2973909;1;;;;;;;;;;;;;
226;-1,238554668;0,275411886;0,238554668;1;-0,866419394;0,271182327;0,732838787;1;0,213048012;0,434750407;-2,065240061;1;;;;;;;;;;;;;
227;-1,093048702;0,281516884;0,093048702;1;-0,50209256;0,242959301;0,004185119;1;0,024229889;0,454306074;-1,121149445;1;;;;;;;;;;;;;
228;-1,572213995;0,246117555;0,572213995;0;-0,009044084;0,209306807;-0,981911832;0;0,33736344;0,350239628;-2,686817198;1;;;;;;;;;;;;;
229;-1,037538293;0,264231609;0,037538293;1;-0,039422083;0,225896409;-0,921155835;0;-0,430537899;0,41195782;1,152689495;1;;;;;;;;;;;;;
230;-1,293069023;0,289397126;0,293069023;1;-0,226153543;0,262589396;-0,547692914;1;0,243954108;0,448448118;-2,219770541;1;;;;;;;;;;;;;
231;-0,627562074;0,172009557;-0,372437926;0;-0,47300151;0,196095428;-0,05399698;1;-0,887804628;0,329338964;3,43902314;0;;;;;;;;;;;;;
232;-0,872418063;0,224980341;-0,127581937;1;-0,811756286;0,234615549;0,623512572;1;-0,228078582;0,379064585;0,140392911;1;;;;;;;;;;;;;
233;-1,154783259;0,260974275;0,154783259;1;-0,441341572;0,246740181;-0,117316856;1;-0,149281179;0,418960569;-0,253594103;1;;;;;;;;;;;;;
234;-0,716662401;0,218902835;-0,283337599;1;-0,724755204;0,223649982;0,449510409;1;-0,446458317;0,380268333;1,232291587;1;;;;;;;;;;;;;
235;-0,892496097;0,256398192;-0,107503903;1;-0,203926525;0,209712023;-0,592146949;1;-0,415612793;0,39300427;1,078063965;1;;;;;;;;;;;;;
236;-1,143311836;0,284080698;0,143311836;1;-0,686091425;0,27831502;0,372182851;1;-0,2133199;0,449594095;0,066599498;1;;;;;;;;;;;;;
237;-1,23634062;0,223883032;0,23634062;1;-0,889205965;0,220487278;0,77841193;1;0,426200371;0,343428963;-3,131001856;1;;;;;;;;;;;;;
238;-1,324600991;0,31432848;0,324600991;1;-0,786323489;0,288277714;0,572646978;1;0,06241891;0,476680229;-1,312094551;1;;;;;;;;;;;;;
239;-0,982485988;0,244577796;-0,017514012;1;-0,457884197;0,224968158;-0,084231607;1;-0,241426523;0,400211535;0,207132616;1;;;;;;;;;;;;;
240;-0,872986376;0,207500523;-0,127013624;1;-0,312552542;0,207295227;-0,374894916;1;-0,329852451;0,355966651;0,649262255;1;;;;;;;;;;;;;
241;-1,065311718;0,286403979;0,065311718;1;-0,601387991;0,259569199;0,202775981;1;0,016390745;0,435924135;-1,081953723;1;;;;;;;;;;;;;
242;-0,983823198;0,289587182;-0,016176802;1;-0,399270148;0,235860775;-0,201459705;1;0,08380301;0,414715783;-1,419015051;1;;;;;;;;;;;;;
243;-0,840087105;0,21172324;-0,159912895;1;-0,781203105;0,227213115;0,562406211;1;-0,552010993;0,401728327;1,760054966;1;;;;;;;;;;;;;
244;-0,940926635;0,205055218;-0,059073365;1;-0,580116617;0,223610046;0,160233234;1;-0,319480969;0,357990354;0,597404844;1;;;;;;;;;;;;;
245;-0,799402967;0,211734572;-0,200597033;1;-0,306876684;0,202487505;-0,386246632;1;-0,58769342;0,361056622;1,938467101;1;;;;;;;;;;;;;
246;-1,135984747;0,268556683;0,135984747;1;-0,411487822;0,237503747;-0,177024357;1;-0,168664891;0,437461941;-0,156675545;1;;;;;;;;;;;;;
247;-0,943281346;0,232824113;-0,056718654;1;-0,225648756;0,217306432;-0,548702487;1;-0,188410069;0,376735791;-0,057949653;1;;;;;;;;;;;;;
248;-1,012225033;0,233110755;0,012225033;1;-0,343913877;0,228154881;-0,312172247;1;-0,369137349;0,382145261;0,845686747;1;;;;;;;;;;;;;
249;-1,108795096;0,21319077;0,108795096;1;-0,341942963;0,207840566;-0,316114073;1;-0,42133973;0,360931568;1,106698651;1;;;;;;;;;;;;;
250;-1,307071692;0,272410825;0,307071692;1;-0,448065187;0,224219497;-0,103869626;1;0,169295957;0,395374226;-1,846479786;1;;;;;;;;;;;;;
251;-1,030041762;0,228460131;0,030041762;1;-0,87511404;0,250207884;0,750228079;1;-0,148394523;0,390057124;-0,258027383;1;;;;;;;;;;;;;
252;-1,250592808;0,212932859;0,250592808;1;-0,432264796;0,207841836;-0,135470407;1;0,122549762;0,351597204;-1,612748811;1;;;;;;;;;;;;;
253;-1,436932261;0,265110235;0,436932261;1;0,162027032;0,226864272;-1,324054064;0;-0,366851346;0,413172664;0,834256731;1;;;;;;;;;;;;;
254;-1,065828401;0,205696023;0,065828401;1;-0,660484927;0,230923899;0,320969854;1;-0,278989428;0,34405395;0,394947142;1;;;;;;;;;;;;;
255;-0,589547583;0,171986177;-0,410452417;0;-0,718599059;0,195040537;0,437198118;1;-0,869114134;0,331001829;3,345570671;0;;;;;;;;;;;;;
256;-0,770794953;0,263385459;-0,229205047;1;-0,751501462;0,267709169;0,503002924;1;-0,093601404;0,441772204;-0,531992982;1;;;;;;;;;;;;;
257;-0,653555449;0,229446081;-0,346444551;1;-0,898989498;0,244075574;0,797978995;1;-0,397364348;0,373783029;0,986821741;1;;;;;;;;;;;;;
258;-0,522645633;0,22749849;-0,477354367;0;-0,691295855;0,229402763;0,38259171;1;-0,915642607;0,378871381;3,578213036;1;;;;;;;;;;;;;
259;-1,049245943;0,256067709;0,049245943;1;-0,580423577;0,254164758;0,160847154;1;-0,208420026;0,410119792;0,042100132;1;;;;;;;;;;;;;
260;-0,862781517;0,279855617;-0,137218483;1;-0,469629681;0,258251594;-0,060740638;1;-0,625354652;0,458784845;2,126773258;1;;;;;;;;;;;;;
261;-1,125718204;0,246342799;0,125718204;1;-0,05534047;0,218620557;-0,88931906;0;-0,234036892;0,377036285;0,17018446;1;;;;;;;;;;;;;
262;-0,687281365;0,275268884;-0,312718635;1;-0,710942867;0,259373259;0,421885734;1;-0,335592001;0,461905116;0,677960004;1;;;;;;;;;;;;;
263;-1,215470727;0,219718866;0,215470727;1;-0,306801963;0,202964693;-0,386396075;1;-0,04235213;0,347775498;-0,788239352;1;;;;;;;;;;;;;
264;-0,838522055;0,230911;-0,161477945;1;-0,627458077;0,21208035;0,254916154;1;-0,205113616;0,343272505;0,025568081;1;;;;;;;;;;;;;
265;-1,352963875;0,253966486;0,352963875;1;-0,886050499;0,238946675;0,772100997;1;0,752481198;0,361755003;-4,762405991;0;;;;;;;;;;;;;
266;-1,167559674;0,205583475;0,167559674;1;-0,927363671;0,220970843;0,854727341;1;0,044343212;0,353659631;-1,221716058;1;;;;;;;;;;;;;
267;-1,019411243;0,258531848;0,019411243;1;-0,537362653;0,232616898;0,074725307;1;0,101929611;0,404389128;-1,509648055;1;;;;;;;;;;;;;
268;-0,986882547;0,256891479;-0,013117453;1;-0,321080577;0,23259113;-0,357838845;1;-0,304485754;0,407247319;0,522428768;1;;;;;;;;;;;;;
269;-1,025466456;0,231971238;0,025466456;1;-0,211182018;0,213085254;-0,577635965;1;-0,299367312;0,377590985;0,496836561;1;;;;;;;;;;;;;
270;-1,053358659;0,231151412;0,053358659;1;-0,258851224;0,220046114;-0,482297552;1;-0,109783111;0,376516999;-0,451084447;1;;;;;;;;;;;;;
271;-0,798597393;0,227927935;-0,201402607;1;-0,808823057;0,246406407;0,617646113;1;-0,110465962;0,397825924;-0,447670191;1;;;;;;;;;;;;;
272;-1,062349449;0,229933938;0,062349449;1;-1,035307103;0,239973978;1,070614207;0;0,145714516;0,36211806;-1,728572578;1;;;;;;;;;;;;;
273;-0,936304613;0,220158005;-0,063695387;1;-0,455438138;0,212597052;-0,089123725;1;-0,487356629;0,367371926;1,436783143;1;;;;;;;;;;;;;
274;-0,683255844;0,205402757;-0,316744156;1;-0,456663109;0,205296363;-0,086673783;1;-0,691785614;0,358277272;2,458928068;1;;;;;;;;;;;;;
275;-0,802108295;0,199628143;-0,197891705;1;-0,392980841;0,195944634;-0,214038318;1;-0,104549371;0,333252199;-0,477253144;1;;;;;;;;;;;;;
276;-0,965264314;0,22874625;-0,034735686;1;-0,212812392;0,226032291;-0,574375217;1;-0,810497896;0,400622212;3,052489481;1;;;;;;;;;;;;;
277;-1,002812835;0,205205117;0,002812835;1;-0,475966688;0,203530702;-0,048066624;1;-0,283168741;0,355627722;0,415843704;1;;;;;;;;;;;;;
278;-1,012141787;0,236061435;0,012141787;1;-0,417304432;0,230121313;-0,165391136;1;-0,576762587;0,397157385;1,883812937;1;;;;;;;;;;;;;
279;-0,924147288;0,240780048;-0,075852712;1;-0,073861776;0,219879035;-0,852276449;1;-0,633288084;0,375444515;2,16644042;1;;;;;;;;;;;;;
280;-0,79213963;0,234920888;-0,20786037;1;-0,706822269;0,224437756;0,413644539;1;0,060879268;0,348230598;-1,304396342;1;;;;;;;;;;;;;
281;-0,825721675;0,26730845;-0,174278325;1;-0,773391973;0,263547695;0,546783946;1;-0,29263579;0,447117026;0,463178952;1;;;;;;;;;;;;;
282;-1,478112062;0,266536811;0,478112062;1;-0,25857212;0,240788309;-0,482855761;1;-0,001386096;0,397980491;-0,993069521;1;;;;;;;;;;;;;
283;-1,088175165;0,243919363;0,088175165;1;-0,44740014;0,216834849;-0,10519972;1;0,040923919;0,378934677;-1,204619595;1;;;;;;;;;;;;;
284;-0,811545247;0,20060928;-0,188454753;1;-0,712010227;0,216403708;0,424020454;1;-0,246504567;0,332117823;0,232522836;1;;;;;;;;;;;;;
285;-1,096453216;0,23145767;0,096453216;1;-0,471103079;0,224491786;-0,057793842;1;0,161685387;0,401790794;-1,808426937;1;;;;;;;;;;;;;
286;-1,160236999;0,230577688;0,160236999;1;-0,582484;0,212575144;0,164968001;1;0,533624597;0,338817376;-3,668122984;0;;;;;;;;;;;;;
287;-1,028843351;0,216030513;0,028843351;1;-0,437007029;0,209783017;-0,125985941;1;-0,205987414;0,356719883;0,02993707;1;;;;;;;;;;;;;
288;-1,36852125;0,229049431;0,36852125;1;-0,545317434;0,201824218;0,090634868;1;0,625538982;0,338987472;-4,12769491;0;;;;;;;;;;;;;
289;-1,031871464;0,251535431;0,031871464;1;-0,807143081;0,253469624;0,614286162;1;0,066185769;0,402609763;-1,330928845;1;;;;;;;;;;;;;
290;-1,121395201;0,230493629;0,121395201;1;-0,570172853;0,216435873;0,140345706;1;0,199088405;0,356984908;-1,995442025;1;;;;;;;;;;;;;
291;-0,457663392;0,222056568;-0,542336608;0;-0,721071373;0,217481484;0,442142746;1;-0,595664031;0,361335316;1,978320157;1;;;;;;;;;;;;;
292;-1,139624681;0,23533372;0,139624681;1;-0,325220654;0,223902469;-0,349558691;1;0,164022385;0,380350341;-1,820111926;1;;;;;;;;;;;;;
293;-1,080498689;0,248385527;0,080498689;1;-0,482749901;0,241168804;-0,034500198;1;0,189866752;0,373924898;-1,949333761;1;;;;;;;;;;;;;
294;-0,758887042;0,221485024;-0,241112958;1;-0,512353866;0,230443844;0,024707731;1;-0,525963703;0,371540978;1,629818516;1;;;;;;;;;;;;;
295;-1,12657547;0,244194007;0,12657547;1;-0,2284459;0,23411888;-0,5431082;1;0,314474598;0,388932345;-2,572372991;1;;;;;;;;;;;;;
296;-1,338797666;0,330142287;0,338797666;1;-0,342979212;0,294386877;-0,314041576;1;0,0460545;0,509925391;-1,230272501;1;;;;;;;;;;;;;
297;-1,109999475;0,237267143;0,109999475;1;-0,484781255;0,220745007;-0,03043749;1;0,098683403;0,36660318;-1,493417014;1;;;;;;;;;;;;;
298;-1,01413709;0,233349579;0,01413709;1;-0,232232448;0,234913966;-0,535535104;1;-0,423574742;0,404196015;1,117873709;1;;;;;;;;;;;;;
299;-0,897688084;0,207591325;-0,102311916;1;-1,21696319;0,249516557;1,433926379;0;-0,224646037;0,343034244;0,123230186;1;;;;;;;;;;;;;
300;-0,954880136;0,203789939;-0,045119864;1;-0,419371214;0,202162825;-0,161257572;1;0,031725455;0,330989181;-1,158627275;1;;;;;;;;;;;;;
301;-1,087086762;0,22038825;0,087086762;1;-0,582073443;0,205035867;0,164146886;1;0,150558431;0,333527951;-1,752792154;1;;;;;;;;;;;;;
302;-0,746210846;0,309419811;-0,253789154;1;-0,495072161;0,259415297;-0,009855678;1;-0,126502691;0,417690935;-0,367486544;1;;;;;;;;;;;;;
303;-1,261108954;0,199953942;0,261108954;1;-0,128671992;0,17758157;-0,742656016;0;0,306893779;0,301613279;-2,534468895;1;;;;;;;;;;;;;
304;-0,966123648;0,274071321;-0,033876352;1;-0,330537443;0,249655171;-0,338925113;1;-0,220340254;0,401522457;0,101701269;1;;;;;;;;;;;;;
305;-0,835262049;0,210143537;-0,164737951;1;-0,771054039;0,234097551;0,542108078;1;-0,58382324;0,380649792;1,919116201;1;;;;;;;;;;;;;
306;-1,086762876;0,241800044;0,086762876;1;-0,664302972;0,238197077;0,328605944;1;0,206335953;0,373207302;-2,031679766;1;;;;;;;;;;;;;
307;-1,044061972;0,220054221;0,044061972;1;-0,714992982;0,211999333;0,429985964;1;0,305579049;0,351560716;-2,527895244;1;;;;;;;;;;;;;
308;-1,134336523;0,238352433;0,134336523;1;-0,264412212;0,233207662;-0,471175576;1;-0,163684272;0,365925619;-0,18157864;1;;;;;;;;;;;;;
309;-1,303370636;0,264248174;0,303370636;1;-0,402787776;0,224521648;-0,194424447;1;0,497301028;0,382852932;-3,486505142;1;;;;;;;;;;;;;
310;-0,926208566;0,227822216;-0,073791434;1;-0,672307368;0,231505307;0,344614736;1;-0,309883853;0,392525357;0,549419263;1;;;;;;;;;;;;;
311;-0,885983593;0,239015377;-0,114016407;1;-0,492188977;0,242622128;-0,015622047;1;-0,318185671;0,398148964;0,590928355;1;;;;;;;;;;;;;
312;-0,691195781;0,214186101;-0,308804219;1;-0,924730315;0,23003766;0,84946063;1;-0,610398053;0,366315954;2,051990266;1;;;;;;;;;;;;;
313;-1,010629249;0,258900617;0,010629249;1;-0,227217715;0,229134474;-0,54556457;1;-0,427995548;0,389501378;1,139977738;1;;;;;;;;;;;;;
314;-0,758121463;0,19239786;-0,241878537;1;-0,714395641;0,226480299;0,428791282;1;-0,425520005;0,330355175;1,127600025;1;;;;;;;;;;;;;
315;-0,89923156;0,225024221;-0,10076844;1;-0,440876879;0,212743036;-0,118246242;1;-0,404128823;0,365577301;1,020644117;1;;;;;;;;;;;;;
316;-0,983951857;0,209375131;-0,016048143;1;-0,566436736;0,214011952;0,132873472;1;-0,21430183;0,33807793;0,07150915;1;;;;;;;;;;;;;
317;-1,293594212;0,231488683;0,293594212;1;-0,349168083;0,216122955;-0,301663834;1;0,44233748;0,369503475;-3,211687399;1;;;;;;;;;;;;;
318;-0,977888194;0,192481701;-0,022111806;1;-0,168400631;0,188704778;-0,663198737;1;-1,126204174;0,356783255;4,631020868;0;;;;;;;;;;;;;
319;-1,215066445;0,228965383;0,215066445;1;-0,434474649;0,223053881;-0,131050703;1;0,03043115;0,394460454;-1,152155752;1;;;;;;;;;;;;;
320;-1,147756272;0,310658551;0,147756272;1;-0,598562894;0,271126497;0,197125789;1;-0,276803225;0,477306967;0,384016125;1;;;;;;;;;;;;;
321;-0,791087412;0,204095819;-0,208912588;1;-0,674825227;0,219638993;0,349650453;1;-0,299265223;0,360337215;0,496326114;1;;;;;;;;;;;;;
322;-1,07130413;0,236667219;0,07130413;1;-0,602877573;0,214635753;0,205755147;1;0,292148195;0,374703278;-2,460740973;1;;;;;;;;;;;;;
323;-1,226855279;0,222975679;0,226855279;1;-0,433394324;0,233504846;-0,133211353;1;0,052861205;0,369650894;-1,264306025;1;;;;;;;;;;;;;
324;-0,820823218;0,276816216;-0,179176782;1;-0,362647013;0,265646547;-0,274705974;1;-0,88848323;0,477016422;3,442416152;1;;;;;;;;;;;;;
325;-1,10681077;0,244554617;0,10681077;1;-0,661909653;0,248437404;0,323819306;1;0,252701716;0,42111608;-2,26350858;1;;;;;;;;;;;;;
326;-0,84726654;0,23014486;-0,15273346;1;-0,626416994;0,223857836;0,252833988;1;-0,638836088;0,373747919;2,194180441;1;;;;;;;;;;;;;
327;-1,263545459;0,236271832;0,263545459;1;-0,89741098;0,250467095;0,794821959;1;0,10889827;0,365039452;-1,544491351;1;;;;;;;;;;;;;
328;-1,126165345;0,24040683;0,126165345;1;-0,194779803;0,223154829;-0,610440393;1;-0,320770876;0,383425789;0,60385438;1;;;;;;;;;;;;;
329;-0,89806278;0,241386961;-0,10193722;1;-0,674137719;0,249713656;0,348275439;1;-0,266958769;0,418166821;0,334793845;1;;;;;;;;;;;;;
330;-0,675721053;0,243303002;-0,324278947;1;-0,12308904;0,216322116;-0,753821919;1;-1,097756987;0,392861963;4,488784934;0;;;;;;;;;;;;;
331;-0,544712595;0,20701683;-0,455287405;0;-0,840967289;0,230132987;0,681934578;1;-0,554820972;0,362028754;1,774104858;1;;;;;;;;;;;;;
332;-0,620977935;0,178423093;-0,379022065;0;-0,550503439;0,180183712;0,101006878;1;-0,482222692;0,306013814;1,411113459;1;;;;;;;;;;;;;
333;-0,851307184;0,220827441;-0,148692816;1;-0,607217498;0,22362176;0,214434996;1;-0,085413519;0,356516081;-0,572932406;1;;;;;;;;;;;;;
334;-0,815702047;0,240359697;-0,184297953;1;-0,662644665;0,250014584;0,325289331;1;-0,710700167;0,425066516;2,553500836;1;;;;;;;;;;;;;
335;-1,015641677;0,288247333;0,015641677;1;-0,178684257;0,27573074;-0,642631487;1;-0,779032214;0,482634075;2,895161068;1;;;;;;;;;;;;;
336;-0,815451653;0,208847979;-0,184548347;1;-0,33183272;0,190040922;-0,33633456;1;-0,212350976;0,346426471;0,061754879;1;;;;;;;;;;;;;
337;-0,964225426;0,247114313;-0,035774574;1;-0,43222207;0,252140469;-0,13555586;1;-0,517963882;0,423629392;1,589819411;1;;;;;;;;;;;;;
338;-1,017251706;0,260572062;0,017251706;1;-0,552186274;0,254536015;0,104372549;1;-0,278932542;0,418938282;0,39466271;1;;;;;;;;;;;;;
339;-1,052119702;0,260125558;0,052119702;1;-0,293205988;0,237591742;-0,413588024;1;-0,462113966;0,413223903;1,310569829;1;;;;;;;;;;;;;
340;-1,009479937;0,190147021;0,009479937;1;-0,186483008;0,180339365;-0,627033985;1;-0,094934346;0,314495467;-0,525328271;1;;;;;;;;;;;;;
341;-0,992172958;0,214044792;-0,007827042;1;-0,337551964;0,20911825;-0,324896073;1;-0,187422122;0,360525928;-0,062889392;1;;;;;;;;;;;;;
342;-1,101552006;0,22281824;0,101552006;1;-0,353485953;0,222340296;-0,293028094;1;-0,224173566;0,3924462;0,120867831;1;;;;;;;;;;;;;
343;-1,060888311;0,217468632;0,060888311;1;-0,635726037;0,223440553;0,271452075;1;-0,100838457;0,365096791;-0,495807713;1;;;;;;;;;;;;;
344;-0,910873136;0,212424574;-0,089126864;1;-0,638347244;0,240731222;0,276694489;1;-0,51878027;0,388646048;1,593901348;1;;;;;;;;;;;;;
345;-1,229109481;0,254446427;0,229109481;1;-0,589089388;0,226185418;0,178178776;1;0,101915435;0,382245116;-1,509577175;1;;;;;;;;;;;;;
346;-0,724764576;0,220157915;-0,275235424;1;-1,237406968;0,239148905;1,474813936;0;-0,079968426;0,358756901;-0,600157868;1;;;;;;;;;;;;;
347;-0,92268503;0,237856685;-0,07731497;1;-0,852372563;0,251053822;0,704745126;1;-0,279063631;0,417931695;0,395318153;1;;;;;;;;;;;;;
348;-1,195233776;0,3255024;0,195233776;1;-0,502476149;0,278035903;0,004952298;1;-0,213017814;0,527608545;0,065089068;1;;;;;;;;;;;;;
349;-1,06168324;0,225842364;0,06168324;1;-0,336286;0,228354321;-0,327428001;1;-0,598330875;0,395800258;1,991654373;1;;;;;;;;;;;;;
350;-0,931097545;0,319337757;-0,068902455;1;-0,509667223;0,271104252;0,019334447;1;0,228318919;0,492599007;-2,141594596;1;;;;;;;;;;;;;
351;-1,137779182;0,303855097;0,137779182;1;-0,737353245;0,27222874;0,474706491;1;0,391187115;0,441834522;-2,955935577;1;;;;;;;;;;;;;
352;-0,870937151;0,208732508;-0,129062849;1;-0,851445601;0,23687352;0,702891202;1;-0,433715409;0,382935502;1,168577044;1;;;;;;;;;;;;;
353;-1,137097872;0,296433762;0,137097872;1;-0,430677145;0,27473844;-0,138645709;1;0,267319268;0,475597335;-2,336596342;1;;;;;;;;;;;;;
354;-0,757972503;0,153064237;-0,242027497;1;-0,689693123;0,197124016;0,379386245;1;-0,43747958;0,316370989;1,187397901;1;;;;;;;;;;;;;
355;-1,028841216;0,191274274;0,028841216;1;-0,407209789;0,213767244;-0,185580421;1;-0,681536676;0,330282156;2,407683379;1;;;;;;;;;;;;;
356;-1,289305822;0,261814951;0,289305822;1;-0,462273537;0,25199576;-0,075452926;1;-0,288101618;0,439036693;0,440508088;1;;;;;;;;;;;;;
357;-0,500040599;0,214308047;-0,499959401;0;-1,144408899;0,241108076;1,288817798;0;-0,385271586;0,341565312;0,926357928;1;;;;;;;;;;;;;
358;-1,238063095;0,302477724;0,238063095;1;-0,483721536;0,268217951;-0,032556927;1;0,209097032;0,457671915;-2,045485158;1;;;;;;;;;;;;;
359;-1,462189638;0,235717938;0,462189638;0;-0,579618474;0,223963925;0,159236947;1;0,499910542;0,371768891;-3,499552712;1;;;;;;;;;;;;;
360;-0,872829078;0,220716589;-0,127170922;1;-0,621410006;0,197369723;0,242820011;1;0,018751762;0,341137702;-1,093758812;1;;;;;;;;;;;;;
361;-1,042887962;0,220955221;0,042887962;1;-0,817896848;0,242312766;0,635793696;1;-0,192528131;0,377276945;-0,037359346;1;;;;;;;;;;;;;
362;-0,984782969;0,235116968;-0,015217031;1;-0,4761792;0,226834486;-0,047641599;1;0,262464629;0,35271859;-2,312323144;1;;;;;;;;;;;;;
363;-0,941779487;0,224760879;-0,058220513;1;-0,582459084;0,221081033;0,164918169;1;-0,155364067;0,369052387;-0,223179663;1;;;;;;;;;;;;;
364;-1,263338655;0,298087184;0,263338655;1;-0,484621437;0,25757578;-0,030757126;1;0,007092922;0,460139672;-1,035464611;1;;;;;;;;;;;;;
365;-1,031078328;0,255683274;0,031078328;1;-0,945537226;0,280139823;0,891074452;1;0,072415899;0,43540776;-1,362079497;1;;;;;;;;;;;;;
366;-1,079472447;0,270471142;0,079472447;1;-0,334190077;0,233264221;-0,331619846;1;0,109103769;0,422495332;-1,545518845;1;;;;;;;;;;;;;
367;-0,579050263;0,205557644;-0,420949737;0;-0,630940144;0,212358641;0,261880289;1;-0,792033603;0,367907414;2,960168016;1;;;;;;;;;;;;;
368;-1,070604476;0,266135116;0,070604476;1;-1,045047966;0,285577111;1,090095933;1;-0,336929889;0,455966297;0,684649443;1;;;;;;;;;;;;;
369;-0,588389484;0,219181629;-0,411610516;1;-0,490907447;0,225408309;-0,018185106;1;-1,097272808;0,38085118;4,48636404;0;;;;;;;;;;;;;
370;-2,413340951;0,42367554;1,413340951;0;-0,122245796;0,323644062;-0,755508409;1;1,017790562;0,557786881;-6,08895281;0;;;;;;;;;;;;;
371;-1,050736478;0,230390138;0,050736478;1;-0,462293473;0,207702544;-0,075413053;1;0,105085384;0,36592605;-1,525426919;1;;;;;;;;;;;;;
372;-1,43931923;0,267062642;0,43931923;1;-0,501165816;0,231303189;0,002331633;1;0,42720507;0,404639454;-3,136025352;1;;;;;;;;;;;;;
373;-0,907706524;0,292048623;-0,092293476;1;-0,35226537;0,241903564;-0,295469259;1;-0,248647768;0,422322752;0,243238842;1;;;;;;;;;;;;;
374;-1,007147103;0,207844981;0,007147103;1;-0,547002735;0,222286107;0,094005469;1;-0,150859221;0,350652149;-0,245703894;1;;;;;;;;;;;;;
375;-1,160520902;0,258929109;0,160520902;1;-0,639041876;0,238445908;0,278083752;1;-0,218322638;0,41309079;0,091613188;1;;;;;;;;;;;;;
376;-1,493610903;0,243609709;0,493610903;0;-0,587864892;0,211535374;0,175729783;1;0,741023294;0,349982932;-4,705116471;0;;;;;;;;;;;;;
377;-0,899525456;0,223335403;-0,100474544;1;-0,752017355;0,225076023;0,504034711;1;-0,032225427;0,372888712;-0,838872866;1;;;;;;;;;;;;;
378;-1,067469422;0,245124384;0,067469422;1;-0,48993966;0,235595615;-0,02012068;1;0,213787553;0,401399965;-2,068937765;1;;;;;;;;;;;;;
379;-0,98053931;0,235808885;-0,01946069;1;-0,418244011;0,222848665;-0,163511978;1;-0,190633807;0,378184061;-0,046830967;1;;;;;;;;;;;;;
380;-0,750627938;0,228817772;-0,249372062;1;-0,456406752;0,222452549;-0,087186496;1;-0,540656187;0,376296891;1,703280936;1;;;;;;;;;;;;;
381;-1,121249782;0,198722262;0,121249782;1;-0,389030504;0,203601159;-0,221938992;1;-0,016788771;0,337821777;-0,916056144;1;;;;;;;;;;;;;
382;-1,109369851;0,265059103;0,109369851;1;-0,678093241;0,258196528;0,356186483;1;0,03883178;0,424544369;-1,194158899;1;;;;;;;;;;;;;
383;-0,777127212;0,23260774;-0,222872788;1;-0,293196011;0,217296186;-0,413607978;1;-0,733892954;0,37563371;2,669464769;1;;;;;;;;;;;;;
384;-1,015839647;0,259205774;0,015839647;1;-0,573225474;0,249061595;0,146450949;1;-0,392494044;0,44034316;0,962470219;1;;;;;;;;;;;;;
385;-1,207655679;0,266303863;0,207655679;1;-0,387422919;0,243073819;-0,225154161;1;-0,107620564;0,419760683;-0,461897178;1;;;;;;;;;;;;;
386;-0,974438578;0,233221093;-0,025561422;1;-0,099115787;0,229718484;-0,801768426;1;-0,90574416;0,408972883;3,528720798;1;;;;;;;;;;;;;
387;-1,033271975;0,23282107;0,033271975;1;-0,408906203;0,213784546;-0,182187594;1;-0,185529075;0,371206338;-0,072354624;1;;;;;;;;;;;;;
388;-0,81570097;0,228955474;-0,18429903;1;-0,582904862;0,220007775;0,165809725;1;0,111331731;0,379074539;-1,556658657;1;;;;;;;;;;;;;
389;-0,795737873;0,215520147;-0,204262127;1;-0,372075453;0,21367947;-0,255849094;1;-0,451889816;0,369421967;1,259449081;1;;;;;;;;;;;;;
390;-0,907896597;0,214621824;-0,092103403;1;-1,0080854;0,256377898;1,0161708;0;-0,520635894;0,410513752;1,603179469;1;;;;;;;;;;;;;
391;-0,927436022;0,245748157;-0,072563978;1;-0,370464011;0,241377318;-0,259071979;1;-0,680874051;0,431819451;2,404370256;1;;;;;;;;;;;;;
392;-1,012074349;0,238428938;0,012074349;1;-0,990244701;0,248689377;0,980489401;0;0,496431917;0,40443479;-3,482159583;1;;;;;;;;;;;;;
393;-1,085667554;0,264936634;0,085667554;1;-0,401766178;0,234341569;-0,196467644;1;0,209753093;0,408951352;-2,048765464;1;;;;;;;;;;;;;
394;-0,778000505;0,238279472;-0,221999495;1;-0,422968377;0,229950038;-0,154063246;1;-0,288196717;0,38048425;0,440983586;1;;;;;;;;;;;;;
395;-0,930709123;0,171648391;-0,069290877;1;-0,827978365;0,203842819;0,65595673;1;-0,129931546;0,315764699;-0,35034227;1;;;;;;;;;;;;;
396;-1,428943131;0,270771653;0,428943131;1;-0,794232195;0,267714565;0,58846439;1;0,536242754;0,421325483;-3,681213771;1;;;;;;;;;;;;;
397;-1,371078344;0,247671523;0,371078344;1;-0,513661312;0,220843298;0,027322625;1;0,279902935;0,352904043;-2,399514677;1;;;;;;;;;;;;;
398;-1,071920636;0,225724071;0,071920636;1;-0,19282453;0,208261041;-0,614350941;1;-0,134867422;0,360704836;-0,325662892;1;;;;;;;;;;;;;
399;-1,136051786;0,239414151;0,136051786;1;-0,259337089;0,22782443;-0,481325822;1;0,013851958;0,362526741;-1,069259789;1;;;;;;;;;;;;;
400;-1,620204605;0,301273315;0,620204605;0;-0,164388266;0,252717291;-0,671223468;1;0,360562525;0,451361255;-2,802812623;1;;;;;;;;;;;;;
401;-0,78644233;0,250140678;-0,21355767;1;-0,570097794;0,234819371;0,140195587;1;-0,265080119;0,381604085;0,325400596;1;;;;;;;;;;;;;
402;-0,9692189;0,218449916;-0,0307811;1;-0,302132276;0,232610551;-0,395735448;1;-0,568936328;0,398925088;1,844681638;1;;;;;;;;;;;;;
403;-1,117590187;0,19738697;0,117590187;1;-0,225864924;0,200336443;-0,548270152;1;-0,55406471;0,344159547;1,770323552;1;;;;;;;;;;;;;
404;-1,2124282;0,242692136;0,2124282;1;-0,769651711;0,259043823;0,539303423;1;-0,036962682;0,437668348;-0,81518659;1;;;;;;;;;;;;;
405;-1,377430407;0,245175912;0,377430407;1;-0,417507731;0,220030923;-0,164984537;1;0,593094794;0,373768715;-3,965473972;0;;;;;;;;;;;;;
406;-0,884147184;0,22085291;-0,115852816;1;-0,641130445;0,221145318;0,28226089;1;-0,010401534;0,353917313;-0,947992328;1;;;;;;;;;;;;;
407;-0,972591713;0,26527697;-0,027408287;1;-0,846097472;0,269064111;0,692194944;1;-0,218679531;0,436564513;0,093397654;1;;;;;;;;;;;;;
408;-0,848383856;0,24079303;-0,151616144;1;-0,817555894;0,273837113;0,635111788;1;-0,604709292;0,429045938;2,023546459;1;;;;;;;;;;;;;
409;-0,980743786;0,339165003;-0,019256214;1;-0,88779657;0,281865369;0,77559314;1;0,213947011;0,468544145;-2,069735054;1;;;;;;;;;;;;;
410;-0,940818842;0,238405284;-0,059181158;1;-1,050170738;0,276739545;1,100341475;0;-0,094240823;0,378067145;-0,528795885;1;;;;;;;;;;;;;
411;-1,105834497;0,223396768;0,105834497;1;-0,956855057;0,249435148;0,913710114;1;-0,098844969;0,38943168;-0,505775157;1;;;;;;;;;;;;;
412;-1,103328322;0,200533432;0,103328322;1;-0,277500916;0,197054848;-0,444998168;1;-0,009205503;0,348886036;-0,953972484;1;;;;;;;;;;;;;
413;-0,957250808;0,221184721;-0,042749192;1;-0,807351349;0,246995241;0,614702698;1;-0,177677924;0,377343111;-0,111610382;1;;;;;;;;;;;;;
414;-1,490895612;0,262111313;0,490895612;1;-0,30876744;0,22739471;-0,382465121;1;0,974539276;0,378825528;-5,872696382;0;;;;;;;;;;;;;
415;-1,243068705;0,263017182;0,243068705;1;-0,592357934;0,237421575;0,184715867;1;0,236564495;0,400218102;-2,182822473;1;;;;;;;;;;;;;
416;-0,608621025;0,178841464;-0,391378975;0;-0,567194417;0,200301539;0,134388835;1;-0,538324689;0,33473456;1,691623445;1;;;;;;;;;;;;;
417;-1,294906886;0,284413195;0,294906886;1;-0,326234151;0,254700754;-0,347531699;1;-0,046350557;0,436862708;-0,768247215;1;;;;;;;;;;;;;
418;-1,259094132;0,288157283;0,259094132;1;-0,772307551;0,254073909;0,544615102;1;0,388371955;0,407670996;-2,941859776;1;;;;;;;;;;;;;
419;-0,999285982;0,20295002;-0,000714018;1;-0,425722104;0,212905829;-0,148555792;1;-0,405025402;0,350200134;1,025127012;1;;;;;;;;;;;;;
420;-0,676459435;0,279240683;-0,323540565;1;-0,911450843;0,25738805;0,822901686;1;-0,299243625;0,43367136;0,496218123;1;;;;;;;;;;;;;
421;-0,925239533;0,250288508;-0,074760467;1;-0,583983108;0,245532879;0,167966216;1;-0,723143661;0,42216558;2,615718303;1;;;;;;;;;;;;;
422;-1,020944856;0,223446041;0,020944856;1;-0,413369293;0,225372784;-0,173261414;1;-0,257598064;0,364321446;0,287990319;1;;;;;;;;;;;;;
423;-0,774771412;0,184528204;-0,225228588;1;-0,858560961;0,210446724;0,717121923;1;-0,335509812;0,312312647;0,677549058;1;;;;;;;;;;;;;
424;-0,961098091;0,254786067;-0,038901909;1;-0,769899155;0,248332653;0,539798309;1;0,20024037;0,40266137;-2,001201852;1;;;;;;;;;;;;;
425;-0,832459195;0,230749793;-0,167540805;1;-0,960471524;0,242617335;0,920943049;1;-0,528802637;0,387137859;1,644013186;1;;;;;;;;;;;;;
426;-1,211684717;0,290799534;0,211684717;1;-0,354484001;0,256287405;-0,291031997;1;0,477136528;0,445277537;-3,38568264;1;;;;;;;;;;;;;
427;-1,257361154;0,24713852;0,257361154;1;-0,35395344;0,228351769;-0,292093119;1;0,037182191;0,406532948;-1,185910957;1;;;;;;;;;;;;;
428;-1,170928309;0,278194439;0,170928309;1;-0,429286459;0,239683433;-0,141427083;1;0,002574818;0,419188087;-1,012874088;1;;;;;;;;;;;;;
429;-0,719573133;0,214072652;-0,280426867;1;-0,444959042;0,215068652;-0,110081916;1;-0,741966911;0,373857852;2,709834556;1;;;;;;;;;;;;;
430;-1,028887676;0,255477488;0,028887676;1;-0,863895579;0,275238114;0,727791159;1;-0,201360152;0,426933743;0,006800759;1;;;;;;;;;;;;;
431;-0,815362762;0,230311405;-0,184637238;1;-0,60291971;0,228648475;0,20583942;1;-0,544396187;0,392202044;1,721980934;1;;;;;;;;;;;;;
432;-1,264383642;0,264720402;0,264383642;1;-0,418543779;0,233184783;-0,162912441;1;0,084434397;0,425719581;-1,422171987;1;;;;;;;;;;;;;
433;-0,960485911;0,232651147;-0,039514089;1;-0,22271056;0,220885464;-0,554578881;1;-0,48633554;0,387315475;1,4316777;1;;;;;;;;;;;;;
434;-1,497618556;0,235377539;0,497618556;0;-0,118468071;0,199858342;-0,763063859;1;0,623565942;0,341760804;-4,11782971;0;;;;;;;;;;;;;
435;-1,227937593;0,247142373;0,227937593;1;-0,301340347;0,226135114;-0,397319306;1;0,112395424;0,383504563;-1,561977118;1;;;;;;;;;;;;;
436;-1,085955102;0,247747212;0,085955102;1;-0,483666409;0,233151618;-0,032667182;1;0,087909446;0,398029426;-1,439547228;1;;;;;;;;;;;;;
437;-1,519245881;0,270120065;0,519245881;1;-0,35037972;0,255060584;-0,29924056;1;0,195520865;0,421824335;-1,977604327;1;;;;;;;;;;;;;
438;-0,945233709;0,199457758;-0,054766291;1;-0,480856066;0,204596219;-0,038287868;1;-0,182663076;0,324034588;-0,086684618;1;;;;;;;;;;;;;
439;-1,555272321;0,344962059;0,555272321;1;-0,710776227;0,320824713;0,421552454;1;-0,265548053;0,543593139;0,327740264;1;;;;;;;;;;;;;
440;-0,65119605;0,248066586;-0,34880395;1;-0,411401847;0,244005801;-0,177196305;1;-1,060683456;0,427453598;4,303417282;0;;;;;;;;;;;;;
441;-0,840678632;0,263489886;-0,159321368;1;-0,627527068;0,23958273;0,255054137;1;-0,218753567;0,412283592;0,093767837;1;;;;;;;;;;;;;
442;-1,154286277;0,196025753;0,154286277;1;-0,361199083;0,191178872;-0,277601835;1;0,106849447;0,306024078;-1,534247237;1;;;;;;;;;;;;;
443;-1,20938547;0,267254597;0,20938547;1;-0,604315441;0,25012015;0,208630882;1;0,224572492;0,451285657;-2,12286246;1;;;;;;;;;;;;;
444;-1,127538972;0,184096581;0,127538972;1;-0,517750883;0,188057573;0,035501766;1;0,242916042;0,310231098;-2,214580211;1;;;;;;;;;;;;;
445;-0,973093544;0,21989595;-0,026906456;1;0,048053699;0,200328686;-1,096107398;0;-0,37171448;0,363811791;0,858572402;1;;;;;;;;;;;;;
446;-1,132050172;0,223018355;0,132050172;1;-0,564277384;0,225688103;0,128554768;1;0,201077823;0,361469204;-2,005389113;1;;;;;;;;;;;;;
447;-1,282812135;0,305636996;0,282812135;1;0,000448855;0,258690133;-1,00089771;1;-0,051570188;0,434673727;-0,742149059;1;;;;;;;;;;;;;
448;-1,333038572;0,252397232;0,333038572;1;-0,357475121;0,222260237;-0,285049758;1;0,111306619;0,405807785;-1,556533097;1;;;;;;;;;;;;;
449;-1,21315304;0,275617212;0,21315304;1;-1,063950462;0,273641647;1,127900924;0;0,520427496;0,426843925;-3,60213748;1;;;;;;;;;;;;;
450;-0,902212226;0,222583526;-0,097787774;1;-0,752637902;0,24100263;0,505275804;1;-0,168025192;0,362552506;-0,159874038;1;;;;;;;;;;;;;
451;-1,349090444;0,282882805;0,349090444;1;-0,512120869;0,243259998;0,024241738;1;0,812353147;0,412682786;-5,061765737;0;;;;;;;;;;;;;
452;-0,6724962;0,175138093;-0,3275038;1;-0,881147338;0,210061951;0,762294676;1;-0,602505521;0,330281136;2,012527604;1;;;;;;;;;;;;;
453;-1,077457068;0,253567928;0,077457068;1;-0,497864974;0,231296078;-0,004270051;1;-0,030324827;0,381177179;-0,848375864;1;;;;;;;;;;;;;
454;-0,99353129;0,245034523;-0,00646871;1;-0,988994879;0,262460686;0,977989758;1;-0,019709975;0,410307736;-0,901450126;1;;;;;;;;;;;;;
455;-1,221058347;0,270147725;0,221058347;1;-0,489667777;0,248947098;-0,020664447;1;0,119463349;0,391634481;-1,597316746;1;;;;;;;;;;;;;
456;-0,819360746;0,216247135;-0,180639254;1;-0,470821863;0,211225633;-0,058356274;1;-0,341540465;0,348777574;0,707702325;1;;;;;;;;;;;;;
457;-1,241567017;0,261910908;0,241567017;1;-0,46766086;0,246425541;-0,06467828;1;0,023742422;0,428270648;-1,118712111;1;;;;;;;;;;;;;
458;-1,437386944;0,279376912;0,437386944;1;-0,446383329;0,245934498;-0,107233342;1;0,219486214;0,413429502;-2,09743107;1;;;;;;;;;;;;;
459;-0,924393332;0,220448154;-0,075606668;1;-0,650276665;0,233031798;0,300553331;1;-0,408010948;0,364541347;1,040054738;1;;;;;;;;;;;;;
460;-1,045108492;0,245406705;0,045108492;1;-0,553612739;0,21409109;0,107225478;1;0,124505225;0,392806344;-1,622526127;1;;;;;;;;;;;;;
461;-1,18804047;0,262158455;0,18804047;1;-0,542221995;0,244230012;0,08444399;1;0,115125179;0,409366166;-1,575625893;1;;;;;;;;;;;;;
462;-1,14239222;0,288060612;0,14239222;1;-0,945042133;0,259889495;0,890084267;1;0,179363368;0,418534491;-1,896816838;1;;;;;;;;;;;;;
463;-1,100847299;0,264066535;0,100847299;1;-0,178998567;0,244997956;-0,642002866;1;-0,225969112;0,422669326;0,12984556;1;;;;;;;;;;;;;
464;-0,812330001;0,193382521;-0,187669999;1;-0,732233885;0,207250744;0,46446777;1;-0,216614775;0,340099851;0,083073877;1;;;;;;;;;;;;;
465;-1,235130554;0,220039326;0,235130554;1;-0,707947537;0,220293859;0,415895073;1;0,457004753;0,358126105;-3,285023763;1;;;;;;;;;;;;;
466;-0,889679605;0,237348928;-0,110320395;1;-0,488574975;0,248263672;-0,02285005;1;-0,730255307;0,41147794;2,651276533;1;;;;;;;;;;;;;
467;-1,169493629;0,240271716;0,169493629;1;-0,462538428;0,220072785;-0,074923143;1;0,395251618;0,359454269;-2,97625809;1;;;;;;;;;;;;;
468;-1,04608528;0,212148755;0,04608528;1;-0,757517942;0,229212237;0,515035885;1;-0,398254566;0,36209033;0,991272831;1;;;;;;;;;;;;;
469;-0,962127738;0,222353452;-0,037872262;1;-0,525752068;0,226403704;0,051504137;1;-0,429661573;0,358274147;1,148307863;1;;;;;;;;;;;;;
470;-1,105600047;0,199103026;0,105600047;1;-0,548282451;0,206043508;0,096564902;1;0,147476077;0,324033882;-1,737380387;1;;;;;;;;;;;;;
471;-0,887814264;0,215165803;-0,112185736;1;-0,520066782;0,228680532;0,040133563;1;-0,924204314;0,420888672;3,621021568;1;;;;;;;;;;;;;
472;-0,981438213;0,289298629;-0,018561787;1;-0,467332207;0,257655073;-0,065335585;1;-0,139765423;0,486326429;-0,301172883;1;;;;;;;;;;;;;
473;-0,574797839;0,20860943;-0,425202161;0;-0,657416822;0,228048698;0,314833644;1;-0,932538194;0,377087186;3,66269097;1;;;;;;;;;;;;;
474;-0,970041498;0,198343053;-0,029958502;1;-0,314315705;0,214069343;-0,37136859;1;-0,643650685;0,357401216;2,218253427;1;;;;;;;;;;;;;
475;-0,8800091;0,232882314;-0,1199909;1;-0,743164738;0,244716204;0,486329476;1;-0,142730636;0,388952085;-0,286346822;1;;;;;;;;;;;;;
476;-0,84948125;0,239749537;-0,15051875;1;-0,82138534;0,264097534;0,642770679;1;-0,538594744;0,418876516;1,692973719;1;;;;;;;;;;;;;
477;-1,14720323;0,254540516;0,14720323;1;-0,425183495;0,232993068;-0,14963301;1;-0,052918802;0,400659274;-0,735405989;1;;;;;;;;;;;;;
478;-1,442715334;0,261822786;0,442715334;1;-0,970336078;0,250032584;0,940672157;1;0,546823831;0,381608568;-3,734119156;1;;;;;;;;;;;;;
479;-0,894617574;0,198824533;-0,105382426;1;-0,521460318;0,210370838;0,042920636;1;-0,563375465;0,375168577;1,816877325;1;;;;;;;;;;;;;
480;-0,780905355;0,224539115;-0,219094645;1;-0,60552948;0,226348308;0,21105896;1;-0,529581357;0,386874929;1,647906785;1;;;;;;;;;;;;;
481;-0,825173131;0,214783205;-0,174826869;1;-0,840367022;0,225150035;0,680734044;1;-0,217620921;0,346617649;0,088104604;1;;;;;;;;;;;;;
482;-0,94578789;0,216333853;-0,05421211;1;-0,228400075;0,208153123;-0,54319985;1;-0,7154476;0,358077414;2,577238001;1;;;;;;;;;;;;;
483;-1,238460325;0,268271903;0,238460325;1;-0,291490811;0,240807824;-0,417018378;1;-0,085839695;0,404127492;-0,570801523;1;;;;;;;;;;;;;
484;-1,096704374;0,227181911;0,096704374;1;-0,734629234;0,225423163;0,469258468;1;0,205108861;0,360739264;-2,025544305;1;;;;;;;;;;;;;
485;-1,189507132;0,298232453;0,189507132;1;-0,042385542;0,250587194;-0,915228915;1;0,294277649;0,455129701;-2,471388246;1;;;;;;;;;;;;;
486;-0,844957966;0,198038225;-0,155042034;1;-0,571389913;0,212025046;0,142779827;1;-0,601074742;0,329520266;2,005373711;1;;;;;;;;;;;;;
487;-1,082563139;0,245918099;0,082563139;1;-0,983194843;0,281297713;0,966389686;1;-0,47053706;0,41299864;1,352685302;1;;;;;;;;;;;;;
488;-0,93992157;0,199342857;-0,06007843;1;-0,584877625;0,202698031;0,169755249;1;-0,29920979;0,328510998;0,496048949;1;;;;;;;;;;;;;
489;-0,726247687;0,188120678;-0,273752313;1;-0,591296174;0,199541492;0,182592348;1;-0,473863229;0,325917238;1,369316147;1;;;;;;;;;;;;;
490;-1,141821205;0,20899748;0,141821205;1;-0,535571227;0,204869587;0,071142455;1;0,16664054;0,324231435;-1,833202701;1;;;;;;;;;;;;;
491;-1,149156853;0,2681271;0,149156853;1;-0,204141247;0,224058198;-0,591717506;1;0,06223337;0,399183091;-1,311166851;1;;;;;;;;;;;;;
492;-1,328615936;0,272260829;0,328615936;1;-0,416836672;0,265562969;-0,166326655;1;0,113298053;0,448077074;-1,566490266;1;;;;;;;;;;;;;
493;-1,088932927;0,241865224;0,088932927;1;-0,712126856;0,224367703;0,424253711;1;0,298104889;0,381976328;-2,490524445;1;;;;;;;;;;;;;
494;-0,786954851;0,224514947;-0,213045149;1;-0,679449804;0,233772999;0,358899608;1;-0,348690847;0,396297076;0,743454234;1;;;;;;;;;;;;;
495;-0,667794271;0,214919705;-0,332205729;1;-0,668752174;0,223549525;0,337504347;1;-0,642658232;0,376849612;2,213291162;1;;;;;;;;;;;;;
496;-1,243373778;0,25502333;0,243373778;1;0,180582299;0,227989318;-1,361164598;0;-0,574668724;0,410190697;1,873343622;1;;;;;;;;;;;;;
497;-1,145520598;0,240274752;0,145520598;1;-0,447264048;0,235397083;-0,105471903;1;-0,316233909;0,401213434;0,581169547;1;;;;;;;;;;;;;
498;-0,996990629;0,256305537;-0,003009371;1;-0,245162563;0,238184007;-0,509674874;1;-0,672652889;0,423595621;2,363264444;1;;;;;;;;;;;;;
499;-1,479871669;0,274487516;0,479871669;1;-0,260999711;0,251144454;-0,478000578;1;0,125940722;0,433884472;-1,62970361;1;;;;;;;;;;;;;
500;-1,342035153;0,273506379;0,342035153;1;-0,375969362;0,245893004;-0,248061277;1;0,276524438;0,417759294;-2,382622188;1;;;;;;;;;;;;;
501;-0,720627541;0,2410029;-0,279372459;1;-0,466310474;0,238179029;-0,067379053;1;-0,799605367;0,43772986;2,998026834;1;;;;;;;;;;;;;
502;-0,665152251;0,21080461;-0,334847749;1;-0,44856597;0,229113362;-0,10286806;1;-1,147293911;0,415747508;4,736469556;0;;;;;;;;;;;;;
503;-0,984572085;0,244560692;-0,015427915;1;-0,625676965;0,245160989;0,25135393;1;-0,508895606;0,399126619;1,544478029;1;;;;;;;;;;;;;
504;-1,160196439;0,21750283;0,160196439;1;-0,423559597;0,215893631;-0,152880805;1;0,095633149;0,343279067;-1,478165746;1;;;;;;;;;;;;;
505;-0,796402665;0,204654833;-0,203597335;1;-0,677248153;0,214272688;0,354496306;1;-0,626825512;0,349310845;2,13412756;1;;;;;;;;;;;;;
506;-0,953303772;0,201001447;-0,046696228;1;-0,883831519;0,222105917;0,767663038;1;-0,03585692;0,326170858;-0,820715402;1;;;;;;;;;;;;;
507;-0,699007194;0,221898403;-0,300992806;1;-0,490674798;0,214415503;-0,018650403;1;-0,786536362;0,365457156;2,932681809;1;;;;;;;;;;;;;
508;-0,982112335;0,261253562;-0,017887665;1;-0,740328784;0,22807315;0,480657569;1;0,243915709;0,39415784;-2,219578543;1;;;;;;;;;;;;;
509;-1,289734416;0,224192508;0,289734416;1;-0,055817385;0,197654427;-0,88836523;0;0,214427913;0,346578234;-2,072139563;1;;;;;;;;;;;;;
510;-1,005797699;0,25218127;0,005797699;1;-0,414026116;0,22653473;-0,171947767;1;-0,14562119;0,401093191;-0,27189405;1;;;;;;;;;;;;;
511;-1,018175914;0,219515609;0,018175914;1;-0,619940573;0,232880543;0,239881145;1;-0,271802606;0,374468702;0,359013031;1;;;;;;;;;;;;;
512;-0,940746923;0,218632266;-0,059253077;1;-1,177693535;0,247906678;1,355387071;0;-0,055481661;0,35204835;-0,722591695;1;;;;;;;;;;;;;
513;-0,881836171;0,197612114;-0,118163829;1;-0,574136858;0,210274666;0,148273716;1;-0,50409597;0,364976911;1,520479852;1;;;;;;;;;;;;;
514;-1,164250146;0,18923789;0,164250146;1;-0,812248259;0,215239437;0,624496518;1;0,292472046;0,297725912;-2,46236023;1;;;;;;;;;;;;;
515;-1,115560993;0,251118695;0,115560993;1;-0,335704298;0,228880488;-0,328591404;1;0,045900036;0,37902032;-1,229500181;1;;;;;;;;;;;;;
516;-1,128594205;0,239372483;0,128594205;1;-0,717992258;0,227499267;0,435984516;1;0,319792387;0,369676169;-2,598961934;1;;;;;;;;;;;;;
517;-0,886549383;0,277343347;-0,113450617;1;-0,869192762;0,26971975;0,738385523;1;0,209212092;0,44596043;-2,046060462;1;;;;;;;;;;;;;
518;-0,991949705;0,257999338;-0,008050295;1;-0,766198736;0,250919715;0,532397472;1;-0,075164161;0,414888234;-0,624179196;1;;;;;;;;;;;;;
519;-0,772841306;0,252494559;-0,227158694;1;-0,63644156;0,261759018;0,272883119;1;-0,337040441;0,458828737;0,685202207;1;;;;;;;;;;;;;
520;-1,070820452;0,259378539;0,070820452;1;-0,983286708;0,273441884;0,966573416;1;0,575028802;0,424497583;-3,875144008;1;;;;;;;;;;;;;
521;-1,266082072;0,312360995;0,266082072;1;-0,704151166;0,28548622;0,408302332;1;0,261821247;0,501395037;-2,309106236;1;;;;;;;;;;;;;
522;-0,979817962;0,234610281;-0,020182038;1;-1,074661546;0,261793624;1,149323092;0;-0,430116968;0,404534851;1,150584839;1;;;;;;;;;;;;;
523;-1,269293666;0,271532576;0,269293666;1;-0,572884936;0,247376242;0,145769873;1;-0,026930545;0,427938948;-0,865347274;1;;;;;;;;;;;;;
524;-0,609219232;0,189108425;-0,390780768;0;-0,458254161;0,200788469;-0,083491678;1;-0,792496808;0,337728106;2,962484039;1;;;;;;;;;;;;;
525;-1,255592834;0,250870903;0,255592834;1;-0,360207357;0,22200071;-0,279585287;1;0,082244461;0,351259034;-1,411222304;1;;;;;;;;;;;;;
526;-0,405666893;0,205781298;-0,594333107;0;-0,787620816;0,227933942;0,575241631;1;-0,922078579;0,351606569;3,610392895;0;;;;;;;;;;;;;
527;-0,741841558;0,243282029;-0,258158442;1;-0,466601452;0,216032589;-0,066797096;1;-0,309594411;0,368276643;0,547972054;1;;;;;;;;;;;;;
528;-1,146140317;0,220661472;0,146140317;1;-0,360035148;0,221165741;-0,279929705;1;0,172384395;0,367451061;-1,861921973;1;;;;;;;;;;;;;
529;-0,807359606;0,202210524;-0,192640394;1;-0,997091013;0,233102996;0,994182027;0;-0,45436535;0,353438861;1,271826752;1;;;;;;;;;;;;;
530;-1,055617058;0,234515992;0,055617058;1;-0,031943464;0,213766819;-0,936113071;0;-0,342433035;0,367040634;0,712165174;1;;;;;;;;;;;;;
531;-1,067831267;0,208478763;0,067831267;1;-0,506391872;0,222723628;0,012783745;1;-0,603711245;0,378339823;2,018556223;1;;;;;;;;;;;;;
532;-1,060782477;0,248450792;0,060782477;1;-0,649743391;0,249097651;0,299486782;1;-0,014180395;0,396601708;-0,929098027;1;;;;;;;;;;;;;
533;-1,148353985;0,21452849;0,148353985;1;-0,792186703;0,221079048;0,584373407;1;0,308742896;0,324429928;-2,543714479;1;;;;;;;;;;;;;
534;-0,728898285;0,185512201;-0,271101715;1;-0,57435364;0,210096764;0,148707281;1;-0,347527886;0,345285473;0,737639429;1;;;;;;;;;;;;;
535;-1,269250843;0,29454531;0,269250843;1;-0,384039259;0,262521569;-0,231921482;1;0,345735275;0,444158862;-2,728676374;1;;;;;;;;;;;;;
536;-0,787317643;0,28009153;-0,212682357;1;-0,177753362;0,248722633;-0,644493277;1;-1,0514388;0,427200412;4,257193999;0;;;;;;;;;;;;;
537;-1,179424833;0,236243686;0,179424833;1;-0,209571323;0,217699423;-0,580857354;1;-0,476876529;0,381237136;1,384382647;1;;;;;;;;;;;;;
538;-1,029234956;0,212030277;0,029234956;1;-0,449691464;0,215099522;-0,100617072;1;-0,397438419;0,359224829;0,987192093;1;;;;;;;;;;;;;
539;-0,838976669;0,211202555;-0,161023331;1;-0,387053268;0,193911633;-0,225893464;1;-0,364757599;0,323308617;0,823787995;1;;;;;;;;;;;;;
540;-0,658056194;0,230457963;-0,341943806;1;-0,764620717;0,246381753;0,529241434;1;-0,693763571;0,384932098;2,468817856;1;;;;;;;;;;;;;
541;-0,96781863;0,236383982;-0,03218137;1;-0,391979351;0,219369619;-0,216041297;1;-0,288619181;0,399003051;0,443095903;1;;;;;;;;;;;;;
542;-1,045067577;0,234982318;0,045067577;1;-0,460770584;0,226675813;-0,078458832;1;0,228532264;0,377138541;-2,142661318;1;;;;;;;;;;;;;
543;-0,580783823;0,254692072;-0,419216177;1;-0,70599687;0,260554385;0,411993739;1;-0,864159381;0,435960992;3,320796907;1;;;;;;;;;;;;;
544;-0,837112951;0,223317093;-0,162887049;1;-0,712035634;0,253339977;0,424071269;1;-0,444258442;0,39911731;1,22129221;1;;;;;;;;;;;;;
545;-0,978571563;0,265748535;-0,021428437;1;-0,367954797;0,260176793;-0,264090406;1;0,039274099;0,432543758;-1,196370496;1;;;;;;;;;;;;;
546;-1,140939527;0,206240429;0,140939527;1;-0,538811182;0,215485899;0,077622364;1;-0,134429001;0,355438751;-0,327854993;1;;;;;;;;;;;;;
547;-0,944297271;0,191514612;-0,055702729;1;-0,699069621;0,216890956;0,398139241;1;-0,165930607;0,343298054;-0,170346964;1;;;;;;;;;;;;;
548;-0,44632152;0,206376741;-0,55367848;0;-0,583898486;0,217394065;0,167796972;1;-1,150155365;0,384285557;4,750776824;0;;;;;;;;;;;;;
549;-1,058342738;0,339958392;0,058342738;1;-0,478345869;0,276508032;-0,043308262;1;-0,085990335;0,498442036;-0,570048324;1;;;;;;;;;;;;;
550;-1,165246938;0,233453382;0,165246938;1;-0,280802747;0,218385263;-0,438394507;1;-0,03293151;0,379985589;-0,835342448;1;;;;;;;;;;;;;
551;-1,573268045;0,253104759;0,573268045;0;-0,08495219;0,216685411;-0,83009562;1;0,536705449;0,354280765;-3,683527244;0;;;;;;;;;;;;;
552;-0,451079513;0,27418897;-0,548920487;0;-0,308498462;0,247888249;-0,383003075;1;-1,082896098;0,419587066;4,414480492;0;;;;;;;;;;;;;
553;-0,888703949;0,187480357;-0,111296051;1;-0,408295091;0,196583839;-0,183409819;1;-0,355276143;0,320801397;0,776380717;1;;;;;;;;;;;;;
554;-1,200917931;0,249597281;0,200917931;1;-0,022160284;0,214655782;-0,955679432;0;0,335809912;0,378974177;-2,67904956;1;;;;;;;;;;;;;
555;-1,070093669;0,236700954;0,070093669;1;-0,230079623;0,201000203;-0,539840754;1;0,113398032;0,346996683;-1,566990162;1;;;;;;;;;;;;;
556;-0,774706932;0,196342086;-0,225293068;1;-0,69644412;0,204075849;0,392888241;1;-0,303624326;0,339098301;0,51812163;1;;;;;;;;;;;;;
557;-0,801933212;0,250276791;-0,198066788;1;-0,628752578;0,249399199;0,257505156;1;-0,368713838;0,394889447;0,843569191;1;;;;;;;;;;;;;
558;-1,544948155;0,248337208;0,544948155;0;-0,16254525;0,217696279;-0,674909499;1;0,395493988;0,383157837;-2,977469939;1;;;;;;;;;;;;;
559;-0,960929779;0,269160253;-0,039070221;1;-0,135947774;0,244045052;-0,728104453;1;-1,083343281;0,450441515;4,416716406;0;;;;;;;;;;;;;
560;-0,912525984;0,271578655;-0,087474016;1;-0,468111928;0,256562775;-0,063776144;1;-0,673519888;0,431689951;2,36759944;1;;;;;;;;;;;;;
561;-0,946122505;0,201507237;-0,053877495;1;-0,629839267;0,215134794;0,259678533;1;-0,146426863;0,346972306;-0,267865686;1;;;;;;;;;;;;;
562;-0,915814153;0,235791679;-0,084185847;1;-0,48066925;0,233198313;-0,038661499;1;0,28621462;0,357920513;-2,431073102;1;;;;;;;;;;;;;
563;-0,70463465;0,203081716;-0,29536535;1;-0,83171532;0,225747865;0,663430641;1;-0,538137865;0,353354124;1,690689326;1;;;;;;;;;;;;;
564;-0,969873372;0,243974595;-0,030126628;1;-0,457987192;0,232713314;-0,084025616;1;-0,52594752;0,416791805;1,6297376;1;;;;;;;;;;;;;
565;-0,895292022;0,24401721;-0,104707978;1;-0,650976332;0,224218323;0,301952663;1;-0,281455188;0,387573789;0,40727594;1;;;;;;;;;;;;;
566;-1,031003718;0,260151795;0,031003718;1;-0,709890266;0,254067815;0,419780532;1;-0,206848795;0,390544457;0,034243974;1;;;;;;;;;;;;;
567;-1,270573471;0,238867516;0,270573471;1;-0,538196946;0,235257643;0,076393892;1;-0,206513565;0,395977041;0,032567825;1;;;;;;;;;;;;;
568;-1,341500008;0,237182952;0,341500008;1;-0,597542453;0,223716451;0,195084907;1;0,42902349;0,366124054;-3,145117448;1;;;;;;;;;;;;;
569;-1,232344246;0,280928386;0,232344246;1;-0,415236094;0,250815543;-0,169527811;1;-0,247779506;0,421929537;0,238897529;1;;;;;;;;;;;;;
570;-1,185276955;0,231814552;0,185276955;1;-0,440962459;0,218420709;-0,118075082;1;0,335393424;0,375773632;-2,676967119;1;;;;;;;;;;;;;
571;-0,945483678;0,244687568;-0,054516322;1;-0,343596869;0,216959885;-0,312806262;1;-0,09155472;0,372187643;-0,542226401;1;;;;;;;;;;;;;
572;-0,591386234;0,235077772;-0,408613766;1;-0,891147821;0,241088587;0,782295643;1;-0,473344157;0,390925166;1,366720786;1;;;;;;;;;;;;;
573;-1,06066063;0,257672161;0,06066063;1;-0,737400587;0,251155324;0,474801173;1;0,106304863;0,421488268;-1,531524315;1;;;;;;;;;;;;;
574;-1,008953025;0,224202444;0,008953025;1;-0,284952478;0,206366005;-0,430095044;1;0,017709666;0,362562049;-1,08854833;1;;;;;;;;;;;;;
575;-1,044224035;0,21754484;0,044224035;1;-0,83827563;0,229865907;0,67655126;1;0,050336043;0,368274397;-1,251680217;1;;;;;;;;;;;;;
576;-1,349571548;0,246785827;0,349571548;1;-0,704359765;0,246042649;0,40871953;1;0,506931067;0,397776751;-3,534655335;1;;;;;;;;;;;;;
577;-0,795498955;0,321001523;-0,204501045;1;-0,409990997;0,273263303;-0,180018006;1;-0,964525818;0,500641915;3,822629091;1;;;;;;;;;;;;;
578;-1,083707222;0,223809536;0,083707222;1;-0,81518611;0,229072549;0,630372219;1;0,007055249;0,355331308;-1,035276244;1;;;;;;;;;;;;;
579;-1,466408742;0,264574858;0,466408742;1;-0,535453302;0,257862137;0,070906605;1;0,331124662;0,428424127;-2,655623312;1;;;;;;;;;;;;;
580;-0,852676229;0,239716656;-0,147323771;1;-0,798008564;0,253012823;0,596017128;1;-0,432722557;0,408656175;1,163612787;1;;;;;;;;;;;;;
581;-0,918580535;0,21851398;-0,081419465;1;-0,560269369;0,218262542;0,120538738;1;-0,259154417;0,363677237;0,295772083;1;;;;;;;;;;;;;
582;-0,677072912;0,226866263;-0,322927088;1;-0,622669141;0,220466657;0,245338282;1;-0,38953744;0,373378899;0,947687202;1;;;;;;;;;;;;;
583;-1,130200365;0,240729016;0,130200365;1;-0,617817614;0,239962694;0,235635227;1;0,072914057;0,401038925;-1,364570284;1;;;;;;;;;;;;;
584;-1,215631903;0,236601734;0,215631903;1;-0,677450614;0,239237456;0,354901229;1;0,123820367;0,375228794;-1,619101833;1;;;;;;;;;;;;;
585;-1,062224575;0,251743117;0,062224575;1;-0,320667718;0,234790267;-0,358664564;1;-0,368138646;0,40507504;0,840693232;1;;;;;;;;;;;;;
586;-0,803888938;0,233035029;-0,196111062;1;-0,954857577;0,253694851;0,909715153;1;-0,462346112;0,390263627;1,311730561;1;;;;;;;;;;;;;
587;-1,09192761;0,261824789;0,09192761;1;-1,079595651;0,269871465;1,159191303;0;0,633396771;0,41871034;-4,166983853;0;;;;;;;;;;;;;
588;-1,051668909;0,258956156;0,051668909;1;-0,326748441;0,236260267;-0,346503118;1;-0,484022327;0,3969003;1,420111636;1;;;;;;;;;;;;;
589;-0,898004873;0,25447469;-0,101995127;1;-0,49540443;0,239394245;-0,00919114;1;-0,581445214;0,425961125;1,907226068;1;;;;;;;;;;;;;
590;-0,868976648;0,199533272;-0,131023352;1;-0,656108803;0,222572224;0,312217607;1;-0,499083042;0,355891807;1,495415208;1;;;;;;;;;;;;;
591;-0,747453487;0,236571782;-0,252546513;1;-0,341923799;0,228468093;-0,316152402;1;-0,254780977;0,369980422;0,273904886;1;;;;;;;;;;;;;
592;-0,876438387;0,278332917;-0,123561613;1;-0,306777826;0,257638438;-0,386444348;1;-0,260649716;0,455538789;0,303248578;1;;;;;;;;;;;;;
593;-1,078016707;0,238446587;0,078016707;1;-0,328614542;0,216849317;-0,342770916;1;-0,314172536;0,413828908;0,570862678;1;;;;;;;;;;;;;
594;-0,772502028;0,216253755;-0,227497972;1;-0,457050678;0,210099341;-0,085898644;1;-0,587020791;0,356179543;1,935103954;1;;;;;;;;;;;;;
595;-1,000934666;0,261014276;0,000934666;1;-0,513522853;0,231789635;0,027045706;1;-0,088736969;0,390131977;-0,556315157;1;;;;;;;;;;;;;
596;-0,87716345;0,209374274;-0,12283655;1;-0,788878766;0,235115059;0,577757532;1;-0,624596673;0,393193817;2,122983366;1;;;;;;;;;;;;;
597;-1,169035485;0,238924999;0,169035485;1;-0,439647628;0,218725477;-0,120704744;1;0,126973657;0,362830308;-1,634868284;1;;;;;;;;;;;;;
598;-1,172971884;0,216448397;0,172971884;1;-0,134983156;0,202495291;-0,730033688;1;-0,067342323;0,329811431;-0,663288385;1;;;;;;;;;;;;;
599;-0,489598071;0,205596433;-0,510401929;0;-0,747228562;0,228852327;0,494457124;1;-0,742446281;0,375880127;2,712231406;1;;;;;;;;;;;;;
600;-0,76110767;0,234177916;-0,23889233;1;-0,209211198;0,221083382;-0,581577605;1;-0,473664277;0,397716703;1,368321387;1;;;;;;;;;;;;;
601;-0,569533413;0,174431387;-0,430466587;0;-0,610902036;0,220096965;0,221804072;1;-0,899568499;0,331921385;3,497842495;0;;;;;;;;;;;;;
602;-0,926434751;0,235605051;-0,073565249;1;-0,467926916;0,227125714;-0,064146167;1;0,163028842;0,384019078;-1,815144209;1;;;;;;;;;;;;;
603;-1,030234864;0,222543147;0,030234864;1;-0,335468946;0,217550295;-0,329062107;1;-0,353413111;0,372640053;0,767065557;1;;;;;;;;;;;;;
604;-1,191987802;0,21786103;0,191987802;1;-0,46463082;0,227347283;-0,07073836;1;-0,59591443;0,38167561;1,979572151;1;;;;;;;;;;;;;
605;-1,212927106;0,286460563;0,212927106;1;-0,280232947;0,252370301;-0,439534105;1;-0,103269594;0,446018791;-0,483652032;1;;;;;;;;;;;;;
606;-0,805115307;0,196769778;-0,194884693;1;-0,476962434;0,212090895;-0,046075132;1;-0,952867251;0,363548157;3,764336256;0;;;;;;;;;;;;;
607;-1,123708274;0,255826235;0,123708274;1;-0,380128383;0,228079324;-0,239743234;1;0,128587384;0,385638862;-1,642936921;1;;;;;;;;;;;;;
608;-1,119107634;0,245960632;0,119107634;1;-0,344766979;0,21781424;-0,310466042;1;0,11001466;0,369200587;-1,550073302;1;;;;;;;;;;;;;
609;-1,119031457;0,234043215;0,119031457;1;-0,73249723;0,243895617;0,46499446;1;0,185957421;0,396512073;-1,929787104;1;;;;;;;;;;;;;
610;-0,743368292;0,244666221;-0,256631708;1;-0,82717499;0,24007123;0,65434998;1;-0,570339092;0,38552911;1,85169546;1;;;;;;;;;;;;;
611;-0,701202971;0,233359719;-0,298797029;1;-0,87347847;0,239068101;0,746956941;1;-0,421099123;0,399355132;1,105495617;1;;;;;;;;;;;;;
612;-0,598250365;0,189048098;-0,401749635;0;-0,885663506;0,211636103;0,771327011;1;-0,642116741;0,344114753;2,210583706;1;;;;;;;;;;;;;
613;-0,907862244;0,238650428;-0,092137756;1;-0,684765283;0,23696427;0,369530565;1;-0,20399065;0,383433384;0,01995325;1;;;;;;;;;;;;;
614;-1,192185374;0,222846874;0,192185374;1;-0,701411069;0,223546975;0,402822138;1;0,039066144;0,361785451;-1,195330718;1;;;;;;;;;;;;;
615;-1,114272743;0,216145533;0,114272743;1;-0,036120702;0,208035683;-0,927758596;0;-0,499543202;0,365938827;1,497716012;1;;;;;;;;;;;;;
616;-0,714379842;0,225479234;-0,285620158;1;-0,484935716;0,227247418;-0,030128567;1;-0,617428476;0,381665563;2,087142379;1;;;;;;;;;;;;;
617;-1,103678805;0,237962015;0,103678805;1;-0,816294701;0,236739345;0,632589402;1;0,131176642;0,36930026;-1,655883208;1;;;;;;;;;;;;;
618;-1,039723201;0,257768204;0,039723201;1;-0,410885433;0,233643705;-0,178229134;1;-0,046601989;0,405824766;-0,766990056;1;;;;;;;;;;;;;
619;-1,069383296;0,231574292;0,069383296;1;-0,573448363;0,244325606;0,146896726;1;-0,276088953;0,396110295;0,380444763;1;;;;;;;;;;;;;
620;-1,452009685;0,282791021;0,452009685;1;-0,66789517;0,2361757;0,335790341;1;0,528911571;0,419950253;-3,644557855;1;;;;;;;;;;;;;
621;-1,125567207;0,231450866;0,125567207;1;-0,332558479;0,221717932;-0,334883042;1;-0,463141135;0,377749118;1,315705673;1;;;;;;;;;;;;;
622;-0,993489452;0,227460624;-0,006510548;1;-0,524521381;0,231408412;0,049042762;1;-0,115023316;0,387669692;-0,424883422;1;;;;;;;;;;;;;
623;-0,793593034;0,229667661;-0,206406966;1;-0,344673942;0,223603777;-0,310652117;1;-0,452603784;0,390124944;1,263018919;1;;;;;;;;;;;;;
624;-0,865597363;0,212471823;-0,134402637;1;-0,582066317;0,199072692;0,164132634;1;0,071830082;0,351364157;-1,359150412;1;;;;;;;;;;;;;
625;-0,595425537;0,208870284;-0,404574463;1;-0,327677191;0,19560794;-0,344645618;1;-1,288777886;0,367707669;5,443889431;0;;;;;;;;;;;;;
626;-1,169418185;0,277478138;0,169418185;1;-0,277298504;0,249197574;-0,445402993;1;-0,358109809;0,434338812;0,790549044;1;;;;;;;;;;;;;
627;-1,280396225;0,23532013;0,280396225;1;-0,646104339;0,214767384;0,292208678;1;0,20988628;0,377744371;-2,0494314;1;;;;;;;;;;;;;
628;-1,028811416;0,207560859;0,028811416;1;-0,458190059;0,205888478;-0,083619882;1;-0,037368965;0,33954295;-0,813155177;1;;;;;;;;;;;;;
629;-0,878927872;0,249262057;-0,121072128;1;-0,49897667;0,218135285;-0,00204666;1;-0,603731669;0,388794869;2,018658347;1;;;;;;;;;;;;;
630;-0,851848726;0,29351723;-0,148151274;1;-0,10024388;0,253744704;-0,799512241;1;-0,681305546;0,438367964;2,40652773;1;;;;;;;;;;;;;
631;-0,913613257;0,249170527;-0,086386743;1;-0,494827918;0,232721041;-0,010344164;1;-0,066132762;0,388203521;-0,669336189;1;;;;;;;;;;;;;
632;-0,891080369;0,195433953;-0,108919631;1;-0,613211065;0,222735524;0,22642213;1;-0,153962969;0,322261281;-0,230185155;1;;;;;;;;;;;;;
633;-1,208356796;0,297080531;0,208356796;1;-0,756622599;0,272024759;0,513245198;1;0,177493625;0,453165246;-1,887468124;1;;;;;;;;;;;;;
634;-1,075146376;0,239017253;0,075146376;1;-0,54239334;0,213242156;0,084786681;1;0,049289603;0,365321817;-1,246448014;1;;;;;;;;;;;;;
635;-1,265171253;0,235950602;0,265171253;1;-0,419407447;0,206709892;-0,161185106;1;0,292771579;0,356258552;-2,463857895;1;;;;;;;;;;;;;
636;-1,003153506;0,257891772;0,003153506;1;-0,442195849;0,235425036;-0,115608303;1;-0,392295454;0,414304497;0,961477271;1;;;;;;;;;;;;;
637;-1,142622606;0,222318602;0,142622606;1;-0,452360478;0,214378673;-0,095279045;1;-0,136470153;0,359107433;-0,317649234;1;;;;;;;;;;;;;
638;-1,038277404;0,284366192;0,038277404;1;-1,003572025;0,285101144;1,00714405;1;0,461101365;0,448892057;-3,305506826;1;;;;;;;;;;;;;
639;-0,751967277;0,154840378;-0,248032723;1;-0,472950704;0,173918511;-0,054098592;1;-0,430326889;0,263711209;1,151634445;1;;;;;;;;;;;;;
640;-1,210785564;0,221644683;0,210785564;1;-0,098103602;0,19291168;-0,803792796;0;-0,134534373;0,331183429;-0,327328133;1;;;;;;;;;;;;;
641;-1,122034418;0,273574183;0,122034418;1;-0,612174261;0,259543569;0,224348521;1;0,267170944;0,41877325;-2,335854718;1;;;;;;;;;;;;;
642;-0,95564948;0,239133028;-0,04435052;1;-0,54284239;0,23145707;0,085684779;1;-0,477226364;0,391069078;1,386131818;1;;;;;;;;;;;;;
643;-1,167182255;0,230518989;0,167182255;1;-0,385277405;0,224662723;-0,22944519;1;-0,274331441;0,388360454;0,371657204;1;;;;;;;;;;;;;
644;-0,975777429;0,252798712;-0,024222571;1;-0,475385399;0,214977937;-0,049229201;1;-0,085169804;0,384084283;-0,57415098;1;;;;;;;;;;;;;
645;-0,698215786;0,227554234;-0,301784214;1;-0,919431787;0,248550832;0,838863574;1;-0,587090976;0,398230174;1,935454879;1;;;;;;;;;;;;;
646;-1,047610323;0,256346956;0,047610323;1;-0,069897898;0,238955691;-0,860204204;1;-0,987433591;0,42911711;3,937167955;1;;;;;;;;;;;;;
647;-0,386236336;0,251560049;-0,613763664;0;-0,847674743;0,252538416;0,695349485;1;-0,774526929;0,398648785;2,872634643;1;;;;;;;;;;;;;
648;-1,14335173;0,215301056;0,14335173;1;-0,562076822;0,210955783;0,124153644;1;0,400900708;0,346029432;-3,004503539;1;;;;;;;;;;;;;
649;-0,932168544;0,200119912;-0,067831456;1;-1,080254979;0,242438698;1,160509957;0;-0,117767963;0,333770274;-0,411160184;1;;;;;;;;;;;;;
650;-1,01230672;0,265147033;0,01230672;1;-0,596804634;0,268267593;0,193609269;1;-0,380539353;0,416668942;0,902696764;1;;;;;;;;;;;;;
651;-1,042321736;0,244551036;0,042321736;1;-0,093687504;0,245193712;-0,812624991;1;-0,58580527;0,415221354;1,929026349;1;;;;;;;;;;;;;
652;-1,33247886;0,287689305;0,33247886;1;-0,328693449;0,25382536;-0,342613101;1;-0,124407849;0,441589681;-0,377960753;1;;;;;;;;;;;;;
653;-0,957566771;0,227704488;-0,042433229;1;-0,828259218;0,249370368;0,656518436;1;-0,379947984;0,418276302;0,899739918;1;;;;;;;;;;;;;
654;-0,876652194;0,211882456;-0,123347806;1;-0,45073036;0,210241377;-0,098539279;1;-0,172641591;0,344743741;-0,136792043;1;;;;;;;;;;;;;
655;-1,334324232;0,243131012;0,334324232;1;-0,35993779;0,199950361;-0,28012442;1;0,564532004;0,351229419;-3,82266002;0;;;;;;;;;;;;;
656;-1,287370192;0,260686892;0,287370192;1;-0,51134431;0,222476605;0,022688621;1;0,587575765;0,409537609;-3,937878827;1;;;;;;;;;;;;;
657;-1,071212038;0,212947239;0,071212038;1;-0,833685902;0,199108366;0,667371805;1;0,536157629;0,303986851;-3,680788144;0;;;;;;;;;;;;;
658;-1,231768936;0,246431948;0,231768936;1;-0,454214708;0,230820564;-0,091570585;1;0,408076903;0,366701715;-3,040384515;1;;;;;;;;;;;;;
659;-1,001250766;0,243186322;0,001250766;1;-0,337768541;0,220943449;-0,324462919;1;-0,158822024;0,387986243;-0,205889879;1;;;;;;;;;;;;;
660;-1,039531998;0,226241525;0,039531998;1;-0,43376964;0,213381881;-0,132460719;1;-0,126245264;0,365342311;-0,368773682;1;;;;;;;;;;;;;
661;-1,413217209;0,265024516;0,413217209;1;-0,753060337;0,246751602;0,506120674;1;0,736120024;0,417115396;-4,68060012;0;;;;;;;;;;;;;
662;-1,235398035;0,243160408;0,235398035;1;-0,229399072;0,225925755;-0,541201857;1;0,318247734;0,379880083;-2,59123867;1;;;;;;;;;;;;;
663;-1,209682907;0,283091595;0,209682907;1;-0,749150568;0,258479039;0,498301137;1;0,041577538;0,444144688;-1,207887689;1;;;;;;;;;;;;;
664;-0,823184034;0,234587413;-0,176815966;1;-0,322158721;0,218048122;-0,355682558;1;-0,725855214;0,402104041;2,629276068;1;;;;;;;;;;;;;
665;-1,19317738;0,249436095;0,19317738;1;-0,407673208;0,249546212;-0,184653583;1;-0,235785972;0,401698119;0,178929859;1;;;;;;;;;;;;;
666;-1,181134372;0,2394606;0,181134372;1;-0,002905691;0,201910976;-0,994188618;0;-0,054714329;0,343565885;-0,726428354;1;;;;;;;;;;;;;
667;-1,133397176;0,202380656;0,133397176;1;-0,263687043;0,19788907;-0,472625914;1;-0,225281757;0,343367679;0,126408784;1;;;;;;;;;;;;;
668;-0,975376088;0,214666043;-0,024623912;1;-0,150218366;0,201979219;-0,699563268;1;-0,399479262;0,357198872;0,997396312;1;;;;;;;;;;;;;
669;-0,842288092;0,293764413;-0,157711908;1;-0,701123654;0,258372182;0,402247308;1;-0,010168711;0,456808301;-0,949156443;1;;;;;;;;;;;;;
670;-0,972835197;0,288004577;-0,027164803;1;-0,736814719;0,252568829;0,473629437;1;0,033047258;0,427025453;-1,16523629;1;;;;;;;;;;;;;
671;-1,155632957;0,208059441;0,155632957;1;-0,994954387;0,244103755;0,989908774;0;0,069455952;0,345979525;-1,347279761;1;;;;;;;;;;;;;
672;-0,942368219;0,208314398;-0,057631781;1;-0,420239012;0,224779229;-0,159521976;1;-0,571092343;0,363483664;1,855461716;1;;;;;;;;;;;;;
673;-0,870252558;0,2970573;-0,129747442;1;-0,768754113;0,276649809;0,537508226;1;0,086163519;0,464505654;-1,430817596;1;;;;;;;;;;;;;
674;-1,00792462;0,231316228;0,00792462;1;-0,561016505;0,248401082;0,12203301;1;-0,277812925;0,387927439;0,389064625;1;;;;;;;;;;;;;
675;-1,374768586;0,276726931;0,374768586;1;-0,476620502;0,265261287;-0,046758995;1;0,221449015;0,437298534;-2,107245073;1;;;;;;;;;;;;;
676;-0,978821127;0,206249893;-0,021178873;1;-1,133644612;0,250661917;1,267289224;0;-0,247726926;0,365912003;0,238634632;1;;;;;;;;;;;;;
677;-0,700714921;0,214740043;-0,299285079;1;-0,644638884;0,25026657;0,289277767;1;-0,946895653;0,405327118;3,734478265;1;;;;;;;;;;;;;
678;-0,969522001;0,272214877;-0,030477999;1;-0,661200767;0,254011337;0,322401535;1;0,128189615;0,417701195;-1,640948073;1;;;;;;;;;;;;;
679;-1,420864595;0,228349549;0,420864595;1;-0,369385408;0,223458508;-0,261229184;1;0,140181376;0,366388025;-1,700906882;1;;;;;;;;;;;;;
680;-0,59927577;0,16938475;-0,40072423;0;-0,547394444;0,1974969;0,094788889;1;-0,726856321;0,340572099;2,634281606;1;;;;;;;;;;;;;
681;-0,871326265;0,223131275;-0,128673735;1;-0,391383547;0,223061671;-0,217232906;1;-0,341367125;0,401705821;0,706835624;1;;;;;;;;;;;;;
682;-0,84269898;0,241874759;-0,15730102;1;-0,461795601;0,232032868;-0,076408798;1;-0,675817276;0,392281712;2,379086379;1;;;;;;;;;;;;;
683;-0,776683357;0,240689217;-0,223316643;1;-0,447389548;0,236212166;-0,105220903;1;-0,732748819;0,429300979;2,663744096;1;;;;;;;;;;;;;
684;-1,325568695;0,258966886;0,325568695;1;-0,299097639;0,222915545;-0,401804723;1;0,2751593;0,373128995;-2,375796501;1;;;;;;;;;;;;;
685;-0,685193596;0,212014786;-0,314806404;1;-1,17158327;0,266777831;1,343166539;0;-0,165010271;0,354965832;-0,174948646;1;;;;;;;;;;;;;
686;-0,948263337;0,214477396;-0,051736663;1;-1,060964082;0,268124665;1,121928163;0;-0,01069791;0,372791089;-0,946510451;1;;;;;;;;;;;;;
687;-0,92399986;0,201723595;-0,07600014;1;-0,89448237;0,204089199;0,788964741;1;0,369138821;0,318920972;-2,845694107;1;;;;;;;;;;;;;
688;-1,417274966;0,281360828;0,417274966;1;-0,572594725;0,263642817;0,14518945;1;0,070810537;0,464105301;-1,354052683;1;;;;;;;;;;;;;
689;-1,32915546;0,241291835;0,32915546;1;-0,587823956;0,237497376;0,175647913;1;0,440795759;0,367872413;-3,203978794;1;;;;;;;;;;;;;
690;-1,013368694;0,231460782;0,013368694;1;-0,273294643;0,224305978;-0,453410713;1;-0,361702365;0,387577605;0,808511827;1;;;;;;;;;;;;;
691;-0,877354771;0,25209401;-0,122645229;1;-0,247686315;0,22481394;-0,50462737;1;-0,254230648;0,387578534;0,271153239;1;;;;;;;;;;;;;
692;-1,166850292;0,293109903;0,166850292;1;-0,846573315;0,262972082;0,69314663;1;0,243120277;0,457222353;-2,215601386;1;;;;;;;;;;;;;
693;-0,811958012;0,228589504;-0,188041988;1;-0,78254963;0,238402604;0,56509926;1;-0,459582492;0,368233804;1,29791246;1;;;;;;;;;;;;;
694;-1,057754156;0,237536337;0,057754156;1;-0,437092269;0,223968133;-0,125815461;1;-0,057201506;0,366996002;-0,71399247;1;;;;;;;;;;;;;
695;-0,742301663;0,17404813;-0,257698337;1;-0,678234758;0,196811024;0,356469517;1;-0,393148571;0,322755945;0,965742856;1;;;;;;;;;;;;;
696;-1,033231692;0,265655138;0,033231692;1;-0,603201991;0,247827838;0,206403983;1;-0,028088596;0,433924623;-0,859557022;1;;;;;;;;;;;;;
697;-0,978535539;0,218510668;-0,021464461;1;-0,59823624;0,23369386;0,196472481;1;-0,313296732;0,395577174;0,566483659;1;;;;;;;;;;;;;
698;-0,721809047;0,200649826;-0,278190953;1;-0,374170781;0,200274267;-0,251658438;1;-1,055998769;0,385744752;4,279993844;0;;;;;;;;;;;;;
699;-1,200353504;0,25031594;0,200353504;1;-0,242256943;0,22549297;-0,515486115;1;-0,312071888;0,377815438;0,560359438;1;;;;;;;;;;;;;
700;-0,888764113;0,27690878;-0,111235887;1;-0,124611512;0,250157883;-0,750776977;1;-0,696010851;0,421390331;2,480054253;1;;;;;;;;;;;;;
701;-0,775971197;0,242776795;-0,224028803;1;-0,551586693;0,240710017;0,103173385;1;-0,142560387;0,386582454;-0,287198063;1;;;;;;;;;;;;;
702;-1,109311898;0,235440199;0,109311898;1;-0,359157118;0,224248258;-0,281685765;1;-0,157494702;0,372238709;-0,212526492;1;;;;;;;;;;;;;
703;-1,15216628;0,262176869;0,15216628;1;-0,626478383;0,239137316;0,252956766;1;0,048330802;0,392445625;-1,241654012;1;;;;;;;;;;;;;
704;-1,238412202;0,27092092;0,238412202;1;-0,436795063;0,249457381;-0,126409874;1;0,059384236;0,422657718;-1,296921181;1;;;;;;;;;;;;;
705;-0,836434814;0,244580205;-0,163565186;1;-0,167015518;0,219799568;-0,665968964;1;-0,065056956;0,355533103;-0,674715218;1;;;;;;;;;;;;;
706;-1,262822979;0,238851037;0,262822979;1;-0,372984584;0,215155351;-0,254030831;1;0,262079835;0,350651116;-2,310399176;1;;;;;;;;;;;;;
707;-1,029855299;0,240675775;0,029855299;1;-0,442818359;0,239713669;-0,114363281;1;-0,55420088;0,410220814;1,7710044;1;;;;;;;;;;;;;
708;-0,980949867;0,239668939;-0,019050133;1;-0,31503381;0,213923302;-0,36993238;1;-0,507102082;0,402020175;1,535510408;1;;;;;;;;;;;;;
709;-0,852348798;0,252004;-0,147651202;1;-0,642940673;0,248396255;0,285881345;1;-0,409405063;0,427301822;1,047025317;1;;;;;;;;;;;;;
710;-0,747699252;0,221080375;-0,252300748;1;-0,775435453;0,223256134;0,550870905;1;-0,466483095;0,369945185;1,332415476;1;;;;;;;;;;;;;
711;-0,66353241;0,189826488;-0,33646759;1;-0,688401601;0,200083531;0,376803202;1;-0,420198078;0,308700486;1,100990388;1;;;;;;;;;;;;;
712;-1,334442059;0,289512398;0,334442059;1;-0,513043969;0,253616452;0,026087938;1;0,237969356;0,434238806;-2,189846778;1;;;;;;;;;;;;;
713;-1,226230903;0,255225524;0,226230903;1;-0,308778964;0,237946166;-0,382442073;1;0,159281249;0,41446319;-1,796406247;1;;;;;;;;;;;;;
714;-1,38626593;0,218398247;0,38626593;1;-0,483632578;0,194534121;-0,032734844;1;0,587554471;0,337325054;-3,937772357;0;;;;;;;;;;;;;
715;-0,774467802;0,221761404;-0,225532198;1;-0,684830233;0,235622005;0,369660467;1;-0,441788523;0,359468382;1,208942614;1;;;;;;;;;;;;;
716;-0,932778542;0,256282784;-0,067221458;1;-0,741132838;0,271746439;0,482265676;1;-0,173370936;0,404712256;-0,133145318;1;;;;;;;;;;;;;
717;-1,260518995;0,238766089;0,260518995;1;-1,097650542;0,2865996;1,195301085;0;-0,008038223;0,405534427;-0,959808883;1;;;;;;;;;;;;;
718;-1,302520547;0,223143899;0,302520547;1;-0,380362016;0,221472614;-0,239275968;1;0,217179965;0,358036677;-2,085899826;1;;;;;;;;;;;;;
719;-0,626087428;0,232531358;-0,373912572;1;-0,730211843;0,255049797;0,460423686;1;-0,655079983;0,409823422;2,275399915;1;;;;;;;;;;;;;
720;-0,688987232;0,226870868;-0,311012768;1;-0,621000132;0,246237313;0,242000263;1;-0,880034201;0,391406622;3,400171004;1;;;;;;;;;;;;;
721;-0,911969576;0,201311708;-0,088030424;1;-0,369687181;0,199710749;-0,260625638;1;-0,191201837;0,343453093;-0,043990816;1;;;;;;;;;;;;;
722;-1,046107387;0,248188568;0,046107387;1;-0,477882474;0,210414914;-0,044235053;1;0,098877296;0,372753988;-1,494386478;1;;;;;;;;;;;;;
723;-1,234289545;0,230947186;0,234289545;1;-0,313357924;0,210081187;-0,373284153;1;-0,05813845;0,353064276;-0,709307749;1;;;;;;;;;;;;;
724;-0,74288818;0,227601866;-0,25711182;1;-0,569086699;0,207376103;0,138173399;1;-0,257902861;0,362704707;0,289514306;1;;;;;;;;;;;;;
725;-0,786604449;0,212591225;-0,213395551;1;-0,586769387;0,231438336;0,173538774;1;-0,50330897;0,369784486;1,516544849;1;;;;;;;;;;;;;
726;-0,854262985;0,219243417;-0,145737015;1;-0,746405345;0,228329086;0,492810691;1;-0,389128932;0,365471909;0,945644659;1;;;;;;;;;;;;;
727;-1,123697048;0,242496966;0,123697048;1;-0,562565915;0,243342893;0,125131831;1;-0,425264144;0,39900164;1,126320722;1;;;;;;;;;;;;;
728;-0,842214443;0,182228548;-0,157785557;1;-0,396421082;0,195007604;-0,207157835;1;-0,360986102;0,312914584;0,804930508;1;;;;;;;;;;;;;
729;-0,966547653;0,215167833;-0,033452347;1;-0,692227183;0,231216202;0,384454366;1;-0,360958778;0,369592128;0,80479389;1;;;;;;;;;;;;;
730;-1,246376501;0,249562018;0,246376501;1;-0,445692736;0,230568244;-0,108614527;1;-0,213201855;0,403351667;0,066009275;1;;;;;;;;;;;;;
731;-0,974855223;0,205418094;-0,025144777;1;-0,710756599;0,240784753;0,421513197;1;-0,587208929;0,38487906;1,936044647;1;;;;;;;;;;;;;
732;-0,803956395;0,206505653;-0,196043605;1;-0,587745614;0,228202137;0,175491228;1;-0,635668218;0,37837571;2,178341089;1;;;;;;;;;;;;;
733;-0,921969788;0,248465982;-0,078030212;1;-0,400381679;0,247487027;-0,199236642;1;-0,481429095;0,454830469;1,407145477;1;;;;;;;;;;;;;
734;-1,871040621;0,308018736;0,871040621;0;0,075454772;0,242111039;-1,150909543;0;0,654785979;0,404106685;-4,273929897;0;;;;;;;;;;;;;
735;-0,995632756;0,259170765;-0,004367244;1;-0,296138682;0,238400308;-0,407722637;1;-0,105606404;0,426804144;-0,471967982;1;;;;;;;;;;;;;
736;-0,703837882;0,20527954;-0,296162118;1;-0,602292874;0,21133821;0,204585749;1;-0,880751076;0,355822868;3,403755378;1;;;;;;;;;;;;;
737;-0,974212638;0,214909393;-0,025787362;1;-0,385006634;0,229844436;-0,229986732;1;-0,224563676;0,383551901;0,122818379;1;;;;;;;;;;;;;
738;-1,198268534;0,217803152;0,198268534;1;-0,733005898;0,246740142;0,466011796;1;-0,099314025;0,362391644;-0,503429873;1;;;;;;;;;;;;;
739;-1,028453759;0,246223729;0,028453759;1;-0,269214678;0,216732392;-0,461570644;1;0,058260935;0,375947292;-1,291304677;1;;;;;;;;;;;;;
740;-0,580163538;0,178506516;-0,419836462;0;-0,680791901;0,199118498;0,361583802;1;-0,562297659;0,315289406;1,811488294;1;;;;;;;;;;;;;
741;-0,829194634;0,20188178;-0,170805366;1;-0,444090988;0,208772578;-0,111818023;1;-0,313910868;0,333972858;0,569554338;1;;;;;;;;;;;;;
742;-0,881036709;0,189169055;-0,118963291;1;-0,57143702;0,205627599;0,14287404;1;-0,71638216;0,345897003;2,5819108;1;;;;;;;;;;;;;
743;-0,600889892;0,273651646;-0,399110108;1;-0,513613013;0,241461146;0,027226027;1;-0,378835708;0,431734735;0,89417854;1;;;;;;;;;;;;;
744;-1,032675288;0,283732545;0,032675288;1;-0,323322974;0,272283868;-0,353354052;1;-0,70359572;0,476614156;2,5179786;1;;;;;;;;;;;;;
745;-0,920060726;0,262296561;-0,079939274;1;-0,747651999;0,264071414;0,495303998;1;-0,56718485;0,441911469;1,835924251;1;;;;;;;;;;;;;
746;-1,213711155;0,234311138;0,213711155;1;-0,574196;0,242904761;0,148392;1;0,142105186;0,374306504;-1,710525932;1;;;;;;;;;;;;;
747;-1,641796723;0,259733843;0,641796723;0;-0,228442145;0,220914402;-0,543115711;1;0,481991522;0,380563444;-3,40995761;1;;;;;;;;;;;;;
748;-1,114685037;0,214614002;0,114685037;1;-0,383165341;0,222493261;-0,233669319;1;0,094369377;0,35889018;-1,471846885;1;;;;;;;;;;;;;
749;-1,125138573;0,261044505;0,125138573;1;-0,655757777;0,240875731;0,311515555;1;0,332157527;0,394387572;-2,660787637;1;;;;;;;;;;;;;
750;-0,855416337;0,217959692;-0,144583663;1;-0,429238403;0,219605304;-0,141523194;1;-0,37820216;0,364843268;0,891010801;1;;;;;;;;;;;;;
751;-1,254305751;0,247393661;0,254305751;1;-0,6218847;0,227798877;0,2437694;1;0,342050012;0,402748324;-2,710250058;1;;;;;;;;;;;;;
752;-0,860127216;0,19558513;-0,139872784;1;-0,631871262;0,21082861;0,263742524;1;-0,215192015;0,329338732;0,075960077;1;;;;;;;;;;;;;
753;-1,013655355;0,265985583;0,013655355;1;-0,455594477;0,258637014;-0,088811046;1;-0,53989041;0,442032464;1,699452052;1;;;;;;;;;;;;;
754;-0,647250775;0,254748763;-0,352749225;1;-0,655939262;0,2300983;0,311878524;1;0,011125366;0,385578296;-1,055626828;1;;;;;;;;;;;;;
755;-0,873212874;0,260897247;-0,126787126;1;-1,208747913;0,302911175;1,417495826;0;-0,236340857;0,460715396;0,181704285;1;;;;;;;;;;;;;
756;-0,797784326;0,184745787;-0,202215674;1;-0,72343345;0,210297216;0,446866899;1;-0,437882936;0,333595732;1,189414681;1;;;;;;;;;;;;;
757;-0,989851811;0,248696313;-0,010148189;1;-0,610303417;0,23691717;0,220606833;1;-0,147969479;0,39561318;-0,260152605;1;;;;;;;;;;;;;
758;-0,956754376;0,241893047;-0,043245624;1;-0,416793372;0,22747411;-0,166413257;1;-0,217354522;0,396184041;0,086772612;1;;;;;;;;;;;;;
759;-0,970046543;0,183843155;-0,029953457;1;-0,319535756;0,18717262;-0,360928488;1;-0,069803836;0,304755033;-0,650980819;1;;;;;;;;;;;;;
760;-0,940012271;0,261364781;-0,059987729;1;-0,279748247;0,245125172;-0,440503506;1;-0,628849892;0,421220457;2,14424946;1;;;;;;;;;;;;;
761;-1,063284793;0,225513771;0,063284793;1;-0,601220849;0,210662977;0,202441699;1;0,242919633;0,365161092;-2,214598164;1;;;;;;;;;;;;;
762;-0,923428798;0,253873349;-0,076571202;1;-0,191861308;0,242430985;-0,616277385;1;-1,010472042;0,44395323;4,052360211;1;;;;;;;;;;;;;
763;-0,946454331;0,220171355;-0,053545669;1;-0,551901907;0,210769021;0,103803815;1;-0,171065327;0,362229125;-0,144673363;1;;;;;;;;;;;;;
764;-1,035721204;0,285870183;0,035721204;1;-0,586299728;0,268346878;0,172599456;1;-0,141170881;0,424727732;-0,294145594;1;;;;;;;;;;;;;
765;-0,909115301;0,197197361;-0,090884699;1;-0,520434588;0,211504086;0,040869177;1;-0,850504483;0,360437989;3,252522417;1;;;;;;;;;;;;;
766;-1,019904978;0,281251737;0,019904978;1;-0,592725128;0,258263038;0,185450256;1;-0,353849146;0,43866723;0,769245729;1;;;;;;;;;;;;;
767;-0,890514363;0,221991717;-0,109485637;1;-0,705721932;0,236895226;0,411443863;1;-0,442600031;0,375882026;1,213000153;1;;;;;;;;;;;;;
768;-0,813557582;0,267607904;-0,186442418;1;-0,580757033;0,215950951;0,161514066;1;0,100740993;0,39479905;-1,503704965;1;;;;;;;;;;;;;
769;-0,724449109;0,22376917;-0,275550891;1;-0,634581934;0,244887543;0,269163867;1;-0,657582338;0,406438382;2,28791169;1;;;;;;;;;;;;;
770;-0,440180654;0,193507693;-0,559819346;0;-0,879534712;0,201078983;0,759069424;1;-0,501112977;0,328052943;1,505564884;1;;;;;;;;;;;;;
771;-0,718514782;0,165797576;-0,281485218;1;-0,250807503;0,172326545;-0,498384994;1;-0,884294441;0,322385812;3,421472206;0;;;;;;;;;;;;;
772;-1,403974392;0,28288978;0,403974392;1;-0,708865994;0,237898046;0,417731987;1;0,256527826;0,407330848;-2,28263913;1;;;;;;;;;;;;;
773;-0,986052992;0,231937406;-0,013947008;1;-0,641856556;0,216757809;0,283713111;1;0,05193916;0,365468633;-1,259695802;1;;;;;;;;;;;;;
774;-1,190586816;0,2251991;0,190586816;1;-0,71861922;0,22516585;0,437238441;1;0,330521058;0,345487451;-2,652605292;1;;;;;;;;;;;;;
775;-0,566103535;0,228763416;-0,433896465;1;-0,84298336;0,230630201;0,685966721;1;-0,860444659;0,387313114;3,302223295;1;;;;;;;;;;;;;
776;-1,142767706;0,253713836;0,142767706;1;-0,319297065;0,219298053;-0,36140587;1;0,064978956;0,390053141;-1,324894781;1;;;;;;;;;;;;;
777;-0,799513981;0,19548513;-0,200486019;1;-0,765484832;0,227231588;0,530969665;1;-0,695308031;0,389398289;2,476540153;1;;;;;;;;;;;;;
778;-0,812329396;0,211445474;-0,187670604;1;-0,315163864;0,202538314;-0,369672273;1;-0,665562386;0,368774752;2,327811928;1;;;;;;;;;;;;;
779;-1,019687012;0,212567434;0,019687012;1;-0,364383155;0,208604399;-0,271233689;1;-0,205080509;0,350333705;0,025402544;1;;;;;;;;;;;;;
780;-0,915095815;0,229957119;-0,084904185;1;-0,644392012;0,220374344;0,288784023;1;0,007827408;0,366269707;-1,039137042;1;;;;;;;;;;;;;
781;-1,356484851;0,23128621;0,356484851;1;-0,687315287;0,253125469;0,374630574;1;0,06057681;0,387088882;-1,30288405;1;;;;;;;;;;;;;
782;-1,100596181;0,234386189;0,100596181;1;-0,368360295;0,219749297;-0,26327941;1;0,180538977;0,36381654;-1,902694883;1;;;;;;;;;;;;;
783;-1,061502748;0,237276332;0,061502748;1;-0,673177856;0,238265245;0,346355713;1;0,078580093;0,377502192;-1,392900467;1;;;;;;;;;;;;;
784;-1,263480372;0,331661115;0,263480372;1;-0,81113598;0,305398684;0,622271959;1;0,11019018;0,494874028;-1,550950902;1;;;;;;;;;;;;;
785;-1,133730672;0,223548508;0,133730672;1;-0,80888948;0,250441984;0,61777896;1;0,104556507;0,389070351;-1,522782533;1;;;;;;;;;;;;;
786;-1,035959592;0,25391669;0,035959592;1;-0,788566101;0,255618391;0,577132202;1;-0,1487398;0,416948558;-0,256301;1;;;;;;;;;;;;;
787;-1,182420675;0,258010127;0,182420675;1;-0,335813652;0,238775603;-0,328372696;1;-0,365528328;0,431055871;0,827641638;1;;;;;;;;;;;;;
788;-1,053969091;0,241374625;0,053969091;1;-0,441590714;0,220578142;-0,116818572;1;0,174967228;0,358494149;-1,87483614;1;;;;;;;;;;;;;
789;-0,641097119;0,201053374;-0,358902881;1;-0,774908196;0,217300064;0,549816391;1;-0,447103328;0,348240986;1,235516642;1;;;;;;;;;;;;;
790;-0,762946853;0,212764038;-0,237053147;1;-0,312584364;0,205562683;-0,374831272;1;-0,592524176;0,361240508;1,96262088;1;;;;;;;;;;;;;
791;-1,539289803;0,305117079;0,539289803;1;-0,255678401;0,263344955;-0,488643197;1;0,387588749;0,462444694;-2,937943744;1;;;;;;;;;;;;;
792;-0,701623937;0,229096706;-0,298376063;1;-0,460382586;0,235528813;-0,079234828;1;-0,54086489;0,396580697;1,704324452;1;;;;;;;;;;;;;
793;-1,036440489;0,281737412;0,036440489;1;-0,754187148;0,252050357;0,508374295;1;0,203183119;0,428777108;-2,015915594;1;;;;;;;;;;;;;
794;-1,294331943;0,280808044;0,294331943;1;-0,095212892;0,246802471;-0,809574216;1;-0,264855204;0,419232401;0,324276021;1;;;;;;;;;;;;;
795;-1,370936488;0,234820652;0,370936488;1;-0,505456925;0,210691424;0,010913851;1;0,815073655;0,35651303;-5,075368276;0;;;;;;;;;;;;;
796;-1,211947422;0,218170975;0,211947422;1;-0,399253749;0,206924949;-0,201492502;1;0,305385345;0,362873541;-2,526926724;1;;;;;;;;;;;;;
797;-1,374998645;0,264062162;0,374998645;1;-0,284408665;0,237922912;-0,43118267;1;0,062013118;0,431672241;-1,310065588;1;;;;;;;;;;;;;
798;-1,075659444;0,258998832;0,075659444;1;-0,55508283;0,240648521;0,110165661;1;-0,155979329;0,414046552;-0,220103355;1;;;;;;;;;;;;;
799;-1,055453705;0,205761836;0,055453705;1;-0,430227091;0,221312428;-0,139545818;1;-0,641788122;0,36435188;2,208940612;1;;;;;;;;;;;;;
800;-1,272747622;0,241502602;0,272747622;1;-0,824925009;0,23881231;0,649850018;1;0,456602851;0,371529265;-3,283014255;1;;;;;;;;;;;;;
801;-1,06691517;0,294612756;0,06691517;1;-0,548024421;0,248882834;0,096048843;1;0,27544666;0,442726949;-2,3772333;1;;;;;;;;;;;;;
802;-0,583104489;0,217747159;-0,416895511;1;-0,434818618;0,232126828;-0,130362763;1;-0,895350391;0,398946702;3,476751955;1;;;;;;;;;;;;;
803;-1,092273747;0,230746983;0,092273747;1;-0,576767938;0,242201259;0,153535876;1;-0,086573747;0,400169629;-0,567131263;1;;;;;;;;;;;;;
804;-0,809880461;0,253902591;-0,190119539;1;-0,58935589;0,260308331;0,178711781;1;-0,27746789;0,420311238;0,387339451;1;;;;;;;;;;;;;
805;-0,7806655;0,245374514;-0,2193345;1;-0,814274922;0,239917286;0,628549845;1;-0,639299798;0,400948353;2,196498989;1;;;;;;;;;;;;;
806;-1,468002059;0,346283017;0,468002059;1;-0,341832327;0,270047517;-0,316335345;1;0,684734077;0,474481403;-4,423670387;1;;;;;;;;;;;;;
807;-0,760340706;0,20230218;-0,239659294;1;-0,589107342;0,207224983;0,178214683;1;-0,162797972;0,36039229;-0,186010139;1;;;;;;;;;;;;;
808;-0,862147256;0,214945717;-0,137852744;1;-0,540681847;0,203837316;0,081363693;1;-0,201051054;0,349776313;0,00525527;1;;;;;;;;;;;;;
809;-0,764199195;0,222439535;-0,235800805;1;-0,875426598;0,241401798;0,750853197;1;-0,425502144;0,342738866;1,12751072;1;;;;;;;;;;;;;
810;-1,032334398;0,261349136;0,032334398;1;-0,384433691;0,224651932;-0,231132618;1;0,109800018;0,387194039;-1,54900009;1;;;;;;;;;;;;;
811;-0,941370975;0,2383356;-0,058629025;1;-0,716012099;0,237319487;0,432024198;1;-0,175577547;0,382352366;-0,122112265;1;;;;;;;;;;;;;
812;-0,882696968;0,213630582;-0,117303032;1;-0,411082861;0,225717297;-0,177834279;1;-0,460857527;0,35713987;1,304287635;1;;;;;;;;;;;;;
813;-1,327444774;0,305155408;0,327444774;1;-0,393142457;0,271438918;-0,213715085;1;-0,136008059;0,456684427;-0,319959706;1;;;;;;;;;;;;;
814;-1,120240204;0,290122819;0,120240204;1;-0,705073921;0,265017677;0,410147842;1;-0,348523201;0,441505075;0,742616007;1;;;;;;;;;;;;;
815;-0,583328577;0,226719613;-0,416671423;1;-0,664834833;0,223368909;0,329669667;1;-0,222276468;0,367730473;0,111382338;1;;;;;;;;;;;;;
816;-0,836413103;0,230643917;-0,163586897;1;-0,679183418;0,230177414;0,358366836;1;-0,238563307;0,40250524;0,192816537;1;;;;;;;;;;;;;
817;-1,40886142;0,284274743;0,40886142;1;-0,327763614;0,25332628;-0,344472772;1;0,257112832;0,44501741;-2,285564158;1;;;;;;;;;;;;;
818;-1,303649626;0,246909043;0,303649626;1;-0,109646147;0,223292193;-0,780707706;1;-0,133203689;0,393626908;-0,333981554;1;;;;;;;;;;;;;
819;-0,926989947;0,218445327;-0,073010053;1;-0,46198144;0,218000259;-0,07603712;1;-0,175930225;0,390658106;-0,120348877;1;;;;;;;;;;;;;
820;-0,966046129;0,204525784;-0,033953871;1;-0,997471991;0,24598896;0,994943981;0;-0,042136191;0,357016704;-0,789319044;1;;;;;;;;;;;;;
821;-1,139726573;0,240397179;0,139726573;1;-0,365261477;0,232202125;-0,269477046;1;-0,050813806;0,362165101;-0,745930971;1;;;;;;;;;;;;;
822;-1,139405712;0,256577149;0,139405712;1;-0,358339318;0,223526457;-0,283321365;1;-0,25169378;0,395958676;0,2584689;1;;;;;;;;;;;;;
823;-1,117795141;0,304876113;0,117795141;1;-0,224287915;0,267383664;-0,55142417;1;-0,330350528;0,478375337;0,651752638;1;;;;;;;;;;;;;
824;-0,867311036;0,295311444;-0,132688964;1;-0,733626142;0,278025637;0,467252283;1;-0,326450472;0,433960631;0,632252358;1;;;;;;;;;;;;;
825;-1,002564453;0,205185444;0,002564453;1;-0,326770728;0,202173833;-0,346458544;1;0,016911047;0,331893514;-1,084555236;1;;;;;;;;;;;;;
826;-0,692866262;0,241738067;-0,307133738;1;-0,434775008;0,24423777;-0,130449984;1;-0,635684374;0,403803363;2,178421871;1;;;;;;;;;;;;;
827;-0,869244397;0,235568782;-0,130755603;1;-0,537052024;0,215950245;0,074104047;1;0,000527479;0,352491667;-1,002637397;1;;;;;;;;;;;;;
828;-0,709763963;0,201632459;-0,290236037;1;-0,337593387;0,21109002;-0,324813225;1;-0,634047515;0,368272972;2,170237577;1;;;;;;;;;;;;;
829;-0,799218091;0,208739772;-0,200781909;1;-0,867523304;0,237477671;0,735046608;1;-0,377574936;0,346617401;0,887874679;1;;;;;;;;;;;;;
830;-1,459709901;0,310773924;0,459709901;1;-0,328037269;0,278401947;-0,343925462;1;-0,107168051;0,510529286;-0,464159744;1;;;;;;;;;;;;;
831;-0,926359901;0,204916052;-0,073640099;1;-0,517414629;0,20252472;0,034829259;1;-0,001766289;0,348431972;-0,991168555;1;;;;;;;;;;;;;
832;-0,772666165;0,227527402;-0,227333835;1;-0,965802563;0,254618982;0,931605126;1;-0,2901304;0,400255472;0,450651998;1;;;;;;;;;;;;;
833;-1,147318813;0,27273084;0,147318813;1;-0,512529017;0,240714092;0,025058034;1;0,053083451;0,416932772;-1,265417256;1;;;;;;;;;;;;;
834;-1,148758385;0,259718998;0,148758385;1;-0,450132862;0,236308182;-0,099734275;1;0,025226041;0,399764599;-1,126130207;1;;;;;;;;;;;;;
835;-1,002989588;0,225009211;0,002989588;1;-0,652893029;0,225386357;0,305786057;1;-0,006293284;0,376336056;-0,968533579;1;;;;;;;;;;;;;
836;-1,204783358;0,256991758;0,204783358;1;-0,419974187;0,228099919;-0,160051626;1;0,021141409;0,379580451;-1,105707045;1;;;;;;;;;;;;;
837;-0,912779258;0,244492938;-0,087220742;1;-0,676879441;0,246646512;0,353758882;1;-0,066358568;0,388220487;-0,668207158;1;;;;;;;;;;;;;
838;-1,004611192;0,201392912;0,004611192;1;-0,272780003;0,185625278;-0,454439995;1;0,086199303;0,330379186;-1,430996515;1;;;;;;;;;;;;;
839;-1,330740916;0,286938786;0,330740916;1;-0,094357388;0,243267107;-0,811285225;1;0,293604984;0,419850723;-2,468024919;1;;;;;;;;;;;;;
840;-0,83961359;0,239711121;-0,16038641;1;-0,892333823;0,249427304;0,784667647;1;-0,143131748;0,366386785;-0,284341258;1;;;;;;;;;;;;;
841;-0,856726025;0,206600261;-0,143273975;1;-0,089455846;0,198368621;-0,821088309;0;-0,763138805;0,344257542;2,815694025;1;;;;;;;;;;;;;
842;-1,000145206;0,242865766;0,000145206;1;-0,313414648;0,232512603;-0,373170705;1;-0,478502074;0,415484109;1,392510371;1;;;;;;;;;;;;;
843;-1,379696092;0,241994819;0,379696092;1;-0,558613859;0,236429966;0,117227718;1;0,564191349;0,355807802;-3,820956747;0;;;;;;;;;;;;;
844;-0,982398153;0,266969682;-0,017601847;1;-0,521796952;0,243966735;0,043593903;1;-0,111778229;0,426096809;-0,441108855;1;;;;;;;;;;;;;
845;-1,258378576;0,226901898;0,258378576;1;-0,139416005;0,205002197;-0,721167991;1;-0,278787935;0,361895495;0,393939673;1;;;;;;;;;;;;;
846;-0,887707216;0,240743659;-0,112292784;1;-0,407322565;0,235480146;-0,185354871;1;-0,672142288;0,418377894;2,360711442;1;;;;;;;;;;;;;
847;-0,710309146;0,219678738;-0,289690854;1;-0,58101259;0,212316829;0,162025179;1;0,136357943;0,343033011;-1,681789716;1;;;;;;;;;;;;;
848;-1,312151659;0,276170842;0,312151659;1;-0,004747386;0,230633972;-0,990505228;0;-0,198372887;0,410817918;-0,008135567;1;;;;;;;;;;;;;
849;-1,281103005;0,23969654;0,281103005;1;-0,687192942;0,231825297;0,374385884;1;0,271036351;0,371530472;-2,355181756;1;;;;;;;;;;;;;
850;-0,940804724;0,212412616;-0,059195276;1;-0,635271126;0,201144301;0,270542251;1;0,344192708;0,334436527;-2,72096354;1;;;;;;;;;;;;;
851;-1,243323746;0,263986669;0,243323746;1;-0,3377503;0,241624755;-0,3244994;1;0,305489086;0,388291199;-2,527445432;1;;;;;;;;;;;;;
852;-0,795882855;0,200574974;-0,204117145;1;-0,855080925;0,218649451;0,710161851;1;0,01196944;0,342920269;-1,059847201;1;;;;;;;;;;;;;
853;-1,013613287;0,216837318;0,013613287;1;-0,588935341;0,209200042;0,177870683;1;0,245370681;0,347404732;-2,226853406;1;;;;;;;;;;;;;
854;-1,030723586;0,206597821;0,030723586;1;-0,354673598;0,20444093;-0,290652804;1;-0,355462352;0,352838154;0,77731176;1;;;;;;;;;;;;;
855;-1,248557334;0,247718414;0,248557334;1;-0,137946327;0,218571635;-0,724107346;1;-0,007961222;0,385406977;-0,960193889;1;;;;;;;;;;;;;
856;-1,273232591;0,221470361;0,273232591;1;-0,556863217;0,214931523;0,113726434;1;0,485651826;0,382215325;-3,428259129;1;;;;;;;;;;;;;
857;-0,806894283;0,242404348;-0,193105717;1;-0,634469012;0,23102905;0,268938025;1;-0,257248768;0,396515766;0,286243838;1;;;;;;;;;;;;;
858;-0,888886799;0,203997456;-0,111113201;1;-0,533214461;0,222835424;0,066428922;1;-0,316411547;0,354966877;0,582057736;1;;;;;;;;;;;;;
859;-0,861562811;0,221095013;-0,138437189;1;-0,251548701;0,219121459;-0,496902598;1;-1,024193001;0,424161709;4,120965007;1;;;;;;;;;;;;;
860;-1,076523552;0,231478853;0,076523552;1;-0,689209871;0,236928886;0,378419743;1;0,038414691;0,384175434;-1,192073453;1;;;;;;;;;;;;;
861;-1,039200483;0,225702722;0,039200483;1;-0,414086354;0,237910005;-0,171827291;1;-0,939114799;0,408755852;3,695573994;1;;;;;;;;;;;;;
862;-0,873687438;0,189996805;-0,126312562;1;-0,596029121;0,223531415;0,192058242;1;-0,535975829;0,343881046;1,679879147;1;;;;;;;;;;;;;
863;-1,136505268;0,225175193;0,136505268;1;-0,48234956;0,22211919;-0,035300881;1;-0,13324109;0,384513237;-0,33379455;1;;;;;;;;;;;;;
864;-1,031433452;0,23742074;0,031433452;1;-0,490863463;0,230416753;-0,018273075;1;-0,732237279;0,401149388;2,661186395;1;;;;;;;;;;;;;
865;-0,431105407;0,193817786;-0,568894593;0;-0,816142698;0,217936473;0,632285396;1;-0,960384239;0,379523221;3,801921193;0;;;;;;;;;;;;;
866;-1,278294776;0,240469145;0,278294776;1;-0,526018804;0,223339488;0,052037608;1;0,119397829;0,376840747;-1,596989143;1;;;;;;;;;;;;;
867;-0,788633913;0,201712356;-0,211366087;1;-0,907035615;0,23116066;0,81407123;1;-0,183726665;0,359361986;-0,081366675;1;;;;;;;;;;;;;
868;-0,868888992;0,273314573;-0,131111008;1;-0,393324378;0,252069833;-0,213351243;1;-0,78583262;0,456804881;2,9291631;1;;;;;;;;;;;;;
869;-1,485156932;0,288895096;0,485156932;1;-0,186882142;0,254716565;-0,626235717;1;0,253550434;0,466914737;-2,267752172;1;;;;;;;;;;;;;
870;-0,670075052;0,179299139;-0,329924948;1;-0,650000986;0,202715691;0,300001972;1;-0,675123693;0,324932083;2,375618464;1;;;;;;;;;;;;;
871;-0,913435229;0,246909394;-0,086564771;1;-0,451707676;0,235762755;-0,096584649;1;-0,209431782;0,37807301;0,047158911;1;;;;;;;;;;;;;
872;-1,112202258;0,224982447;0,112202258;1;-0,386963502;0,229710352;-0,226072997;1;-0,055618527;0,363655566;-0,721907367;1;;;;;;;;;;;;;
873;-1,081272592;0,228843955;0,081272592;1;-0,56436779;0,230408914;0,12873558;1;-0,238857242;0,392268178;0,19428621;1;;;;;;;;;;;;;
874;-0,584136911;0,173812623;-0,415863089;0;-0,864895558;0,227839793;0,729791117;1;-0,757232036;0,340731637;2,786160181;1;;;;;;;;;;;;;
875;-1,08132882;0,243732313;0,08132882;1;-0,859279705;0,238914645;0,71855941;1;0,33891013;0,371620466;-2,694550652;1;;;;;;;;;;;;;
876;-0,891062299;0,197707005;-0,108937701;1;-0,430788733;0,207290322;-0,138422534;1;-0,382027007;0,344532251;0,910135035;1;;;;;;;;;;;;;
877;-1,124556206;0,246248106;0,124556206;1;-0,40162807;0,215074722;-0,196743859;1;0,025178284;0,36444365;-1,12589142;1;;;;;;;;;;;;;
878;-0,7593724;0,221505708;-0,2406276;1;-0,397540631;0,230187339;-0,204918738;1;-1,244739276;0,409396485;5,223696378;0;;;;;;;;;;;;;
879;-1,413600293;0,287114173;0,413600293;1;-0,475690183;0,25136289;-0,048619634;1;0,568707341;0,454710735;-3,843536703;1;;;;;;;;;;;;;
880;-1,202640246;0,295135635;0,202640246;1;-0,70863846;0,283736688;0,417276919;1;0,080921924;0,472649531;-1,404609618;1;;;;;;;;;;;;;
881;-1,065271522;0,266587423;0,065271522;1;-0,867819913;0,255117056;0,735639826;1;0,640849139;0,425117856;-4,204245693;0;;;;;;;;;;;;;
882;-0,780457782;0,259638964;-0,219542218;1;-0,880702195;0,263352301;0,761404391;1;-0,366671292;0,436108087;0,833356459;1;;;;;;;;;;;;;
883;-1,03756955;0,236114203;0,03756955;1;-0,535956506;0,235995419;0,071913012;1;-0,005398453;0,400210657;-0,973007737;1;;;;;;;;;;;;;
884;-0,985120897;0,197912063;-0,014879103;1;-0,431226977;0,212474918;-0,137546046;1;-0,539896752;0,362934045;1,699483762;1;;;;;;;;;;;;;
885;-1,174698768;0,279147817;0,174698768;1;-0,817316578;0,259306357;0,634633155;1;0,568936651;0,435302634;-3,844683253;1;;;;;;;;;;;;;
886;-1,336261288;0,324172873;0,336261288;1;-0,528547186;0,26769632;0,057094371;1;0,646612152;0,452219963;-4,233060762;1;;;;;;;;;;;;;
887;-1,223089822;0,277418348;0,223089822;1;-0,097955106;0,243277154;-0,804089789;1;0,098198205;0,411187893;-1,490991027;1;;;;;;;;;;;;;
888;-1,181660995;0,209834199;0,181660995;1;-0,598730469;0,21075502;0,197460938;1;0,394767565;0,326860159;-2,973837823;1;;;;;;;;;;;;;
889;-0,985233402;0,203143946;-0,014766598;1;-0,564070004;0,196694231;0,128140008;1;0,127817429;0,325562516;-1,639087145;1;;;;;;;;;;;;;
890;-0,811846381;0,205152515;-0,188153619;1;-0,403346477;0,205197448;-0,193307045;1;-0,533637965;0,339925343;1,668189827;1;;;;;;;;;;;;;
891;-1,298407069;0,269621262;0,298407069;1;-0,366627672;0,23844114;-0,266744656;1;0,334028491;0,394135394;-2,670142456;1;;;;;;;;;;;;;
892;-1,085547973;0,228163736;0,085547973;1;-0,241296605;0,199974167;-0,517406789;1;-0,040924087;0,345787815;-0,795379566;1;;;;;;;;;;;;;
893;-1,328267907;0,217425485;0,328267907;1;-0,617869164;0,222778423;0,235738328;1;0,331821692;0,355676384;-2,659108459;1;;;;;;;;;;;;;
894;-1,263673666;0,203624992;0,263673666;1;-0,092050195;0,203074426;-0,81589961;0;-0,194792002;0,334041653;-0,026039992;1;;;;;;;;;;;;;
895;-0,938662106;0,231482326;-0,061337894;1;-0,658716675;0,214131698;0,317433351;1;-0,261252432;0,37130835;0,30626216;1;;;;;;;;;;;;;
896;-1,249775841;0,225081188;0,249775841;1;-0,524975997;0,22054609;0,049951993;1;0,128428985;0,369668838;-1,642144926;1;;;;;;;;;;;;;
897;-1,18679605;0,280258845;0,18679605;1;-0,556551131;0,255521211;0,113102262;1;0,066390602;0,438625337;-1,331953009;1;;;;;;;;;;;;;
898;-0,572888964;0,233020392;-0,427111036;1;-1,03297526;0,273012396;1,065950521;1;-0,259251256;0,393908446;0,296256282;1;;;;;;;;;;;;;
899;-0,978174795;0,217293001;-0,021825205;1;-0,839073718;0,2344594;0,678147436;1;-0,269821913;0,358163206;0,349109564;1;;;;;;;;;;;;;
900;-1,676775644;0,34158613;0,676775644;0;-0,283730461;0,271955124;-0,432539077;1;0,605363835;0,521004252;-4,026819176;1;;;;;;;;;;;;;
901;-1,071701856;0,194070567;0,071701856;1;-0,509266816;0,208580044;0,018533632;1;-0,172971073;0,344154547;-0,135144635;1;;;;;;;;;;;;;
902;-0,988787631;0,198531651;-0,011212369;1;-0,728292116;0,226527553;0,456584232;1;-0,311418116;0,348915788;0,557090578;1;;;;;;;;;;;;;
903;-1,033944435;0,238900706;0,033944435;1;-0,648601005;0,243001602;0,29720201;1;-0,154567525;0,434758977;-0,227162377;1;;;;;;;;;;;;;
904;-0,893895472;0,236734682;-0,106104528;1;-0,348204151;0,234991557;-0,303591698;1;-0,606971648;0,412030282;2,034858239;1;;;;;;;;;;;;;
905;-0,607998396;0,270564235;-0,392001604;1;-0,878079376;0,241545171;0,756158753;1;-0,542353677;0,43098538;1,711768385;1;;;;;;;;;;;;;
906;-0,756783712;0,248453025;-0,243216288;1;-0,7141933;0,232332395;0,4283866;1;-0,160988697;0,378130534;-0,195056517;1;;;;;;;;;;;;;
907;-0,638322569;0,212544444;-0,361677431;1;-0,827786958;0,232874333;0,655573916;1;-0,47369407;0,382497851;1,368470349;1;;;;;;;;;;;;;
908;-0,949282124;0,218009238;-0,050717876;1;-0,821246102;0,22199277;0,642492204;1;0,001178699;0,343519148;-1,005893494;1;;;;;;;;;;;;;
909;-1,019921238;0,235462923;0,019921238;1;-0,695110754;0,236595506;0,390221509;1;0,124285715;0,388852032;-1,621428577;1;;;;;;;;;;;;;
910;-0,705403838;0,223708973;-0,294596162;1;-0,734955698;0,235964169;0,469911396;1;-0,29357104;0,38914161;0,467855202;1;;;;;;;;;;;;;
911;-0,934648846;0,227032051;-0,065351154;1;-0,546394712;0,241891624;0,092789425;1;-0,631484179;0,386562848;2,157420895;1;;;;;;;;;;;;;
912;-0,715366551;0,164056987;-0,284633449;1;-0,439550012;0,189146667;-0,120899977;1;-0,663086337;0,325882087;2,315431684;1;;;;;;;;;;;;;
913;-1,038174574;0,227465809;0,038174574;1;-0,475002795;0,217553799;-0,049994409;1;-0,305456896;0,356440253;0,527284479;1;;;;;;;;;;;;;
914;-0,762589021;0,208146712;-0,237410979;1;-0,641839193;0,219479142;0,283678387;1;-0,432741458;0,352427701;1,16370729;1;;;;;;;;;;;;;
915;-0,716389072;0,242318046;-0,283610928;1;-0,932788552;0,263488593;0,865577105;1;-0,836685374;0,417902861;3,183426869;1;;;;;;;;;;;;;
916;-0,820109152;0,230787611;-0,179890848;1;-0,729620819;0,239628231;0,459241638;1;-0,360211075;0,364409637;0,801055373;1;;;;;;;;;;;;;
917;-0,294262524;0,216220097;-0,705737476;0;-0,334437265;0,21910345;-0,33112547;1;-0,825725521;0,362019609;3,128627606;1;;;;;;;;;;;;;
918;-1,705380068;0,320848431;0,705380068;0;-0,503553986;0,269352517;0,007107971;1;1,138202438;0,463702078;-6,69101219;0;;;;;;;;;;;;;
919;-1,209124871;0,232097353;0,209124871;1;-0,278881342;0,21107501;-0,442237316;1;0,170615677;0,355656839;-1,853078383;1;;;;;;;;;;;;;
920;-0,942041143;0,240354562;-0,057958857;1;-0,566241512;0,233125081;0,132483023;1;-0,616266326;0,427686422;2,081331631;1;;;;;;;;;;;;;
921;-0,893281767;0,230185856;-0,106718233;1;-0,419960076;0,229362754;-0,160079848;1;-0,652981557;0,374422221;2,264907785;1;;;;;;;;;;;;;
922;-0,749483382;0,185098017;-0,250516618;1;-0,351764448;0,194821835;-0,296471105;1;-0,713826728;0,354755334;2,56913364;1;;;;;;;;;;;;;
923;-1,034600925;0,285020334;0,034600925;1;-0,206762711;0,250179225;-0,586474578;1;-0,369729781;0,42470527;0,848648905;1;;;;;;;;;;;;;
924;-1,141443963;0,250811262;0,141443963;1;-0,208388001;0,210167646;-0,583223999;1;-0,167936845;0,393630809;-0,160315773;1;;;;;;;;;;;;;
925;-1,181362919;0,231456822;0,181362919;1;-0,698657149;0,233162248;0,397314298;1;0,010174522;0,405736182;-1,050872608;1;;;;;;;;;;;;;
926;-0,587240408;0,178304972;-0,412759592;0;-0,789409545;0,210958962;0,57881909;1;-0,890503581;0,334680331;3,452517905;0;;;;;;;;;;;;;
927;-0,866885484;0,216987836;-0,133114516;1;-0,470121104;0,207289629;-0,059757792;1;-0,455616784;0,358091724;1,278083919;1;;;;;;;;;;;;;
928;-0,527046764;0,157857587;-0,472953236;0;-0,726921982;0,211560547;0,453843964;1;-0,942943298;0,307059022;3,714716488;0;;;;;;;;;;;;;
929;-1,187698587;0,259202078;0,187698587;1;-0,745701756;0,244555878;0,491403512;1;0,415473704;0,383411584;-3,077368522;1;;;;;;;;;;;;;
930;-0,718128833;0,168763469;-0,281871167;1;-0,60414645;0,197657156;0,2082929;1;-0,500618043;0,295850175;1,503090213;1;;;;;;;;;;;;;
931;-1,181326235;0,259231003;0,181326235;1;-0,528794563;0,241254577;0,057589126;1;0,133776943;0,433632209;-1,668884713;1;;;;;;;;;;;;;
932;-1,182533074;0,225630112;0,182533074;1;-0,340944086;0,229493633;-0,318111828;1;-0,222817768;0,381687567;0,114088838;1;;;;;;;;;;;;;
933;-1,145750104;0,184349558;0,145750104;1;-0,505460491;0,200013735;0,010920982;1;0,107028381;0,315040285;-1,535141905;1;;;;;;;;;;;;;
934;-0,805613931;0,224958818;-0,194386069;1;-0,85006487;0,251907917;0,700129741;1;-0,820769402;0,416750114;3,103847012;1;;;;;;;;;;;;;
935;-1,157083429;0,309865515;0,157083429;1;-0,577832418;0,267968843;0,155664836;1;0,029865295;0,480369524;-1,149326477;1;;;;;;;;;;;;;
936;-1,171877054;0,281136222;0,171877054;1;-0,532243323;0,251308445;0,064486646;1;-0,241113887;0,442268448;0,205569434;1;;;;;;;;;;;;;
937;-0,798304341;0,189201973;-0,201695659;1;-0,649916942;0,21124695;0,299833883;1;-0,351370746;0,334118443;0,756853732;1;;;;;;;;;;;;;
938;-1,497648288;0,290428113;0,497648288;1;-0,397734338;0,257002714;-0,204531325;1;0,024556396;0,439619024;-1,122781981;1;;;;;;;;;;;;;
939;-0,997710935;0,233061237;-0,002289065;1;-0,434426686;0,224496757;-0,131146627;1;-0,097973057;0,373427366;-0,510134715;1;;;;;;;;;;;;;
940;-1,254585759;0,292867787;0,254585759;1;-0,459246164;0,261636743;-0,081507672;1;0,08288245;0,466651333;-1,414412248;1;;;;;;;;;;;;;
941;-0,718583383;0,255134975;-0,281416617;1;-0,934310366;0,289107097;0,868620733;1;-0,302297378;0,420279319;0,511486888;1;;;;;;;;;;;;;
942;-1,144855098;0,265183039;0,144855098;1;-0,17718516;0,266718001;-0,64562968;1;-0,21439421;0,446913604;0,07197105;1;;;;;;;;;;;;;
943;-0,798113653;0,233575756;-0,201886347;1;-0,728724268;0,236307427;0,457448537;1;-0,6763824;0,420199991;2,381912002;1;;;;;;;;;;;;;
944;-0,925971125;0,200351564;-0,074028875;1;-0,778151856;0,221203184;0,556303712;1;-0,293112997;0,365132577;0,465564985;1;;;;;;;;;;;;;
945;-0,76979115;0,224383944;-0,23020885;1;-0,957140147;0,235491648;0,914280294;1;-0,084028317;0,387086364;-0,579858414;1;;;;;;;;;;;;;
946;-0,80375836;0,219442802;-0,19624164;1;-0,554899998;0,221236406;0,109799996;1;-0,42892659;0,377744487;1,144632952;1;;;;;;;;;;;;;
947;-1,332885543;0,23798948;0,332885543;1;-0,320366172;0,211708076;-0,359267656;1;0,231244143;0,356462567;-2,156220714;1;;;;;;;;;;;;;
948;-1,070040316;0,271918478;0,070040316;1;-0,683072172;0,258733531;0,366144343;1;0,077310704;0,418086427;-1,386553522;1;;;;;;;;;;;;;
949;-1,371117323;0,278199571;0,371117323;1;-0,54988657;0,240568665;0,09977314;1;0,42174814;0,395112688;-3,108740699;1;;;;;;;;;;;;;
950;-1,068047527;0,251527737;0,068047527;1;-0,234128328;0,221134429;-0,531743343;1;-0,243052664;0,391368125;0,215263318;1;;;;;;;;;;;;;
951;-0,967751189;0,284601148;-0,032248811;1;-0,168881598;0,275533895;-0,662236805;1;-0,97878882;0,453743059;3,893944099;1;;;;;;;;;;;;;
952;-0,98994701;0,253947788;-0,01005299;1;-0,351358301;0,235169918;-0,297283398;1;-0,356167933;0,398952625;0,780839663;1;;;;;;;;;;;;;
953;-1,146094191;0,265180602;0,146094191;1;-0,164533239;0,245537208;-0,670933522;1;-0,308750172;0,431609877;0,543750862;1;;;;;;;;;;;;;
954;-0,507254613;0,209626299;-0,492745387;0;-0,22209345;0,201912717;-0,555813099;1;-1,125125004;0,36286555;4,62562502;0;;;;;;;;;;;;;
955;-0,923728534;0,224292151;-0,076271466;1;-0,276954223;0,224151397;-0,446091555;1;-0,744674361;0,373379796;2,723371806;1;;;;;;;;;;;;;
956;-1,322730104;0,210673175;0,322730104;1;-0,119051789;0,198644797;-0,761896421;1;0,33935997;0,337591798;-2,696799848;1;;;;;;;;;;;;;
957;-0,853885264;0,210613216;-0,146114736;1;-0,527628203;0,22237086;0,055256405;1;-0,875252478;0,349959563;3,37626239;1;;;;;;;;;;;;;
958;-1,039885062;0,248332643;0,039885062;1;-0,666608124;0,254285985;0,333216249;1;-0,24937507;0,421604109;0,246875351;1;;;;;;;;;;;;;
959;-1,378870051;0,288805334;0,378870051;1;-0,65141519;0,254893914;0,30283038;1;0,877098433;0,45586297;-5,385492165;0;;;;;;;;;;;;;
960;-1,083123493;0,254454725;0,083123493;1;-0,236473046;0,214186611;-0,527053907;1;0,04815356;0,395397274;-1,240767798;1;;;;;;;;;;;;;
961;-0,694043297;0,22973026;-0,305956703;1;-0,468380977;0,211138259;-0,063238046;1;-0,52158984;0,379426126;1,607949202;1;;;;;;;;;;;;;
962;-1,521634582;0,295701919;0,521634582;1;0,004319654;0,275815765;-1,008639309;1;-0,479531304;0,457856579;1,397656521;1;;;;;;;;;;;;;
963;-0,842280834;0,180151934;-0,157719166;1;-0,528927577;0,196762628;0,057855155;1;-0,377056634;0,336130361;0,885283168;1;;;;;;;;;;;;;
964;-0,899705504;0,248524892;-0,100294496;1;-1,059650994;0,228682304;1,119301988;0;0,589417154;0,375891882;-3,947085772;0;;;;;;;;;;;;;
965;-0,902806755;0,21429251;-0,097193245;1;-0,272234503;0,219837036;-0,455530994;1;-0,538184927;0,350911792;1,690924637;1;;;;;;;;;;;;;
966;-0,721038616;0,206227211;-0,278961384;1;-0,553406292;0,212546872;0,106812584;1;-0,711309366;0,365724039;2,55654683;1;;;;;;;;;;;;;
967;-0,633912117;0,304085249;-0,366087883;1;-0,543367249;0,264207963;0,086734498;1;-0,543857496;0,47385849;1,719287478;1;;;;;;;;;;;;;
968;-1,299040879;0,221148159;0,299040879;1;-0,503481811;0,208643042;0,006963622;1;0,357208178;0,322620376;-2,786040891;1;;;;;;;;;;;;;
969;-0,745247283;0,168674499;-0,254752717;1;-0,468199502;0,193536304;-0,063600996;1;-0,522490239;0,321827156;1,612451197;1;;;;;;;;;;;;;
970;-1,0375113;0,232438349;0,0375113;1;-0,407398461;0,224247175;-0,185203078;1;-0,295443575;0,368064116;0,477217873;1;;;;;;;;;;;;;
971;-1,025903534;0,228278346;0,025903534;1;-0,317490043;0,234507317;-0,365019913;1;-0,216945625;0,408411528;0,084728123;1;;;;;;;;;;;;;
972;-0,919697112;0,199035611;-0,080302888;1;-0,439178815;0,213389309;-0,12164237;1;-0,586330229;0,359525223;1,931651143;1;;;;;;;;;;;;;
973;-1,013909683;0,229968771;0,013909683;1;-0,462236634;0,230614044;-0,075526731;1;-0,016610449;0,354677908;-0,916947757;1;;;;;;;;;;;;;
974;-1,190837116;0,216859895;0,190837116;1;-0,578708359;0,213845761;0,157416718;1;0,143848434;0,34816858;-1,719242172;1;;;;;;;;;;;;;
975;-1,251851105;0,277191434;0,251851105;1;-0,186408564;0,241498994;-0,627182873;1;-0,423199971;0,436288745;1,115999853;1;;;;;;;;;;;;;
976;-1,382176446;0,250547058;0,382176446;1;0,033242228;0,221885623;-1,066484456;0;0,076722764;0,383533666;-1,383613818;1;;;;;;;;;;;;;
977;-0,885422495;0,207714851;-0,114577505;1;-0,618060558;0,211937689;0,236121117;1;-0,192744167;0,351142302;-0,036279167;1;;;;;;;;;;;;;
978;-0,70059864;0,281701463;-0,29940136;1;-0,304192342;0,254885471;-0,391615315;1;-1,179659507;0,473291925;4,898297535;0;;;;;;;;;;;;;
979;-0,99126149;0,204232122;-0,00873851;1;-0,74769039;0,222524743;0,495380779;1;-0,181062877;0,355045956;-0,094685615;1;;;;;;;;;;;;;
980;-1,202510886;0,235589887;0,202510886;1;-0,406498114;0,25072212;-0,187003771;1;-0,393129337;0,417807204;0,965646687;1;;;;;;;;;;;;;
981;-0,724474668;0,255692055;-0,275525332;1;-0,780186042;0,255173527;0,560372083;1;-0,172404729;0,395500069;-0,137976354;1;;;;;;;;;;;;;
982;-1,013962989;0,243859249;0,013962989;1;-0,662906813;0,246573863;0,325813627;1;-0,045452482;0,383143254;-0,772737591;1;;;;;;;;;;;;;
983;-0,900312479;0,205045617;-0,099687521;1;-0,587431026;0,208765049;0,174862052;1;-0,313240193;0,3574731;0,566200966;1;;;;;;;;;;;;;
984;-0,884498585;0,216715696;-0,115501415;1;-0,333640422;0,213129146;-0,332719155;1;-0,334703114;0,374657054;0,673515571;1;;;;;;;;;;;;;
985;-1,147770118;0,290755246;0,147770118;1;-0,689357943;0,250479008;0,378715887;1;0,238624947;0,426659744;-2,193124735;1;;;;;;;;;;;;;
986;-1,108638462;0,270338388;0,108638462;1;-0,520347715;0,250808062;0,04069543;1;-0,143768549;0,428073844;-0,281157255;1;;;;;;;;;;;;;
987;-1,050454587;0,243719179;0,050454587;1;-0,249196698;0,22155958;-0,501606605;1;-0,340810193;0,365589682;0,704050965;1;;;;;;;;;;;;;
988;-0,941401079;0,222346502;-0,058598921;1;-0,047091625;0,221668865;-0,90581675;0;-1,072048537;0,393338997;4,360242687;0;;;;;;;;;;;;;
989;-1,221137227;0,252408835;0,221137227;1;-0,606227643;0,227421969;0,212455287;1;0,772364176;0,373865336;-4,861820879;0;;;;;;;;;;;;;
990;-1,114211193;0,216854626;0,114211193;1;-0,576357865;0,201057904;0,15271573;1;0,203147567;0,336425073;-2,015737837;1;;;;;;;;;;;;;
991;-0,987700451;0,322748829;-0,012299549;1;-0,336124345;0,296470851;-0,327751311;1;0,14351936;0,513681448;-1,7175968;1;;;;;;;;;;;;;
992;-1,081802527;0,220802532;0,081802527;1;-0,258253356;0,228522715;-0,483493289;1;-0,579038961;0,390871094;1,895194807;1;;;;;;;;;;;;;
993;-0,906531385;0,243043955;-0,093468615;1;-0,78519479;0,245091694;0,570389581;1;-0,087122164;0,392892745;-0,564389182;1;;;;;;;;;;;;;
994;-1,073734588;0,210600477;0,073734588;1;-0,740134811;0,224854189;0,480269622;1;-0,073358413;0,345877741;-0,633207933;1;;;;;;;;;;;;;
995;-1,209393072;0,296145557;0,209393072;1;-0,378936977;0,248695615;-0,242126047;1;0,346066629;0,42396112;-2,730333146;1;;;;;;;;;;;;;
996;-0,773156486;0,209773003;-0,226843514;1;-0,452930968;0,20865901;-0,094138064;1;-0,497686214;0,363933768;1,488431071;1;;;;;;;;;;;;;
997;-1,135002057;0,26600402;0,135002057;1;-0,598956141;0,263692582;0,197912282;1;-0,42355582;0,421072844;1,117779099;1;;;;;;;;;;;;;
998;-0,85912463;0,200898039;-0,14087537;1;-0,352678556;0,200109492;-0,294642889;1;-0,648097086;0,34235792;2,240485429;1;;;;;;;;;;;;;
999;-0,671744629;0,223421359;-0,328255371;1;-0,725417782;0,245641981;0,450835565;1;-0,505535834;0,370705146;1,527679171;1;;;;;;;;;;;;;
1000;-1,174296914;0,231197575;0,174296914;1;-0,600737939;0,221911472;0,201475878;1;0,386341794;0,367391395;-2,931708969;1;;;;;;;;;;;;;
