;mean;se;bias;cp;mean;se;bias;cp;mean;se;bias;cp;;mean;sd;bias;cp;mean;sd;bias;cp;mean;sd;bias;cp
1;0,289202144;0,458925224;-0,517996427;1;0,119032461;0,373808056;-0,404837694;1;0,032344539;0,534396642;-0,919138652;1;;0,385611991;0,677046651;-0,357313349;0,874;0,186862336;0,480416142;-0,065688321;0,929;0,362632638;0,825738706;-0,093418404;0,929
2;0,414405813;0,630677278;-0,309323645;1;-0,134448727;0,489546648;-1,672243633;1;1,184064622;0,891604759;1,960161554;1;;;;;;;;;;;;;
3;1,045533241;0,478553329;0,742555402;1;-0,009750795;0,422437572;-1,048753977;1;0,113255205;0,684695895;-0,716861988;1;;;;;;;;;;;;;
4;-0,103405447;0,439858794;-1,172342412;1;0,34121431;0,312936398;0,706071551;1;0,241812856;0,601820367;-0,39546786;1;;;;;;;;;;;;;
5;1,149426406;0,502859326;0,915710676;1;0,093188527;0,374370848;-0,534057364;1;-0,930526626;0,618999381;-3,326316564;0;;;;;;;;;;;;;
6;-0,2705156;0,640730837;-1,450859334;1;0,065980223;0,543178724;-0,670098883;1;0,948274233;1,087329429;1,370685582;1;;;;;;;;;;;;;
7;1,301496764;0,488787223;1,169161273;1;-1,32745762;0,421200652;-7,637288101;0;-0,163809614;0,532035234;-1,409524036;1;;;;;;;;;;;;;
8;1,209074856;0,713336048;1,01512476;1;-0,268356594;0,552416306;-2,34178297;1;-0,075507979;0,739697086;-1,188769948;1;;;;;;;;;;;;;
9;-0,2062299;0,649571644;-1,3437165;1;0,571640009;0,421180757;1,858200046;1;1,471246995;0,832573071;2,678117488;1;;;;;;;;;;;;;
10;-0,122971401;0,383504261;-1,204952335;1;-0,159702799;0,261813644;-1,798513997;1;1,446162498;0,475659565;2,615406245;0;;;;;;;;;;;;;
11;0,798912757;0,509059585;0,331521262;1;-0,57134298;0,448963558;-3,856714899;1;0,546178526;0,820062426;0,365446316;1;;;;;;;;;;;;;
12;0,60485966;0,520623918;0,008099434;1;0,194258345;0,399861224;-0,028708273;1;0,406566209;0,708124016;0,016415522;1;;;;;;;;;;;;;
13;-0,159490185;0,500811658;-1,265816975;1;0,587559251;0,395196536;1,937796255;1;1,196956191;0,671648117;1,992390479;1;;;;;;;;;;;;;
14;1,75977995;1,083919271;1,932966584;1;-0,284443856;0,65550543;-2,422219281;1;-0,178558839;1,284397548;-1,446397096;1;;;;;;;;;;;;;
15;0,422470034;0,599270944;-0,295883276;1;0,102236716;0,445511338;-0,488816418;1;0,706028098;0,696916168;0,765070246;1;;;;;;;;;;;;;
16;0,060651342;0,409957191;-0,89891443;1;0,040177457;0,304817971;-0,799112714;1;0,446247205;0,491551625;0,115618013;1;;;;;;;;;;;;;
17;0,880594474;0,63986681;0,467657456;1;0,542468138;0,566648873;1,712340688;1;-0,411223542;0,860378994;-2,028058855;1;;;;;;;;;;;;;
18;-0,335911567;0,495749453;-1,559852611;1;0,497680089;0,404424631;1,488400445;1;-0,085343905;0,44739062;-1,213359764;1;;;;;;;;;;;;;
19;0,643892015;0,603155995;0,073153358;1;0,113959791;0,480120675;-0,430201044;1;0,727275989;0,678681065;0,818189973;1;;;;;;;;;;;;;
20;0,070654289;0,411256327;-0,882242852;1;0,071115263;0,316545517;-0,644423687;1;0,6004577;0,608956163;0,501144249;1;;;;;;;;;;;;;
21;-0,092441385;0,523691434;-1,154068975;1;0,231732932;0,341472931;0,158664662;1;0,330869928;0,587408086;-0,17282518;1;;;;;;;;;;;;;
22;0,532031542;0,519860144;-0,113280763;1;0,043254285;0,368233327;-0,783728574;1;0,619998451;0,617443956;0,549996126;1;;;;;;;;;;;;;
23;0,82118684;0,506018097;0,368644733;1;0,532704984;0,40889351;1,66352492;1;0,256397925;0,81830397;-0,359005188;1;;;;;;;;;;;;;
24;0,209335869;0,54190532;-0,651106885;1;0,803509565;0,425668766;3,017547827;1;0,335132186;0,659422254;-0,162169535;1;;;;;;;;;;;;;
25;0,183820776;0,597541842;-0,69363204;1;-0,322754854;0,412820863;-2,613774268;1;1,833677092;0,784904848;3,584192731;1;;;;;;;;;;;;;
26;0,229207081;0,495649959;-0,617988198;1;0,437598952;0,313915127;1,187994759;1;0,107230285;0,579922259;-0,731924289;1;;;;;;;;;;;;;
27;0,743935946;0,461458451;0,239893244;1;-0,50478726;0,307028282;-3,523936301;0;-0,235382372;0,553559715;-1,588455929;1;;;;;;;;;;;;;
28;0,073633181;0,429113454;-0,877278032;1;0,156340938;0,291372727;-0,218295311;1;0,655592783;0,526831394;0,638981958;1;;;;;;;;;;;;;
29;-0,065102195;1,209067847;-1,108503658;1;0,700857062;1,008744606;2,504285312;1;1,242095669;2,001334088;2,105239172;1;;;;;;;;;;;;;
30;-1,102685198;0,530444729;-2,837808663;0;0,781645513;0,401982102;2,908227564;1;2,039166695;0,800750611;4,097916736;0;;;;;;;;;;;;;
31;0,125200495;0,527468878;-0,791332508;1;0,640001515;0,379264293;2,200007577;1;0,224441703;0,803537474;-0,438895742;1;;;;;;;;;;;;;
32;-0,043181862;0,510117827;-1,07196977;1;0,551835663;0,380558244;1,759178316;1;1,054439453;0,678451668;1,636098633;1;;;;;;;;;;;;;
33;0,085342581;0,627526971;-0,857762365;1;0,747555492;0,523528827;2,737777461;1;0,752281937;1,03715236;0,880704842;1;;;;;;;;;;;;;
34;0,353316082;0,474296471;-0,411139864;1;0,000389191;0,369682005;-0,998054043;1;0,967608606;0,65392321;1,419021514;1;;;;;;;;;;;;;
35;0,732143129;0,878920053;0,220238549;1;-0,1283388;0,67953228;-1,641694002;1;0,781250069;1,295934473;0,953125173;1;;;;;;;;;;;;;
36;-0,325102547;0,944470634;-1,541837578;1;0,784867142;0,797897785;2,924335708;1;2,746103172;1,532870498;5,865257929;1;;;;;;;;;;;;;
37;1,633052345;0,548860665;1,721753909;1;0,230303834;0,484987795;0,151519168;1;-1,442419263;0,74617618;-4,606048159;0;;;;;;;;;;;;;
38;0,143982916;0,368474051;-0,760028473;1;0,389660756;0,261805071;0,948303778;1;-0,451044073;0,455447271;-2,127610182;1;;;;;;;;;;;;;
39;0,117177066;0,653415897;-0,80470489;1;0,898274198;0,494118893;3,491370989;1;0,613776143;1,08123164;0,534440357;1;;;;;;;;;;;;;
40;-0,029664581;0,771898766;-1,049440969;1;0,302605611;0,522932634;0,513028054;1;1,105189123;0,987342095;1,762972809;1;;;;;;;;;;;;;
41;0,296794597;0,632680168;-0,505342338;1;-0,364792109;0,515563587;-2,823960543;1;1,553977604;1,03123027;2,88494401;1;;;;;;;;;;;;;
42;-0,234647941;0,490158707;-1,391079901;1;0,776898295;0,371041343;2,884491477;1;1,148199159;0,623966698;1,870497897;1;;;;;;;;;;;;;
43;0,801438047;0,505857575;0,335730079;1;0,276308498;0,448814157;0,381542492;1;-0,506588291;0,750592146;-2,266470729;1;;;;;;;;;;;;;
44;0,520954984;0,642107404;-0,131741694;1;0,08236182;0,45153618;-0,588190902;1;0,531249389;0,860478886;0,328123471;1;;;;;;;;;;;;;
45;-0,043675037;0,521808914;-1,072791728;1;1,065954997;0,392358167;4,329774986;0;0,481899046;0,668791956;0,204747616;1;;;;;;;;;;;;;
46;0,885480503;0,695418934;0,475800839;1;0,333944893;0,666661012;0,669724467;1;0,574793528;1,228511838;0,436983821;1;;;;;;;;;;;;;
47;0,431840398;0,571972385;-0,280266003;1;0,59833415;0,447116014;1,991670752;1;0,180363942;0,756361578;-0,549090146;1;;;;;;;;;;;;;
48;-0,242679308;0,631240096;-1,404465514;1;0,699947953;0,435612129;2,499739767;1;0,633750427;0,806038388;0,584376068;1;;;;;;;;;;;;;
49;0,523326851;0,558791219;-0,127788582;1;0,27235812;0,415011475;0,361790601;1;0,120043576;0,828496905;-0,699891061;1;;;;;;;;;;;;;
50;-0,049278963;0,458951534;-1,082131606;1;0,223107631;0,332141503;0,115538153;1;0,74537096;0,561504652;0,8634274;1;;;;;;;;;;;;;
51;0,419443895;0,608695829;-0,300926842;1;0,383670847;0,600001665;0,918354235;1;1,836607263;0,8695219;3,591518157;1;;;;;;;;;;;;;
52;0,132895835;0,449386608;-0,778506942;1;0,253192276;0,282285126;0,26596138;1;0,785453379;0,654171854;0,963633448;1;;;;;;;;;;;;;
53;0,021635203;0,597862026;-0,963941328;1;0,266551729;0,445943406;0,332758643;1;0,584084517;0,806051401;0,460211293;1;;;;;;;;;;;;;
54;0,321955581;0,6579589;-0,463407365;1;0,824962571;0,505808728;3,124812854;1;0,229246273;0,867398956;-0,426884316;1;;;;;;;;;;;;;
55;1,784493978;1,023331244;1,974156629;1;-0,473966382;0,595374879;-3,36983191;1;-0,475567345;1,077663015;-2,188918363;1;;;;;;;;;;;;;
56;0,248075523;0,428926267;-0,586540795;1;0,32018623;0,317084853;0,600931148;1;0,423421588;0,55501517;0,05855397;1;;;;;;;;;;;;;
57;0,316631637;0,798039899;-0,472280605;1;-0,51421927;0,623311218;-3,571096351;1;1,974786192;1,03062807;3,93696548;1;;;;;;;;;;;;;
58;0,880264673;0,505841096;0,467107789;1;0,283789683;0,351584616;0,418948413;1;-0,538862264;0,628973561;-2,347155659;1;;;;;;;;;;;;;
59;0,809688801;0,499221539;0,349481335;1;0,840777717;0,544768671;3,203888586;1;-0,634136042;0,699234234;-2,585340105;1;;;;;;;;;;;;;
60;0,595194101;0,481988515;-0,008009831;1;0,199023044;0,374160581;-0,004884779;1;-0,101517211;0,616959551;-1,253793026;1;;;;;;;;;;;;;
61;0,311970151;0,492939935;-0,480049748;1;-0,020992345;0,368895618;-1,104961726;1;0,33437605;0,642358218;-0,164059875;1;;;;;;;;;;;;;
62;0,504607762;0,44025875;-0,158987064;1;-0,125833905;0,330750313;-1,629169523;1;0,627980277;0,608686549;0,569950692;1;;;;;;;;;;;;;
63;0,934292612;0,592095239;0,557154354;1;-0,983773102;0,476512883;-5,918865512;0;0,420821098;0,930618989;0,052052745;1;;;;;;;;;;;;;
64;0,3054917;0,528487366;-0,490847166;1;-0,45879716;0,392592232;-3,293985798;1;1,582240137;0,65409683;2,955600343;1;;;;;;;;;;;;;
65;1,612177603;0,696905904;1,686962672;1;0,735095776;0,449343486;2,675478879;1;-1,38611892;0,859821166;-4,4652973;0;;;;;;;;;;;;;
66;0,597995448;0,3974593;-0,00334092;1;-0,216901941;0,302794553;-2,084509707;1;0,123097776;0,507058191;-0,692255559;1;;;;;;;;;;;;;
67;-0,171383355;0,397850984;-1,285638926;1;0,567069315;0,313448345;1,835346575;1;0,195559201;0,53680733;-0,511101999;1;;;;;;;;;;;;;
68;0,403464406;0,38797216;-0,327559324;1;0,015975627;0,302864176;-0,920121864;1;-0,202218037;0,513690082;-1,505545091;1;;;;;;;;;;;;;
69;0,454224057;0,461200826;-0,242959905;1;0,022935011;0,418506077;-0,885324947;1;0,85352882;0,623809505;1,133822051;1;;;;;;;;;;;;;
70;0,513473772;0,560518399;-0,14421038;1;0,410633666;0,441401051;1,053168328;1;0,15083836;0,64956071;-0,622904099;1;;;;;;;;;;;;;
71;0,194961989;0,687152029;-0,675063351;1;0,504856342;0,518172738;1,524281711;1;0,833009173;1,014820854;1,082522933;1;;;;;;;;;;;;;
72;0,596252648;0,452257509;-0,006245586;1;0,071838073;0,353131616;-0,640809637;1;-0,299835641;0,582756836;-1,749589103;1;;;;;;;;;;;;;
73;0,15983425;0,624998629;-0,733609583;1;0,361293316;0,422933841;0,806466579;1;0,038094284;0,694134199;-0,904764291;1;;;;;;;;;;;;;
74;0,450052724;0,521533074;-0,249912126;1;0,398592584;0,489343777;0,992962918;1;-0,297664911;0,921885581;-1,744162278;1;;;;;;;;;;;;;
75;1,341103311;0,504094364;1,235172185;1;-0,023024553;0,425564972;-1,115122763;1;-0,936121707;0,725808373;-3,340304267;1;;;;;;;;;;;;;
76;0,118062798;0,313145693;-0,80322867;1;-0,150078308;0,266866515;-1,750391541;1;0,734202259;0,444425367;0,835505647;1;;;;;;;;;;;;;
77;0,23009771;0,402462626;-0,616503817;1;0,711777348;0,312427487;2,558886738;1;-0,520417513;0,508696613;-2,301043783;1;;;;;;;;;;;;;
78;0,200314778;0,576507581;-0,666142037;1;-0,404686918;0,381409881;-3,02343459;1;0,40124821;0,644748495;0,003120525;1;;;;;;;;;;;;;
79;0,206543939;0,648540338;-0,655760101;1;-0,557930051;0,546076177;-3,789650253;1;2,026253598;1,229969085;4,065633995;1;;;;;;;;;;;;;
80;1,053246084;0,598726643;0,75541014;1;-0,534246292;0,535809162;-3,671231458;1;-0,047667621;0,651962658;-1,119169053;1;;;;;;;;;;;;;
81;0,988308134;0,597511211;0,647180224;1;0,288151334;0,561912954;0,440756668;1;0,138261867;0,919338503;-0,654345333;1;;;;;;;;;;;;;
82;0,429275722;0,536752867;-0,284540464;1;0,692328298;0,465602229;2,461641489;1;0,751180381;0,850741824;0,877950952;1;;;;;;;;;;;;;
83;0,850029222;0,639584882;0,41671537;1;0,667085032;0,456979534;2,33542516;1;-0,414835354;0,822222684;-2,037088385;1;;;;;;;;;;;;;
84;0,951138614;0,467939713;0,585231023;1;0,042764458;0,380275913;-0,78617771;1;0,036118107;0,572562532;-0,909704732;1;;;;;;;;;;;;;
85;0,998324997;0,65397775;0,663874995;1;0,746984789;0,537358681;2,734923945;1;-0,260254325;0,817508134;-1,650635814;1;;;;;;;;;;;;;
86;0,339639261;0,609626809;-0,433934565;1;-0,672859699;0,471238695;-4,364298497;1;1,718332375;0,911983208;3,295830937;1;;;;;;;;;;;;;
87;0,101536976;0,514992167;-0,830771707;1;0,464905261;0,495349684;1,324526305;1;1,44150457;0,698968992;2,603761425;1;;;;;;;;;;;;;
88;0,080582262;0,325704173;-0,86569623;1;0,310274504;0,26612712;0,551372519;1;0,447916348;0,430366165;0,119790871;1;;;;;;;;;;;;;
89;1,251912626;0,605791538;1,086521044;1;-0,197940946;0,370273061;-1,989704729;1;-0,891742221;0,717998509;-3,229355551;1;;;;;;;;;;;;;
90;0,619452837;0,968457186;0,032421395;1;0,550913669;0,637741104;1,754568346;1;0,607698501;1,370148324;0,519246254;1;;;;;;;;;;;;;
91;1,583416231;0,935135884;1,639027051;1;0,415005555;0,513599778;1,075027776;1;-1,033509958;1,053280112;-3,583774896;1;;;;;;;;;;;;;
92;0,334348126;0,674652345;-0,442753123;1;0,141354193;0,432244114;-0,293229034;1;0,416121471;0,835622584;0,040303678;1;;;;;;;;;;;;;
93;0,550887836;0,403355882;-0,081853606;1;0,466198881;0,351747008;1,330994403;1;-0,210324758;0,606866593;-1,525811894;1;;;;;;;;;;;;;
94;1,724788607;0,877425433;1,874647678;1;0,243562153;0,682886545;0,217810763;1;-0,786899242;1,389667875;-2,967248105;1;;;;;;;;;;;;;
95;0,507425221;0,636632619;-0,154291298;1;0,512567213;0,46283704;1,562836063;1;1,084235726;0,795088636;1,710589314;1;;;;;;;;;;;;;
96;0,853987868;0,496905712;0,423313114;1;-0,366543108;0,356234501;-2,832715539;1;0,199571983;0,645417088;-0,501070042;1;;;;;;;;;;;;;
97;-0,395271653;0,556059966;-1,658786089;1;0,03738827;0,44456113;-0,813058651;1;1,611228039;0,914737649;3,028070098;1;;;;;;;;;;;;;
98;-0,548863996;0,454300804;-1,914773327;0;0,763702164;0,367190813;2,818510818;1;1,395940722;0,663536176;2,489851806;1;;;;;;;;;;;;;
99;0,754898338;0,498819372;0,258163897;1;-0,530311637;0,359059245;-3,651558187;0;0,09238386;0,632916352;-0,76904035;1;;;;;;;;;;;;;
100;0,449553152;0,566036322;-0,250744747;1;-0,346515789;0,444803688;-2,732578943;1;0,933375108;0,876609749;1,33343777;1;;;;;;;;;;;;;
101;0,425606997;0,387150574;-0,290655005;1;-0,388241569;0,327375462;-2,941207847;1;0,498915966;0,515402538;0,247289916;1;;;;;;;;;;;;;
102;1,178719639;0,637117035;0,964532732;1;-0,442367035;0,441056594;-3,211835177;1;0,054890835;0,837643999;-0,862772913;1;;;;;;;;;;;;;
103;0,604973944;0,619438682;0,008289906;1;0,245545542;0,421333816;0,22772771;1;0,471256201;0,890395901;0,178140502;1;;;;;;;;;;;;;
104;1,114122566;1,346353298;0,856870944;1;-0,247251341;1,012842434;-2,236256706;1;1,327612549;1,541255963;2,319031373;1;;;;;;;;;;;;;
105;0,646894762;0,720317331;0,078157936;1;1,076438798;0,568762331;4,382193991;1;0,711244717;0,959153427;0,778111793;1;;;;;;;;;;;;;
106;0,716347761;0,529729464;0,193912935;1;0,523448931;0,476484438;1,617244654;1;0,081983469;0,774289591;-0,795041329;1;;;;;;;;;;;;;
107;0,398894452;0,468388583;-0,335175913;1;-0,023219015;0,345688402;-1,116095074;1;-0,028722069;0,676611561;-1,071805173;1;;;;;;;;;;;;;
108;0,939299091;0,427562958;0,565498485;1;0,230756313;0,326806304;0,153781567;1;-0,771242997;0,583599086;-2,928107492;0;;;;;;;;;;;;;
109;1,589892023;0,584928771;1,649820038;1;-0,208232937;0,436682406;-2,041164683;1;-1,26947936;0,743383861;-4,173698401;0;;;;;;;;;;;;;
110;0,49162089;0,53954694;-0,180631849;1;-0,735412944;0,394649379;-4,67706472;0;0,649395045;0,739238432;0,623487612;1;;;;;;;;;;;;;
111;-0,039836214;0,411363392;-1,066393689;1;1,048369421;0,450401;4,241847104;1;0,481252418;0,577412389;0,203131044;1;;;;;;;;;;;;;
112;0,226208711;0,772725531;-0,622985482;1;0,123211484;0,392738954;-0,383942578;1;-0,107296884;0,883359143;-1,26824221;1;;;;;;;;;;;;;
113;0,678703816;0,552978426;0,131173026;1;-0,264871988;0,347941541;-2,324359942;1;-0,615737273;0,604129168;-2,539343183;1;;;;;;;;;;;;;
114;0,007204961;0,440656591;-0,987991732;1;-0,086715204;0,317952703;-1,433576019;1;1,495185358;0,524986613;2,737963395;0;;;;;;;;;;;;;
115;-0,028103976;0,665557729;-1,046839961;1;0,108786395;0,41725903;-0,456068026;1;1,398218401;0,941735574;2,495546002;1;;;;;;;;;;;;;
116;0,43082322;0,56061173;-0,2819613;1;0,529504106;0,420930967;1,647520528;1;0,91365935;0,815968497;1,284148375;1;;;;;;;;;;;;;
117;0,032025136;0,470299095;-0,946624773;1;0,637141614;0,372119602;2,18570807;1;1,106462583;0,678350955;1,766156457;1;;;;;;;;;;;;;
118;0,028919709;0,446403207;-0,951800484;1;0,420792058;0,319060353;1,10396029;1;0,254841228;0,51452711;-0,36289693;1;;;;;;;;;;;;;
119;-0,58389281;0,419404691;-1,973154683;0;0,328660852;0,436018032;0,643304262;1;1,562781643;0,773826661;2,906954107;1;;;;;;;;;;;;;
120;0,546839207;0,514776885;-0,088601321;1;1,027928018;0,408860938;4,139640089;0;-0,461288493;0,678566591;-2,153221233;1;;;;;;;;;;;;;
121;0,27705056;0,498904281;-0,538249066;1;0,058494574;0,361707065;-0,707527131;1;0,088936462;0,631264689;-0,777658845;1;;;;;;;;;;;;;
122;0,39083286;0,789330471;-0,3486119;1;-1,133886855;0,556473932;-6,669434276;0;1,298220613;1,043811853;2,245551534;1;;;;;;;;;;;;;
123;0,647167257;0,460300048;0,078612095;1;-0,076999077;0,368582817;-1,384995383;1;0,668556145;0,57755485;0,671390362;1;;;;;;;;;;;;;
124;-0,096299228;0,495519402;-1,160498714;1;1,145520811;0,518663748;4,727604056;1;0,933706468;0,742999016;1,334266169;1;;;;;;;;;;;;;
125;1,058328507;0,538400667;0,763880846;1;-0,248567726;0,449433306;-2,242838628;1;0,333866782;0,826913631;-0,165333044;1;;;;;;;;;;;;;
126;-0,46562547;0,4562764;-1,77604245;0;1,061439247;0,425310125;4,307196236;0;0,739210386;0,564206796;0,848025966;1;;;;;;;;;;;;;
127;0,162853592;0,391961187;-0,728577346;1;0,53862527;0,33040811;1,693126349;1;0,170330412;0,555830942;-0,57417397;1;;;;;;;;;;;;;
128;0,659655781;0,642458953;0,099426301;1;-0,031539067;0,422111802;-1,157695337;1;0,313729512;0,855284834;-0,215676219;1;;;;;;;;;;;;;
129;0,594741735;0,566472055;-0,008763775;1;0,003849537;0,416519916;-0,980752316;1;-0,082740706;0,687229403;-1,206851764;1;;;;;;;;;;;;;
130;0,513288808;0,743104738;-0,144518654;1;0,52327956;0,630926391;1,616397799;1;-0,421076847;1,120213029;-2,052692117;1;;;;;;;;;;;;;
131;1,046064917;0,548113457;0,743441529;1;-0,306436269;0,377869351;-2,532181344;1;0,131572718;0,804663043;-0,671068204;1;;;;;;;;;;;;;
132;-0,513355099;0,996930599;-1,855591831;1;-0,633165059;0,562457779;-4,165825295;1;2,272724815;1,718368499;4,681812037;1;;;;;;;;;;;;;
133;0,143832273;0,485013187;-0,760279544;1;0,414254402;0,526957652;1,07127201;1;0,857564422;0,908277074;1,143911055;1;;;;;;;;;;;;;
134;0,827757775;0,545932549;0,379596291;1;-0,122974983;0,482998125;-1,614874917;1;0,966088482;0,722896574;1,415221204;1;;;;;;;;;;;;;
135;0,819171789;0,537101835;0,365286315;1;0,099351891;0,365459865;-0,503240543;1;-0,32006898;0,659804455;-1,800172449;1;;;;;;;;;;;;;
136;0,273663588;0,440500192;-0,54389402;1;0,573754058;0,377823042;1,86877029;1;0,597788031;0,590829695;0,494470078;1;;;;;;;;;;;;;
137;0,420358566;0,482613375;-0,29940239;1;0,636710986;0,367695652;2,183554932;1;0,021443992;0,600630106;-0,946390021;1;;;;;;;;;;;;;
138;0,854248419;0,741872439;0,423747366;1;0,142938668;0,524007913;-0,28530666;1;0,682770313;0,972786143;0,706925782;1;;;;;;;;;;;;;
139;-0,777631817;0,405890927;-2,296053028;0;0,099989911;0,295903927;-0,500050443;1;0,884144723;0,573831533;1,210361806;1;;;;;;;;;;;;;
140;0,563321419;0,576559421;-0,061130968;1;0,613551756;0,450338652;2,06775878;1;-0,333597312;0,750138025;-1,83399328;1;;;;;;;;;;;;;
141;-0,047341187;0,476437892;-1,078901979;1;0,598986349;0,348771206;1,994931744;1;0,627813615;0,636287211;0,569534038;1;;;;;;;;;;;;;
142;-0,299164939;0,311186004;-1,498608232;0;0,31837684;0,255217221;0,591884202;1;0,835874949;0,425378399;1,089687373;1;;;;;;;;;;;;;
143;0,899858997;0,447135984;0,499764996;1;-0,6043206;0,356015562;-4,021602998;0;0,74877043;0,474096367;0,871926074;1;;;;;;;;;;;;;
144;0,129338313;0,366367653;-0,784436145;1;0,685250945;0,321771062;2,426254724;1;-0,205413796;0,488580956;-1,51353449;1;;;;;;;;;;;;;
145;2,452831103;1,208683724;3,088051839;1;-0,117829182;0,773579811;-1,589145911;1;-1,452110754;1,495632757;-4,630276884;1;;;;;;;;;;;;;
146;0,834209151;0,518584171;0,390348585;1;-0,034400975;0,415355537;-1,172004874;1;0,273420537;0,743647232;-0,316448657;1;;;;;;;;;;;;;
147;1,771304693;0,775705215;1,952174489;1;-0,126559033;0,745343788;-1,632795167;1;-0,109000598;1,300650832;-1,272501494;1;;;;;;;;;;;;;
148;-0,041798921;0,411702881;-1,069664868;1;-0,204267586;0,291530894;-2,021337928;1;0,97141722;0,597209764;1,428543051;1;;;;;;;;;;;;;
149;-0,376508926;0,52334208;-1,627514877;1;0,307385621;0,354568823;0,536928104;1;1,593053431;0,649671837;2,982633578;1;;;;;;;;;;;;;
150;-0,013383134;0,33041763;-1,022305223;1;-0,951113272;0,282789681;-5,75556636;0;1,103628392;0,410256948;1,75907098;1;;;;;;;;;;;;;
151;0,635930779;0,506136401;0,059884631;1;0,644959137;0,388905073;2,224795683;1;0,423882808;0,634458435;0,059707021;1;;;;;;;;;;;;;
152;-0,233573867;0,440182196;-1,389289778;1;0,710518346;0,37943151;2,552591732;1;1,30314235;0,534311421;2,257855875;1;;;;;;;;;;;;;
153;-0,189494961;0,505563733;-1,315824935;1;1,080755187;0,44504304;4,403775937;0;0,604766423;0,634769668;0,511916057;1;;;;;;;;;;;;;
154;-0,352024237;0,367883308;-1,586707062;0;0,973795593;0,30567437;3,868977963;0;0,014756914;0,430761685;-0,963107715;1;;;;;;;;;;;;;
155;0,946945213;0,753057883;0,578242021;1;0,692872454;0,615053102;2,464362271;1;-0,692406364;1,156509585;-2,73101591;1;;;;;;;;;;;;;
156;0,158850563;0,515917175;-0,735249062;1;-0,579276308;0,551984474;-3,896381539;1;1,612090038;1,020619092;3,030225096;1;;;;;;;;;;;;;
157;0,674937794;0,377053641;0,124896323;1;-0,375087134;0,295532127;-2,87543567;1;-0,429835083;0,500717576;-2,074587707;1;;;;;;;;;;;;;
158;-0,641996166;0,321905822;-2,06999361;0;0,630149011;0,26425563;2,150745053;1;1,085695535;0,408575737;1,714238838;1;;;;;;;;;;;;;
159;0,780279872;0,589995814;0,300466453;1;-0,303246099;0,461828741;-2,516230495;1;0,163582562;0,671710441;-0,591043595;1;;;;;;;;;;;;;
160;-0,104625694;0,377236967;-1,174376157;1;0,927631721;0,363187343;3,638158603;0;-0,133107575;0,531731406;-1,332768938;1;;;;;;;;;;;;;
161;0,906581704;0,568129049;0,510969506;1;0,403304249;0,436832114;1,016521245;1;-0,519116902;0,767514975;-2,297792254;1;;;;;;;;;;;;;
162;1,585969115;0,530843116;1,643281859;1;-0,039159622;0,388373396;-1,195798109;1;-1,534007504;0,683183822;-4,835018759;0;;;;;;;;;;;;;
163;0,407785401;0,478583392;-0,320357665;1;-0,020618262;0,359763033;-1,103091311;1;0,468294244;0,629501651;0,170735609;1;;;;;;;;;;;;;
164;-0,026689364;0,433287981;-1,044482274;1;0,769449629;0,32991685;2,847248145;1;-0,350925685;0,510737444;-1,877314213;1;;;;;;;;;;;;;
165;0,658361521;0,48051506;0,097269202;1;0,222007275;0,357124877;0,110036375;1;-0,22129628;0,668283229;-1,553240699;1;;;;;;;;;;;;;
166;0,446998058;0,497587065;-0,255003236;1;0,394339538;0,412273181;0,971697692;1;0,305371199;0,610434699;-0,236572002;1;;;;;;;;;;;;;
167;1,405967484;0,589754576;1,343279141;1;-0,204498397;0,470944262;-2,022491985;1;-0,805441096;0,846933004;-3,01360274;1;;;;;;;;;;;;;
168;0,574247591;0,55862853;-0,042920682;1;0,604415111;0,439996145;2,022075555;1;-0,404119261;0,784888795;-2,010298152;1;;;;;;;;;;;;;
169;-0,024266475;0,299125568;-1,040444126;0;0,669358267;0,300198381;2,346791334;1;0,214999134;0,354143573;-0,462502165;1;;;;;;;;;;;;;
170;0,243620845;0,466474165;-0,593965258;1;-0,079749642;0,31033416;-1,398748208;1;-0,093676002;0,556826388;-1,234190006;1;;;;;;;;;;;;;
171;0,698828128;0,443000071;0,164713547;1;0,135284554;0,350387233;-0,323577231;1;0,383768484;0,652531646;-0,04057879;1;;;;;;;;;;;;;
172;0,349458879;0,409631911;-0,417568535;1;0,291576252;0,323634262;0,457881261;1;-0,086121083;0,535515742;-1,215302707;1;;;;;;;;;;;;;
173;0,816144287;0,615585941;0,360240478;1;-0,146035266;0,592682671;-1,730176332;1;-0,051231827;0,95972387;-1,128079568;1;;;;;;;;;;;;;
174;-0,464704245;0,330032602;-1,774507075;0;0,367985618;0,270153879;0,839928089;1;0,292995704;0,470111174;-0,26751074;1;;;;;;;;;;;;;
175;1,211028346;0,653231616;1,018380576;1;0,053476745;0,459156904;-0,732616273;1;-0,716891565;0,958573849;-2,792228911;1;;;;;;;;;;;;;
176;-0,101239285;0,464044277;-1,168732141;1;0,490502149;0,344388671;1,452510744;1;0,444213225;0,707441163;0,110533062;1;;;;;;;;;;;;;
177;1,150718317;0,491691339;0,917863861;1;-0,227599751;0,327637446;-2,137998756;1;-0,811841135;0,6111724;-3,029602836;0;;;;;;;;;;;;;
178;0,595365958;0,493281072;-0,007723403;1;0,050392959;0,448167915;-0,748035203;1;0,129408505;0,690512408;-0,676478736;1;;;;;;;;;;;;;
179;-0,343897258;0,501564528;-1,573162097;1;0,032997169;0,299565117;-0,835014157;1;0,999933751;0,589386939;1,499834377;1;;;;;;;;;;;;;
180;0,340948076;0,539388031;-0,431753207;1;0,654439523;0,373369406;2,272197615;1;0,285263525;0,632613668;-0,286841186;1;;;;;;;;;;;;;
181;-0,337809833;0,478144996;-1,563016389;0;-0,59231437;0,388815476;-3,961571848;0;2,007157772;0,725144027;4,017894429;0;;;;;;;;;;;;;
182;0,446924609;0,637035212;-0,255125651;1;-0,98595224;0,483330448;-5,929761201;0;0,822192264;0,752512561;1,055480661;1;;;;;;;;;;;;;
183;0,383115276;0,437427008;-0,36147454;1;0,642986526;0,338613742;2,214932628;1;0,247202061;0,654052603;-0,381994847;1;;;;;;;;;;;;;
184;0,996715155;0,514363259;0,661191926;1;0,106976563;0,274363944;-0,465117185;1;-1,628360057;0,59077233;-5,070900143;0;;;;;;;;;;;;;
185;-0,533359638;0,412787419;-1,88893273;0;0,58568486;0,289680008;1,928424301;1;0,919361396;0,581665928;1,29840349;1;;;;;;;;;;;;;
186;1,365245031;0,594280126;1,275408385;1;0,680784882;0,546381651;2,403924408;1;-0,315703215;0,812908141;-1,789258037;1;;;;;;;;;;;;;
187;0,113110898;0,408171159;-0,811481836;1;0,268573251;0,286264884;0,342866254;1;-0,181066224;0,518036629;-1,452665559;1;;;;;;;;;;;;;
188;0,026572145;0,336839222;-0,955713091;1;0,22917723;0,273512519;0,145886152;1;0,732147356;0,401344263;0,830368391;1;;;;;;;;;;;;;
189;-0,165679199;0,331320247;-1,276131999;0;-0,09069438;0,247796862;-1,453471898;1;0,681902435;0,442737395;0,704756088;1;;;;;;;;;;;;;
190;0,07671504;0,533542985;-0,872141599;1;-0,288173666;0,349979712;-2,440868332;1;0,828702829;0,6319662;1,071757072;1;;;;;;;;;;;;;
191;0,46399047;0,552793923;-0,226682551;1;0,386492995;0,459530441;0,932464975;1;1,08287168;0,705312592;1,707179199;1;;;;;;;;;;;;;
192;0,260953358;0,43669476;-0,565077737;1;-0,199023641;0,33273426;-1,995118206;1;0,975120893;0,506758989;1,437802234;1;;;;;;;;;;;;;
193;-0,352707286;0,640326536;-1,587845476;1;0,788052067;0,504204285;2,940260333;1;0,989427094;0,828849438;1,473567735;1;;;;;;;;;;;;;
194;0,327352786;0,68476282;-0,454412024;1;0,14132487;0,549653841;-0,293375648;1;0,905021031;1,026453226;1,262552577;1;;;;;;;;;;;;;
195;0,503178602;0,653417784;-0,161368997;1;0,947129484;0,51083135;3,735647419;1;-0,815839824;0,804161994;-3,039599559;1;;;;;;;;;;;;;
196;1,132156482;0,498440593;0,88692747;1;0,283162737;0,368636619;0,415813684;1;-0,536680884;0,719078993;-2,341702211;1;;;;;;;;;;;;;
197;1,430766907;0,960546587;1,384611511;1;-0,153628655;0,70614807;-1,768143273;1;-0,451034086;1,32686773;-2,127585215;1;;;;;;;;;;;;;
198;1,329756291;0,739685355;1,216260485;1;0,362706437;0,549374253;0,813532187;1;-0,612704979;0,855438712;-2,531762446;1;;;;;;;;;;;;;
199;-0,314145574;0,450950197;-1,523575956;0;0,211382952;0,325090942;0,056914761;1;0,914892339;0,656635088;1,287230848;1;;;;;;;;;;;;;
200;-0,229341058;0,608000372;-1,382235097;1;-0,171852206;0,559444586;-1,859261031;1;1,887951411;1,07725209;3,719878529;1;;;;;;;;;;;;;
201;0,75070818;0,604865998;0,2511803;1;0,193724536;0,45304343;-0,031377321;1;0,300776144;0,71318797;-0,248059639;1;;;;;;;;;;;;;
202;0,866190293;0,516831292;0,443650488;1;-0,108306028;0,454697823;-1,54153014;1;0,421103662;0,652256285;0,052759156;1;;;;;;;;;;;;;
203;1,188988755;0,53244987;0,981647924;1;0,071951673;0,38955982;-0,640241636;1;-0,763109189;0,653906989;-2,907772972;1;;;;;;;;;;;;;
204;1,172647379;0,524950006;0,954412298;1;0,154746786;0,454632454;-0,226266072;1;0,201332338;0,696651703;-0,496669154;1;;;;;;;;;;;;;
205;-0,113785193;0,636543459;-1,189641989;1;-0,315153905;0,400732602;-2,575769524;1;1,723071575;0,780270446;3,307678938;1;;;;;;;;;;;;;
206;0,465823731;0,506534668;-0,223627115;1;0,420635177;0,366923905;1,103175884;1;-0,484625536;0,662765717;-2,21156384;1;;;;;;;;;;;;;
207;0,323704806;0,416613595;-0,46049199;1;0,849298631;0,358580254;3,246493154;1;0,496488796;0,594440026;0,24122199;1;;;;;;;;;;;;;
208;0,381660278;0,412641653;-0,363899537;1;-0,014994501;0,300583665;-1,074972503;1;0,24061065;0,502501334;-0,398473376;1;;;;;;;;;;;;;
209;0,453840315;0,399140895;-0,243599475;1;0,284892786;0,354541983;0,42446393;1;-0,457563035;0,584648226;-2,143907587;1;;;;;;;;;;;;;
210;0,429738338;0,494518078;-0,283769437;1;-0,450079295;0,339089468;-3,250396477;1;0,438933115;0,624042603;0,097332787;1;;;;;;;;;;;;;
211;0,658027579;0,762545172;0,096712631;1;-0,204748018;0,814625292;-2,023740089;1;1,596759342;1,266316994;2,991898355;1;;;;;;;;;;;;;
212;0,244819902;0,469727204;-0,591966831;1;0,799177052;0,340921888;2,995885258;1;-0,496197597;0,483989585;-2,240493993;1;;;;;;;;;;;;;
213;1,972647187;1,846416365;2,287745311;1;0,67344212;0,798222744;2,367210601;1;-1,780409344;2,031964028;-5,451023361;1;;;;;;;;;;;;;
214;0,194013074;0,520463397;-0,676644876;1;0,642531016;0,398981243;2,212655079;1;0,506740962;0,780506105;0,266852404;1;;;;;;;;;;;;;
215;0,269595158;0,64641542;-0,550674736;1;0,831936975;0,4357061;3,159684876;1;-0,10066152;0,767903347;-1,251653801;1;;;;;;;;;;;;;
216;0,630649221;0,533048782;0,051082035;1;0,573152804;0,381457041;1,865764022;1;-0,565532574;0,594955669;-2,413831434;1;;;;;;;;;;;;;
217;0,11687879;0,483647379;-0,805202017;1;0,081517524;0,357070517;-0,59241238;1;0,967123843;0,563883198;1,417809607;1;;;;;;;;;;;;;
218;0,78090983;0,549890032;0,301516383;1;1,027668778;0,504955924;4,138343892;1;-0,774433242;0,721018037;-2,936083106;1;;;;;;;;;;;;;
219;0,510353876;0,401443522;-0,149410206;1;-0,409930236;0,306240553;-3,049651182;0;-0,068062532;0,462959212;-1,170156331;1;;;;;;;;;;;;;
220;0,469063844;0,715871073;-0,218226927;1;-0,104121075;0,386522924;-1,520605373;1;-0,054538574;0,896143914;-1,136346435;1;;;;;;;;;;;;;
221;0,034139904;0,375846682;-0,943100159;1;0,727005004;0,310898597;2,635025019;1;-0,786795538;0,488470812;-2,966988845;0;;;;;;;;;;;;;
222;1,011345492;0,634744211;0,685575819;1;-0,400854227;0,390151346;-3,004271133;1;-0,666695115;0,846362391;-2,666737787;1;;;;;;;;;;;;;
223;0,147310712;0,41250391;-0,754482146;1;0,286538736;0,342943116;0,432693681;1;0,573695792;0,564379901;0,43423948;1;;;;;;;;;;;;;
224;0,717362131;0,461924773;0,195603551;1;0,378597007;0,373216155;0,892985037;1;-0,234930243;0,609079715;-1,587325607;1;;;;;;;;;;;;;
225;0,648994424;0,590267233;0,081657374;1;0,207372865;0,520572897;0,036864324;1;-0,292695117;0,865528779;-1,731737792;1;;;;;;;;;;;;;
226;-1,677812712;0,647459744;-3,79635452;0;0,845044797;0,395159221;3,225223985;1;2,723874288;0,993675942;5,809685719;0;;;;;;;;;;;;;
227;-0,15535588;0,381387972;-1,258926466;0;0,633972427;0,307507427;2,169862136;1;0,362954171;0,463594959;-0,092614572;1;;;;;;;;;;;;;
228;-0,294580675;0,477489486;-1,490967792;1;0,376033336;0,375326162;0,880166678;1;1,890936586;0,673275428;3,727341466;0;;;;;;;;;;;;;
229;1,4462195;0,500411598;1,410365834;1;-0,070337204;0,293938764;-1,351686018;1;-1,891800144;0,69902037;-5,729500361;0;;;;;;;;;;;;;
230;1,383400917;0,495324475;1,305668194;1;0,186581533;0,453494374;-0,067092337;1;-0,731317382;0,637701905;-2,828293456;1;;;;;;;;;;;;;
231;1,03113455;0,526229547;0,718557584;1;0,412381894;0,349292478;1,061909471;1;-0,705191529;0,562643595;-2,762978822;0;;;;;;;;;;;;;
232;-0,527758492;0,505507594;-1,879597487;0;0,346831423;0,313121983;0,734157115;1;0,511250461;0,626026311;0,278126152;1;;;;;;;;;;;;;
233;-0,252491054;0,506012273;-1,420818424;1;0,090893525;0,387650427;-0,545532377;1;1,959087057;0,84677345;3,897717641;1;;;;;;;;;;;;;
234;0,588632243;0,556269251;-0,018946262;1;-0,537586397;0,378363562;-3,687931987;1;-0,260789257;0,531730141;-1,651973143;1;;;;;;;;;;;;;
235;-0,332924091;0,411633394;-1,554873486;0;0,055006934;0,253323438;-0,724965332;1;0,696657183;0,496549222;0,741642957;1;;;;;;;;;;;;;
236;1,358013746;1,03691792;1,263356243;1;0,035655427;0,661415145;-0,821722863;1;0,249676322;1,421144981;-0,375809195;1;;;;;;;;;;;;;
237;-0,575154805;0,305208748;-1,958591342;0;0,108759918;0,231397236;-0,456200411;1;1,080642272;0,4578837;1,701605681;1;;;;;;;;;;;;;
238;0,430463522;0,695491012;-0,282560797;1;0,05377723;0,508207102;-0,731113848;1;1,031928164;0,982754014;1,57982041;1;;;;;;;;;;;;;
239;0,316777984;0,675383895;-0,472036694;1;0,441620897;0,59791503;1,208104484;1;0,290605865;1,057182278;-0,273485338;1;;;;;;;;;;;;;
240;-0,075827432;0,618044493;-1,126379053;1;0,788698632;0,637140538;2,943493162;1;1,403733868;1,038292856;2,509334669;1;;;;;;;;;;;;;
241;0,795639227;0,544441565;0,326065378;1;0,225845467;0,397372028;0,129227336;1;0,267351706;0,690790936;-0,331620735;1;;;;;;;;;;;;;
242;-0,142953138;0,406934729;-1,23825523;1;-0,095585886;0,327420362;-1,47792943;1;1,098111041;0,669460988;1,745277602;1;;;;;;;;;;;;;
243;0,76943782;0,643640849;0,282396367;1;-0,108759148;0,49339038;-1,543795738;1;0,819807374;0,932944538;1,049518436;1;;;;;;;;;;;;;
244;0,505393379;0,538729098;-0,157677701;1;0,404680185;0,362940085;1,023400926;1;-0,019299418;0,711473869;-1,048248544;1;;;;;;;;;;;;;
245;1,208215583;0,645340674;1,013692638;1;-0,176791013;0,527389165;-1,883955065;1;0,48719988;0,689440459;0,217999699;1;;;;;;;;;;;;;
246;1,096990083;0,759812567;0,828316805;1;0,226524024;0,57106765;0,132620118;1;0,020376931;0,903168235;-0,949057673;1;;;;;;;;;;;;;
247;0,01730914;0,408208535;-0,971151433;1;-0,208527066;0,386668636;-2,042635331;1;0,239216863;0,614138514;-0,401957843;1;;;;;;;;;;;;;
248;-0,645594832;0,633122004;-2,075991386;0;-0,103596565;0,473206618;-1,517982824;1;2,242172786;0,969384074;4,605431966;1;;;;;;;;;;;;;
249;0,822476596;0,754932374;0,370794327;1;0,512791939;0,638249744;1,563959693;1;0,379044074;0,930598148;-0,052389816;1;;;;;;;;;;;;;
250;0,602985019;0,488923312;0,004975031;1;0,040087671;0,386914212;-0,799561643;1;0,377370331;0,604573552;-0,056574173;1;;;;;;;;;;;;;
251;-0,082498186;0,479827773;-1,137496976;1;0,41790826;0,393862448;1,089541299;1;0,705620449;0,635124104;0,764051123;1;;;;;;;;;;;;;
252;1,156348953;0,49557533;0,927248255;1;0,026417429;0,391710179;-0,867912853;1;-0,369379858;0,700964755;-1,923449646;1;;;;;;;;;;;;;
253;-0,606969055;0,310093329;-2,011615091;0;0,435144869;0,271826481;1,175724345;1;0,692110642;0,441761194;0,730276604;1;;;;;;;;;;;;;
254;0,907534764;0,639852846;0,51255794;1;-0,31035697;0,592075938;-2,55178485;1;0,066797183;0,869891309;-0,833007043;1;;;;;;;;;;;;;
255;-0,059674233;0,431842856;-1,099457055;1;-0,312262128;0,32492157;-2,561310639;1;0,970937336;0,491826376;1,42734334;1;;;;;;;;;;;;;
256;-0,054302662;0,585179476;-1,090504437;1;0,174448731;0,423439822;-0,127756345;1;1,567662097;0,872280701;2,919155243;1;;;;;;;;;;;;;
257;-0,372877078;0,38577111;-1,621461797;0;0,55195756;0,370761616;1,7597878;1;0,77786244;0,617292504;0,944656099;1;;;;;;;;;;;;;
258;-0,15054208;0,548798175;-1,250903467;1;-0,081518163;0,352663758;-1,407590814;1;0,923261944;0,689646553;1,308154861;1;;;;;;;;;;;;;
259;1,412493551;0,567927658;1,354155919;1;-0,112459588;0,407135213;-1,562297939;1;-0,823884732;0,643475277;-3,059711829;1;;;;;;;;;;;;;
260;-0,122744002;0,799381809;-1,204573337;1;-0,250666028;0,529203946;-2,253330141;1;0,484671337;0,874395415;0,211678343;1;;;;;;;;;;;;;
261;0,349362981;0,530945065;-0,417728365;1;-0,500983219;0,360811399;-3,504916094;1;0,084615041;0,666257931;-0,788462397;1;;;;;;;;;;;;;
262;0,219467147;0,536712292;-0,634221421;1;0,32717207;0,346641481;0,635860352;1;-0,692071694;0,686334516;-2,730179235;1;;;;;;;;;;;;;
263;1,55178111;0,788956188;1,586301849;1;-0,272315165;0,59251165;-2,361575826;1;-0,203216854;1,053890033;-1,508042134;1;;;;;;;;;;;;;
264;-0,265764469;0,396930708;-1,442940781;0;-0,141981991;0,306413939;-1,709909954;1;1,385639268;0,572005697;2,464098171;1;;;;;;;;;;;;;
265;0,553438966;0,680482803;-0,077601723;1;0,69261539;0,414426336;2,463076952;1;-0,308782077;0,843296519;-1,771955194;1;;;;;;;;;;;;;
266;-0,386974593;0,404001314;-1,644957655;0;0,372774292;0,292224309;0,863871458;1;0,539171629;0,468958125;0,347929073;1;;;;;;;;;;;;;
267;0,145103488;0,357361608;-0,758160853;1;-0,150658516;0,288375002;-1,75329258;1;-0,125198891;0,461654726;-1,312997228;1;;;;;;;;;;;;;
268;0,671637007;0,378841006;0,119395012;1;-0,108202215;0,307899012;-1,541011075;1;-0,174303409;0,44918833;-1,435758523;1;;;;;;;;;;;;;
269;-0,097384476;0,279087312;-1,162307459;0;0,478711869;0,27785193;1,393559347;1;-0,063287391;0,356432352;-1,158218478;1;;;;;;;;;;;;;
270;0,228886712;0,603155938;-0,618522146;1;0,605501178;0,431179081;2,027505888;1;0,286634074;0,804722554;-0,283414816;1;;;;;;;;;;;;;
271;-0,07570837;0,460285612;-1,126180616;1;0,180366475;0,33855818;-0,098167626;1;0,826263392;0,60047971;1,065658481;1;;;;;;;;;;;;;
272;-0,457324396;0,489724505;-1,762207327;0;0,641543332;0,388151011;2,207716661;1;1,069455893;0,657336302;1,673639732;1;;;;;;;;;;;;;
273;0,801438295;0,764963971;0,335730492;1;-0,184570415;0,601017477;-1,922852075;1;0,099703575;0,948265371;-0,750741061;1;;;;;;;;;;;;;
274;0,392514346;0,415305022;-0,345809423;1;0,761333341;0,331085584;2,806666707;1;-0,583106541;0,508970504;-2,457766352;1;;;;;;;;;;;;;
275;2,987794295;1,326866202;3,979657158;1;-0,141307334;0,695719253;-1,706536669;1;-3,240346521;1,896941884;-9,100866302;1;;;;;;;;;;;;;
276;-0,405444553;0,519644639;-1,675740922;1;0,730527049;0,382497753;2,652635245;1;0,474779581;0,702187958;0,186948952;1;;;;;;;;;;;;;
277;0,401682629;0,405785836;-0,330528952;1;0,15708296;0,274339207;-0,214585199;1;0,001839806;0,462896709;-0,995400485;1;;;;;;;;;;;;;
278;-0,672333954;0,415757939;-2,12055659;0;0,280477744;0,288417493;0,402388721;1;1,384582787;0,500517582;2,461456968;0;;;;;;;;;;;;;
279;-0,516132659;0,576255334;-1,860221098;1;0,758401393;0,37477025;2,792006965;1;0,816946494;0,734535897;1,042366236;1;;;;;;;;;;;;;
280;-0,137649171;0,563648231;-1,229415284;1;0,317308804;0,500177788;0,586544018;1;1,021352597;0,770993704;1,553381492;1;;;;;;;;;;;;;
281;0,084340421;0,528491772;-0,859432631;1;0,333198223;0,365197785;0,665991115;1;0,38407305;0,73709969;-0,039817376;1;;;;;;;;;;;;;
282;0,822211474;0,693160919;0,370352457;1;-0,532622874;0,515783693;-3,663114371;1;0,560244953;1,099987143;0,400612383;1;;;;;;;;;;;;;
283;0,771334732;0,685402898;0,285557886;1;-0,799300667;0,674242226;-4,996503334;1;1,428820463;1,016384666;2,572051157;1;;;;;;;;;;;;;
284;0,241289471;0,425977549;-0,597850882;1;0,034565264;0,300873872;-0,827173681;1;0,346534562;0,542153161;-0,133663594;1;;;;;;;;;;;;;
285;1,130171064;0,554428489;0,88361844;1;0,062315798;0,519250693;-0,688421011;1;-0,275473227;0,931982646;-1,688683067;1;;;;;;;;;;;;;
286;1,115976594;0,543917626;0,85996099;1;-0,337353985;0,378010889;-2,686769926;1;-0,989526365;0,638177415;-3,473815912;0;;;;;;;;;;;;;
287;0,139038725;0,423853279;-0,768268791;1;0,309154008;0,332876781;0,54577004;1;1,391725619;0,586594228;2,479314046;1;;;;;;;;;;;;;
288;0,871535811;0,465526104;0,452559686;1;0,082023553;0,374085771;-0,589882234;1;0,319393828;0,692619165;-0,20151543;1;;;;;;;;;;;;;
289;-0,490538018;0,38923909;-1,817563364;0;0,858799122;0,326137708;3,293995609;0;0,720593635;0,543299826;0,801484089;1;;;;;;;;;;;;;
290;1,063596587;0,557647521;0,772660979;1;0,251439627;0,416975764;0,257198137;1;-0,886770029;0,656542502;-3,216925073;1;;;;;;;;;;;;;
291;0,091675396;0,503306198;-0,847207673;1;0,874929736;0,348900336;3,374648681;1;-1,593955776;0,633147714;-4,984889441;0;;;;;;;;;;;;;
292;0,671575447;0,618527083;0,119292412;1;0,505298356;0,410661739;1,526491782;1;-0,814990775;0,735055212;-3,037476936;1;;;;;;;;;;;;;
293;0,222875955;0,798938018;-0,628540075;1;-0,452389656;0,500267495;-3,261948279;1;0,570046247;1,143051149;0,425115616;1;;;;;;;;;;;;;
294;0,595780609;0,654237498;-0,007032318;1;0,618660494;0,460093595;2,09330247;1;-0,466688528;0,771816662;-2,166721319;1;;;;;;;;;;;;;
295;0,339984336;0,509828162;-0,43335944;1;0,245824502;0,374377441;0,229122509;1;0,375957001;0,618914178;-0,060107498;1;;;;;;;;;;;;;
296;0,304436284;0,387925935;-0,492606193;1;0,32480096;0,282631262;0,624004802;1;-0,23110439;0,542983513;-1,577760975;1;;;;;;;;;;;;;
297;0,594728796;0,592277573;-0,00878534;1;1,092889887;0,493334966;4,464449433;1;0,412567029;0,870652761;0,031417573;1;;;;;;;;;;;;;
298;-0,380017588;0,432717425;-1,633362646;0;-0,031750335;0,337395666;-1,158751677;1;0,843549779;0,516196657;1,108874447;1;;;;;;;;;;;;;
299;0,652166165;0,389603984;0,086943608;1;-0,014190498;0,282770087;-1,070952491;1;-0,413230992;0,481520922;-2,033077479;1;;;;;;;;;;;;;
300;0,794256258;0,364941674;0,32376043;1;0,00080647;0,259742348;-0,99596765;1;-0,876306903;0,409299573;-3,190767258;0;;;;;;;;;;;;;
301;0,153025205;0,446070572;-0,744957991;1;0,452941671;0,376297813;1,264708356;1;-0,141876975;0,504541603;-1,354692437;1;;;;;;;;;;;;;
302;0,671664325;0,410308839;0,119440541;1;0,484724605;0,328036905;1,423623024;1;0,382148814;0,553352809;-0,044627966;1;;;;;;;;;;;;;
303;0,943334883;0,869485326;0,572224805;1;0,644599245;0,699278949;2,222996223;1;0,771668696;1,383232897;0,929171739;1;;;;;;;;;;;;;
304;0,454897062;0,59524691;-0,24183823;1;-0,420117799;0,424428653;-3,100588994;1;0,930053627;0,981122651;1,325134067;1;;;;;;;;;;;;;
305;-1,037589318;0,378320067;-2,729315529;0;0,252907388;0,360488106;0,26453694;1;2,501124101;0,663708518;5,252810253;0;;;;;;;;;;;;;
306;0,716367388;0,678682664;0,193945646;1;0,848824612;0,524535043;3,24412306;1;-0,640428489;0,781049448;-2,601071222;1;;;;;;;;;;;;;
307;-1,06732565;0,810703574;-2,778876083;0;1,511210067;0,754702231;6,556050334;1;3,118319484;1,81553949;6,795798711;1;;;;;;;;;;;;;
308;-0,213900808;0,587423702;-1,356501347;1;0,835113029;0,467554986;3,175565144;1;1,563893227;1,007905325;2,909733067;1;;;;;;;;;;;;;
309;0,451125555;0,567654878;-0,248124075;1;-0,021696047;0,454975841;-1,108480235;1;0,360029263;0,664437855;-0,099926842;1;;;;;;;;;;;;;
310;-0,542154742;0,687478192;-1,903591237;1;1,141736179;0,669854062;4,708680894;1;0,546034572;1,171614717;0,365086431;1;;;;;;;;;;;;;
311;0,992124846;0,447029565;0,65354141;1;-0,19182647;0,347828947;-1,959132352;1;-0,097408124;0,594636908;-1,243520309;1;;;;;;;;;;;;;
312;0,248612825;0,509562717;-0,585645291;1;-0,288202042;0,408714673;-2,441010209;1;1,276254288;0,803080609;2,19063572;1;;;;;;;;;;;;;
313;-0,377574776;0,355578077;-1,629291294;0;0,103927961;0,281432256;-0,480360193;1;0,878612061;0,425384417;1,196530154;1;;;;;;;;;;;;;
314;1,266242472;1,154421384;1,110404121;1;0,063363545;0,953127602;-0,683182276;1;1,011643736;1,340427135;1,529109341;1;;;;;;;;;;;;;
315;0,565809953;0,513861286;-0,056983412;1;0,384615513;0,383009313;0,923077563;1;0,421105732;0,682694325;0,052764329;1;;;;;;;;;;;;;
316;0,22555192;0,568001351;-0,624080134;1;0,736147215;0,339389968;2,680736073;1;-0,661743179;0,732525222;-2,654357948;1;;;;;;;;;;;;;
317;-0,144060693;0,504909439;-1,240101155;1;0,292760015;0,430868697;0,463800076;1;0,936094363;0,730278877;1,340235908;1;;;;;;;;;;;;;
318;0,546648619;0,446821555;-0,088918968;1;-0,45847059;0,419231425;-3,292352949;1;-0,022302583;0,713175006;-1,055756457;1;;;;;;;;;;;;;
319;-0,06004729;0,447746126;-1,100078816;1;0,381822639;0,337212854;0,909113197;1;0,324249223;0,513110309;-0,189376944;1;;;;;;;;;;;;;
320;0,342336836;0,456215259;-0,429438606;1;0,155457971;0,401368206;-0,222710147;1;0,264189835;0,684804125;-0,339525412;1;;;;;;;;;;;;;
321;1,079857868;0,719537403;0,799763113;1;-0,05820417;0,563513846;-1,291020852;1;-1,107330379;0,911702129;-3,768325947;1;;;;;;;;;;;;;
322;1,035751119;0,662147062;0,726251865;1;-0,51597782;0,582509682;-3,579889099;1;0,586383251;0,87592199;0,465958128;1;;;;;;;;;;;;;
323;0,1980775;0,711356807;-0,669870833;1;0,777340708;0,461247481;2,886703538;1;0,400803551;1,06174333;0,002008877;1;;;;;;;;;;;;;
324;-1,103598232;0,781891579;-2,839330386;0;0,417102494;0,440725608;1,085512469;1;2,363489405;1,105626379;4,908723513;1;;;;;;;;;;;;;
325;0,497581118;0,431535484;-0,170698137;1;0,176496526;0,473338668;-0,117517371;1;0,580612658;0,743081944;0,451531646;1;;;;;;;;;;;;;
326;-0,300653639;0,3676817;-1,501089398;0;-0,538447457;0,297189385;-3,692237286;0;0,779822243;0,434801937;0,949555607;1;;;;;;;;;;;;;
327;0,549041002;0,431408795;-0,084931664;1;0,530257937;0,349659078;1,651289683;1;-0,553454359;0,650450101;-2,383635898;1;;;;;;;;;;;;;
328;-0,186369103;0,370519839;-1,310615171;0;0,245359102;0,314444342;0,226795508;1;0,703198511;0,634030518;0,757996276;1;;;;;;;;;;;;;
329;0,75614238;0,95113144;0,260237301;1;1,046556876;0,702678297;4,232784381;1;-0,840619822;1,069748577;-3,101549554;1;;;;;;;;;;;;;
330;-0,437650467;0,32809475;-1,729417445;0;0,414334918;0,262920677;1,071674588;1;1,280864252;0,388573562;2,202160629;0;;;;;;;;;;;;;
331;0,306308032;0,675675008;-0,489486614;1;0,057476201;0,556017289;-0,712618993;1;0,744158144;0,854085382;0,860395359;1;;;;;;;;;;;;;
332;-0,198156463;0,552603997;-1,330260772;1;0,005858612;0,481035881;-0,970706942;1;2,063104521;0,875779019;4,157761302;1;;;;;;;;;;;;;
333;-0,40499706;0,408930134;-1,674995099;0;0,252784122;0,284560849;0,263920609;1;1,073942568;0,497295051;1,684856419;1;;;;;;;;;;;;;
334;0,193342496;0,501224558;-0,677762506;1;-0,165153467;0,33062829;-1,825767333;1;0,561573696;0,639640008;0,403934241;1;;;;;;;;;;;;;
335;-0,056497567;0,408487238;-1,094162611;1;-0,159173913;0,285476742;-1,795869566;1;0,669699651;0,517239605;0,674249127;1;;;;;;;;;;;;;
336;0,352426398;1,154292487;-0,41262267;1;0,364616851;0,894100187;0,823084257;1;1,498628837;1,865122984;2,746572092;1;;;;;;;;;;;;;
337;0,482817272;0,51384206;-0,195304547;1;0,31433527;0,371758835;0,571676348;1;-0,01549735;0,663497313;-1,038743376;1;;;;;;;;;;;;;
338;1,607959946;0,719892137;1,679933243;1;-0,976161208;0,528821011;-5,880806039;0;-0,305687414;0,6742415;-1,764218534;1;;;;;;;;;;;;;
339;-0,149074142;0,45328665;-1,248456904;1;0,609424;0,366729348;2,047119999;1;0,672235556;0,645739407;0,680588889;1;;;;;;;;;;;;;
340;-0,331400481;0,526727771;-1,552334134;1;0,2904903;0,350569994;0,4524515;1;1,149415701;0,721880815;1,873539253;1;;;;;;;;;;;;;
341;0,640616973;0,593543896;0,067694955;1;0,119740544;0,440426527;-0,40129728;1;0,235175369;0,815738993;-0,412061578;1;;;;;;;;;;;;;
342;0,399081444;0,522225793;-0,33486426;1;0,127237168;0,380810334;-0,36381416;1;0,316835974;0,618500144;-0,207910065;1;;;;;;;;;;;;;
343;-0,708053444;0,49757257;-2,180089073;0;-0,053553326;0,400347697;-1,26776663;1;2,133629985;0,824361472;4,334074962;0;;;;;;;;;;;;;
344;0,349218052;0,643701653;-0,417969913;1;0,865110245;0,474114666;3,325551224;1;-0,688456514;0,945620247;-2,721141284;1;;;;;;;;;;;;;
345;0,658064139;0,531520947;0,096773565;1;0,200525033;0,405908156;0,002625166;1;0,972042343;0,681501594;1,430105857;1;;;;;;;;;;;;;
346;0,647677672;0,623503123;0,079462787;1;0,610111699;0,494005501;2,050558493;1;-0,420731211;0,743565292;-2,051828029;1;;;;;;;;;;;;;
347;0,196675054;0,410561749;-0,672208243;1;0,293688505;0,335153584;0,468442524;1;-0,908005623;0,617157611;-3,270014058;0;;;;;;;;;;;;;
348;0,637822638;0,52199816;0,063037729;1;-0,944221778;0,462076903;-5,72110889;0;0,68377018;0,8026635;0,709425449;1;;;;;;;;;;;;;
349;-0,505542414;0,492822896;-1,84257069;0;0,584273443;0,412984116;1,921367217;1;0,943894899;0,658569;1,359737246;1;;;;;;;;;;;;;
350;0,582920668;0,556666543;-0,028465554;1;-0,056509634;0,354384505;-1,282548172;1;-0,104448308;0,714227982;-1,261120769;1;;;;;;;;;;;;;
351;-0,435464616;0,379998911;-1,72577436;0;0,409504616;0,387853154;1,047523081;1;0,933416882;0,535653514;1,333542204;1;;;;;;;;;;;;;
352;-0,163797901;0,330775862;-1,272996501;0;-0,186272644;0,298377346;-1,931363219;1;-0,410811809;0,492094666;-2,027029523;1;;;;;;;;;;;;;
353;-0,144421085;0,469671082;-1,240701808;1;0,340828895;0,318463306;0,704144476;1;0,179327179;0,643950062;-0,551682054;1;;;;;;;;;;;;;
354;-0,253208764;0,331709743;-1,422014607;0;-0,350896858;0,214351444;-2,754484289;0;1,332500143;0,3516893;2,331250357;0;;;;;;;;;;;;;
355;0,547452576;0,506401956;-0,08757904;1;0,410040143;0,375163263;1,050200715;1;0,2941674;0,641868573;-0,2645815;1;;;;;;;;;;;;;
356;0,16447537;0,524424698;-0,725874384;1;0,257805462;0,352754112;0,289027308;1;0,588405836;0,683461886;0,47101459;1;;;;;;;;;;;;;
357;0,079973568;0,535653234;-0,86671072;1;-0,257243471;0,42193406;-2,286217353;1;1,605045409;0,727005806;3,012613522;1;;;;;;;;;;;;;
358;-0,575421516;0,315476381;-1,95903586;0;-0,160163284;0,242155936;-1,800816419;1;0,629319608;0,412765834;0,573299019;1;;;;;;;;;;;;;
359;0,057503528;0,527452686;-0,904160786;1;0,123083116;0,361967452;-0,384584419;1;0,886897782;0,627462504;1,217244456;1;;;;;;;;;;;;;
360;0,406886359;0,571982552;-0,321856069;1;-0,018470616;0,401762099;-1,09235308;1;0,232687224;0,728436799;-0,41828194;1;;;;;;;;;;;;;
361;-0,666422953;0,28850074;-2,110704922;0;-2,56E-05;0,23927841;-1,000127945;1;0,83546976;0,360711474;1,0886744;1;;;;;;;;;;;;;
362;-0,560110591;0,352030009;-1,933517652;0;1,428376264;0,274392497;6,141881319;0;0,323832087;0,423218843;-0,190419782;1;;;;;;;;;;;;;
363;-0,083763098;0,341269872;-1,139605163;0;0,292136608;0,249738419;0,46068304;1;-0,19919191;0,435150021;-1,497979775;1;;;;;;;;;;;;;
364;-0,664004316;0,324554272;-2,106673859;0;0,187600431;0,311495529;-0,061997843;1;0,636140829;0,501619544;0,590352071;1;;;;;;;;;;;;;
365;-0,023592592;0,682537455;-1,039320986;1;-0,001139038;0,44617109;-1,005695191;1;1,713866524;1,050971286;3,28466631;1;;;;;;;;;;;;;
366;-0,002569244;0,516928715;-1,004282073;1;0,138336023;0,360763396;-0,308319884;1;0,925586393;0,76676481;1,313965983;1;;;;;;;;;;;;;
367;0,579665128;0,488119346;-0,033891453;1;0,098406469;0,400196604;-0,507967656;1;0,257868154;0,624621274;-0,355329616;1;;;;;;;;;;;;;
368;-1,187344129;0,332352766;-2,978906881;0;0,886003073;0,29026637;3,430015365;0;1,395307968;0,497119231;2,488269919;0;;;;;;;;;;;;;
369;1,350327787;0,695494819;1,250546312;1;0,140266054;0,541115827;-0,298669728;1;-0,206342692;0,844684321;-1,515856731;1;;;;;;;;;;;;;
370;0,023146701;0,440988456;-0,961422165;1;-0,01918122;0,386468863;-1,095906101;1;-0,340235372;0,518846596;-1,850588431;1;;;;;;;;;;;;;
371;0,661311815;0,393113441;0,102186359;1;0,596353287;0,364354318;1,981766434;1;-0,171182152;0,671696123;-1,42795538;1;;;;;;;;;;;;;
372;-0,40030281;0,422340228;-1,66717135;0;0,511223874;0,310111494;1,55611937;1;1,492872384;0,589386183;2,73218096;1;;;;;;;;;;;;;
373;0,391233755;0,462625564;-0,347943742;1;0,200746076;0,298443094;0,003730381;1;0,01845427;0,601961873;-0,953864325;1;;;;;;;;;;;;;
374;0,948802589;0,375525113;0,581337648;1;-0,926117926;0,292516215;-5,630589632;0;-0,063533175;0,410909969;-1,158832937;1;;;;;;;;;;;;;
375;0,118937361;0,338271535;-0,801771065;1;0,396255403;0,270360201;0,981277015;1;0,316719102;0,524259324;-0,208202244;1;;;;;;;;;;;;;
376;0,242167343;0,403852303;-0,596387762;1;-0,07091333;0,317790989;-1,354566652;1;0,944262072;0,573728604;1,36065518;1;;;;;;;;;;;;;
377;0,813006414;0,635195817;0,355010689;1;0,321676716;0,514876043;0,608383582;1;0,722330312;0,988865259;0,805825781;1;;;;;;;;;;;;;
378;0,502646215;0,501250955;-0,162256309;1;0,242689629;0,357087498;0,213448146;1;-0,062488817;0,663911259;-1,156222044;1;;;;;;;;;;;;;
379;0,655370407;0,3786472;0,092284012;1;0,097545973;0,288916455;-0,512270136;1;-0,187813625;0,487222138;-1,469534062;1;;;;;;;;;;;;;
380;0,384849423;0,51828783;-0,358584295;1;0,633878311;0,424261645;2,169391554;1;-0,118231433;0,696364692;-1,295578584;1;;;;;;;;;;;;;
381;1,025153809;0,521576464;0,708589681;1;0,115526019;0,384872228;-0,422369907;1;0,349960906;0,800308382;-0,125097734;1;;;;;;;;;;;;;
382;-0,224155005;0,462033434;-1,373591675;1;0,353370064;0,350206108;0,766850318;1;1,037876921;0,728996002;1,594692304;1;;;;;;;;;;;;;
383;-0,390829329;0,374864053;-1,651382216;0;0,086940645;0,288922152;-0,565296774;1;0,203709898;0,4578253;-0,490725254;1;;;;;;;;;;;;;
384;-0,410583351;0,358204792;-1,684305585;0;-0,239686622;0,274428376;-2,198433109;1;0,814160981;0,416827859;1,035402453;1;;;;;;;;;;;;;
385;1,237653306;0,527986497;1,062755509;1;-0,194424806;0,375994356;-1,972124031;1;-0,192753482;0,739645491;-1,481883704;1;;;;;;;;;;;;;
386;0,500601406;2,126326819;-0,165664323;1;2,227677538;1,790688013;10,13838769;1;1,663459132;2,388924352;3,15864783;1;;;;;;;;;;;;;
387;-0,062891972;0,400684203;-1,104819953;1;0,647450902;0,349671014;2,237254511;1;0,696896001;0,561835216;0,742240002;1;;;;;;;;;;;;;
388;0,157582274;0,46631638;-0,737362877;1;-0,044852261;0,325174668;-1,224261304;1;0,398745311;0,576110796;-0,003136722;1;;;;;;;;;;;;;
389;-0,504285074;0,317722231;-1,840475123;0;0,124213901;0,290678323;-0,378930495;1;0,951747412;0,509371902;1,37936853;1;;;;;;;;;;;;;
390;1,022826774;0,67483483;0,70471129;1;0,209944326;0,505162747;0,049721631;1;0,303764314;0,972995152;-0,240589214;1;;;;;;;;;;;;;
391;-0,758687544;0,545684931;-2,264479239;0;0,833691548;0,36213385;3,168457741;1;0,682799707;0,740273879;0,706999268;1;;;;;;;;;;;;;
392;0,69337071;0,471843595;0,15561785;1;0,850373009;0,347145882;3,251865046;1;-1,142682416;0,593686484;-3,856706041;0;;;;;;;;;;;;;
393;-0,502449087;0,575146766;-1,837415145;1;-0,014531925;0,394129207;-1,072659626;1;2,007404045;0,826671642;4,018510113;1;;;;;;;;;;;;;
394;0,985168451;0,582430894;0,641947419;1;-0,227979423;0,428848884;-2,139897117;1;-0,430588217;0,768202769;-2,076470543;1;;;;;;;;;;;;;
395;-0,552157322;0,340676927;-1,920262204;0;0,363183018;0,252017848;0,815915092;1;1,132755827;0,440965491;1,831889567;1;;;;;;;;;;;;;
396;0,902718343;0,560525594;0,504530572;1;0,386983543;0,386077767;0,934917715;1;-0,20423792;0,69470978;-1,5105948;1;;;;;;;;;;;;;
397;0,294385169;0,73979271;-0,509358052;1;0,502504933;0,513821096;1,512524666;1;1,573252166;1,27111149;2,933130415;1;;;;;;;;;;;;;
398;0,283870602;0,538047417;-0,52688233;1;-0,13208313;0,421645253;-1,660415648;1;0,567226085;0,808377062;0,418065211;1;;;;;;;;;;;;;
399;0,279723316;0,403201578;-0,533794474;1;-0,420648215;0,288377231;-3,103241074;0;0,433964015;0,477569784;0,084910037;1;;;;;;;;;;;;;
400;0,837937169;0,641729123;0,396561949;1;0,237001615;0,538024386;0,185008073;1;0,085899394;0,81037631;-0,785251516;1;;;;;;;;;;;;;
401;1,044787858;0,845910113;0,741313096;1;0,318718102;0,547997149;0,593590512;1;-0,055071072;1,142297462;-1,13767768;1;;;;;;;;;;;;;
402;-0,055852606;0,568002244;-1,093087677;1;-0,497268312;0,399319036;-3,486341558;1;1,025225967;0,829828859;1,563064917;1;;;;;;;;;;;;;
403;0,602079362;0,512658985;0,003465603;1;-0,387826453;0,39932249;-2,939132267;1;0,792344208;0,63871828;0,98086052;1;;;;;;;;;;;;;
404;0,411873649;0,472210943;-0,313543918;1;0,739661406;0,387022257;2,698307031;1;-0,172531808;0,564728522;-1,431329519;1;;;;;;;;;;;;;
405;0,024935153;0,415282395;-0,958441411;1;0,741220075;0,302381111;2,706100374;1;-0,193799301;0,540064607;-1,484498252;1;;;;;;;;;;;;;
406;0,019921952;0,439648611;-0,966796747;1;-0,393281962;0,342673312;-2,96640981;1;0,638288856;0,594022268;0,59572214;1;;;;;;;;;;;;;
407;-0,048530277;0,460959544;-1,080883796;1;0,438008105;0,442296626;1,190040523;1;1,036551315;0,604119656;1,591378286;1;;;;;;;;;;;;;
408;-0,331726663;0,398643754;-1,552877771;0;0,425404238;0,296728426;1,127021191;1;0,277509007;0,602108593;-0,306227483;1;;;;;;;;;;;;;
409;0,933181737;0,632841013;0,555302895;1;0,121310619;0,569740278;-0,393446907;1;0,310308003;0,945361621;-0,224229992;1;;;;;;;;;;;;;
410;-0,230713955;0,467978266;-1,384523259;1;0,658761407;0,377539716;2,293807035;1;0,842766439;0,643292201;1,106916099;1;;;;;;;;;;;;;
411;0,455810889;0,506858978;-0,240315185;1;0,585118221;0,380051876;1,925591103;1;0,037587449;0,626340808;-0,906031377;1;;;;;;;;;;;;;
412;2,120911052;0,614143955;2,534851753;0;-0,741801225;0,395647848;-4,709006126;0;-1,865703576;0,894744339;-5,664258941;0;;;;;;;;;;;;;
413;0,252689601;0,637727415;-0,578850665;1;-0,002531684;0,459975621;-1,012658421;1;1,161350244;0,928794176;1,903375611;1;;;;;;;;;;;;;
414;0,486202104;0,519920803;-0,189663161;1;0,201668546;0,382940884;0,008342728;1;-0,29883586;0,721743657;-1,747089651;1;;;;;;;;;;;;;
415;0,434563543;0,399646707;-0,275727428;1;-0,206281755;0,284434527;-2,031408776;1;0,08372136;0,449871626;-0,790696599;1;;;;;;;;;;;;;
416;-0,507661221;0,318734115;-1,846102035;0;0,324544514;0,250630203;0,622722568;1;0,662438644;0,398213298;0,656096611;1;;;;;;;;;;;;;
417;0,603005473;0,911483726;0,005009122;1;0,012768641;0,598607803;-0,936156795;1;1,834607224;1,43535448;3,58651806;1;;;;;;;;;;;;;
418;0,512941165;0,655147622;-0,145098059;1;0,21268829;0,462687707;0,063441452;1;-0,019485858;0,813139152;-1,048714644;1;;;;;;;;;;;;;
419;0,330712422;0,538180923;-0,448812631;1;-0,022293191;0,411727151;-1,111465957;1;0,764879584;0,708550881;0,91219896;1;;;;;;;;;;;;;
420;0,010486153;0,365748764;-0,982523078;1;0,086216087;0,279641062;-0,568919567;1;-0,039012201;0,540869944;-1,097530503;1;;;;;;;;;;;;;
421;-0,200037113;0,453987714;-1,333395189;1;0,133496543;0,320435673;-0,332517286;1;0,819427273;0,571398149;1,048568183;1;;;;;;;;;;;;;
422;0,373607819;0,511815755;-0,377320302;1;0,157444275;0,351838375;-0,212778623;1;0,6434122;0,594501461;0,608530499;1;;;;;;;;;;;;;
423;0,487299212;0,646661914;-0,187834647;1;0,312605705;0,437152092;0,563028524;1;0,233268102;0,874847314;-0,416829746;1;;;;;;;;;;;;;
424;-0,774272976;0,623710622;-2,290454959;0;1,952391147;0,604909312;8,761955733;0;1,779358826;1,030381325;3,448397066;1;;;;;;;;;;;;;
425;1,291141272;0,642664738;1,15190212;1;0,420704376;0,514122057;1,103521879;1;-0,055233618;0,836795698;-1,138084046;1;;;;;;;;;;;;;
426;0,584431456;0,667479275;-0,025947573;1;0,348330845;0,450431477;0,741654226;1;0,37676479;0,968836711;-0,058088024;1;;;;;;;;;;;;;
427;0,584777295;0,654648863;-0,025371175;1;0,504115996;0,463774621;1,520579981;1;-0,305409187;0,760565607;-1,763522967;1;;;;;;;;;;;;;
428;0,994248636;0,544315531;0,65708106;1;0,832921685;0,418023311;3,164608425;1;-0,681426492;0,780458191;-2,703566231;1;;;;;;;;;;;;;
429;-0,05529745;1,045697238;-1,092162416;1;0,867130192;0,812893781;3,335650958;1;2,58496461;1,552363871;5,462411525;1;;;;;;;;;;;;;
430;0,783255738;0,633202468;0,30542623;1;1,065335478;0,574625999;4,326677392;1;-1,839601996;1,122785741;-5,599004991;0;;;;;;;;;;;;;
431;-0,300377679;0,479415498;-1,500629466;1;0,589510871;0,297823874;1,947554354;1;0,075423627;0,600046455;-0,811440933;1;;;;;;;;;;;;;
432;0,838341789;0,500690294;0,397236315;1;-0,237679749;0,406872854;-2,188398744;1;0,55367724;0,683185139;0,3841931;1;;;;;;;;;;;;;
433;0,396942505;0,712337349;-0,338429158;1;0,096416358;0,509446189;-0,517918209;1;-0,114295995;0,84857933;-1,285739988;1;;;;;;;;;;;;;
434;-0,262138688;0,427906669;-1,436897814;0;-0,107887528;0,335650169;-1,539437642;1;0,600169192;0,559342436;0,500422981;1;;;;;;;;;;;;;
435;0,791859288;0,487669868;0,319765481;1;-0,430749214;0,343574294;-3,15374607;1;-0,189832628;0,552875474;-1,47458157;1;;;;;;;;;;;;;
436;0,823176025;0,689293943;0,371960041;1;0,042941415;0,407623359;-0,785292927;1;-0,26220595;1,008180998;-1,655514875;1;;;;;;;;;;;;;
437;-0,410307721;0,448979939;-1,683846202;0;-0,026807368;0,332033677;-1,134036842;1;1,201883283;0,560783358;2,004708207;1;;;;;;;;;;;;;
438;-0,183235638;0,415005107;-1,30539273;1;0,341488795;0,285622056;0,707443973;1;0,871604687;0,467600992;1,179011717;1;;;;;;;;;;;;;
439;-0,57171942;0,252303774;-1,9528657;0;0,145409893;0,229895555;-0,272950533;1;0,784075138;0,379681559;0,960187845;1;;;;;;;;;;;;;
440;0,929535385;0,852359741;0,549225642;1;0,985601455;0,665917658;3,928007276;1;-0,610269842;1,05547715;-2,525674605;1;;;;;;;;;;;;;
441;0,029913006;0,549964988;-0,95014499;1;0,108188054;0,379113651;-0,459059728;1;0,640852164;0,613225234;0,60213041;1;;;;;;;;;;;;;
442;0,64300683;0,536026361;0,071678049;1;0,121075928;0,403459652;-0,394620359;1;0,183504378;0,715961644;-0,541239054;1;;;;;;;;;;;;;
443;0,630592668;0,557759431;0,050987781;1;0,247238362;0,420030471;0,236191811;1;0,409372323;0,753124362;0,023430807;1;;;;;;;;;;;;;
444;0,889851833;0,636086362;0,483086389;1;-0,327611966;0,439367744;-2,638059832;1;0,595485988;0,881087966;0,488714969;1;;;;;;;;;;;;;
445;0,319967716;0,551036212;-0,466720473;1;0,172883823;0,416626379;-0,135580883;1;0,188484927;0,757593699;-0,528787682;1;;;;;;;;;;;;;
446;0,989144806;0,496985998;0,648574676;1;-0,20957594;0,415041871;-2,047879698;1;-0,214601891;0,615050431;-1,536504729;1;;;;;;;;;;;;;
447;1,138652842;0,852813855;0,897754736;1;-0,175547713;0,652665746;-1,877738567;1;1,135012263;1,352700185;1,837530657;1;;;;;;;;;;;;;
448;-0,633357801;0,547266822;-2,055596334;0;0,19699769;0,359896856;-0,01501155;1;1,910900663;0,781769265;3,777251657;1;;;;;;;;;;;;;
449;0,011925005;0,444145676;-0,980124992;1;0,457361292;0,404030242;1,286806459;1;0,818294726;0,672753699;1,045736815;1;;;;;;;;;;;;;
450;0,578033861;0,603397886;-0,036610232;1;-0,288400566;0,481194592;-2,442002831;1;0,373520299;0,744053975;-0,066199253;1;;;;;;;;;;;;;
451;0,404131303;0,621715372;-0,326447828;1;-0,220769492;0,502065208;-2,103847462;1;0,814672991;0,78196637;1,036682478;1;;;;;;;;;;;;;
452;0,605360169;0,575422637;0,008933615;1;-0,851598285;0,510722902;-5,257991426;0;1,820276042;0,967502874;3,550690106;1;;;;;;;;;;;;;
453;0,007499124;0,550348923;-0,98750146;1;0,909412907;0,462776798;3,547064537;1;0,599025728;0,621366702;0,497564321;1;;;;;;;;;;;;;
454;1,022812381;0,506804653;0,704687302;1;-0,226658925;0,351036041;-2,133294625;1;0,001238893;0,693496953;-0,996902768;1;;;;;;;;;;;;;
455;0,3973644;0,702703232;-0,337726;1;0,295391565;0,572878881;0,476957827;1;1,149429519;1,183597552;1,873573797;1;;;;;;;;;;;;;
456;0,348208705;0,38517882;-0,419652158;1;-0,320343521;0,384699034;-2,601717604;1;0,814699139;0,620710623;1,036747848;1;;;;;;;;;;;;;
457;0,518435633;0,50819614;-0,135940611;1;0,141345769;0,379523218;-0,293271153;1;0,520240821;0,711992217;0,300602053;1;;;;;;;;;;;;;
458;-0,017553612;0,317358407;-1,02925602;1;-0,273972503;0,265672234;-2,369862516;1;0,408088508;0,39747975;0,020221269;1;;;;;;;;;;;;;
459;-0,062289018;0,625283568;-1,10381503;1;0,437825917;0,536236703;1,189129584;1;-0,342393316;0,810998574;-1,855983289;1;;;;;;;;;;;;;
460;0,652985098;0,490521283;0,088308497;1;0,118468923;0,372599516;-0,407655385;1;-0,321721393;0,642172154;-1,804303483;1;;;;;;;;;;;;;
461;0,100297526;0,628530565;-0,832837457;1;0,2234401;0,4312119;0,117200499;1;1,114746754;0,840009088;1,786866886;1;;;;;;;;;;;;;
462;-0,063383699;0,430492059;-1,105639498;1;0,579896627;0,335684218;1,899483134;1;0,650085472;0,575377706;0,625213679;1;;;;;;;;;;;;;
463;-0,057406813;0,349202563;-1,095678022;1;0,16998452;0,300962962;-0,150077399;1;-0,405534648;0,5129695;-2,01383662;1;;;;;;;;;;;;;
464;0,792764443;0,632808121;0,321274071;1;-0,026875179;0,445926687;-1,134375896;1;-0,006257423;0,964089676;-1,015643557;1;;;;;;;;;;;;;
465;1,243769042;0,751973456;1,072948403;1;0,387543045;0,537593112;0,937715227;1;-1,026250149;0,970382922;-3,565625373;1;;;;;;;;;;;;;
466;0,014304408;0,437626652;-0,976159319;1;0,488687343;0,376681312;1,443436713;1;0,655681607;0,593072932;0,639204019;1;;;;;;;;;;;;;
467;1,052020908;1,017948566;0,75336818;1;0,871262788;0,760752655;3,356313942;1;0,084842465;1,174879615;-0,787893838;1;;;;;;;;;;;;;
468;0,631633319;0,463942324;0,052722198;1;0,430973939;0,386706377;1,154869694;1;-0,493707305;0,572750013;-2,234268261;1;;;;;;;;;;;;;
469;1,221928169;0,645392116;1,036546949;1;0,355378912;0,523840356;0,776894562;1;0,122577452;0,843439735;-0,69355637;1;;;;;;;;;;;;;
470;-0,292898177;0,546648434;-1,488163629;1;0,073951864;0,38298907;-0,630240682;1;1,576701899;0,763442985;2,941754748;1;;;;;;;;;;;;;
471;-0,211664015;0,364761442;-1,352773358;0;-0,098148523;0,243835344;-1,490742617;1;0,774579348;0,458218369;0,93644837;1;;;;;;;;;;;;;
472;0,675972105;0,576642615;0,126620175;1;-0,606792756;0,570505714;-4,033963778;1;0,816254156;1,016469124;1,040635389;1;;;;;;;;;;;;;
473;-0,02703697;0,388322422;-1,045061616;1;0,781905858;0,273947901;2,909529289;0;-0,281461821;0,424642142;-1,703654553;1;;;;;;;;;;;;;
474;0,34289634;0,363489344;-0,428506099;1;0,152283557;0,285914172;-0,238582214;1;0,184957992;0,487326708;-0,537605021;1;;;;;;;;;;;;;
475;0,163095996;0,465151569;-0,72817334;1;0,304176409;0,328381605;0,520882045;1;0,072165121;0,481252001;-0,819587198;1;;;;;;;;;;;;;
476;1,150640849;0,739099716;0,917734748;1;-0,174250198;0,505147612;-1,871250991;1;-0,883325177;1,003766247;-3,208312942;1;;;;;;;;;;;;;
477;-0,363829118;0,370750616;-1,606381863;0;0,014097836;0,329154033;-0,929510818;1;1,902960957;0,569992897;3,757402392;0;;;;;;;;;;;;;
478;0,168571731;0,415076861;-0,719047115;1;0,534475019;0,322203511;1,672375096;1;0,033023317;0,459862857;-0,917441709;1;;;;;;;;;;;;;
479;0,503639531;0,417297897;-0,160600781;1;0,559459231;0,351518938;1,797296156;1;-0,058941123;0,539502026;-1,147352807;1;;;;;;;;;;;;;
480;1,287798926;0,868832131;1,146331544;1;-0,307381145;0,568717285;-2,536905726;1;0,226339047;1,177932783;-0,434152382;1;;;;;;;;;;;;;
481;-0,26194234;0,429879465;-1,436570567;0;0,103412639;0,408115614;-0,482936803;1;1,86113487;0,773101332;3,652837176;1;;;;;;;;;;;;;
482;0,154941833;0,544555978;-0,741763612;1;0,77774985;0,443596554;2,888749249;1;0,614913587;0,735941533;0,537283967;1;;;;;;;;;;;;;
483;-0,189429077;0,478263568;-1,315715128;1;0,623139002;0,448617071;2,11569501;1;0,986586183;0,80166124;1,466465456;1;;;;;;;;;;;;;
484;0,201530569;0,435749112;-0,664115718;1;0,295872743;0,362728017;0,479363713;1;1,116570131;0,589509407;1,791425327;1;;;;;;;;;;;;;
485;0,069907283;0,478107848;-0,883487861;1;0,526210851;0,458509724;1,631054255;1;0,388790881;0,647327462;-0,028022797;1;;;;;;;;;;;;;
486;0,197926716;0,447978734;-0,670122139;1;0,455401615;0,333889553;1,277008077;1;-0,097080154;0,553556848;-1,242700384;1;;;;;;;;;;;;;
487;-0,056979734;0,683260939;-1,094966223;1;0,264818789;0,48159896;0,324093946;1;1,631819394;0,906056055;3,079548484;1;;;;;;;;;;;;;
488;-0,156062175;0,682341543;-1,260103626;1;1,370794245;0,598867363;5,853971223;1;0,903926818;1,028435349;1,259817044;1;;;;;;;;;;;;;
489;-0,22822852;0,430602009;-1,380380867;1;0,896049398;0,357028371;3,480246992;1;1,21074325;0,623971641;2,026858126;1;;;;;;;;;;;;;
490;0,750925405;0,52447894;0,251542342;1;-0,229466477;0,390722918;-2,147332387;1;0,06926516;0,679176357;-0,8268371;1;;;;;;;;;;;;;
491;0,386730558;0,411712373;-0,355449069;1;0,512250775;0,314994737;1,561253875;1;0,110592131;0,5739133;-0,723519673;1;;;;;;;;;;;;;
492;-0,696052992;0,476262732;-2,16008832;0;0,266727791;0,379032119;0,333638955;1;1,451593908;0,76353321;2,628984769;1;;;;;;;;;;;;;
493;0,325791704;0,531559891;-0,457013826;1;0,114562789;0,376982029;-0,427186053;1;-0,077401348;0,80002874;-1,193503371;1;;;;;;;;;;;;;
494;-0,097857648;0,564236131;-1,16309608;1;0,264795988;0,395457271;0,323979938;1;1,122301339;0,79652927;1,805753348;1;;;;;;;;;;;;;
495;0,552911263;0,455776948;-0,078481229;1;0,175367531;0,345538871;-0,123162346;1;-0,569491008;0,589587483;-2,42372752;1;;;;;;;;;;;;;
496;-0,244405972;0,460719047;-1,407343286;1;0,622680347;0,406672852;2,113401735;1;0,629474209;0,652883408;0,573685523;1;;;;;;;;;;;;;
497;0,500939383;0,414046692;-0,165101028;1;-0,017247544;0,355053764;-1,08623772;1;0,798162179;0,535439496;0,995405449;1;;;;;;;;;;;;;
498;-0,123245766;0,504073021;-1,205409611;1;0,115012649;0,406975482;-0,424936756;1;1,47631362;0,766926622;2,690784051;1;;;;;;;;;;;;;
499;0,43523777;0,470208796;-0,274603716;1;-0,250472007;0,481594349;-2,252360037;1;0,874206647;0,703579355;1,185516619;1;;;;;;;;;;;;;
500;0,854777509;0,642183663;0,424629181;1;0,206702059;0,495681502;0,033510294;1;-0,043502833;0,778886959;-1,108757082;1;;;;;;;;;;;;;
501;1,259827484;0,903274652;1,099712473;1;0,076311654;0,724515569;-0,618441728;1;0,216420776;1,214591929;-0,458948061;1;;;;;;;;;;;;;
502;-0,009899102;0,343083551;-1,016498504;1;-0,145745194;0,277579235;-1,72872597;1;0,443113511;0,499138998;0,107783777;1;;;;;;;;;;;;;
503;0,088910413;0,531267394;-0,851815978;1;0,338976652;0,437951082;0,694883259;1;1,445917355;0,727019869;2,614793386;1;;;;;;;;;;;;;
504;0,563697326;0,487286479;-0,060504456;1;-0,010645627;0,424359085;-1,053228137;1;0,24561976;0,77265535;-0,385950599;1;;;;;;;;;;;;;
505;0,926735662;0,497842608;0,544559437;1;0,469539133;0,411924332;1,347695663;1;-0,657180135;0,634531462;-2,642950336;1;;;;;;;;;;;;;
506;0,01865771;0,435516171;-0,968903816;1;0,507302029;0,32537532;1,536510147;1;0,312051459;0,52389037;-0,219871352;1;;;;;;;;;;;;;
507;1,156755659;0,632414881;0,927926098;1;0,005630806;0,472276644;-0,97184597;1;-1,39580817;0,792684875;-4,489520425;0;;;;;;;;;;;;;
508;-0,402562565;0,451740437;-1,670937609;0;1,029470323;0,420444414;4,147351614;0;1,0824636;0,571286576;1,706159001;1;;;;;;;;;;;;;
509;-0,28507137;0,395943026;-1,47511895;0;0,013290164;0,319374733;-0,933549182;1;0,753336182;0,611577988;0,883340454;1;;;;;;;;;;;;;
510;-0,32563724;0,504957433;-1,542728734;1;0,325401284;0,38737135;0,627006421;1;1,206891414;0,757899725;2,017228534;1;;;;;;;;;;;;;
511;-0,033104297;0,528730923;-1,055173828;1;0,245285307;0,44428881;0,226426536;1;0,856185196;0,723968829;1,140462991;1;;;;;;;;;;;;;
512;-0,074745559;0,388233405;-1,124575932;1;0,84338633;0,325794045;3,21693165;0;0,079754375;0,543745412;-0,800614062;1;;;;;;;;;;;;;
513;0,228951537;0,381423837;-0,618414104;1;0,819106103;0,305573798;3,095530514;0;-0,480218928;0,588890896;-2,200547321;1;;;;;;;;;;;;;
514;0,231176035;0,485960796;-0,614706608;1;0,431824656;0,36375509;1,159123282;1;0,708790357;0,674676597;0,771975892;1;;;;;;;;;;;;;
515;0,500678759;0,548651385;-0,165535402;1;0,215072572;0,438225324;0,07536286;1;0,46151696;0,689406166;0,1537924;1;;;;;;;;;;;;;
516;1,552432642;0,641713891;1,587387737;1;-0,185891069;0,480572548;-1,929455345;1;-0,702018868;0,75562817;-2,755047169;1;;;;;;;;;;;;;
517;-0,238659317;0,638466672;-1,397765529;1;-0,254411608;0,476864556;-2,272058041;1;2,1111339;0,973243303;4,277834751;1;;;;;;;;;;;;;
518;0,717804085;0,454108766;0,196340141;1;-0,340787487;0,406083435;-2,703937435;1;-0,07489331;0,551603787;-1,187233275;1;;;;;;;;;;;;;
519;0,737890977;0,495369997;0,229818294;1;-0,180448179;0,363750454;-1,902240893;1;-1,084836556;0,646216666;-3,712091389;0;;;;;;;;;;;;;
520;-0,142441699;0,48822669;-1,237402832;1;0,358149914;0,450343654;0,79074957;1;1,21064921;0,757488813;2,026623024;1;;;;;;;;;;;;;
521;0,04553312;0,559079477;-0,924111467;1;-0,159960692;0,461271415;-1,799803461;1;1,709539252;0,872790289;3,27384813;1;;;;;;;;;;;;;
522;-0,670633506;0,601990839;-2,11772251;0;0,446635427;0,614940926;1,233177137;1;2,54725082;1,229818267;5,368127051;1;;;;;;;;;;;;;
523;0,689180537;0,777091336;0,148634228;1;1,297209742;0,580104181;5,486048711;1;0,834217862;0,930579235;1,085544654;1;;;;;;;;;;;;;
524;0,216787609;0,533345343;-0,638687318;1;0,325778465;0,379392595;0,628892325;1;1,133921339;0,7243834;1,834803348;1;;;;;;;;;;;;;
525;0,491397615;0,458594074;-0,181003975;1;-1,37322979;0,365231547;-7,866148949;0;0,076360416;0,447708981;-0,809098959;1;;;;;;;;;;;;;
526;0,284098;0,456368356;-0,526503333;1;0,107432001;0,365329027;-0,462839993;1;0,742605511;0,607643817;0,856513779;1;;;;;;;;;;;;;
527;0,021420204;0,610821024;-0,96429966;1;0,893570824;0,480693037;3,467854119;1;0,999218182;0,842095022;1,498045455;1;;;;;;;;;;;;;
528;0,015382528;0,70133874;-0,974362454;1;0,827355735;0,554576466;3,136778674;1;1,060499748;0,941167983;1,65124937;1;;;;;;;;;;;;;
529;0,054051658;0,519121668;-0,909913903;1;0,500813743;0,433814863;1,504068714;1;0,922450057;0,683570458;1,306125143;1;;;;;;;;;;;;;
530;0,531001818;0,604314449;-0,11499697;1;1,334121012;0,701444985;5,670605061;1;-0,055430378;0,705488358;-1,138575946;1;;;;;;;;;;;;;
531;0,528831701;0,427459957;-0,118613832;1;0,443724211;0,35119466;1,218621054;1;0,37000692;0,541351711;-0,074982701;1;;;;;;;;;;;;;
532;0,038447542;0,499318862;-0,935920763;1;1,070186867;0,453221314;4,350934337;1;-0,586008363;0,626558557;-2,465020907;1;;;;;;;;;;;;;
533;0,271610854;0,373400416;-0,547315244;1;0,113658247;0,304840132;-0,431708763;1;-0,034514381;0,478347882;-1,086285953;1;;;;;;;;;;;;;
534;1,146502419;0,865249121;0,910837365;1;0,456733506;0,561405949;1,28366753;1;-0,906958384;1,087886407;-3,267395959;1;;;;;;;;;;;;;
535;-0,710826846;0,325223209;-2,18471141;0;0,333719533;0,228684924;0,668597664;1;1,410718563;0,389358084;2,526796407;0;;;;;;;;;;;;;
536;0,968253608;0,557668823;0,613756013;1;0,097181786;0,319448418;-0,514091071;1;-0,463643711;0,635343674;-2,159109277;1;;;;;;;;;;;;;
537;0,965229394;0,423944296;0,608715656;1;-0,233860995;0,3015607;-2,169304976;1;-0,873407651;0,547397145;-3,183519127;0;;;;;;;;;;;;;
538;1,261902778;0,789643719;1,103171296;1;-1,279013219;0,670009787;-7,395066093;0;0,488695831;1,034323734;0,221739577;1;;;;;;;;;;;;;
539;0,968868679;0,488810276;0,614781132;1;-0,34609699;0,376473152;-2,73048495;1;0,074127903;0,587172151;-0,814680244;1;;;;;;;;;;;;;
540;1,388005014;0,718434635;1,313341689;1;-0,479895147;0,515954482;-3,399475736;1;0,336431863;0,947998515;-0,158920343;1;;;;;;;;;;;;;
541;-0,079426865;0,447070734;-1,132378108;1;-0,012435362;0,330530081;-1,062176809;1;0,83507112;0,708863233;1,087677801;1;;;;;;;;;;;;;
542;-0,366848504;0,45771982;-1,611414174;0;-0,333494422;0,3689645;-2,667472109;1;1,220907468;0,702619117;2,052268669;1;;;;;;;;;;;;;
543;0,782122177;0,446036009;0,303536962;1;0,126001369;0,297907781;-0,369993154;1;-0,504282252;0,51229811;-2,260705629;1;;;;;;;;;;;;;
544;0,403385696;0,86210664;-0,327690506;1;0,752740411;0,594680594;2,763702054;1;0,463188603;0,976895542;0,157971508;1;;;;;;;;;;;;;
545;-0,158941631;0,577520319;-1,264902719;1;1,371819434;0,438889341;5,859097172;0;-0,034618617;0,814446823;-1,086546543;1;;;;;;;;;;;;;
546;0,120774441;0,791288071;-0,798709265;1;0,541372987;0,473270289;1,706864936;1;1,147178326;1,281861528;1,867945815;1;;;;;;;;;;;;;
547;0,028309325;0,693404971;-0,952817792;1;-0,107479619;0,50969755;-1,537398096;1;1,692119589;1,033170751;3,230298973;1;;;;;;;;;;;;;
548;1,301557605;0,620309617;1,169262676;1;0,221517348;0,474698644;0,107586742;1;-0,819080732;0,796199234;-3,04770183;1;;;;;;;;;;;;;
549;0,451329194;0,447927292;-0,247784676;1;0,19272313;0,291397788;-0,03638435;1;-0,424660627;0,5599057;-2,061651568;1;;;;;;;;;;;;;
550;-0,64539385;0,395223928;-2,075656416;0;0,371210245;0,282722129;0,856051226;1;0,807748814;0,520038564;1,019372034;1;;;;;;;;;;;;;
551;0,615810449;0,580420964;0,026350748;1;-0,018311802;0,423688428;-1,09155901;1;0,930059959;0,756696451;1,325149896;1;;;;;;;;;;;;;
552;0,460991614;0,658815099;-0,231680643;1;0,383562669;0,505008578;0,917813347;1;1,034125337;0,982095034;1,585313343;1;;;;;;;;;;;;;
553;-0,109063717;0,535650293;-1,181772861;1;0,628559302;0,441773987;2,142796511;1;1,247472548;0,89753104;2,118681371;1;;;;;;;;;;;;;
554;2,228843519;1,257523813;2,714739199;1;-0,63211931;0,637127976;-4,160596552;1;-1,612106353;1,314469924;-5,030265883;1;;;;;;;;;;;;;
555;0,734038973;0,526592083;0,223398288;1;-0,364975311;0,327002171;-2,824876554;1;0,3795364;0,609907661;-0,051158999;1;;;;;;;;;;;;;
556;2,249244728;0,81705476;2,748741213;0;0,098225241;0,609020831;-0,508873793;1;-1,093573761;1,158105011;-3,733934403;1;;;;;;;;;;;;;
557;-0,533460928;0,444650028;-1,889101547;0;-0,151319824;0,298471626;-1,756599118;1;1,553265534;0,529722165;2,883163835;0;;;;;;;;;;;;;
558;1,842716343;0,937524333;2,071193905;1;-0,762665024;0,657167645;-4,81332512;1;-0,728907551;1,118139609;-2,822268878;1;;;;;;;;;;;;;
559;-0,98693987;0,647050228;-2,644899783;0;1,113469732;0,495412479;4,567348662;1;2,465241808;0,803732779;5,16310452;0;;;;;;;;;;;;;
560;0,106917798;0,48303451;-0,821803669;1;-0,439916651;0,472156586;-3,199583257;1;1,353625784;0,848733799;2,38406446;1;;;;;;;;;;;;;
561;1,048910672;0,681770835;0,748184453;1;1,02636814;0,479544949;4,131840698;1;-1,291672416;0,876514614;-4,229181039;1;;;;;;;;;;;;;
562;0,37889187;0,396955332;-0,368513551;1;0,042368415;0,294715472;-0,788157924;1;0,382487875;0,461202018;-0,043780312;1;;;;;;;;;;;;;
563;0,456798177;0,434671873;-0,238669706;1;0,360489897;0,276950975;0,802449487;1;-0,757911381;0,477246671;-2,894778453;0;;;;;;;;;;;;;
564;-0,345987766;0,482111372;-1,576646277;0;0,601377036;0,393148242;2,006885178;1;1,313425144;0,646041612;2,28356286;1;;;;;;;;;;;;;
565;-0,12139371;0,539580857;-1,20232285;1;-0,577282925;0,382275256;-3,886414624;0;1,903946592;0,762925911;3,75986648;0;;;;;;;;;;;;;
566;1,792036788;0,653966939;1,98672798;1;-0,637563123;0,459207525;-4,187815617;1;0,086583887;0,870422002;-0,783540282;1;;;;;;;;;;;;;
567;0,93149921;0,427553818;0,552498684;1;-0,486984482;0,346449366;-3,434922408;0;-0,052952316;0,530514461;-1,132380791;1;;;;;;;;;;;;;
568;1,042107187;0,618643139;0,736845312;1;-0,268844216;0,461532857;-2,344221081;1;-0,115028576;0,788797739;-1,287571439;1;;;;;;;;;;;;;
569;0,545054707;0,954523004;-0,091575488;1;0,427290713;0,767344848;1,136453565;1;0,447057249;1,167205623;0,117643123;1;;;;;;;;;;;;;
570;0,302603838;0,419615047;-0,495660269;1;0,176929169;0,358182151;-0,115354153;1;0,571493555;0,697842135;0,428733887;1;;;;;;;;;;;;;
571;-0,927608706;0,451842288;-2,546014511;0;-0,205738834;0,27154849;-2,028694172;1;1,40349548;0,567128005;2,508738699;1;;;;;;;;;;;;;
572;0,239263071;0,520778683;-0,601228215;1;-0,609904094;0,533008603;-4,049520472;1;1,721050768;0,864552703;3,302626921;1;;;;;;;;;;;;;
573;0,990560577;0,650004994;0,650934294;1;0,333636102;0,454807444;0,668180509;1;0,127407402;0,773800566;-0,681481495;1;;;;;;;;;;;;;
574;0,063264717;0,490910462;-0,894558806;1;0,511847909;0,397472812;1,559239543;1;0,685498222;0,807587938;0,713745555;1;;;;;;;;;;;;;
575;0,83179288;0,557223557;0,386321467;1;-0,51389071;0,361427389;-3,56945355;0;0,455392473;0,634851837;0,138481182;1;;;;;;;;;;;;;
576;-0,030447772;0,584761265;-1,050746287;1;0,347097006;0,449843553;0,735485028;1;0,39792391;0,759115149;-0,005190226;1;;;;;;;;;;;;;
577;0,725237236;0,706491766;0,208728727;1;0,332713386;0,500192599;0,663566928;1;-0,333804462;0,847374422;-1,834511155;1;;;;;;;;;;;;;
578;1,2699427;0,548257703;1,116571167;1;0,339029383;0,452252376;0,695146914;1;0,002958423;0,784766857;-0,992603941;1;;;;;;;;;;;;;
579;0,499771799;0,499909692;-0,167047002;1;-0,010330878;0,33813703;-1,051654392;1;-0,119086219;0,59207447;-1,297715548;1;;;;;;;;;;;;;
580;0,718454382;0,842937718;0,197423969;1;0,97969983;0,605901163;3,89849915;1;0,962170446;0,949338454;1,405426115;1;;;;;;;;;;;;;
581;0,646505264;0,579097096;0,077508773;1;0,174372352;0,389287163;-0,128138242;1;0,421116962;0,70830746;0,052792406;1;;;;;;;;;;;;;
582;0,575458006;0,433021328;-0,040903324;1;0,296471319;0,365430329;0,482356595;1;0,122218692;0,5821913;-0,694453271;1;;;;;;;;;;;;;
583;0,119011108;0,711430768;-0,801648153;1;0,187285247;0,53166278;-0,063573767;1;0,357194914;0,940111299;-0,107012715;1;;;;;;;;;;;;;
584;-0,012415778;0,9960846;-1,020692963;1;1,373208756;0,688719562;5,86604378;1;0,866308131;1,476340425;1,165770329;1;;;;;;;;;;;;;
585;0,194394951;0,755084197;-0,676008415;1;0,00149545;0,488342259;-0,992522748;1;1,215225411;1,206439948;2,038063528;1;;;;;;;;;;;;;
586;-1,018302629;0,351201309;-2,697171048;0;0,693122628;0,251116567;2,46561314;0;1,1927493;0,473471085;1,98187325;1;;;;;;;;;;;;;
587;-1,600987494;0,437022241;-3,668312491;0;0,096262441;0,323596048;-0,518687797;1;2,695627581;0,812562837;5,739068953;0;;;;;;;;;;;;;
588;0,897589918;0,480166751;0,495983197;1;-0,603306587;0,37113656;-4,016532936;0;0,08148082;0,675479495;-0,79629795;1;;;;;;;;;;;;;
589;-0,259191934;0,573311183;-1,431986556;1;0,575540027;0,427361686;1,877700134;1;1,370636347;0,720071896;2,426590867;1;;;;;;;;;;;;;
590;0,100436367;0,413541421;-0,832606054;1;0,54016199;0,282350819;1,700809951;1;-0,428902576;0,489233745;-2,072256441;1;;;;;;;;;;;;;
591;1,273807573;0,712654505;1,123012622;1;0,345232018;0,545500874;0,726160089;1;-0,077660246;0,839196501;-1,194150614;1;;;;;;;;;;;;;
592;0,401107637;0,66384894;-0,331487271;1;-0,527906272;0,482255278;-3,639531362;1;1,254058686;0,836197268;2,135146715;1;;;;;;;;;;;;;
593;0,133736316;0,954964143;-0,77710614;1;-0,102509555;0,44898629;-1,512547775;1;0,076480943;1,075964245;-0,808797642;1;;;;;;;;;;;;;
594;1,171474746;0,710199122;0,95245791;1;-0,372993245;0,515407514;-2,864966223;1;0,508143586;1,076594313;0,270358965;1;;;;;;;;;;;;;
595;0,950213825;0,637879726;0,583689708;1;1,014866495;0,422366177;4,074332473;1;-1,037805876;0,79730686;-3,594514691;1;;;;;;;;;;;;;
596;0,49161083;0,446567637;-0,180648617;1;0,142855288;0,35261063;-0,285723562;1;0,280261011;0,717103874;-0,299347472;1;;;;;;;;;;;;;
597;0,956447927;0,50036026;0,594079879;1;-0,457062375;0,405098342;-3,285311876;1;0,378175301;0,672337686;-0,054561747;1;;;;;;;;;;;;;
598;0,326184324;0,402068943;-0,45635946;1;-0,222150439;0,273527686;-2,110752197;1;0,64368363;0,47188736;0,609209075;1;;;;;;;;;;;;;
599;1,481266487;0,866803545;1,468777479;1;-0,091912331;0,574954736;-1,459561655;1;-1,512143667;0,95947469;-4,780359169;0;;;;;;;;;;;;;
600;0,819564454;0,447107151;0,365940757;1;0,140141865;0,300865062;-0,299290676;1;-0,93723019;0,568495523;-3,343075474;0;;;;;;;;;;;;;
601;-0,050134423;0,509210081;-1,083557372;1;0,618642581;0,375661419;2,093212906;1;0,371867434;0,638620865;-0,070331416;1;;;;;;;;;;;;;
602;0,393592235;0,491200228;-0,344012941;1;-0,049911739;0,319194113;-1,249558695;1;0,351107683;0,659877896;-0,122230793;1;;;;;;;;;;;;;
603;1,13359263;0,576152197;0,88932105;1;-0,143775561;0,489348755;-1,718877805;1;0,319414579;0,781226324;-0,201463554;1;;;;;;;;;;;;;
604;0,325838549;0,482017282;-0,456935752;1;0,142302782;0,406400766;-0,288486091;1;1,036062993;0,721692313;1,590157483;1;;;;;;;;;;;;;
605;-0,509590307;0,341917095;-1,849317179;0;0,523015737;0,311845767;1,615078684;1;0,701649076;0,444204371;0,75412269;1;;;;;;;;;;;;;
606;1,152701842;0,871403578;0,921169736;1;0,128796686;0,65873463;-0,356016568;1;0,754368013;1,123501535;0,885920033;1;;;;;;;;;;;;;
607;-0,275658786;0,560890694;-1,459431309;1;0,948463016;0,459386262;3,74231508;1;2,184168441;0,788939373;4,460421104;0;;;;;;;;;;;;;
608;1,724621054;0,691517075;1,874368424;1;-1,101183051;0,507480747;-6,505915256;0;-0,131536679;0,850606094;-1,328841697;1;;;;;;;;;;;;;
609;-0,117186032;0,473001646;-1,195310054;1;0,599907683;0,370418325;1,999538416;1;1,224330186;0,610680855;2,060825464;1;;;;;;;;;;;;;
610;0,015191652;0,411959389;-0,97468058;1;0,132740717;0,372693486;-0,336296416;1;0,908505199;0,691316358;1,271262997;1;;;;;;;;;;;;;
611;-0,158807729;0,483826356;-1,264679549;1;0,820368618;0,411792104;3,101843088;1;0,845970797;0,699898336;1,114926993;1;;;;;;;;;;;;;
612;0,303076121;0,63674992;-0,494873131;1;-0,06872196;0,473222151;-1,343609798;1;0,840342835;1,030488345;1,100857087;1;;;;;;;;;;;;;
613;1,609163505;0,645421615;1,681939174;1;-0,083331124;0,543821336;-1,416655619;1;-0,650787234;0,871336032;-2,626968086;1;;;;;;;;;;;;;
614;0,067144987;0,448348421;-0,888091688;1;0,712235163;0,35517267;2,561175815;1;0,04145934;0,559273375;-0,89635165;1;;;;;;;;;;;;;
615;-0,250813182;0,404133237;-1,418021969;0;0,366134446;0,323528972;0,830672232;1;0,47586849;0,552377842;0,189671226;1;;;;;;;;;;;;;
616;1,600386355;1,202137481;1,667310592;1;0,420362178;0,741021189;1,101810891;1;-0,89697973;1,426912236;-3,242449325;1;;;;;;;;;;;;;
617;0,423356629;0,529175438;-0,294405619;1;0,166179395;0,390504789;-0,169103027;1;0,363184613;0,75987251;-0,092038467;1;;;;;;;;;;;;;
618;0,037061169;0,446336021;-0,938231385;1;-0,166504161;0,342450615;-1,832520806;1;0,775937939;0,652509353;0,939844847;1;;;;;;;;;;;;;
619;0,550313894;0,532434809;-0,082810176;1;-0,030136154;0,377376956;-1,150680771;1;-0,317305156;0,701240353;-1,793262891;1;;;;;;;;;;;;;
620;0,40190685;0,389448074;-0,330155249;1;-0,530931071;0,291921959;-3,654655355;0;-0,108346661;0,497579298;-1,270866653;1;;;;;;;;;;;;;
621;0,734394311;0,435735504;0,223990518;1;0,269123749;0,329859716;0,345618747;1;-0,823384279;0,540157796;-3,058460697;0;;;;;;;;;;;;;
622;0,233113632;0,426227984;-0,61147728;1;0,585848923;0,414209185;1,929244614;1;0,101639137;0,544608459;-0,745902158;1;;;;;;;;;;;;;
623;0,521044918;0,336975813;-0,131591803;1;-0,100282152;0,247759769;-1,501410761;1;-0,499386332;0,46292268;-2,248465829;1;;;;;;;;;;;;;
624;1,108617999;0,726887427;0,847696666;1;0,615200827;0,521093167;2,076004137;1;-0,24631133;0,812853874;-1,615778324;1;;;;;;;;;;;;;
625;-1,148177813;0,494634463;-2,913629689;0;0,696863736;0,360176598;2,484318681;1;0,954355958;0,669598457;1,385889895;1;;;;;;;;;;;;;
626;0,084956951;0,432640339;-0,858405081;1;0,822982622;0,368737613;3,114913112;1;0,421184951;0,538297342;0,052962377;1;;;;;;;;;;;;;
627;0,754255097;0,648877517;0,257091829;1;0,238927579;0,665068041;0,194637895;1;0,372218098;1,165853349;-0,069454755;1;;;;;;;;;;;;;
628;0,935981237;0,533656584;0,559968728;1;0,306950335;0,419042336;0,534751675;1;-0,441808164;0,75132353;-2,104520409;1;;;;;;;;;;;;;
629;0,800517759;0,660584409;0,334196265;1;0,717786185;0,557452806;2,588930925;1;0,116212464;0,783502575;-0,70946884;1;;;;;;;;;;;;;
630;0,253972755;0,619847147;-0,576712074;1;0,957793404;0,519139154;3,788967021;1;0,519158946;1,009762777;0,297897366;1;;;;;;;;;;;;;
631;0,482150502;0,46030388;-0,19641583;1;0,403764805;0,383252417;1,018824025;1;-0,205246363;0,622468982;-1,513115908;1;;;;;;;;;;;;;
632;0,042468479;0,490949987;-0,929219202;1;0,539124333;0,357786397;1,695621664;1;0,256403961;0,567347358;-0,358990097;1;;;;;;;;;;;;;
633;-0,502721101;0,38079067;-1,837868502;0;0,127472631;0,307274231;-0,362636847;1;0,83929761;0,472263369;1,098244025;1;;;;;;;;;;;;;
634;0,256486002;0,423175206;-0,57252333;1;0,204652072;0,347414813;0,023260362;1;0,506970577;0,58517931;0,267426442;1;;;;;;;;;;;;;
635;0,40245422;0,502412555;-0,329242967;1;0,810479286;0,43858862;3,052396431;1;0,518099673;0,705646022;0,295249182;1;;;;;;;;;;;;;
636;0,874567846;0,752683661;0,457613077;1;-0,220275679;0,463356298;-2,101378393;1;-1,355529752;1,170894;-4,388824379;1;;;;;;;;;;;;;
637;0,243564063;0,62355161;-0,594059895;1;-0,130456787;0,480732924;-1,652283937;1;1,426108959;0,837680081;2,565272397;1;;;;;;;;;;;;;
638;0,17957164;0,419039165;-0,700713933;1;-0,005070039;0,34512028;-1,025350195;1;0,76853934;0,552128263;0,921348351;1;;;;;;;;;;;;;
639;0,50295411;0,493440058;-0,16174315;1;-0,239891961;0,385347359;-2,199459805;1;0,609716355;0,699184095;0,524290887;1;;;;;;;;;;;;;
640;-0,193661899;0,446382988;-1,322769831;1;1,243555389;0,468163064;5,217776945;0;0,231902447;0,753577687;-0,420243882;1;;;;;;;;;;;;;
641;0,356522137;0,55662745;-0,405796439;1;-0,134779048;0,430950885;-1,673895242;1;1,123611126;0,815520339;1,809027815;1;;;;;;;;;;;;;
642;-0,08553592;0,542268972;-1,142559866;1;1,121280731;0,491270065;4,606403657;1;0,150238677;0,854641286;-0,624403308;1;;;;;;;;;;;;;
643;1,04471094;0,406891448;0,741184901;1;-0,043319718;0,365007763;-1,216598588;1;-0,989611972;0,571903987;-3,47402993;0;;;;;;;;;;;;;
644;-0,240108722;0,614043328;-1,400181203;1;0,028088004;0,441538614;-0,859559981;1;1,384063332;0,826929125;2,460158331;1;;;;;;;;;;;;;
645;-0,239802015;0,446324774;-1,399670024;1;0,112519043;0,316728362;-0,437404785;1;1,452580959;0,520131836;2,631452398;0;;;;;;;;;;;;;
646;-0,238057496;0,583782791;-1,396762493;1;0,094212462;0,425814667;-0,528937688;1;1,890837596;0,857549274;3,727093989;1;;;;;;;;;;;;;
647;0,854598978;0,601081962;0,424331631;1;-0,852779304;0,469649189;-5,263896522;0;0,944310253;0,690256679;1,360775632;1;;;;;;;;;;;;;
648;1,904184234;0,673282922;2,17364039;1;0,155023607;0,336042281;-0,224881966;1;-2,704994907;0,756962996;-7,762487269;0;;;;;;;;;;;;;
649;1,176035867;0,769426271;0,960059778;1;0,165310192;0,609757978;-0,173449038;1;1,122885428;1,155382742;1,80721357;1;;;;;;;;;;;;;
650;1,005903174;0,654865712;0,67650529;1;-0,098029713;0,525280342;-1,490148564;1;-0,578808584;0,771635632;-2,447021461;1;;;;;;;;;;;;;
651;0,183805325;0,461094811;-0,693657792;1;0,63342922;0,354050052;2,1671461;1;0,340976093;0,651692233;-0,147559769;1;;;;;;;;;;;;;
652;0,106477992;0,332982485;-0,82253668;1;0,533237707;0,295796398;1,666188534;1;0,595596637;0,452318384;0,488991593;1;;;;;;;;;;;;;
653;-0,13554451;0,413633629;-1,225907516;1;0,478357812;0,318853261;1,391789061;1;0,378997333;0,541851664;-0,052506668;1;;;;;;;;;;;;;
654;0,786084002;0,680188186;0,310140004;1;0,073484667;0,496118603;-0,632576664;1;1,065767214;0,944371357;1,664418036;1;;;;;;;;;;;;;
655;0,076246307;0,453511886;-0,872922822;1;0,219279964;0,278155668;0,096399819;1;0,290074545;0,574915955;-0,274813638;1;;;;;;;;;;;;;
656;1,060623198;0,577984048;0,76770533;1;-0,033978905;0,433030543;-1,169894526;1;-1,045844937;0,853791819;-3,614612343;1;;;;;;;;;;;;;
657;-0,393586185;1,230104384;-1,655976975;1;0,328689535;0,77632349;0,643447676;1;2,738665354;1,863804869;5,846663384;1;;;;;;;;;;;;;
658;0,968399355;0,587484463;0,613998925;1;-0,373186881;0,417628985;-2,865934403;1;0,028557612;0,69483561;-0,928605971;1;;;;;;;;;;;;;
659;0,881554975;0,659123785;0,469258292;1;-0,719673716;0,434908632;-4,598368579;0;0,143667973;0,659500166;-0,640830069;1;;;;;;;;;;;;;
660;0,071763802;0,383186305;-0,880393664;1;1,052783615;0,330000838;4,263918076;0;-0,072551489;0,442523776;-1,181378723;1;;;;;;;;;;;;;
661;-0,139077268;0,51719398;-1,231795447;1;-0,238931647;0,330742434;-2,194658236;1;1,384572115;0,684469895;2,461430287;1;;;;;;;;;;;;;
662;-0,475809787;0,553590687;-1,793016311;1;0,857760105;0,549174801;3,288800524;1;1,208664467;1,095170291;2,021661169;1;;;;;;;;;;;;;
663;0,706464365;0,647526247;0,177440609;1;-0,036063864;0,665517356;-1,180319318;1;0,581413874;1,013113339;0,453534684;1;;;;;;;;;;;;;
664;0,394571147;0,417677176;-0,342381422;1;0,096350943;0,303010671;-0,518245286;1;0,393208022;0,504768864;-0,016979945;1;;;;;;;;;;;;;
665;-0,712233701;0,297944673;-2,187056169;0;0,360620964;0,283513417;0,803104818;1;1,748254317;0,451542793;3,370635791;0;;;;;;;;;;;;;
666;-0,005355175;0,380608832;-1,008925291;1;-0,139633287;0,27087634;-1,698166436;1;0,588723818;0,427303183;0,471809545;1;;;;;;;;;;;;;
667;0,183550241;0,503213041;-0,694082931;1;0,264868228;0,393283706;0,324341142;1;-0,056398364;0,61439074;-1,140995909;1;;;;;;;;;;;;;
668;-0,496681005;0,509899953;-1,827801674;0;0,374172399;0,359397346;0,870861994;1;2,019232186;1,005703894;4,048080464;1;;;;;;;;;;;;;
669;0,256450359;0,575081843;-0,572582735;1;-0,547202657;0,418207886;-3,736013287;1;0,284962791;0,789497706;-0,287593023;1;;;;;;;;;;;;;
670;0,131482386;0,515304915;-0,78086269;1;0,10645038;0,381504003;-0,467748102;1;0,917163613;0,589357076;1,292909032;1;;;;;;;;;;;;;
671;-0,46439163;0,617707805;-1,773986051;1;0,104107955;0,524186476;-0,479460226;1;3,049329385;1,142737151;6,623323462;0;;;;;;;;;;;;;
672;2,021315799;1,410373826;2,368859664;1;0,14136182;0,891162676;-0,293190902;1;-1,36687724;1,364225634;-4,4171931;1;;;;;;;;;;;;;
673;1,209553573;0,744071636;1,015922621;1;0,152325631;0,669410714;-0,238371845;1;0,536023395;1,255301943;0,340058487;1;;;;;;;;;;;;;
674;0,338799134;0,41558061;-0,435334777;1;0,344172253;0,323580245;0,720861264;1;0,213153074;0,523746667;-0,467117314;1;;;;;;;;;;;;;
675;0,466908141;0,438648851;-0,221819765;1;0,093656062;0,392907727;-0,531719688;1;0,252183843;0,674523178;-0,369540393;1;;;;;;;;;;;;;
676;0,563060736;0,523248065;-0,06156544;1;-0,033788088;0,405936269;-1,168940439;1;0,185795653;0,666382795;-0,535510867;1;;;;;;;;;;;;;
677;0,008099204;0,290775949;-0,986501326;0;0,181034734;0,240340818;-0,094826332;1;0,278053719;0,423224313;-0,304865702;1;;;;;;;;;;;;;
678;0,162728546;0,3421495;-0,728785756;1;0,032185423;0,271582772;-0,839072887;1;0,389883328;0,44697951;-0,02529168;1;;;;;;;;;;;;;
679;1,861636615;1,047621088;2,102727692;1;-0,102227033;0,646423582;-1,511135166;1;-1,809583007;1,419690701;-5,523957518;1;;;;;;;;;;;;;
680;0,805373794;0,532262448;0,342289656;1;-0,122603354;0,416210103;-1,613016769;1;-0,009910965;0,687338801;-1,024777412;1;;;;;;;;;;;;;
681;0,538487449;0,6647653;-0,102520918;1;0,322161422;0,557838822;0,61080711;1;-0,186500029;1,235462725;-1,466250073;1;;;;;;;;;;;;;
682;-0,012579271;0,413895288;-1,020965451;1;0,647466529;0,319733206;2,237332646;1;0,617050653;0,560042342;0,542626632;1;;;;;;;;;;;;;
683;0,922316264;0,601313228;0,537193773;1;-0,217738571;0,487977809;-2,088692854;1;1,186752505;0,780987629;1,966881263;1;;;;;;;;;;;;;
684;0,056986061;0,535890824;-0,905023232;1;0,632149071;0,408643135;2,160745354;1;0,320563584;0,602299006;-0,198591039;1;;;;;;;;;;;;;
685;0,470737174;0,493244696;-0,215438044;1;0,182817373;0,341413221;-0,085913133;1;0,6460942;0,761559667;0,615235501;1;;;;;;;;;;;;;
686;-0,033341449;0,484242705;-1,055569082;1;0,478838262;0,416679542;1,394191312;1;0,915486433;0,674336468;1,288716083;1;;;;;;;;;;;;;
687;0,186113131;0,519680282;-0,689811448;1;0,679141745;0,409146642;2,395708725;1;-0,082855957;0,625954839;-1,207139894;1;;;;;;;;;;;;;
688;-0,397224014;0,368161182;-1,662040023;0;0,341760335;0,280788166;0,708801677;1;0,875658688;0,530782842;1,18914672;1;;;;;;;;;;;;;
689;-0,181825299;0,390887824;-1,303042164;0;0,237629668;0,302540141;0,188148341;1;0,805945028;0,565841693;1,014862569;1;;;;;;;;;;;;;
690;0,446366457;0,596763301;-0,256055904;1;0,353087813;0,405239768;0,765439067;1;0,339794725;0,775918819;-0,150513188;1;;;;;;;;;;;;;
691;0,565793466;0,414524444;-0,05701089;1;0,261084804;0,332752003;0,30542402;1;-0,061448434;0,527739304;-1,153621086;1;;;;;;;;;;;;;
692;0,231210216;0,580719274;-0,61464964;1;-0,114518247;0,413601692;-1,572591233;1;0,72702449;0,762703929;0,817561226;1;;;;;;;;;;;;;
693;0,911243996;1,134684263;0,518739994;1;-0,208751919;0,650081619;-2,043759597;1;0,593674759;1,482711384;0,484186898;1;;;;;;;;;;;;;
694;0,5215366;0,645794933;-0,130772333;1;0,081806695;0,537526199;-0,590966526;1;0,66362429;0,778266232;0,659060725;1;;;;;;;;;;;;;
695;0,484367208;0,347658322;-0,19272132;1;0,049575524;0,249636153;-0,752122382;1;-0,2609893;0,421304971;-1,65247325;1;;;;;;;;;;;;;
696;-0,400921771;0,46848924;-1,668202951;0;-0,414332087;0,33897289;-3,071660436;1;1,850252173;0,598542256;3,625630433;0;;;;;;;;;;;;;
697;0,329540423;0,541931363;-0,450765961;1;-0,065327478;0,421446318;-1,326637389;1;0,629474787;0,704817019;0,573686968;1;;;;;;;;;;;;;
698;0,102673669;0,607360309;-0,828877218;1;0,682218412;0,454396994;2,411092058;1;-0,50657993;0,88905351;-2,266449826;1;;;;;;;;;;;;;
699;-0,709255918;0,268801168;-2,182093196;0;-0,362663573;0,227799448;-2,813317866;0;1,358738112;0,37388499;2,396845281;0;;;;;;;;;;;;;
700;0,113224237;0,4678856;-0,811292938;1;0,241116958;0,346495564;0,205584788;1;0,560841786;0,61046756;0,402104465;1;;;;;;;;;;;;;
701;1,094016445;0,560799468;0,823360742;1;-0,650109821;0,385425513;-4,250549103;0;-0,006644756;0,598702392;-1,016611889;1;;;;;;;;;;;;;
702;0,531883851;0,661912234;-0,113526915;1;-0,46364095;0,481922795;-3,318204751;1;0,575531159;1,007178999;0,438827896;1;;;;;;;;;;;;;
703;0,725938634;0,789894782;0,209897724;1;0,580693953;0,531444926;1,903469766;1;0,298872179;1,001242959;-0,252819552;1;;;;;;;;;;;;;
704;2,086494771;0,956585305;2,477491285;1;-0,730485798;0,558857959;-4,652428992;1;-0,706660988;1,135941954;-2,766652469;1;;;;;;;;;;;;;
705;0,309114717;0,740860032;-0,484808805;1;0,473626652;0,595766838;1,36813326;1;1,045140625;1,009984094;1,612851563;1;;;;;;;;;;;;;
706;0,158071308;1,065234103;-0,73654782;1;0,190206393;0,75462584;-0,048968033;1;0,109821152;1,35082678;-0,72544712;1;;;;;;;;;;;;;
707;1,391491847;0,87927462;1,319153079;1;0,233019627;0,575962281;0,165098136;1;-0,3735463;0,979607199;-1,93386575;1;;;;;;;;;;;;;
708;1,342983456;0,681962624;1,23830576;1;-0,183190574;0,485838591;-1,915952869;1;-0,191465459;0,84579595;-1,478663646;1;;;;;;;;;;;;;
709;-0,247131605;0,44721483;-1,411886008;1;0,786048865;0,357925518;2,930244323;1;0,217996417;0,462653364;-0,455008957;1;;;;;;;;;;;;;
710;0,322343849;0,554166333;-0,462760252;1;0,139084891;0,368825588;-0,304575545;1;0,627856041;0,745064545;0,569640102;1;;;;;;;;;;;;;
711;1,288927261;0,528924196;1,148212102;1;0,402808774;0,311478489;1,014043871;1;-0,848079451;0,586604974;-3,120198629;0;;;;;;;;;;;;;
712;0,122303245;0,422084587;-0,796161258;1;0,231362244;0,31143307;0,156811218;1;-0,024031509;0,560512839;-1,060078773;1;;;;;;;;;;;;;
713;0,441332;0,582319123;-0,264446666;1;-0,448388008;0,479766286;-3,241940038;1;0,250955547;0,717493671;-0,372611133;1;;;;;;;;;;;;;
714;-0,61703065;0,329356392;-2,028384416;0;1,062786583;0,303348738;4,313932913;0;0,534190584;0,497569748;0,33547646;1;;;;;;;;;;;;;
715;0,335526914;0,465402888;-0,440788476;1;0,291599432;0,308913874;0,457997162;1;-0,376810689;0,596634012;-1,942026723;1;;;;;;;;;;;;;
716;0,63237435;0,729513224;0,05395725;1;0,429900714;0,675934805;1,149503568;1;0,430913488;1,114370405;0,07728372;1;;;;;;;;;;;;;
717;0,577162274;0,602642346;-0,038062876;1;0,230995642;0,468809484;0,154978211;1;0,917924403;0,803391731;1,294811007;1;;;;;;;;;;;;;
718;0,647520788;0,676130718;0,079201314;1;0,068405473;0,525734865;-0,657972635;1;1,06103739;0,867247297;1,652593475;1;;;;;;;;;;;;;
719;-0,394436305;0,589932201;-1,657393842;1;1,217136682;0,604689921;5,085683411;1;1,149652053;0,863284851;1,874130134;1;;;;;;;;;;;;;
720;0,263426462;0,493868956;-0,560955896;1;0,026865945;0,339593113;-0,865670276;1;0,829182132;0,670852648;1,072955331;1;;;;;;;;;;;;;
721;-0,282217659;0,307376638;-1,470362764;0;0,501128118;0,242106609;1,505640589;1;0,869170675;0,358923612;1,172926688;1;;;;;;;;;;;;;
722;5,822863723;3,742640152;8,704772872;1;-1,590640033;1,084454898;-8,953200166;1;-2,644104549;1,897102845;-7,610261372;1;;;;;;;;;;;;;
723;1,492883087;0,674128446;1,488138478;1;0,349998635;0,604407035;0,749993176;1;-1,249199694;0,970265203;-4,122999236;1;;;;;;;;;;;;;
724;-0,704679755;0,406577917;-2,174466258;0;0,448200895;0,352071996;1,241004475;1;0,765660159;0,596732474;0,914150398;1;;;;;;;;;;;;;
725;-0,14995145;0,550707598;-1,249919083;1;0,826922577;0,495538457;3,134612886;1;1,222132034;0,704233952;2,055330086;1;;;;;;;;;;;;;
726;-0,320741679;0,495486212;-1,534569464;1;0,797623746;0,385733813;2,988118728;1;1,006984563;0,670584325;1,517461407;1;;;;;;;;;;;;;
727;-0,939254621;0,381746267;-2,565424368;0;0,638854512;0,328624012;2,194272559;1;0,393480875;0,507167036;-0,016297813;1;;;;;;;;;;;;;
728;0,593126779;0,560131272;-0,011455368;1;0,036602641;0,442348146;-0,816986795;1;-0,042654709;0,76826813;-1,106636772;1;;;;;;;;;;;;;
729;0,851506615;0,554995104;0,419177692;1;-0,348281047;0,441610542;-2,741405237;1;-0,217428402;0,710975396;-1,543571006;1;;;;;;;;;;;;;
730;-0,688309234;0,559836162;-2,147182057;0;0,010194819;0,382168259;-0,949025903;1;0,800511175;0,739803173;1,001277937;1;;;;;;;;;;;;;
731;0,334102683;0,407595584;-0,443162195;1;-0,266015351;0,364485538;-2,330076755;1;0,108178136;0,501888464;-0,72955466;1;;;;;;;;;;;;;
732;-0,72471999;0,332970695;-2,20786665;0;0,718890268;0,288015197;2,594451339;1;1,098057283;0,470347828;1,745143207;1;;;;;;;;;;;;;
733;0,109572706;0,619367633;-0,817378823;1;0,107915464;0,526355601;-0,460422681;1;0,909486523;1,132326188;1,273716308;1;;;;;;;;;;;;;
734;0,657508023;0,447219791;0,095846705;1;0,168973975;0,388016593;-0,155130127;1;0,456356554;0,686298446;0,140891386;1;;;;;;;;;;;;;
735;0,403686176;0,454208373;-0,327189707;1;-0,500384591;0,353396178;-3,501922954;0;0,122055429;0,60456256;-0,694861427;1;;;;;;;;;;;;;
736;0,166062395;0,403980773;-0,723229341;1;0,008898255;0,295117267;-0,955508723;1;0,470287276;0,452756156;0,175718189;1;;;;;;;;;;;;;
737;-0,039070997;0,368126312;-1,065118328;1;0,16084038;0,290748667;-0,195798102;1;0,711439498;0,47949614;0,778598744;1;;;;;;;;;;;;;
738;0,504599252;0,499621108;-0,159001247;1;0,08160899;0,3965723;-0,591955052;1;0,159767695;0,761206942;-0,600580762;1;;;;;;;;;;;;;
739;0,872655056;0,712617234;0,454425093;1;-0,46067686;0,469210474;-3,303384302;1;0,598379932;0,865293351;0,495949829;1;;;;;;;;;;;;;
740;0,826387967;0,535171317;0,377313278;1;-0,160922845;0,37878786;-1,804614223;1;0,313639225;0,658805968;-0,215901938;1;;;;;;;;;;;;;
741;0,713791618;0,647293687;0,189652697;1;0,680752216;0,498274842;2,403761081;1;-0,423163957;0,692090187;-2,057909891;1;;;;;;;;;;;;;
742;0,24206764;0,621271696;-0,596553933;1;-0,290591461;0,448390071;-2,452957303;1;1,488706088;0,846508787;2,721765219;1;;;;;;;;;;;;;
743;4,572642373;2,311016805;6,621070622;1;-2,119864738;1,113932426;-11,59932369;0;-2,600789954;1,958511924;-7,501974885;1;;;;;;;;;;;;;
744;0,40921175;0,506837165;-0,317980417;1;-0,269031461;0,338677433;-2,345157307;1;0,570633666;0,654692817;0,426584165;1;;;;;;;;;;;;;
745;0,633842893;0,537343569;0,056404822;1;0,058784535;0,466100707;-0,706077324;1;-0,631951132;0,648456539;-2,57987783;1;;;;;;;;;;;;;
746;0,311923391;0,321795374;-0,480127681;1;-0,265659254;0,243702131;-2,328296272;1;-0,073517631;0,404483114;-1,183794078;1;;;;;;;;;;;;;
747;0,393885561;0,575033135;-0,343524064;1;0,118180372;0,382426883;-0,409098139;1;0,381259195;0,659112166;-0,046852014;1;;;;;;;;;;;;;
748;0,732613972;0,648010571;0,221023287;1;0,567845699;0,50198316;1,839228496;1;0,093952482;0,86512909;-0,765118794;1;;;;;;;;;;;;;
749;1,362360389;0,778652408;1,270600649;1;0,226325081;0,527597378;0,131625403;1;-0,319711611;0,87699954;-1,799279028;1;;;;;;;;;;;;;
750;1,235831302;0,491496075;1,059718836;1;0,106474271;0,421959412;-0,467628646;1;-1,70865227;0,745231912;-5,271630675;0;;;;;;;;;;;;;
751;1,383376665;0,74090561;1,305627774;1;-0,919374772;0,520260762;-5,596873861;0;0,238032712;0,774136606;-0,40491822;1;;;;;;;;;;;;;
752;0,279475117;0,424683158;-0,534208138;1;0,349828014;0,310190391;0,74914007;1;-0,379239569;0,656468291;-1,948098922;1;;;;;;;;;;;;;
753;0,428930936;0,504873553;-0,285115107;1;0,409181835;0,403555379;1,045909174;1;0,077236062;0,59636243;-0,806909845;1;;;;;;;;;;;;;
754;0,239769475;0,461074705;-0,600384208;1;-0,300342641;0,387088802;-2,501713205;1;1,04846782;0,720411157;1,621169549;1;;;;;;;;;;;;;
755;0,557015976;0,604069388;-0,07164004;1;0,284416449;0,422184113;0,422082244;1;-0,01359361;0,764327617;-1,033984024;1;;;;;;;;;;;;;
756;0,422976956;0,451413152;-0,295038407;1;0,481206722;0,320769425;1,406033612;1;-0,919801506;0,535520206;-3,299503764;0;;;;;;;;;;;;;
757;-1,053666751;0,411968533;-2,756111252;0;0,750617486;0,431925491;2,753087428;1;1,094819402;0,680718645;1,737048505;1;;;;;;;;;;;;;
758;0,829707171;0,690634924;0,382845286;1;0,605324941;0,45392957;2,026624706;1;-0,474412414;0,786837013;-2,186031036;1;;;;;;;;;;;;;
759;-0,222487862;0,343132797;-1,370813103;0;-0,13388033;0,283887991;-1,669401651;1;2,033170217;0,63580425;4,082925543;0;;;;;;;;;;;;;
760;0,383372009;0,508717568;-0,361046652;1;0,063876016;0,372721722;-0,680619918;1;0,571739405;0,663487317;0,429348513;1;;;;;;;;;;;;;
761;0,313345158;0,594880767;-0,477758071;1;0,05092569;0,515914907;-0,745371552;1;0,280582578;0,793106475;-0,298543555;1;;;;;;;;;;;;;
762;6,961114682;2,738017105;10,6018578;0;-3,184509404;2,136300199;-16,92254702;1;-2,813143465;1,774306874;-8,032858662;1;;;;;;;;;;;;;
763;-0,556047225;0,381952292;-1,926745374;0;0,589484797;0,342067268;1,947423983;1;0,896784676;0,565930553;1,24196169;1;;;;;;;;;;;;;
764;0,230591156;0,502221947;-0,615681407;1;-0,04964018;0,439321989;-1,248200898;1;0,47086246;0,68552207;0,177156151;1;;;;;;;;;;;;;
765;0,551602135;0,516723738;-0,080663108;1;-0,341283824;0,333664209;-2,706419121;1;0,433920541;0,693275581;0,084801353;1;;;;;;;;;;;;;
766;-0,31727981;0,44021126;-1,528799683;0;0,465794998;0,326334155;1,328974991;1;1,092962265;0,671364433;1,732405664;1;;;;;;;;;;;;;
767;0,891443624;0,549120417;0,485739373;1;-0,090755251;0,512598148;-1,453776254;1;0,150269326;0,820854096;-0,624326684;1;;;;;;;;;;;;;
768;1,202718226;0,886429292;1,004530376;1;0,410900838;0,731268773;1,054504192;1;-0,265738134;1,497878743;-1,664345335;1;;;;;;;;;;;;;
769;0,177823479;0,52249911;-0,703627535;1;-0,087206867;0,322383922;-1,436034333;1;0,783295398;0,741726593;0,958238495;1;;;;;;;;;;;;;
770;0,324904976;0,530655842;-0,458491706;1;0,372890518;0,496421817;0,864452591;1;-0,04134548;0,846813733;-1,1033637;1;;;;;;;;;;;;;
771;-0,223950061;0,362862085;-1,373250102;0;0,860683031;0,379260259;3,303415153;1;0,758819652;0,504225752;0,89704913;1;;;;;;;;;;;;;
772;-0,100861651;0,510515384;-1,168102751;1;0,56656202;0,382232198;1,832810099;1;0,5834128;0,716012229;0,458532;1;;;;;;;;;;;;;
773;-0,120935452;0,451547932;-1,201559087;1;-0,222873815;0,367165554;-2,114369075;1;1,77900766;0,667643619;3,447519151;0;;;;;;;;;;;;;
774;-0,126168203;0,453884806;-1,210280339;1;0,562588033;0,369985944;1,812940163;1;0,695061733;0,573524094;0,737654333;1;;;;;;;;;;;;;
775;0,530214656;0,505082635;-0,116308906;1;0,666824132;0,383431956;2,334120662;1;-0,180736413;0,763561311;-1,451841032;1;;;;;;;;;;;;;
776;-0,180159666;0,65538358;-1,300266109;1;0,381992236;0,397029134;0,909961178;1;0,819596273;0,91792063;1,048990683;1;;;;;;;;;;;;;
777;0,845016017;0,776439693;0,408360028;1;0,015648619;0,60267453;-0,921756903;1;0,394713423;1,121338537;-0,013216443;1;;;;;;;;;;;;;
778;0,160586402;0,532515474;-0,732355997;1;-0,511074863;0,386167254;-3,555374314;1;1,155750556;0,779462029;1,889376389;1;;;;;;;;;;;;;
779;0,631241915;0,635167164;0,052069858;1;-0,192285812;0,606035248;-1,961429059;1;1,186868466;1,02819227;1,967171165;1;;;;;;;;;;;;;
780;-0,249326978;0,380270723;-1,415544964;0;-0,746874853;0,27233152;-4,734374264;0;0,583437567;0,486385059;0,458593917;1;;;;;;;;;;;;;
781;0,758530548;0,585847679;0,264217579;1;0,036525927;0,469809719;-0,817370363;1;0,708548898;0,748082816;0,771372245;1;;;;;;;;;;;;;
782;-0,095180435;0,577137448;-1,158634058;1;-0,194226618;0,450695132;-1,971133091;1;1,112495813;0,708421236;1,781239532;1;;;;;;;;;;;;;
783;1,815336478;0,758097011;2,025560797;1;-0,691034376;0,491331336;-4,455171879;1;-0,613663605;0,808263134;-2,534159013;1;;;;;;;;;;;;;
784;-0,896575361;0,380273451;-2,494292268;0;0,156857424;0,303240207;-0,21571288;1;0,876937693;0,49349948;1,192344232;1;;;;;;;;;;;;;
785;0,020524965;0,336629471;-0,965791724;1;0,252777512;0,251612673;0,263887559;1;0,18423982;0,392417066;-0,539400449;1;;;;;;;;;;;;;
786;0,048063982;0,455972057;-0,919893363;1;-0,108991136;0,31187241;-1,544955682;1;1,276223845;0,583423025;2,190559613;1;;;;;;;;;;;;;
787;0,093835325;0,454778204;-0,843607792;1;-0,055227907;0,350571447;-1,276139537;1;0,924585153;0,548693128;1,311462882;1;;;;;;;;;;;;;
788;1,82041353;0,950945683;2,03402255;1;0,585194604;0,880114906;1,925973021;1;-0,568467751;1,598216632;-2,421169377;1;;;;;;;;;;;;;
789;0,516888302;0,523298381;-0,138519496;1;0,538147984;0,403333005;1,690739918;1;-0,643887622;0,694725031;-2,609719055;1;;;;;;;;;;;;;
790;-1,180440506;0,486811097;-2,967400843;0;0,593150672;0,32749358;1,96575336;1;1,165616642;0,643962447;1,914041604;1;;;;;;;;;;;;;
791;0,986010431;0,733507794;0,643350719;1;-0,074980614;0,519764626;-1,374903068;1;0,189546981;0,883587237;-0,526132548;1;;;;;;;;;;;;;
792;1,069892555;0,599975898;0,783154258;1;0,260862222;0,360884793;0,304311112;1;-1,703570456;0,639298083;-5,25892614;0;;;;;;;;;;;;;
793;0,430737432;0,485190426;-0,282104281;1;-0,511395592;0,41296352;-3,55697796;1;0,672065416;0,664941817;0,680163541;1;;;;;;;;;;;;;
794;1,36448477;0,860934754;1,274141283;1;-0,315723863;0,658990198;-2,578619316;1;-0,172799378;0,990011694;-1,431998445;1;;;;;;;;;;;;;
795;0,492917909;0,491766528;-0,178470152;1;0,354658656;0,332005372;0,773293281;1;-0,738358793;0,576235934;-2,845896982;0;;;;;;;;;;;;;
796;-0,403668359;0,56774522;-1,672780598;1;0,359646008;0,35693592;0,798230039;1;0,252985706;0,642886497;-0,367535736;1;;;;;;;;;;;;;
797;0,459034679;0,572379079;-0,234942202;1;0,028719845;0,463414232;-0,856400773;1;0,86537402;0,867848135;1,16343505;1;;;;;;;;;;;;;
798;-0,505685265;0,35670414;-1,842808776;0;-0,162865179;0,291919702;-1,814325896;1;1,198071616;0,441010356;1,99517904;1;;;;;;;;;;;;;
799;0,379544693;0,498538105;-0,367425512;1;0,989913064;0,451568225;3,94956532;1;0,533992804;0,625627456;0,33498201;1;;;;;;;;;;;;;
800;0,012815117;0,49001256;-0,978641471;1;0,754768172;0,371246438;2,773840862;1;0,314949421;0,695682044;-0,212626447;1;;;;;;;;;;;;;
801;0,583247592;0,473537726;-0,02792068;1;0,14749083;0,378924447;-0,262545851;1;0,034605783;0,530352951;-0,913485544;1;;;;;;;;;;;;;
802;-0,663125537;0,33956659;-2,105209228;0;0,900422102;0,321051697;3,502110511;0;-0,019652377;0,390077577;-1,049130942;1;;;;;;;;;;;;;
803;1,131593903;0,842315946;0,885989838;1;-0,336946398;0,673671771;-2,684731992;1;1,136987682;1,17195207;1,842469205;1;;;;;;;;;;;;;
804;0,466499053;0,362810654;-0,222501578;1;0,044286144;0,342796606;-0,77856928;1;-0,13853473;0,458414042;-1,346336825;1;;;;;;;;;;;;;
805;1,356613991;0,506570012;1,261023318;1;-0,576607538;0,385099948;-3,883037692;0;-0,583619684;0,736362981;-2,45904921;1;;;;;;;;;;;;;
806;1,249322677;0,445822398;1,082204461;1;0,002076786;0,342262982;-0,989616068;1;-1,146590539;0,631805809;-3,866476346;0;;;;;;;;;;;;;
807;1,986548502;0,757480571;2,31091417;1;-0,618302894;0,547223306;-4,091514468;1;-0,150323096;0,877880264;-1,375807739;1;;;;;;;;;;;;;
808;1,483413794;0,671517245;1,472356323;1;-0,143954474;0,416628074;-1,719772369;1;-0,494601112;0,823663883;-2,236502781;1;;;;;;;;;;;;;
809;-0,267259884;0,468186007;-1,44543314;1;0,726919991;0,413172813;2,634599953;1;1,503372848;0,706740454;2,75843212;1;;;;;;;;;;;;;
810;0,429208031;0,633078864;-0,284653282;1;0,50364313;0,508576034;1,51821565;1;0,717664681;0,820962986;0,794161701;1;;;;;;;;;;;;;
811;0,254111442;0,394063024;-0,576480929;1;-0,104669765;0,271423484;-1,523348823;1;0,82250169;0,457045729;1,056254226;1;;;;;;;;;;;;;
812;-0,123730143;0,7467591;-1,206216904;1;0,64418147;0,741842927;2,220907348;1;1,851415462;2,034794852;3,628538654;1;;;;;;;;;;;;;
813;0,623103664;0,807059861;0,038506106;1;-0,130713349;0,574927822;-1,653566744;1;1,397740867;1,217515758;2,494352167;1;;;;;;;;;;;;;
814;-0,747776031;0,483348368;-2,246293386;0;0,234839484;0,351882695;0,174197422;1;1,593440551;0,78338042;2,983601377;1;;;;;;;;;;;;;
815;0,34543213;0,461633139;-0,424279784;1;-0,593085514;0,387990559;-3,965427568;0;0,659930999;0,633625609;0,649827497;1;;;;;;;;;;;;;
816;-0,316855349;0,302317801;-1,528092249;0;0,522638384;0,256190187;1,613191918;1;-0,17447143;0,354674656;-1,436178576;1;;;;;;;;;;;;;
817;-0,087071924;0,558988381;-1,145119874;1;0,687457947;0,424599947;2,437289736;1;1,603313705;0,809230867;3,008284262;1;;;;;;;;;;;;;
818;0,571504495;0,479143866;-0,047492509;1;-0,336143609;0,324634208;-2,680718043;1;0,159096918;0,487903497;-0,602257706;1;;;;;;;;;;;;;
819;0,862077663;0,581595928;0,436796105;1;-0,360646375;0,451663243;-2,803231877;1;-0,259820783;0,75843836;-1,649551957;1;;;;;;;;;;;;;
820;0,567796354;0,435569466;-0,053672744;1;0,430169233;0,338371671;1,150846165;1;0,196417103;0,573389904;-0,508957244;1;;;;;;;;;;;;;
821;0,115008574;0,389195907;-0,808319044;1;0,002950544;0,329454981;-0,985247281;1;1,173193543;0,574595327;1,932983856;1;;;;;;;;;;;;;
822;0,0466975;0,356672386;-0,922170833;1;0,723021724;0,307103158;2,615108621;1;0,527297479;0,431515231;0,318243698;1;;;;;;;;;;;;;
823;0,813349247;0,51094316;0,355582079;1;-0,016203408;0,386056211;-1,081017042;1;-0,260434512;0,743199361;-1,651086281;1;;;;;;;;;;;;;
824;-0,444902067;0,241046049;-1,741503445;0;0,657084331;0,277461857;2,285421653;1;0,52982668;0,384706701;0,324566699;1;;;;;;;;;;;;;
825;0,215303065;0,513297101;-0,641161558;1;0,150371771;0,375407856;-0,248141143;1;0,889894266;0,609470419;1,224735666;1;;;;;;;;;;;;;
826;0,58517713;0,686217595;-0,024704783;1;1,29599261;0,482403038;5,47996305;0;-0,399763207;0,903311094;-1,999408017;1;;;;;;;;;;;;;
827;0,324301287;0,318017575;-0,459497856;1;0,096195961;0,249489252;-0,519020194;1;-0,768022794;0,427034042;-2,920056985;0;;;;;;;;;;;;;
828;1,060309128;0,854121734;0,76718188;1;1,224096174;0,649350097;5,120480868;1;-0,698985098;1,32341194;-2,747462745;1;;;;;;;;;;;;;
829;0,72434138;0,472978947;0,207235633;1;0,129810722;0,337345381;-0,350946392;1;-0,842829803;0,613458704;-3,107074507;0;;;;;;;;;;;;;
830;0,723908983;0,74048594;0,206514971;1;-0,792213206;0,60600753;-4,961066028;1;0,294088109;1,067120343;-0,264779728;1;;;;;;;;;;;;;
831;-0,319043378;0,431256897;-1,531738963;0;-0,027392357;0,265848872;-1,136961786;1;0,024772438;0,61618372;-0,938068906;1;;;;;;;;;;;;;
832;1,160052244;0,827027886;0,933420406;1;-0,098705486;0,532944789;-1,493527429;1;-1,094582606;1,087262645;-3,736456514;1;;;;;;;;;;;;;
833;0,527271688;0,626752628;-0,121213854;1;0,225021937;0,528829433;0,125109686;1;-0,448310747;0,879612293;-2,120776869;1;;;;;;;;;;;;;
834;-0,31964341;0,360947672;-1,532739017;0;0,634148681;0,303275258;2,170743407;1;0,524533087;0,474584372;0,311332717;1;;;;;;;;;;;;;
835;0,199340364;0,721909018;-0,667766059;1;0,262087705;0,60161556;0,310438527;1;0,070833531;0,881702056;-0,822916173;1;;;;;;;;;;;;;
836;-0,311587364;0,661180617;-1,519312273;1;1,296368489;0,539363318;5,481842443;0;0,305252478;0,627188295;-0,236868804;1;;;;;;;;;;;;;
837;-0,559594039;0,593056716;-1,932656732;1;0,984881157;0,418018115;3,924405783;1;1,554892678;0,798050977;2,887231696;1;;;;;;;;;;;;;
838;-0,389715694;0,388542971;-1,649526156;0;0,820442891;0,315378815;3,102214454;0;0,339263621;0,549557561;-0,151840947;1;;;;;;;;;;;;;
839;1,294748859;0,5871114;1,157914764;1;0,058314115;0,401336622;-0,708429427;1;-0,662365042;0,706062533;-2,655912606;1;;;;;;;;;;;;;
840;0,310027587;0,515821559;-0,483287355;1;0,138857696;0,439630898;-0,305711521;1;0,24199072;0,732627682;-0,3950232;1;;;;;;;;;;;;;
841;1,723815988;0,839144408;1,873026646;1;0,140736121;0,614807808;-0,296319397;1;-0,905395423;0,994868351;-3,263488559;1;;;;;;;;;;;;;
842;1,008919519;0,69488204;0,681532531;1;-0,094057343;0,484775439;-1,470286715;1;-0,258250437;0,810171703;-1,645626093;1;;;;;;;;;;;;;
843;1,448850242;0,65339857;1,414750404;1;0,012394838;0,593459133;-0,938025808;1;-0,601633043;0,779883003;-2,504082607;1;;;;;;;;;;;;;
844;0,837749145;0,466995946;0,396248575;1;-0,571321112;0,317119452;-3,856605558;0;-0,481560298;0,563003008;-2,203900745;1;;;;;;;;;;;;;
845;0,800484118;0,511416204;0,334140197;1;0,56842342;0,455665396;1,842117102;1;-0,688180857;0,702949108;-2,720452142;1;;;;;;;;;;;;;
846;0,361399788;0,403701287;-0,39766702;1;0,101455299;0,374574238;-0,492723506;1;0,667340071;0,614513357;0,668350178;1;;;;;;;;;;;;;
847;1,260356234;0,607946168;1,100593723;1;0,069329574;0,42748149;-0,653352131;1;-0,82352095;0,913840779;-3,058802374;1;;;;;;;;;;;;;
848;0,16027521;0,472586044;-0,732874649;1;-0,287161191;0,294955878;-2,435805957;1;0,158398049;0,535052898;-0,604004877;1;;;;;;;;;;;;;
849;0,243306572;0,419316422;-0,594489047;1;0,74227094;0,375467563;2,711354701;1;-0,053094908;0,560334226;-1,132737269;1;;;;;;;;;;;;;
850;-0,154083137;0,722769457;-1,256805228;1;0,369229068;0,619330707;0,846145338;1;1,752067793;1,364089396;3,380169483;1;;;;;;;;;;;;;
851;-0,16787963;0,399491131;-1,279799383;1;-0,4219022;0,292925157;-3,109510999;0;0,831883125;0,561502883;1,079707813;1;;;;;;;;;;;;;
852;1,05837958;0,490324656;0,763965966;1;0,183680516;0,419069976;-0,081597419;1;0,271522435;0,641626047;-0,321193911;1;;;;;;;;;;;;;
853;-0,215934294;0,415156639;-1,35989049;0;0,495822185;0,303386244;1,479110924;1;0,58328237;0,535302549;0,458205925;1;;;;;;;;;;;;;
854;1,700445238;1,020702817;1,834075397;1;0,108045648;0,55700962;-0,459771759;1;-1,208077021;1,256515696;-4,020192553;1;;;;;;;;;;;;;
855;0,30664291;0,515487259;-0,488928483;1;-0,079109963;0,40290404;-1,395549814;1;0,640197385;0,642419582;0,600493464;1;;;;;;;;;;;;;
856;0,261321062;0,783506248;-0,564464896;1;1,024752928;0,752225671;4,123764638;1;1,227814135;1,529642556;2,069535337;1;;;;;;;;;;;;;
857;-0,076905064;0,382022416;-1,128175106;1;0,307403758;0,319242039;0,537018791;1;-0,240123961;0,454544177;-1,600309901;1;;;;;;;;;;;;;
858;-0,213556502;0,643499125;-1,355927503;1;0,153334652;0,536409936;-0,233326742;1;1,123196378;1,096058745;1,807990945;1;;;;;;;;;;;;;
859;0,47779771;0,592359718;-0,203670483;1;-0,178148748;0,392435517;-1,890743739;1;0,453930633;0,879896595;0,134826583;1;;;;;;;;;;;;;
860;0,638445264;0,405711709;0,06407544;1;-0,158100971;0,335814869;-1,790504855;1;0,163688545;0,629270515;-0,590778639;1;;;;;;;;;;;;;
861;0,800284124;0,64041233;0,333806874;1;0,003467012;0,481860178;-0,982664938;1;0,132082712;0,85931127;-0,669793219;1;;;;;;;;;;;;;
862;-0,09847979;0,360439517;-1,164132983;1;0,250684594;0,267310353;0,253422972;1;0,374799866;0,46581093;-0,063000335;1;;;;;;;;;;;;;
863;0,181604802;0,863262559;-0,69732533;1;0,517529967;0,584223864;1,587649837;1;0,88753434;1,079430355;1,21883585;1;;;;;;;;;;;;;
864;-0,299240041;0,403191185;-1,498733402;0;-0,128291666;0,365942247;-1,641458332;1;1,105423577;0,550595127;1,763558943;1;;;;;;;;;;;;;
865;0,700120312;0,629313838;0,166867187;1;0,026723303;0,488925102;-0,866383485;1;-0,19306818;0,758412421;-1,482670449;1;;;;;;;;;;;;;
866;0,462648315;0,585560449;-0,228919476;1;-0,195444469;0,429008536;-1,977222347;1;0,249489585;0,609970942;-0,376276039;1;;;;;;;;;;;;;
867;-0,404481007;0,337722218;-1,674135012;0;0,218243414;0,281968172;0,091217069;1;0,165556263;0,467123788;-0,586109343;1;;;;;;;;;;;;;
868;0,397941798;0,676229385;-0,33676367;1;0,414756312;0,502565958;1,073781558;1;0,908136167;0,933994097;1,270340417;1;;;;;;;;;;;;;
869;0,003259944;0,537234056;-0,994566761;1;0,806919722;0,413826132;3,034598611;1;0,07738304;0,648686002;-0,8065424;1;;;;;;;;;;;;;
870;-0,51293445;0,5054114;-1,85489075;0;0,604237543;0,361710241;2,021187713;1;0,304529495;0,606136526;-0,238676263;1;;;;;;;;;;;;;
871;1,270933287;0,608363767;1,118222144;1;0,271616425;0,450186175;0,358082127;1;-0,582163377;0,743004515;-2,455408442;1;;;;;;;;;;;;;
872;0,421098475;0,615287454;-0,298169209;1;-0,043051582;0,385538626;-1,215257908;1;0,321418824;0,774405144;-0,196452941;1;;;;;;;;;;;;;
873;0,686327283;0,420549014;0,143878806;1;-0,708449925;0,361358983;-4,542249627;0;0,651072262;0,530049828;0,627680654;1;;;;;;;;;;;;;
874;-0,036213271;0,461638005;-1,060355452;1;0,099801922;0,364579887;-0,500990389;1;0,812851366;0,750246906;1,032128415;1;;;;;;;;;;;;;
875;0,330866155;0,468396152;-0,448556409;1;-0,414626223;0,383785179;-3,073131113;1;0,586077728;0,69022625;0,465194319;1;;;;;;;;;;;;;
876;0,437012971;0,610815531;-0,271645048;1;0,180118625;0,475359358;-0,099406874;1;1,603578701;0,827913494;3,008946752;1;;;;;;;;;;;;;
877;0,629176089;0,562958572;0,048626815;1;0,038065143;0,388536073;-0,809674283;1;-0,424667676;0,64482523;-2,061669189;1;;;;;;;;;;;;;
878;-0,117515086;0,535250061;-1,195858477;1;0,991328112;0,405413178;3,95664056;1;0,425428764;0,617312912;0,06357191;1;;;;;;;;;;;;;
879;-0,059051005;0,396250132;-1,098418342;1;-0,189834604;0,306963307;-1,949173019;1;1,786709956;0,631322683;3,466774891;0;;;;;;;;;;;;;
880;0,54695625;0,619148223;-0,08840625;1;0,487358489;0,532390915;1,436792446;1;0,48739882;0,790533532;0,218497049;1;;;;;;;;;;;;;
881;0,282932849;0,740211019;-0,528445252;1;0,754540353;0,560348486;2,772701766;1;0,864406794;0,88792732;1,161016986;1;;;;;;;;;;;;;
882;-0,106908371;0,44271387;-1,178180619;1;-0,069344814;0,318076672;-1,34672407;1;0,809325247;0,565722621;1,023313118;1;;;;;;;;;;;;;
883;0,23241264;0,456010114;-0,6126456;1;0,426167078;0,348243901;1,130835391;1;0,170844645;0,533155521;-0,572888387;1;;;;;;;;;;;;;
884;0,435941631;0,449253536;-0,273430615;1;0,331220514;0,286572484;0,656102571;1;-0,790855252;0,555382122;-2,977138131;0;;;;;;;;;;;;;
885;0,337105255;0,488072236;-0,438157909;1;-0,091383323;0,358506187;-1,456916616;1;0,251679905;0,622997121;-0,370800238;1;;;;;;;;;;;;;
886;0,805677165;0,413165532;0,342795276;1;0,073143367;0,357141401;-0,634283163;1;0,399583291;0,61810418;-0,001041772;1;;;;;;;;;;;;;
887;0,037982037;0,297102446;-0,936696606;1;0,088776285;0,301858559;-0,556118577;1;0,633486934;0,472267963;0,583717335;1;;;;;;;;;;;;;
888;0,185171313;0,502368325;-0,691381145;1;0,301840704;0,437231118;0,509203519;1;0,585124664;0,609739886;0,46281166;1;;;;;;;;;;;;;
889;1,204036739;1,393882213;1,006727899;1;-1,112279977;0,920848183;-6,561399883;1;0,120209087;1,585259986;-0,699477282;1;;;;;;;;;;;;;
890;0,642437018;0,470508156;0,070728363;1;0,05996297;0,311783752;-0,700185151;1;-0,429770357;0,563408741;-2,074425894;1;;;;;;;;;;;;;
891;0,030234974;0,411603068;-0,949608376;1;0,800539624;0,408438429;3,002698119;1;0,387166987;0,570059772;-0,032082533;1;;;;;;;;;;;;;
892;1,302391626;0,553696021;1,17065271;1;0,468991174;0,558678348;1,344955869;1;-1,324430865;0,871616984;-4,311077163;0;;;;;;;;;;;;;
893;-0,12901699;0,367264251;-1,215028316;0;0,383009911;0,275003936;0,915049556;1;0,533071607;0,423532944;0,332679018;1;;;;;;;;;;;;;
894;0,671861125;0,413424711;0,119768542;1;-0,504756697;0,332705707;-3,523783483;0;-0,083141101;0,538140846;-1,207852753;1;;;;;;;;;;;;;
895;-0,061064301;0,528866919;-1,101773834;1;0,432132203;0,469210348;1,160661016;1;1,042673141;0,707116085;1,606682853;1;;;;;;;;;;;;;
896;0,395943829;0,451442772;-0,340093618;1;-0,441868813;0,354350701;-3,209344063;1;0,213034434;0,668523422;-0,467413915;1;;;;;;;;;;;;;
897;0,252556645;0,588831413;-0,579072259;1;0,192692537;0,409199395;-0,036537315;1;1,066268821;0,816317576;1,665672053;1;;;;;;;;;;;;;
898;1,33435275;0,536440888;1,223921251;1;0,274599144;0,443312144;0,372995721;1;-0,795116993;0,70944739;-2,987792483;1;;;;;;;;;;;;;
899;0,48814341;0,503077803;-0,18642765;1;0,361236758;0,481422426;0,806183788;1;-0,235875197;0,853852372;-1,589687992;1;;;;;;;;;;;;;
900;0,526078015;0,61885154;-0,123203308;1;-0,158711039;0,434881451;-1,793555195;1;0,582893212;0,781728629;0,45723303;1;;;;;;;;;;;;;
901;0,569391648;0,498251324;-0,051013919;1;0,090344127;0,322588872;-0,548279365;1;0,515125867;0,615003893;0,287814668;1;;;;;;;;;;;;;
902;0,592043433;0,338245772;-0,013260945;1;0,14362545;0,256194097;-0,281872749;1;-0,968145502;0,430931392;-3,420363754;0;;;;;;;;;;;;;
903;0,785120248;0,537286187;0,308533746;1;-0,550838178;0,352815582;-3,75419089;0;-0,725531332;0,695259657;-2,813828329;1;;;;;;;;;;;;;
904;0,121447479;0,569868859;-0,797587534;1;0,307773141;0,470932941;0,538865704;1;0,469764353;0,84042095;0,174410883;1;;;;;;;;;;;;;
905;-0,567657225;0,393372855;-1,946095375;0;0,155873813;0,332175995;-0,220630935;1;1,963905017;0,672060183;3,909762543;0;;;;;;;;;;;;;
906;-0,070894927;0,414378648;-1,118158211;1;-0,285178156;0,32682436;-2,42589078;1;0,846000125;0,582811327;1,115000313;1;;;;;;;;;;;;;
907;0,220304725;0,6332493;-0,632825458;1;1,005934977;0,424795192;4,029674886;1;0,088955794;0,876678345;-0,777610515;1;;;;;;;;;;;;;
908;0,517352707;0,730286146;-0,137745489;1;0,427542899;0,413985937;1,137714495;1;0,092199804;0,918891105;-0,769500489;1;;;;;;;;;;;;;
909;0,303848394;0,628245908;-0,493586009;1;-0,063736769;0,373633047;-1,318683847;1;0,276976203;0,648719155;-0,307559492;1;;;;;;;;;;;;;
910;0,648632117;0,438728915;0,081053528;1;0,043374216;0,355859241;-0,78312892;1;-0,075589966;0,578313953;-1,188974914;1;;;;;;;;;;;;;
911;1,491791742;0,615577136;1,48631957;1;-0,271356871;0,429326041;-2,356784354;1;-0,557793494;0,89732699;-2,394483735;1;;;;;;;;;;;;;
912;0,889132514;1,178446345;0,481887523;1;0,382759788;0,920557615;0,913798942;1;1,316317558;2,282674105;2,290793895;1;;;;;;;;;;;;;
913;0,009241337;0,521083895;-0,984597772;1;0,292960076;0,375622808;0,46480038;1;1,039464847;0,616515799;1,598662117;1;;;;;;;;;;;;;
914;0,681175709;0,51529527;0,135292848;1;0,067059348;0,413268892;-0,664703259;1;-0,075525583;0,697810541;-1,188813959;1;;;;;;;;;;;;;
915;0,316009764;0,677514277;-0,47331706;1;0,508854882;0,394282564;1,54427441;1;0,403341811;0,845467606;0,008354527;1;;;;;;;;;;;;;
916;0,351478058;0,42012304;-0,414203237;1;0,129271851;0,363707659;-0,353640744;1;0,147039546;0,54517097;-0,632401135;1;;;;;;;;;;;;;
917;0,817291914;0,58470361;0,362153191;1;0,222192033;0,444417216;0,110960164;1;-0,295880157;0,822334483;-1,739700393;1;;;;;;;;;;;;;
918;0,818820485;0,613735747;0,364700808;1;-0,150352684;0,515570587;-1,75176342;1;0,433504425;0,902344461;0,083761063;1;;;;;;;;;;;;;
919;0,632346156;0,520120801;0,05391026;1;-0,28104303;0,373562134;-2,40521515;1;0,694953718;0,594030861;0,737384295;1;;;;;;;;;;;;;
920;0,4925566;0,532039751;-0,179072333;1;-0,104558145;0,391553605;-1,522790723;1;-0,344838686;0,692757697;-1,862096714;1;;;;;;;;;;;;;
921;1,062869764;0,718519044;0,771449607;1;0,040753266;0,343993052;-0,796233672;1;-1,315504727;0,910078053;-4,288761817;1;;;;;;;;;;;;;
922;0,745314525;0,60151866;0,242190875;1;-0,225919443;0,426033097;-2,129597214;1;-0,249928749;0,898050962;-1,624821872;1;;;;;;;;;;;;;
923;0,421300878;0,377619498;-0,29783187;1;0,12995361;0,27757338;-0,35023195;1;-0,923732266;0,421184445;-3,309330665;0;;;;;;;;;;;;;
924;0,080512464;0,473766669;-0,865812559;1;0,746649766;0,373832394;2,733248829;1;-0,224757818;0,57682758;-1,561894544;1;;;;;;;;;;;;;
925;0,195571543;0,459990962;-0,674047428;1;-0,249443697;0,312522025;-2,247218484;1;0,52821282;0,545854561;0,32053205;1;;;;;;;;;;;;;
926;0,909491154;0,459562109;0,515818589;1;-0,254105664;0,290137797;-2,27052832;1;-1,163521572;0,557669928;-3,908803931;0;;;;;;;;;;;;;
927;0,600362537;0,560609195;0,000604228;1;0,458635136;0,425449816;1,293175682;1;-0,624287497;0,728168642;-2,560718742;1;;;;;;;;;;;;;
928;0,491439491;0,583189565;-0,180934182;1;-0,447139392;0,363337747;-3,235696962;1;0,174906909;0,6239248;-0,562732728;1;;;;;;;;;;;;;
929;-0,025242412;0,312907591;-1,042070686;0;-0,262357448;0,25626082;-2,311787239;1;0,431466724;0,416573679;0,07866681;1;;;;;;;;;;;;;
930;0,53339269;0,573279658;-0,111012183;1;0,910881387;0,423987893;3,554406937;1;-0,174418794;0,699824867;-1,436046985;1;;;;;;;;;;;;;
931;0,926935775;0,569770173;0,544892959;1;-0,013139596;0,363196953;-1,06569798;1;-1,063526492;0,634382677;-3,65881623;0;;;;;;;;;;;;;
932;0,78647583;0,476863687;0,31079305;1;0,346704007;0,394050879;0,733520034;1;-0,252658212;0,679017002;-1,631645529;1;;;;;;;;;;;;;
933;4,436549565;1,98341107;6,394249275;1;0,615867723;0,652168971;2,079338616;1;-3,868429106;1,619267679;-10,67107277;0;;;;;;;;;;;;;
934;-0,825126031;0,557660823;-2,375210051;0;1,333029729;0,453037357;5,665148646;0;1,589627127;0,671837526;2,974067817;1;;;;;;;;;;;;;
935;0,648263672;0,468826949;0,080439453;1;-0,298326234;0,436316589;-2,491631172;1;0,724806284;0,659204559;0,81201571;1;;;;;;;;;;;;;
936;0,847440789;0,67362889;0,412401316;1;-0,41862678;0,448535679;-3,093133902;1;0,324455789;0,670242027;-0,188860528;1;;;;;;;;;;;;;
937;-0,442147974;0,25090626;-1,73691329;0;-0,175727702;0,262073653;-1,878638509;1;0,453754054;0,390311658;0,134385136;1;;;;;;;;;;;;;
938;-0,320699794;0,835903051;-1,534499656;1;2,329539572;1,041419025;10,64769786;0;-0,791692493;1,602176732;-2,979231233;1;;;;;;;;;;;;;
939;0,361948861;0,445234632;-0,396751898;1;-0,577586824;0,354579576;-3,887934118;0;0,902161305;0,531493915;1,255403264;1;;;;;;;;;;;;;
940;-0,274759651;0,375014298;-1,457932752;0;0,218950043;0,278715636;0,094750217;1;0,471291491;0,492323849;0,178228728;1;;;;;;;;;;;;;
941;-0,316686443;0,398139379;-1,527810739;0;0,210148982;0,335268399;0,050744909;1;0,490994358;0,534032787;0,227485896;1;;;;;;;;;;;;;
942;-0,059539292;0,534653511;-1,099232154;1;0,738644681;0,434360475;2,693223406;1;1,456521332;1,026720445;2,64130333;1;;;;;;;;;;;;;
943;0,375871972;0,571387645;-0,373546713;1;0,412831114;0,457400852;1,064155571;1;0,402161861;0,770837745;0,005404652;1;;;;;;;;;;;;;
944;0,042380355;0,804146347;-0,929366076;1;-0,291433303;0,682960041;-2,457166515;1;2,018595633;1,365497372;4,046489082;1;;;;;;;;;;;;;
945;0,085083961;0,448259275;-0,858193398;1;0,721912073;0,308639999;2,609560366;1;-0,372223274;0,515736285;-1,930558186;1;;;;;;;;;;;;;
946;-0,011569892;0,579780706;-1,019283153;1;0,621972687;0,453428129;2,109863436;1;1,006304736;0,713380626;1,515761839;1;;;;;;;;;;;;;
947;0,859943985;0,860006691;0,433239974;1;0,812370852;0,604901102;3,061854261;1;0,064351703;1,381430525;-0,839120742;1;;;;;;;;;;;;;
948;-0,182446791;0,539999966;-1,304077985;1;-0,060647202;0,362767114;-1,303236012;1;1,540195189;0,622136688;2,850487973;1;;;;;;;;;;;;;
949;0,317959105;0,510602703;-0,470068158;1;0,631602554;0,373667046;2,158012769;1;-0,685260603;0,691608386;-2,713151508;1;;;;;;;;;;;;;
950;0,05974656;0,526663916;-0,9004224;1;0,439161415;0,3903668;1,195807076;1;0,554127301;0,7064338;0,385318253;1;;;;;;;;;;;;;
951;0,534712597;0,694566633;-0,108812338;1;0,160716016;0,420523955;-0,196419922;1;0,487132556;0,841118892;0,217831389;1;;;;;;;;;;;;;
952;-0,239520661;0,623696686;-1,399201102;1;0,623021706;0,513869565;2,115108531;1;1,750740725;0,885262509;3,376851813;1;;;;;;;;;;;;;
953;0,307370879;0,543846619;-0,487715202;1;0,313642627;0,357327916;0,568213134;1;-0,171098633;0,65654813;-1,427746582;1;;;;;;;;;;;;;
954;0,290984742;0,377959377;-0,51502543;1;0,275747145;0,347317557;0,378735724;1;0,637186629;0,534619673;0,592966573;1;;;;;;;;;;;;;
955;0,347713315;0,616704771;-0,420477809;1;0,523465316;0,422955478;1,617326578;1;-0,054282072;0,794104951;-1,13570518;1;;;;;;;;;;;;;
956;0,095791789;0,627207753;-0,840347018;1;0,229125071;0,39838154;0,145625355;1;0,901577071;0,831942426;1,253942677;1;;;;;;;;;;;;;
957;0,176225761;0,401820343;-0,706290399;1;-0,217606644;0,281251689;-2,088033218;1;0,504048942;0,49133992;0,260122356;1;;;;;;;;;;;;;
958;-0,750400066;0,275645277;-2,250666776;0;0,829181817;0,261379768;3,145909084;0;0,759361502;0,351286366;0,898403755;1;;;;;;;;;;;;;
959;0,596268155;0,600317868;-0,006219742;1;0,72705451;0,588524149;2,63527255;1;0,412590518;1,111571832;0,031476296;1;;;;;;;;;;;;;
960;-0,38243241;0,512836886;-1,63738735;1;1,118826492;0,386214414;4,594132458;0;0,914725141;0,737883225;1,286812853;1;;;;;;;;;;;;;
961;-0,083381344;0,584920822;-1,138968906;1;0,165531601;0,412279016;-0,172341997;1;0,233995364;0,74616512;-0,415011591;1;;;;;;;;;;;;;
962;-0,06319902;0,43962284;-1,1053317;1;-0,18480985;0,28784119;-1,924049251;1;0,752504103;0,499108828;0,881260258;1;;;;;;;;;;;;;
963;-0,107581139;0,388470292;-1,179301899;1;0,559319186;0,343573346;1,796595932;1;0,497601504;0,610170058;0,24400376;1;;;;;;;;;;;;;
964;0,706405914;0,518128527;0,177343189;1;-0,016905406;0,460541128;-1,084527031;1;0,39332209;0,741070299;-0,016694775;1;;;;;;;;;;;;;
965;1,770090616;0,729843944;1,950151027;1;-0,249369374;0,484623726;-2,246846869;1;-1,069140097;0,832556774;-3,672850242;1;;;;;;;;;;;;;
966;0,460577321;0,457252213;-0,232371132;1;0,536627052;0,420932412;1,683135258;1;0,147601785;0,724301913;-0,630995537;1;;;;;;;;;;;;;
967;0,716258621;0,470854304;0,193764369;1;-0,561642928;0,4625784;-3,80821464;1;0,370518849;0,680289219;-0,073702878;1;;;;;;;;;;;;;
968;-0,286120829;0,520174973;-1,476868048;1;0,338457176;0,390738145;0,692285878;1;1,464012605;0,790247355;2,660031512;1;;;;;;;;;;;;;
969;1,193795426;0,74486528;0,989659043;1;-0,505731644;0,54277004;-3,528658222;1;0,454191153;1,137889629;0,135477883;1;;;;;;;;;;;;;
970;0,904928686;0,499401647;0,508214476;1;0,297002937;0,385652106;0,485014685;1;-0,169778885;0,670716469;-1,424447214;1;;;;;;;;;;;;;
971;-0,176858606;0,387807191;-1,294764343;0;0,714205264;0,279989181;2,571026318;1;-0,112280245;0,437542595;-1,280700613;1;;;;;;;;;;;;;
972;0,422382166;0,523465454;-0,296029724;1;0,052675505;0,347111315;-0,736622476;1;0,416299702;0,572647356;0,040749255;1;;;;;;;;;;;;;
973;-0,118100745;0,563154042;-1,196834575;1;-0,311553929;0,411251528;-2,557769643;1;1,423048288;0,768247227;2,55762072;1;;;;;;;;;;;;;
974;0,698276664;0,87013499;0,16379444;1;0,180784117;0,690749849;-0,096079414;1;0,143092208;1,056621198;-0,642269479;1;;;;;;;;;;;;;
975;0,765069078;0,675234391;0,27511513;1;-0,054630082;0,425508559;-1,273150411;1;-0,219559222;0,926824593;-1,548898055;1;;;;;;;;;;;;;
976;0,883865221;0,662331027;0,473108701;1;0,129886579;0,48191207;-0,350567105;1;-0,32925548;0,746186047;-1,823138699;1;;;;;;;;;;;;;
977;-0,158364349;0,51592467;-1,263940581;1;0,245670229;0,424437459;0,228351144;1;0,41278057;0,633218657;0,031951424;1;;;;;;;;;;;;;
978;0,775936514;0,589782989;0,293227524;1;0,036035656;0,399025885;-0,819821718;1;0,129200761;0,753645351;-0,676998098;1;;;;;;;;;;;;;
979;-0,025775452;0,605292541;-1,042959087;1;0,262026565;0,412665075;0,310132825;1;0,618154503;0,789679889;0,545386257;1;;;;;;;;;;;;;
980;0,936514442;0,514893614;0,560857403;1;-0,139861419;0,37602711;-1,699307094;1;-0,228954448;0,588734787;-1,572386121;1;;;;;;;;;;;;;
981;0,132934799;0,480773944;-0,778442001;1;0,873691777;0,435476281;3,368458887;1;1,23405753;0,745190616;2,085143826;1;;;;;;;;;;;;;
982;0,055052997;0,382199977;-0,908245005;1;0,045287439;0,295491957;-0,773562803;1;0,372493094;0,47122572;-0,068767266;1;;;;;;;;;;;;;
983;0,731482547;0,552059276;0,219137579;1;0,375885639;0,464098027;0,879428197;1;0,349150897;0,641862904;-0,127122758;1;;;;;;;;;;;;;
984;1,471282894;0,909902301;1,452138157;1;-0,133237388;0,661065913;-1,666186938;1;0,231074803;1,316976408;-0,422312992;1;;;;;;;;;;;;;
985;0,484065141;0,511752842;-0,193224765;1;-0,264197307;0,374213047;-2,320986535;1;0,370643686;0,712978418;-0,073390785;1;;;;;;;;;;;;;
986;0,349917495;0,496240757;-0,416804175;1;0,24037489;0,437095604;0,201874449;1;0,998520882;0,753515149;1,496302204;1;;;;;;;;;;;;;
987;0,114690877;0,468477855;-0,808848538;1;-0,030803713;0,319264095;-1,154018567;1;0,52224344;0,590767987;0,3056086;1;;;;;;;;;;;;;
988;0,54128174;0,411094292;-0,097863766;1;0,039367104;0,315539349;-0,803164482;1;0,209419872;0,530557559;-0,476450321;1;;;;;;;;;;;;;
989;0,883964198;0,523684823;0,473273663;1;-0,284352546;0,475576526;-2,421762729;1;0,086958018;0,798429387;-0,782604955;1;;;;;;;;;;;;;
990;-0,131318751;0,467929837;-1,218864584;1;0,270268706;0,389093694;0,351343529;1;1,580351155;0,750285189;2,950877888;1;;;;;;;;;;;;;
991;0,769236104;0,528677563;0,282060173;1;0,421590639;0,417430854;1,107953193;1;-1,400692284;0,744784146;-4,501730709;0;;;;;;;;;;;;;
992;0,345954489;0,478949308;-0,423409184;1;0,754669206;0,360434181;2,773346031;1;0,18005247;0,645557092;-0,549868826;1;;;;;;;;;;;;;
993;-0,574347432;0,645138448;-1,95724572;1;0,54790733;0,515043825;1,739536652;1;1,98929869;1,093377546;3,973246725;1;;;;;;;;;;;;;
994;-0,290062738;0,642462677;-1,483437896;1;1,76496263;0,559218624;7,824813152;0;0,947241146;0,854716299;1,368102864;1;;;;;;;;;;;;;
995;0,4758475;0,439334154;-0,206920833;1;-0,19881831;0,337571722;-1,994091551;1;0,132834839;0,66341878;-0,667912904;1;;;;;;;;;;;;;
996;0,917571097;0,49089043;0,529285161;1;0,152487498;0,364602263;-0,23756251;1;-0,543088373;0,580686151;-2,357720932;1;;;;;;;;;;;;;
997;-0,077861964;0,614422572;-1,12976994;1;0,136993282;0,376477299;-0,315033591;1;1,559413907;0,810716322;2,898534768;1;;;;;;;;;;;;;
998;0,749457234;0,563445207;0,249095391;1;0,063038619;0,427235313;-0,684806907;1;-0,03561426;0,759838428;-1,089035649;1;;;;;;;;;;;;;
999;0,776561185;0,561215976;0,294268641;1;-0,452131799;0,565456471;-3,260658994;1;1,094473818;0,929779064;1,736184546;1;;;;;;;;;;;;;
1000;0,662255131;0,586830807;0,103758551;1;-0,04426815;0,48182343;-1,221340752;1;0,092681584;0,858055826;-0,768296041;1;;;;;;;;;;;;;
