;mean;se;bias;cp;mean;se;bias;cp;mean;se;bias;cp;;mean;sd;bias;cp;mean;sd;bias;cp;mean;sd;bias;cp
1;-0,863228146;0,618397984;-0,136771854;1;-0,886057122;0,694467634;0,772114245;1;0,316934107;1,061412424;-2,584670534;1;;-1,351533053;1,330491815;0,351533053;0,936;-0,484251372;1,142235387;-0,031497257;0,955;-0,105068376;1,952891845;-0,474658122;0,934
2;-1,287218802;1,136044038;0,287218802;1;-0,96722719;1,071718108;0,934454379;1;0,510525911;2,169051228;-3,552629555;1;;;;;;;;;;;;;
3;-0,952755746;1,290963379;-0,047244254;1;-1,897404998;1,270046558;2,794809995;1;1,718509518;1,89506341;-9,59254759;1;;;;;;;;;;;;;
4;-0,977751318;0,691034144;-0,022248682;1;-0,713260975;0,580228076;0,42652195;1;-0,200582405;1,111288605;0,002912027;1;;;;;;;;;;;;;
5;-2,584889912;1,049974931;1,584889912;1;0,413632416;0,712563804;-1,827264832;1;2,186965995;1,309787016;-11,93482998;1;;;;;;;;;;;;;
6;-0,979492754;0,647180373;-0,020507246;1;-0,075850137;0,573777034;-0,848299726;1;0,405934427;1,176185317;-3,029672134;1;;;;;;;;;;;;;
7;-4,939375426;1,670793905;3,939375426;0;3,982679774;1,619539844;-8,965359549;0;1,085749039;1,032899185;-6,428745194;1;;;;;;;;;;;;;
8;-1,255189511;1,354962372;0,255189511;1;-0,31803294;1,033701994;-0,36393412;1;0,622176508;1,721906812;-4,110882538;1;;;;;;;;;;;;;
9;0,725076303;1,256133344;-1,725076303;1;-0,493110513;0,865916395;-0,013778975;1;-2,905203834;1,835279931;13,52601917;1;;;;;;;;;;;;;
10;-1,531595548;0,999787613;0,531595548;1;0,109034742;0,848828782;-1,218069483;1;-2,968267476;1,628228354;13,84133738;1;;;;;;;;;;;;;
11;-1,310763314;1,536006976;0,310763314;1;-0,549301656;1,075130346;0,098603313;1;0,367118458;2,049208663;-2,835592291;1;;;;;;;;;;;;;
12;-2,429002888;1,413566755;1,429002888;1;-1,112424204;1,250238717;1,224848409;1;0,411198464;1,974573291;-3,05599232;1;;;;;;;;;;;;;
13;-0,643648016;1,251426762;-0,356351984;1;-1,033466451;1,08348231;1,066932901;1;-1,709138109;2,309160993;7,545690544;1;;;;;;;;;;;;;
14;-1,38859129;1,601285841;0,38859129;1;-0,541172347;0,956333691;0,082344695;1;1,475979516;1,98404316;-8,379897582;1;;;;;;;;;;;;;
15;-1,309272832;1,127332145;0,309272832;1;0,680863496;1,018577604;-2,361726991;1;-0,186770946;1,449611763;-0,066145271;1;;;;;;;;;;;;;
16;-1,745069583;0,85205816;0,745069583;1;-0,586347272;0,893094653;0,172694545;1;-0,31958176;1,38885572;0,5979088;1;;;;;;;;;;;;;
17;0,550230327;1,18833408;-1,550230327;1;-1,986464187;1,090657044;2,972928374;1;-1,143559188;1,531270403;4,717795939;1;;;;;;;;;;;;;
18;-3,294558704;1,611980103;2,294558704;1;-0,767999553;1,167370338;0,535999107;1;1,101495231;1,653373838;-6,507476154;1;;;;;;;;;;;;;
19;-1,009760616;1,315902299;0,009760616;1;-1,433747559;1,420259538;1,867495118;1;-1,545458358;2,030829088;6,727291789;1;;;;;;;;;;;;;
20;-2,02279378;0,752875608;1,02279378;1;0,290371706;0,666476765;-1,580743412;1;1,120460906;1,155713626;-6,602304529;1;;;;;;;;;;;;;
21;-1,055408724;0,653681746;0,055408724;1;-0,612799943;0,506157965;0,225599886;1;0,353117236;0,85356181;-2,76558618;1;;;;;;;;;;;;;
22;-1,308167898;1,09993214;0,308167898;1;0,332600978;0,864716387;-1,665201957;1;-0,85626553;1,626289561;3,281327651;1;;;;;;;;;;;;;
23;-2,193238423;1,869291323;1,193238423;1;-1,221940096;1,589224447;1,443880192;1;0,498617718;2,693701749;-3,493088591;1;;;;;;;;;;;;;
24;-0,834172117;0,876242;-0,165827883;1;-1,103247445;0,94582979;1,20649489;1;-0,08912235;1,095959238;-0,55438825;1;;;;;;;;;;;;;
25;0,63141408;1,2381338;-1,63141408;1;-0,189755024;0,966624347;-0,620489951;1;-4,815816581;1,910494171;23,07908291;0;;;;;;;;;;;;;
26;-3,522563873;1,4056036;2,522563873;1;-0,142540789;0,998923858;-0,714918423;1;1,860993516;1,851741273;-10,30496758;1;;;;;;;;;;;;;
27;-2,709958644;0,953970802;1,709958644;1;0,7665641;0,765485428;-2,5331282;1;0,420301162;1,28592252;-3,10150581;1;;;;;;;;;;;;;
28;-1,891005995;0,931889395;0,891005995;1;0,183545197;0,781588971;-1,367090393;1;-0,835678871;1,530792183;3,178394354;1;;;;;;;;;;;;;
29;-0,898539469;0,867369584;-0,101460531;1;-0,437715568;1,142650218;-0,124568864;1;1,268173944;2,396734644;-7,340869718;1;;;;;;;;;;;;;
30;0,400439777;0,814914811;-1,400439777;1;-1,317173745;0,814193942;1,63434749;1;-1,266117352;1,783034289;5,33058676;1;;;;;;;;;;;;;
31;-0,989955186;1,096376384;-0,010044814;1;-2,115938455;0,964130968;3,23187691;1;0,954636561;1,635353522;-5,773182807;1;;;;;;;;;;;;;
32;0,357981923;0,746265263;-1,357981923;1;-0,436176368;0,618083794;-0,127647264;1;-2,692740584;1,35901977;12,46370292;1;;;;;;;;;;;;;
33;0,481403759;1,482945079;-1,481403759;1;-1,725135039;1,204453249;2,450270079;1;-2,066059462;2,030576146;9,330297309;1;;;;;;;;;;;;;
34;-0,82898755;1,399910037;-0,17101245;1;-0,307931526;1,080142196;-0,384136947;1;-1,645800767;2,476495905;7,229003837;1;;;;;;;;;;;;;
35;-0,389726362;1,062866327;-0,610273638;1;-0,662137357;0,940828792;0,324274714;1;0,926598086;1,808956987;-5,63299043;1;;;;;;;;;;;;;
36;0,290283741;0,505333926;-1,290283741;0;-0,631278267;0,658911476;0,262556535;1;0,388027564;1,439734375;-2,940137821;1;;;;;;;;;;;;;
37;-2,606608957;1,310199228;1,606608957;1;-1,571080731;1,092217861;2,142161462;1;2,951734434;1,596423589;-15,75867217;0;;;;;;;;;;;;;
38;-2,286405869;0,776395861;1,286405869;1;-0,637001386;0,707702482;0,274002773;1;0,591820101;1,14849766;-3,959100503;1;;;;;;;;;;;;;
39;-0,954862418;1,197781678;-0,045137582;1;-2,400702138;1,173614822;3,801404276;1;0,867164002;2,723204071;-5,335820012;1;;;;;;;;;;;;;
40;0,591572378;0,969331282;-1,591572378;1;-0,710779175;0,747519119;0,42155835;1;-0,645524988;1,538319674;2,227624941;1;;;;;;;;;;;;;
41;-0,621672566;0,802598778;-0,378327434;1;0,141633104;0,726545533;-1,283266208;1;-1,354674269;1,698769448;5,773371343;1;;;;;;;;;;;;;
42;-0,867608594;0,81637924;-0,132391406;1;-1,608895104;1,014406933;2,217790208;1;0,397027969;1,469182684;-2,985139843;1;;;;;;;;;;;;;
43;-2,180456904;1,191321012;1,180456904;1;-1,57363315;1,434075237;2,147266299;1;1,219253951;1,76101026;-7,096269753;1;;;;;;;;;;;;;
44;-0,758874054;1,331650414;-0,241125946;1;1,163360835;1,357828864;-3,326721671;1;-1,265797334;2,332922104;5,328986669;1;;;;;;;;;;;;;
45;-1,53593645;1,142570261;0,53593645;1;-2,873313016;1,480917621;4,746626031;1;0,401093075;1,93957832;-3,005465377;1;;;;;;;;;;;;;
46;0,391956876;1,155428148;-1,391956876;1;-1,222426041;1,080954141;1,444852082;1;-1,225694661;2,038735495;5,128473304;1;;;;;;;;;;;;;
47;-1,652678382;1,428727192;0,652678382;1;0,067252516;1,106531013;-1,134505032;1;-0,097397765;1,900160607;-0,513011174;1;;;;;;;;;;;;;
48;-2,055124602;1,510858569;1,055124602;1;-1,366446921;1,357251889;1,732893842;1;0,185146486;1,896405288;-1,92573243;1;;;;;;;;;;;;;
49;-0,20405752;1,222583474;-0,79594248;1;-2,300999321;1,132680316;3,601998642;1;0,83746897;2,003673782;-5,187344851;1;;;;;;;;;;;;;
50;-1,319003201;0,821936645;0,319003201;1;0,515668494;0,814688335;-2,031336988;1;-1,571383601;1,43725461;6,856918005;1;;;;;;;;;;;;;
51;0,43491986;1,127518735;-1,43491986;1;-2,929162302;2,494455897;4,858324604;1;-2,20260492;2,222097079;10,0130246;1;;;;;;;;;;;;;
52;-1,525796674;1,869359035;0,525796674;1;-2,166614838;1,514754167;3,333229676;1;-3,878009692;3,432236981;18,39004846;1;;;;;;;;;;;;;
53;-1,162443611;0,74500701;0,162443611;1;-0,108693499;0,661399228;-0,782613002;1;0,422660584;1,259038931;-3,113302922;1;;;;;;;;;;;;;
54;-0,970579194;1,045686143;-0,029420806;1;-0,904665936;0,938506491;0,809331872;1;0,727210723;1,684421928;-4,636053613;1;;;;;;;;;;;;;
55;-3,239866779;2,370027618;2,239866779;1;1,632209563;1,51055672;-4,264419126;1;1,964619525;3,277202617;-10,82309762;1;;;;;;;;;;;;;
56;-2,336143368;1,003605696;1,336143368;1;-0,646179656;0,910071576;0,292359312;1;1,577666032;1,846149138;-8,888330159;1;;;;;;;;;;;;;
57;-0,195483153;0,557978686;-0,804516847;1;0,225077175;0,624484279;-1,450154351;1;-1,963429665;1,236498597;8,817148327;1;;;;;;;;;;;;;
58;-3,071013655;1,313594218;2,071013655;1;-0,632192558;0,993591101;0,264385116;1;1,976936315;1,71132482;-10,88468157;1;;;;;;;;;;;;;
59;-1,292394757;0,614855778;0,292394757;1;-0,205336111;0,706083265;-0,589327778;1;1,032587612;0,893756344;-6,162938059;1;;;;;;;;;;;;;
60;-2,411974217;1,04011219;1,411974217;1;0,241855266;0,909191321;-1,483710532;1;1,078166065;1,518771115;-6,390830327;1;;;;;;;;;;;;;
61;-1,175381272;1,005508755;0,175381272;1;-1,180611517;1,042821337;1,361223034;1;0,420374582;1,586675548;-3,101872911;1;;;;;;;;;;;;;
62;-1,272384799;1,079858522;0,272384799;1;0,327430035;0,919118016;-1,65486007;1;-1,828334278;1,609291888;8,141671392;1;;;;;;;;;;;;;
63;-2,617722455;1,864724669;1,617722455;1;1,878135824;1,406220573;-4,756271647;1;-1,706536944;2,463178836;7,53268472;1;;;;;;;;;;;;;
64;-0,025501984;0,826343985;-0,974498016;1;0,619145931;0,760166378;-2,238291863;1;-4,052720179;1,568056287;19,2636009;0;;;;;;;;;;;;;
65;-2,317808303;1,817975965;1,317808303;1;-3,280369437;1,345136875;5,560738874;0;4,272313802;2,334268049;-22,36156901;1;;;;;;;;;;;;;
66;-2,88949833;1,039170356;1,88949833;1;0,745141843;0,957581414;-2,490283685;1;-0,468848185;1,38354313;1,344240927;1;;;;;;;;;;;;;
67;-2,521077659;0,984375165;1,521077659;1;-1,114563691;1,046867074;1,229127382;1;-0,068343286;1,635754926;-0,658283568;1;;;;;;;;;;;;;
68;-1,896031615;0,793169;0,896031615;1;-0,423318192;0,74193046;-0,153363616;1;0,391362779;1,114992768;-2,956813895;1;;;;;;;;;;;;;
69;-0,863590965;0,843905417;-0,136409035;1;-0,724427616;0,993140894;0,448855231;1;-2,012742004;1,677051953;9,063710018;1;;;;;;;;;;;;;
70;-1,666779032;0,954074789;0,666779032;1;0,226279903;0,808199371;-1,452559806;1;0,260474704;1,185793739;-2,302373518;1;;;;;;;;;;;;;
71;-0,071287225;0,714635564;-0,928712775;1;-0,118326854;0,932522748;-0,763346293;1;-0,795231717;1,359324457;2,976158586;1;;;;;;;;;;;;;
72;-1,870518623;1,089328098;0,870518623;1;-0,744878975;0,839581438;0,48975795;1;0,920126433;1,428568501;-5,600632163;1;;;;;;;;;;;;;
73;-5,18199737;2,96242621;4,18199737;1;-0,758075326;1,923375225;0,516150651;1;2,026870376;3,549962647;-11,13435188;1;;;;;;;;;;;;;
74;-0,379336077;1,824522013;-0,620663923;1;-0,141566491;1,049843703;-0,716867018;1;1,345632192;2,051880351;-7,728160961;1;;;;;;;;;;;;;
75;-1,559088909;1,000332206;0,559088909;1;0,000416733;0,682860883;-1,000833466;1;1,228629484;1,279099495;-7,14314742;1;;;;;;;;;;;;;
76;-1,104599347;1,338781459;0,104599347;1;-0,479662926;1,044604259;-0,040674149;1;-3,382902953;1,798563032;15,91451477;1;;;;;;;;;;;;;
77;-1,292010219;0,69634709;0,292010219;1;-0,823918671;0,613780425;0,647837342;1;0,409603494;1,017045602;-3,048017472;1;;;;;;;;;;;;;
78;-1,737477132;1,227411608;0,737477132;1;1,241539571;0,846216986;-3,483079143;0;0,003421611;1,610552634;-1,017108055;1;;;;;;;;;;;;;
79;-0,678058938;1,929642707;-0,321941062;1;0,939640021;1,4679319;-2,879280042;1;-3,296158434;3,583129138;15,48079217;1;;;;;;;;;;;;;
80;-3,794463735;2,055534086;2,794463735;1;1,315896039;1,442110733;-3,631792078;1;2,163489804;2,314315804;-11,81744902;1;;;;;;;;;;;;;
81;-1,073047674;0,975602947;0,073047674;1;-1,065814605;1,159779594;1,131629211;1;0,639046827;1,610621929;-4,195234137;1;;;;;;;;;;;;;
82;-0,181289859;0,861101907;-0,818710141;1;-1,660905118;0,981796325;2,321810237;1;-0,366497381;1,185512739;0,832486904;1;;;;;;;;;;;;;
83;-1,322036854;0,770854801;0,322036854;1;-1,211229026;0,828255211;1,422458052;1;0,813587447;1,009420323;-5,067937233;1;;;;;;;;;;;;;
84;-1,568950057;1,493202644;0,568950057;1;-0,00090867;1,152799003;-0,998182661;1;-0,090467655;1,831572578;-0,547661727;1;;;;;;;;;;;;;
85;-1,139320707;0,866244499;0,139320707;1;-2,444205211;1,175548291;3,888410422;1;2,948265735;1,698296917;-15,74132867;1;;;;;;;;;;;;;
86;-0,995047117;0,750943573;-0,004952883;1;0,348877357;0,672901322;-1,697754715;1;0,688977661;1,050462146;-4,444888307;1;;;;;;;;;;;;;
87;0,343034406;0,662301477;-1,343034406;0;-0,051926997;0,713604707;-0,896146007;1;-3,410991495;1,556882761;16,05495748;0;;;;;;;;;;;;;
88;-2,10187622;0,670700068;1,10187622;1;-0,990640777;0,915675283;0,981281555;1;-0,196264864;1,378027422;-0,018675679;1;;;;;;;;;;;;;
89;-4,081119971;1,746160903;3,081119971;1;0,056940782;0,962007971;-1,113881565;1;2,998384578;1,894900336;-15,99192289;1;;;;;;;;;;;;;
90;-0,716211476;1,544884084;-0,283788524;1;-1,06300837;1,142391538;1,126016741;1;0,314130515;2,425450214;-2,570652577;1;;;;;;;;;;;;;
91;-2,437987125;1,946664842;1,437987125;1;-0,907769076;1,330547049;0,815538152;1;3,15756388;2,502102131;-16,7878194;1;;;;;;;;;;;;;
92;0,385422969;1,727910978;-1,385422969;1;-2,042361976;1,177341574;3,084723951;1;-1,391280779;1,954707143;5,956403895;1;;;;;;;;;;;;;
93;-1,121779923;0,914650709;0,121779923;1;-1,919709109;0,969152779;2,839418217;1;0,227005464;1,205698031;-2,135027319;1;;;;;;;;;;;;;
94;0,428827717;1,270064303;-1,428827717;1;-1,272223245;1,189645919;1,54444649;1;0,576264805;1,579778185;-3,881324026;1;;;;;;;;;;;;;
95;-0,191702617;1,262444324;-0,808297383;1;-0,730958127;1,202980701;0,461916253;1;-3,132994194;2,065822648;14,66497097;1;;;;;;;;;;;;;
96;-1,816720785;1,41333442;0,816720785;1;0,845587118;1,074755665;-2,691174236;1;-1,884713641;1,993312048;8,423568205;1;;;;;;;;;;;;;
97;-0,499485389;0,846914195;-0,500514611;1;-0,18298612;0,745919913;-0,634027759;1;-0,372151774;1,46035193;0,860758869;1;;;;;;;;;;;;;
98;0,535202486;0,778595387;-1,535202486;0;-1,354938575;0,700131794;1,70987715;1;-3,285816244;1,580869704;15,42908122;1;;;;;;;;;;;;;
99;-2,169313563;1,20634568;1,169313563;1;0,342885568;1,052612011;-1,685771137;1;-0,762138605;1,747264733;2,810693027;1;;;;;;;;;;;;;
100;-2,406662609;1,511318346;1,406662609;1;1,708034885;1,319639104;-4,416069769;1;-1,318391663;2,613054043;5,591958315;1;;;;;;;;;;;;;
101;-2,238456253;0,857969715;1,238456253;1;0,40094338;0,889555589;-1,801886761;1;-0,233201592;1,39992156;0,166007959;1;;;;;;;;;;;;;
102;-0,80955014;1,487894494;-0,19044986;1;-0,106854385;1,076121254;-0,78629123;1;-1,187468072;1,854883945;4,937340362;1;;;;;;;;;;;;;
103;-0,270380252;0,803764761;-0,729619748;1;-0,13905981;0,750739615;-0,72188038;1;-2,391110824;1,551931786;10,95555412;1;;;;;;;;;;;;;
104;0,092251957;3,063476999;-1,092251957;1;0,986043907;2,228202221;-2,972087813;1;2,202176558;4,100474548;-12,01088279;1;;;;;;;;;;;;;
105;-0,766088357;1,458800485;-0,233911643;1;-4,219485346;2,332847046;7,438970693;1;1,500237145;2,384586069;-8,501185727;1;;;;;;;;;;;;;
106;-1,545504575;0,91232362;0,545504575;1;-1,149809827;0,842692202;1,299619653;1;2,475598524;1,36162187;-13,37799262;0;;;;;;;;;;;;;
107;-0,464747666;0,599896021;-0,535252334;1;-0,238138063;0,514154625;-0,523723875;1;-0,326281385;1,033308265;0,631406926;1;;;;;;;;;;;;;
108;-2,969941636;1,012202892;1,969941636;1;-0,140379311;0,738973979;-0,719241378;1;2,650915662;1,277860217;-14,25457831;0;;;;;;;;;;;;;
109;-2,14115154;1,482643006;1,14115154;1;-0,827389307;0,95521668;0,654778615;1;2,305882899;1,822168718;-12,5294145;1;;;;;;;;;;;;;
110;-0,821793595;0,791550055;-0,178206405;1;0,179726823;0,61801261;-1,359453646;1;-0,280751231;0,824401177;0,403756157;1;;;;;;;;;;;;;
111;-0,505407898;1,101302543;-0,494592102;1;-4,256088269;1,963318043;7,512176538;1;-1,544503025;1,638018277;6,722515124;1;;;;;;;;;;;;;
112;-2,4086507;1,576676849;1,4086507;1;0,099881943;0,870647357;-1,199763886;1;1,022905348;2,150392123;-6,114526742;1;;;;;;;;;;;;;
113;-2,661254296;1,665796736;1,661254296;1;0,573722629;0,934711761;-2,147445258;1;1,068466628;1,56435981;-6,342333142;1;;;;;;;;;;;;;
114;-0,975328;0,681423982;-0,024672;1;-0,010551581;0,623596192;-0,978896839;1;-1,201126383;1,13163406;5,005631915;1;;;;;;;;;;;;;
115;-0,803364428;1,530044876;-0,196635572;1;-0,573934468;1,16475685;0,147868937;1;-1,3618645;2,240402452;5,809322499;1;;;;;;;;;;;;;
116;0,095286585;0,939965543;-1,095286585;1;-1,137076992;1,015721242;1,274153984;1;-2,258342456;1,742463464;10,29171228;1;;;;;;;;;;;;;
117;0,253472097;1,33185744;-1,253472097;1;-0,994557689;1,182660942;0,989115378;1;-3,225114945;2,358429393;15,12557472;1;;;;;;;;;;;;;
118;-1,121360636;0,879910047;0,121360636;1;-0,888233056;0,868715974;0,776466112;1;-1,199665991;1,305111401;4,998329955;1;;;;;;;;;;;;;
119;1,264223124;0,778866242;-2,264223124;0;-0,628531696;0,669391204;0,257063392;1;-2,239832618;1,171579186;10,19916309;1;;;;;;;;;;;;;
120;-0,723477048;0,51923272;-0,276522952;1;-2,108735425;0,966789285;3,21747085;1;0,071593179;0,832883158;-1,357965895;1;;;;;;;;;;;;;
121;-1,219683532;1,207263335;0,219683532;1;-0,000340011;0,750971818;-0,999319978;1;0,058496446;1,457537001;-1,292482232;1;;;;;;;;;;;;;
122;0,992222975;1,475049208;-1,992222975;1;1,343277613;1,037167741;-3,686555227;1;-2,602453918;1,544161295;12,01226959;1;;;;;;;;;;;;;
123;-1,611109571;1,10660355;0,611109571;1;-0,048110446;0,947030137;-0,903779109;1;-0,582537116;1,744626199;1,91268558;1;;;;;;;;;;;;;
124;-0,060628061;0,718583776;-0,939371939;1;-2,178692465;1,179309927;3,35738493;1;-0,696239029;1,370215455;2,481195143;1;;;;;;;;;;;;;
125;-1,133341606;0,779632793;0,133341606;1;0,094710216;0,90908107;-1,189420432;1;-0,614199909;1,511150962;2,070999545;1;;;;;;;;;;;;;
126;-0,004012752;0,63117078;-0,995987248;1;-1,815996598;0,850405147;2,631993196;1;-0,188250865;0,760908311;-0,058745675;1;;;;;;;;;;;;;
127;-1,170980784;0,536589317;0,170980784;1;-0,338725885;0,689435334;-0,32254823;1;-0,269862874;1,000256986;0,349314372;1;;;;;;;;;;;;;
128;-1,168604794;0,869388815;0,168604794;1;-0,471005071;0,760292476;-0,057989859;1;0,276642394;1,391455538;-2,383211972;1;;;;;;;;;;;;;
129;-1,727289638;0,740008944;0,727289638;1;0,298280575;0,645130398;-1,59656115;1;1,08014807;1,194039822;-6,400740348;1;;;;;;;;;;;;;
130;-0,121568445;1,751037166;-0,878431555;1;-1,02990509;1,208803686;1,05981018;1;1,045667788;1,857790236;-6,228338938;1;;;;;;;;;;;;;
131;-1,512614017;1,309178126;0,512614017;1;0,26844494;1,032568495;-1,536889881;1;-0,80131236;2,319993612;3,0065618;1;;;;;;;;;;;;;
132;0,058466908;1,808277793;-1,058466908;1;0,198352858;1,068040419;-1,396705716;1;-1,92323833;1,984645554;8,616191649;1;;;;;;;;;;;;;
133;0,377757339;1,069416835;-1,377757339;1;-1,108296254;1,05522858;1,216592509;1;-2,231283958;1,803145504;10,15641979;1;;;;;;;;;;;;;
134;-1,889050012;1,087625265;0,889050012;1;2,256956799;1,327152824;-5,513913598;0;-2,44081116;1,889193004;11,2040558;1;;;;;;;;;;;;;
135;-4,366506252;1,663328841;3,366506252;0;-2,141279779;1,577447044;3,282559557;1;4,338263347;3,069795648;-22,69131673;1;;;;;;;;;;;;;
136;-0,786606426;0,688984659;-0,213393574;1;-1,42972871;0,94351587;1,859457419;1;-0,357252367;1,244134792;0,786261834;1;;;;;;;;;;;;;
137;-0,435354527;0,907263166;-0,564645473;1;-1,692086236;1,001338635;2,384172472;1;-1,151658091;1,224005966;4,758290453;1;;;;;;;;;;;;;
138;-0,420868757;1,038195495;-0,579131243;1;0,906063487;0,893298916;-2,812126974;1;-1,089095152;1,642720388;4,445475759;1;;;;;;;;;;;;;
139;-1,004042292;0,614401479;0,004042292;1;-0,061630138;0,533957401;-0,876739724;1;-1,420035246;1,096830202;6,100176231;1;;;;;;;;;;;;;
140;-1,35648148;0,688888324;0,35648148;1;-1,299702479;0,750803569;1,599404958;1;1,843563688;1,20512356;-10,21781844;1;;;;;;;;;;;;;
141;-1,098640124;1,081014471;0,098640124;1;-1,163656536;1,143407163;1,327313071;1;-1,882871911;1,806290442;8,414359557;1;;;;;;;;;;;;;
142;-1,401405528;0,71987594;0,401405528;1;-1,049451809;0,817184289;1,098903619;1;-1,924467515;1,365435439;8,622337574;1;;;;;;;;;;;;;
143;-6,263036945;2,202340451;5,263036945;0;4,52637084;2,057416909;-10,05274168;0;-0,149434546;1,519681218;-0,252827269;1;;;;;;;;;;;;;
144;-2,526625817;0,823371043;1,526625817;1;-1,015529888;1,030716413;1,031059776;1;0,900867431;1,457167254;-5,504337157;1;;;;;;;;;;;;;
145;-1,466664897;2,009786241;0,466664897;1;-1,420285738;1,733608272;1,840571475;1;2,938164126;3,091830754;-15,69082063;1;;;;;;;;;;;;;
146;-2,408956692;1,735311165;1,408956692;1;0,082485625;1,397727323;-1,16497125;1;-0,540476929;2,436467195;1,702384644;1;;;;;;;;;;;;;
147;-0,984005816;1,21372857;-0,015994184;1;1,044164806;1,089573067;-3,088329612;1;0,508614002;1,622530917;-3,543070008;1;;;;;;;;;;;;;
148;-0,952971393;0,63382649;-0,047028607;1;-0,119695044;0,563147164;-0,760609913;1;-1,117652016;1,254813249;4,58826008;1;;;;;;;;;;;;;
149;-0,969835947;0,804460939;-0,030164053;1;-0,178964866;0,771416874;-0,642070269;1;-1,617295781;1,753033996;7,086478903;1;;;;;;;;;;;;;
150;-2,559470664;1,076079467;1,559470664;1;2,139270348;0,899982256;-5,278540696;0;-2,883523537;1,180906015;13,41761769;0;;;;;;;;;;;;;
151;-2,100606118;1,027226366;1,100606118;1;-1,154028073;0,95136602;1,308056145;1;1,596901883;1,581147139;-8,984509414;1;;;;;;;;;;;;;
152;-0,009851316;0,34127914;-0,990148684;0;-0,903903857;0,53624474;0,807807714;1;-0,666315999;0,812442;2,331579997;1;;;;;;;;;;;;;
153;0,093498411;0,99448459;-1,093498411;1;-2,673815271;1,253307438;4,347630542;1;-1,581677703;1,542034702;6,908388517;1;;;;;;;;;;;;;
154;-0,797830705;0,645879016;-0,202169295;1;-2,483724327;0,922914402;3,967448654;0;-0,881599699;1,066765026;3,407998493;1;;;;;;;;;;;;;
155;1,223100467;1,13897526;-2,223100467;1;-1,136803084;0,764752999;1,273606168;1;-0,500833925;1,087839263;1,504169625;1;;;;;;;;;;;;;
156;-0,488679931;0,731125298;-0,511320069;1;-0,339251683;0,751719885;-0,321496634;1;-0,338474564;1,593335335;0,69237282;1;;;;;;;;;;;;;
157;-2,993662055;0,885370919;1,993662055;0;0,948451849;0,766124225;-2,896903698;1;0,979307565;1,121603981;-5,896537825;1;;;;;;;;;;;;;
158;0,075402097;0,885194644;-1,075402097;1;-2,042258695;0,775546076;3,084517391;0;-3,067083061;1,27437349;14,33541531;0;;;;;;;;;;;;;
159;-1,522291372;1,145197232;0,522291372;1;0,290010382;0,813202576;-1,580020765;1;0,553790539;1,304884301;-3,768952693;1;;;;;;;;;;;;;
160;-0,188473364;0,871705525;-0,811526636;1;-2,034269104;0,8894381;3,068538209;1;-1,338454936;1,310967897;5,692274681;1;;;;;;;;;;;;;
161;-1,389990547;0,912144391;0,389990547;1;-0,393788421;0,789926998;-0,212423158;1;1,08424448;1,327805321;-6,421222402;1;;;;;;;;;;;;;
162;-2,702147139;1,344117795;1,702147139;1;-1,323637218;0,924593079;1,647274435;1;4,055321065;1,840550228;-21,27660532;0;;;;;;;;;;;;;
163;-0,97277547;1,255100401;-0,02722453;1;-0,312654764;0,912434133;-0,374690472;1;-0,938766998;1,390650131;3,69383499;1;;;;;;;;;;;;;
164;-1,341165636;0,758981877;0,341165636;1;-1,262844742;0,739557746;1,525689484;1;0,498398297;0,973873867;-3,491991484;1;;;;;;;;;;;;;
165;-2,192350979;1,298778802;1,192350979;1;-0,946263656;0,990741552;0,892527312;1;1,230482401;1,67367241;-7,152412007;1;;;;;;;;;;;;;
166;-1,121317273;0,908628424;0,121317273;1;-1,48567575;0,970409976;1,9713515;1;0,804673988;1,283488718;-5,023369941;1;;;;;;;;;;;;;
167;-3,473297445;1,496841904;2,473297445;1;0,103911349;1,333888982;-1,207822698;1;2,897600347;2,539199274;-15,48800173;1;;;;;;;;;;;;;
168;-1,177303156;0,652945362;0,177303156;1;0,025258261;0,606485665;-1,050516521;1;0,402937069;0,972859645;-3,014685346;1;;;;;;;;;;;;;
169;-2,806391272;0,865819861;1,806391272;0;-3,692829122;1,736932069;6,385658243;1;0,107283517;1,296882109;-1,536417585;1;;;;;;;;;;;;;
170;-2,840372074;1,186615106;1,840372074;1;0,212055178;0,92648648;-1,424110356;1;0,373183219;1,73303997;-2,865916093;1;;;;;;;;;;;;;
171;-1,488885467;1,34943334;0,488885467;1;-0,706160629;1,146515841;0,412321257;1;-0,537866803;1,902980197;1,689334014;1;;;;;;;;;;;;;
172;-1,208865053;0,596874606;0,208865053;1;-0,828399326;0,640731709;0,656798652;1;0,348657506;0,887212004;-2,743287529;1;;;;;;;;;;;;;
173;-0,60296316;0,994629091;-0,39703684;1;0,492285532;0,819705044;-1,984571064;1;-0,322777956;1,334764609;0,613889778;1;;;;;;;;;;;;;
174;-1,419869904;0,8329368;0,419869904;1;-1,404073912;0,812275771;1,808147825;1;-0,560940879;1,294006776;1,804704395;1;;;;;;;;;;;;;
175;-2,383765031;1,271863162;1,383765031;1;0,025719528;0,864198828;-1,051439055;1;1,782749714;1,919409886;-9,91374857;1;;;;;;;;;;;;;
176;-0,233099041;0,721112292;-0,766900959;1;-0,420130147;0,709417201;-0,159739706;1;-2,084578995;1,343490403;9,422894974;1;;;;;;;;;;;;;
177;-5,562946921;1,892718931;4,562946921;0;-0,429642551;1,285386243;-0,140714898;1;5,03829393;2,903425498;-26,19146965;1;;;;;;;;;;;;;
178;-2,350241868;1,124063209;1,350241868;1;1,165793156;1,123842776;-3,331586311;1;0,21752007;1,335969318;-2,087600348;1;;;;;;;;;;;;;
179;-2,781409221;1,286788684;1,781409221;1;0,686341518;0,930512645;-2,372683035;1;-0,118082562;1,406097901;-0,409587192;1;;;;;;;;;;;;;
180;-0,963895473;0,58302852;-0,036104527;1;-1,728805713;0,750165645;2,457611425;1;0,463523427;0,976878162;-3,317617137;1;;;;;;;;;;;;;
181;-0,228141382;0,741220425;-0,771858618;1;0,716605693;0,597310814;-2,433211386;0;-0,941691965;1,079042562;3,708459826;1;;;;;;;;;;;;;
182;-1,80018773;1,096901381;0,80018773;1;1,429443078;0,907455046;-3,858886155;0;-0,874017457;1,024481907;3,370087284;1;;;;;;;;;;;;;
183;-1,558872037;0,85368667;0,558872037;1;-0,678885658;0,950612658;0,357771316;1;0,821681023;1,574321626;-5,108405116;1;;;;;;;;;;;;;
184;-4,204100833;1,468532304;3,204100833;0;0,142894184;0,644566;-1,285788367;1;3,790769905;1,714664797;-19,95384952;0;;;;;;;;;;;;;
185;-0,758731586;0,964681938;-0,241268414;1;-2,192062807;0,944317876;3,384125615;1;-0,939376765;1,407014938;3,696883824;1;;;;;;;;;;;;;
186;-0,421226529;0,69424262;-0,578773471;1;-2,162361954;1,518338839;3,324723908;1;-0,562115297;1,065511647;1,810576484;1;;;;;;;;;;;;;
187;-2,777474312;1,125102913;1,777474312;1;-0,573486825;0,84978239;0,14697365;1;1,335897109;1,62648378;-7,679485543;1;;;;;;;;;;;;;
188;-2,09884916;0,921779321;1,09884916;1;-1,825171247;1,205180702;2,650342493;1;-1,457314664;1,697199066;6,286573322;1;;;;;;;;;;;;;
189;-2,125303404;0,790143297;1,125303404;1;0,255098305;0,72421877;-1,510196611;1;-1,547371932;1,415820148;6,736859662;1;;;;;;;;;;;;;
190;-1,360646489;0,939310026;0,360646489;1;0,377044964;0,776990993;-1,754089928;1;-1,306745148;1,540579207;5,53372574;1;;;;;;;;;;;;;
191;-0,948274409;1,034496353;-0,051725591;1;-1,404284259;1,207111703;1,808568519;1;-0,918968342;1,640992418;3,59484171;1;;;;;;;;;;;;;
192;-1,763768812;0,91678876;0,763768812;1;0,674443956;0,893093617;-2,348887912;1;-2,185786864;1,48771905;9,928934321;1;;;;;;;;;;;;;
193;-0,270837912;0,750157468;-0,729162088;1;-0,728150928;0,823490637;0,456301857;1;-0,371822409;0,978675627;0,859112045;1;;;;;;;;;;;;;
194;1,153654662;1,54584764;-2,153654662;1;-1,83404549;1,116164889;2,66809098;1;-1,866182117;1,718922347;8,330910583;1;;;;;;;;;;;;;
195;-0,417795035;0,677267027;-0,582204965;1;-1,130728624;0,658094427;1,261457247;1;0,558967307;0,894160445;-3,794836534;1;;;;;;;;;;;;;
196;-1,357108078;0,854961195;0,357108078;1;-0,813606352;0,732666082;0,627212704;1;1,450373676;1,353627706;-8,251868382;1;;;;;;;;;;;;;
197;-0,568544341;2,262336581;-0,431455659;1;1,716607355;1,507390238;-4,433214711;1;-2,337155902;2,574483858;10,68577951;1;;;;;;;;;;;;;
198;-0,864109142;0,73583032;-0,135890858;1;-1,018537262;0,79700044;1,037074524;1;0,575624216;0,969953591;-3,878121079;1;;;;;;;;;;;;;
199;-0,975688245;0,690668992;-0,024311755;1;-0,249725444;0,594698198;-0,500549112;1;-1,095840088;1,17859855;4,479200441;1;;;;;;;;;;;;;
200;1,246521862;1,425409555;-2,246521862;1;0,315275017;1,077728795;-1,630550033;1;-4,498189505;2,145932135;21,49094752;0;;;;;;;;;;;;;
201;-1,769323142;1,420123368;0,769323142;1;-1,867587286;1,509091315;2,735174573;1;-0,12116687;2,11272448;-0,394165651;1;;;;;;;;;;;;;
202;-1,388910345;1,062777569;0,388910345;1;-0,12958202;1,175729699;-0,74083596;1;-0,087035518;1,687970925;-0,56482241;1;;;;;;;;;;;;;
203;-4,032734166;1,72328367;3,032734166;1;0,517691296;1,065402134;-2,035382593;1;3,922765387;1,982392548;-20,61382694;0;;;;;;;;;;;;;
204;-1,795877251;1,015189619;0,795877251;1;-1,074816477;1,030764567;1,149632954;1;1,060946549;1,439361036;-6,304732743;1;;;;;;;;;;;;;
205;-0,932844369;0,993727453;-0,067155631;1;-0,25891195;0,957325985;-0,482176099;1;-1,437052802;1,901405447;6,185264012;1;;;;;;;;;;;;;
206;-1,128092645;0,630946064;0,128092645;1;-0,567590016;0,62496847;0,135180032;1;0,76515864;0,884363609;-4,825793201;1;;;;;;;;;;;;;
207;-0,776492482;0,884257858;-0,223507518;1;-2,954679004;1,498609277;4,909358007;1;-0,553785126;1,544290136;1,768925632;1;;;;;;;;;;;;;
208;-1,549753486;1,00669816;0,549753486;1;-0,325087304;0,869927148;-0,349825391;1;-0,466644136;1,35019356;1,333220678;1;;;;;;;;;;;;;
209;-1,492385912;0,683558806;0,492385912;1;0,067624895;0,649837779;-1,135249789;1;-0,35522036;1,054548588;0,776101799;1;;;;;;;;;;;;;
210;-2,379134956;0,976442384;1,379134956;1;0,77874236;0,778066555;-2,55748472;1;0,606001232;1,18733698;-4,030006159;1;;;;;;;;;;;;;
211;-1,166174564;1,055150389;0,166174564;1;-0,607042852;1,374978939;0,214085704;1;0,202250495;2,318428839;-2,011252475;1;;;;;;;;;;;;;
212;-2,197775665;1,164522608;1,197775665;1;-2,808158349;1,24577764;4,616316698;1;0,855709886;1,515188468;-5,278549428;1;;;;;;;;;;;;;
213;-0,519096246;1,32803669;-0,480903754;1;-0,104836345;0,845773219;-0,790327311;1;2,800549539;2,013630928;-15,00274769;1;;;;;;;;;;;;;
214;-0,768636916;0,825336967;-0,231363084;1;-0,686039321;0,84951015;0,372078643;1;-0,92901168;1,532296965;3,6450584;1;;;;;;;;;;;;;
215;-0,431741087;0,765935979;-0,568258913;1;-1,891393845;1,029834186;2,78278769;1;-0,710547865;1,070475968;2,552739326;1;;;;;;;;;;;;;
216;-2,863601983;1,268961856;1,863601983;1;-2,101909143;1,244167486;3,203818285;1;3,148925292;1,675709669;-16,74462646;0;;;;;;;;;;;;;
217;-1,485372784;0,862173748;0,485372784;1;0,09667192;0,820513192;-1,19334384;1;-0,798170232;1,436299853;2,990851161;1;;;;;;;;;;;;;
218;-0,947179725;1,166393469;-0,052820275;1;-1,081492263;0,998261224;1,162984526;1;0,68737669;1,376425428;-4,436883452;1;;;;;;;;;;;;;
219;-5,156120109;1,552327397;4,156120109;0;2,232013718;1,303053874;-5,464027435;0;1,048055409;1,797279852;-6,240277044;1;;;;;;;;;;;;;
220;-2,681033992;1,403660721;1,681033992;1;-0,053980743;0,949641838;-0,892038514;1;3,391761046;2,776756994;-17,95880523;1;;;;;;;;;;;;;
221;-3,610013675;1,185127853;2,610013675;0;-2,466478179;1,074661292;3,932956359;1;3,605499672;1,752126358;-19,02749836;0;;;;;;;;;;;;;
222;-1,497338188;0,974351488;0,497338188;1;0,084002478;0,651409661;-1,168004955;1;1,052357114;1,217508434;-6,261785571;1;;;;;;;;;;;;;
223;-1,526284584;0,638856705;0,526284584;1;0,031201111;0,682272952;-1,062402222;1;0,629286441;1,104308628;-4,146432205;1;;;;;;;;;;;;;
224;-1,012190188;0,707582553;0,012190188;1;0,636287038;0,727154366;-2,272574076;1;0,134559008;0,999870976;-1,672795042;1;;;;;;;;;;;;;
225;-1,445293969;1,37004084;0,445293969;1;-0,854460764;1,098504098;0,708921527;1;1,369013744;1,688867706;-7,84506872;1;;;;;;;;;;;;;
226;-0,71970044;0,920386034;-0,28029956;1;-0,154164017;0,74295361;-0,691671965;1;-0,039521856;1,831468973;-0,802390718;1;;;;;;;;;;;;;
227;-1,971501348;0,919775845;0,971501348;1;-2,009607149;1,139391672;3,019214299;1;-0,718986595;1,446674275;2,594932973;1;;;;;;;;;;;;;
228;0,576584329;0,838691783;-1,576584329;1;-1,546899778;0,852185126;2,093799555;1;-2,036197712;1,65900697;9,180988559;1;;;;;;;;;;;;;
229;-4,396276265;1,573632849;3,396276265;0;-0,152051186;0,899555018;-0,695897627;1;4,304235817;2,030539948;-22,52117908;0;;;;;;;;;;;;;
230;-2,270871305;1,190647055;1,270871305;1;-2,885790743;1,460539907;4,771581485;1;2,344338354;1,668421935;-12,72169177;1;;;;;;;;;;;;;
231;-4,73079858;1,996207216;3,73079858;1;-0,609823762;1,324545906;0,219647524;1;3,967523716;2,527395665;-20,83761858;1;;;;;;;;;;;;;
232;-0,982992023;0,995506438;-0,017007977;1;-0,805237711;0,715177698;0,610475422;1;-1,090490172;1,495890445;4,452450858;1;;;;;;;;;;;;;
233;0,375277918;0,579218359;-1,375277918;0;0,186481495;0,464346507;-1,37296299;1;-3,730074592;1,417354177;17,65037296;0;;;;;;;;;;;;;
234;-2,399581506;0,847052119;1,399581506;1;0,968951303;0,683007836;-2,937902605;0;1,407814669;1,036428702;-8,039073346;1;;;;;;;;;;;;;
235;-1,497758947;0,787551328;0,497758947;1;0,036575608;0,663042722;-1,073151215;1;-0,995088887;1,227266672;3,975444435;1;;;;;;;;;;;;;
236;-0,120217172;2,20119418;-0,879782828;1;-0,678658519;1,594948494;0,357317038;1;0,752252454;3,203495317;-4,761262269;1;;;;;;;;;;;;;
237;-1,291309313;0,862121375;0,291309313;1;-0,444706507;0,800954357;-0,110586986;1;-3,639271638;1,729556932;17,19635819;0;;;;;;;;;;;;;
238;-0,070795805;1,412512088;-0,929204195;1;-0,432360244;1,426258264;-0,135279513;1;-3,839568857;2,669673939;18,19784429;1;;;;;;;;;;;;;
239;0,475127504;1,157013158;-1,475127504;1;-0,663230585;0,819117713;0,32646117;1;1,162679263;1,471908735;-6,813396313;1;;;;;;;;;;;;;
240;1,856947472;1,714254744;-2,856947472;1;-2,247490997;1,191536026;3,494981993;1;-5,017766518;2,867294583;24,08883259;1;;;;;;;;;;;;;
241;-0,749548053;1,098340808;-0,250451947;1;-0,841635552;0,923048183;0,683271105;1;-0,588578139;1,608784351;1,942890697;1;;;;;;;;;;;;;
242;0,209841523;0,694704537;-1,209841523;1;-0,301537578;0,534639854;-0,396924843;1;-2,111812467;1,117430413;9,559062336;1;;;;;;;;;;;;;
243;-0,41189985;1,516309829;-0,58810015;1;-0,075081999;1,173651643;-0,849836002;1;-1,147312818;2,131978592;4,736564091;1;;;;;;;;;;;;;
244;-1,344410611;0,975602539;0,344410611;1;-0,354377575;0,795151203;-0,291244851;1;-0,277037545;1,434478443;0,385187727;1;;;;;;;;;;;;;
245;-0,720391793;1,336359413;-0,279608207;1;-0,878821883;1,108205886;0,757643767;1;0,571511553;1,751743834;-3,857557766;1;;;;;;;;;;;;;
246;-1,427062347;1,651574599;0,427062347;1;-0,927228546;1,423106346;0,854457093;1;1,627612861;2,140824211;-9,138064307;1;;;;;;;;;;;;;
247;-1,365285885;0,560644938;0,365285885;1;-0,017528211;0,557951625;-0,964943579;1;0,623673779;0,923623867;-4,118368893;1;;;;;;;;;;;;;
248;0,053732453;0,620613534;-1,053732453;1;-0,241551981;0,703417581;-0,516896038;1;-2,094063509;1,275129158;9,470317547;1;;;;;;;;;;;;;
249;-0,370132412;0,623134472;-0,629867588;1;-0,811702908;0,964777048;0,623405816;1;-0,669451943;1,163296852;2,347259714;1;;;;;;;;;;;;;
250;-2,588477407;1,290361408;1,588477407;1;0,229197569;1,111882679;-1,458395139;1;-0,005974518;1,766354801;-0,970127412;1;;;;;;;;;;;;;
251;0,176773927;1,197603064;-1,176773927;1;-1,38022243;0,900984388;1,760444859;1;-1,655928222;1,356811399;7,27964111;1;;;;;;;;;;;;;
252;-2,098751907;1,775703252;1,098751907;1;-0,510326422;1,110658918;0,020652845;1;1,492803122;2,444936479;-8,464015608;1;;;;;;;;;;;;;
253;-1,586984067;0,691247989;0,586984067;1;-0,512570021;0,707834836;0,025140041;1;-1,679766519;1,470502494;7,398832593;1;;;;;;;;;;;;;
254;-1,666619093;1,553992838;0,666619093;1;0,098498211;1,069046673;-1,196996422;1;2,117620397;1,763958031;-11,58810199;1;;;;;;;;;;;;;
255;-1,351709385;0,818743676;0,351709385;1;0,674135618;0,709085356;-2,348271235;1;-1,723221697;1,209094852;7,616108485;1;;;;;;;;;;;;;
256;-0,578129177;1,030504797;-0,421870823;1;-0,668980487;0,936975301;0,337960975;1;-1,374603569;1,824936968;5,873017843;1;;;;;;;;;;;;;
257;-1,059184492;0,733887045;0,059184492;1;-2,01626186;1,054203208;3,032523721;1;-0,179139121;1,550111356;-0,104304397;1;;;;;;;;;;;;;
258;-0,947223415;0,793831939;-0,052776585;1;-0,196472378;0,675661344;-0,607055244;1;-0,104288682;1,188341636;-0,478556592;1;;;;;;;;;;;;;
259;-1,720711521;1,005288565;0,720711521;1;-0,697757889;0,724128423;0,395515777;1;2,423095261;1,295778641;-13,11547631;0;;;;;;;;;;;;;
260;-0,167599327;1,085796435;-0,832400673;1;0,020214739;0,730733991;-1,040429479;1;0,825252989;1,144109798;-5,126264944;1;;;;;;;;;;;;;
261;-1,341729935;0,798594549;0,341729935;1;0,664532559;0,689219138;-2,329065118;1;-0,942948235;1,30477037;3,714741174;1;;;;;;;;;;;;;
262;-1,27687487;0,81228483;0,27687487;1;-0,221421582;0,505820464;-0,557156837;1;0,458804458;1,010553494;-3,294022292;1;;;;;;;;;;;;;
263;-1,992946734;1,298636445;0,992946734;1;0,351127053;1,028616938;-1,702254107;1;2,522109076;1,687640385;-13,61054538;1;;;;;;;;;;;;;
264;-0,194439225;0,60936856;-0,805560775;1;-0,064877903;0,514107465;-0,870244194;1;-2,287081145;1,012755729;10,43540573;0;;;;;;;;;;;;;
265;-2,304524334;1,364279691;1,304524334;1;-1,711273736;1,085505501;2,422547473;1;2,107966871;2,063436899;-11,53983436;1;;;;;;;;;;;;;
266;-0,96285523;0,865968644;-0,03714477;1;-1,275055899;0,672793966;1,550111798;1;-0,763676402;1,275905956;2,81838201;1;;;;;;;;;;;;;
267;-2,465569558;0,81484911;1,465569558;1;0,159146379;0,800095661;-1,318292759;1;0,608149215;1,185230017;-4,040746077;1;;;;;;;;;;;;;
268;-2,00099683;0,725903972;1,00099683;1;0,209175168;0,592298298;-1,418350336;1;1,114807475;0,861995634;-6,574037375;1;;;;;;;;;;;;;
269;-1,612289395;0,778405237;0,612289395;1;-2,046776397;1,000378631;3,093552794;1;-0,399006443;1,030273387;0,995032215;1;;;;;;;;;;;;;
270;-1,632150526;1,225734581;0,632150526;1;-1,051698644;0,994470835;1,103397288;1;1,209494828;1,995292959;-7,047474141;1;;;;;;;;;;;;;
271;-0,569158294;1,328585071;-0,430841706;1;-0,360439856;0,939930075;-0,279120287;1;-1,571837051;1,682783719;6,859185257;1;;;;;;;;;;;;;
272;0,157662519;0,997116422;-1,157662519;1;-1,47650576;0,798770146;1,95301152;1;-2,199981447;1,5427142;9,999907236;1;;;;;;;;;;;;;
273;-1,651596954;2,110359013;0,651596954;1;0,111101318;1,475949088;-1,222202637;1;0,184348812;2,301766209;-1,921744058;1;;;;;;;;;;;;;
274;-1,785345759;0,751282;0,785345759;1;-0,706813331;0,634449321;0,413626662;1;1,363305934;0,924437712;-7,816529671;1;;;;;;;;;;;;;
275;0,762545124;1,867007656;-1,762545124;1;-1,583690804;0,861899176;2,167381607;1;1,696312517;1,560713431;-9,481562583;1;;;;;;;;;;;;;
276;-2,273984538;1,610136222;1,273984538;1;-1,776657637;1,266369744;2,553315275;1;0,619875761;2,946936955;-4,099378805;1;;;;;;;;;;;;;
277;-2,288618664;1,005437279;1,288618664;1;-0,962783577;0,896802101;0,925567155;1;-0,010741174;1,590377548;-0,946294128;1;;;;;;;;;;;;;
278;-0,852296561;0,812660221;-0,147703439;1;-0,826685801;0,744813306;0,653371603;1;-1,619177953;1,293548228;7,095889766;1;;;;;;;;;;;;;
279;-1,408922953;1,245635021;0,408922953;1;-2,000490241;1,270124979;3,000980481;1;0,556408213;2,475667333;-3,782041066;1;;;;;;;;;;;;;
280;-0,782930251;1,254462439;-0,217069749;1;-0,025866114;1,008522406;-0,948267773;1;-0,306584116;1,913001641;0,532920578;1;;;;;;;;;;;;;
281;-0,662322766;0,968429784;-0,337677234;1;-1,189541826;0,83558234;1,379083652;1;-1,148765512;1,505252455;4,743827561;1;;;;;;;;;;;;;
282;0,128937031;1,674932162;-1,128937031;1;0,364516868;1,19062596;-1,729033737;1;-3,018952922;3,531194591;14,09476461;1;;;;;;;;;;;;;
283;0,408568856;0,826646793;-1,408568856;1;0,510878783;0,675011096;-2,021757566;1;-1,472152884;1,032139108;6,360764419;1;;;;;;;;;;;;;
284;-1,141270971;0,960665638;0,141270971;1;-0,469965168;0,836652286;-0,060069665;1;-1,340482818;1,501897506;5,702414089;1;;;;;;;;;;;;;
285;-2,09760763;1,012161699;1,09760763;1;-0,263823152;0,960326708;-0,472353696;1;1,467012141;1,537174267;-8,335060705;1;;;;;;;;;;;;;
286;-1,39633688;0,854535865;0,39633688;1;-0,224066354;0,547001623;-0,551867292;1;1,126003133;0,868261107;-6,630015664;1;;;;;;;;;;;;;
287;-0,503058726;0,504805268;-0,496941274;1;-0,385963512;0,777062755;-0,228072977;1;-2,618603874;1,428912914;12,09301937;1;;;;;;;;;;;;;
288;-1,588797738;1,05278634;0,588797738;1;-0,818496864;1,110638298;0,636993729;1;-0,143100647;1,926790681;-0,284496767;1;;;;;;;;;;;;;
289;-0,63943825;0,504617824;-0,36056175;1;-1,57248831;0,743112635;2,14497662;1;-0,947215748;1,01367149;3,736078739;1;;;;;;;;;;;;;
290;-2,542223074;1,540706333;1,542223074;1;-1,444028166;1,27431647;1,888056331;1;1,897736367;1,905300094;-10,48868183;1;;;;;;;;;;;;;
291;-2,326035336;0,860163759;1,326035336;1;-0,490636013;0,499709093;-0,018727974;1;2,055982279;0,858861332;-11,27991139;0;;;;;;;;;;;;;
292;-3,15079948;1,44566341;2,15079948;1;-0,684402701;0,928346664;0,368805401;1;2,89797668;1,840240492;-15,4898834;1;;;;;;;;;;;;;
293;-1,391540935;1,034110059;0,391540935;1;0,60261351;0,756963358;-2,205227021;1;0,293986281;1,61879644;-2,469931404;1;;;;;;;;;;;;;
294;-0,887921851;1,511049436;-0,112078149;1;-2,10436421;1,494717205;3,208728419;1;-0,724234755;1,979945087;2,621173773;1;;;;;;;;;;;;;
295;-0,64750179;1,334159632;-0,35249821;1;-0,788579308;1,010441417;0,577158617;1;-2,065683219;1,846273096;9,328416097;1;;;;;;;;;;;;;
296;-2,414902691;1,159283816;1,414902691;1;-1,833049766;1,080432047;2,666099533;1;0,933662652;2,150583647;-5,66831326;1;;;;;;;;;;;;;
297;-1,172572946;1,15121704;0,172572946;1;-2,680872144;1,739346864;4,361744289;1;0,183042211;2,245683212;-1,915211055;1;;;;;;;;;;;;;
298;-0,74376101;0,66141334;-0,25623899;1;-0,334358397;0,625754353;-0,331283205;1;-1,123561076;1,004060954;4,617805378;1;;;;;;;;;;;;;
299;-2,689671177;0,883225711;1,689671177;1;0,057731293;0,740177932;-1,115462586;1;1,688361887;1,261972027;-9,441809437;1;;;;;;;;;;;;;
300;-4,973661361;1,393513657;3,973661361;0;-0,600958432;0,966474742;0,201916865;1;3,291175449;1,715332917;-17,45587724;0;;;;;;;;;;;;;
301;-3,135620431;1,983601682;2,135620431;1;-2,408910216;1,86452749;3,817820432;1;0,714334458;2,342053251;-4,57167229;1;;;;;;;;;;;;;
302;-0,959876809;1,659092798;-0,040123191;1;-2,935254947;1,569021303;4,870509894;1;-2,746593139;2,564260573;12,73296569;1;;;;;;;;;;;;;
303;-2,28735916;1,630983234;1,28735916;1;0,301832876;1,295209358;-1,603665753;1;2,25118824;2,163175623;-12,2559412;1;;;;;;;;;;;;;
304;-1,011110183;1,069667041;0,011110183;1;0,579469696;0,903720311;-2,158939391;1;-0,5166285;1,983945893;1,583142499;1;;;;;;;;;;;;;
305;-0,224103362;0,414483964;-0,775896638;1;-1,243378413;0,767341553;1,486756826;1;-1,650231833;1,169533877;7,251159163;1;;;;;;;;;;;;;
306;-0,786271064;1,52581923;-0,213728936;1;-2,703516614;1,394419076;4,407033227;1;1,029666104;1,613131592;-6,148330521;1;;;;;;;;;;;;;
307;1,079329914;0,659147548;-2,079329914;0;-2,83123099;1,892040981;4,662461981;1;1,498376386;2,707077279;-8,491881929;1;;;;;;;;;;;;;
308;-0,252605707;0,689321441;-0,747394293;1;-2,629813365;1,269851739;4,259626729;1;0,242197499;1,579135648;-2,210987497;1;;;;;;;;;;;;;
309;-5,255200663;2,715819293;4,255200663;1;1,006750867;2,49260991;-3,013501734;1;-0,2328953;3,016046996;0,164476499;1;;;;;;;;;;;;;
310;1,474876431;1,120995606;-2,474876431;0;-0,729742592;1,239319671;0,459485184;1;0,883685136;1,36322202;-5,418425679;1;;;;;;;;;;;;;
311;-1,530187303;0,736615926;0,530187303;1;0,324105729;0,758142393;-1,648211458;1;-0,773756356;1,279767768;2,868781779;1;;;;;;;;;;;;;
312;-1,144004167;0,807219485;0,144004167;1;0,101538749;0,671100642;-1,203077498;1;0,287215917;1,364702395;-2,436079584;1;;;;;;;;;;;;;
313;-1,049427636;0,578305737;0,049427636;1;-0,143453473;0,616149671;-0,713093053;1;-1,559913109;1,063760595;6,799565545;1;;;;;;;;;;;;;
314;-0,868847307;3,067568917;-0,131152693;1;3,178515527;3,110558478;-7,357031053;1;-1,41047264;3,013267898;6,052363198;1;;;;;;;;;;;;;
315;-0,762686825;1,117541165;-0,237313175;1;-0,342765487;1,029492218;-0,314469026;1;-0,857766158;1,632748472;3,28883079;1;;;;;;;;;;;;;
316;-2,237425031;1,093728941;1,237425031;1;-1,933100627;0,907464254;2,866201255;1;1,679043823;1,678399916;-9,395219116;1;;;;;;;;;;;;;
317;0,967196626;1,446293802;-1,967196626;1;-1,301356175;0,994657525;1,602712349;1;-2,368779539;1,448714573;10,84389769;1;;;;;;;;;;;;;
318;-1,970837643;0,889355148;0,970837643;1;0,207198833;0,75625028;-1,414397666;1;0,365163296;1,338913311;-2,825816478;1;;;;;;;;;;;;;
319;-1,381374204;0,840671079;0,381374204;1;-0,543343417;0,664550305;0,086686834;1;0,371748277;1,082874627;-2,858741383;1;;;;;;;;;;;;;
320;-2,526487514;1,213319307;1,526487514;1;-0,98660403;1,372993036;0,973208061;1;0,693018074;1,930351739;-4,46509037;1;;;;;;;;;;;;;
321;-1,419668059;0,873279332;0,419668059;1;-0,295942548;0,725048382;-0,408114903;1;0,804332666;1,00476559;-5,02166333;1;;;;;;;;;;;;;
322;-1,205114837;1,519132615;0,205114837;1;-0,471501323;1,177785045;-0,056997354;1;0,962394838;1,63802775;-5,811974188;1;;;;;;;;;;;;;
323;-1,096433006;1,456123491;0,096433006;1;-0,934711573;1,072967073;0,869423147;1;0,683391146;2,378226224;-4,416955732;1;;;;;;;;;;;;;
324;-1,136012289;0,923560315;0,136012289;1;0,10780033;0,612809772;-1,215600659;1;0,785207165;1,737100044;-4,926035824;1;;;;;;;;;;;;;
325;-0,914556335;0,758614809;-0,085443665;1;-0,298543953;0,90883835;-0,402912093;1;-1,06762187;1,255343196;4,338109348;1;;;;;;;;;;;;;
326;-2,457861021;0,932563853;1,457861021;1;1,349108974;0,863838725;-3,698217948;0;-1,39356342;1,015180241;5,967817099;1;;;;;;;;;;;;;
327;-2,764586791;1,026752775;1,764586791;1;-0,502357098;0,873741483;0,004714196;1;2,664546685;1,713015463;-14,32273343;1;;;;;;;;;;;;;
328;-0,385833972;0,857249945;-0,614166028;1;-0,411764113;0,732027407;-0,176471774;1;-1,345737988;1,642806088;5,72868994;1;;;;;;;;;;;;;
329;-0,685144248;1,04051569;-0,314855752;1;-0,176115909;1,137243907;-0,647768183;1;2,193188582;1,785315071;-11,96594291;1;;;;;;;;;;;;;
330;-0,52460836;0,389774595;-0,47539164;1;-0,292516649;0,478189632;-0,414966702;1;-2,440946456;0,955143365;11,20473228;0;;;;;;;;;;;;;
331;-1,367842968;0,922230769;0,367842968;1;1,05821756;0,818568499;-3,11643512;1;0,114851062;1,210080078;-1,574255308;1;;;;;;;;;;;;;
332;-0,399087877;0,546071946;-0,600912123;1;0,678238111;0,797733695;-2,356476221;1;-1,497842135;1,130091243;6,489210675;1;;;;;;;;;;;;;
333;-0,371788053;0,938178322;-0,628211947;1;-1,010524684;0,765410269;1,021049369;1;-2,960789475;1,424561035;13,80394738;1;;;;;;;;;;;;;
334;-0,798934183;1,488746287;-0,201065817;1;0,665173848;1,017435745;-2,330347697;1;-1,913657641;1,896718068;8,568288203;1;;;;;;;;;;;;;
335;-1,299107579;0,761732381;0,299107579;1;0,214763944;0,68406431;-1,429527889;1;-0,894257639;1,233160337;3,471288195;1;;;;;;;;;;;;;
336;-0,746641011;1,405966034;-0,253358989;1;-0,277646625;1,385935535;-0,44470675;1;2,841734272;2,682801291;-15,20867136;1;;;;;;;;;;;;;
337;-1,394330653;0,985564236;0,394330653;1;-1,060373897;0,959494123;1,120747794;1;0,042235441;1,42030972;-1,211177203;1;;;;;;;;;;;;;
338;-6,664961525;3,100198671;5,664961525;1;5,383425308;2,79816939;-11,76685062;0;1,922921808;1,795633695;-10,61460904;1;;;;;;;;;;;;;
339;-0,718454957;0,846597311;-0,281545043;1;-1,315753685;0,810073645;1,631507371;1;-0,246521463;1,407927684;0,232607316;1;;;;;;;;;;;;;
340;-0,352545104;0,860835453;-0,647454896;1;-0,283175021;0,675999558;-0,433649959;1;-1,062675585;1,189182798;4,313377927;1;;;;;;;;;;;;;
341;0,301462354;2,012760944;-1,301462354;1;-1,503663703;1,314161329;2,007327405;1;-2,921393914;2,811040955;13,60696957;1;;;;;;;;;;;;;
342;-1,111299726;0,792149618;0,111299726;1;-0,296386511;0,691129869;-0,407226978;1;0,26111525;1,124603333;-2,305576249;1;;;;;;;;;;;;;
343;-0,76324083;0,571225973;-0,23675917;1;-0,935371239;0,886299864;0,870742478;1;-0,106825594;1,517553545;-0,465872031;1;;;;;;;;;;;;;
344;-1,590636989;1,146509169;0,590636989;1;-1,231881609;0,964723832;1,463763217;1;1,697336277;1,548362836;-9,486681383;1;;;;;;;;;;;;;
345;-1,50447176;0,928844436;0,50447176;1;0,043084134;0,970767429;-1,086168267;1;-0,997216516;1,5169725;3,986082578;1;;;;;;;;;;;;;
346;-1,161726232;0,851085055;0,161726232;1;-1,113182995;0,91097665;1,22636599;1;0,717277128;1,202447657;-4,586385641;1;;;;;;;;;;;;;
347;-2,42186624;0,84323064;1,42186624;1;-1,194184044;0,873360464;1,388368088;1;2,384178744;1,483076461;-12,92089372;1;;;;;;;;;;;;;
348;-1,985960957;1,037408787;0,985960957;1;1,480367802;0,874128055;-3,960735603;0;0,274337479;1,025442163;-2,371687395;1;;;;;;;;;;;;;
349;-0,447074398;0,57884625;-0,552925602;1;-0,422831897;0,625215345;-0,154336206;1;-0,267482271;0,90227607;0,337411353;1;;;;;;;;;;;;;
350;-2,7101435;1,595431751;1,7101435;1;-0,115481263;1,244124084;-0,769037474;1;1,435128853;2,517542762;-8,175644267;1;;;;;;;;;;;;;
351;-0,395980946;0,547068846;-0,604019054;1;-1,011999586;0,7565268;1,023999172;1;-1,7364269;1,158837163;7,682134499;1;;;;;;;;;;;;;
352;-2,369057728;0,719831441;1,369057728;1;0,388098218;0,593039135;-1,776196436;1;0,943007725;1,069716051;-5,715038626;1;;;;;;;;;;;;;
353;-1,615168659;0,767138742;0,615168659;1;-0,578162621;0,681106129;0,156325241;1;0,77512263;1,451839702;-4,875613148;1;;;;;;;;;;;;;
354;-1,592776323;0,716905106;0,592776323;1;0,754301455;0,607684787;-2,50860291;0;-2,810724718;1,125995692;13,05362359;0;;;;;;;;;;;;;
355;-2,957307626;1,359734432;1,957307626;1;-1,110525939;1,355119965;1,221051878;1;1,953648635;2,190187337;-10,76824317;1;;;;;;;;;;;;;
356;-2,004893381;1,028457432;1,004893381;1;0,093241956;0,851013637;-1,186483911;1;-0,355375347;1,463001216;0,776876736;1;;;;;;;;;;;;;
357;-0,167779807;0,644632725;-0,832220193;1;0,049623823;0,640107368;-1,099247645;1;-2,654210075;1,274238081;12,27105037;1;;;;;;;;;;;;;
358;-1,560769695;0,719696863;0,560769695;1;0,162509821;0,603328718;-1,325019641;1;-0,955615439;0,984581526;3,778077196;1;;;;;;;;;;;;;
359;0,467546085;2,03492385;-1,467546085;1;-1,703603111;1,376951636;2,407206221;1;-3,310426606;2,097297976;15,55213303;1;;;;;;;;;;;;;
360;-1,446063648;0,867037419;0,446063648;1;0,098093244;0,748714247;-1,196186489;1;0,141321742;1,429372266;-1,706608709;1;;;;;;;;;;;;;
361;-1,122060493;0,541345403;0,122060493;1;-0,144588093;0,524474623;-0,710823813;1;-1,984589188;0,854159103;8,922945939;0;;;;;;;;;;;;;
362;-1,034141888;0,474350017;0,034141888;1;-3,396319578;1,244990144;5,792639156;0;-0,622833943;0,783984024;2,114169716;1;;;;;;;;;;;;;
363;-1,58718307;0,727695917;0,58718307;1;-1,008078802;0,621031253;1,016157603;1;0,513881156;1,114185957;-3,569405778;1;;;;;;;;;;;;;
364;-0,686967166;0,809499498;-0,313032834;1;-0,845208898;0,74625889;0,690417795;1;-1,868403361;1,293427495;8,342016803;1;;;;;;;;;;;;;
365;-0,014258603;1,688679812;-0,985741397;1;-0,507332517;1,214441623;0,014665034;1;-3,188231154;2,793864204;14,94115577;1;;;;;;;;;;;;;
366;-0,454800688;0,687081263;-0,545199312;1;-0,087975501;0,621305739;-0,824048997;1;-0,943198929;1,133479756;3,715994646;1;;;;;;;;;;;;;
367;-1,875706198;0,813224764;0,875706198;1;-1,006565725;0,93491387;1,013131451;1;1,543408329;1,262186147;-8,717041643;1;;;;;;;;;;;;;
368;0,061126584;0,433905885;-1,061126584;0;-1,555511813;0,513393661;2,111023627;0;-1,811222524;0,693530115;8,056112619;0;;;;;;;;;;;;;
369;-0,519941754;1,039880731;-0,480058246;1;-2,10526253;1,136573905;3,210525061;1;2,448619453;1,962815325;-13,24309726;1;;;;;;;;;;;;;
370;-2,609152325;0,908995411;1,609152325;1;-0,401381258;0,7779564;-0,197237484;1;2,181676204;1,269790826;-11,90838102;1;;;;;;;;;;;;;
371;-1,565220444;0,818902354;0,565220444;1;-0,981855983;0,910150336;0,963711965;1;0,481049899;1,481284814;-3,405249495;1;;;;;;;;;;;;;
372;0,170219163;0,820088488;-1,170219163;1;-0,470473481;0,687001336;-0,059053037;1;-2,772849161;1,272283833;12,86424581;0;;;;;;;;;;;;;
373;-2,929018069;1,103892671;1,929018069;1;-0,520998497;0,945390633;0,041996994;1;1,256602404;1,944373596;-7,283012021;1;;;;;;;;;;;;;
374;-4,59058215;1,362923572;3,59058215;0;2,730399184;1,157651694;-6,460798368;0;0,273700934;1,262564879;-2,368504671;1;;;;;;;;;;;;;
375;-1,44856934;0,628036823;0,44856934;1;-0,85888226;0,727334536;0,717764519;1;-0,436382853;1,128207938;1,181914265;1;;;;;;;;;;;;;
376;-0,608875363;0,999282549;-0,391124637;1;-0,252564292;0,817933391;-0,494871416;1;-3,135230417;1,751568576;14,67615208;1;;;;;;;;;;;;;
377;-0,859301883;1,52037315;-0,140698117;1;-1,136412942;1,424190021;1,272825884;1;1,023466391;2,44542062;-6,117331954;1;;;;;;;;;;;;;
378;-1,662799622;0,805351078;0,662799622;1;-0,295854688;0,732015058;-0,408290623;1;0,992595103;1,165578801;-5,962975514;1;;;;;;;;;;;;;
379;-2,306510809;1,199050313;1,306510809;1;0,051925982;0,888653718;-1,103851964;1;0,39092358;1,579488448;-2,9546179;1;;;;;;;;;;;;;
380;-1,199090519;0,77432332;0,199090519;1;-1,152970812;0,830198783;1,305941623;1;1,112084555;1,187347904;-6,560422777;1;;;;;;;;;;;;;
381;-0,391675076;1,086308629;-0,608324924;1;-0,760195532;1,011281007;0,520391063;1;-2,768030986;2,449272641;12,84015493;1;;;;;;;;;;;;;
382;-1,1926281;0,727863628;0,1926281;1;-0,659515383;0,83024767;0,319030767;1;-0,948085551;1,422367555;3,740427755;1;;;;;;;;;;;;;
383;-1,007226437;0,929671498;0,007226437;1;-0,890041188;0,680860525;0,780082376;1;-0,044094618;1,07715515;-0,779526909;1;;;;;;;;;;;;;
384;-1,349493385;0,621221634;0,349493385;1;0,301237785;0,624722108;-1,602475571;1;-1,726366654;1,026043436;7,631833268;1;;;;;;;;;;;;;
385;-1,691336203;0,836391615;0,691336203;1;-0,754569507;0,681100242;0,509139015;1;1,513403706;1,341779964;-8,56701853;1;;;;;;;;;;;;;
386;1,331182541;1,118070432;-2,331182541;0;3,531893518;3,365917708;-8,063787037;1;1,207410136;2,556792097;-7,037050679;1;;;;;;;;;;;;;
387;-0,634898231;0,606252339;-0,365101769;1;-0,903004215;0,869349227;0,80600843;1;-1,242875074;1,117247817;5,214375372;1;;;;;;;;;;;;;
388;-2,908179575;1,475125971;1,908179575;1;0,373659332;1,198425676;-1,747318663;1;-0,600969801;2,210563634;2,004849005;1;;;;;;;;;;;;;
389;-1,098513105;0,880140694;0,098513105;1;-0,485518716;1,049759493;-0,028962568;1;-3,562973246;1,847809578;16,81486623;1;;;;;;;;;;;;;
390;-0,057372942;1,18818065;-0,942627058;1;0,287954784;0,919523113;-1,575909569;1;-2,002388776;1,650440686;9,011943879;1;;;;;;;;;;;;;
391;-2,055819274;1,274982395;1,055819274;1;-2,250578599;1,122209331;3,501157199;1;0,977462941;1,764039417;-5,887314704;1;;;;;;;;;;;;;
392;-2,522131777;0,965637053;1,522131777;1;-1,122582853;0,827254002;1,245165705;1;2,226698084;1,079536553;-12,13349042;0;;;;;;;;;;;;;
393;-0,779845573;0,76564896;-0,220154427;1;0,1302962;0,641177998;-1,2605924;1;-1,526254278;1,469333529;6,631271391;1;;;;;;;;;;;;;
394;-2,300299325;1,14384508;1,300299325;1;0,843808676;0,830991928;-2,687617353;1;1,020551281;1,587227794;-6,102756405;1;;;;;;;;;;;;;
395;-0,776746744;0,739586023;-0,223253256;1;-0,960477855;0,696881129;0,920955709;1;-2,368924013;1,118528289;10,84462006;1;;;;;;;;;;;;;
396;-3,934960903;1,790177511;2,934960903;1;-0,915512979;1,110122453;0,831025958;1;3,294852831;2,108309228;-17,47426416;1;;;;;;;;;;;;;
397;-0,713336117;1,115510159;-0,286663883;1;-0,835611209;1,074410994;0,671222418;1;-0,343586387;2,084524062;0,717931937;1;;;;;;;;;;;;;
398;-1,362505421;0,731709786;0,362505421;1;0,070238368;0,821606367;-1,140476736;1;-0,391922763;1,403793508;0,959613813;1;;;;;;;;;;;;;
399;-1,891959643;0,957412458;0,891959643;1;0,819571598;0,762157553;-2,639143196;1;-0,759072827;1,003049299;2,795364136;1;;;;;;;;;;;;;
400;-0,939041593;1,01271741;-0,060958407;1;-0,38567118;0,854617597;-0,228657639;1;0,437335026;1,362664452;-3,186675132;1;;;;;;;;;;;;;
401;-0,920190495;1,724819119;-0,079809505;1;0,432378942;1,195033247;-1,864757884;1;0,391314398;2,240080572;-2,956571989;1;;;;;;;;;;;;;
402;-0,978683607;0,666096913;-0,021316393;1;0,157770927;0,624790622;-1,315541854;1;-0,926345562;1,088531432;3,63172781;1;;;;;;;;;;;;;
403;-1,554085152;1,242433334;0,554085152;1;1,124365837;1,051979062;-3,248731674;1;-1,98007258;1,720712061;8,900362901;1;;;;;;;;;;;;;
404;-2,367684674;1,298362026;1,367684674;1;-1,497742854;1,247668743;1,995485707;1;0,976077835;1,586900136;-5,880389175;1;;;;;;;;;;;;;
405;-0,886347612;0,602091897;-0,113652388;1;-1,505003073;0,620182749;2,010006146;1;0,915871615;0,91221003;-5,579358073;1;;;;;;;;;;;;;
406;-1,607557368;0,929088731;0,607557368;1;0,52867617;0,702764405;-2,057352341;1;-0,493443562;1,32773939;1,467217809;1;;;;;;;;;;;;;
407;-0,797279495;0,808705957;-0,202720505;1;-0,629330681;1,085194315;0,258661363;1;-1,864302213;1,439381744;8,321511066;1;;;;;;;;;;;;;
408;-1,293957737;1,046993743;0,293957737;1;-0,967601471;0,822580697;0,935202941;1;-0,575313038;1,624478234;1,876565191;1;;;;;;;;;;;;;
409;-0,333425409;1,517392062;-0,666574591;1;-0,292801521;1,082876474;-0,414396958;1;-0,556319503;1,950807133;1,781597515;1;;;;;;;;;;;;;
410;-1,155275155;0,774992715;0,155275155;1;-0,756120472;0,876335923;0,512240943;1;-1,216894278;1,615592317;5,084471388;1;;;;;;;;;;;;;
411;-1,141047324;0,940378537;0,141047324;1;-1,414257278;0,937727785;1,828514555;1;-0,153460203;1,403934502;-0,232698984;1;;;;;;;;;;;;;
412;-3,15264708;1,204566383;2,15264708;1;0,407876646;0,704572505;-1,815753292;1;3,634293072;1,675586477;-19,17146536;0;;;;;;;;;;;;;
413;0,243016845;1,127012186;-1,243016845;1;-0,918326403;0,815054269;0,836652806;1;-0,468105288;2,368000002;1,340526438;1;;;;;;;;;;;;;
414;-1,849947957;1,197295989;0,849947957;1;-0,819440875;0,967669061;0,63888175;1;1,910019857;1,908929552;-10,55009928;1;;;;;;;;;;;;;
415;-3,133687157;1,382940271;2,133687157;1;0,861869316;1,009116974;-2,723738632;1;0,183980931;1,663539271;-1,919904655;1;;;;;;;;;;;;;
416;-1,424000749;0,56782377;0,424000749;1;-0,829150976;0,654481741;0,658301951;1;-0,733523575;0,947097869;2,667617876;1;;;;;;;;;;;;;
417;1,091247896;1,290135;-2,091247896;1;-0,446706939;0,997108774;-0,106586122;1;-5,964930605;2,888041395;28,82465303;0;;;;;;;;;;;;;
418;-2,309132284;1,986382541;1,309132284;1;-0,483243536;1,344713658;-0,033512928;1;0,440362148;2,424478789;-3,201810742;1;;;;;;;;;;;;;
419;-0,374593354;0,679338855;-0,625406646;1;-0,692561656;0,754874343;0,385123312;1;-0,553105695;1,104615572;1,765528477;1;;;;;;;;;;;;;
420;-2,770840269;0,878052261;1,770840269;0;-0,304206113;0,788688281;-0,391587775;1;0,795211674;1,604774563;-4,97605837;1;;;;;;;;;;;;;
421;-1,110762752;0,65952377;0,110762752;1;-0,026862519;0,610909633;-0,946274963;1;-0,839817449;1,032541876;3,199087247;1;;;;;;;;;;;;;
422;-1,631561218;0,982235578;0,631561218;1;-0,361165506;0,771703081;-0,277668988;1;0,522566658;1,329667622;-3,612833292;1;;;;;;;;;;;;;
423;-1,539723398;1,218937127;0,539723398;1;-0,904992104;1,050905003;0,809984207;1;0,527229917;1,935074506;-3,636149585;1;;;;;;;;;;;;;
424;0,617857367;0,382110358;-1,617857367;0;-1,72462494;0,939079717;2,44924988;1;-0,961213644;0,702329518;3,80606822;1;;;;;;;;;;;;;
425;-1,097931383;1,466991603;0,097931383;1;-0,257813644;1,269226225;-0,484372711;1;-0,809160206;2,119693669;3,04580103;1;;;;;;;;;;;;;
426;-2,28359933;1,63687435;1,28359933;1;-0,209421389;1,182741727;-0,581157221;1;2,240493166;2,825338323;-12,20246583;1;;;;;;;;;;;;;
427;-1,610587839;1,320096724;0,610587839;1;-1,37377402;1,010544061;1,74754804;1;0,924939871;1,655316228;-5,624699357;1;;;;;;;;;;;;;
428;-2,493937004;1,035789746;1,493937004;1;-1,428214197;1,157019654;1,856428395;1;2,036293674;1,662788578;-11,18146837;1;;;;;;;;;;;;;
429;2,581080557;1,094136355;-3,581080557;0;1,761606104;1,286486182;-4,523212207;1;-2,296933821;1,752153529;10,4846691;1;;;;;;;;;;;;;
430;-0,536236918;1,159498444;-0,463763082;1;-0,630109173;0,682878625;0,260218346;1;1,94867729;1,512068255;-10,74338645;1;;;;;;;;;;;;;
431;-2,030811504;0,867229595;1,030811504;1;-0,981583375;0,743862687;0,963166751;1;0,777433273;1,220367293;-4,887166363;1;;;;;;;;;;;;;
432;-1,487269574;0,980363895;0,487269574;1;-0,534962389;0,96883165;0,069924779;1;-0,039374412;1,692525858;-0,803127941;1;;;;;;;;;;;;;
433;-2,210884616;1,380579675;1,210884616;1;0,970632685;1,306682904;-2,94126537;1;1,846632823;1,811402179;-10,23316412;1;;;;;;;;;;;;;
434;-1,169276858;0,606307314;0,169276858;1;-0,351269385;0,67891136;-0,297461231;1;-0,732355013;1,029450968;2,661775063;1;;;;;;;;;;;;;
435;-2,676419681;1,135629104;1,676419681;1;1,295162493;0,928739344;-3,590324985;1;-0,740516184;1,490182233;2,702580919;1;;;;;;;;;;;;;
436;-1,385028994;0,84347884;0,385028994;1;-0,109422116;0,571374157;-0,781155769;1;1,246874648;1,545457042;-7,234373241;1;;;;;;;;;;;;;
437;-0,488121171;0,807090697;-0,511878829;1;-0,240619434;0,652839697;-0,518761133;1;-2,264003829;1,131911642;10,32001914;1;;;;;;;;;;;;;
438;-1,046240553;0,83228742;0,046240553;1;-1,057900372;0,778400804;1,115800743;1;-1,267750528;1,404039612;5,338752638;1;;;;;;;;;;;;;
439;-1,885444639;0,626344066;0,885444639;1;-0,225140697;0,664970956;-0,549718607;1;-1,852073688;1,179726444;8,260368439;1;;;;;;;;;;;;;
440;-1,975077422;1,71757262;0,975077422;1;-0,463010195;1,213984049;-0,073979611;1;2,353956884;2,160350741;-12,76978442;1;;;;;;;;;;;;;
441;-1,985598612;1,325719192;0,985598612;1;-0,319614135;1,122129787;-0,360771729;1;-1,561235668;2,131956827;6,806178339;1;;;;;;;;;;;;;
442;0,367238949;1,338017355;-1,367238949;1;-0,920785653;0,934124996;0,841571307;1;-1,361079674;1,586401915;5,805398372;1;;;;;;;;;;;;;
443;-0,728041258;0,957820849;-0,271958742;1;-1,400951499;1,270264434;1,801902998;1;-2,647259752;1,960966483;12,23629876;1;;;;;;;;;;;;;
444;-1,465805725;1,306787441;0,465805725;1;0,089891576;1,057219526;-1,179783153;1;-0,809457535;1,96669526;3,047287676;1;;;;;;;;;;;;;
445;-1,314326246;1,030695506;0,314326246;1;-0,72164742;0,78273484;0,44329484;1;1,132919859;1,210766329;-6,664599296;1;;;;;;;;;;;;;
446;-1,591219179;0,91265524;0,591219179;1;-0,093232428;0,948572595;-0,813535144;1;-0,148199788;1,429392897;-0,25900106;1;;;;;;;;;;;;;
447;-0,463503966;0,971298523;-0,536496034;1;0,223296907;0,954005438;-1,446593814;1;-0,836660267;1,7212221;3,183301334;1;;;;;;;;;;;;;
448;-0,28629139;0,966011228;-0,71370861;1;-0,482384657;0,847625005;-0,035230686;1;-3,368443165;1,770242526;15,84221582;1;;;;;;;;;;;;;
449;-0,313153063;0,779381409;-0,686846937;1;-1,503018429;0,97461634;2,006036858;1;-0,459743321;1,75158638;1,298716607;1;;;;;;;;;;;;;
450;-0,629797014;0,82238782;-0,370202986;1;0,407764323;0,659537987;-1,815528646;1;-0,821927508;1,140896658;3,109637538;1;;;;;;;;;;;;;
451;-0,231753718;1,701378324;-0,768246282;1;0,150056731;1,27302023;-1,300113462;1;-2,837995884;2,182274908;13,18997942;1;;;;;;;;;;;;;
452;-0,671917219;0,83412752;-0,328082781;1;0,659861375;0,728834861;-2,319722751;1;-1,321300379;1,473420181;5,606501895;1;;;;;;;;;;;;;
453;-0,296766775;0,654795466;-0,703233225;1;-2,361475342;0,893645483;3,722950685;0;0,656239138;0,869860704;-4,281195688;1;;;;;;;;;;;;;
454;-0,202119514;1,321839821;-0,797880486;1;-1,343842083;1,158848536;1,687684165;1;-3,082747927;2,132215215;14,41373964;1;;;;;;;;;;;;;
455;-0,459095799;0,900015429;-0,540904201;1;-0,824195426;0,885193684;0,648390853;1;0,156108234;1,377263328;-1,780541171;1;;;;;;;;;;;;;
456;-0,44747861;1,639967852;-0,55252139;1;-0,854503239;1,318080987;0,709006478;1;-4,900150613;2,982196008;23,50075307;1;;;;;;;;;;;;;
457;-1,007072289;1,056101456;0,007072289;1;-0,496951809;0,934239944;-0,006096381;1;-1,247109974;1,875924748;5,23554987;1;;;;;;;;;;;;;
458;-2,169867454;0,825238849;1,169867454;1;0,339311136;0,835055366;-1,678622272;1;-1,670185971;1,129647239;7,350929857;1;;;;;;;;;;;;;
459;0,362567586;1,13502616;-1,362567586;1;-0,700425768;0,628403791;0,400851535;1;0,164985493;0,899195007;-1,824927464;1;;;;;;;;;;;;;
460;-2,536726188;1,540566389;1,536726188;1;-1,262732661;1,057975171;1,525465322;1;2,691050283;1,78647329;-14,45525142;1;;;;;;;;;;;;;
461;-0,956711649;0,950228058;-0,043288351;1;0,435231229;0,743145609;-1,870462459;1;0,896788182;1,371235108;-5,48394091;1;;;;;;;;;;;;;
462;-1,117558009;0,979433197;0,117558009;1;-1,876132561;1,05252986;2,752265123;1;-0,252667368;1,629924691;0,26333684;1;;;;;;;;;;;;;
463;-3,362960575;1,088330007;2,362960575;0;-0,031768132;0,872145225;-0,936463737;1;1,802078671;1,571704901;-10,01039336;1;;;;;;;;;;;;;
464;-0,870169905;0,942952021;-0,129830095;1;0,173176432;0,70311306;-1,346352865;1;0,184919105;1,380176795;-1,924595526;1;;;;;;;;;;;;;
465;0,10648684;1,733883953;-1,10648684;1;-1,269479198;1,163549751;1,538958396;1;0,058858075;1,597413321;-1,294290373;1;;;;;;;;;;;;;
466;-0,242594096;0,95411484;-0,757405904;1;-0,814479621;0,77176741;0,628959242;1;-1,458323208;1,326034213;6,291616039;1;;;;;;;;;;;;;
467;-2,701044047;2,050135079;1,701044047;1;-1,399079069;1,376843816;1,798158138;1;5,042889058;3,115662378;-26,21444529;1;;;;;;;;;;;;;
468;-1,340365663;0,883818292;0,340365663;1;-0,289410195;0,64505432;-0,42117961;1;1,616238315;1,057793634;-9,081191573;1;;;;;;;;;;;;;
469;-0,718730525;1,42230795;-0,281269475;1;-0,662539461;1,347514777;0,325078923;1;-0,759204596;2,253156401;2,796022979;1;;;;;;;;;;;;;
470;0,153780414;1,066415991;-1,153780414;1;-1,136931301;0,865530329;1,273862603;1;-2,244651553;1,589417845;10,22325776;1;;;;;;;;;;;;;
471;-1,359919949;0,697784907;0,359919949;1;0,065378363;0,668985301;-1,130756727;1;-1,530125712;1,106159687;6,65062856;1;;;;;;;;;;;;;
472;-0,576930114;1,248324508;-0,423069886;1;0,955224114;0,969242374;-2,910448227;1;-1,37720332;1,640510241;5,886016602;1;;;;;;;;;;;;;
473;-1,59349189;0,729899974;0,59349189;1;-1,786708979;0,825393312;2,573417957;1;0,165216519;0,978345463;-1,826082594;1;;;;;;;;;;;;;
474;-1,449755755;0,647499774;0,449755755;1;-0,490660173;0,740621145;-0,018679653;1;-0,75745893;1,129554525;2,78729465;1;;;;;;;;;;;;;
475;-2,441679052;1,227093202;1,441679052;1;-0,754811789;1,152331872;0,509623578;1;-0,431298234;1,676368055;1,156491171;1;;;;;;;;;;;;;
476;-1,693799944;2,286791001;0,693799944;1;-0,55385722;1,356838888;0,10771444;1;0,176140934;2,710807786;-1,880704669;1;;;;;;;;;;;;;
477;-0,247440723;0,490094609;-0,752559277;1;-0,330490468;0,638616321;-0,339019065;1;-1,491556075;1,38963027;6,457780374;1;;;;;;;;;;;;;
478;-0,58298583;0,751950199;-0,41701417;1;-1,32685279;0,698509286;1,65370558;1;-0,606456756;1,036621352;2,032283779;1;;;;;;;;;;;;;
479;-1,551841517;0,802352134;0,551841517;1;-1,748873242;1,020814435;2,497746483;1;-0,02785104;1,271257469;-0,860744799;1;;;;;;;;;;;;;
480;-2,378298328;1,889227545;1,378298328;1;0,782738205;1,125815008;-2,56547641;1;1,409707641;2,524160458;-8,048538207;1;;;;;;;;;;;;;
481;0,360779328;0,686335523;-1,360779328;0;-0,62027132;0,883937011;0,240542639;1;-3,002122876;1,56151563;14,01061438;1;;;;;;;;;;;;;
482;-0,644738222;0,877433304;-0,355261778;1;-1,546319511;1,244561253;2,092639022;1;-1,391302235;1,539519313;5,956511173;1;;;;;;;;;;;;;
483;0,015373217;1,002453721;-1,015373217;1;-1,801612854;0,982566444;2,603225708;1;-1,405839364;1,222705721;6,02919682;1;;;;;;;;;;;;;
484;-0,549444772;0,681396836;-0,450555228;1;-1,403161268;0,977209684;1,806322536;1;-2,110789859;1,729762931;9,553949293;1;;;;;;;;;;;;;
485;-0,310724923;0,678951004;-0,689275077;1;-1,519518933;0,908073273;2,039037866;1;-0,972387679;1,18687302;3,861938393;1;;;;;;;;;;;;;
486;-2,960073576;1,491248817;1,960073576;1;-1,166911738;1,274803127;1,333823477;1;0,389066462;1,998989656;-2,945332309;1;;;;;;;;;;;;;
487;-0,486567007;0,721634664;-0,513432993;1;-0,378966196;0,638494812;-0,242067607;1;-0,39953669;1,147221372;0,997683449;1;;;;;;;;;;;;;
488;-0,914394432;1,053363288;-0,085605568;1;-2,925467516;1,942238003;4,850935032;1;1,682971393;1,583459856;-9,414856964;1;;;;;;;;;;;;;
489;-0,593222831;0,767501083;-0,406777169;1;-2,127352354;1,021566764;3,254704709;1;-0,640579848;1,543644168;2,202899241;1;;;;;;;;;;;;;
490;-2,075311691;1,024165084;1,075311691;1;0,294940269;0,798680497;-1,589880539;1;0,809058846;1,446632609;-5,045294231;1;;;;;;;;;;;;;
491;-0,629214592;0,739394742;-0,370785408;1;-1,700901979;0,948114731;2,401803959;1;-0,836670046;1,258542547;3,183350228;1;;;;;;;;;;;;;
492;-0,214536446;0,647849911;-0,785463554;1;-0,756745806;0,674352367;0,513491612;1;-1,343811968;0,984877896;5,719059842;1;;;;;;;;;;;;;
493;-0,616625636;1,01401522;-0,383374364;1;0,072956879;0,73163374;-1,145913759;1;-0,312450818;1,231767048;0,56225409;1;;;;;;;;;;;;;
494;-0,897815608;0,731619061;-0,102184392;1;-0,150747629;0,639403251;-0,698504743;1;-0,727479405;1,359868937;2,637397027;1;;;;;;;;;;;;;
495;-1,887006597;0,745158823;0,887006597;1;-0,366038792;0,643613005;-0,267922417;1;1,259188663;1,11437444;-7,295943315;1;;;;;;;;;;;;;
496;-0,910080123;0,905822291;-0,089919877;1;-1,251596064;0,994246335;1,503192128;1;-1,70435206;1,861545012;7,5217603;1;;;;;;;;;;;;;
497;-0,932967046;0,655322507;-0,067032954;1;-0,737176777;0,874304956;0,474353554;1;-1,297230894;1,296070294;5,486154471;1;;;;;;;;;;;;;
498;-1,079083028;0,679837808;0,079083028;1;-0,090098164;0,700322614;-0,819803673;1;-1,041037015;1,475649204;4,205185074;1;;;;;;;;;;;;;
499;-1,016255648;0,760296356;0,016255648;1;0,565312961;0,811922985;-2,130625922;1;-0,301015092;1,383436228;0,505075459;1;;;;;;;;;;;;;
500;-1,223413654;1,044797035;0,223413654;1;-0,014694898;0,977015475;-0,970610203;1;-0,906742112;1,523061136;3,533710562;1;;;;;;;;;;;;;
501;0,508792143;1,365087496;-1,508792143;1;-0,625543546;0,934978944;0,251087092;1;-0,134870394;1,637506234;-0,32564803;1;;;;;;;;;;;;;
502;-3,323384232;1,290094683;2,323384232;1;0,1797916;1,13932783;-1,359583201;1;-0,87118541;2,013618843;3,35592705;1;;;;;;;;;;;;;
503;-0,110470008;0,652320825;-0,889529992;1;-0,882900672;0,864368354;0,765801344;1;-2,779426034;1,669535823;12,89713017;1;;;;;;;;;;;;;
504;-0,624300986;0,623056447;-0,375699014;1;-0,653411247;0,782450795;0,306822494;1;-1,002877762;1,386293855;4,014388812;1;;;;;;;;;;;;;
505;-1,328967265;0,840035018;0,328967265;1;-1,037274634;0,899384897;1,074549268;1;0,832731782;1,11237794;-5,16365891;1;;;;;;;;;;;;;
506;-2,209918847;0,861421658;1,209918847;1;-0,89754354;0,90046816;0,795087079;1;1,609868233;1,495574143;-9,049341165;1;;;;;;;;;;;;;
507;-0,964871025;0,759120395;-0,035128975;1;-0,13602986;0,505324973;-0,727940279;1;0,628209585;1,032667456;-4,141047925;1;;;;;;;;;;;;;
508;0,335454021;0,854430882;-1,335454021;1;-1,828808363;1,156802419;2,657616726;1;-2,566059816;1,291051205;11,83029908;1;;;;;;;;;;;;;
509;-1,088483882;1,120682465;0,088483882;1;0,3577914;0,876185525;-1,7155828;1;-3,360794688;1,984267067;15,80397344;1;;;;;;;;;;;;;
510;-0,385817728;0,944313015;-0,614182272;1;0,02820411;0,918055523;-1,056408219;1;-0,541359632;1,567361732;1,706798159;1;;;;;;;;;;;;;
511;-0,579986184;0,982216117;-0,420013816;1;-1,887798289;1,331233017;2,775596577;1;-1,287961022;1,697559861;5,439805109;1;;;;;;;;;;;;;
512;-0,878175057;0,499127944;-0,121824943;1;-1,68927408;0,741332697;2,378548161;1;0,540156933;0,769618747;-3,700784664;1;;;;;;;;;;;;;
513;-0,675884972;0,501300415;-0,324115028;1;-0,544296303;0,791446609;0,088592606;1;0,039085257;0,729173962;-1,195426286;1;;;;;;;;;;;;;
514;-1,662819984;1,270805695;0,662819984;1;-0,25069789;1,528920164;-0,498604219;1;-1,661218041;2,407247543;7,306090207;1;;;;;;;;;;;;;
515;-0,090983912;1,692589325;-0,909016088;1;-2,242664781;1,344582028;3,485329562;1;-0,581140623;2,126624491;1,905703114;1;;;;;;;;;;;;;
516;-1,895636897;1,286590395;0,895636897;1;0,644742925;0,888491001;-2,289485849;1;1,319413674;1,518734141;-7,59706837;1;;;;;;;;;;;;;
517;-0,456636372;1,126268649;-0,543363628;1;0,561331469;1,002958891;-2,122662937;1;-2,824209427;1,652169266;13,12104713;1;;;;;;;;;;;;;
518;-1,775301699;1,055619825;0,775301699;1;-0,715511187;1,01145501;0,431022375;1;0,588372433;1,4022274;-3,941862165;1;;;;;;;;;;;;;
519;-1,793365278;0,835344193;0,793365278;1;-0,050241546;0,610803681;-0,899516908;1;1,515895296;0,981881915;-8,579476478;1;;;;;;;;;;;;;
520;0,38673964;0,546642612;-1,38673964;0;-0,985792927;0,686547855;0,971585854;1;-1,076767681;1,277389954;4,383838404;1;;;;;;;;;;;;;
521;-1,119560384;0,896947661;0,119560384;1;-0,595043028;0,929980567;0,190086056;1;-0,565432567;1,679310774;1,827162837;1;;;;;;;;;;;;;
522;1,093321597;1,009068521;-2,093321597;0;-1,157944378;0,870448713;1,315888755;1;-3,065749045;1,36607184;14,32874522;0;;;;;;;;;;;;;
523;-0,231275633;0,908725996;-0,768724367;1;-2,176979882;1,1771283;3,353959764;1;0,285777039;1,497550218;-2,428885195;1;;;;;;;;;;;;;
524;0,076968948;0,683592989;-1,076968948;1;-0,88984448;0,671876159;0,779688961;1;-1,172027863;1,191379973;4,860139316;1;;;;;;;;;;;;;
525;-2,300782502;0,998104038;1,300782502;1;1,683031178;0,83596288;-4,366062357;0;-0,406954058;0,693852566;1,034770291;1;;;;;;;;;;;;;
526;-1,102343134;0,938934119;0,102343134;1;-0,109299252;0,875470032;-0,781401495;1;-0,709829586;1,60358669;2,54914793;1;;;;;;;;;;;;;
527;-0,408459658;0,700640548;-0,591540342;1;-2,792613656;1,247078256;4,585227311;1;0,187334854;1,366128267;-1,936674271;1;;;;;;;;;;;;;
528;-1,360359774;1,14636773;0,360359774;1;0,416604333;1,322102141;-1,833208667;1;2,103849544;1,804479341;-11,51924772;1;;;;;;;;;;;;;
529;-1,180381269;1,043725916;0,180381269;1;-0,24317056;1,108955947;-0,513658879;1;0,869840171;1,581877083;-5,349200855;1;;;;;;;;;;;;;
530;0,452110312;1,837589307;-1,452110312;1;-6,648570291;3,896958046;12,29714058;1;-0,883880415;1,64426685;3,419402077;1;;;;;;;;;;;;;
531;-1,615306862;1,486845015;0,615306862;1;-1,207942715;1,586355813;1,415885429;1;-2,531337534;2,465262015;11,65668767;1;;;;;;;;;;;;;
532;-0,332473876;0,945227802;-0,667526124;1;-2,300047034;0,981060525;3,600094068;1;0,744572762;0,973352832;-4,722863811;1;;;;;;;;;;;;;
533;-1,612413666;0,89992218;0,612413666;1;-0,864468738;0,781312636;0,728937475;1;0,276601679;1,182509496;-2,383008393;1;;;;;;;;;;;;;
534;-2,79865285;1,595697736;1,79865285;1;-2,277793743;1,08379133;3,555587486;1;5,206752707;2,294149992;-27,03376354;0;;;;;;;;;;;;;
535;-0,665665442;0,504442929;-0,334334558;1;-0,660075913;0,51891485;0,320151827;1;-2,423773266;1,126226585;11,11886633;0;;;;;;;;;;;;;
536;-4,084931615;1,8252887;3,084931615;1;0,312766712;1,022677209;-1,625533424;1;2,379984233;2,256012181;-12,89992117;1;;;;;;;;;;;;;
537;-2,837086097;0,885833033;1,837086097;0;0,568587942;0,699895512;-2,137175883;1;1,870294588;1,137626532;-10,35147294;1;;;;;;;;;;;;;
538;1,599266554;1,983944815;-2,599266554;1;0,910909084;1,241267265;-2,821818168;1;-2,636714735;1,396319521;12,18357368;1;;;;;;;;;;;;;
539;-1,962229742;0,989626047;0,962229742;1;0,791579071;0,788698888;-2,583158142;1;0,420484745;1,196039635;-3,102423727;1;;;;;;;;;;;;;
540;-0,113320416;1,30071501;-0,886679584;1;-0,162695274;1,057631218;-0,674609451;1;-2,164479806;2,075653163;9,822399031;1;;;;;;;;;;;;;
541;-0,796411314;0,973774804;-0,203588686;1;-0,221027836;0,75434136;-0,557944328;1;-1,77776254;1,812435124;7,888812701;1;;;;;;;;;;;;;
542;-0,639820438;0,786974856;-0,360179562;1;0,249468668;0,593955473;-1,498937336;1;-1,231056091;1,094259019;5,155280455;1;;;;;;;;;;;;;
543;-3,865870569;1,379917862;2,865870569;0;-0,977863532;0,960140822;0,955727065;1;3,028838633;1,666176562;-16,14419316;1;;;;;;;;;;;;;
544;-1,284919118;1,437017575;0,284919118;1;0,390311825;1,222024336;-1,780623649;1;1,444995211;1,752759848;-8,224976054;1;;;;;;;;;;;;;
545;-0,985110634;0,98781067;-0,014889366;1;-1,846081669;1,135055015;2,692163338;1;1,368102284;1,544390265;-7,840511419;1;;;;;;;;;;;;;
546;-0,841192449;0,958734743;-0,158807551;1;-0,861561794;0,835641826;0,723123589;1;-0,252332167;1,941236459;0,261660833;1;;;;;;;;;;;;;
547;0,157848177;1,236581847;-1,157848177;1;0,953048333;1,108351108;-2,906096666;1;-2,409145601;1,891642963;11,04572801;1;;;;;;;;;;;;;
548;-2,542349712;1,162930968;1,542349712;1;-0,3777052;0,926928323;-0,244589601;1;2,98309671;1,528652723;-15,91548355;0;;;;;;;;;;;;;
549;-3,39386497;1,34477334;2,39386497;1;-1,28769109;0,948122107;1,575382181;1;2,661035095;1,86556189;-14,30517547;1;;;;;;;;;;;;;
550;-0,698834954;0,536513705;-0,301165046;1;-0,596116891;0,520350263;0,192233781;1;-1,29009949;1,017175051;5,45049745;1;;;;;;;;;;;;;
551;-2,083262731;1,460537662;1,083262731;1;0,332254236;1,229311305;-1,664508472;1;-0,746085668;1,798828492;2,730428341;1;;;;;;;;;;;;;
552;0,646717427;0,909116617;-1,646717427;1;-1,375214948;1,020952805;1,750429897;1;-1,197889185;1,444147668;4,989445927;1;;;;;;;;;;;;;
553;-0,939380656;0,603680057;-0,060619344;1;-0,625925212;0,763407711;0,251850423;1;0,060161087;1,181303571;-1,300805437;1;;;;;;;;;;;;;
554;-7,611781651;3,28486361;6,611781651;0;4,096688656;2,389134048;-9,193377313;1;7,470247619;4,436126652;-38,3512381;1;;;;;;;;;;;;;
555;-2,244145747;1,37330564;1,244145747;1;0,661890975;0,901973933;-2,323781951;1;-0,239338821;1,774939681;0,196694104;1;;;;;;;;;;;;;
556;-2,052629527;1,343685965;1,052629527;1;0,723620344;0,954113098;-2,447240688;1;1,966498684;1,575217589;-10,83249342;1;;;;;;;;;;;;;
557;-1,508326523;1,184056669;0,508326523;1;0,408421205;0,972452099;-1,816842411;1;-3,880809132;1,524876454;18,40404566;0;;;;;;;;;;;;;
558;0,438189907;2,469962103;-1,438189907;1;-0,094136465;1,483925774;-0,811727071;1;-0,936750156;2,028255054;3,683750781;1;;;;;;;;;;;;;
559;1,903126979;0,739440181;-2,903126979;0;-1,800742029;0,747938951;2,601484058;1;-3,298409595;1,477189322;15,49204797;0;;;;;;;;;;;;;
560;-0,230190137;0,889715292;-0,769809863;1;0,239816444;0,871760998;-1,479632888;1;-3,039223251;1,6230867;14,19611626;1;;;;;;;;;;;;;
561;-1,417735134;1,196622002;0,417735134;1;-3,751977859;1,524250667;6,503955717;0;2,809876406;1,801953263;-15,04938203;1;;;;;;;;;;;;;
562;-2,487988116;1,118094715;1,487988116;1;0,597249477;0,989556931;-2,194498954;1;-0,8338632;1,387595489;3,169315999;1;;;;;;;;;;;;;
563;-3,359495735;1,013268307;2,359495735;0;-0,887101254;0,743432335;0,774202508;1;2,356752191;1,172977638;-12,78376096;0;;;;;;;;;;;;;
564;-0,617786226;0,639391547;-0,382213774;1;-0,93748111;0,849739725;0,87496222;1;-1,642277541;1,095723122;7,211387706;1;;;;;;;;;;;;;
565;-1,322291561;1,027019077;0,322291561;1;1,005256924;0,817364735;-3,010513849;1;-1,56323269;1,783926312;6,816163449;1;;;;;;;;;;;;;
566;-5,381268976;2,085337904;4,381268976;0;2,373962139;1,678682064;-5,747924279;1;2,552094375;2,453995039;-13,76047187;1;;;;;;;;;;;;;
567;-4,27312206;1,478280628;3,27312206;0;0,500309725;1,298151879;-2,000619451;1;2,322334581;1,948374885;-12,61167291;1;;;;;;;;;;;;;
568;-0,660208617;0,828913331;-0,339791383;1;0,340528597;0,667743852;-1,681057194;1;-0,590747947;0,979718659;1,953739737;1;;;;;;;;;;;;;
569;-0,845281966;1,532116026;-0,154718034;1;-0,322224363;1,399343918;-0,355551275;1;0,98030145;2,461459184;-5,901507252;1;;;;;;;;;;;;;
570;-0,58704369;0,516367051;-0,41295631;1;-0,168961908;0,655794762;-0,662076183;1;-1,704995346;1,23622893;7,524976731;1;;;;;;;;;;;;;
571;-0,647135985;0,819851591;-0,352864015;1;0,631484562;0,599638202;-2,262969124;1;-2,461854344;0,921671298;11,30927172;0;;;;;;;;;;;;;
572;-0,214591329;0,886023451;-0,785408671;1;0,099251703;0,750761495;-1,198503406;1;-1,729149131;1,583124339;7,645745654;1;;;;;;;;;;;;;
573;-2,765557584;1,687363562;1,765557584;1;-0,226591909;1,254745599;-0,546816182;1;1,91948822;2,076783972;-10,5974411;1;;;;;;;;;;;;;
574;-0,585187948;0,703331333;-0,414812052;1;-0,28202842;0,741371093;-0,435943161;1;-1,266590009;1,440619153;5,332950044;1;;;;;;;;;;;;;
575;-1,908484395;1,370229586;0,908484395;1;1,140945985;1,115256534;-3,28189197;1;-1,798473858;1,739921899;7,992369291;1;;;;;;;;;;;;;
576;-0,480645948;0,807227152;-0,519354052;1;-0,963380125;0,814667692;0,926760251;1;-1,085943565;1,469258766;4,429717825;1;;;;;;;;;;;;;
577;-2,885325639;1,792606716;1,885325639;1;0,398551911;1,165328982;-1,797103822;1;1,931860108;2,257554437;-10,65930054;1;;;;;;;;;;;;;
578;-2,860542402;1,305130952;1,860542402;1;-1,826860304;1,300885467;2,653720608;1;2,547988498;2,136405824;-13,73994249;1;;;;;;;;;;;;;
579;-2,285795093;1,016904599;1,285795093;1;1,282063205;0,808809175;-3,564126409;0;0,051506125;1,3018113;-1,257530624;1;;;;;;;;;;;;;
580;0,34838818;1,002612246;-1,34838818;1;-0,831614803;1,505023224;0,663229607;1;-3,07924013;2,325519459;14,39620065;1;;;;;;;;;;;;;
581;-1,553092111;1,221470151;0,553092111;1;-0,268196002;1,039060385;-0,463607995;1;0,603447;1,96883413;-4,017235001;1;;;;;;;;;;;;;
582;-2,702990927;1,042107082;1,702990927;1;-0,829383303;1,001086398;0,658766606;1;2,229783595;1,521647952;-12,14891798;1;;;;;;;;;;;;;
583;-0,276241305;0,838372275;-0,723758695;1;-0,708504635;0,74025841;0,41700927;1;-0,444136988;1,275467101;1,220684941;1;;;;;;;;;;;;;
584;-1,238623943;1,381546006;0,238623943;1;-0,435811985;1,058107369;-0,12837603;1;2,822044688;2,185463173;-15,11022344;1;;;;;;;;;;;;;
585;-0,620835886;0,999288758;-0,379164114;1;0,555835284;0,728542622;-2,111670567;1;-0,964302159;1,444245514;3,821510795;1;;;;;;;;;;;;;
586;-0,313547789;0,524145753;-0,686452211;1;-1,559248945;0,613695417;2,118497889;1;-1,428190075;0,887189057;6,140950373;1;;;;;;;;;;;;;
587;0,120561192;0,541347838;-1,120561192;0;0,223785878;0,433344342;-1,447571756;1;-3,517789057;0,969737586;16,58894528;0;;;;;;;;;;;;;
588;-2,570010154;1,472905754;1,570010154;1;0,56356322;1,106856408;-2,12712644;1;0,49463622;1,542443467;-3,473181102;1;;;;;;;;;;;;;
589;-1,012854374;0,923952726;0,012854374;1;-0,668602848;0,733201928;0,337205695;1;0,39540189;1,183174966;-2,977009451;1;;;;;;;;;;;;;
590;-2,665882038;0,870570255;1,665882038;1;-1,288707656;0,711561738;1,577415312;1;2,416342177;1,418838435;-13,08171088;1;;;;;;;;;;;;;
591;0,511749022;1,736830605;-1,511749022;1;-1,905744436;1,658196491;2,811488872;1;-2,53902976;2,134312896;11,6951488;1;;;;;;;;;;;;;
592;-0,32069876;0,884576506;-0,67930124;1;1,051679839;0,691508508;-3,103359679;0;0,050894413;1,325688501;-1,254472067;1;;;;;;;;;;;;;
593;-2,666170503;2,064587792;1,666170503;1;0,065022909;1,14922498;-1,130045817;1;1,532871106;3,270577467;-8,664355529;1;;;;;;;;;;;;;
594;-2,509930901;2,910155955;1,509930901;1;2,333987286;1,995251962;-5,667974573;1;-0,81391877;3,351264212;3,069593852;1;;;;;;;;;;;;;
595;-3,624672704;1,845076129;2,624672704;1;-3,744832605;1,671102944;6,48966521;1;4,568339692;2,397292702;-23,84169846;0;;;;;;;;;;;;;
596;-0,833180569;0,637700167;-0,166819431;1;0,148497332;0,656386377;-1,296994663;1;-1,808191786;1,459400222;8,040958929;1;;;;;;;;;;;;;
597;-0,904180289;2,138182102;-0,095819711;1;-0,571993558;1,584489487;0,143987116;1;-2,25998707;2,628612116;10,29993535;1;;;;;;;;;;;;;
598;-3,079934916;1,34604084;2,079934916;1;0,885331989;1,123709116;-2,770663979;1;-1,798991338;2,064373547;7,99495669;1;;;;;;;;;;;;;
599;-2,788091808;2,107853378;1,788091808;1;-0,210315645;0,849041727;-0,57936871;1;5,179019622;1,973383882;-26,89509811;0;;;;;;;;;;;;;
600;-3,246006542;1,358542691;2,246006542;1;-0,244688683;0,81090533;-0,510622634;1;2,108462939;1,69775327;-11,54231469;1;;;;;;;;;;;;;
601;-1,247678494;0,952792519;0,247678494;1;-1,458161632;0,905630184;1,916323264;1;-0,349816862;1,618418475;0,749084311;1;;;;;;;;;;;;;
602;-2,148737742;1,245704877;1,148737742;1;0,213532383;0,908834024;-1,427064767;1;-0,751629674;1,951663066;2,75814837;1;;;;;;;;;;;;;
603;-1,321718246;1,05385032;0,321718246;1;-0,183573353;0,9369161;-0,632853293;1;0,054412927;1,650415297;-1,272064635;1;;;;;;;;;;;;;
604;-0,362028602;0,690519296;-0,637971398;1;-0,811540647;0,796888508;0,623081295;1;-2,303362402;1,655214825;10,51681201;1;;;;;;;;;;;;;
605;-0,666460743;0,641841556;-0,333539257;1;-1,425804119;0,754583653;1,851608237;1;-1,404277435;0,947938778;6,021387175;1;;;;;;;;;;;;;
606;3,369972274;2,116677175;-4,369972274;0;-1,710126085;1,418516954;2,42025217;1;-5,399859005;3,270107813;25,99929503;1;;;;;;;;;;;;;
607;0,438509717;0,754549633;-1,438509717;1;-0,923072136;0,847143139;0,846144273;1;-3,268596522;1,906819166;15,34298261;1;;;;;;;;;;;;;
608;-2,656176542;1,409452688;1,656176542;1;1,732247148;1,328833717;-4,464494297;1;0,826245919;1,025075369;-5,131229595;1;;;;;;;;;;;;;
609;-0,468318582;0,811123864;-0,531681418;1;-0,809016149;0,946597464;0,618032298;1;-2,787251754;1,245604113;12,93625877;0;;;;;;;;;;;;;
610;-0,227098482;0,682727809;-0,772901518;1;-0,558796824;0,698626432;0,117593647;1;-1,2068264;1,218826138;5,034132001;1;;;;;;;;;;;;;
611;-0,629505635;0,548637584;-0,370494365;1;-1,863375415;0,988669899;2,726750831;1;0,826374593;1,095112993;-5,131872967;1;;;;;;;;;;;;;
612;-1,117484648;0,85696601;0,117484648;1;-0,91822809;0,74915548;0,83645618;1;0,614865188;1,440499877;-4,074325938;1;;;;;;;;;;;;;
613;-0,28290844;0,882380144;-0,71709156;1;0,969939046;0,752231017;-2,939878092;1;-0,616221341;1,300975444;2,081106706;1;;;;;;;;;;;;;
614;-2,135883297;1,049914553;1,135883297;1;-2,2940276;1,15419687;3,588055199;1;1,081558291;2,012744281;-6,407791455;1;;;;;;;;;;;;;
615;-1,61211857;0,668612392;0,61211857;1;-0,873357615;0,747632466;0,74671523;1;0,708303636;1,126572059;-4,541518181;1;;;;;;;;;;;;;
616;1,436867114;2,280351052;-2,436867114;1;-0,885417908;1,09986396;0,770835817;1;0,60233028;2,024672661;-4,011651399;1;;;;;;;;;;;;;
617;-1,123982231;1,310711518;0,123982231;1;-1,145028395;1,0763622;1,29005679;1;-0,397699481;1,801418362;0,988497406;1;;;;;;;;;;;;;
618;-1,438629155;0,864590598;0,438629155;1;-0,002050674;0,767386733;-0,995898651;1;-0,760879766;1,28105971;2,804398828;1;;;;;;;;;;;;;
619;-1,517712638;0,98742946;0,517712638;1;0,138389681;0,749231814;-1,276779362;1;0,697366428;1,343206674;-4,48683214;1;;;;;;;;;;;;;
620;-1,871845319;0,840557408;0,871845319;1;0,459873503;0,602290185;-1,919747005;1;0,151981483;0,98184337;-1,759907415;1;;;;;;;;;;;;;
621;-3,248350775;1,366892522;2,248350775;1;-1,334745977;1,092531723;1,669491954;1;2,49121917;1,691516449;-13,45609585;1;;;;;;;;;;;;;
622;0,150438469;1,205812012;-1,150438469;1;-2,108824018;1,120507105;3,217648036;1;-1,454043843;1,26851651;6,270219216;1;;;;;;;;;;;;;
623;-4,319527946;1,222970561;3,319527946;0;0,067542522;0,87504652;-1,135085044;1;1,870039428;1,717970144;-10,35019714;1;;;;;;;;;;;;;
624;-0,608978182;1,390812293;-0,391021818;1;-2,027704091;1,210886547;3,055408181;1;1,127295675;1,782581445;-6,636478373;1;;;;;;;;;;;;;
625;-0,166325491;0,795568973;-0,833674509;1;-1,163983774;0,593128521;1,327967549;1;-1,181951166;0,906324991;4,909755828;1;;;;;;;;;;;;;
626;-1,528652579;0,934635317;0,528652579;1;-1,83898485;1,214901955;2,6779697;1;1,068910463;1,51527983;-6,344552313;1;;;;;;;;;;;;;
627;-0,18212099;1,00731614;-0,81787901;1;-2,158165518;1,077777772;3,316331036;1;2,511355013;1,481951374;-13,55677506;1;;;;;;;;;;;;;
628;-1,895500431;1,328537258;0,895500431;1;0,057719118;1,090143377;-1,115438236;1;0,534220864;2,154645023;-3,671104321;1;;;;;;;;;;;;;
629;-1,77522659;1,169226887;0,77522659;1;-0,75656994;1,108876622;0,51313988;1;0,671002099;1,664293863;-4,355010493;1;;;;;;;;;;;;;
630;-0,425448664;0,521669113;-0,574551336;1;-0,550416154;0,642384085;0,100832308;1;-0,714836315;1,054475469;2,574181575;1;;;;;;;;;;;;;
631;-2,187047398;1,550900834;1,187047398;1;-1,617919111;1,495318013;2,235838222;1;-1,316619927;2,77267635;5,583099635;1;;;;;;;;;;;;;
632;-1,918020172;0,961642311;0,918020172;1;-1,003590956;0,990236878;1,007181912;1;0,905105491;1,3821148;-5,525527453;1;;;;;;;;;;;;;
633;-1,820094345;1,008336496;0,820094345;1;0,567309251;0,944121892;-2,134618502;1;-2,743481008;1,577945295;12,71740504;1;;;;;;;;;;;;;
634;-1,68680886;0,979851724;0,68680886;1;-0,872385929;0,948080962;0,744771857;1;0,370659619;1,539799964;-2,853298094;1;;;;;;;;;;;;;
635;-0,564187646;0,889738427;-0,435812354;1;-2,359488468;1,359787956;3,718976937;1;-1,522860984;1,834843943;6,614304919;1;;;;;;;;;;;;;
636;-1,999300636;0,933893779;0,999300636;1;0,052894858;0,702720084;-1,105789716;1;1,628532417;1,712102251;-9,142662083;1;;;;;;;;;;;;;
637;-1,523561093;1,120432561;0,523561093;1;0,396068216;0,917311572;-1,792136432;1;0,727873031;1,817607056;-4,639365154;1;;;;;;;;;;;;;
638;-0,519570414;0,999713932;-0,480429586;1;-0,803825551;0,830000745;0,607651102;1;-0,910542973;1,265860648;3,552714864;1;;;;;;;;;;;;;
639;-1,382189803;1,175147052;0,382189803;1;0,37706056;0,926146203;-1,754121119;1;0,460124577;1,770754927;-3,300622887;1;;;;;;;;;;;;;
640;0,528860788;0,934989108;-1,528860788;1;-2,798024971;1,081410343;4,596049942;0;-0,783554664;1,197169738;2,917773321;1;;;;;;;;;;;;;
641;-1,559108837;0,956928938;0,559108837;1;0,790985908;0,79130586;-2,581971815;1;-0,779274545;1,651442124;2,896372723;1;;;;;;;;;;;;;
642;0,190853841;0,639999178;-1,190853841;1;-1,552593594;0,839310796;2,105187188;1;-1,206480112;1,139080577;5,032400559;1;;;;;;;;;;;;;
643;-4,335954091;1,242847132;3,335954091;0;-1,206268303;1,494581864;1,412536607;1;4,509334791;2,385843641;-23,54667395;0;;;;;;;;;;;;;
644;-0,805757694;1,015326782;-0,194242306;1;-0,425010088;1,044611254;-0,149979824;1;-1,631572813;1,665397025;7,157864065;1;;;;;;;;;;;;;
645;-0,387686246;1,279231432;-0,612313754;1;-0,549874261;1,093801354;0,099748522;1;-4,797519702;1,876732415;22,98759851;0;;;;;;;;;;;;;
646;0,3265771;1,097004173;-1,3265771;1;0,108302162;0,851783384;-1,216604324;1;-2,716078686;1,647916067;12,58039343;1;;;;;;;;;;;;;
647;-1,445536139;1,274597849;0,445536139;1;1,695163002;1,069547939;-4,390326005;0;-2,649432913;1,518588184;12,24716456;1;;;;;;;;;;;;;
648;-6,576159038;1,852870613;5,576159038;0;0,177748024;0,905460991;-1,355496047;1;8,148721966;2,260909134;-41,74360983;0;;;;;;;;;;;;;
649;-0,561815568;1,20865536;-0,438184432;1;0,668834173;0,988439184;-2,337668345;1;-0,558879861;1,81573753;1,794399303;1;;;;;;;;;;;;;
650;-3,533990028;1,762013974;2,533990028;1;-0,877573382;1,560221973;0,755146763;1;2,353316708;2,245576839;-12,76658354;1;;;;;;;;;;;;;
651;-0,695877907;0,881162936;-0,304122093;1;-1,189381717;0,865621936;1,378763434;1;-0,265081137;1,563574762;0,325405687;1;;;;;;;;;;;;;
652;-0,883649328;0,946063604;-0,116350672;1;-1,583885172;1,043072067;2,167770343;1;-1,296750703;1,403725847;5,483753516;1;;;;;;;;;;;;;
653;-0,616910766;0,747501092;-0,383089234;1;-1,505012574;0,729636505;2,010025148;1;-0,499993937;1,198875239;1,499969685;1;;;;;;;;;;;;;
654;-2,174213667;1,96288417;1,174213667;1;0,149533849;1,603237269;-1,299067697;1;-0,920752719;2,790478911;3,603763593;1;;;;;;;;;;;;;
655;-2,466936184;1,10641144;1,466936184;1;-1,062027823;0,865898771;1,124055646;1;0,723676084;1,897737456;-4,618380418;1;;;;;;;;;;;;;
656;-2,646222854;1,229413614;1,646222854;1;0,155655358;0,976322827;-1,311310715;1;2,164395446;1,826563626;-11,82197723;1;;;;;;;;;;;;;
657;1,098993861;0,678649236;-2,098993861;0;0,7253758;0,839173734;-2,450751599;1;-0,673277923;1,545406784;2,366389614;1;;;;;;;;;;;;;
658;-2,432369966;1,240494433;1,432369966;1;1,54403855;1,011586985;-4,0880771;0;0,24644705;1,551984946;-2,232235251;1;;;;;;;;;;;;;
659;-4,810941561;2,156449874;3,810941561;1;2,492344994;1,659009099;-5,984689988;1;1,987421071;3,424545431;-10,93710536;1;;;;;;;;;;;;;
660;-1,050622448;0,502784667;0,050622448;1;-1,668057509;0,887328031;2,336115018;1;-0,050154934;0,829593918;-0,74922533;1;;;;;;;;;;;;;
661;-1,237603341;0,82056819;0,237603341;1;-0,088107853;0,645543801;-0,823784295;1;-0,450672686;1,162406551;1,253363428;1;;;;;;;;;;;;;
662;0,762070768;1,167734194;-1,762070768;1;-1,437953603;0,986673498;1,875907206;1;-1,254449077;1,075848902;5,272245383;1;;;;;;;;;;;;;
663;0,297666979;0,951431129;-1,297666979;1;-0,762067812;0,789968743;0,524135624;1;-0,557173092;1,213940281;1,785865461;1;;;;;;;;;;;;;
664;-2,14809621;0,838570195;1,14809621;1;-0,137666244;0,859650798;-0,724667512;1;0,491172101;1,351565915;-3,455860504;1;;;;;;;;;;;;;
665;0,265272231;0,572227436;-1,265272231;0;-1,222185108;0,618126353;1,444370216;1;-3,754112736;1,404580342;17,77056368;0;;;;;;;;;;;;;
666;-1,561540291;0,810803027;0,561540291;1;-0,164711628;0,727898116;-0,670576745;1;-1,371948815;1,194912583;5,859744076;1;;;;;;;;;;;;;
667;-3,121367062;1,864217945;2,121367062;1;-1,25781276;1,601854449;1,515625521;1;0,160609715;2,594850437;-1,803048573;1;;;;;;;;;;;;;
668;1,110211427;0,832045837;-2,110211427;0;-0,896924248;0,515301804;0,793848496;1;-4,065653737;1,769535593;19,32826869;0;;;;;;;;;;;;;
669;-0,731896855;0,960019227;-0,268103145;1;0,386694878;0,623336162;-1,773389755;1;-0,400443737;1,050460397;1,002218685;1;;;;;;;;;;;;;
670;-1,077253723;1,130675607;0,077253723;1;-0,169926736;0,953167477;-0,660146528;1;-0,007984614;1,736762961;-0,960076929;1;;;;;;;;;;;;;
671;0,900856215;0,889150631;-1,900856215;0;-0,809215332;1,002103093;0,618430664;1;-4,104427418;2,05951065;19,52213709;1;;;;;;;;;;;;;
672;-1,453632009;2,447873576;0,453632009;1;1,884157057;1,338992877;-4,768314114;1;1,645391905;2,197240786;-9,226959523;1;;;;;;;;;;;;;
673;-0,747515878;1,125456762;-0,252484122;1;-0,377527163;0,949298868;-0,244945673;1;0,216837159;1,958808658;-2,084185797;1;;;;;;;;;;;;;
674;-1,756725173;0,825135612;0,756725173;1;-0,549919982;0,856562125;0,099839965;1;0,719743748;1,158130976;-4,59871874;1;;;;;;;;;;;;;
675;-0,32523063;0,535951756;-0,67476937;1;0,166181678;0,610647512;-1,332363356;1;-1,108168683;1,02033768;4,540843416;1;;;;;;;;;;;;;
676;-1,546160244;1,204083664;0,546160244;1;-0,155684615;1,039016847;-0,68863077;1;-0,507193728;1,497057284;1,535968642;1;;;;;;;;;;;;;
677;-2,331688588;0,905667027;1,331688588;1;-0,941867682;0,894089499;0,883735365;1;-0,868215667;1,509928887;3,341078333;1;;;;;;;;;;;;;
678;-2,187635984;1,052239632;1,187635984;1;-0,7067488;1,110932394;0,413497601;1;-2,273324177;1,694250101;10,36662089;1;;;;;;;;;;;;;
679;-1,797022656;2,730191765;0,797022656;1;0,053767343;1,388833947;-1,107534685;1;1,577255298;2,776232882;-8,886276489;1;;;;;;;;;;;;;
680;-0,13008044;1,190257035;-0,86991956;1;-0,306781103;0,847015235;-0,386437795;1;-1,349047927;1,588199692;5,745239633;1;;;;;;;;;;;;;
681;-2,11204429;1,192457898;1,11204429;1;-0,507560638;1,260263211;0,015121276;1;2,0564019;2,661674256;-11,2820095;1;;;;;;;;;;;;;
682;-1,57182942;0,920679359;0,57182942;1;-1,920258125;1,306125075;2,840516249;1;-0,855573029;1,654734001;3,277865144;1;;;;;;;;;;;;;
683;-0,899192071;1,045314143;-0,100807929;1;1,030465805;1,058563423;-3,060931609;1;-2,312339669;1,605809561;10,56169835;1;;;;;;;;;;;;;
684;-1,130787354;0,889248619;0,130787354;1;-0,360163972;0,852409272;-0,279672056;1;0,330443413;1,348065802;-2,652217066;1;;;;;;;;;;;;;
685;-1,237866201;1,143480486;0,237866201;1;-0,385312682;1,202157923;-0,229374636;1;-4,399339428;3,018649569;20,99669714;1;;;;;;;;;;;;;
686;-0,494260872;1,006955217;-0,505739128;1;-1,344913003;0,823875297;1,689826005;1;0,272402269;1,391072202;-2,362011344;1;;;;;;;;;;;;;
687;-1,43581607;0,968161691;0,43581607;1;-1,815735272;1,046330863;2,631470544;1;2,134437735;1,868289635;-11,67218867;1;;;;;;;;;;;;;
688;0,225111057;0,610674125;-1,225111057;0;-0,898409618;0,513570686;0,796819235;1;-3,038188827;1,200933906;14,19094413;0;;;;;;;;;;;;;
689;-1,291750975;0,801556491;0,291750975;1;-1,127889504;0,918140236;1,255779008;1;-1,063366676;1,354126319;4,31683338;1;;;;;;;;;;;;;
690;-1,314656331;0,843023565;0,314656331;1;-0,088130514;0,623387024;-0,823738971;1;0,584979005;1,004178359;-3,924895024;1;;;;;;;;;;;;;
691;-1,295076713;0,970087096;0,295076713;1;-0,171814913;0,74011478;-0,656370174;1;-0,119353802;1,2742782;-0,403230989;1;;;;;;;;;;;;;
692;-2,475550393;1,728210035;1,475550393;1;-0,152536348;1,471233863;-0,694927304;1;-0,689913984;3,109188902;2,449569921;1;;;;;;;;;;;;;
693;-0,698620451;1,204889032;-0,301379549;1;0,351643438;0,866421912;-1,703286877;1;0,200069638;1,877791741;-2,000348191;1;;;;;;;;;;;;;
694;-1,654909922;1,509398173;0,654909922;1;1,145636859;1,276307327;-3,291273719;1;0,349728814;1,906148747;-2,748644071;1;;;;;;;;;;;;;
695;-2,728084497;0,895319547;1,728084497;1;-0,384219905;0,749870837;-0,23156019;1;1,237249166;1,18411173;-7,18624583;1;;;;;;;;;;;;;
696;-0,15218975;0,427874131;-0,84781025;0;-0,278254091;0,403235546;-0,443491818;1;-1,085613126;0,826321779;4,428065632;1;;;;;;;;;;;;;
697;-0,676170696;0,571316216;-0,323829304;1;0,18062339;0,547104563;-1,36124678;1;-0,517591305;0,88960699;1,587956525;1;;;;;;;;;;;;;
698;-0,509923836;1,320372929;-0,490076164;1;-0,894637523;0,812910964;0,789275047;1;0,834519886;1,306510654;-5,172599428;1;;;;;;;;;;;;;
699;-1,464711997;0,590481686;0,464711997;1;0,672111928;0,610565608;-2,344223856;1;-3,195874246;1,126765276;14,97937123;0;;;;;;;;;;;;;
700;-1,866872274;0,945645821;0,866872274;1;-0,589535017;1,025248248;0,179070034;1;-0,066877732;1,327873727;-0,665611339;1;;;;;;;;;;;;;
701;-4,00156564;1,861844281;3,00156564;1;2,775490687;1,443888322;-6,550981374;0;0,304685069;1,588541753;-2,523425346;1;;;;;;;;;;;;;
702;-1,386179468;0,743397036;0,386179468;1;0,70448485;0,606904296;-2,408969701;0;0,27389523;0,961083592;-2,369476148;1;;;;;;;;;;;;;
703;-0,734645517;1,138642396;-0,265354483;1;-1,718729503;1,46248744;2,437459006;1;0,450477613;1,5971162;-3,252388065;1;;;;;;;;;;;;;
704;-2,590291492;1,524956322;1,590291492;1;0,663431976;1,050172652;-2,326863952;1;1,70356171;1,850154391;-9,517808549;1;;;;;;;;;;;;;
705;-0,875051444;0,882473939;-0,124948556;1;-0,909354099;1,142883884;0,818708198;1;0,220266238;1,813309403;-2,101331189;1;;;;;;;;;;;;;
706;0,294304168;3,031902097;-1,294304168;1;-0,788532289;1,402591133;0,577064578;1;-0,740533499;3,256731363;2,702667496;1;;;;;;;;;;;;;
707;-4,082733969;2,78516132;3,082733969;1;-0,999780512;1,978904052;0,999561023;1;3,456916107;3,521297112;-18,28458053;1;;;;;;;;;;;;;
708;-1,887871433;1,165036075;0,887871433;1;-0,545347877;0,998415319;0,090695754;1;0,419322398;1,605032587;-3,096611989;1;;;;;;;;;;;;;
709;-1,394912553;0,767902947;0,394912553;1;-1,136768198;0,884480575;1,273536396;1;0,092380164;1,093355143;-1,461900818;1;;;;;;;;;;;;;
710;-1,82763187;1,244193034;0,82763187;1;-0,452171919;1,000060025;-0,095656163;1;0,249497557;1,585199376;-2,247487783;1;;;;;;;;;;;;;
711;-5,961980901;2,481815905;4,961980901;0;-0,8449637;1,049757878;0,689927401;1;4,984838125;2,811848499;-25,92419062;1;;;;;;;;;;;;;
712;-0,91344925;0,629161788;-0,08655075;1;-0,697249987;0,488746742;0,394499973;1;0,2414576;0,91143989;-2,207288001;1;;;;;;;;;;;;;
713;-0,431225022;1,152596648;-0,568774978;1;-0,078453141;0,792791162;-0,843093718;1;-0,092329943;1,1842;-0,538350284;1;;;;;;;;;;;;;
714;-0,470245109;0,510790266;-0,529754891;1;-2,412011164;0,977063555;3,824022328;1;-1,277823274;0,828148356;5,389116368;1;;;;;;;;;;;;;
715;-2,667104557;0,94557461;1,667104557;1;0,155276376;0,663150779;-1,310552752;1;1,736754486;1,227935722;-9,683772431;1;;;;;;;;;;;;;
716;-0,965624933;1,279733823;-0,034375067;1;-2,449946348;2,12085117;3,899892695;1;0,28373088;2,089620951;-2,418654398;1;;;;;;;;;;;;;
717;-0,765842638;1,089256594;-0,234157362;1;-1,476355223;1,188921737;1,952710445;1;-0,17982203;1,802121703;-0,10088985;1;;;;;;;;;;;;;
718;-0,323560053;0,906630916;-0,676439947;1;-1,358605684;0,983022797;1,717211368;1;-0,849966892;1,639329616;3,249834461;1;;;;;;;;;;;;;
719;-0,023619686;0,531947102;-0,976380314;1;-0,675692965;0,841338982;0,351385931;1;-0,368797396;0,938101407;0,84398698;1;;;;;;;;;;;;;
720;-1,478027502;1,008923812;0,478027502;1;1,060095155;0,853960909;-3,12019031;1;-2,113327913;1,661036959;9,566639567;1;;;;;;;;;;;;;
721;-1,117596156;0,868963163;0,117596156;1;-1,613760833;0,910083207;2,227521665;1;-3,35674042;1,417292299;15,7837021;0;;;;;;;;;;;;;
722;-9,127064436;8,989556537;8,127064436;1;2,156338475;2,958832448;-5,312676949;1;15,00070935;15,25720295;-76,00354676;1;;;;;;;;;;;;;
723;0,383993886;2,15596289;-1,383993886;1;-1,355605966;1,122736653;1,711211933;1;1,53652634;2,329085894;-8,6826317;1;;;;;;;;;;;;;
724;0,030177961;0,49294422;-1,030177961;0;-0,847515084;0,496406223;0,695030169;1;-0,743911205;0,79722948;2,719556027;1;;;;;;;;;;;;;
725;-0,581185864;0,725331133;-0,418814136;1;-1,880576346;1,277967382;2,761152692;1;-0,905627464;1,363947491;3,52813732;1;;;;;;;;;;;;;
726;-0,170234819;0,614104015;-0,829765181;1;-1,138693194;0,745328359;1,277386389;1;-0,287001164;1,104582346;0,435005822;1;;;;;;;;;;;;;
727;-0,775620157;0,731954669;-0,224379843;1;-1,210636573;0,704882583;1,421273146;1;-0,629389696;1,028751587;2,146948478;1;;;;;;;;;;;;;
728;-0,66198847;0,949618307;-0,33801153;1;-0,10641585;0,751615819;-0,7871683;1;-0,36961877;1,235940345;0,848093848;1;;;;;;;;;;;;;
729;-0,946002649;0,671514346;-0,053997351;1;-0,191349778;0,61863103;-0,617300443;1;0,128107251;1,006950007;-1,640536254;1;;;;;;;;;;;;;
730;-0,632595614;0,711543168;-0,367404386;1;-0,106453187;0,569748713;-0,787093627;1;-0,418640906;1,165435482;1,093204531;1;;;;;;;;;;;;;
731;-1,443888616;0,972663597;0,443888616;1;-0,581330827;0,893270453;0,162661654;1;0,071823582;1,171351439;-1,359117911;1;;;;;;;;;;;;;
732;-0,700700557;0,395712593;-0,299299443;1;-0,742039596;0,578326138;0,484079191;1;-1,530945258;0,978601591;6,654726292;1;;;;;;;;;;;;;
733;-0,306383401;0,719355618;-0,693616599;1;-0,555457282;0,770841139;0,110914564;1;-0,901113597;1,572908632;3,505567984;1;;;;;;;;;;;;;
734;-0,352942519;0,941653406;-0,647057481;1;-0,670925748;0,836574291;0,341851496;1;-1,311955826;1,512293934;5,559779131;1;;;;;;;;;;;;;
735;-1,748759799;0,922432758;0,748759799;1;0,747261735;0,723171064;-2,49452347;1;-0,253454332;1,045424263;0,267271659;1;;;;;;;;;;;;;
736;-1,461609988;0,756339877;0,461609988;1;0,353089964;0,628244647;-1,706179928;1;-0,419090465;1,092567016;1,095452327;1;;;;;;;;;;;;;
737;-2,112336487;0,900225933;1,112336487;1;-0,00819717;0,908489235;-0,983605659;1;-1,107070618;1,458428984;4,535353091;1;;;;;;;;;;;;;
738;-1,496943893;0,898452918;0,496943893;1;-0,651043122;0,853417248;0,302086244;1;0,49615086;1,319756401;-3,480754298;1;;;;;;;;;;;;;
739;-2,779508634;1,829365329;1,779508634;1;1,488441049;1,369642971;-3,976882097;1;-0,234141582;2,328512578;0,170707909;1;;;;;;;;;;;;;
740;-0,667554472;0,906234525;-0,332445528;1;-0,092940931;0,754441675;-0,814118138;1;-0,555881098;1,18439864;1,77940549;1;;;;;;;;;;;;;
741;-2,08274593;1,1561264;1,08274593;1;-0,640524411;0,811238208;0,281048822;1;1,620658163;1,477726565;-9,103290815;1;;;;;;;;;;;;;
742;-0,024933069;0,602824946;-0,975066931;1;-0,384898657;0,630684977;-0,230202685;1;-1,318409707;1,168910851;5,592048535;1;;;;;;;;;;;;;
743;-5,679253819;3,097303647;4,679253819;1;1,274575582;1,911006271;-3,549151164;1;9,39977316;3,913095812;-47,9988658;0;;;;;;;;;;;;;
744;-4,121877758;1,832742964;3,121877758;1;1,112304474;1,480202528;-3,224608949;1;-0,385497695;2,533031392;0,927488475;1;;;;;;;;;;;;;
745;-1,477329107;0,777781266;0,477329107;1;-0,410958611;0,700256804;-0,178082777;1;0,887293691;1,115623036;-5,436468456;1;;;;;;;;;;;;;
746;-2,026732166;1,027778473;1,026732166;1;0,1472501;0,757032895;-1,294500199;1;-0,314894212;1,14125123;0,574471058;1;;;;;;;;;;;;;
747;-2,241401334;1,506206516;1,241401334;1;0,083803786;1,143766853;-1,167607572;1;-0,245420847;1,882576461;0,227104237;1;;;;;;;;;;;;;
748;-2,111780154;1,139969449;1,111780154;1;-0,838965248;0,868390128;0,677930497;1;2,34743969;1,434136632;-12,73719845;1;;;;;;;;;;;;;
749;-2,489430134;2,311346922;1,489430134;1;-1,543946315;1,442569894;2,087892629;1;2,825233009;3,023075978;-15,12616505;1;;;;;;;;;;;;;
750;-2,01318966;0,726171399;1,01318966;1;-0,691718747;0,719188812;0,383437494;1;2,041030666;0,932157417;-11,20515333;0;;;;;;;;;;;;;
751;-4,8945938;2,348762208;3,8945938;1;2,418938029;1,454331135;-5,837876058;0;2,64758089;3,271572478;-14,23790445;1;;;;;;;;;;;;;
752;-1,864000979;0,836736893;0,864000979;1;-0,356991752;0,709440068;-0,286016496;1;0,534313823;1,251162561;-3,671569114;1;;;;;;;;;;;;;
753;-1,630243763;1,137302132;0,630243763;1;-1,440741998;1,42789959;1,881483995;1;-0,373101675;1,691926728;0,865508377;1;;;;;;;;;;;;;
754;-1,287056266;0,89559332;0,287056266;1;0,223173655;0,816777589;-1,44634731;1;-1,395580483;1,530490401;5,977902415;1;;;;;;;;;;;;;
755;-1,698773326;1,254240274;0,698773326;1;0,473913848;1,100106201;-1,947827697;1;0,114094956;1,839692264;-1,570474778;1;;;;;;;;;;;;;
756;-2,378083928;0,775392515;1,378083928;1;-0,900771966;0,622543599;0,801543932;1;2,31032475;1,000443154;-12,55162375;0;;;;;;;;;;;;;
757;-0,631412179;0,825672218;-0,368587821;1;-2,113999546;1,180946914;3,227999093;1;-1,410321736;1,398760657;6,051608679;1;;;;;;;;;;;;;
758;-2,242532811;1,11723671;1,242532811;1;-1,441454594;0,872943786;1,882909189;1;2,983761053;1,863422793;-15,91880527;1;;;;;;;;;;;;;
759;0,236482333;1,027954339;-1,236482333;1;0,764622813;0,808209151;-2,529245626;1;-7,519130748;2,261712457;36,59565374;0;;;;;;;;;;;;;
760;0,365862403;1,028250143;-1,365862403;1;-1,184171396;0,846468066;1,368342791;1;-2,380856558;1,460549045;10,90428279;1;;;;;;;;;;;;;
761;-1,373069236;0,807500762;0,373069236;1;0,625309517;0,80358396;-2,250619034;1;-0,732182271;1,23853014;2,660911353;1;;;;;;;;;;;;;
762;-6,613872015;8,869993324;5,613872015;1;6,02137336;7,709444974;-13,04274672;1;5,306928499;5,778497643;-27,5346425;1;;;;;;;;;;;;;
763;-0,428391619;0,575603768;-0,571608381;1;-0,782666827;0,703053215;0,565333654;1;-1,777213459;1,296937023;7,886067296;1;;;;;;;;;;;;;
764;-1,465437331;0,860366327;0,465437331;1;-0,282249111;0,83720675;-0,435501778;1;-0,05381769;1,168572128;-0,730911551;1;;;;;;;;;;;;;
765;-3,09103531;1,928752896;2,09103531;1;1,223849131;1,309813467;-3,447698261;1;-1,068338563;2,516970328;4,341692813;1;;;;;;;;;;;;;
766;-0,973009332;0,581593425;-0,026990668;1;-0,93999913;0,71049918;0,87999826;1;-1,612890014;1,423627204;7,064450068;1;;;;;;;;;;;;;
767;0,041211342;1,028149676;-1,041211342;1;-0,647140935;0,817417112;0,29428187;1;-0,263158175;1,532831467;0,315790876;1;;;;;;;;;;;;;
768;-0,325425441;1,130875295;-0,674574559;1;-0,102790777;0,983408183;-0,794418446;1;0,16638495;1,559835129;-1,831924751;1;;;;;;;;;;;;;
769;-1,721685918;1,219286162;0,721685918;1;-0,121584125;0,819511813;-0,756831749;1;0,006435859;1,996163012;-1,032179297;1;;;;;;;;;;;;;
770;-0,447214827;0,622069163;-0,552785173;1;-0,580703128;0,62828754;0,161406255;1;0,269036542;0,976118661;-2,345182708;1;;;;;;;;;;;;;
771;0,963757255;0,896449356;-1,963757255;0;-2,817563719;1,000965079;4,635127438;0;-2,341127315;1,092950744;10,70563657;1;;;;;;;;;;;;;
772;-0,873518747;0,935548446;-0,126481253;1;-0,711345142;0,820488424;0,422690284;1;-0,217878059;1,588336961;0,089390295;1;;;;;;;;;;;;;
773;-0,831237376;0,460554862;-0,168762624;1;0,499275206;0,747274477;-1,998550413;1;-2,892063764;1,613138214;13,46031882;1;;;;;;;;;;;;;
774;-0,748176204;0,6341198;-0,251823796;1;-1,198528781;0,756220158;1,397057562;1;-0,192735539;1,009342633;-0,036322306;1;;;;;;;;;;;;;
775;-1,425170053;0,958810233;0,425170053;1;-0,583565257;0,835350504;0,167130514;1;1,378856873;1,174601091;-7,894284365;1;;;;;;;;;;;;;
776;-1,705874189;1,083775655;0,705874189;1;-0,640117914;0,785209935;0,280235829;1;1,051040626;1,622328586;-6,255203129;1;;;;;;;;;;;;;
777;1,524419357;0,967350062;-2,524419357;0;-0,620333659;0,682194043;0,240667318;1;-2,158689312;1,352750332;9,79344656;1;;;;;;;;;;;;;
778;-1,001029108;0,922282467;0,001029108;1;0,272914439;0,730491747;-1,545828879;1;-1,586575649;1,353148164;6,932878243;1;;;;;;;;;;;;;
779;-0,431795429;1,329528269;-0,568204571;1;0,519331081;1,151624567;-2,038662162;1;-1,529058249;2,283319384;6,645291245;1;;;;;;;;;;;;;
780;-2,213965728;0,919262812;1,213965728;1;1,662061354;0,700832509;-4,324122708;0;-1,310067707;1,109007234;5,550338536;1;;;;;;;;;;;;;
781;-1,388841319;1,241720363;0,388841319;1;-0,482544986;1,082808537;-0,034910028;1;1,384120602;2,032045929;-7,920603009;1;;;;;;;;;;;;;
782;-0,899993132;0,871523972;-0,100006868;1;-0,26711707;0,871928642;-0,46576586;1;-0,919798631;1,395729833;3,598993156;1;;;;;;;;;;;;;
783;-2,872968925;1,80754539;1,872968925;1;1,88443092;1,240968695;-4,76886184;1;2,229698817;1,870599501;-12,14849408;1;;;;;;;;;;;;;
784;-1,050632861;0,451780345;0,050632861;1;-0,71087852;0,614622622;0,42175704;1;-0,555719211;0,894093784;1,778596055;1;;;;;;;;;;;;;
785;-2,081852214;1,001299252;1,081852214;1;-0,774859457;0,839735446;0,549718915;1;-0,660042395;1,436513945;2,300211975;1;;;;;;;;;;;;;
786;-2,176718836;1,07699684;1,176718836;1;1,46377919;0,94730202;-3,92755838;0;-1,436348111;1,483386994;6,181740556;1;;;;;;;;;;;;;
787;-1,341361499;1,142666924;0,341361499;1;-0,451137578;1,198996228;-0,097724845;1;-2,645487282;1,898984253;12,22743641;1;;;;;;;;;;;;;
788;-0,455055226;1,908899192;-0,544944774;1;-0,11793236;1,846293385;-0,76413528;1;1,268696965;3,226279269;-7,343484825;1;;;;;;;;;;;;;
789;-0,566770616;1,063097513;-0,433229384;1;-1,487103098;0,906938647;1,974206195;1;0,021079551;1,127170664;-1,105397754;1;;;;;;;;;;;;;
790;-0,275622479;0,924899853;-0,724377521;1;-1,200040882;0,784672588;1,400081764;1;-1,920205092;1,137314126;8,601025461;1;;;;;;;;;;;;;
791;-1,028934619;1,217308475;0,028934619;1;0,872865968;0,901367784;-2,745731937;1;-0,829501996;1,564048676;3,147509982;1;;;;;;;;;;;;;
792;-4,056368564;1,57931212;3,056368564;1;-1,289424715;1,048528932;1,57884943;1;3,889254455;1,744584;-20,44627227;0;;;;;;;;;;;;;
793;-2,124264905;1,454396173;1,124264905;1;1,408182435;1,05862913;-3,816364869;1;-1,641383289;2,01445204;7,206916447;1;;;;;;;;;;;;;
794;-1,824584659;1,106688045;0,824584659;1;-0,308467904;1,02771117;-0,383064193;1;1,689120552;1,458492836;-9,445602761;1;;;;;;;;;;;;;
795;-2,276810535;1,416760041;1,276810535;1;-1,674182092;1,008496831;2,348364183;1;2,072909777;1,55902961;-11,36454888;1;;;;;;;;;;;;;
796;-1,289420623;0,909830482;0,289420623;1;0,01512866;0,70098211;-1,03025732;1;-0,090710822;1,136835455;-0,546445889;1;;;;;;;;;;;;;
797;-0,492456451;1,005179157;-0,507543549;1;-0,124887123;0,797063308;-0,750225754;1;-1,555836058;1,71731119;6,779180292;1;;;;;;;;;;;;;
798;-0,552116167;0,430328289;-0,447883833;1;-0,208526777;0,588380754;-0,582946446;1;-1,737615448;0,929432873;7,688077238;1;;;;;;;;;;;;;
799;-1,353528196;0,92475999;0,353528196;1;-3,099771234;1,729029131;5,199542468;1;0,52952978;1,333343954;-3,6476489;1;;;;;;;;;;;;;
800;-0,924118028;1,056988022;-0,075881972;1;-1,213998181;0,92875624;1,427996361;1;-0,387101755;1,720816628;0,935508775;1;;;;;;;;;;;;;
801;-1,776409611;0,816597811;0,776409611;1;-0,322479438;0,964914772;-0,355041124;1;-0,629045723;1,445486382;2,145228613;1;;;;;;;;;;;;;
802;-1,573387473;0,598458481;0,573387473;1;-2,054872901;0,976249194;3,109745801;1;0,319790094;0,836300863;-2,598950469;1;;;;;;;;;;;;;
803;0,770554891;1,062384216;-1,770554891;1;-0,685370253;0,847352728;0,370740507;1;1,092983162;1,588138031;-6,46491581;1;;;;;;;;;;;;;
804;-1,308764262;1,113411252;0,308764262;1;-1,383557725;1,154043161;1,76711545;1;-0,84543021;1,467009723;3,227151051;1;;;;;;;;;;;;;
805;-4,565360905;1,639649979;3,565360905;0;1,912957631;1,227933462;-4,825915261;0;2,975549665;1,975920457;-15,87774833;1;;;;;;;;;;;;;
806;-1,846998276;0,818267069;0,846998276;1;0,116541725;0,617661401;-1,23308345;1;0,6439446;1,138784369;-4,219723;1;;;;;;;;;;;;;
807;-2,439459985;1,90291427;1,439459985;1;0,908279568;1,370477298;-2,816559137;1;1,503648053;2,305379722;-8,518240263;1;;;;;;;;;;;;;
808;-2,830600268;1,612231292;1,830600268;1;-0,382118891;0,907719847;-0,235762219;1;2,123166618;1,78964116;-11,61583309;1;;;;;;;;;;;;;
809;-0,424160204;0,697676817;-0,575839796;1;-2,17674055;1,091295889;3,3534811;1;-1,499513951;1,329555007;6,497569754;1;;;;;;;;;;;;;
810;-0,604320551;1,014660748;-0,395679449;1;-0,094406315;1,077985803;-0,811187371;1;-2,006345285;1,816652523;9,031726424;1;;;;;;;;;;;;;
811;-1,298262266;0,983628883;0,298262266;1;0,605294873;0,832156186;-2,210589745;1;-3,03256884;1,594750561;14,1628442;1;;;;;;;;;;;;;
812;3,80480679;2,214754476;-4,80480679;0;-3,30936972;1,195788294;5,618739441;0;-1,773154225;2,102205367;7,865771123;1;;;;;;;;;;;;;
813;0,124684197;1,073880758;-1,124684197;1;-0,740422151;0,943332876;0,480844302;1;-0,503547444;1,458969069;1,517737218;1;;;;;;;;;;;;;
814;-0,832886034;0,959504096;-0,167113966;1;-0,255708661;0,798239935;-0,488582678;1;-2,402891739;2,32787934;11,0144587;1;;;;;;;;;;;;;
815;-0,025565961;0,960753874;-0,974434039;1;0,217195033;0,701914716;-1,434390065;1;-2,795537837;1,402217894;12,97768919;1;;;;;;;;;;;;;
816;-1,66430074;0,570692555;0,66430074;1;-1,254138186;0,672525709;1,508276373;1;0,197999746;0,843963757;-1,989998729;1;;;;;;;;;;;;;
817;-0,162899725;0,489301156;-0,837100275;1;-1,151179331;0,941412465;1,302358662;1;-1,10785974;1,238873764;4,539298701;1;;;;;;;;;;;;;
818;0,106074833;0,778478179;-1,106074833;1;-0,260685823;0,680725639;-0,478628353;1;-2,54534535;1,047545169;11,72672675;0;;;;;;;;;;;;;
819;-2,522074392;1,325801972;1,522074392;1;-0,010879466;1,080200147;-0,978241068;1;1,061549398;1,910484232;-6,30774699;1;;;;;;;;;;;;;
820;-2,40310021;1,159558972;1,40310021;1;-2,552178864;1,174746753;4,104357729;1;1,944106337;1,904679147;-10,72053168;1;;;;;;;;;;;;;
821;-1,143856706;0,938067196;0,143856706;1;-1,039158146;1,125648601;1,078316292;1;-3,750135131;1,796261166;17,75067565;0;;;;;;;;;;;;;
822;-1,265844208;0,720858898;0,265844208;1;-1,856783658;1,106621026;2,713567316;1;-0,615430448;1,113364179;2,077152238;1;;;;;;;;;;;;;
823;-1,700617868;0,990649166;0,700617868;1;-0,019618591;0,694632742;-0,960762819;1;0,943234936;1,299786793;-5,716174681;1;;;;;;;;;;;;;
824;-1,215366666;0,548734563;0,215366666;1;-2,470722099;1,155083495;3,941444198;1;-1,922404912;1,153227483;8,612024562;1;;;;;;;;;;;;;
825;-1,361539832;1,279205855;0,361539832;1;0,022326688;1,046359146;-1,044653375;1;-0,429644619;1,710528725;1,148223093;1;;;;;;;;;;;;;
826;-0,61001007;0,773195001;-0,38998993;1;-0,979962613;1,308474762;0,959925225;1;0,427833342;1,114843138;-3,139166708;1;;;;;;;;;;;;;
827;-3,637025663;1,174942782;2,637025663;0;-0,757539563;0,776214038;0,515079126;1;2,491633209;1,499279882;-13,45816604;1;;;;;;;;;;;;;
828;0,14875778;1,209595055;-1,14875778;1;-4,391514181;2,584218172;7,783028361;1;0,464688376;2,217176024;-3,323441881;1;;;;;;;;;;;;;
829;-2,704586093;1,100955422;1,704586093;1;-0,058078379;0,829249663;-0,883843241;1;1,224491586;1,34372329;-7,122457929;1;;;;;;;;;;;;;
830;-1,578300892;1,319703652;0,578300892;1;0,592237941;1,147079269;-2,184475882;1;-0,457606859;1,862830884;1,288034297;1;;;;;;;;;;;;;
831;-1,941745717;0,756501203;0,941745717;1;0,080685658;0,529552088;-1,161371316;1;0,44826321;1,227484052;-3,241316048;1;;;;;;;;;;;;;
832;-2,077589287;1,244427841;1,077589287;1;0,181073166;0,904801749;-1,362146332;1;1,694905502;1,813133807;-9,474527509;1;;;;;;;;;;;;;
833;0,064259352;1,209674158;-1,064259352;1;-0,967225711;0,903828783;0,934451422;1;-0,32700194;1,266053778;0,635009698;1;;;;;;;;;;;;;
834;-1,253126265;0,502307894;0,253126265;1;-1,648330917;0,906864747;2,296661835;1;-0,139611163;0,91765956;-0,301944185;1;;;;;;;;;;;;;
835;0,492874615;1,295843707;-1,492874615;1;0,668810587;0,737974002;-2,337621175;1;0,064570047;1,309198151;-1,322850233;1;;;;;;;;;;;;;
836;1,04157384;0,755295104;-2,04157384;0;-1,753379753;0,786966583;2,506759506;1;-1,76253597;1,103519096;7,812679849;1;;;;;;;;;;;;;
837;-1,513376568;1,627611658;0,513376568;1;-0,735987082;1,233734578;0,471974163;1;0,760678342;2,948063326;-4,803391711;1;;;;;;;;;;;;;
838;-0,066995957;1,037649355;-0,933004043;1;-2,255261757;0,891128447;3,510523513;0;-0,991323019;1,242915506;3,956615094;1;;;;;;;;;;;;;
839;-1,73833263;0,817400892;0,73833263;1;-0,957354742;0,663021621;0,914709484;1;2,266372667;1,257488589;-12,33186334;0;;;;;;;;;;;;;
840;-1,167396687;1,002713607;0,167396687;1;-0,581524789;0,886703166;0,163049579;1;-0,1135068;1,448228941;-0,432466001;1;;;;;;;;;;;;;
841;-1,677719133;1,444785151;0,677719133;1;-0,996431676;1,014024383;0,992863352;1;1,568066953;1,752963345;-8,840334765;1;;;;;;;;;;;;;
842;-1,284974804;0,883024523;0,284974804;1;-0,280019629;0,726467022;-0,439960742;1;0,740534667;1,349608462;-4,702673336;1;;;;;;;;;;;;;
843;-0,049852909;0,849576855;-0,950147091;1;-2,266809227;1,348317949;3,533618454;1;-0,446137833;1,08605058;1,230689165;1;;;;;;;;;;;;;
844;-3,562395401;1,08902458;2,562395401;0;1,381098209;0,790529682;-3,762196418;0;1,906919128;1,185262053;-10,53459564;1;;;;;;;;;;;;;
845;-1,549519166;0,791097828;0,549519166;1;-1,131816829;0,901812196;1,263633659;1;1,125836747;0,99935451;-6,629183735;1;;;;;;;;;;;;;
846;-1,249423071;0,939887117;0,249423071;1;-0,839067547;1,013930582;0,678135094;1;-0,285202957;1,759998684;0,426014785;1;;;;;;;;;;;;;
847;-1,746376718;1,10352466;0,746376718;1;0,227944438;0,881232425;-1,455888876;1;1,720214734;1,42961192;-9,601073671;1;;;;;;;;;;;;;
848;-1,872829579;0,760065244;0,872829579;1;0,40922395;0,617074819;-1,818447901;1;-0,218964608;0,91333722;0,09482304;1;;;;;;;;;;;;;
849;-1,35895103;0,647209324;0,35895103;1;-1,267091834;1,095621491;1,534183668;1;-0,710843263;1,341653602;2,554216315;1;;;;;;;;;;;;;
850;0,073304692;1,13204599;-1,073304692;1;0,194986267;0,74045667;-1,389972533;1;-2,978602503;2,100871699;13,89301252;1;;;;;;;;;;;;;
851;-1,394450338;0,688503957;0,394450338;1;1,160774176;0,575574241;-3,321548352;0;-1,545260155;1,045356112;6,726300776;1;;;;;;;;;;;;;
852;-0,745806235;1,209148851;-0,254193765;1;-1,078795256;0,963561362;1,157590512;1;-0,49664411;1,948709929;1,483220552;1;;;;;;;;;;;;;
853;-1,494095525;1,056952308;0,494095525;1;-0,516256721;1,055752944;0,032513443;1;-1,04410871;1,463608968;4,220543549;1;;;;;;;;;;;;;
854;-5,772477329;3,402622688;4,772477329;1;1,797614535;1,966532931;-4,59522907;1;3,97760634;4,241473875;-20,8880317;1;;;;;;;;;;;;;
855;-1,643885985;0,936913687;0,643885985;1;0,249709401;0,8038632;-1,499418802;1;0,229705204;1,426909909;-2,14852602;1;;;;;;;;;;;;;
856;4,099598147;2,262642126;-5,099598147;0;-3,24750778;1,405969431;5,495015559;1;-4,490119732;2,525601638;21,45059866;1;;;;;;;;;;;;;
857;-1,892752193;0,940355052;0,892752193;1;-0,874054262;0,92308766;0,748108525;1;0,231926967;1,221560975;-2,159634837;1;;;;;;;;;;;;;
858;-1,610671688;2,087384452;0,610671688;1;-0,056866158;1,785513362;-0,886267685;1;-0,896673657;3,012107858;3,483368285;1;;;;;;;;;;;;;
859;-2,449635387;1,400358882;1,449635387;1;0,250892422;1,073677512;-1,501784844;1;0,125280004;2,129732776;-1,62640002;1;;;;;;;;;;;;;
860;-2,030713759;0,872192332;1,030713759;1;0,21522252;0,959930024;-1,43044504;1;-0,965237355;1,667463834;3,826186773;1;;;;;;;;;;;;;
861;-1,472292661;1,132486448;0,472292661;1;0,678750955;0,895261755;-2,357501911;1;0,990583118;1,506204858;-5,95291559;1;;;;;;;;;;;;;
862;-1,701367154;0,78148927;0,701367154;1;-0,671455239;0,730703242;0,342910477;1;-0,731847663;1,304698449;2,659238315;1;;;;;;;;;;;;;
863;-0,822363272;2,069071507;-0,177636728;1;-4,131476219;2,189300824;7,262952439;1;1,428200697;2,990799981;-8,141003486;1;;;;;;;;;;;;;
864;-0,804040118;0,481556408;-0,195959882;1;-0,256792122;0,585708921;-0,486415757;1;-0,922850478;0,976797043;3,61425239;1;;;;;;;;;;;;;
865;-2,762258752;1,533413442;1,762258752;1;-0,001270122;1,141681959;-0,997459756;1;1,294114101;1,883730365;-7,470570504;1;;;;;;;;;;;;;
866;-1,633808869;0,996194522;0,633808869;1;1,004589715;0,853859897;-3,009179429;1;-0,349061769;1,15337572;0,745308843;1;;;;;;;;;;;;;
867;-1,978780041;0,749794509;0,978780041;1;-0,690361115;0,716994419;0,380722229;1;0,158384627;1,269555341;-1,791923137;1;;;;;;;;;;;;;
868;-1,295355322;0,877205516;0,295355322;1;-0,12409049;0,867988127;-0,75181902;1;1,375867821;1,761769645;-7,879339105;1;;;;;;;;;;;;;
869;-1,4376264;1,319028797;0,4376264;1;-2,752265713;1,383488357;4,504531426;1;0,758383266;1,665399256;-4,79191633;1;;;;;;;;;;;;;
870;-1,829750468;1,083464999;0,829750468;1;-1,049697306;0,837763615;1,099394612;1;0,506364188;1,599435971;-3,531820942;1;;;;;;;;;;;;;
871;-3,282848846;1,63306906;2,282848846;1;-0,524253202;1,055541372;0,048506403;1;4,853652071;2,112037114;-25,26826036;0;;;;;;;;;;;;;
872;-3,144611904;1,826011842;2,144611904;1;0,650337782;1,258869958;-2,300675565;1;-0,079375437;2,51645759;-0,603122814;1;;;;;;;;;;;;;
873;-1,870484425;1,007792884;0,870484425;1;0,681162418;0,873128407;-2,362324835;1;-0,438607972;1,116088809;1,193039861;1;;;;;;;;;;;;;
874;-0,685717449;0,801510897;-0,314282551;1;-0,476810746;0,708499792;-0,046378508;1;-0,794325345;1,5035201;2,971626723;1;;;;;;;;;;;;;
875;-1,547295237;0,704667398;0,547295237;1;0,246227567;0,650030975;-1,492455134;1;0,019487959;1,019853811;-1,097439797;1;;;;;;;;;;;;;
876;-0,064588699;1,032928766;-0,935411301;1;-0,500219137;0,973531312;0,000438274;1;-3,052241299;2,171935882;14,26120649;1;;;;;;;;;;;;;
877;-1,72956854;1,064801213;0,72956854;1;0,245207878;0,997129488;-1,490415757;1;-0,930816488;1,576913833;3,654082438;1;;;;;;;;;;;;;
878;-0,697225291;0,871217372;-0,302774709;1;-0,385008591;0,783284286;-0,229982818;1;-0,401098219;1,236626995;1,005491097;1;;;;;;;;;;;;;
879;-0,750630336;0,694663292;-0,249369664;1;2,139877768;0,930786704;-5,279755536;0;-6,089279236;1,831650803;29,44639618;0;;;;;;;;;;;;;
880;0,161939591;1,291693119;-1,161939591;1;-0,71854205;1,32203636;0,4370841;1;-1,527445277;2,044623366;6,637226383;1;;;;;;;;;;;;;
881;-0,981406573;0,925110743;-0,018593427;1;-1,530104167;1,216314376;2,060208333;1;0,15620202;1,298923991;-1,781010102;1;;;;;;;;;;;;;
882;-1,123247653;0,845414365;0,123247653;1;0,207678964;0,717299537;-1,415357928;1;-1,561537265;1,240661881;6,807686325;1;;;;;;;;;;;;;
883;-1,255459305;0,701145844;0,255459305;1;-0,929287642;0,741515599;0,858575284;1;0,159735474;1,066558;-1,798677372;1;;;;;;;;;;;;;
884;-3,161901742;1,01243615;2,161901742;0;-1,160851747;0,838619848;1,321703495;1;2,443294232;1,528419701;-13,21647116;1;;;;;;;;;;;;;
885;-2,029851588;0,954044438;1,029851588;1;1,25263349;0,875281554;-3,50526698;0;-0,943548428;1,38866778;3,717742141;1;;;;;;;;;;;;;
886;-1,177858486;0,77801469;0,177858486;1;-0,837468174;0,949642239;0,674936347;1;-0,90881996;1,411755733;3,544099802;1;;;;;;;;;;;;;
887;-3,332771639;1,295350821;2,332771639;1;0,061335809;1,457002348;-1,122671618;1;-2,893729391;2,489428012;13,46864696;1;;;;;;;;;;;;;
888;0,115675792;1,086494028;-1,115675792;1;-1,736313449;1,221054199;2,472626899;1;-1,740206751;1,492794313;7,701033753;1;;;;;;;;;;;;;
889;-0,115011619;1,357577725;-0,884988381;1;0,773374137;0,818395455;-2,546748275;1;1,518723235;1,796859133;-8,593616176;1;;;;;;;;;;;;;
890;-3,368052509;1,143330274;2,368052509;0;-0,464692154;0,770299026;-0,070615692;1;3,465494597;1,796901918;-18,32747298;0;;;;;;;;;;;;;
891;-0,30446195;0,899937061;-0,69553805;1;-1,590025642;1,108627351;2,180051285;1;-1,11612379;1,327379363;4,580618948;1;;;;;;;;;;;;;
892;-0,883077498;0,653483033;-0,116922502;1;-0,972549331;0,758690179;0,945098661;1;2,058410221;1,088194702;-11,29205111;0;;;;;;;;;;;;;
893;-1,37992225;0,739059762;0,37992225;1;-0,735616457;0,74950285;0,471232913;1;-0,90595242;1,151876365;3,529762099;1;;;;;;;;;;;;;
894;-2,46858467;1,135361871;1,46858467;1;1,179055501;0,945075531;-3,358111003;1;-1,145941341;1,542654609;4,729706705;1;;;;;;;;;;;;;
895;-0,077565794;1,001757881;-0,922434206;1;-1,614485081;1,086073069;2,228970161;1;-1,792929544;1,593982726;7,964647718;1;;;;;;;;;;;;;
896;-3,322889623;1,157049594;2,322889623;0;1,445770513;1,13882968;-3,891541026;1;-0,365091504;1,973124075;0,825457522;1;;;;;;;;;;;;;
897;-1,715082166;1,245778414;0,715082166;1;-0,820731932;1,122088658;0,641463863;1;-0,38196811;1,84859175;0,909840552;1;;;;;;;;;;;;;
898;-2,09749683;0,942227242;1,09749683;1;-2,654878564;1,564564571;4,309757127;1;1,682092842;1,35430852;-9,410464211;1;;;;;;;;;;;;;
899;-0,927332625;0,82132301;-0,072667375;1;-0,398672821;1,074873907;-0,202654357;1;-1,287245222;1,71980919;5,436226112;1;;;;;;;;;;;;;
900;-0,88847761;0,75851499;-0,11152239;1;-0,383079669;0,657412129;-0,233840662;1;0,606623207;1,32387682;-4,033116035;1;;;;;;;;;;;;;
901;-3,693199816;1,844448686;2,693199816;1;0,129258134;1,489288954;-1,258516268;1;-1,191398225;2,965693684;4,956991127;1;;;;;;;;;;;;;
902;-2,936544567;1,094355579;1,936544567;1;-0,459582645;0,681301718;-0,080834709;1;1,54996393;1,294076079;-8,749819652;1;;;;;;;;;;;;;
903;-1,885966227;1,246277782;0,885966227;1;0,687646266;0,847707253;-2,375292532;1;0,333177399;1,279097956;-2,665886997;1;;;;;;;;;;;;;
904;-0,530445067;0,855936338;-0,469554933;1;-1,597413927;1,07930739;2,194827854;1;0,761550018;1,767261698;-4,807750092;1;;;;;;;;;;;;;
905;-0,157756611;0,657743783;-0,842243389;1;-0,246017379;0,816091962;-0,507965241;1;-4,713839437;1,667613196;22,56919718;0;;;;;;;;;;;;;
906;-1,456097392;1,38740555;0,456097392;1;-0,232071778;1,165378794;-0,535856445;1;-3,669797893;2,251925161;17,34898947;1;;;;;;;;;;;;;
907;-1,916764526;1,090340962;0,916764526;1;-1,752781669;0,902472142;2,505563338;1;2,085339842;1,692778102;-11,42669921;1;;;;;;;;;;;;;
908;-1,751476909;1,777004513;0,751476909;1;-1,127543944;1,115849916;1,255087889;1;0,793190709;2,806315858;-4,965953546;1;;;;;;;;;;;;;
909;-3,279765674;1,682846587;2,279765674;1;0,705803331;1,213353718;-2,411606663;1;0,735434609;2,101478606;-4,677173045;1;;;;;;;;;;;;;
910;-2,197010908;1,165337608;1,197010908;1;0,543408923;0,983516335;-2,086817847;1;0,265065696;1,381121918;-2,325328481;1;;;;;;;;;;;;;
911;-2,843424026;1,314718438;1,843424026;1;1,130513694;0,922390527;-3,261027389;1;2,234317683;1,884528884;-12,17158841;1;;;;;;;;;;;;;
912;0,191383864;2,248521747;-1,191383864;1;-0,904931433;1,387551688;0,809862866;1;-0,477073533;2,912584096;1,385367666;1;;;;;;;;;;;;;
913;-1,487665156;0,934668884;0,487665156;1;0,225168515;0,85685511;-1,45033703;1;-0,284473058;1,707203911;0,422365289;1;;;;;;;;;;;;;
914;-3,586500377;1,625253234;2,586500377;1;0,614747395;1,310172126;-2,22949479;1;1,173294843;2,124094475;-6,866474217;1;;;;;;;;;;;;;
915;-3,933386361;2,358749524;2,933386361;1;-1,538521455;1,517411358;2,077042911;1;2,999868962;2,932465243;-15,99934481;1;;;;;;;;;;;;;
916;-1,74068059;0,686895604;0,74068059;1;0,65343973;0,707128995;-2,306879459;1;0,447468622;1,078601379;-3,237343109;1;;;;;;;;;;;;;
917;-0,192267381;1,272447852;-0,807732619;1;-1,262583729;0,990964912;1,525167458;1;-0,995204078;1,773369244;3,976020392;1;;;;;;;;;;;;;
918;-0,589309523;1,386134734;-0,410690477;1;0,005278127;1,08653446;-1,010556254;1;-1,205655686;1,939696731;5,02827843;1;;;;;;;;;;;;;
919;-1,010854522;0,921827131;0,010854522;1;0,624169522;0,77591636;-2,248339044;1;-1,637577358;1,453969811;7,18788679;1;;;;;;;;;;;;;
920;-3,174839966;1,288160128;2,174839966;1;0,205496432;0,971125801;-1,410992865;1;2,303150292;1,729327847;-12,51575146;1;;;;;;;;;;;;;
921;-3,951022861;1,613356923;2,951022861;1;0,571131578;0,955031183;-2,142263156;1;3,788128382;2,3597565;-19,94064191;1;;;;;;;;;;;;;
922;-1,989722241;1,062017615;0,989722241;1;0,479896284;0,808867681;-1,959792568;1;0,763329062;1,46875818;-4,816645311;1;;;;;;;;;;;;;
923;-2,423460695;1,05867229;1,423460695;1;-0,177409388;0,591904523;-0,645181224;1;1,413696609;1,073039477;-8,068483045;1;;;;;;;;;;;;;
924;-1,521830041;0,879860194;0,521830041;1;-1,112568363;0,91477372;1,225136727;1;-0,238558377;1,308040721;0,192791887;1;;;;;;;;;;;;;
925;-2,114532471;0,868587947;1,114532471;1;0,815645222;0,785985396;-2,631290445;1;-1,025992846;1,399154487;4,129964232;1;;;;;;;;;;;;;
926;-2,627851757;0,86681685;1,627851757;1;0,126977528;0,533116569;-1,253955056;1;1,858769433;0,88317429;-10,29384716;0;;;;;;;;;;;;;
927;-1,900677248;0,957740515;0,900677248;1;-1,462419011;0,979076186;1,924838022;1;2,07646656;1,447614542;-11,3823328;1;;;;;;;;;;;;;
928;-4,64761069;1,590102851;3,64761069;0;2,692706627;1,313527162;-6,385413254;0;2,06231383;1,969982324;-11,31156915;1;;;;;;;;;;;;;
929;-2,55357124;0,962744755;1,55357124;1;0,790127168;0,873631198;-2,580254336;1;-1,580164449;1,304949393;6,900822247;1;;;;;;;;;;;;;
930;-1,884960938;1,190486685;0,884960938;1;-1,52660106;1,026301761;2,05320212;1;2,072549676;1,533284135;-11,36274838;1;;;;;;;;;;;;;
931;-3,938868134;1,424052349;2,938868134;0;0,480312853;1,033181325;-1,960625706;1;2,431621114;1,703747062;-13,15810557;1;;;;;;;;;;;;;
932;-1,245688708;0,69607675;0,245688708;1;-1,289620807;0,865428104;1,579241615;1;0,21105207;1,121435757;-2,055260348;1;;;;;;;;;;;;;
933;-11,24168858;5,610957466;10,24168858;1;1,769574914;1,593266671;-4,539149828;1;18,00789007;9,108005852;-91,03945033;0;;;;;;;;;;;;;
934;0,859933273;0,429331106;-1,859933273;0;-1,323250183;0,634507789;1,646500365;1;-2,434032077;0,898914741;11,17016039;0;;;;;;;;;;;;;
935;-0,949010958;0,534780301;-0,050989042;1;0,02476686;0,589646281;-1,049533719;1;-0,102136285;0,964161144;-0,489318576;1;;;;;;;;;;;;;
936;-1,430425314;1,348442549;0,430425314;1;-0,078943363;0,978272076;-0,842113274;1;-0,366798616;1,701336799;0,833993079;1;;;;;;;;;;;;;
937;-1,300738194;0,518680585;0,300738194;1;-0,120084846;0,592869132;-0,759830308;1;-1,263326953;0,989223949;5,316634764;1;;;;;;;;;;;;;
938;0,480670202;0,884913071;-1,480670202;1;-2,090473532;1,490946298;3,180947064;1;-0,464360038;1,258786491;1,321800192;1;;;;;;;;;;;;;
939;-3,281621655;1,239008357;2,281621655;1;1,410975804;1,107082345;-3,821951608;1;-0,498392412;1,764076779;1,491962058;1;;;;;;;;;;;;;
940;-1,337950881;0,80516221;0,337950881;1;-0,293864809;0,673162484;-0,412270382;1;-0,561817067;1,059371466;1,809085337;1;;;;;;;;;;;;;
941;-1,228364132;0,816481587;0,228364132;1;-1,056484283;0,922887555;1,112968566;1;-0,960112516;1,446853156;3,800562582;1;;;;;;;;;;;;;
942;0,554699001;1,24338219;-1,554699001;1;-0,911589588;0,943253578;0,823179175;1;-4,454245075;2,753320753;21,27122538;1;;;;;;;;;;;;;
943;-1,520227793;0,923503988;0,520227793;1;-1,822079357;1,42498961;2,644158714;1;0,86834836;1,945641959;-5,341741799;1;;;;;;;;;;;;;
944;0,102590603;0,938731418;-1,102590603;1;-1,083042007;0,979108547;1,166084015;1;-0,675291378;1,467627512;2,376456888;1;;;;;;;;;;;;;
945;-1,934562446;0,856091954;0,934562446;1;-2,06274194;0,90901736;3,125483879;1;1,510009453;1,36168968;-8,550047265;1;;;;;;;;;;;;;
946;-0,782511364;0,962315071;-0,217488636;1;-0,673114605;0,836582166;0,34622921;1;0,114609952;1,600473817;-1,573049758;1;;;;;;;;;;;;;
947;-1,133939924;1,46953266;0,133939924;1;-1,740310054;1,487344263;2,480620108;1;3,367779771;2,740245187;-17,83889885;1;;;;;;;;;;;;;
948;-0,487581966;0,763125206;-0,512418034;1;-0,133911916;0,67716412;-0,732176169;1;-2,634472078;1,410342675;12,17236039;1;;;;;;;;;;;;;
949;-1,202804854;0,711982282;0,202804854;1;-0,538504796;0,641788257;0,077009591;1;0,812875645;1,091765209;-5,064378225;1;;;;;;;;;;;;;
950;-0,861688317;0,767447041;-0,138311683;1;-1,098316455;0,703751859;1,196632909;1;0,245783035;1,225948376;-2,228915174;1;;;;;;;;;;;;;
951;-0,558403549;1,09904257;-0,441596451;1;-0,289845102;0,772166385;-0,420309796;1;0,008791479;1,342056777;-1,043957393;1;;;;;;;;;;;;;
952;-0,007633151;0,642989691;-0,992366849;1;-0,82781518;0,942859267;0,655630359;1;-0,200755877;1,481756275;0,003779386;1;;;;;;;;;;;;;
953;-2,408140004;1,157797202;1,408140004;1;-0,246623792;0,861244378;-0,506752415;1;0,837976039;1,578304779;-5,189880194;1;;;;;;;;;;;;;
954;-2,909845086;1,313568877;1,909845086;1;-2,1003957;1,968645435;3,2007914;1;-2,014601507;2,724904961;9,073007533;1;;;;;;;;;;;;;
955;-0,988622795;1,020222079;-0,011377205;1;-0,436866965;0,824319244;-0,126266069;1;0,613859612;1,211985284;-4,06929806;1;;;;;;;;;;;;;
956;-1,869712909;1,869187828;0,869712909;1;-0,638279982;1,230888497;0,276559963;1;0,993221271;2,375582176;-5,966106356;1;;;;;;;;;;;;;
957;-1,968351104;0,904947856;0,968351104;1;0,645293029;0,796470574;-2,290586058;1;-1,739769048;1,322690778;7,698845239;1;;;;;;;;;;;;;
958;-1,498884627;0,491017105;0,498884627;1;-2,803428581;1,088856601;4,606857162;0;-0,582851557;0,867521212;1,914257783;1;;;;;;;;;;;;;
959;-0,144126518;1,293230774;-0,855873482;1;-2,282234378;1,623291896;3,564468756;1;-1,183346533;2,143475038;4,916732667;1;;;;;;;;;;;;;
960;-1,135012724;1,161847901;0,135012724;1;-2,520533399;1,938354543;4,041066797;1;-0,468457493;1,692480766;1,342287463;1;;;;;;;;;;;;;
961;-0,774164446;0,866770794;-0,225835554;1;-0,265853211;0,665312319;-0,468293578;1;0,228192132;1,321088317;-2,140960659;1;;;;;;;;;;;;;
962;-1,983513862;1,042122275;0,983513862;1;0,622723389;0,812535665;-2,245446778;1;-1,500671776;1,422431075;6,50335888;1;;;;;;;;;;;;;
963;-0,527400131;0,64066118;-0,472599869;1;-1,264964634;0,763717383;1,529929269;1;-1,314649459;1,112475641;5,573247295;1;;;;;;;;;;;;;
964;-1,812771645;1,080872509;0,812771645;1;-0,885999883;1,112096649;0,771999766;1;0,730731303;1,68336702;-4,653656514;1;;;;;;;;;;;;;
965;-2,018533576;1,573441575;1,018533576;1;0,577546813;0,812807111;-2,155093627;1;2,708339369;1,728625679;-14,54169685;1;;;;;;;;;;;;;
966;-1,484191535;0,707669208;0,484191535;1;-0,416480995;0,791778892;-0,16703801;1;1,241627812;1,112294452;-7,208139059;1;;;;;;;;;;;;;
967;-1,833931719;1,002742933;0,833931719;1;0,706791207;0,851596148;-2,413582413;1;0,291513962;1,32710043;-2,45756981;1;;;;;;;;;;;;;
968;0,114386806;1,042145701;-1,114386806;1;-0,683488191;0,92580514;0,366976382;1;-3,232690713;1,725206012;15,16345357;1;;;;;;;;;;;;;
969;-2,638620868;1,519708018;1,638620868;1;0,038555873;1,009707224;-1,077111746;1;2,576952457;2,063519812;-13,88476229;1;;;;;;;;;;;;;
970;-1,746718367;1,187373058;0,746718367;1;-0,765837969;1,008164766;0,531675938;1;0,444954591;1,592182793;-3,224772954;1;;;;;;;;;;;;;
971;-2,223246469;1,015751939;1,223246469;1;-1,824097757;0,845542885;2,648195513;1;1,111487206;1,295231037;-6,557436031;1;;;;;;;;;;;;;
972;-2,87360832;1,671444032;1,87360832;1;0,31423896;1,333162963;-1,628477919;1;-0,831787617;1,939903468;3,158938086;1;;;;;;;;;;;;;
973;-0,757091084;0,67790045;-0,242908916;1;0,831601571;0,553029604;-2,663203142;0;-0,608395507;1,20387884;2,041977534;1;;;;;;;;;;;;;
974;-0,477954601;1,875153637;-0,522045399;1;0,462141102;1,424888972;-1,924282205;1;0,999351992;1,891306159;-5,996759962;1;;;;;;;;;;;;;
975;-3,988411428;1,921391661;2,988411428;1;1,667223576;1,433550976;-4,334447152;1;1,086037509;2,915531569;-6,430187546;1;;;;;;;;;;;;;
976;-2,475051159;1,202144577;1,475051159;1;0,841483126;0,81922289;-2,682966253;1;1,617345134;1,372644595;-9,086725669;1;;;;;;;;;;;;;
977;-1,007193395;1,003358378;0,007193395;1;-1,139201572;1,170129243;1,278403143;1;-1,364389076;1,508461701;5,821945378;1;;;;;;;;;;;;;
978;-1,909416173;1,39739934;0,909416173;1;-0,530204338;1,081641411;0,060408676;1;0,198875551;1,982046863;-1,994377755;1;;;;;;;;;;;;;
979;-0,788083879;0,841423825;-0,211916121;1;-0,764204795;0,808781162;0,528409589;1;-0,092349687;1,307984669;-0,538251563;1;;;;;;;;;;;;;
980;-2,592842152;1,189678499;1,592842152;1;0,13723445;0,997796073;-1,2744689;1;1,890323047;1,621386965;-10,45161523;1;;;;;;;;;;;;;
981;1,437471615;1,295363558;-2,437471615;1;-2,018353519;1,766978524;3,036707037;1;-4,06768823;2,01512914;19,33844115;1;;;;;;;;;;;;;
982;-1,498549126;0,900681302;0,498549126;1;-0,318870771;0,803496501;-0,362258458;1;-0,669248985;1,266631419;2,346244924;1;;;;;;;;;;;;;
983;-2,27442413;1,164535229;1,27442413;1;-0,991977381;1,349723994;0,983954762;1;1,230465759;1,888467824;-7,152328794;1;;;;;;;;;;;;;
984;-1,554289043;2,745815326;0,554289043;1;-0,624448884;1,654788679;0,248897768;1;2,185951887;2,855319202;-11,92975944;1;;;;;;;;;;;;;
985;-1,554777405;0,903449039;0,554777405;1;1,495580102;0,798073319;-3,991160204;0;-0,131993961;1,389527701;-0,340030194;1;;;;;;;;;;;;;
986;-1,367279197;0,880585497;0,367279197;1;-0,557703898;1,023537024;0,115407796;1;1,204554812;1,772475808;-7,02277406;1;;;;;;;;;;;;;
987;-2,487134963;1,169918311;1,487134963;1;-0,39044938;1,157419862;-0,219101239;1;-1,445832301;2,041081926;6,229161506;1;;;;;;;;;;;;;
988;-2,677346527;1,301860806;1,677346527;1;-0,826812791;1,156234336;0,653625582;1;0,47331003;1,936567662;-3,36655015;1;;;;;;;;;;;;;
989;-1,209781051;0,849641388;0,209781051;1;-0,263293199;0,798412264;-0,473413601;1;-0,325180334;1,36096417;0,625901671;1;;;;;;;;;;;;;
990;-0,619499849;1,019665548;-0,380500151;1;-0,077816659;1,036614516;-0,844366683;1;-4,681151717;2,242724028;22,40575858;0;;;;;;;;;;;;;
991;-1,612845002;0,68552304;0,612845002;1;-0,540245355;0,586516085;0,08049071;1;1,307961984;0,829633441;-7,53980992;1;;;;;;;;;;;;;
992;-1,517851198;0,734192387;0,517851198;1;-0,31578557;0,740075768;-0,368428859;1;0,859203993;1,28226449;-5,296019965;1;;;;;;;;;;;;;
993;0,531252606;1,243656907;-1,531252606;1;-0,165180184;0,889477171;-0,669639633;1;-3,577821534;1,923847491;16,88910767;1;;;;;;;;;;;;;
994;0,001102241;0,606462526;-1,001102241;1;-4,066080189;1,730534269;7,132160378;0;-0,273464348;1,00520243;0,367321741;1;;;;;;;;;;;;;
995;-5,005147022;1,928668269;4,005147022;0;1,608603917;1,609327052;-4,217207834;1;0,747274942;2,967228725;-4,736374712;1;;;;;;;;;;;;;
996;-2,019575485;1,204427665;1,019575485;1;-1,45378353;0,916627775;1,907567059;1;2,702728173;1,526942335;-14,51364087;1;;;;;;;;;;;;;
997;-1,872386574;1,356569809;0,872386574;1;-0,100974193;1,044099275;-0,798051613;1;-0,791474222;1,923636284;2,95737111;1;;;;;;;;;;;;;
998;-1,530890975;2,004484883;0,530890975;1;-0,200845328;1,315507277;-0,598309345;1;-0,794898615;2,482846174;2,974493075;1;;;;;;;;;;;;;
999;-0,057029117;0,790144452;-0,942970883;1;-0,309952621;0,80718873;-0,380094757;1;-1,925385772;1,423473003;8,626928859;1;;;;;;;;;;;;;
1000;-0,539043307;0,875226629;-0,460956693;1;-0,223422304;0,626421017;-0,553155391;1;0,275907814;1,136421093;-2,379539069;1;;;;;;;;;;;;;
