;mean;se;bias;cp;mean;se;bias;cp;mean;se;bias;cp;;mean;sd;bias;cp;mean;sd;bias;cp;mean;sd;bias;cp
1;0,709376791;0,224539895;0,182294651;1;0,027609388;0,166948904;-0,861953061;1;0,520960791;0,313822464;0,302401976;1;;0,579501972;0,212497633;-0,034163379;0,95;0,201914038;0,171838677;0,009570188;0,942;0,396330341;0,292350403;-0,009174149;0,948
2;0,573847001;0,245395555;-0,043588332;1;0,345346872;0,175813964;0,72673436;1;0,185166974;0,306476118;-0,537082565;1;;;;;;;;;;;;;
3;0,643859543;0,20652942;0,073099239;1;0,337432773;0,170592364;0,687163863;1;0,499260379;0,279417359;0,248150949;1;;;;;;;;;;;;;
4;0,293684934;0,181012371;-0,51052511;1;0,351941913;0,149522683;0,759709566;1;0,295014414;0,228306204;-0,262463964;1;;;;;;;;;;;;;
5;0,899680921;0,21611368;0,499468201;1;-0,042647866;0,169522871;-1,213239332;1;0,228108484;0,289258626;-0,42972879;1;;;;;;;;;;;;;
6;0,786786873;0,234571698;0,311311455;1;0,623373262;0,17842626;2,116866308;0;-0,168979687;0,319401309;-1,422449218;1;;;;;;;;;;;;;
7;0,502606156;0,254213328;-0,162323073;1;0,136184261;0,195448127;-0,319078695;1;0,820623256;0,307803841;1,05155814;1;;;;;;;;;;;;;
8;0,796418764;0,24176012;0,327364607;1;0,102631848;0,186916251;-0,486840761;1;0,783038438;0,313902021;0,957596094;1;;;;;;;;;;;;;
9;0,357104197;0,200793573;-0,404826338;1;0,230414475;0,173493901;0,152072377;1;0,381231518;0,270676439;-0,046921205;1;;;;;;;;;;;;;
10;0,336840391;0,242289625;-0,438599349;1;0,444439481;0,18337572;1,222197403;1;0,493298688;0,331536807;0,233246719;1;;;;;;;;;;;;;
11;0,896870758;0,2143522;0,494784596;1;0,201307218;0,16216299;0,00653609;1;-0,033238628;0,267727761;-1,08309657;1;;;;;;;;;;;;;
12;0,468996536;0,203422692;-0,218339106;1;0,256780394;0,156398162;0,283901971;1;0,554855853;0,274288689;0,387139633;1;;;;;;;;;;;;;
13;0,709058064;0,209279099;0,18176344;1;0,381608033;0,157019086;0,908040167;1;0,127113501;0,261859633;-0,682216248;1;;;;;;;;;;;;;
14;0,556850397;0,210032119;-0,071916005;1;0,454200378;0,164922115;1,271001889;1;0,3501139;0,270459946;-0,124715249;1;;;;;;;;;;;;;
15;0,599519787;0,214244422;-0,000800356;1;0,012951809;0,17491255;-0,935240956;1;0,693515121;0,295545976;0,733787802;1;;;;;;;;;;;;;
16;0,347457962;0,205424279;-0,420903397;1;0,194735652;0,161979982;-0,026321739;1;1,061630613;0,274262948;1,654076533;0;;;;;;;;;;;;;
17;0,383017911;0,233143852;-0,361636815;1;-0,008555161;0,174433073;-1,042775803;1;0,941479759;0,315789084;1,353699397;1;;;;;;;;;;;;;
18;0,440568707;0,213587746;-0,265718822;1;0,083246334;0,165501592;-0,583768329;1;0,29318489;0,27824994;-0,267037776;1;;;;;;;;;;;;;
19;0,450769225;0,191963884;-0,248717959;1;0,408445862;0,145442037;1,042229311;1;0,364463018;0,255105544;-0,088842454;1;;;;;;;;;;;;;
20;0,941637477;0,24767191;0,569395796;1;0,1821605;0,180201522;-0,089197501;1;0,348771478;0,327979015;-0,128071304;1;;;;;;;;;;;;;
21;0,362023273;0,190318195;-0,396627878;1;0,265907812;0,156879159;0,329539061;1;0,423368057;0,258721414;0,058420144;1;;;;;;;;;;;;;
22;0,527564236;0,215529233;-0,120726273;1;0,244709119;0,168065008;0,223545595;1;0,28179048;0,262905009;-0,295523799;1;;;;;;;;;;;;;
23;0,524264584;0,227028023;-0,126225693;1;0,065979449;0,173712559;-0,670102755;1;0,635635959;0,298876583;0,589089899;1;;;;;;;;;;;;;
24;0,142570519;0,221435339;-0,762382468;0;0,16750581;0,167934188;-0,162470948;1;1,210080544;0,303495421;2,025201361;0;;;;;;;;;;;;;
25;0,596571009;0,223347227;-0,005714985;1;0,346394017;0,165261893;0,731970085;1;0,244919554;0,289263117;-0,387701115;1;;;;;;;;;;;;;
26;0,634549362;0,204486571;0,05758227;1;0,366487031;0,15869716;0,832435155;1;0,377006404;0,264163875;-0,05748399;1;;;;;;;;;;;;;
27;0,482754942;0,204974555;-0,19540843;1;0,072233111;0,17213116;-0,638834444;1;0,96556781;0,284037132;1,413919525;0;;;;;;;;;;;;;
28;0,749829835;0,216212006;0,249716392;1;-0,106278103;0,164887746;-1,531390514;1;0,278105727;0,26229103;-0,304735683;1;;;;;;;;;;;;;
29;0,618648797;0,212444928;0,031081329;1;0,070184493;0,164541392;-0,649077537;1;0,600691867;0,288860551;0,501729669;1;;;;;;;;;;;;;
30;0,668333482;0,237986278;0,113889136;1;0,332999026;0,17511969;0,66499513;1;0,234557284;0,292865883;-0,413606789;1;;;;;;;;;;;;;
31;0,719308415;0,227277147;0,198847359;1;0,240073992;0,171270075;0,200369959;1;-0,184800238;0,324372768;-1,462000594;1;;;;;;;;;;;;;
32;0,509280029;0,229458204;-0,151199952;1;-0,073204526;0,177204059;-1,366022631;1;0,627761934;0,30845681;0,569404835;1;;;;;;;;;;;;;
33;1,065204202;0,217625063;0,775340336;0;0,080260454;0,160899021;-0,598697731;1;-0,551594806;0,29805803;-2,378987014;0;;;;;;;;;;;;;
34;0,741293946;0,220783236;0,235489909;1;0,172043912;0,175285895;-0,139780441;1;0,386995337;0,295804856;-0,032511657;1;;;;;;;;;;;;;
35;0,608273231;0,199614195;0,013788719;1;0,173396659;0,152794158;-0,133016707;1;0,360086574;0,267521686;-0,099783566;1;;;;;;;;;;;;;
36;0,52697448;0,193871413;-0,1217092;1;0,51105261;0,156658317;1,555263052;0;-0,041970732;0,258704283;-1,104926831;1;;;;;;;;;;;;;
37;0,559423913;0,224835377;-0,067626812;1;0,25303603;0,177807009;0,265180148;1;0,428066704;0,30787807;0,07016676;1;;;;;;;;;;;;;
38;0,726036726;0,226416001;0,21006121;1;0,256626663;0,171679899;0,283133313;1;0,089839784;0,283002828;-0,775400541;1;;;;;;;;;;;;;
39;0,415233973;0,197114624;-0,307943378;1;0,137024388;0,148383331;-0,314878061;1;0,163862225;0,262968562;-0,590344438;1;;;;;;;;;;;;;
40;0,499118543;0,204647656;-0,168135762;1;0,188685136;0,155334373;-0,056574319;1;0,530673779;0,27151368;0,326684448;1;;;;;;;;;;;;;
41;0,366351706;0,246662997;-0,389413823;1;0,132512134;0,184219758;-0,337439328;1;1,025211209;0,317125151;1,563028023;0;;;;;;;;;;;;;
42;0,509561082;0,249502779;-0,15073153;1;0,070853559;0,17165586;-0,645732204;1;0,564198763;0,343388508;0,410496906;1;;;;;;;;;;;;;
43;0,482056117;0,212822313;-0,196573138;1;0,094124464;0,168771764;-0,52937768;1;0,59394067;0,290812282;0,484851674;1;;;;;;;;;;;;;
44;0,689700586;0,226997732;0,149500977;1;0,084703863;0,171733922;-0,576480685;1;0,467790707;0,280022207;0,169476768;1;;;;;;;;;;;;;
45;0,80952712;0,265919215;0,349211866;1;0,041908888;0,192412321;-0,790455562;1;0,309958251;0,325810558;-0,225104373;1;;;;;;;;;;;;;
46;0,669672877;0,230753563;0,116121462;1;0,186276437;0,173809991;-0,068617814;1;0,079627947;0,291750991;-0,800930133;1;;;;;;;;;;;;;
47;0,381104416;0,201230511;-0,364825974;1;0,275224482;0,16711669;0,376122412;1;0,571008204;0,289729379;0,42752051;1;;;;;;;;;;;;;
48;0,398102482;0,206846471;-0,336495864;1;0,336351514;0,163307194;0,681757568;1;0,462874012;0,27470955;0,157185029;1;;;;;;;;;;;;;
49;0,661893394;0,233726166;0,103155656;1;0,24549846;0,179889285;0,227492302;1;0,244929333;0,296837804;-0,387676667;1;;;;;;;;;;;;;
50;0,7882724;0,211637549;0,313787333;1;0,268026821;0,166914878;0,340134103;1;0,266872525;0,275455446;-0,332818689;1;;;;;;;;;;;;;
51;0,404496012;0,186961421;-0,32583998;1;0,109848478;0,155792776;-0,45075761;1;0,771394109;0,271557813;0,928485272;1;;;;;;;;;;;;;
52;0,76078085;0,227349423;0,267968084;1;0,152445655;0,170306295;-0,237771726;1;0,343095925;0,309646567;-0,142260186;1;;;;;;;;;;;;;
53;0,398462749;0,214780411;-0,335895418;1;0,218891469;0,162252054;0,094457346;1;0,613962853;0,270625664;0,534907132;1;;;;;;;;;;;;;
54;0,513743692;0,206618645;-0,143760513;1;0,339677403;0,157782242;0,698387015;1;0,458877282;0,267615344;0,147193204;1;;;;;;;;;;;;;
55;0,658896845;0,215129024;0,098161408;1;-0,025364563;0,158754855;-1,126822817;1;0,162436166;0,269594716;-0,593909586;1;;;;;;;;;;;;;
56;0,824689351;0,21750573;0,374482251;1;0,105568377;0,173971543;-0,472158113;1;-0,015078699;0,301461633;-1,037696748;1;;;;;;;;;;;;;
57;0,503241896;0,21507866;-0,161263506;1;0,32046346;0,166671392;0,602317302;1;0,399969365;0,292657115;-7,66E-05;1;;;;;;;;;;;;;
58;0,830543947;0,19974832;0,384239911;1;-0,045602136;0,156220766;-1,228010681;1;0,114863809;0,268633168;-0,712840477;1;;;;;;;;;;;;;
59;0,723475547;0,209869111;0,205792579;1;0,246774633;0,152221908;0,233873163;1;0,176334343;0,26342428;-0,559164142;1;;;;;;;;;;;;;
60;0,421556203;0,193362688;-0,297406328;1;0,461339537;0,161104202;1,306697683;1;0,491221193;0,255632889;0,228052983;1;;;;;;;;;;;;;
61;0,781651279;0,218474815;0,302752131;1;0,170458922;0,169375665;-0,147705392;1;0,141055855;0,298059689;-0,647360363;1;;;;;;;;;;;;;
62;0,462786444;0,188870255;-0,228689261;1;-0,00322918;0,148785951;-1,016145902;1;0,506646055;0,251463898;0,266615138;1;;;;;;;;;;;;;
63;0,483439183;0,189718663;-0,194268028;1;-0,151377243;0,151997377;-1,756886213;0;0,483386609;0,243308303;0,208466523;1;;;;;;;;;;;;;
64;0,303664377;0,208012101;-0,493892705;1;0,586281199;0,165217724;1,931405997;0;0,724905847;0,275629236;0,812264618;1;;;;;;;;;;;;;
65;0,831975255;0,223790829;0,386625425;1;0,078966544;0,175720265;-0,605167281;1;0,118026021;0,298351342;-0,704934947;1;;;;;;;;;;;;;
66;0,732726112;0,216585032;0,221210186;1;-0,219615817;0,162788159;-2,098079084;0;0,430240412;0,289512117;0,075601029;1;;;;;;;;;;;;;
67;0,238451465;0,222746235;-0,602580892;1;0,347797511;0,160867457;0,738987554;1;0,755487669;0,301428681;0,888719172;1;;;;;;;;;;;;;
68;0,633454137;0,19492934;0,055756895;1;0,307345188;0,165630339;0,536725938;1;0,574027341;0,272977008;0,435068353;1;;;;;;;;;;;;;
69;0,149639316;0,174540389;-0,750601139;0;0,546517714;0,141282891;1,73258857;0;0,4047955;0,235008798;0,011988749;1;;;;;;;;;;;;;
70;0,545481499;0,198664528;-0,090864168;1;0,200590211;0,151113155;0,002951055;1;0,177447164;0,258402035;-0,556382091;1;;;;;;;;;;;;;
71;0,595400362;0,18460893;-0,007666064;1;0,315250308;0,15075347;0,576251541;1;0,320570711;0,246870828;-0,198573222;1;;;;;;;;;;;;;
72;0,510236276;0,205774977;-0,149606207;1;0,267009651;0,156205194;0,335048254;1;0,370082449;0,272338722;-0,074793877;1;;;;;;;;;;;;;
73;0,258393426;0,194538908;-0,569344289;1;0,407374784;0,146765862;1,036873922;1;0,590374686;0,255171392;0,475936715;1;;;;;;;;;;;;;
74;0,810445574;0,24626929;0,350742623;1;0,298541633;0,181653433;0,492708163;1;0,253183318;0,300457318;-0,367041705;1;;;;;;;;;;;;;
75;0,867610716;0,209711198;0,446017861;1;0,21779332;0,162510114;0,088966599;1;0,012063904;0,272267535;-0,969840241;1;;;;;;;;;;;;;
76;0,50175002;0,219514849;-0,163749966;1;0,034235311;0,170733494;-0,828823443;1;0,738280698;0,297723134;0,845701745;1;;;;;;;;;;;;;
77;0,671869878;0,217994826;0,119783129;1;0,213326733;0,161961312;0,066633667;1;0,279552469;0,302806274;-0,301118827;1;;;;;;;;;;;;;
78;0,415176827;0,195530865;-0,308038621;1;0,56329176;0,151823371;1,816458801;0;-0,031223632;0,265587909;-1,078059081;1;;;;;;;;;;;;;
79;0,581758571;0,230102367;-0,030402381;1;0,061906751;0,171404311;-0,690466245;1;0,536610803;0,303799083;0,341527007;1;;;;;;;;;;;;;
80;0,427040332;0,205645966;-0,288266113;1;0,20899534;0,15243646;0,044976698;1;0,648833767;0,264990745;0,622084417;1;;;;;;;;;;;;;
81;0,481587748;0,24742021;-0,197353753;1;0,299894728;0,183668298;0,499473641;1;0,3379338;0,318199246;-0,1551655;1;;;;;;;;;;;;;
82;0,743084264;0,238177452;0,238473774;1;0,017546211;0,188488983;-0,912268944;1;0,465702038;0,328929207;0,164255096;1;;;;;;;;;;;;;
83;0,775742037;0,211203476;0,292903395;1;-0,19518133;0,168092731;-1,975906648;0;0,402606861;0,273756211;0,006517152;1;;;;;;;;;;;;;
84;0,628103899;0,22791656;0,046839832;1;0,10129055;0,171639285;-0,493547251;1;0,224897401;0,270222075;-0,437756497;1;;;;;;;;;;;;;
85;0,491240183;0,233157191;-0,181266361;1;0,403148505;0,177381678;1,015742526;1;0,768733023;0,30597336;0,921832557;1;;;;;;;;;;;;;
86;1,081210783;0,23135951;0,802017972;0;0,095208234;0,179081589;-0,523958831;1;-0,34304528;0,308321426;-1,8576132;0;;;;;;;;;;;;;
87;0,953563391;0,24452605;0,589272318;1;0,113361995;0,184722978;-0,433190026;1;0,05266456;0,355879122;-0,8683386;1;;;;;;;;;;;;;
88;0,716844374;0,21958821;0,194740623;1;0,032821707;0,189598143;-0,835891466;1;0,469916899;0,315736251;0,174792247;1;;;;;;;;;;;;;
89;0,444123227;0,196887828;-0,259794622;1;0,191664109;0,149093034;-0,041679457;1;0,516912378;0,281575531;0,292280944;1;;;;;;;;;;;;;
90;0,55201074;0,22221757;-0,0799821;1;0,25591601;0,164271034;0,279580048;1;0,292036853;0,327520776;-0,269907867;1;;;;;;;;;;;;;
91;0,45429569;0,221530967;-0,242840516;1;0,20850196;0,163055616;0,042509802;1;0,321904671;0,287180594;-0,195238323;1;;;;;;;;;;;;;
92;0,633510238;0,250189076;0,055850397;1;0,168734305;0,199842206;-0,156328474;1;0,8926804;0,352098001;1,231701;1;;;;;;;;;;;;;
93;0,349347928;0,180865235;-0,417753453;1;0,287230504;0,14540676;0,436152519;1;0,57414782;0,250799427;0,435369551;1;;;;;;;;;;;;;
94;0,686175297;0,276123717;0,143625494;1;0,346275054;0,201038542;0,73137527;1;0,496324759;0,360559222;0,240811898;1;;;;;;;;;;;;;
95;0,764149159;0,237877724;0,273581931;1;-0,071890073;0,17120572;-1,359450366;1;0,507804394;0,31850678;0,269510984;1;;;;;;;;;;;;;
96;0,67259893;0,204093438;0,120998217;1;0,588580759;0,171274542;1,942903796;0;-0,245813294;0,267827887;-1,614533234;0;;;;;;;;;;;;;
97;-0,091383854;0,206755083;-1,152306423;0;0,615397615;0,158599436;2,076988077;0;0,745447595;0,289082627;0,863618986;1;;;;;;;;;;;;;
98;0,723103421;0,196518908;0,205172369;1;0,117930362;0,157243042;-0,410348188;1;0,011072054;0,273638267;-0,972319865;1;;;;;;;;;;;;;
99;0,866849297;0,211258808;0,444748828;1;0,283851581;0,167986749;0,419257905;1;0,131120814;0,299261088;-0,672197965;1;;;;;;;;;;;;;
100;0,493362054;0,204094442;-0,177729909;1;0,115046994;0,157356887;-0,424765028;1;0,523480173;0,268309875;0,308700431;1;;;;;;;;;;;;;
101;0,526643297;0,232895489;-0,122261172;1;0,252451476;0,174445484;0,262257378;1;0,492866868;0,304742406;0,232167169;1;;;;;;;;;;;;;
102;0,519200235;0,197354009;-0,134666275;1;0,319688357;0,15497525;0,598441784;1;0,646264655;0,263586779;0,615661639;1;;;;;;;;;;;;;
103;0,672381715;0,219617932;0,120636191;1;0,065780941;0,173102197;-0,671095293;1;0,33103579;0,308395419;-0,172410525;1;;;;;;;;;;;;;
104;0,58862962;0,195516097;-0,018950633;1;0,077292125;0,146628412;-0,613539376;1;0,305766378;0,245693334;-0,235584056;1;;;;;;;;;;;;;
105;0,52418811;0,227184243;-0,12635315;1;0,413010217;0,176804457;1,065051084;1;0,542584027;0,309156608;0,356460067;1;;;;;;;;;;;;;
106;0,622214383;0,200395905;0,037023971;1;0,187238789;0,169769533;-0,063806055;1;0,471223932;0,273609973;0,17805983;1;;;;;;;;;;;;;
107;0,480752984;0,18553992;-0,198745026;1;0,091699837;0,15208024;-0,541500814;1;0,348958699;0,25894511;-0,127603252;1;;;;;;;;;;;;;
108;0,779210521;0,252105081;0,298684202;1;0,049581772;0,181946111;-0,752091138;1;0,033886875;0,353969547;-0,915282812;1;;;;;;;;;;;;;
109;0,537407279;0,233877504;-0,104321201;1;0,377647942;0,167269692;0,888239711;1;0,240439328;0,293467271;-0,398901681;1;;;;;;;;;;;;;
110;0,631157927;0,180826366;0,051929879;1;0,118755543;0,152885828;-0,406222283;1;0,195497103;0,237564496;-0,511257242;1;;;;;;;;;;;;;
111;0,546604752;0,211831952;-0,088992081;1;0,358621156;0,161439965;0,793105782;1;0,455385304;0,276157518;0,138463261;1;;;;;;;;;;;;;
112;0,628919542;0,191678869;0,048199237;1;-0,002493132;0,145306546;-1,012465658;1;0,423687109;0,244463777;0,059217773;1;;;;;;;;;;;;;
113;0,907155972;0,215210681;0,51192662;1;0,253899697;0,167039136;0,269498483;1;-0,081729295;0,281551074;-1,204323237;1;;;;;;;;;;;;;
114;0,860923155;0,226661373;0,434871925;1;0,460154338;0,177799566;1,300771689;1;0,158842726;0,280028563;-0,602893185;1;;;;;;;;;;;;;
115;0,310749121;0,186942733;-0,482084798;1;0,389044302;0,148245099;0,945221508;1;0,467941886;0,255638145;0,169854714;1;;;;;;;;;;;;;
116;0,455193495;0,200059352;-0,241344174;1;0,081580008;0,15640673;-0,592099961;1;0,828437498;0,266323457;1,071093745;1;;;;;;;;;;;;;
117;0,321060566;0,204784454;-0,464899057;1;0,250359458;0,164443174;0,251797292;1;0,436883006;0,271663994;0,092207515;1;;;;;;;;;;;;;
118;0,463887089;0,242018596;-0,226854851;1;-0,059591851;0,175330393;-1,297959255;1;0,869318434;0,311104251;1,173296084;1;;;;;;;;;;;;;
119;0,641182268;0,215583467;0,068637113;1;0,421093669;0,162471958;1,105468346;1;0,499268595;0,291757425;0,248171488;1;;;;;;;;;;;;;
120;0,170189724;0,225343252;-0,716350461;1;0,10191862;0,157594972;-0,490406898;1;1,08520668;0,300368367;1,7130167;0;;;;;;;;;;;;;
121;0,868305493;0,214642767;0,447175822;1;0,44059154;0,171447594;1,202957698;1;0,052885992;0,279681096;-0,867785021;1;;;;;;;;;;;;;
122;0,68781583;0,227177763;0,146359717;1;0,416406149;0,181859544;1,082030747;1;0,336118338;0,295506868;-0,159704156;1;;;;;;;;;;;;;
123;0,368521454;0,190957851;-0,385797577;1;0,060627382;0,148306898;-0,69686309;1;0,670306603;0,257308745;0,675766506;1;;;;;;;;;;;;;
124;0,538542209;0,191604529;-0,102429651;1;0,061249697;0,141975611;-0,693751515;1;0,413444104;0,253035362;0,033610259;1;;;;;;;;;;;;;
125;-0,024837211;0,240362021;-1,041395351;0;0,302732353;0,174534364;0,513661767;1;1,127320309;0,330877159;1,818300773;0;;;;;;;;;;;;;
126;0,72242658;0,237043463;0,204044301;1;0,363897408;0,181405115;0,819487042;1;-0,160390598;0,304165619;-1,400976495;1;;;;;;;;;;;;;
127;0,92149132;0,2166195;0,535818867;1;0,07865514;0,173991183;-0,606724302;1;0,34945816;0,307649198;-0,1263546;1;;;;;;;;;;;;;
128;0,548101109;0,208489644;-0,086498152;1;0,381268768;0,173316685;0,906343839;1;0,59285582;0,294428653;0,482139549;1;;;;;;;;;;;;;
129;0,543899335;0,225434872;-0,093501108;1;0,113723256;0,167468216;-0,431383718;1;0,497113364;0,271352177;0,242783409;1;;;;;;;;;;;;;
130;0,384007185;0,228238531;-0,359988025;1;0,333607505;0,164751839;0,668037525;1;0,253006009;0,304439379;-0,367484977;1;;;;;;;;;;;;;
131;0,660987324;0,218847406;0,101645539;1;-0,02311737;0,16700817;-1,115586851;1;0,545107007;0,275639911;0,362767517;1;;;;;;;;;;;;;
132;0,816488543;0,23687833;0,360814238;1;0,111888795;0,179135183;-0,440556026;1;0,478434004;0,308164969;0,19608501;1;;;;;;;;;;;;;
133;1,017331694;0,248459957;0,695552824;1;0,070645755;0,191440005;-0,646771225;1;0,140570789;0,316726494;-0,648573027;1;;;;;;;;;;;;;
134;0,169938417;0,18455892;-0,716769304;0;0,505569244;0,147687419;1,52784622;0;0,675460931;0,24031374;0,688652327;1;;;;;;;;;;;;;
135;0,657122451;0,232595736;0,095204085;1;0,253692219;0,175965693;0,268461093;1;0,38708849;0,309794546;-0,032278776;1;;;;;;;;;;;;;
136;0,622472129;0,200184559;0,037453549;1;0,022234717;0,153460246;-0,888826417;1;0,362558736;0,266686407;-0,09360316;1;;;;;;;;;;;;;
137;0,625501208;0,211956271;0,042502014;1;-0,033548916;0,157503715;-1,167744578;1;0,224799621;0,309751505;-0,438000948;1;;;;;;;;;;;;;
138;0,560294789;0,214051424;-0,066175351;1;0,0420108;0,159111684;-0,789946002;1;0,626008653;0,288510951;0,565021632;1;;;;;;;;;;;;;
139;0,676454628;0,226267025;0,127424379;1;-0,092145826;0,167190385;-1,460729132;1;0,468323546;0,296453767;0,170808864;1;;;;;;;;;;;;;
140;0,625487144;0,20048514;0,042478573;1;0,021467751;0,162973424;-0,892661246;1;0,397799457;0,274217057;-0,005501356;1;;;;;;;;;;;;;
141;0,687121722;0,212000244;0,145202871;1;0,41096234;0,167149295;1,0548117;1;0,262557835;0,287434432;-0,343605412;1;;;;;;;;;;;;;
142;0,629643073;0,209871089;0,049405122;1;0,17062564;0,169555978;-0,146871799;1;0,479796751;0,280620008;0,199491877;1;;;;;;;;;;;;;
143;0,405263099;0,240952718;-0,324561502;1;0,47902094;0,183850301;1,395104698;1;0,53405286;0,299978357;0,33513215;1;;;;;;;;;;;;;
144;0,743909618;0,250242746;0,239849363;1;0,127538094;0,195230122;-0,36230953;1;0,49811335;0,347387837;0,245283374;1;;;;;;;;;;;;;
145;0,588014216;0,183603459;-0,019976306;1;0,200464211;0,156003264;0,002321055;1;-0,046244899;0,242365509;-1,115612248;1;;;;;;;;;;;;;
146;0,501946643;0,226068443;-0,163422262;1;0,360048149;0,164581731;0,800240745;1;0,493815652;0,300685328;0,234539129;1;;;;;;;;;;;;;
147;0,716214557;0,198360799;0,193690929;1;0,2971821;0,157248998;0,485910499;1;0,034440355;0,272419815;-0,913899112;1;;;;;;;;;;;;;
148;0,693049135;0,203909102;0,155081892;1;0,027376876;0,157961141;-0,863115622;1;0,295757622;0,270956923;-0,260605946;1;;;;;;;;;;;;;
149;0,377405424;0,230140885;-0,370990959;1;0,235308508;0,172602754;0,176542539;1;0,896674806;0,311986239;1,241687016;1;;;;;;;;;;;;;
150;0,747514412;0,230634512;0,245857354;1;0,195949894;0,190718539;-0,020250531;1;0,509932694;0,322873458;0,274831736;1;;;;;;;;;;;;;
151;0,8097827;0,201180222;0,349637833;1;0,099671319;0,160713071;-0,501643405;1;-0,030335969;0,247670764;-1,075839924;1;;;;;;;;;;;;;
152;0,467491712;0,203241154;-0,220847146;1;0,118715056;0,151559383;-0,406424719;1;0,46738408;0,267521314;0,1684602;1;;;;;;;;;;;;;
153;0,717903516;0,207454083;0,196505859;1;0,275485666;0,160911981;0,37742833;1;0,124059428;0,281040433;-0,689851429;1;;;;;;;;;;;;;
154;0,383553636;0,216910284;-0,36074394;1;0,309505161;0,16449507;0,547525803;1;0,903540116;0,285431676;1,25885029;1;;;;;;;;;;;;;
155;0,586008591;0,256733298;-0,023319015;1;0,134535489;0,193197485;-0,327322556;1;0,718938705;0,340757523;0,797346763;1;;;;;;;;;;;;;
156;0,663864054;0,221458503;0,10644009;1;0,193197451;0,171316186;-0,034012744;1;0,382952905;0,303857536;-0,042617737;1;;;;;;;;;;;;;
157;0,309016614;0,200738923;-0,484972309;1;0,267966852;0,153334309;0,339834262;1;0,415406743;0,254099872;0,038516857;1;;;;;;;;;;;;;
158;0,389076147;0,197863612;-0,351539755;1;0,167010035;0,164265404;-0,164949824;1;0,606615725;0,27656014;0,516539311;1;;;;;;;;;;;;;
159;0,93257008;0,216684094;0,554283466;1;0,095320134;0,175385647;-0,52339933;1;0,044509836;0,294381851;-0,888725409;1;;;;;;;;;;;;;
160;0,495380886;0,214144027;-0,17436519;1;0,116697487;0,159670582;-0,416512565;1;0,536814905;0,2799282;0,342037262;1;;;;;;;;;;;;;
161;0,687801767;0,20727014;0,146336278;1;0,49854005;0,161948583;1,492700248;1;-0,063963566;0,287556079;-1,159908914;1;;;;;;;;;;;;;
162;0,682660417;0,214989068;0,137767362;1;0,095329996;0,168363578;-0,523350018;1;0,471994567;0,286276177;0,179986417;1;;;;;;;;;;;;;
163;0,335759064;0,202409088;-0,44040156;1;0,465488166;0,164174824;1,32744083;1;0,644295151;0,276115688;0,610737877;1;;;;;;;;;;;;;
164;0,535537387;0,227752945;-0,107437688;1;0,115355996;0,17050571;-0,423220019;1;0,360928588;0,303541008;-0,097678531;1;;;;;;;;;;;;;
165;0,745906685;0,242929825;0,243177809;1;-0,073374453;0,187959131;-1,366872267;1;0,76431641;0,309805482;0,910791025;1;;;;;;;;;;;;;
166;0,189095994;0,192824544;-0,684840011;0;0,198926153;0,149525988;-0,005369237;1;0,521631672;0,251736364;0,30407918;1;;;;;;;;;;;;;
167;0,545313245;0,217354869;-0,091144592;1;0,142811086;0,170391056;-0,285944572;1;0,754695421;0,292105402;0,886738552;1;;;;;;;;;;;;;
168;0,738251432;0,222341444;0,230419053;1;0,169829644;0,167985237;-0,150851782;1;-0,041557125;0,284960658;-1,103892812;1;;;;;;;;;;;;;
169;0,403477557;0,211177707;-0,327537404;1;0,407676478;0,155860971;1,03838239;1;0,267765272;0,277200376;-0,33058682;1;;;;;;;;;;;;;
170;0,604047133;0,216271875;0,006745222;1;0,069161984;0,160709395;-0,654190081;1;0,461684576;0,282662361;0,154211439;1;;;;;;;;;;;;;
171;0,3747134;0,206969048;-0,375477667;1;0,223605999;0,150495425;0,118029996;1;0,485491251;0,252369769;0,213728128;1;;;;;;;;;;;;;
172;1,011725653;0,231182712;0,686209422;1;0,120338456;0,176232809;-0,398307722;1;0,359289351;0,294765087;-0,101776623;1;;;;;;;;;;;;;
173;0,981451617;0,228803048;0,635752694;1;0,124004847;0,178605228;-0,379975764;1;0,097672849;0,325232911;-0,755817877;1;;;;;;;;;;;;;
174;0,4239964;0,195604989;-0,293339334;1;0,015050772;0,148446593;-0,924746138;1;0,586068349;0,257317417;0,465170873;1;;;;;;;;;;;;;
175;0,347041743;0,206997312;-0,421597095;1;0,239165867;0,152682958;0,195829335;1;0,776998313;0,275993716;0,942495783;1;;;;;;;;;;;;;
176;0,621206056;0,232895776;0,035343427;1;-0,028735931;0,17741877;-1,143679656;1;0,843741345;0,308270219;1,109353362;1;;;;;;;;;;;;;
177;0,591192322;0,245323967;-0,014679463;1;0,199817048;0,185903827;-0,000914761;1;0,444097645;0,341555584;0,110244114;1;;;;;;;;;;;;;
178;0,45324086;0,24114112;-0,244598567;1;0,547283912;0,20281132;1,736419559;1;0,928216631;0,337247245;1,320541578;1;;;;;;;;;;;;;
179;0,813530728;0,209717315;0,355884547;1;0,199334755;0,163379611;-0,003326224;1;0,133428991;0,287968422;-0,666427521;1;;;;;;;;;;;;;
180;0,335187689;0,191400549;-0,441353852;1;0,280737761;0,147283613;0,403688807;1;0,49899278;0,255489312;0,247481951;1;;;;;;;;;;;;;
181;0,39230436;0,19162379;-0,346159401;1;0,097380891;0,154431355;-0,513095544;1;0,610097712;0,261641673;0,525244279;1;;;;;;;;;;;;;
182;0,580150025;0,213794189;-0,033083291;1;0,144059386;0,17383259;-0,279703071;1;0,759151474;0,28885777;0,897878684;1;;;;;;;;;;;;;
183;0,769052482;0,250869778;0,281754137;1;0,061859158;0,179334096;-0,690704211;1;0,055355984;0,309830258;-0,861610039;1;;;;;;;;;;;;;
184;0,714718907;0,210720495;0,191198178;1;0,179141823;0,168584411;-0,104290883;1;0,383685627;0,284864246;-0,040785932;1;;;;;;;;;;;;;
185;0,435608646;0,19768218;-0,273985591;1;0,369268279;0,15619373;0,846341396;1;0,246943209;0,259671067;-0,382641978;1;;;;;;;;;;;;;
186;0,90766252;0,235152167;0,512770866;1;-0,109954944;0,175199277;-1,549774721;1;0,422517204;0,301610577;0,056293009;1;;;;;;;;;;;;;
187;0,7147334;0,198872592;0,191222333;1;0,015552154;0,153905766;-0,922239228;1;0,147805301;0,258479379;-0,630486747;1;;;;;;;;;;;;;
188;0,674655305;0,211079088;0,124425508;1;0,090019816;0,167374142;-0,549900918;1;0,384622638;0,274576874;-0,038443406;1;;;;;;;;;;;;;
189;0,679342905;0,22254128;0,132238176;1;0,425664133;0,161325135;1,128320666;1;0,05549001;0,292137295;-0,861274975;1;;;;;;;;;;;;;
190;0,534153358;0,241317227;-0,109744404;1;0,415846148;0,181868338;1,07923074;1;0,328108819;0,310942059;-0,179727952;1;;;;;;;;;;;;;
191;0,709685364;0,209968447;0,18280894;1;0,038532432;0,162358485;-0,807337839;1;0,297795575;0,274397109;-0,255511062;1;;;;;;;;;;;;;
192;0,456981588;0,205618091;-0,23836402;1;-0,055736816;0,161913738;-1,278684081;1;0,66995374;0,281486201;0,674884349;1;;;;;;;;;;;;;
193;0,27516203;0,190944705;-0,541396617;1;0,404299519;0,143423807;1,021497597;1;0,429638616;0,247314327;0,074096539;1;;;;;;;;;;;;;
194;0,159283113;0,178290034;-0,734528145;0;0,128193678;0,139718938;-0,359031608;1;0,536952082;0,232270149;0,342380204;1;;;;;;;;;;;;;
195;0,910417611;0,250355036;0,517362686;1;-0,019476085;0,189747517;-1,097380424;1;0,354377487;0,323113831;-0,114056282;1;;;;;;;;;;;;;
196;0,552084998;0,20797471;-0,079858337;1;0,240945209;0,168190167;0,204726045;1;0,486073185;0,28168266;0,215182963;1;;;;;;;;;;;;;
197;0,333063761;0,204947972;-0,444893732;1;0,142641576;0,152688893;-0,286792122;1;0,446685132;0,262451379;0,11671283;1;;;;;;;;;;;;;
198;0,416222171;0,2031215;-0,306296381;1;0,017281798;0,150076093;-0,913591008;1;0,511487464;0,267639391;0,27871866;1;;;;;;;;;;;;;
199;0,33800615;0,249266694;-0,436656416;1;0,174323585;0,178180888;-0,128382076;1;0,807468291;0,323195844;1,018670728;1;;;;;;;;;;;;;
200;0,550568971;0,208135949;-0,082385048;1;0,102758769;0,154473884;-0,486206154;1;0,282112953;0,28153145;-0,294717618;1;;;;;;;;;;;;;
201;0,808728508;0,223731938;0,347880846;1;0,664743733;0,176088599;2,323718665;0;-0,083042644;0,279834967;-1,207606609;1;;;;;;;;;;;;;
202;0,492841513;0,205849777;-0,178597479;1;0,038062747;0,156908523;-0,809686264;1;0,147436981;0,277096738;-0,631407547;1;;;;;;;;;;;;;
203;0,410655445;0,196556999;-0,315574258;1;0,141612701;0,160244605;-0,291936494;1;0,45923985;0,250559553;0,148099624;1;;;;;;;;;;;;;
204;0,649626354;0,226816524;0,082710591;1;0,079158852;0,168774281;-0,604205739;1;0,15855928;0,289182206;-0,603601799;1;;;;;;;;;;;;;
205;0,78939888;0,227663263;0,315664801;1;0,178629736;0,179553501;-0,106851318;1;0,344701189;0,326714707;-0,138247028;1;;;;;;;;;;;;;
206;0,83694042;0,240101441;0,394900701;1;0,222247486;0,186774547;0,111237428;1;0,334233008;0,317134421;-0,16441748;1;;;;;;;;;;;;;
207;0,544158645;0,193287393;-0,093068926;1;0,255741545;0,152038608;0,278707724;1;0,376047352;0,267761603;-0,05988162;1;;;;;;;;;;;;;
208;0,459987473;0,20374143;-0,233354212;1;0,368583299;0,162881055;0,842916496;1;0,193309135;0,277825564;-0,516727163;1;;;;;;;;;;;;;
209;0,605417715;0,220550274;0,009029525;1;0,519370572;0,16713116;1,596852859;1;0,304283115;0,264874147;-0,239292213;1;;;;;;;;;;;;;
210;0,834326714;0,21459829;0,390544523;1;0,051232934;0,172552727;-0,743835328;1;0,290857829;0,284561132;-0,272855428;1;;;;;;;;;;;;;
211;0,590353151;0,232309464;-0,016078081;1;0,100910305;0,173405784;-0,495448476;1;0,696538937;0,288147419;0,741347343;1;;;;;;;;;;;;;
212;0,210727804;0,208917924;-0,648786994;1;0,333766969;0,160951212;0,668834846;1;0,905706986;0,279307151;1,264267465;1;;;;;;;;;;;;;
213;0,618745394;0,206386321;0,031242323;1;0,158432011;0,176331609;-0,207839943;1;0,462229063;0,283904438;0,155572657;1;;;;;;;;;;;;;
214;0,572338339;0,213997618;-0,046102769;1;0,421978661;0,170283997;1,109893303;1;0,389234325;0,28814219;-0,026914187;1;;;;;;;;;;;;;
215;0,46072747;0,203725174;-0,232120884;1;-0,025128683;0,157387749;-1,125643415;1;0,768543828;0,264484362;0,921359569;1;;;;;;;;;;;;;
216;0,485436388;0,21746386;-0,190939353;1;0,033650757;0,169554807;-0,831746216;1;0,661165888;0,287110294;0,652914721;1;;;;;;;;;;;;;
217;1,069585364;0,232587508;0,782642273;0;-0,109131708;0,177215874;-1,545658541;1;0,32593919;0,287105235;-0,185152025;1;;;;;;;;;;;;;
218;0,730727895;0,226036844;0,217879825;1;0,173449418;0,159729802;-0,132752912;1;0,071818197;0,283577384;-0,820454507;1;;;;;;;;;;;;;
219;0,682847916;0,218536986;0,13807986;1;0,294338255;0,164637103;0,471691275;1;0,207304586;0,278944255;-0,481738535;1;;;;;;;;;;;;;
220;0,690091224;0,238530284;0,15015204;1;0,34636416;0,193923609;0,731820801;1;0,327408648;0,314909011;-0,18147838;1;;;;;;;;;;;;;
221;0,66642159;0,207040875;0,11070265;1;0,11316246;0,149172694;-0,434187701;1;0,287670034;0,270772454;-0,280824914;1;;;;;;;;;;;;;
222;0,478835369;0,195462435;-0,201941051;1;0,255710734;0,149928742;0,27855367;1;0,117482773;0,2418526;-0,706293068;1;;;;;;;;;;;;;
223;0,255138733;0,193206062;-0,574768779;1;0,522223789;0,153907322;1,611118947;0;0,343617453;0,232908902;-0,140956369;1;;;;;;;;;;;;;
224;0,533169381;0,211853511;-0,111384365;1;0,192620591;0,162095373;-0,036897045;1;0,454065943;0,282994926;0,135164858;1;;;;;;;;;;;;;
225;0,776597467;0,24123464;0,294329111;1;0,311550306;0,176545826;0,557751529;1;-0,004297846;0,301197811;-1,010744614;1;;;;;;;;;;;;;
226;0,379248748;0,197063663;-0,367918753;1;0,108013709;0,151939139;-0,459931453;1;0,624168568;0,26673587;0,560421421;1;;;;;;;;;;;;;
227;0,794241535;0,226738885;0,323735891;1;0,418675163;0,174011662;1,093375815;1;0,216779093;0,30698554;-0,458052268;1;;;;;;;;;;;;;
228;0,984198499;0,223512294;0,640330831;1;-0,10880952;0,176426445;-1,544047601;1;0,094684693;0,292984862;-0,763288267;1;;;;;;;;;;;;;
229;0,714809284;0,215289724;0,191348807;1;0,050413531;0,171554361;-0,747932346;1;0,485809498;0,281755017;0,214523746;1;;;;;;;;;;;;;
230;0,773248889;0,251322049;0,288748148;1;0,177278769;0,189370134;-0,113606155;1;0,784474354;0,335539373;0,961185884;1;;;;;;;;;;;;;
231;0,630611774;0,223190591;0,051019623;1;0,101796904;0,161493443;-0,49101548;1;0,299988768;0,300836524;-0,250028079;1;;;;;;;;;;;;;
232;1,00056564;0,260633892;0,667609401;1;0,033880585;0,19349249;-0,830597075;1;0,233045594;0,337311201;-0,417386016;1;;;;;;;;;;;;;
233;0,407096347;0,209138002;-0,321506088;1;0,282413937;0,166931278;0,412069683;1;0,784115581;0,288698958;0,960288953;1;;;;;;;;;;;;;
234;0,633574547;0,202169515;0,055957578;1;0,554660717;0,167436454;1,773303584;0;0,130839765;0,273924071;-0,672900587;1;;;;;;;;;;;;;
235;0,987040068;0,253451239;0,64506678;1;0,044379025;0,191772121;-0,778104876;1;0,318182377;0,335577893;-0,204544058;1;;;;;;;;;;;;;
236;0,422247554;0,192207267;-0,296254077;1;0,224290775;0,158902865;0,121453873;1;0,421411323;0,269606065;0,053528307;1;;;;;;;;;;;;;
237;0,386155353;0,198471936;-0,356407745;1;0,089017863;0,155596607;-0,554910683;1;0,765309758;0,251311606;0,913274394;1;;;;;;;;;;;;;
238;0,54498405;0,218432739;-0,091693251;1;-0,157712754;0,160853785;-1,788563772;0;0,688914984;0,291651324;0,722287461;1;;;;;;;;;;;;;
239;0,333970793;0,212208166;-0,443382012;1;0,196366867;0,154799204;-0,018165664;1;0,693029433;0,261530291;0,732573583;1;;;;;;;;;;;;;
240;0,851317969;0,240789355;0,418863282;1;0,28222817;0,183328007;0,41114085;1;0,250573198;0,308801253;-0,373567005;1;;;;;;;;;;;;;
241;0,89924072;0,232802334;0,498734533;1;0,136095207;0,175167713;-0,319523967;1;0,257516573;0,299464776;-0,356208568;1;;;;;;;;;;;;;
242;0,535318633;0,214811868;-0,107802278;1;0,077456374;0,162357208;-0,61271813;1;0,90263142;0,288581054;1,25657855;1;;;;;;;;;;;;;
243;0,666884017;0,195982539;0,111473361;1;0,326372123;0,149303452;0,631860614;1;-0,133204684;0,260956818;-1,33301171;0;;;;;;;;;;;;;
244;0,591244956;0,209660326;-0,014591741;1;0,15932982;0,168172286;-0,2033509;1;0,640600525;0,25936561;0,601501313;1;;;;;;;;;;;;;
245;0,721538432;0,238428893;0,202564053;1;0,340967992;0,178315971;0,704839961;1;0,100199099;0,299596392;-0,749502253;1;;;;;;;;;;;;;
246;0,369099668;0,228010859;-0,384833886;1;0,532731937;0,178598805;1,663659684;1;0,595208681;0,293633266;0,488021702;1;;;;;;;;;;;;;
247;0,710348766;0,21903133;0,183914611;1;0,117087071;0,165555915;-0,414564644;1;0,221970419;0,290092666;-0,445073953;1;;;;;;;;;;;;;
248;0,39744796;0,214339635;-0,337586734;1;0,221763041;0,171509;0,108815203;1;0,530957586;0,278432429;0,327393964;1;;;;;;;;;;;;;
249;0,509312782;0,212955398;-0,151145363;1;0,440668253;0,179584784;1,203341264;1;0,389298554;0,276001357;-0,026753614;1;;;;;;;;;;;;;
250;0,144594368;0,16143702;-0,759009387;0;0,550137349;0,125486195;1,750686746;0;0,138507128;0,201799097;-0,653732181;1;;;;;;;;;;;;;
251;1,027521133;0,230277856;0,712535221;1;-0,010047477;0,174133667;-1,050237387;1;-0,088949719;0,289186091;-1,222374297;1;;;;;;;;;;;;;
252;0,597987303;0,198066613;-0,003354496;1;0,297222944;0,158328509;0,486114721;1;0,146301967;0,256696115;-0,634245083;1;;;;;;;;;;;;;
253;0,185490055;0,199638127;-0,690849909;0;0,149762637;0,14830403;-0,251186813;1;0,736450739;0,259548893;0,841126846;1;;;;;;;;;;;;;
254;0,553223685;0,222885715;-0,077960525;1;0,295073285;0,169553014;0,475366427;1;0,471225416;0,286609723;0,17806354;1;;;;;;;;;;;;;
255;0,769296586;0,221577124;0,282160977;1;0,298093343;0,165354221;0,490466715;1;0,037827882;0,286742191;-0,905430294;1;;;;;;;;;;;;;
256;0,496252077;0,201862838;-0,172913205;1;0,325555075;0,153188943;0,627775373;1;0,183257248;0,266924921;-0,541856879;1;;;;;;;;;;;;;
257;0,699115315;0,227785996;0,165192192;1;0,117038544;0,171745662;-0,41480728;1;0,736414996;0,30611204;0,84103749;1;;;;;;;;;;;;;
258;0,831254093;0,220274211;0,385423488;1;0,176572458;0,192587218;-0,117137709;1;0,356864693;0,321040125;-0,107838267;1;;;;;;;;;;;;;
259;0,415214819;0,196220792;-0,307975302;1;0,395512391;0,154688024;0,977561954;1;0,284411877;0,259881427;-0,288970308;1;;;;;;;;;;;;;
260;0,805952623;0,217432689;0,343254371;1;0,06679115;0,166261736;-0,666044248;1;0,059566744;0,287647518;-0,85108314;1;;;;;;;;;;;;;
261;0,838059106;0,239814117;0,396765176;1;0,355567496;0,183787103;0,777837479;1;0,194508303;0,313985185;-0,513729244;1;;;;;;;;;;;;;
262;0,64895795;0,258902593;0,081596584;1;0,220306378;0,197235101;0,10153189;1;0,38986586;0,343280228;-0,02533535;1;;;;;;;;;;;;;
263;0,488571965;0,211223675;-0,185713392;1;0,322737384;0,161409392;0,613686919;1;0,435955106;0,269459307;0,089887766;1;;;;;;;;;;;;;
264;0,494409854;0,240898321;-0,175983577;1;0,195238579;0,189403312;-0,023807106;1;1,102369949;0,338952549;1,755924873;0;;;;;;;;;;;;;
265;0,768703941;0,246587471;0,281173235;1;0,271556595;0,180060107;0,357782977;1;-0,222005693;0,318029718;-1,555014233;1;;;;;;;;;;;;;
266;0,385938666;0,201499467;-0,35676889;1;0,043547482;0,156909315;-0,782262588;1;0,726668829;0,26139919;0,816672071;1;;;;;;;;;;;;;
267;0,532148121;0,231688672;-0,113086465;1;0,135302547;0,169331259;-0,323487266;1;0,436504201;0,299855464;0,091260502;1;;;;;;;;;;;;;
268;0,375379347;0,200580107;-0,374367755;1;-0,076666555;0,15697013;-1,383332775;1;0,822849768;0,255418157;1,057124421;1;;;;;;;;;;;;;
269;0,500074348;0,19727135;-0,166542753;1;0,504869218;0,160473012;1,524346092;1;0,33577324;0,267106821;-0,160566901;1;;;;;;;;;;;;;
270;0,325012574;0,208326596;-0,458312377;1;-0,028227179;0,155246432;-1,141135894;1;0,629769369;0,270099481;0,574423422;1;;;;;;;;;;;;;
271;0,606568644;0,221983436;0,01094774;1;0,155854411;0,170094335;-0,220727946;1;0,402327966;0,282075711;0,005819914;1;;;;;;;;;;;;;
272;0,594879205;0,202608639;-0,008534659;1;0,249050065;0,162992757;0,245250327;1;0,21343139;0,284148945;-0,466421525;1;;;;;;;;;;;;;
273;0,558207158;0,190823274;-0,069654736;1;-0,011557535;0,155193448;-1,057787674;1;0,513971223;0,273178705;0,284928057;1;;;;;;;;;;;;;
274;0,868411921;0,245936453;0,447353202;1;-0,002604068;0,178216951;-1,01302034;1;0,091550223;0,324821095;-0,771124442;1;;;;;;;;;;;;;
275;0,731473753;0,225005049;0,219122922;1;0,123400745;0,170775123;-0,382996275;1;0,259954368;0,311550546;-0,350114081;1;;;;;;;;;;;;;
276;0,859490153;0,217793568;0,432483589;1;0,098722151;0,162159914;-0,506389247;1;0,277111431;0,304531577;-0,307221423;1;;;;;;;;;;;;;
277;0,628941617;0,260250756;0,048236029;1;0,394689051;0,199423123;0,973445257;1;0,456892706;0,339780952;0,142231764;1;;;;;;;;;;;;;
278;0,643902546;0,20739953;0,07317091;1;-0,061025604;0,159225421;-1,305128019;1;0,454522187;0,271813491;0,136305468;1;;;;;;;;;;;;;
279;0,44590994;0,193644769;-0,256816766;1;-0,009700542;0,153703715;-1,048502708;1;0,60598378;0,25194842;0,51495945;1;;;;;;;;;;;;;
280;0,706755597;0,214293718;0,177925995;1;-0,11162067;0,161964579;-1,558103349;1;0,611190666;0,289873929;0,527976666;1;;;;;;;;;;;;;
281;0,49912779;0,19023783;-0,16812035;1;0,158792633;0,152266257;-0,206036834;1;0,456424202;0,257741303;0,141060505;1;;;;;;;;;;;;;
282;0,506710967;0,197908528;-0,155481721;1;0,571879495;0,156583504;1,859397473;0;0,19876859;0,273834527;-0,503078525;1;;;;;;;;;;;;;
283;0,435650409;0,219566622;-0,273915985;1;0,189331338;0,17069672;-0,053343311;1;0,784790815;0,301423794;0,961977036;1;;;;;;;;;;;;;
284;0,739367652;0,227800861;0,23227942;1;0,193423765;0,165379082;-0,032881177;1;0,357106507;0,302499078;-0,107233733;1;;;;;;;;;;;;;
285;0,463266999;0,203207655;-0,227888334;1;0,270655139;0,155015206;0,353275693;1;0,331577746;0,276853168;-0,171055635;1;;;;;;;;;;;;;
286;0,435183736;0,194255947;-0,274693774;1;0,289639923;0,147207042;0,448199614;1;0,332119411;0,265448196;-0,169701472;1;;;;;;;;;;;;;
287;0,580052942;0,255334652;-0,033245097;1;0,166651293;0,209289299;-0,166743537;1;0,745417786;0,346189154;0,863544465;1;;;;;;;;;;;;;
288;0,480162988;0,202999832;-0,199728353;1;0,234026381;0,15867619;0,170131905;1;0,384160126;0,274302946;-0,039599685;1;;;;;;;;;;;;;
289;0,200241044;0,204661553;-0,666264927;1;0,126944484;0,154260603;-0,365277579;1;0,885179201;0,271507216;1,212948003;1;;;;;;;;;;;;;
290;0,444718773;0,187881384;-0,258802045;1;0,232820156;0,148856785;0,164100779;1;0,44960361;0,248720916;0,124009024;1;;;;;;;;;;;;;
291;0,57012135;0,210076145;-0,04979775;1;0,283367047;0,167383313;0,416835233;1;0,284983788;0,270637791;-0,28754053;1;;;;;;;;;;;;;
292;0,541817309;0,222809876;-0,096971152;1;0,032588141;0,185768062;-0,837059294;1;0,771165842;0,30467208;0,927914604;1;;;;;;;;;;;;;
293;0,870427888;0,232948169;0,450713147;1;0,366898615;0,175641269;0,834493074;1;-0,220665471;0,295589311;-1,551663677;0;;;;;;;;;;;;;
294;0,571763567;0,209999322;-0,047060721;1;0,212700787;0,157327026;0,063503935;1;0,501367728;0,282146152;0,253419321;1;;;;;;;;;;;;;
295;0,670942451;0,204383298;0,118237418;1;0,263636274;0,157245092;0,318181372;1;0,150244898;0,26012811;-0,624387756;1;;;;;;;;;;;;;
296;0,814471301;0,250180061;0,357452169;1;0,01459566;0,185417597;-0,927021702;1;0,483383249;0,327746702;0,208458121;1;;;;;;;;;;;;;
297;0,321707186;0,204622088;-0,463821356;1;0,233724722;0,152892575;0,168623611;1;0,547604612;0,253760385;0,369011529;1;;;;;;;;;;;;;
298;0,412253308;0,195704999;-0,312911154;1;0,398109741;0,161679239;0,990548705;1;0,488496925;0,27067291;0,221242312;1;;;;;;;;;;;;;
299;0,417962656;0,217749632;-0,303395573;1;0,054677975;0,161115041;-0,726610127;1;0,732899538;0,28728206;0,832248844;1;;;;;;;;;;;;;
300;0,405203658;0,21973402;-0,32466057;1;0,248399726;0,168383924;0,241998631;1;0,363169518;0,284814426;-0,092076205;1;;;;;;;;;;;;;
301;1,222873237;0,267406545;1,038122062;0;0,299084817;0,194459592;0,495424084;1;-0,218593528;0,354047072;-1,546483821;1;;;;;;;;;;;;;
302;0,795504321;0,235031223;0,325840534;1;0,179789116;0,187104774;-0,101054422;1;0,56172833;0,303022264;0,404320824;1;;;;;;;;;;;;;
303;0,597345445;0,213878583;-0,004424258;1;0,176511582;0,174261493;-0,117442091;1;0,696460505;0,301329906;0,741151263;1;;;;;;;;;;;;;
304;0,486658034;0,281264939;-0,188903277;1;0,197140627;0,203564073;-0,014296866;1;0,79144818;0,355279539;0,97862045;1;;;;;;;;;;;;;
305;0,388267067;0,198437156;-0,352888221;1;0,314197897;0,156718431;0,570989485;1;0,232910697;0,264240211;-0,417723258;1;;;;;;;;;;;;;
306;0,574608214;0,221433698;-0,042319643;1;-0,004979845;0,160625057;-1,024899223;1;0,4905932;0,283591665;0,226483;1;;;;;;;;;;;;;
307;0,834488826;0,240726452;0,390814711;1;0,059058171;0,179989312;-0,704709147;1;0,384210342;0,314546324;-0,039474145;1;;;;;;;;;;;;;
308;0,369830494;0,210057077;-0,383615843;1;0,373993405;0,17151391;0,869967027;1;0,634857505;0,280922275;0,587143763;1;;;;;;;;;;;;;
309;0,46797542;0,200168884;-0,220040966;1;0,480533046;0,164479166;1,402665228;1;0,547689375;0,273286115;0,369223439;1;;;;;;;;;;;;;
310;0,67214855;0,224689515;0,120247584;1;0,408351524;0,172003382;1,041757622;1;0,336940825;0,31383209;-0,157647938;1;;;;;;;;;;;;;
311;0,897603022;0,236969316;0,496005036;1;-0,310723508;0,182399754;-2,553617538;0;0,393607452;0,303021047;-0,01598137;1;;;;;;;;;;;;;
312;0,6164238;0,221954306;0,027373;1;0,241444246;0,174309635;0,207221229;1;0,282339636;0,306256085;-0,294150911;1;;;;;;;;;;;;;
313;0,4543179;0,208028934;-0,242803499;1;0,273044225;0,158098541;0,365221126;1;0,592426883;0,281211033;0,481067207;1;;;;;;;;;;;;;
314;0,655227016;0,223399011;0,092045027;1;-0,149189133;0,166139418;-1,745945663;0;0,562213412;0,29579235;0,405533531;1;;;;;;;;;;;;;
315;0,393301209;0,231046328;-0,344497984;1;0,36969532;0,172806632;0,848476599;1;0,605737197;0,299862775;0,514342993;1;;;;;;;;;;;;;
316;0,281241202;0,221878906;-0,531264663;1;0,288684153;0,153591278;0,443420765;1;0,208005939;0,29267573;-0,479985152;1;;;;;;;;;;;;;
317;0,423647375;0,239497998;-0,293921042;1;0,339890628;0,183561664;0,699453142;1;0,788691762;0,348321167;0,971729406;1;;;;;;;;;;;;;
318;0,533020721;0,226980073;-0,111632132;1;0,237904294;0,179297143;0,189521468;1;0,585249135;0,308424765;0,463122836;1;;;;;;;;;;;;;
319;0,58575576;0,215498177;-0,0237404;1;0,22137036;0,160554629;0,106851798;1;0,402367012;0,284511374;0,005917531;1;;;;;;;;;;;;;
320;0,590572921;0,237123908;-0,015711798;1;0,466255715;0,176381169;1,331278575;1;0,114973794;0,305244328;-0,712565514;1;;;;;;;;;;;;;
321;0,699079358;0,193850106;0,165132264;1;0,108105239;0,15256421;-0,459473805;1;0,471779751;0,261953977;0,179449377;1;;;;;;;;;;;;;
322;0,04841338;0,201033007;-0,919311034;0;0,537659581;0,156353842;1,688297903;0;0,922689668;0,26670357;1,30672417;1;;;;;;;;;;;;;
323;0,447660999;0,200885632;-0,253898336;1;0,213727323;0,15295114;0,068636617;1;0,525331829;0,268202151;0,313329571;1;;;;;;;;;;;;;
324;0,728970517;0,240306551;0,214950861;1;0,595701616;0,191014808;1,978508082;0;-0,032609073;0,30445373;-1,081522684;1;;;;;;;;;;;;;
325;0,425102231;0,220079214;-0,291496282;1;0,30707413;0,171191988;0,535370648;1;0,589235215;0,301843686;0,473088038;1;;;;;;;;;;;;;
326;0,224646015;0,184155288;-0,625589975;0;0,357236224;0,144770894;0,786181118;1;0,445401384;0,240340611;0,113503461;1;;;;;;;;;;;;;
327;0,747626469;0,212811948;0,246044115;1;-0,062233586;0,161732808;-1,311167931;1;0,211322621;0,276612891;-0,471693447;1;;;;;;;;;;;;;
328;0,764005895;0,202754736;0,273343159;1;0,144580958;0,159289979;-0,277095209;1;-0,033181061;0,279654003;-1,082952654;1;;;;;;;;;;;;;
329;0,283978106;0,205035841;-0,526703157;1;0,171839842;0,158239987;-0,140800788;1;0,742520566;0,269805807;0,856301415;1;;;;;;;;;;;;;
330;0,2656525;0,196305661;-0,557245833;1;-0,010799624;0,152063935;-1,05399812;1;0,862330266;0,258497948;1,155825665;1;;;;;;;;;;;;;
331;0,685539063;0,21211752;0,142565106;1;0,422391476;0,160734917;1,111957381;1;0,04640042;0,273860809;-0,88399895;1;;;;;;;;;;;;;
332;0,441432195;0,224989783;-0,264279674;1;0,325595056;0,176112881;0,627975281;1;0,734401302;0,296669202;0,836003255;1;;;;;;;;;;;;;
333;0,59129862;0,208636796;-0,0145023;1;0,218244843;0,157220884;0,091224217;1;0,189890715;0,272086515;-0,525273213;1;;;;;;;;;;;;;
334;0,624799688;0,204215439;0,041332814;1;-0,033671641;0,156799066;-1,168358203;1;0,637175702;0,281081933;0,592939256;1;;;;;;;;;;;;;
335;0,353834609;0,205044504;-0,410275652;1;0,69410736;0,16085669;2,470536802;0;0,166515172;0,274184251;-0,583712069;1;;;;;;;;;;;;;
336;0,690440303;0,223142273;0,150733839;1;0,429048308;0,183677022;1,145241542;1;0,495680362;0,298495554;0,239200905;1;;;;;;;;;;;;;
337;0,624889598;0,188496309;0,041482663;1;-0,078020853;0,141730694;-1,390104265;0;0,194986168;0,253600742;-0,51253458;1;;;;;;;;;;;;;
338;0,666941312;0,201584165;0,111568853;1;0,022033556;0,160756129;-0,889832222;1;0,055398846;0,273844199;-0,861502886;1;;;;;;;;;;;;;
339;0,290932673;0,207829578;-0,515112212;1;0,047679972;0,158588186;-0,76160014;1;0,966454474;0,281125247;1,416136185;0;;;;;;;;;;;;;
340;0,605823656;0,191313348;0,009706094;1;0,150438094;0,158484475;-0,24780953;1;0,344062333;0,266337541;-0,139844167;1;;;;;;;;;;;;;
341;0,555419767;0,220147343;-0,074300388;1;0,44531163;0,173848056;1,226558151;1;0,689029037;0,28424682;0,722572593;1;;;;;;;;;;;;;
342;0,361955318;0,2159808;-0,396741136;1;0,301691826;0,164360274;0,508459131;1;0,620801536;0,270531907;0,552003841;1;;;;;;;;;;;;;
343;0,503060063;0,228847699;-0,161566562;1;0,327830896;0,175283167;0,639154481;1;0,504201155;0,287253313;0,260502889;1;;;;;;;;;;;;;
344;0,424669415;0,19437911;-0,292217641;1;0,113835789;0,156885512;-0,430821054;1;0,546931103;0,246680285;0,367327759;1;;;;;;;;;;;;;
345;0,936637224;0,254472015;0,56106204;1;-0,049146201;0,191803357;-1,245731003;1;0,541551801;0,315552082;0,353879503;1;;;;;;;;;;;;;
346;0,683435425;0,207024847;0,139059042;1;0,125271457;0,159982439;-0,373642716;1;0,104131184;0,257501694;-0,739672039;1;;;;;;;;;;;;;
347;0,591607034;0,200089956;-0,013988277;1;0,349044821;0,156268853;0,745224106;1;0,153932924;0,260196069;-0,615167689;1;;;;;;;;;;;;;
348;0,662850318;0,197353673;0,10475053;1;-0,031052015;0,155121412;-1,155260074;1;0,510577896;0,277316449;0,276444741;1;;;;;;;;;;;;;
349;0,422977567;0,186906875;-0,295037388;1;0,178277628;0,143072343;-0,108611859;1;0,398991149;0,239388974;-0,002522126;1;;;;;;;;;;;;;
350;0,406604406;0,211267998;-0,32232599;1;0,33844895;0,152885192;0,69224475;1;0,30915344;0,284458061;-0,227116401;1;;;;;;;;;;;;;
351;0,908076501;0,252718149;0,513460835;1;-0,102245059;0,188265671;-1,511225293;1;0,656028761;0,343034199;0,640071904;1;;;;;;;;;;;;;
352;0,62425804;0,246736389;0,040430066;1;0,05351506;0,180718015;-0,732424701;1;0,620055591;0,325723487;0,550138978;1;;;;;;;;;;;;;
353;0,258225911;0,172761859;-0,569623481;0;0,423953112;0,137351754;1,119765561;1;0,536600033;0,230940826;0,341500084;1;;;;;;;;;;;;;
354;0,746669962;0,214499313;0,244449937;1;0,332471023;0,168243494;0,662355116;1;-0,013233261;0,28078848;-1,033083153;1;;;;;;;;;;;;;
355;0,855850563;0,221223042;0,426417604;1;-0,270733969;0,166741985;-2,353669847;0;0,091598048;0,284544573;-0,771004879;1;;;;;;;;;;;;;
356;0,189201159;0,174599263;-0,684664734;0;0,245538459;0,138138462;0,227692297;1;0,757514561;0,241376461;0,893786401;1;;;;;;;;;;;;;
357;0,639797071;0,224769391;0,066328451;1;0,23795361;0,177090439;0,189768049;1;0,328815931;0,303989341;-0,177960173;1;;;;;;;;;;;;;
358;0,527352854;0,19251893;-0,121078576;1;0,120607215;0,150083358;-0,396963925;1;0,593742484;0,246922083;0,484356211;1;;;;;;;;;;;;;
359;0,706928335;0,190678415;0,178213891;1;0,042468741;0,150591745;-0,787656295;1;0,168078361;0,244369011;-0,579804098;1;;;;;;;;;;;;;
360;0,579884415;0,250427497;-0,033525974;1;0,130057361;0,180794939;-0,349713196;1;0,609631644;0,343289879;0,524079109;1;;;;;;;;;;;;;
361;0,400516337;0,20882876;-0,332472772;1;0,183723732;0,156141121;-0,081381338;1;0,399610706;0,277969961;-0,000973236;1;;;;;;;;;;;;;
362;0,531996403;0,201340497;-0,113339328;1;-0,206613712;0,153519116;-2,033068558;0;0,79509914;0,25158925;0,987747849;1;;;;;;;;;;;;;
363;0,753024528;0,216181799;0,255040881;1;0,280426406;0,163527418;0,402132028;1;-0,098656809;0,280423204;-1,246642023;1;;;;;;;;;;;;;
364;0,92132684;0,231969822;0,535544733;1;-0,220496688;0,173551106;-2,10248344;0;0,338690626;0,348636111;-0,153273435;1;;;;;;;;;;;;;
365;0,672392061;0,246677767;0,120653435;1;-0,108192306;0,17911928;-1,540961531;1;0,422396791;0,335997578;0,055991978;1;;;;;;;;;;;;;
366;0,396669895;0,200179259;-0,338883509;1;0,325759564;0,160421011;0,628797819;1;0,567057169;0,27695731;0,417642923;1;;;;;;;;;;;;;
367;0,600837512;0,224625537;0,001395854;1;0,269941762;0,174035344;0,349708811;1;0,51216868;0,296154805;0,280421701;1;;;;;;;;;;;;;
368;0,289704182;0,204443074;-0,517159697;1;0,217062057;0,159122751;0,085310284;1;0,596417365;0,269419339;0,491043412;1;;;;;;;;;;;;;
369;0,414260803;0,174714906;-0,309565328;1;0,143278802;0,130935637;-0,283605989;1;0,271901546;0,222198346;-0,320246135;1;;;;;;;;;;;;;
370;0,645443811;0,205087457;0,075739684;1;0,337633881;0,156373662;0,688169407;1;0,085809663;0,258514146;-0,785475841;1;;;;;;;;;;;;;
371;0,551975577;0,209615543;-0,080040705;1;0,139507343;0,161661782;-0,302463284;1;0,750358561;0,275518075;0,875896404;1;;;;;;;;;;;;;
372;0,512623509;0,20599906;-0,145627485;1;0,145059293;0,154585509;-0,274703537;1;0,514866893;0,259459903;0,287167232;1;;;;;;;;;;;;;
373;0,29599128;0,205502778;-0,5066812;1;0,206108343;0,173140112;0,030541713;1;1,050360692;0,287326941;1,625901729;0;;;;;;;;;;;;;
374;0,516824653;0,260274588;-0,138625578;1;0,151777935;0,203541868;-0,241110327;1;0,880442665;0,327812339;1,201106663;1;;;;;;;;;;;;;
375;0,303936212;0,240725903;-0,493439647;1;0,430726289;0,176204499;1,153631444;1;0,366668345;0,317109623;-0,083329138;1;;;;;;;;;;;;;
376;0,701676285;0,229889673;0,169460475;1;0,304994407;0,164553449;0,524972033;1;-0,005800444;0,278185542;-1,014501111;1;;;;;;;;;;;;;
377;0,670505439;0,182285111;0,117509065;1;0,080653702;0,145276054;-0,596731488;1;0,1697311;0,248497673;-0,575672251;1;;;;;;;;;;;;;
378;0,80897618;0,230941029;0,348293634;1;-0,110746035;0,179205123;-1,553730175;1;0,578495179;0,341134856;0,446237947;1;;;;;;;;;;;;;
379;0,559437521;0,210481962;-0,067604132;1;0,214483707;0,156087745;0,072418535;1;0,249701532;0,273844037;-0,375746169;1;;;;;;;;;;;;;
380;0,748445889;0,200635103;0,247409815;1;0,139606424;0,152505302;-0,301967879;1;0,090152545;0,26867264;-0,774618638;1;;;;;;;;;;;;;
381;0,388475794;0,201143348;-0,352540343;1;0,231792416;0,153040713;0,15896208;1;0,36256696;0,259518719;-0,093582599;1;;;;;;;;;;;;;
382;0,678978152;0,206326566;0,131630253;1;0,391406044;0,159446615;0,957030219;1;0,023721284;0,259648936;-0,940696791;1;;;;;;;;;;;;;
383;0,732252852;0,204656579;0,22042142;1;0,053724542;0,159264085;-0,731377291;1;0,255167573;0,262450259;-0,362081068;1;;;;;;;;;;;;;
384;0,554198401;0,203684359;-0,076335999;1;0,129319382;0,154561586;-0,353403091;1;0,435955276;0,268293948;0,089888189;1;;;;;;;;;;;;;
385;0,451269518;0,203319051;-0,247884137;1;0,003219283;0,15286994;-0,983903583;1;0,792550779;0,277189189;0,981376947;1;;;;;;;;;;;;;
386;0,902264551;0,23990449;0,503774251;1;0,200642994;0,177457339;0,003214972;1;-0,016189949;0,298389297;-1,040474873;1;;;;;;;;;;;;;
387;0,428300813;0,210085272;-0,286165312;1;0,267645388;0,156300786;0,338226939;1;-0,037754203;0,273210745;-1,094385507;1;;;;;;;;;;;;;
388;0,671481336;0,242552953;0,11913556;1;0,171720707;0,180912557;-0,141396465;1;0,407814128;0,305548815;0,01953532;1;;;;;;;;;;;;;
389;0,252250208;0,182631511;-0,579582986;1;0,088483453;0,137829939;-0,557582734;1;0,53666593;0,228541831;0,341664824;1;;;;;;;;;;;;;
390;0,468452789;0,199726471;-0,219245352;1;0,1091117;0,161058016;-0,454441499;1;0,477858545;0,27914858;0,194646363;1;;;;;;;;;;;;;
391;0,753575967;0,250684291;0,255959945;1;0,234215554;0,184537083;0,171077772;1;0,159648643;0,345930886;-0,600878392;1;;;;;;;;;;;;;
392;0,285087386;0,227194179;-0,524854356;1;0,372680189;0,170516602;0,863400946;1;0,662515213;0,283681307;0,656288032;1;;;;;;;;;;;;;
393;1,019826853;0,221426819;0,699711422;1;0,269280719;0,181294509;0,346403594;1;-0,040142487;0,290699776;-1,100356217;1;;;;;;;;;;;;;
394;0,50253184;0,215390779;-0,162446933;1;0,08129933;0,162430102;-0,593503352;1;0,670116359;0,283589208;0,675290899;1;;;;;;;;;;;;;
395;0,4608773;0,201619441;-0,231871167;1;0,380481788;0,156616964;0,902408941;1;0,469884766;0,249862442;0,174711915;1;;;;;;;;;;;;;
396;0,574877581;0,211012797;-0,041870699;1;0,195060979;0,16893542;-0,024695106;1;0,359736526;0,275089105;-0,100658685;1;;;;;;;;;;;;;
397;0,240553048;0,202193128;-0,599078253;1;0,290223767;0,149840012;0,451118834;1;0,309459337;0,268621734;-0,226351657;1;;;;;;;;;;;;;
398;0,301331549;0,191292416;-0,497780751;1;0,418593103;0,148776199;1,092965513;1;0,343722423;0,243934253;-0,140693943;1;;;;;;;;;;;;;
399;0,434166693;0,205509724;-0,276388844;1;0,232750834;0,164362573;0,16375417;1;0,519056089;0,295183396;0,297640221;1;;;;;;;;;;;;;
400;0,369425612;0,218467464;-0,384290646;1;0,181223945;0,174370565;-0,093880275;1;0,573257222;0,290978536;0,433143056;1;;;;;;;;;;;;;
401;0,626726494;0,201667387;0,044544157;1;0,198505888;0,163530419;-0,00747056;1;0,297180483;0,26549757;-0,257048793;1;;;;;;;;;;;;;
402;0,859006801;0,225523016;0,431678002;1;0,272027451;0,177660678;0,360137256;1;0,091772222;0,295893798;-0,770569444;1;;;;;;;;;;;;;
403;0,699962881;0,213211439;0,166604802;1;0,131662316;0,158430458;-0,34168842;1;0,232081515;0,282979935;-0,419796213;1;;;;;;;;;;;;;
404;0,694195653;0,227053099;0,156992755;1;0,046571913;0,178467549;-0,767140436;1;0,341948899;0,302634577;-0,145127753;1;;;;;;;;;;;;;
405;0,731865634;0,203760298;0,219776057;1;0,310401127;0,153744667;0,552005633;1;-0,020639646;0,268046402;-1,051599115;1;;;;;;;;;;;;;
406;0,709926821;0,203687242;0,183211368;1;0,426101096;0,161803059;1,130505479;1;-0,04034864;0,269229198;-1,1008716;1;;;;;;;;;;;;;
407;0,982229742;0,257047424;0,637049571;1;0,05606894;0,17801567;-0,719655301;1;0,069274844;0,308298355;-0,826812891;1;;;;;;;;;;;;;
408;0,620898146;0,244523677;0,034830243;1;0,486440081;0,200251984;1,432200405;1;0,759847935;0,331828417;0,899619838;1;;;;;;;;;;;;;
409;0,807856272;0,215625331;0,34642712;1;0,275174472;0,161602796;0,375872361;1;-0,123360545;0,272248128;-1,308401361;1;;;;;;;;;;;;;
410;0,742719343;0,247014619;0,237865571;1;0,062304689;0,194699494;-0,688476555;1;0,635982649;0,33895508;0,589956622;1;;;;;;;;;;;;;
411;0,534731389;0,197912536;-0,108781019;1;0,511447743;0,161642134;1,557238717;1;-0,066390008;0,271376094;-1,165975021;1;;;;;;;;;;;;;
412;0,441993203;0,205893016;-0,263344661;1;0,344036449;0,162967713;0,720182245;1;0,470124539;0,264209209;0,175311348;1;;;;;;;;;;;;;
413;0,871947453;0,251626749;0,453245755;1;-0,118935475;0,187545133;-1,594677374;1;0,523799711;0,32782908;0,309499278;1;;;;;;;;;;;;;
414;0,619112247;0,204033824;0,031853745;1;0,155384917;0,160986319;-0,223075414;1;0,050663926;0,255007035;-0,873340186;1;;;;;;;;;;;;;
415;0,410890252;0,214323157;-0,315182914;1;0,374315716;0,162231308;0,871578579;1;0,242545043;0,289129911;-0,393637391;1;;;;;;;;;;;;;
416;0,428268629;0,192904641;-0,286218952;1;0,170208829;0,158021957;-0,148955856;1;0,676659098;0,255210717;0,691647746;1;;;;;;;;;;;;;
417;0,31337197;0,210666191;-0,477713383;1;0,18012454;0,160949219;-0,099377298;1;0,82126264;0,301603828;1,053156599;1;;;;;;;;;;;;;
418;0,5679346;0,23396396;-0,053442333;1;0,08313409;0,182208477;-0,58432955;1;0,653555419;0,296441101;0,633888547;1;;;;;;;;;;;;;
419;0,999400227;0,225164697;0,665667045;1;0,05998501;0,1636498;-0,700074951;1;-0,247835055;0,28650963;-1,619587637;0;;;;;;;;;;;;;
420;0,309056665;0,223737547;-0,484905558;1;0,078340631;0,173395076;-0,608296843;1;0,828289477;0,313670435;1,070723692;1;;;;;;;;;;;;;
421;0,308701295;0,20219918;-0,485497842;1;0,296743111;0,155921537;0,483715555;1;0,584296334;0,267030916;0,460740835;1;;;;;;;;;;;;;
422;0,13352933;0,208623588;-0,777451117;0;0,506040642;0,159441547;1,530203212;1;0,867168159;0,27388276;1,167920399;1;;;;;;;;;;;;;
423;0,568785436;0,227703352;-0,052024273;1;0,322558315;0,183442024;0,612791575;1;0,399499416;0,316705281;-0,001251461;1;;;;;;;;;;;;;
424;0,392416661;0,20449201;-0,345972231;1;0,22160081;0,15565611;0,10800405;1;0,66251998;0,295883904;0,65629995;1;;;;;;;;;;;;;
425;0,439487892;0,208399621;-0,26752018;1;0,678923458;0,163876622;2,394617288;0;0,253720602;0,281377337;-0,365698495;1;;;;;;;;;;;;;
426;0,653244719;0,220181766;0,088741199;1;0,477952922;0,178259813;1,389764608;1;0,093029963;0,28391581;-0,767425094;1;;;;;;;;;;;;;
427;0,300132931;0,220703787;-0,499778448;1;0,486856899;0,170570861;1,434284495;1;0,772889495;0,299664929;0,932223738;1;;;;;;;;;;;;;
428;0,816151529;0,201721941;0,360252548;1;0,0679104;0,149945574;-0,660447999;1;0,043470866;0,263813127;-0,891322834;1;;;;;;;;;;;;;
429;0,344166463;0,212461589;-0,426389228;1;0,303877885;0,168375996;0,519389427;1;0,680656844;0,28652868;0,70164211;1;;;;;;;;;;;;;
430;0,879327545;0,215389074;0,465545908;1;0,113109081;0,16577589;-0,434454594;1;-0,008409357;0,287353618;-1,021023393;1;;;;;;;;;;;;;
431;0,80895743;0,242301143;0,348262383;1;0,04235975;0,181921654;-0,788201248;1;0,480683425;0,319956175;0,201708563;1;;;;;;;;;;;;;
432;0,741140096;0,275083876;0,235233493;1;0,390971411;0,191520867;0,954857056;1;0,154657484;0,364137272;-0,61335629;1;;;;;;;;;;;;;
433;0,281924132;0,228278913;-0,530126446;1;0,434212642;0,17646026;1,171063211;1;0,849423291;0,297586936;1,123558229;1;;;;;;;;;;;;;
434;0,304768932;0,199033656;-0,492051781;1;0,344319031;0,157427025;0,721595155;1;0,643695463;0,286596648;0,609238657;1;;;;;;;;;;;;;
435;0,263143922;0,203673826;-0,561426797;1;0,270842737;0,164213025;0,354213683;1;0,872714041;0,270245389;1,181785102;1;;;;;;;;;;;;;
436;0,665708753;0,274372752;0,109514589;1;0,25263831;0,201708829;0,263191549;1;0,631504989;0,359024259;0,578762473;1;;;;;;;;;;;;;
437;0,807197131;0,25421464;0,345328552;1;0,105116279;0,190146102;-0,474418606;1;0,126915399;0,329635794;-0,682711502;1;;;;;;;;;;;;;
438;0,378810616;0,218470029;-0,368648973;1;0,158864833;0,17039191;-0,205675835;1;0,604377645;0,272684315;0,510944112;1;;;;;;;;;;;;;
439;0,450308262;0,205091188;-0,24948623;1;0,713625773;0,157792811;2,568128866;0;-0,067049205;0,259571734;-1,167623013;1;;;;;;;;;;;;;
440;0,618133869;0,229364499;0,030223115;1;0,314818039;0,162914122;0,574090194;1;0,387189903;0,296182672;-0,032025243;1;;;;;;;;;;;;;
441;0,625884456;0,238875472;0,04314076;1;0,077627995;0,174942034;-0,611860025;1;0,626013108;0,340208127;0,565032771;1;;;;;;;;;;;;;
442;0,67437845;0,223441009;0,123964084;1;0,026047763;0,17408347;-0,869761184;1;0,649866528;0,30457334;0,624666321;1;;;;;;;;;;;;;
443;0,525641244;0,214267875;-0,12393126;1;0,363820747;0,161171424;0,819103734;1;0,425321548;0,276929751;0,063303869;1;;;;;;;;;;;;;
444;0,244020659;0,197160104;-0,593298902;1;0,465956261;0,15137881;1,329781304;1;0,480488271;0,250848457;0,201220678;1;;;;;;;;;;;;;
445;0,552643902;0,216093599;-0,078926831;1;0,087170484;0,159908895;-0,564147578;1;0,271933001;0,281561959;-0,320167498;1;;;;;;;;;;;;;
446;0,388448646;0,201597415;-0,352585589;1;0,151757615;0,15640833;-0,241211927;1;0,551740036;0,269222534;0,379350089;1;;;;;;;;;;;;;
447;0,499335997;0,206290231;-0,167773338;1;0,215166266;0,156581441;0,075831331;1;0,325649947;0,295958668;-0,185875133;1;;;;;;;;;;;;;
448;0,76499937;0,207293758;0,27499895;1;0,123555876;0,162685413;-0,382220619;1;-0,060338065;0,261384847;-1,150845162;1;;;;;;;;;;;;;
449;0,879647661;0,209278983;0,466079435;1;0,067834688;0,159345206;-0,660826562;1;-0,077182221;0,277771088;-1,192955551;1;;;;;;;;;;;;;
450;0,418325197;0,220563996;-0,302791339;1;0,169078676;0,167010288;-0,154606618;1;0,419271624;0,29598342;0,048179059;1;;;;;;;;;;;;;
451;0,429651055;0,179612645;-0,283914909;1;0,277196251;0,140686947;0,385981256;1;0,149190141;0,23073286;-0,627024648;1;;;;;;;;;;;;;
452;1,085812154;0,241047729;0,809686923;0;0,073296079;0,186966879;-0,633519604;1;0,112474445;0,344077937;-0,718813887;1;;;;;;;;;;;;;
453;0,318336276;0,212880578;-0,46943954;1;0,145850948;0,173410944;-0,270745258;1;0,546645579;0,286406732;0,366613948;1;;;;;;;;;;;;;
454;0,024993772;0,217394686;-0,958343713;0;0,447428614;0,163492247;1,237143069;1;0,948807191;0,2929332;1,372017977;1;;;;;;;;;;;;;
455;0,736409521;0,204250968;0,227349202;1;0,403083611;0,153246986;1,015418056;1;0,349420328;0,273127113;-0,126449181;1;;;;;;;;;;;;;
456;0,654277099;0,240076766;0,090461831;1;0,021332203;0,177593013;-0,893338983;1;0,294827589;0,306046031;-0,262931027;1;;;;;;;;;;;;;
457;0,783125927;0,204989718;0,305209878;1;0,191332749;0,156551996;-0,043336253;1;-0,072250168;0,25807003;-1,180625419;1;;;;;;;;;;;;;
458;0,604802413;0,217554324;0,008004022;1;0,079954399;0,165145789;-0,600228006;1;0,296948081;0,285501465;-0,257629798;1;;;;;;;;;;;;;
459;0,729451049;0,216563208;0,215751748;1;0,124292355;0,165479896;-0,378538225;1;0,382689143;0,272714311;-0,043277142;1;;;;;;;;;;;;;
460;0,185225541;0,246571669;-0,691290765;1;0,743344718;0,197684311;2,716723592;0;0,952220615;0,348903499;1,380551536;1;;;;;;;;;;;;;
461;0,622817833;0,20636726;0,038029722;1;0,304021655;0,161738866;0,520108277;1;0,312751257;0,27309327;-0,218121857;1;;;;;;;;;;;;;
462;0,368004935;0,196748997;-0,386658441;1;0,075497106;0,152822559;-0,622514471;1;0,956293575;0,267444841;1,390733938;0;;;;;;;;;;;;;
463;0,579532879;0,193986662;-0,034111869;1;0,380456183;0,152985351;0,902280914;1;-0,077407436;0,256064007;-1,193518591;1;;;;;;;;;;;;;
464;0,593491099;0,197719087;-0,010848169;1;0,019083212;0,146058291;-0,904583938;1;0,410933204;0,257729668;0,02733301;1;;;;;;;;;;;;;
465;0,358605546;0,204927632;-0,40232409;1;0,286614813;0,154423122;0,433074065;1;0,120295027;0,276189266;-0,699262433;1;;;;;;;;;;;;;
466;0,342251684;0,190991573;-0,429580526;1;0,152277231;0,143329373;-0,238613845;1;0,616139394;0,261426612;0,540348485;1;;;;;;;;;;;;;
467;0,703126212;0,200634896;0,17187702;1;0,096772512;0,154603132;-0,516137439;1;0,2777959;0,268689598;-0,30551025;1;;;;;;;;;;;;;
468;0,523196846;0,199536287;-0,128005257;1;-0,232152981;0,153724487;-2,160764903;0;0,54573583;0,26897061;0,364339574;1;;;;;;;;;;;;;
469;1,031328864;0,256640699;0,718881439;1;0,070763574;0,194482221;-0,646182129;1;0,132067305;0,335792709;-0,669831739;1;;;;;;;;;;;;;
470;0,326378442;0,194515662;-0,456035931;1;0,096160307;0,147540021;-0,519198465;1;0,484836169;0,254137154;0,212090423;1;;;;;;;;;;;;;
471;0,469525254;0,184424215;-0,21745791;1;0,224218768;0,153636053;0,121093839;1;0,43081337;0,243160545;0,077033425;1;;;;;;;;;;;;;
472;0,940932793;0,230913447;0,568221322;1;0,008160088;0,179304625;-0,959199558;1;0,405041505;0,305165334;0,012603762;1;;;;;;;;;;;;;
473;1,010362928;0,244722399;0,683938213;1;0,148388851;0,195157869;-0,258055743;1;0,153879029;0,342984364;-0,615302427;1;;;;;;;;;;;;;
474;0,609786294;0,250431798;0,01631049;1;0,102301563;0,17808389;-0,488492186;1;0,581877331;0,316954754;0,454693327;1;;;;;;;;;;;;;
475;0,744806705;0,231668896;0,241344509;1;0,352782519;0,172007259;0,763912597;1;-0,069613462;0,309417412;-1,174033655;1;;;;;;;;;;;;;
476;0,802587123;0,21617316;0,337645205;1;0,212574901;0,173615491;0,062874506;1;0,034979471;0,290902571;-0,912551322;1;;;;;;;;;;;;;
477;0,739782394;0,236238713;0,232970657;1;-0,096877705;0,175881234;-1,484388525;1;0,304813071;0,302013961;-0,237967322;1;;;;;;;;;;;;;
478;0,161900444;0,212926239;-0,730165926;0;0,40328108;0,168991368;1,016405401;1;1,043033448;0,303410404;1,607583619;0;;;;;;;;;;;;;
479;0,605078101;0,21328053;0,008463502;1;0,407417958;0,183702605;1,037089789;1;0,638357067;0,298484079;0,595892668;1;;;;;;;;;;;;;
480;0,842430106;0,228048845;0,404050177;1;0,013567867;0,166653527;-0,932160664;1;-0,151175718;0,289532096;-1,377939295;1;;;;;;;;;;;;;
481;-0,082852027;0,193898189;-1,138086711;0;0,623873952;0,162961579;2,119369759;0;0,822343682;0,254670853;1,055859204;1;;;;;;;;;;;;;
482;0,747775212;0,210842072;0,24629202;1;0,023291616;0,159996793;-0,883541919;1;-0,023108986;0,297727285;-1,057772464;1;;;;;;;;;;;;;
483;0,345798909;0,223720685;-0,423668484;1;0,201869478;0,183579567;0,009347389;1;1,252334131;0,335509155;2,130835327;0;;;;;;;;;;;;;
484;0,23358695;0,189113008;-0,610688417;1;0,481395199;0,141402378;1,406975997;0;0,348858751;0,251107491;-0,127853121;1;;;;;;;;;;;;;
485;0,942474774;0,23028417;0,570791291;1;0,073072142;0,178989439;-0,63463929;1;-0,005784067;0,302781747;-1,014460166;1;;;;;;;;;;;;;
486;0,207518124;0,210705143;-0,65413646;1;0,313371528;0,16033422;0,566857641;1;0,832278719;0,277494564;1,080696797;1;;;;;;;;;;;;;
487;0,456345782;0,184004624;-0,239423697;1;0,236965456;0,143355241;0,18482728;1;0,363758417;0,250215822;-0,090603957;1;;;;;;;;;;;;;
488;0,590165185;0,194388397;-0,016391358;1;-0,049695251;0,147607536;-1,248476257;1;0,097743704;0,244991208;-0,75564074;1;;;;;;;;;;;;;
489;0,452356174;0,226510454;-0,246073044;1;0,310669374;0,168279636;0,553346868;1;0,254081683;0,300583464;-0,364795794;1;;;;;;;;;;;;;
490;-0,070712194;0,200472931;-1,117853656;0;0,181898823;0,144719871;-0,090505887;1;0,913281417;0,263841556;1,283203542;1;;;;;;;;;;;;;
491;0,640293849;0,218263806;0,067156415;1;-0,259199576;0,178856686;-2,29599788;0;0,785456018;0,283389505;0,963640045;1;;;;;;;;;;;;;
492;0,573278872;0,202754352;-0,044535213;1;0,195893002;0,152402567;-0,020534989;1;-0,111296768;0,267579683;-1,278241921;1;;;;;;;;;;;;;
493;0,383364561;0,195299628;-0,361059065;1;0,260529214;0,156479232;0,30264607;1;0,502595331;0,249891281;0,256488328;1;;;;;;;;;;;;;
494;0,597003469;0,218686055;-0,004994218;1;0,11200855;0,175193978;-0,439957251;1;0,580230129;0,307450936;0,450575323;1;;;;;;;;;;;;;
495;0,72894864;0,249305092;0,2149144;1;-0,119982467;0,181518228;-1,599912337;1;0,735497422;0,319573154;0,838743555;1;;;;;;;;;;;;;
496;0,748957108;0,191501148;0,248261847;1;0,258017101;0,160106063;0,290085504;1;0,23339211;0,250842444;-0,416519724;1;;;;;;;;;;;;;
497;0,760861868;0,250916022;0,268103114;1;0,115019289;0,183534141;-0,424903555;1;0,078324271;0,338767707;-0,804189322;1;;;;;;;;;;;;;
498;0,623597824;0,209875365;0,039329706;1;0,257644415;0,171115463;0,288222075;1;0,423422487;0,292376695;0,058556218;1;;;;;;;;;;;;;
499;0,262502576;0,214251749;-0,562495707;1;0,214451828;0,163130029;0,072259142;1;0,823874815;0,277608206;1,059687038;1;;;;;;;;;;;;;
500;0,867983265;0,219366702;0,446638775;1;0,275917069;0,167480025;0,379585344;1;-0,086149404;0,286085244;-1,21537351;1;;;;;;;;;;;;;
501;0,340345321;0,214473292;-0,432757799;1;0,361922771;0,16700987;0,809613855;1;0,643326739;0,270767184;0,608316848;1;;;;;;;;;;;;;
502;0,760774229;0,217105822;0,267957048;1;-0,16158563;0,169153011;-1,807928152;0;0,382477937;0,298498936;-0,043805158;1;;;;;;;;;;;;;
503;1,046384786;0,255507495;0,743974644;1;0,033650328;0,202366848;-0,831748361;1;0,432801392;0,32662902;0,082003479;1;;;;;;;;;;;;;
504;0,433275471;0,186907304;-0,277874215;1;0,211647884;0,155125246;0,05823942;1;0,435848247;0,265608582;0,089620617;1;;;;;;;;;;;;;
505;0,75101504;0,203536868;0,251691734;1;-0,024454597;0,163980699;-1,122272986;1;0,498691559;0,273302373;0,246728898;1;;;;;;;;;;;;;
506;0,298863838;0,207937169;-0,501893603;1;0,381145725;0,164302075;0,905728627;1;0,763890356;0,257090343;0,909725891;1;;;;;;;;;;;;;
507;0,553302156;0,208560784;-0,077829739;1;0,039737785;0,15195901;-0,801311074;1;0,391953404;0,287966051;-0,020116489;1;;;;;;;;;;;;;
508;0,546351518;0,236048357;-0,089414136;1;0,361576218;0,186657557;0,807881088;1;0,578502816;0,32438587;0,44625704;1;;;;;;;;;;;;;
509;0,617541225;0,189870068;0,029235375;1;0,188584191;0,152169292;-0,057079043;1;0,552764866;0,256463941;0,381912164;1;;;;;;;;;;;;;
510;0,726553599;0,20551208;0,210922665;1;0,191264816;0,167638959;-0,04367592;1;0,359519248;0,270606501;-0,101201879;1;;;;;;;;;;;;;
511;0,858830342;0,233905001;0,431383903;1;0,074583894;0,187325714;-0,627080532;1;0,298351157;0,316231892;-0,254122108;1;;;;;;;;;;;;;
512;0,605429334;0,236307601;0,00904889;1;0,499239417;0,180856342;1,496197084;1;0,562647037;0,293965894;0,406617593;1;;;;;;;;;;;;;
513;0,630031376;0,188777246;0,050052294;1;-0,088058513;0,147147056;-1,440292567;1;0,583433779;0,245262989;0,458584447;1;;;;;;;;;;;;;
514;0,826327331;0,210075744;0,377212218;1;-0,125738802;0,180275472;-1,628694009;1;0,241628732;0,287116662;-0,395928171;1;;;;;;;;;;;;;
515;0,795881577;0,216966194;0,326469294;1;0,226123727;0,171453391;0,130618633;1;-0,044578387;0,27942852;-1,111445969;1;;;;;;;;;;;;;
516;0,904931953;0,226044066;0,508219922;1;0,306450305;0,183382813;0,532251525;1;0,152242142;0,318929427;-0,619394645;1;;;;;;;;;;;;;
517;0,602376751;0,234306344;0,003961252;1;0,139523942;0,162978275;-0,302380289;1;0,482244425;0,305135401;0,205611062;1;;;;;;;;;;;;;
518;0,611088584;0,20806972;0,018480973;1;0,187827889;0,144336526;-0,060860557;1;-0,166482278;0,243104057;-1,416205695;0;;;;;;;;;;;;;
519;0,153570456;0,20693097;-0,74404924;0;0,405029781;0,16122479;1,025148905;1;0,949229613;0,284120569;1,373074031;1;;;;;;;;;;;;;
520;0,654298913;0,231396033;0,090498189;1;0,317876016;0,169388286;0,589380079;1;0,597017411;0,309826779;0,492543529;1;;;;;;;;;;;;;
521;0,597465263;0,204897565;-0,004224562;1;0,311505244;0,16168886;0,557526218;1;0,262770864;0,267195027;-0,343072841;1;;;;;;;;;;;;;
522;0,515163007;0,18357312;-0,141394988;1;0,496481855;0,144268986;1,482409277;0;-0,076126596;0,239293781;-1,19031649;0;;;;;;;;;;;;;
523;0,734154098;0,218454657;0,223590164;1;0,273941001;0,171173628;0,369705003;1;-0,095659092;0,277643924;-1,23914773;1;;;;;;;;;;;;;
524;0,270961844;0,184762003;-0,548396927;1;0,459685317;0,147819903;1,298426586;1;0,464390979;0,246287917;0,160977448;1;;;;;;;;;;;;;
525;0,185803666;0,198009201;-0,690327223;0;0,489731298;0,146774575;1,448656488;0;0,634268424;0,262835485;0,585671059;1;;;;;;;;;;;;;
526;0,914888186;0,247114509;0,524813644;1;0,157810439;0,181216136;-0,210947807;1;0,022596595;0,333036341;-0,943508511;1;;;;;;;;;;;;;
527;0,245370489;0,210502842;-0,591049185;1;0,428416122;0,168230957;1,142080612;1;0,655696611;0,285867272;0,639241528;1;;;;;;;;;;;;;
528;0,97150049;0,215465225;0,619167483;1;0,297981994;0,169148465;0,489909972;1;0,065028441;0,283321031;-0,837428899;1;;;;;;;;;;;;;
529;0,301116292;0,178622477;-0,498139513;1;0,13360933;0,139831423;-0,331953352;1;0,40818628;0,234481341;0,0204657;1;;;;;;;;;;;;;
530;0,47260765;0,230640897;-0,212320583;1;0,094249083;0,174618184;-0,528754586;1;0,430634904;0,280979339;0,07658726;1;;;;;;;;;;;;;
531;0,300745076;0,215163563;-0,498758207;1;0,318538158;0,159438327;0,592690788;1;0,573074974;0,297268832;0,432687434;1;;;;;;;;;;;;;
532;0,306742626;0,234365565;-0,488762289;1;-0,002699407;0,174697784;-1,013497033;1;0,971853576;0,322427204;1,429633941;1;;;;;;;;;;;;;
533;0,579053428;0,225806838;-0,034910953;1;0,103556673;0,169567413;-0,482216636;1;0,622045907;0,297299262;0,555114767;1;;;;;;;;;;;;;
534;0,649353286;0,231479665;0,082255476;1;0,044660532;0,172441088;-0,77669734;1;0,333908275;0,300692812;-0,165229312;1;;;;;;;;;;;;;
535;0,408031919;0,19837417;-0,319946801;1;-0,084615937;0,163002479;-1,423079684;1;0,612124362;0,265490073;0,530310906;1;;;;;;;;;;;;;
536;0,889344434;0,238891546;0,482240724;1;0,002050918;0,182180028;-0,989745409;1;0,150073245;0,298932357;-0,624816886;1;;;;;;;;;;;;;
537;0,498074497;0,212765778;-0,169875838;1;0,242570142;0,162513319;0,212850709;1;0,641561897;0,307549185;0,603904743;1;;;;;;;;;;;;;
538;0,863073512;0,200869451;0,438455853;1;0,15569799;0,154201087;-0,221510051;1;0,063649949;0,259643622;-0,840875127;1;;;;;;;;;;;;;
539;0,525594915;0,199859213;-0,124008475;1;0,04204954;0,167041386;-0,789752298;1;0,566602054;0,257842828;0,416505135;1;;;;;;;;;;;;;
540;0,621372505;0,249065094;0,035620842;1;0,239706245;0,190714411;0,198531227;1;0,611044897;0,337322536;0,527612242;1;;;;;;;;;;;;;
541;0,652011472;0,232625118;0,086685787;1;0,390268582;0,174765424;0,951342909;1;0,315002819;0,268338594;-0,212492952;1;;;;;;;;;;;;;
542;0,575212759;0,201199472;-0,041312069;1;0,389603594;0,158724525;0,948017968;1;0,414459346;0,263112848;0,036148365;1;;;;;;;;;;;;;
543;-0,03525352;0,189265459;-1,058755867;0;0,334207925;0,145708951;0,671039624;1;0,829148294;0,254275408;1,072870736;1;;;;;;;;;;;;;
544;0,431110659;0,208601357;-0,281482235;1;0,425087857;0,165086542;1,125439284;1;0,393978986;0,278530654;-0,015052536;1;;;;;;;;;;;;;
545;0,481685371;0,188978864;-0,197191048;1;0,002010581;0,138138393;-0,989947093;1;0,48379612;0,23713589;0,2094903;1;;;;;;;;;;;;;
546;0,651938853;0,201575436;0,086564756;1;0,177050096;0,156893088;-0,114749521;1;0,508215778;0,269224177;0,270539446;1;;;;;;;;;;;;;
547;0,589564747;0,21286288;-0,017392089;1;0,430592069;0,176458155;1,152960344;1;0,492959278;0,295457424;0,232398196;1;;;;;;;;;;;;;
548;0,888588406;0,225732236;0,480980677;1;-0,124945845;0,175344205;-1,624729223;1;0,26146864;0,292343818;-0,346328399;1;;;;;;;;;;;;;
549;0,3762467;0,18971035;-0,372922167;1;0,351743234;0,146979938;0,758716168;1;0,163168616;0,245688326;-0,59207846;1;;;;;;;;;;;;;
550;0,61172565;0,228431424;0,01954275;1;0,253962526;0,160038423;0,26981263;1;0,150859216;0,303847701;-0,622851961;1;;;;;;;;;;;;;
551;0,639015244;0,215409343;0,065025407;1;0,353813045;0,160616764;0,769065227;1;0,165436589;0,284881862;-0,586408527;1;;;;;;;;;;;;;
552;0,540296363;0,210431568;-0,099506061;1;0,180737138;0,166935587;-0,096314312;1;0,249430836;0,289543543;-0,376422909;1;;;;;;;;;;;;;
553;0,628531365;0,219692223;0,047552275;1;0,206364626;0,165515944;0,031823128;1;0,451138284;0,281629875;0,12784571;1;;;;;;;;;;;;;
554;0,790953034;0,220833084;0,318255057;1;0,420454398;0,175004554;1,102271989;1;0,023662756;0,289193841;-0,94084311;1;;;;;;;;;;;;;
555;0,649902681;0,214588165;0,083171136;1;-0,09556387;0,162369107;-1,477819348;1;0,451335149;0,279659854;0,128337872;1;;;;;;;;;;;;;
556;0,346202039;0,242186705;-0,422996602;1;0,633024518;0,186238046;2,165122592;0;0,139514383;0,326688454;-0,651214043;1;;;;;;;;;;;;;
557;0,855638619;0,187816588;0,426064365;1;0,047173917;0,134617901;-0,764130414;1;-0,624602595;0,230807409;-2,561506489;0;;;;;;;;;;;;;
558;0,598889819;0,210702168;-0,001850301;1;0,15306955;0,163942362;-0,234652251;1;0,410610933;0,278651089;0,026527334;1;;;;;;;;;;;;;
559;0,713099596;0,214480849;0,188499326;1;-0,033179556;0,16908095;-1,16589778;1;0,476446418;0,293262405;0,191116045;1;;;;;;;;;;;;;
560;0,848936534;0,200129409;0,414894224;1;0,146700611;0,153635611;-0,266496947;1;-0,232433075;0,26257723;-1,581082688;0;;;;;;;;;;;;;
561;0,577511633;0,226003227;-0,037480611;1;0,140474667;0,171297304;-0,297626666;1;0,174071737;0,291625532;-0,564820657;1;;;;;;;;;;;;;
562;0,629701927;0,198332431;0,049503211;1;0,083723799;0,148628299;-0,581381004;1;0,349378332;0,256885378;-0,12655417;1;;;;;;;;;;;;;
563;0,595944728;0,223983588;-0,006758786;1;0,334107301;0,171599926;0,670536506;1;0,382387344;0,307345416;-0,044031641;1;;;;;;;;;;;;;
564;0,725791621;0,225207463;0,209652702;1;0,142040539;0,166920634;-0,289797303;1;0,312552421;0,287582577;-0,218618946;1;;;;;;;;;;;;;
565;0,412564261;0,213641794;-0,312392898;1;0,266558163;0,169816573;0,332790814;1;0,335809098;0,267291294;-0,160477255;1;;;;;;;;;;;;;
566;0,687260904;0,232051302;0,14543484;1;0,061333095;0,184127141;-0,693334527;1;0,379023634;0,313207617;-0,052440914;1;;;;;;;;;;;;;
567;0,869638992;0,228799658;0,449398319;1;0,100317014;0,180083719;-0,498414928;1;0,069239383;0,299930876;-0,826901543;1;;;;;;;;;;;;;
568;0,435546171;0,242005978;-0,274089715;1;0,38439471;0,183049687;0,921973548;1;0,263761312;0,339331307;-0,34059672;1;;;;;;;;;;;;;
569;0,508567653;0,203661785;-0,152387246;1;-0,024655569;0,154287153;-1,123277844;1;0,569275334;0,263447224;0,423188334;1;;;;;;;;;;;;;
570;1,013255663;0,212743239;0,688759439;1;0,17900348;0,163864983;-0,104982601;1;-0,10768512;0,277528948;-1,269212801;1;;;;;;;;;;;;;
571;0,596506808;0,222459843;-0,005821986;1;0,313064732;0,168545041;0,565323662;1;0,32037882;0,264724511;-0,199052949;1;;;;;;;;;;;;;
572;0,541246193;0,228891806;-0,097923011;1;0,415170718;0,169388782;1,075853592;1;0,566199397;0,299032774;0,415498491;1;;;;;;;;;;;;;
573;0,361224364;0,196499325;-0,397959394;1;0,37014253;0,156600676;0,85071265;1;0,432475564;0,249687567;0,081188911;1;;;;;;;;;;;;;
574;0,856529347;0,247471964;0,427548912;1;0,194798037;0,174979201;-0,026009814;1;0,214527677;0,327212881;-0,463680808;1;;;;;;;;;;;;;
575;0,40553745;0,210698276;-0,32410425;1;0,349367832;0,16372577;0,746839162;1;0,740096833;0,300017313;0,850242082;1;;;;;;;;;;;;;
576;0,60088305;0,216609665;0,00147175;1;-0,133028214;0,165224741;-1,665141071;0;0,401509401;0,289300536;0,003773504;1;;;;;;;;;;;;;
577;0,865624289;0,210925215;0,442707148;1;-0,138321206;0,155722222;-1,691606032;0;0,077855432;0,272584258;-0,80536142;1;;;;;;;;;;;;;
578;0,679546686;0,226934993;0,132577811;1;0,401809095;0,169888021;1,009045476;1;0,244470393;0,299373989;-0,388824019;1;;;;;;;;;;;;;
579;0,548986448;0,206271966;-0,085022586;1;0,09879738;0,150627985;-0,506013099;1;0,836929822;0,281257914;1,092324555;1;;;;;;;;;;;;;
580;0,286154621;0,223501241;-0,523075632;1;0,106995685;0,165587397;-0,465021574;1;0,99706983;0,288045747;1,492674574;0;;;;;;;;;;;;;
581;0,651848219;0,213247136;0,086413699;1;0,166803986;0,166786049;-0,165980069;1;0,468911077;0,286531341;0,172277692;1;;;;;;;;;;;;;
582;0,51495968;0,209906497;-0,141733867;1;0,032062519;0,167002108;-0,839687407;1;0,708372716;0,268361123;0,770931791;1;;;;;;;;;;;;;
583;0,549187555;0,2207839;-0,084687408;1;0,312504525;0,177294086;0,562522626;1;0,401175725;0,288260422;0,002939312;1;;;;;;;;;;;;;
584;0,348994979;0,221145807;-0,418341702;1;0,377547102;0,167866479;0,887735511;1;0,575202611;0,284540789;0,438006527;1;;;;;;;;;;;;;
585;0,53723735;0,221941119;-0,104604416;1;0,464023417;0,175620027;1,320117083;1;0,437544068;0,284406138;0,093860169;1;;;;;;;;;;;;;
586;0,613636368;0,204147394;0,02272728;1;0,487374688;0,158590455;1,436873442;1;0,312892097;0,270056087;-0,217769757;1;;;;;;;;;;;;;
587;0,542919016;0,213593568;-0,095134973;1;0,054508814;0,159188878;-0,727455929;1;0,542932114;0,301586215;0,357330285;1;;;;;;;;;;;;;
588;0,60885291;0,217698504;0,01475485;1;0,440413227;0,163155696;1,202066136;1;0,065370345;0,313153845;-0,836574137;1;;;;;;;;;;;;;
589;0,296631911;0,197937238;-0,505613481;1;0,452475344;0,154250396;1,262376718;1;0,526900968;0,260493273;0,317252419;1;;;;;;;;;;;;;
590;0,500681296;0,209530077;-0,165531174;1;0,377586192;0,158335932;0,887930958;1;0,466132822;0,275610683;0,165332055;1;;;;;;;;;;;;;
591;0,481397922;0,221408719;-0,19767013;1;0,471198757;0,169215123;1,355993787;1;0,460901491;0,287422583;0,152253727;1;;;;;;;;;;;;;
592;0,471246041;0,205164062;-0,214589932;1;-0,027272212;0,167097064;-1,136361059;1;0,930028426;0,287472209;1,325071064;1;;;;;;;;;;;;;
593;0,7529471;0,227767326;0,254911833;1;0,325020953;0,182068259;0,625104765;1;0,320001643;0,292027952;-0,199995891;1;;;;;;;;;;;;;
594;0,71630699;0,224005816;0,193844984;1;0,24289744;0,162990762;0,214487202;1;0,125677769;0,287619773;-0,685805577;1;;;;;;;;;;;;;
595;0,411031125;0,211877259;-0,314948125;1;0,209666099;0,153026594;0,048330495;1;0,44423741;0,281254375;0,110593526;1;;;;;;;;;;;;;
596;0,727089458;0,22799625;0,211815763;1;0,106319202;0,180355882;-0,468403989;1;0,51358808;0,293203285;0,2839702;1;;;;;;;;;;;;;
597;0,721440581;0,214300836;0,202400969;1;0,208121729;0,163449206;0,040608645;1;0,266270182;0,267663653;-0,334324545;1;;;;;;;;;;;;;
598;0,549313978;0,229728216;-0,084476703;1;0,206391111;0,164280694;0,031955556;1;0,307295561;0,286556732;-0,231761097;1;;;;;;;;;;;;;
599;0,515102348;0,234704482;-0,141496086;1;0,184204102;0,166936453;-0,078979491;1;0,59797334;0,32452657;0,49493335;1;;;;;;;;;;;;;
600;0,559541083;0,194093434;-0,067431529;1;-0,081868991;0,149010418;-1,409344955;1;0,616059492;0,253606386;0,54014873;1;;;;;;;;;;;;;
601;0,63835863;0,24899281;0,06393105;1;0,302342735;0,195727187;0,511713676;1;0,430843745;0,334739514;0,077109361;1;;;;;;;;;;;;;
602;0,487295051;0,219482924;-0,187841582;1;0,149917728;0,169185864;-0,25041136;1;0,664489169;0,293564854;0,661222922;1;;;;;;;;;;;;;
603;0,894722317;0,259884017;0,491203861;1;-0,069102623;0,188518737;-1,345513114;1;0,298168613;0,323083204;-0,254578469;1;;;;;;;;;;;;;
604;0,607963626;0,230869756;0,01327271;1;0,373028618;0,173552395;0,865143088;1;0,317511826;0,329849806;-0,206220434;1;;;;;;;;;;;;;
605;0,653512771;0,211611758;0,089187951;1;0,023567591;0,156842965;-0,882162044;1;0,403353901;0,295410575;0,008384753;1;;;;;;;;;;;;;
606;0,462023531;0,167025777;-0,229960782;1;0,375263635;0,127572509;0,876318175;1;-0,037088181;0,200319092;-1,092720453;0;;;;;;;;;;;;;
607;1,06488845;0,244267709;0,774814083;1;0,220057326;0,199042685;0,100286628;1;-0,267718467;0,355402928;-1,669296167;1;;;;;;;;;;;;;
608;0,642199489;0,221008233;0,070332481;1;0,300495152;0,167746999;0,502475758;1;0,00240237;0,258918462;-0,993994075;1;;;;;;;;;;;;;
609;0,368114601;0,179391118;-0,386475664;1;0,365388464;0,134662049;0,826942321;1;0,416804839;0,223248079;0,042012098;1;;;;;;;;;;;;;
610;0,830619908;0,222896004;0,384366513;1;0,44163754;0,182073876;1,208187702;1;0,136308067;0,30411742;-0,659229832;1;;;;;;;;;;;;;
611;0,754150965;0,230333298;0,256918276;1;-0,183570385;0,168404763;-1,917851923;0;0,447267848;0,314872953;0,11816962;1;;;;;;;;;;;;;
612;0,623685875;0,195220864;0,039476459;1;0,392608125;0,161338404;0,963040625;1;0,167208733;0,256928598;-0,581978167;1;;;;;;;;;;;;;
613;0,703066309;0,21274421;0,171777181;1;0,310509879;0,156755406;0,552549393;1;-0,112112166;0,272582366;-1,280280416;1;;;;;;;;;;;;;
614;0,413646474;0,205477878;-0,310589209;1;0,144327043;0,162331695;-0,278364783;1;0,759812357;0,271723265;0,899530891;1;;;;;;;;;;;;;
615;0,206455275;0,202989473;-0,655907875;1;0,449970843;0,153050807;1,249854214;1;0,481164834;0,269734441;0,202912085;1;;;;;;;;;;;;;
616;0,319908136;0,235796831;-0,466819773;1;0,120153392;0,177096893;-0,39923304;1;0,922063333;0,310110086;1,305158332;1;;;;;;;;;;;;;
617;0,754874987;0,206381758;0,258124979;1;0,169115993;0,170445675;-0,154420036;1;0,496979472;0,269503695;0,24244868;1;;;;;;;;;;;;;
618;0,822482416;0,247943416;0,370804026;1;0,091866377;0,177202107;-0,540668116;1;0,209483244;0,326122585;-0,476291891;1;;;;;;;;;;;;;
619;0,283726486;0,208734361;-0,527122523;1;0,217298007;0,155529515;0,086490034;1;0,789486161;0,278271646;0,973715402;1;;;;;;;;;;;;;
620;0,704121681;0,226773988;0,173536136;1;0,345440735;0,179613375;0,727203677;1;0,547397628;0,314585534;0,36849407;1;;;;;;;;;;;;;
621;0,308944359;0,193300069;-0,485092735;1;0,229668982;0,146045589;0,148344911;1;0,592361027;0,264186511;0,480902567;1;;;;;;;;;;;;;
622;0,54271777;0,222053732;-0,095470383;1;0,100600466;0,165448875;-0,496997671;1;0,436448401;0,300793502;0,091121004;1;;;;;;;;;;;;;
623;0,5138407;0,21327447;-0,143598834;1;0,249082592;0,162183942;0,245412959;1;0,533514983;0,285505702;0,333787457;1;;;;;;;;;;;;;
624;0,633267228;0,216446115;0,05544538;1;0,295444749;0,165567918;0,477223746;1;0,356521348;0,28733472;-0,10869663;1;;;;;;;;;;;;;
625;0,563251862;0,216702784;-0,061246897;1;0,249233439;0,16517181;0,246167195;1;0,370528075;0,288729433;-0,073679812;1;;;;;;;;;;;;;
626;0,860081016;0,222861637;0,43346836;1;0,116427558;0,158087959;-0,417862212;1;0,096602328;0,277647883;-0,75849418;1;;;;;;;;;;;;;
627;0,851992056;0,221329953;0,419986761;1;-0,104569968;0,174482268;-1,52284984;1;0,304724131;0,302587743;-0,238189673;1;;;;;;;;;;;;;
628;0,558100593;0,209795189;-0,069832345;1;0,359986876;0,159234714;0,799934379;1;0,140733413;0,271779646;-0,648166468;1;;;;;;;;;;;;;
629;0,671330607;0,222100531;0,118884345;1;0,314196232;0,175639955;0,570981159;1;0,478847426;0,304900204;0,197118565;1;;;;;;;;;;;;;
630;0,200674955;0,188737635;-0,665541742;0;0,374930986;0,143658048;0,874654931;1;0,416350879;0,24024293;0,040877197;1;;;;;;;;;;;;;
631;0,043539339;0,190806183;-0,927434434;0;0,208501377;0,146108633;0,042506883;1;0,758309612;0,249522041;0,89577403;1;;;;;;;;;;;;;
632;0,567429664;0,194647714;-0,054283894;1;0,156636647;0,146505333;-0,216816763;1;0,221442537;0,258596005;-0,446393657;1;;;;;;;;;;;;;
633;0,113949979;0,185949391;-0,810083368;0;0,076790808;0,13737542;-0,616045958;1;0,979576188;0,226910986;1,44894047;0;;;;;;;;;;;;;
634;0,307206214;0,213949855;-0,487989643;1;-0,046712726;0,169074817;-1,233563631;1;1,018147495;0,273199406;1,545368739;0;;;;;;;;;;;;;
635;0,731763935;0,212676087;0,219606558;1;0,017956685;0,170097567;-0,910216577;1;0,512376644;0,27489595;0,280941611;1;;;;;;;;;;;;;
636;0,716186305;0,221309004;0,193643842;1;0,213967046;0,167740658;0,069835232;1;0,41975963;0,298814165;0,049399076;1;;;;;;;;;;;;;
637;0,246235626;0,187249514;-0,58960729;1;0,382639961;0,147035514;0,913199805;1;0,634910545;0,258840787;0,587276364;1;;;;;;;;;;;;;
638;0,694662483;0,23295233;0,157770806;1;0,162507816;0,176370395;-0,187460918;1;0,638961961;0,316595884;0,597404904;1;;;;;;;;;;;;;
639;0,619202647;0,202530415;0,032004411;1;0,202658656;0,15942647;0,013293279;1;0,102752866;0,263643841;-0,743117835;1;;;;;;;;;;;;;
640;0,307241939;0,200849582;-0,487930102;1;0,006931578;0,155392827;-0,965342112;1;0,833671647;0,267979216;1,084179118;1;;;;;;;;;;;;;
641;0,600648019;0,217314896;0,001080032;1;0,042472439;0,161565427;-0,787637803;1;0,203770416;0,289395114;-0,490573959;1;;;;;;;;;;;;;
642;0,810109824;0,218326667;0,35018304;1;0,197542258;0,162518805;-0,012288708;1;0,058896971;0,284452375;-0,852757574;1;;;;;;;;;;;;;
643;0,504659809;0,217758951;-0,158900318;1;0,32606623;0,157118793;0,630331152;1;0,202201188;0,298693153;-0,49449703;1;;;;;;;;;;;;;
644;0,642295969;0,213805418;0,070493281;1;0,50824164;0,174115696;1,541208199;1;0,262517327;0,270054263;-0,343706682;1;;;;;;;;;;;;;
645;1,22901216;0,270377794;1,048353599;0;0,172629287;0,205001447;-0,136853566;1;-0,274954379;0,401414238;-1,687385948;1;;;;;;;;;;;;;
646;0,715097299;0,192785955;0,191828832;1;-0,043016484;0,149522803;-1,21508242;1;0,044601004;0,25641766;-0,888497489;1;;;;;;;;;;;;;
647;0,817361873;0,21974281;0,362269789;1;-0,066538714;0,170348534;-1,33269357;1;0,126293094;0,27838239;-0,684267264;1;;;;;;;;;;;;;
648;0,608252326;0,215128182;0,013753876;1;0,334539447;0,168194707;0,672697234;1;0,4782381;0,263591089;0,19559525;1;;;;;;;;;;;;;
649;0,680119781;0,217099265;0,133532968;1;0,277491968;0,167030876;0,387459842;1;0,254854429;0,306915962;-0,362863927;1;;;;;;;;;;;;;
650;0,586198234;0,176352194;-0,023002944;1;-0,123337066;0,128554455;-1,61668533;0;0,131734028;0,221743512;-0,67066493;1;;;;;;;;;;;;;
651;0,718469109;0,188953338;0,197448514;1;0,173114772;0,153707018;-0,134426141;1;0,17756047;0,264673654;-0,556098826;1;;;;;;;;;;;;;
652;0,44164522;0,203722398;-0,263924633;1;-0,005447338;0,156963253;-1,02723669;1;0,691067012;0,264308488;0,727667529;1;;;;;;;;;;;;;
653;0,737681054;0,232741656;0,229468423;1;-0,050607287;0,178293966;-1,253036434;1;0,796899769;0,323545502;0,992249423;1;;;;;;;;;;;;;
654;0,569558809;0,200214031;-0,050735318;1;0,063204558;0,148465315;-0,683977208;1;0,208503034;0,256582531;-0,478742416;1;;;;;;;;;;;;;
655;0,163014317;0,194850604;-0,728309471;0;0,061031796;0,154466382;-0,694841022;1;0,886595125;0,261946917;1,216487813;1;;;;;;;;;;;;;
656;0,651660326;0,223413501;0,086100544;1;0,196849645;0,174363499;-0,015751775;1;0,566535405;0,304812455;0,416338512;1;;;;;;;;;;;;;
657;0,622453829;0,21188237;0,037423048;1;0,189466301;0,165808917;-0,052668494;1;-0,157082714;0,265908172;-1,392706785;0;;;;;;;;;;;;;
658;0,569591335;0,213956176;-0,050681109;1;0,301193727;0,166057312;0,505968635;1;0,275846511;0,279570159;-0,310383723;1;;;;;;;;;;;;;
659;1,120934446;0,249063267;0,868224077;0;0,127156759;0,194075732;-0,364216205;1;0,125420973;0,347229186;-0,686447567;1;;;;;;;;;;;;;
660;0,355676943;0,189688135;-0,407205094;1;0,06663068;0,146751314;-0,666846598;1;0,466530258;0,255784478;0,166325646;1;;;;;;;;;;;;;
661;0,379336269;0,20972772;-0,367772885;1;0,084109259;0,163854347;-0,579453706;1;0,645744629;0,277473319;0,614361573;1;;;;;;;;;;;;;
662;0,315795323;0,205893426;-0,473674461;1;0,246361637;0,151470872;0,231808183;1;0,367141861;0,269594998;-0,082145348;1;;;;;;;;;;;;;
663;0,900269243;0,201553584;0,500448738;1;0,166070366;0,15092694;-0,169648169;1;-0,416709039;0,242400102;-2,041772597;0;;;;;;;;;;;;;
664;0,944752544;0,245892346;0,574587574;1;0,312831942;0,17764254;0,564159708;1;0,158175818;0,31167324;-0,604560454;1;;;;;;;;;;;;;
665;0,684763422;0,208321551;0,141272369;1;0,120384255;0,151974876;-0,398078724;1;0,168295994;0,253066896;-0,579260016;1;;;;;;;;;;;;;
666;0,514854151;0,193785798;-0,141909748;1;-0,033745192;0,139681037;-1,168725962;1;0,210069996;0,244963734;-0,474825009;1;;;;;;;;;;;;;
667;0,841440852;0,251511438;0,40240142;1;0,086420964;0,190375409;-0,567895178;1;0,371250628;0,33305985;-0,07187343;1;;;;;;;;;;;;;
668;0,25122128;0,229443781;-0,581297867;1;0,303342744;0,169637349;0,516713719;1;0,77982166;0,298657992;0,94955415;1;;;;;;;;;;;;;
669;0,61794545;0,234794077;0,029909083;1;0,23851675;0,175848726;0,192583751;1;0,285663788;0,304768405;-0,285840529;1;;;;;;;;;;;;;
670;0,388334544;0,23929438;-0,352775759;1;0,385575388;0,186279278;0,927876938;1;0,690768611;0,310339636;0,726921527;1;;;;;;;;;;;;;
671;0,615564994;0,196440522;0,025941656;1;0,134799394;0,152967716;-0,326003028;1;0,24505106;0,236588613;-0,387372349;1;;;;;;;;;;;;;
672;0,58480055;0,203385559;-0,025332417;1;0,074081119;0,1655654;-0,629594405;1;0,557510815;0,276298315;0,393777036;1;;;;;;;;;;;;;
673;0,603677171;0,234473095;0,006128618;1;0,342231801;0,186266822;0,711159003;1;0,567127439;0,303613345;0,417818598;1;;;;;;;;;;;;;
674;0,477816333;0,195860216;-0,203639445;1;0,508773361;0,160820802;1,543866807;1;0,197474642;0,240859615;-0,506313395;1;;;;;;;;;;;;;
675;0,758897837;0,196206366;0,264829728;1;0,033359716;0,156395572;-0,833201421;1;0,261774998;0,274973494;-0,345562505;1;;;;;;;;;;;;;
676;0,572423183;0,211461992;-0,045961361;1;0,280341848;0,16642081;0,40170924;1;0,087029947;0,246653841;-0,782425133;1;;;;;;;;;;;;;
677;0,088096974;0,211407204;-0,85317171;0;0,42251083;0,163011412;1,112554151;1;1,069439656;0,307295729;1,673599139;0;;;;;;;;;;;;;
678;0,501664924;0,211051413;-0,163891793;1;-0,064280613;0,159719885;-1,321403063;1;0,79980843;0,285976256;0,999521075;1;;;;;;;;;;;;;
679;1,139423484;0,248308791;0,899039139;0;0,101940394;0,18455467;-0,490298029;1;-0,12041015;0,327567103;-1,301025374;1;;;;;;;;;;;;;
680;0,390573064;0,230352183;-0,349044894;1;0,077609649;0,168200973;-0,611951753;1;0,550121819;0,299719239;0,375304547;1;;;;;;;;;;;;;
681;0,683955604;0,218152622;0,139926006;1;-0,015702035;0,172046251;-1,078510177;1;0,271361296;0,300629787;-0,321596759;1;;;;;;;;;;;;;
682;0,245788583;0,214985047;-0,590352361;1;0,212539128;0,181545294;0,062695641;1;0,88850524;0,303008207;1,2212631;1;;;;;;;;;;;;;
683;0,597039332;0,219015376;-0,004934447;1;0,227497201;0,176390514;0,137486005;1;0,467647768;0,281823247;0,16911942;1;;;;;;;;;;;;;
684;0,617605946;0,257850437;0,029343243;1;0,338407578;0,20569568;0,69203789;1;0,782821039;0,353890022;0,957052596;1;;;;;;;;;;;;;
685;0,492899124;0,222083497;-0,178501461;1;0,113490154;0,177351242;-0,432549228;1;0,842370585;0,316770145;1,105926462;1;;;;;;;;;;;;;
686;0,706708158;0,212474941;0,177846931;1;0,143505757;0,151455786;-0,282471213;1;-0,060478054;0,27376626;-1,151195135;1;;;;;;;;;;;;;
687;0,674017575;0,19830688;0,123362625;1;0,244376661;0,159565688;0,221883307;1;0,129475106;0,265235887;-0,676312234;1;;;;;;;;;;;;;
688;0,383286801;0,177404051;-0,361188665;1;0,274355892;0,137886358;0,37177946;1;0,193159639;0,241529447;-0,517100903;1;;;;;;;;;;;;;
689;0,466411858;0,227419776;-0,222646903;1;0,204379785;0,180911787;0,021898927;1;0,790267137;0,306786418;0,975667843;1;;;;;;;;;;;;;
690;0,662563196;0,23510354;0,104271994;1;0,459920564;0,182473416;1,299602821;1;0,122812012;0,307470654;-0,692969971;1;;;;;;;;;;;;;
691;0,493012805;0,21486544;-0,178311992;1;0,508068928;0,165972857;1,540344639;1;0,129578662;0,283769347;-0,676053345;1;;;;;;;;;;;;;
692;0,538037053;0,200117379;-0,103271579;1;0,15084201;0,15551258;-0,245789952;1;0,401744327;0,267792179;0,004360817;1;;;;;;;;;;;;;
693;0,552793003;0,216869584;-0,078678328;1;0,188121025;0,164696138;-0,059394875;1;0,489072612;0,285196962;0,22268153;1;;;;;;;;;;;;;
694;0,648912066;0,217745326;0,08152011;1;0,303252727;0,16765417;0,516263633;1;0,506728642;0,315614079;0,266821605;1;;;;;;;;;;;;;
695;0,540894262;0,270731891;-0,098509563;1;0,144258495;0,193168979;-0,278707524;1;0,711588435;0,364482859;0,778971087;1;;;;;;;;;;;;;
696;0,353001922;0,251854974;-0,411663463;1;0,34436918;0,185763897;0,721845898;1;0,941943108;0,339709168;1,35485777;1;;;;;;;;;;;;;
697;0,308595996;0,189904595;-0,485673339;1;0,019974186;0,151665998;-0,900129071;1;0,900094334;0,251634333;1,250235834;0;;;;;;;;;;;;;
698;0,429505235;0,195076053;-0,284157941;1;0,173082693;0,145517642;-0,134586534;1;0,505622518;0,24635267;0,264056294;1;;;;;;;;;;;;;
699;0,532717768;0,214767977;-0,112137054;1;0,133827182;0,160141176;-0,33086409;1;0,200932536;0,273451466;-0,49766866;1;;;;;;;;;;;;;
700;0,611295679;0,239035907;0,018826132;1;0,187523069;0,193213361;-0,062384655;1;0,640392163;0,323399339;0,600980406;1;;;;;;;;;;;;;
701;0,415708808;0,192201341;-0,307151987;1;0,327669947;0,144930764;0,638349733;1;0,192679453;0,235813784;-0,518301367;1;;;;;;;;;;;;;
702;0,888748857;0,210841077;0,481248094;1;0,166785297;0,163548893;-0,166073517;1;0,217542577;0,267927186;-0,456143559;1;;;;;;;;;;;;;
703;0,474836522;0,193764689;-0,208605797;1;0,300669269;0,153609039;0,503346344;1;0,497792667;0,244015092;0,244481667;1;;;;;;;;;;;;;
704;0,243491315;0,200349186;-0,594181142;1;0,483588395;0,156512602;1,417941976;1;0,563487921;0,267040005;0,408719803;1;;;;;;;;;;;;;
705;0,526986057;0,195101074;-0,121689905;1;0,222292924;0,158209194;0,111464622;1;0,482018224;0,267868107;0,20504556;1;;;;;;;;;;;;;
706;0,452988098;0,233418627;-0,245019837;1;0,019444844;0,17516667;-0,902775781;1;0,582098872;0,312408401;0,45524718;1;;;;;;;;;;;;;
707;0,674845348;0,210601722;0,124742246;1;0,401074363;0,165362873;1,005371816;1;0,353109102;0,257858902;-0,117227245;1;;;;;;;;;;;;;
708;0,973240014;0,234153823;0,62206669;1;0,195653013;0,196904086;-0,021734935;1;-0,05129544;0,338001349;-1,1282386;1;;;;;;;;;;;;;
709;0,581399633;0,211912046;-0,031000612;1;0,219184275;0,154965154;0,095921373;1;0,28397777;0,275489003;-0,290055574;1;;;;;;;;;;;;;
710;0,782010705;0,178776638;0,303351175;1;0,01383137;0,145879922;-0,930843152;1;0,173442503;0,238920369;-0,566393743;1;;;;;;;;;;;;;
711;0,531002808;0,215703859;-0,11499532;1;0,382345193;0,166383081;0,911725967;1;0,602726812;0,289056894;0,506817031;1;;;;;;;;;;;;;
712;0,464603376;0,192579666;-0,22566104;1;0,192336641;0,146083675;-0,038316795;1;0,20661142;0,239606837;-0,48347145;1;;;;;;;;;;;;;
713;0,728925584;0,214569845;0,214875974;1;0,023282206;0,168063174;-0,883588971;1;0,367595628;0,289702736;-0,08101093;1;;;;;;;;;;;;;
714;0,454934316;0,214012984;-0,24177614;1;0,00484837;0,159873663;-0,97575815;1;0,302597631;0,294749627;-0,243505923;1;;;;;;;;;;;;;
715;0,472917901;0,221211367;-0,211803498;1;0,250203652;0,172180076;0,251018261;1;0,714775715;0,296220622;0,786939289;1;;;;;;;;;;;;;
716;0,558908713;0,205908719;-0,068485478;1;0,321754038;0,17619536;0,608770189;1;0,804332157;0,281459053;1,010830393;1;;;;;;;;;;;;;
717;0,331745542;0,225291085;-0,447090764;1;0,295489292;0,183036975;0,477446459;1;0,86782475;0,317409029;1,169561874;1;;;;;;;;;;;;;
718;0,729445846;0,223117392;0,215743077;1;0,088032738;0,171931963;-0,559836308;1;0,342117927;0,294682073;-0,144705183;1;;;;;;;;;;;;;
719;0,932979188;0,213478267;0,554965314;1;0,406851956;0,185550778;1,034259778;1;-0,000134916;0,293505464;-1,000337291;1;;;;;;;;;;;;;
720;0,880579327;0,236722007;0,467632212;1;0,060928628;0,171224582;-0,695356861;1;0,065519237;0,316253753;-0,836201909;1;;;;;;;;;;;;;
721;0,687160807;0,201113184;0,145268012;1;0,289201824;0,150984347;0,446009119;1;-0,062941674;0,253472533;-1,157354186;1;;;;;;;;;;;;;
722;0,433663647;0,220824024;-0,277227255;1;0,02622339;0,16217126;-0,86888305;1;0,580366158;0,280491181;0,450915395;1;;;;;;;;;;;;;
723;0,285856569;0,216713819;-0,523572385;1;0,189672016;0,168597492;-0,051639919;1;0,673202263;0,292615255;0,683005657;1;;;;;;;;;;;;;
724;0,847032884;0,227123481;0,411721473;1;-0,206653714;0,177075011;-2,03326857;0;0,132206618;0,309710401;-0,669483455;1;;;;;;;;;;;;;
725;0,860639802;0,225956497;0,43439967;1;0,093539973;0,164623661;-0,532300136;1;0,042368803;0,280166966;-0,894077992;1;;;;;;;;;;;;;
726;0,425152505;0,205587084;-0,291412492;1;0,268767347;0,156881189;0,343836737;1;0,744358688;0,259957565;0,860896721;1;;;;;;;;;;;;;
727;0,527512167;0,211223495;-0,120813055;1;0,331844075;0,165823037;0,659220376;1;0,586414687;0,291497409;0,466036717;1;;;;;;;;;;;;;
728;0,304564509;0,21428963;-0,492392485;1;0,146249961;0,158123474;-0,268750193;1;0,665948815;0,290054899;0,664872038;1;;;;;;;;;;;;;
729;0,49067649;0,198158712;-0,18220585;1;0,503415934;0,154787522;1,517079671;0;0,366511294;0,282464204;-0,083721766;1;;;;;;;;;;;;;
730;0,882325076;0,239092944;0,470541794;1;0,253695757;0,173920675;0,268478785;1;-0,318690993;0,306022385;-1,796727482;0;;;;;;;;;;;;;
731;0,805653591;0,198637695;0,342755986;1;0,299873761;0,141318093;0,499368803;1;-0,181415767;0,248631124;-1,453539417;0;;;;;;;;;;;;;
732;0,380213861;0,239132909;-0,366310231;1;0,436303497;0,174265085;1,181517487;1;0,540099466;0,306806591;0,350248665;1;;;;;;;;;;;;;
733;0,660974715;0,260957183;0,101624525;1;0,533706795;0,199361875;1,668533976;1;0,4226009;0,325011749;0,056502251;1;;;;;;;;;;;;;
734;0,842196607;0,238709883;0,403661012;1;0,07798613;0,186580337;-0,610069352;1;0,455290867;0,300539683;0,138227168;1;;;;;;;;;;;;;
735;0,758464712;0,212720776;0,264107854;1;0,111409881;0,166845341;-0,442950597;1;0,264297248;0,302248131;-0,339256881;1;;;;;;;;;;;;;
736;0,567842155;0,209810276;-0,053596408;1;0,1700956;0,160877678;-0,149522001;1;0,57677131;0,279067372;0,441928276;1;;;;;;;;;;;;;
737;0,106269284;0,191758848;-0,822884526;0;0,271073432;0,140350759;0,355367162;1;0,681084417;0,242659055;0,702711043;1;;;;;;;;;;;;;
738;0,498061234;0,210580893;-0,169897943;1;0,265419266;0,154867251;0,327096331;1;0,420488927;0,27395151;0,051222319;1;;;;;;;;;;;;;
739;0,881920899;0,235626668;0,469868166;1;0,175688356;0,180695132;-0,121558219;1;-0,031151534;0,288819458;-1,077878835;1;;;;;;;;;;;;;
740;0,312461264;0,197139271;-0,479231227;1;-0,013534627;0,154154178;-1,067673134;1;0,78660233;0,247452252;0,966505825;1;;;;;;;;;;;;;
741;0,548976543;0,220504964;-0,085039094;1;0,073195236;0,169940424;-0,63402382;1;0,503410269;0,290895617;0,258525672;1;;;;;;;;;;;;;
742;0,691352034;0,222931715;0,15225339;1;0,063250923;0,171362531;-0,683745384;1;0,532412831;0,274737785;0,331032078;1;;;;;;;;;;;;;
743;0,853355558;0,239055946;0,422259263;1;-0,04021546;0,173852768;-1,201077298;1;0,144675541;0,314110268;-0,638311147;1;;;;;;;;;;;;;
744;0,308922863;0,205996997;-0,485128562;1;0,138551666;0,154630054;-0,307241669;1;0,829596669;0,27831663;1,073991671;1;;;;;;;;;;;;;
745;0,503346045;0,219939203;-0,161089925;1;0,010137253;0,164872173;-0,949313733;1;0,24344809;0,298831465;-0,391379775;1;;;;;;;;;;;;;
746;0,505143211;0,243459721;-0,158094648;1;0,312694161;0,18331335;0,563470804;1;0,862222637;0,324374913;1,155556592;1;;;;;;;;;;;;;
747;0,544368115;0,214887561;-0,092719809;1;0,285469767;0,159489957;0,427348837;1;0,417337106;0,265509286;0,043342765;1;;;;;;;;;;;;;
748;0,53951876;0,208603172;-0,100802067;1;0,389876204;0,164273569;0,949381019;1;0,141756457;0,256243035;-0,645608859;1;;;;;;;;;;;;;
749;0,65023493;0,207878553;0,083724883;1;0,321089441;0,156377316;0,605447204;1;0,227268036;0,269809326;-0,431829911;1;;;;;;;;;;;;;
750;0,430950051;0,219589481;-0,281749915;1;0,307563926;0,172469566;0,537819632;1;0,363557549;0,316432815;-0,091106127;1;;;;;;;;;;;;;
751;0,22276072;0,208566688;-0,628732133;1;0,560776762;0,164503631;1,803883809;0;0,720315169;0,293631006;0,800787923;1;;;;;;;;;;;;;
752;0,37947231;0,217865334;-0,36754615;1;0,629981626;0,168810869;2,14990813;0;0,392715394;0,290649638;-0,018211515;1;;;;;;;;;;;;;
753;0,314522;0,194705654;-0,475796667;1;-0,088269315;0,143983846;-1,441346574;0;1,139469968;0,264538907;1,84867492;0;;;;;;;;;;;;;
754;0,974790171;0,212164406;0,624650285;1;-0,090148059;0,167991745;-1,450740297;1;0,05902932;0,303283086;-0,852426699;1;;;;;;;;;;;;;
755;0,36839006;0,23636419;-0,386016567;1;0,175553232;0,184419686;-0,122233841;1;1,13520304;0,310876074;1,8380076;0;;;;;;;;;;;;;
756;0,317958092;0,20672612;-0,470069847;1;0,327380801;0,161163718;0,636904005;1;0,520846592;0,27730635;0,302116479;1;;;;;;;;;;;;;
757;0,177567376;0,19781744;-0,704054374;0;0,151634364;0,153533254;-0,241828181;1;0,703446039;0,278543724;0,758615098;1;;;;;;;;;;;;;
758;1,066137209;0,265894794;0,776895348;1;0,057789792;0,194854684;-0,711051038;1;0,050419309;0,355360131;-0,873951726;1;;;;;;;;;;;;;
759;0,355970877;0,191511805;-0,406715205;1;0,158954759;0,150412111;-0,205226203;1;0,692640787;0,262812051;0,731601967;1;;;;;;;;;;;;;
760;0,856829363;0,237177283;0,428048939;1;-0,137419199;0,173155783;-1,687095996;1;0,196065862;0,319643153;-0,509835345;1;;;;;;;;;;;;;
761;0,789917585;0,200467362;0,316529308;1;-0,021438917;0,152742107;-1,107194584;1;0,019966352;0,26796975;-0,950084119;1;;;;;;;;;;;;;
762;0,535099945;0,205831197;-0,108166758;1;0,309483495;0,159016259;0,547417477;1;0,524423561;0,269315111;0,311058903;1;;;;;;;;;;;;;
763;0,871354827;0,195196346;0,452258045;1;-0,07995824;0,138134367;-1,399791198;0;0,085827561;0,255507665;-0,785431099;1;;;;;;;;;;;;;
764;0,617492853;0,220585269;0,029154755;1;0,283086878;0,171197485;0,41543439;1;0,280876561;0,289902779;-0,297808599;1;;;;;;;;;;;;;
765;0,822950776;0,227538193;0,371584627;1;0,02731276;0,172972131;-0,863436199;1;0,762460328;0,319220067;0,906150821;1;;;;;;;;;;;;;
766;0,553529883;0,208368283;-0,077450196;1;0,204517669;0,16211429;0,022588345;1;0,675461348;0,263178258;0,68865337;1;;;;;;;;;;;;;
767;0,539667791;0,194397737;-0,100553682;1;0,148809355;0,147949998;-0,255953226;1;0,407483612;0,266513701;0,018709031;1;;;;;;;;;;;;;
768;0,281561892;0,195585661;-0,530730181;1;0,354641084;0,156883029;0,77320542;1;0,56986181;0,271296459;0,424654525;1;;;;;;;;;;;;;
769;0,930173711;0,230976765;0,550289519;1;0,132681336;0,178561875;-0,336593319;1;-0,02054592;0,304126348;-1,051364799;1;;;;;;;;;;;;;
770;0,728752962;0,199758285;0,21458827;1;0,23058065;0,15890265;0,152903248;1;0,076228706;0,253792716;-0,809428235;1;;;;;;;;;;;;;
771;0,54502756;0,220899478;-0,091620734;1;-0,079169408;0,170769406;-1,395847041;1;0,883670215;0,285589902;1,209175538;1;;;;;;;;;;;;;
772;0,380036016;0,222909398;-0,36660664;1;0,384003956;0,175019272;0,920019778;1;0,60095826;0,28542448;0,502395649;1;;;;;;;;;;;;;
773;0,247096774;0,194010397;-0,588172044;1;0,446911277;0,150302681;1,234556384;1;0,544293983;0,243596553;0,360734957;1;;;;;;;;;;;;;
774;0,625423454;0,240692538;0,042372424;1;0,192613797;0,177598686;-0,036931013;1;0,211779183;0,305197816;-0,470552042;1;;;;;;;;;;;;;
775;0,502950688;0,21408154;-0,161748854;1;0,122541846;0,151697213;-0,387290769;1;0,31377842;0,262333459;-0,215553951;1;;;;;;;;;;;;;
776;0,76198191;0,232350206;0,26996985;1;-0,17919621;0,173046859;-1,89598105;0;0,557932627;0,292838135;0,394831567;1;;;;;;;;;;;;;
777;0,664124201;0,242673062;0,106873669;1;0,22934709;0,177048467;0,146735449;1;0,37804895;0,317976365;-0,054877624;1;;;;;;;;;;;;;
778;0,694242688;0,250939281;0,157071147;1;0,473454063;0,192620312;1,367270313;1;0,490612622;0,327473626;0,226531554;1;;;;;;;;;;;;;
779;0,498301887;0,202685053;-0,169496855;1;0,080903444;0,166672806;-0,595482782;1;0,850595835;0,288714629;1,126489587;1;;;;;;;;;;;;;
780;0,485341844;0,185363088;-0,191096926;1;0,562217765;0,145063493;1,811088825;0;0,04861092;0,247764879;-0,8784727;1;;;;;;;;;;;;;
781;0,561754067;0,211488065;-0,063743222;1;0,09754959;0,158716275;-0,512252048;1;0,458567025;0,277435138;0,146417562;1;;;;;;;;;;;;;
782;0,59477844;0,205868949;-0,0087026;1;0,175219625;0,153676336;-0,123901875;1;-0,081639859;0,246575123;-1,204099648;1;;;;;;;;;;;;;
783;0,751070217;0,199008841;0,251783695;1;0,069798229;0,155712961;-0,651008855;1;0,183002681;0,275290031;-0,542493298;1;;;;;;;;;;;;;
784;0,426569893;0,203102502;-0,289050178;1;0,367654158;0,15508961;0,838270791;1;-0,072797618;0,249730906;-1,181994046;1;;;;;;;;;;;;;
785;0,469822385;0,184668316;-0,216962692;1;0,118406201;0,149548155;-0,407968993;1;0,512031487;0,254347677;0,280078718;1;;;;;;;;;;;;;
786;0,987969766;0,249644357;0,646616277;1;0,044704182;0,190451734;-0,776479088;1;0,433962065;0,316321022;0,084905162;1;;;;;;;;;;;;;
787;0,910127207;0,232701717;0,516878679;1;0,288645341;0,170165654;0,443226704;1;-0,060601633;0,302735617;-1,151504082;1;;;;;;;;;;;;;
788;0,480290801;0,240934475;-0,199515331;1;0,092574176;0,183351962;-0,537129119;1;0,462398909;0,335438137;0,155997273;1;;;;;;;;;;;;;
789;0,308184242;0,197100968;-0,486359597;1;0,15414396;0,153809569;-0,229280201;1;0,446740878;0,259613726;0,116852196;1;;;;;;;;;;;;;
790;0,453725715;0,236172142;-0,243790475;1;0,245986406;0,192295002;0,22993203;1;0,593871703;0,344143497;0,484679257;1;;;;;;;;;;;;;
791;0,598058548;0,215192821;-0,003235754;1;0,255356912;0,167883777;0,276784559;1;0,305322518;0,296956726;-0,236693704;1;;;;;;;;;;;;;
792;0,785942766;0,208045844;0,30990461;1;0,195601901;0,159809267;-0,021990496;1;0,117744179;0,272995943;-0,705639551;1;;;;;;;;;;;;;
793;0,59429854;0,222623575;-0,009502433;1;0,254764495;0,180393465;0,273822475;1;0,585478429;0,304584467;0,463696073;1;;;;;;;;;;;;;
794;0,477053268;0,225162566;-0,20491122;1;0,117629376;0,168192307;-0,411853121;1;0,651215032;0,284028299;0,628037579;1;;;;;;;;;;;;;
795;0,573512746;0,214131812;-0,044145424;1;0,098688542;0,169979803;-0,506557292;1;0,777485219;0,301527258;0,943713049;1;;;;;;;;;;;;;
796;0,710428489;0,227623437;0,184047482;1;0,361785381;0,176815686;0,808926906;1;0,352555344;0,302562057;-0,118611641;1;;;;;;;;;;;;;
797;0,492608929;0,218442959;-0,178985119;1;0,274173387;0,168408806;0,370866937;1;0,435577632;0,284263252;0,08894408;1;;;;;;;;;;;;;
798;0,389613363;0,209587226;-0,350644395;1;0,114283009;0,162335204;-0,428584955;1;0,51313236;0,282153426;0,282830901;1;;;;;;;;;;;;;
799;0,922778912;0,222875097;0,537964854;1;0,231448097;0,172857124;0,157240483;1;-0,159646132;0,300482459;-1,39911533;1;;;;;;;;;;;;;
800;0,538960088;0,214467939;-0,101733187;1;0,174506717;0,165208478;-0,127466413;1;0,405924043;0,299921477;0,014810109;1;;;;;;;;;;;;;
801;0,427281163;0,220972644;-0,287864728;1;0,232034644;0,1622287;0,160173221;1;0,505419651;0,285542352;0,263549127;1;;;;;;;;;;;;;
802;0,529715859;0,225462837;-0,117140236;1;0,126871097;0,176794029;-0,365644516;1;0,636199791;0,284994571;0,590499478;1;;;;;;;;;;;;;
803;0,519839041;0,239820631;-0,133601599;1;0,498268414;0,177579009;1,49134207;1;0,040007323;0,302662775;-0,899981691;1;;;;;;;;;;;;;
804;0,442097692;0,226775576;-0,263170514;1;0,330269936;0,163846929;0,651349681;1;0,606204608;0,295865293;0,515511521;1;;;;;;;;;;;;;
805;0,963689127;0,263079705;0,606148545;1;0,205844828;0,184069289;0,029224142;1;-0,03202235;0,328850195;-1,080055875;1;;;;;;;;;;;;;
806;0,545806999;0,237718374;-0,090321668;1;0,386607687;0,178674957;0,933038433;1;0,068831431;0,315922608;-0,827921423;1;;;;;;;;;;;;;
807;0,473750659;0,207838508;-0,210415569;1;0,159603912;0,162896428;-0,201980442;1;0,435244942;0,30151741;0,088112354;1;;;;;;;;;;;;;
808;0,830058666;0,271123734;0,38343111;1;-0,106902806;0,187651263;-1,534514032;1;0,458581574;0,370171011;0,146453934;1;;;;;;;;;;;;;
809;0,880822518;0,238710252;0,46803753;1;0,220434137;0,182639733;0,102170683;1;0,288597593;0,316592608;-0,278506017;1;;;;;;;;;;;;;
810;0,169356633;0,203775733;-0,717738945;0;0,447880187;0,159446719;1,239400935;1;0,836372316;0,26708741;1,090930791;1;;;;;;;;;;;;;
811;0,519376285;0,20733303;-0,134372859;1;0,059289402;0,161394553;-0,703552991;1;0,454860879;0,268456414;0,137152197;1;;;;;;;;;;;;;
812;0,660901199;0,247481463;0,101501998;1;0,081041551;0,188668235;-0,594792243;1;0,574684699;0,334570679;0,436711747;1;;;;;;;;;;;;;
813;0,404257204;0,20729881;-0,326237993;1;0,360774527;0,164240583;0,803872637;1;0,480741348;0,284543794;0,201853371;1;;;;;;;;;;;;;
814;0,092649663;0,194272846;-0,845583894;0;0,278757462;0,142366373;0,393787308;1;0,588303207;0,249594182;0,470758017;1;;;;;;;;;;;;;
815;0,551250218;0,228020723;-0,081249636;1;0,177072104;0,180654536;-0,11463948;1;0,484984498;0,315841002;0,212461245;1;;;;;;;;;;;;;
816;0,764467751;0,212465384;0,274112919;1;0,0629648;0,173795226;-0,685175999;1;0,052561654;0,294931938;-0,868595864;1;;;;;;;;;;;;;
817;0,658267537;0,226821548;0,097112562;1;0,064484487;0,181751244;-0,677577564;1;0,458255419;0,322393732;0,145638547;1;;;;;;;;;;;;;
818;0,546132422;0,175943867;-0,089779297;1;0,421997912;0,143696234;1,10998956;1;0,159026494;0,233821234;-0,602433766;1;;;;;;;;;;;;;
819;0,778964836;0,23935636;0,298274727;1;0,164077165;0,17671143;-0,179614177;1;0,402138181;0,305955881;0,005345453;1;;;;;;;;;;;;;
820;0,530630888;0,192830841;-0,115615187;1;0,201778698;0,154226233;0,008893492;1;0,491561847;0,252234506;0,228904618;1;;;;;;;;;;;;;
821;0,602153833;0,231434275;0,003589721;1;0,161274181;0,180040401;-0,193629093;1;0,564482163;0,31625314;0,411205408;1;;;;;;;;;;;;;
822;0,481228754;0,202776534;-0,197952076;1;0,177809993;0,16713974;-0,110950037;1;0,543013812;0,291578112;0,357534529;1;;;;;;;;;;;;;
823;0,571065167;0,212596918;-0,048224721;1;0,345754942;0,167587632;0,728774709;1;0,371284599;0,289704027;-0,071788503;1;;;;;;;;;;;;;
824;0,821320434;0,211578492;0,36886739;1;0,234045733;0,166459996;0,170228663;1;0,095159168;0,271044765;-0,762102079;1;;;;;;;;;;;;;
825;0,829599664;0,223890947;0,382666107;1;0,114942516;0,162325381;-0,425287419;1;-0,23580094;0,292526718;-1,589502349;0;;;;;;;;;;;;;
826;0,326160565;0,210924644;-0,456399058;1;0,21983433;0,166089315;0,09917165;1;0,618462065;0,271859711;0,546155164;1;;;;;;;;;;;;;
827;0,354916108;0,204825298;-0,408473154;1;0,216606952;0,158034704;0,083034761;1;0,660081211;0,280098153;0,650203028;1;;;;;;;;;;;;;
828;0,773618143;0,217450472;0,289363572;1;0,010779427;0,167817978;-0,946102867;1;0,327604228;0,299617642;-0,180989429;1;;;;;;;;;;;;;
829;0,517584307;0,205177895;-0,137359489;1;0,180013573;0,161146985;-0,099932133;1;0,505015196;0,288243427;0,26253799;1;;;;;;;;;;;;;
830;0,66665929;0,196163307;0,111098816;1;0,14046216;0,150222881;-0,297689201;1;0,329747229;0,264689536;-0,175631927;1;;;;;;;;;;;;;
831;0,482587285;0,185978092;-0,195687858;1;0,161034438;0,139414418;-0,194827812;1;0,14142289;0,254384683;-0,646442776;1;;;;;;;;;;;;;
832;0,896394269;0,237531179;0,493990448;1;-0,06296849;0,180923432;-1,314842452;1;0,478989938;0,323005096;0,197474845;1;;;;;;;;;;;;;
833;0,375599954;0,199141661;-0,374000077;1;0,164043614;0,151274605;-0,17978193;1;0,576485552;0,276481108;0,44121388;1;;;;;;;;;;;;;
834;0,131890836;0,215462075;-0,78018194;0;0,133264628;0,163346218;-0,333676859;1;1,115184035;0,27930426;1,787960088;0;;;;;;;;;;;;;
835;0,387147688;0,180063567;-0,354753853;1;0,192436891;0,142990697;-0,037815544;1;0,498551713;0,238947257;0,246379281;1;;;;;;;;;;;;;
836;0,449494134;0,21362222;-0,250843111;1;0,32360119;0,167172813;0,618005948;1;0,284872338;0,29884099;-0,287819156;1;;;;;;;;;;;;;
837;0,390945541;0,194095627;-0,348424098;1;0,373333598;0,148465672;0,866667988;1;0,258966015;0,253117327;-0,352584961;1;;;;;;;;;;;;;
838;0,865928932;0,19665906;0,443214887;1;0,108549773;0,156628948;-0,457251133;1;-0,079740139;0,275835839;-1,199350348;1;;;;;;;;;;;;;
839;0,525052815;0,21213897;-0,124911975;1;0,128827655;0,165745405;-0,355861723;1;0,482630878;0,290940987;0,206577194;1;;;;;;;;;;;;;
840;0,460976351;0,211054074;-0,231706082;1;0,222834665;0,154764612;0,114173326;1;0,356335429;0,287345833;-0,109161427;1;;;;;;;;;;;;;
841;0,837435961;0,243978448;0,395726601;1;-0,137450372;0,181201919;-1,68725186;1;0,503450482;0,313052397;0,258626206;1;;;;;;;;;;;;;
842;0,47721874;0,232426978;-0,204635433;1;0,474600981;0,183499628;1,373004907;1;0,820608885;0,314779468;1,051522213;1;;;;;;;;;;;;;
843;0,042556718;0,17923224;-0,929072136;0;0,313965663;0,145307818;0,569828314;1;0,657498363;0,246223741;0,643745907;1;;;;;;;;;;;;;
844;0,410103916;0,203897997;-0,316493473;1;0,335926829;0,15715822;0,679634146;1;0,553337812;0,262221723;0,383344531;1;;;;;;;;;;;;;
845;0,825348836;0,193672889;0,375581393;1;0,021326016;0,149711683;-0,893369918;1;-0,108331221;0,261732446;-1,270828052;1;;;;;;;;;;;;;
846;0,566351307;0,238554883;-0,056081155;1;0,421322962;0,179972684;1,106614811;1;0,239592838;0,332669121;-0,401017906;1;;;;;;;;;;;;;
847;0,63545133;0,22379876;0,059085551;1;0,157134292;0,174489835;-0,214328542;1;0,69422339;0,300380456;0,735558476;1;;;;;;;;;;;;;
848;0,606809864;0,212960354;0,011349774;1;0,100047753;0,162888497;-0,499761235;1;0,325849811;0,291134363;-0,185375474;1;;;;;;;;;;;;;
849;0,463965709;0,227553815;-0,226723818;1;0,201157459;0,181063987;0,005787297;1;0,715422254;0,315715066;0,788555636;1;;;;;;;;;;;;;
850;0,174192636;0,195711237;-0,70967894;0;0,211699913;0,157793007;0,058499566;1;1,236490118;0,276392769;2,091225294;0;;;;;;;;;;;;;
851;0,224566144;0,215472209;-0,625723094;1;0,439840871;0,171630199;1,199204353;1;0,538880755;0,282763282;0,347201887;1;;;;;;;;;;;;;
852;0,816524876;0,251531721;0,360874793;1;0,097582589;0,174280521;-0,512087057;1;-0,25023604;0,299686857;-1,6255901;0;;;;;;;;;;;;;
853;0,609281491;0,212438897;0,015469151;1;-0,129408751;0,159486755;-1,647043753;0;0,550963349;0,283133417;0,377408373;1;;;;;;;;;;;;;
854;0,744863413;0,230487995;0,241439022;1;0,233197978;0,185147177;0,165989891;1;0,260191527;0,29660679;-0,349521182;1;;;;;;;;;;;;;
855;0,476619302;0,242799153;-0,205634496;1;0,159223926;0,178077807;-0,203880369;1;0,67172083;0,323125507;0,679302075;1;;;;;;;;;;;;;
856;0,460454839;0,191118035;-0,232575269;1;0,245637029;0,159069052;0,228185144;1;0,338797932;0,250916149;-0,153005171;1;;;;;;;;;;;;;
857;0,730138613;0,215625821;0,216897689;1;0,128182165;0,163185883;-0,359089176;1;0,13818045;0,268587781;-0,654548875;1;;;;;;;;;;;;;
858;0,657004212;0,205109612;0,09500702;1;0,084387794;0,175594703;-0,57806103;1;0,546647763;0,284049823;0,366619407;1;;;;;;;;;;;;;
859;0,921052831;0,228820316;0,535088052;1;0,047258015;0,169928714;-0,763709927;1;0,032278701;0,30714417;-0,919303248;1;;;;;;;;;;;;;
860;0,544990495;0,20819491;-0,091682508;1;0,165285504;0,175590948;-0,173572482;1;0,634761653;0,276254203;0,586904133;1;;;;;;;;;;;;;
861;0,46128922;0,192120324;-0,231184633;1;0,191283698;0,152170815;-0,043581509;1;0,63850038;0,253593655;0,59625095;1;;;;;;;;;;;;;
862;0,931025214;0,23247156;0,551708689;1;-0,069846751;0,186435355;-1,349233753;1;-0,072906488;0,328052456;-1,182266221;1;;;;;;;;;;;;;
863;0,671959672;0,210416054;0,119932786;1;0,211926673;0,152459967;0,059633367;1;-0,038588636;0,279601489;-1,096471589;1;;;;;;;;;;;;;
864;0,722467025;0,205712747;0,204111708;1;0,411126746;0,173214545;1,055633731;1;0,071091289;0,270114644;-0,822271777;1;;;;;;;;;;;;;
865;0,58849474;0,233599285;-0,019175434;1;0,156757791;0,175568371;-0,216211045;1;0,808661615;0,310625642;1,021654039;1;;;;;;;;;;;;;
866;0,575878625;0,189484202;-0,040202292;1;0,05050374;0,150471774;-0,747481301;1;0,414440426;0,256509518;0,036101066;1;;;;;;;;;;;;;
867;0,426480754;0,22395428;-0,289198743;1;0,406173154;0,175391688;1,03086577;1;0,589034289;0,297006823;0,472585722;1;;;;;;;;;;;;;
868;0,585395895;0,206436291;-0,024340176;1;0,373682752;0,154888582;0,868413759;1;0,139942621;0,256871166;-0,650143446;1;;;;;;;;;;;;;
869;0,33791345;0,18845986;-0,436810917;1;0,460669461;0,145832778;1,303347304;1;0,480741245;0,246073599;0,201853114;1;;;;;;;;;;;;;
870;0,609311632;0,221578772;0,015519387;1;0,222628228;0,159372648;0,11314114;1;-0,179910044;0,286910121;-1,44977511;0;;;;;;;;;;;;;
871;0,145392083;0,187596232;-0,757679861;0;0,175420299;0,147346242;-0,122898505;1;1,034672804;0,243073469;1,58668201;0;;;;;;;;;;;;;
872;0,645731781;0,230131235;0,076219635;1;0,001916709;0,165546076;-0,990416454;1;0,414059802;0,30262238;0,035149504;1;;;;;;;;;;;;;
873;0,715752515;0,210335762;0,192920858;1;0,072861825;0,153206465;-0,635690874;1;0,241566756;0,278317236;-0,39608311;1;;;;;;;;;;;;;
874;0,680649984;0,217187444;0,13441664;1;-0,021481262;0,159593225;-1,107406311;1;0,272286245;0,273509314;-0,319284389;1;;;;;;;;;;;;;
875;0,709127968;0,205763784;0,181879946;1;0,058557013;0,160765229;-0,707214935;1;0,202139305;0,255869501;-0,494651737;1;;;;;;;;;;;;;
876;0,859793152;0,238766657;0,432988586;1;-0,106513772;0,197335267;-1,532568859;1;0,656960258;0,322314838;0,642400645;1;;;;;;;;;;;;;
877;0,779277862;0,190456538;0,298796437;1;0,177464906;0,144138378;-0,112675472;1;-0,290113931;0,241595721;-1,725284827;0;;;;;;;;;;;;;
878;0,81058811;0,198223182;0,350980183;1;-0,220474568;0,152087924;-2,102372839;0;0,162034763;0,270711468;-0,594913092;1;;;;;;;;;;;;;
879;-0,037172267;0,206261909;-1,061953778;0;0,363392456;0,160936013;0,816962282;1;0,735659169;0,290928394;0,839147923;1;;;;;;;;;;;;;
880;0,659827791;0,200618084;0,099712985;1;0,288402083;0,152399191;0,442010415;1;-0,295808136;0,259768516;-1,739520339;0;;;;;;;;;;;;;
881;0,649187125;0,195635739;0,081978542;1;-0,00257417;0,153643203;-1,012870849;1;0,228410621;0,256276153;-0,428973448;1;;;;;;;;;;;;;
882;0,640122707;0,213991575;0,066871178;1;0,446438526;0,159966752;1,232192631;1;0,136512971;0,293021122;-0,658717573;1;;;;;;;;;;;;;
883;1,270877636;0,268155348;1,118129393;0;0,221936842;0,204793397;0,109684212;1;-0,1726719;0,345302664;-1,43167975;1;;;;;;;;;;;;;
884;0,619889713;0,217386544;0,033149521;1;0,035547459;0,157291387;-0,822262705;1;0,069816503;0,276759606;-0,825458741;1;;;;;;;;;;;;;
885;0,13056616;0,201386171;-0,782389733;0;0,074615797;0,156562113;-0,626921017;1;0,973528374;0,260553855;1,433820934;0;;;;;;;;;;;;;
886;0,19092397;0,209539725;-0,681793384;1;0,201142541;0,158818644;0,005712704;1;1,064973131;0,281576293;1,662432826;0;;;;;;;;;;;;;
887;0,533223587;0,224848183;-0,111294021;1;0,111834979;0,158421517;-0,440825107;1;0,443960792;0,283426741;0,109901979;1;;;;;;;;;;;;;
888;0,60042761;0,198781411;0,000712683;1;0,218496583;0,151438448;0,092482913;1;0,394785705;0,258933265;-0,013035737;1;;;;;;;;;;;;;
889;0,561180079;0,219436412;-0,064699869;1;0,264722951;0,160927687;0,323614757;1;0,174260351;0,293484325;-0,564349122;1;;;;;;;;;;;;;
890;0,691851117;0,222590435;0,153085195;1;0,232655469;0,166236241;0,163277343;1;0,495293738;0,303354393;0,238234345;1;;;;;;;;;;;;;
891;0,621299953;0,19838036;0,035499921;1;0,019990297;0,15181699;-0,900048513;1;0,564336045;0,251658252;0,410840113;1;;;;;;;;;;;;;
892;0,693670273;0,206154646;0,156117122;1;0,087395448;0,162665393;-0,563022761;1;0,278001301;0,279296677;-0,304996747;1;;;;;;;;;;;;;
893;1,039130504;0,241231001;0,731884174;1;0,335922011;0,196041472;0,679610056;1;-0,198640841;0,304473149;-1,496602102;0;;;;;;;;;;;;;
894;0,407844056;0,223376715;-0,320259906;1;0,198973201;0,158237425;-0,005133994;1;0,702135305;0,297502713;0,755338262;1;;;;;;;;;;;;;
895;0,416237399;0,216954843;-0,306271002;1;0,296909609;0,166728396;0,484548047;1;0,474086721;0,298701864;0,185216804;1;;;;;;;;;;;;;
896;0,486300636;0,216176925;-0,189498939;1;0,340807327;0,16467058;0,704036633;1;0,386919551;0,281135008;-0,032701123;1;;;;;;;;;;;;;
897;0,808495293;0,226538807;0,347492155;1;0,536655806;0,180817915;1,683279032;1;0,223209513;0,311199022;-0,441976217;1;;;;;;;;;;;;;
898;0,507463601;0,204747268;-0,154227331;1;0,419220181;0,168224945;1,096100904;1;0,792418618;0,272586901;0,981046545;1;;;;;;;;;;;;;
899;0,600958055;0,243019493;0,001596758;1;0,225009297;0,175348968;0,125046485;1;0,266623436;0,306546751;-0,333441411;1;;;;;;;;;;;;;
900;0,602337867;0,190801934;0,003896445;1;0,239097485;0,147366688;0,195487425;1;-0,081024168;0,250150184;-1,202560419;1;;;;;;;;;;;;;
901;0,763493479;0,237736497;0,272489132;1;0,15354588;0,175917284;-0,232270601;1;0,374034081;0,303046054;-0,064914798;1;;;;;;;;;;;;;
902;0,709367535;0,209919094;0,182279225;1;0,010821171;0,158814854;-0,945894145;1;0,311054882;0,290781776;-0,222362795;1;;;;;;;;;;;;;
903;0,433990472;0,189607659;-0,276682547;1;0,105061079;0,149531144;-0,474694605;1;0,540145563;0,262186628;0,350363907;1;;;;;;;;;;;;;
904;0,888887102;0,225637554;0,481478504;1;-0,346495398;0,182676793;-2,732476989;0;0,558429819;0,277611604;0,396074548;1;;;;;;;;;;;;;
905;0,988850791;0,278443965;0,648084652;1;-0,016287011;0,18974079;-1,081435055;1;0,207813298;0,373148868;-0,480466754;1;;;;;;;;;;;;;
906;0,65770793;0,231544591;0,096179883;1;0,231968284;0,177627192;0,159841418;1;-0,001024868;0,313007584;-1,002562169;1;;;;;;;;;;;;;
907;0,3438297;0,265105026;-0,4269505;1;0,343726284;0,196555782;0,718631419;1;0,51939973;0,347922663;0,298499324;1;;;;;;;;;;;;;
908;0,794605698;0,245142124;0,32434283;1;0,379955887;0,178489034;0,899779433;1;-0,080104308;0,296593667;-1,20026077;1;;;;;;;;;;;;;
909;0,957457898;0,219753438;0,595763163;1;-0,221108054;0,158825168;-2,105540268;0;0,389297986;0,282703704;-0,026755035;1;;;;;;;;;;;;;
910;0,402699541;0,210316714;-0,328834099;1;0,329996554;0,163529764;0,649982771;1;0,327191569;0,281998061;-0,182021077;1;;;;;;;;;;;;;
911;0,901645243;0,234352904;0,502742071;1;-0,087794008;0,184644892;-1,438970042;1;0,435656359;0,312496708;0,089140897;1;;;;;;;;;;;;;
912;0,467565139;0,248304333;-0,220724768;1;0,272442566;0,194140404;0,362212831;1;0,875901443;0,348223312;1,189753608;1;;;;;;;;;;;;;
913;0,533661374;0,202458244;-0,110564377;1;0,130969141;0,154096321;-0,345154297;1;0,272864927;0,265845352;-0,317837683;1;;;;;;;;;;;;;
914;0,510918755;0,225489314;-0,148468742;1;0,241757989;0,174028222;0,208789943;1;0,770619639;0,294345052;0,926549098;1;;;;;;;;;;;;;
915;0,389502844;0,223732363;-0,350828594;1;0,394703745;0,16871593;0,973518723;1;0,421944422;0,313835487;0,054861054;1;;;;;;;;;;;;;
916;0,997825117;0,262443681;0,663041862;1;0,121181554;0,199260122;-0,394092228;1;0,377430843;0,350591544;-0,056422893;1;;;;;;;;;;;;;
917;0,702499948;0,183887467;0,170833247;1;0,314668006;0,152684536;0,573340028;1;-0,001342632;0,245090474;-1,00335658;1;;;;;;;;;;;;;
918;0,882731638;0,201539122;0,471219397;1;0,198192979;0,148142954;-0,009035105;1;-0,39054001;0,26407454;-1,976350025;0;;;;;;;;;;;;;
919;0,750059872;0,201466259;0,250099786;1;0,26937916;0,174349662;0,346895799;1;0,183774224;0,293190699;-0,540564439;1;;;;;;;;;;;;;
920;1,024635947;0,263741349;0,707726578;1;0,132071707;0,195058873;-0,339641465;1;0,321428091;0,332320126;-0,196429772;1;;;;;;;;;;;;;
921;0,214372984;0,182392278;-0,642711693;0;0,302185848;0,131691102;0,510929242;1;0,231583291;0,218114861;-0,421041772;1;;;;;;;;;;;;;
922;0,451660678;0,204626388;-0,247232204;1;0,702594147;0,158625318;2,512970734;0;0,098230652;0,249724241;-0,754423369;1;;;;;;;;;;;;;
923;1,149029416;0,248218777;0,915049027;0;0,189766892;0,201333221;-0,051165538;1;0,266452599;0,324675823;-0,333868504;1;;;;;;;;;;;;;
924;0,755475422;0,200780188;0,259125703;1;0,074549797;0,152586263;-0,627251017;1;-0,254743226;0,259590433;-1,636858064;0;;;;;;;;;;;;;
925;0,292834617;0,192838309;-0,511942306;1;0,188726759;0,149086773;-0,056366207;1;0,617023955;0,256080413;0,542559886;1;;;;;;;;;;;;;
926;0,583979414;0,225094666;-0,026700976;1;0,317027968;0,177556519;0,585139839;1;0,879517829;0,296439772;1,198794573;1;;;;;;;;;;;;;
927;0,699921499;0,264961375;0,166535832;1;0,210578006;0,198524948;0,05289003;1;0,830668754;0,371271128;1,076671886;1;;;;;;;;;;;;;
928;0,223619962;0,222988734;-0,627300063;1;0,370808762;0,17678147;0,854043809;1;1,121946544;0,313715915;1,80486636;0;;;;;;;;;;;;;
929;0,515433713;0,20567207;-0,140943811;1;0,307560646;0,164482584;0,537803232;1;0,464595313;0,279020565;0,161488283;1;;;;;;;;;;;;;
930;1,189325405;0,233234269;0,982209009;0;-0,042610436;0,176513993;-1,213052178;1;-0,139558314;0,323308542;-1,348895786;1;;;;;;;;;;;;;
931;0,652070577;0,216458593;0,086784295;1;0,117640955;0,159809884;-0,411795225;1;0,159378456;0,268460181;-0,601553861;1;;;;;;;;;;;;;
932;0,1197055;0,254133418;-0,800490834;1;0,648377396;0,186567028;2,241886978;0;0,908800214;0,350262722;1,272000536;1;;;;;;;;;;;;;
933;0,651302866;0,215230093;0,085504776;1;0,301805633;0,165201926;0,509028166;1;0,386312634;0,272890177;-0,034218415;1;;;;;;;;;;;;;
934;0,646432712;0,231423221;0,077387853;1;0,447228852;0,18025668;1,236144258;1;0,235061838;0,304464708;-0,412345406;1;;;;;;;;;;;;;
935;0,669658675;0,252733926;0,116097792;1;0,158168497;0,187624826;-0,209157516;1;0,558355339;0,322940982;0,395888349;1;;;;;;;;;;;;;
936;0,76868088;0,19242155;0,2811348;1;0,293610715;0,147169004;0,468053575;1;-0,407293443;0,246528059;-2,018233607;0;;;;;;;;;;;;;
937;0,458553091;0,229808114;-0,235744848;1;0,459208176;0,174764263;1,296040878;1;0,538840686;0,289235467;0,347101716;1;;;;;;;;;;;;;
938;0,801713293;0,249718919;0,336188822;1;0,338876982;0,185566905;0,694384909;1;0,266291744;0,317998862;-0,33427064;1;;;;;;;;;;;;;
939;0,516076596;0,227672404;-0,13987234;1;0,259833487;0,167866555;0,299167433;1;0,573674173;0,283623993;0,434185432;1;;;;;;;;;;;;;
940;0,604419044;0,227635955;0,007365074;1;0,142367035;0,162602461;-0,288164826;1;0,430144335;0,317892477;0,075360837;1;;;;;;;;;;;;;
941;0,764071876;0,199352242;0,273453127;1;0,032399329;0,154183577;-0,838003354;1;-0,086357618;0,258666084;-1,215894045;1;;;;;;;;;;;;;
942;0,566644305;0,222287866;-0,055592825;1;0,425408622;0,166434679;1,127043108;1;0,337507271;0,291520887;-0,156231821;1;;;;;;;;;;;;;
943;0,711227993;0,235136126;0,185379988;1;0,364740423;0,179509405;0,823702115;1;0,162385819;0,311875224;-0,594035454;1;;;;;;;;;;;;;
944;0,686924574;0,22741004;0,144874291;1;0,442830656;0,170290728;1,214153279;1;-0,195280855;0,310705458;-1,488202138;1;;;;;;;;;;;;;
945;0,658200605;0,217049557;0,097001008;1;0,212716501;0,157825962;0,063582504;1;-0,100966041;0,272905362;-1,252415101;1;;;;;;;;;;;;;
946;0,476573996;0,213732012;-0,205710006;1;-0,086022062;0,165922031;-1,43011031;1;0,612501631;0,292915936;0,531254077;1;;;;;;;;;;;;;
947;0,620180794;0,224819756;0,033634657;1;0,328569983;0,178859701;0,642849916;1;0,400538043;0,2819279;0,001345108;1;;;;;;;;;;;;;
948;0,500419901;0,22958089;-0,165966832;1;0,45803242;0,179072785;1,2901621;1;0,447599651;0,29399837;0,118999127;1;;;;;;;;;;;;;
949;0,83351537;0,26122957;0,389192283;1;0,262749958;0,187961823;0,313749791;1;0,410122095;0,339363182;0,025305238;1;;;;;;;;;;;;;
950;0,902059192;0,22660256;0,503431987;1;0,000530612;0,164738562;-0,997346941;1;-0,216024062;0,270541638;-1,540060155;0;;;;;;;;;;;;;
951;0,555362813;0,219743442;-0,074395312;1;-0,041228095;0,172594903;-1,206140474;1;0,451111357;0,295071596;0,127778392;1;;;;;;;;;;;;;
952;0,913980202;0,232015856;0,523300337;1;0,016116053;0,166450547;-0,919419737;1;-0,184480731;0,304219685;-1,461201828;1;;;;;;;;;;;;;
953;0,490330862;0,181553795;-0,182781897;1;0,283566278;0,144692907;0,41783139;1;0,079416811;0,25051863;-0,801457972;1;;;;;;;;;;;;;
954;0,382485482;0,193857606;-0,362524197;1;0,258590065;0,151219305;0,292950326;1;0,320174608;0,271777333;-0,199563479;1;;;;;;;;;;;;;
955;0,498145067;0,202192842;-0,169758222;1;0,208250321;0,164858083;0,041251603;1;0,863254279;0,285835771;1,158135697;1;;;;;;;;;;;;;
956;0,590057372;0,195665928;-0,016571047;1;-0,048301856;0,148602253;-1,241509279;1;0,238643778;0,256085898;-0,403390556;1;;;;;;;;;;;;;
957;0,205965458;0,18528708;-0,656724237;0;0,268124133;0,139728979;0,340620667;1;0,652018972;0,248522902;0,630047429;1;;;;;;;;;;;;;
958;0,475088015;0,198633254;-0,208186642;1;0,412407609;0,158878976;1,062038046;1;0,010045482;0,249613808;-0,974886295;1;;;;;;;;;;;;;
959;0,80439227;0,201298323;0,340653784;1;0,331228719;0,159732955;0,656143593;1;0,096131562;0,27117346;-0,759671096;1;;;;;;;;;;;;;
960;0,354210342;0,232758452;-0,40964943;1;0,113745871;0,160780201;-0,431270645;1;0,698181787;0,305468924;0,745454468;1;;;;;;;;;;;;;
961;0,33910079;0,18372496;-0,434832016;1;0,132306686;0,131370081;-0,338466568;1;0,666905617;0,237564607;0,667264043;1;;;;;;;;;;;;;
962;0,413051012;0,219711362;-0,311581646;1;0,451684237;0,184743316;1,258421183;1;0,507850284;0,28603192;0,269625711;1;;;;;;;;;;;;;
963;0,412433318;0,219734705;-0,312611136;1;-0,191441288;0,159538931;-1,957206439;0;0,399181925;0,266660902;-0,002045187;1;;;;;;;;;;;;;
964;0,660544992;0,221007345;0,10090832;1;-0,144329644;0,175046719;-1,721648219;0;0,601147578;0,31552272;0,502868946;1;;;;;;;;;;;;;
965;0,858245533;0,221686636;0,430409222;1;-0,099877637;0,178406166;-1,499388187;1;0,585447859;0,284992205;0,463619647;1;;;;;;;;;;;;;
966;0,510565978;0,185476184;-0,149056703;1;0,422431332;0,150942344;1,112156659;1;0,108765887;0,245522955;-0,728085284;1;;;;;;;;;;;;;
967;0,414319003;0,187849524;-0,309468329;1;0,275624162;0,150061909;0,378120808;1;0,760467831;0,246512019;0,901169577;1;;;;;;;;;;;;;
968;0,539462359;0,22340487;-0,100896069;1;0,47299833;0,16824096;1,364991652;1;0,347736622;0,300378991;-0,130658444;1;;;;;;;;;;;;;
969;0,484932129;0,219473762;-0,191779785;1;0,050028763;0,162510757;-0,749856183;1;0,438356105;0,306606184;0,095890263;1;;;;;;;;;;;;;
970;0,756619785;0,224350977;0,261032974;1;0,292589734;0,182403143;0,462948672;1;0,246986807;0,319358642;-0,382532984;1;;;;;;;;;;;;;
971;0,62613467;0,242511351;0,043557783;1;0,351980901;0,186740058;0,759904503;1;0,429592911;0,319816572;0,073982278;1;;;;;;;;;;;;;
972;0,511104939;0,262786118;-0,148158434;1;0,424885989;0,200785582;1,124429945;1;0,45738104;0,354719244;0,1434526;1;;;;;;;;;;;;;
973;0,314743371;0,236124641;-0,475427715;1;0,421350213;0,166753388;1,106751067;1;0,845972466;0,321187968;1,114931165;1;;;;;;;;;;;;;
974;0,81869722;0,221483938;0,364495367;1;0,314905374;0,169718081;0,574526872;1;0,1403496;0,271007685;-0,649126;1;;;;;;;;;;;;;
975;0,805832363;0,230122834;0,343053938;1;0,132146318;0,182540143;-0,339268408;1;0,384584452;0,297150985;-0,03853887;1;;;;;;;;;;;;;
976;0,565206991;0,200138274;-0,057988349;1;0,009532153;0,15711452;-0,952339237;1;0,200598901;0,272711791;-0,498502749;1;;;;;;;;;;;;;
977;0,783011793;0,217293377;0,305019655;1;0,314882646;0,165041686;0,574413232;1;-0,169893438;0,272319026;-1,424733595;0;;;;;;;;;;;;;
978;0,833756842;0,243458517;0,389594736;1;0,141057789;0,18334136;-0,294711053;1;0,151352487;0,31432724;-0,621618782;1;;;;;;;;;;;;;
979;0,83539176;0,229170066;0,392319599;1;0,200243855;0,179224666;0,001219277;1;0,314393769;0,315664055;-0,214015576;1;;;;;;;;;;;;;
980;0,336395627;0,213116381;-0,439340622;1;0,234167658;0,154656028;0,17083829;1;0,562186857;0,27813534;0,405467143;1;;;;;;;;;;;;;
981;0,358428881;0,194410296;-0,402618531;1;0,085504558;0,153605847;-0,572477211;1;0,514622023;0,263046188;0,286555057;1;;;;;;;;;;;;;
982;0,351064109;0,207479558;-0,414893151;1;0,006789489;0,153972466;-0,966052557;1;0,4735886;0,266985599;0,1839715;1;;;;;;;;;;;;;
983;0,595815982;0,215098627;-0,006973364;1;0,28583097;0,172471654;0,429154852;1;0,514217241;0,286880867;0,285543103;1;;;;;;;;;;;;;
984;0,82702064;0,202698037;0,378367734;1;0,121945148;0,165348003;-0,390274262;1;0,092772526;0,270201781;-0,768068684;1;;;;;;;;;;;;;
985;0,664343147;0,208721629;0,107238578;1;0,380663092;0,166638279;0,903315459;1;0,298691427;0,273532921;-0,253271433;1;;;;;;;;;;;;;
986;0,50495524;0,227610877;-0,158407933;1;0,165428978;0,176104589;-0,172855112;1;0,661946069;0,317349235;0,654865172;1;;;;;;;;;;;;;
987;0,125485263;0,245253874;-0,790857895;1;0,515680954;0,190048315;1,578404769;1;1,11701107;0,318134601;1,792527676;0;;;;;;;;;;;;;
988;0,863969091;0,224767514;0,439948485;1;0,087795403;0,165702871;-0,561022984;1;0,449399625;0,283200156;0,123499063;1;;;;;;;;;;;;;
989;0,522761667;0,222042139;-0,128730555;1;0,121474879;0,169673512;-0,392625606;1;0,753654822;0,332664455;0,884137055;1;;;;;;;;;;;;;
990;0,227767495;0,186040314;-0,620387508;0;0,298540062;0,139359408;0,49270031;1;0,409167882;0,255290461;0,022919705;1;;;;;;;;;;;;;
991;0,610662716;0,208769414;0,017771194;1;0,372248043;0,162732856;0,861240216;1;0,239119557;0,276279216;-0,402201109;1;;;;;;;;;;;;;
992;0,453307829;0,198800874;-0,244486952;1;0,283052261;0,159670081;0,415261304;1;0,418084417;0,2743138;0,045211043;1;;;;;;;;;;;;;
993;0,589074931;0,203022434;-0,018208449;1;0,292083514;0,156789909;0,460417572;1;0,268159268;0,278439902;-0,329601831;1;;;;;;;;;;;;;
994;0,561312216;0,209089682;-0,06447964;1;0,410076853;0,172050609;1,050384263;1;0,533631685;0,287059309;0,334079211;1;;;;;;;;;;;;;
995;0,606251249;0,222054124;0,010418749;1;0,129190377;0,165781156;-0,354048114;1;0,506567768;0,313193333;0,266419419;1;;;;;;;;;;;;;
996;0,507098291;0,222021541;-0,154836182;1;0,28151963;0,179264864;0,407598148;1;0,767288689;0,297765962;0,918221723;1;;;;;;;;;;;;;
997;0,747558576;0,230780776;0,245930961;1;-0,123964464;0,177629522;-1,619822321;1;0,335953958;0,301935736;-0,160115106;1;;;;;;;;;;;;;
998;0,485352582;0,223718191;-0,19107903;1;0,270047816;0,172430462;0,350239078;1;0,698595813;0,294508007;0,746489532;1;;;;;;;;;;;;;
999;0,274765891;0,231560649;-0,542056849;1;0,374993855;0,1767497;0,874969277;1;0,712358042;0,323922522;0,780895106;1;;;;;;;;;;;;;
1000;0,400950733;0,197013238;-0,331748779;1;0,575589737;0,161878733;1,877948684;0;0,337269722;0,262385147;-0,156825694;1;;;;;;;;;;;;;
