;mean;se;bias;cp;mean;se;bias;cp;mean;se;bias;cp;;mean;sd;bias;cp;mean;sd;bias;cp;mean;sd;bias;cp
1;0,7766845;0,45146811;0,294474167;1;-0,246759572;0,327410438;-2,23379786;1;0,008625213;0,573399809;-0,978436967;1;;0,501395822;0,409974727;-0,164340297;0,902;0,19571629;0,313182084;-0,021418548;0,938;0,393951938;0,527442166;-0,015120155;0,934
2;0,167781169;0,35054813;-0,720364719;1;0,054138419;0,247260952;-0,729307904;1;0,490249177;0,47475832;0,225622943;1;;;;;;;;;;;;;
3;0,046599969;0,33549204;-0,922333386;1;0,577301649;0,261962801;1,886508247;1;0,437407716;0,470157219;0,09351929;1;;;;;;;;;;;;;
4;0,478082138;0,37075327;-0,203196437;1;0,380033448;0,249009434;0,900167241;1;-0,0135514;0,477308102;-1,0338785;1;;;;;;;;;;;;;
5;0,333745526;0,273545455;-0,443757456;1;0,477080855;0,225949962;1,385404277;1;0,453090397;0,380208937;0,132725993;1;;;;;;;;;;;;;
6;1,114942411;0,486585565;0,858237352;1;-0,117471802;0,423745976;-1,587359011;1;0,83388578;0,763150835;1,08471445;1;;;;;;;;;;;;;
7;-0,07422243;0,313184018;-1,123704051;0;0,453793216;0,225696815;1,268966078;1;0,7184449;0,42074542;0,796112251;1;;;;;;;;;;;;;
8;1,124547742;0,386803876;0,874246236;1;-0,200705661;0,29800551;-2,003528306;1;-0,356853891;0,442254469;-1,892134726;1;;;;;;;;;;;;;
9;0,244782186;0,347278765;-0,59202969;1;0,176271835;0,312621441;-0,118640826;1;1,119975155;0,528056506;1,799937889;1;;;;;;;;;;;;;
10;0,288401863;0,346939717;-0,519330229;1;0,686099314;0,274581026;2,430496569;1;-0,009867785;0,408812742;-1,024669461;1;;;;;;;;;;;;;
11;0,968353457;0,420423189;0,613922429;1;0,005559528;0,300528013;-0,972202358;1;-0,230044886;0,535378737;-1,575112214;1;;;;;;;;;;;;;
12;0,874520662;0,366205217;0,457534437;1;0,192290812;0,283001914;-0,038545942;1;-0,008893276;0,455052961;-1,022233191;1;;;;;;;;;;;;;
13;0,702869867;0,38590872;0,171449778;1;0,152859716;0,296129921;-0,235701422;1;-0,048145107;0,52681164;-1,120362767;1;;;;;;;;;;;;;
14;0,72234148;0,312144113;0,203902467;1;0,356835844;0,242734638;0,784179219;1;0,105666431;0,402552246;-0,735833922;1;;;;;;;;;;;;;
15;0,842046983;0,376990658;0,403411639;1;-0,173433566;0,269637132;-1,867167829;1;-0,017194372;0,433508693;-1,042985929;1;;;;;;;;;;;;;
16;0,887474864;0,461897675;0,479124774;1;-0,081407911;0,326267016;-1,407039555;1;0,313279666;0,631770657;-0,216800835;1;;;;;;;;;;;;;
17;0,242541715;0,361241996;-0,595763809;1;0,746672928;0,300748944;2,733364638;1;0,539458155;0,468468352;0,348645387;1;;;;;;;;;;;;;
18;-0,105429706;0,328213194;-1,175716176;0;0,19266284;0,232821633;-0,036685801;1;1,029898577;0,367263936;1,574746444;1;;;;;;;;;;;;;
19;0,436985415;0,414236519;-0,271690975;1;-0,111511268;0,318665604;-1,557556339;1;0,2893553;0,595780561;-0,27661175;1;;;;;;;;;;;;;
20;0,168765445;0,356782124;-0,718724258;1;0,762216679;0,300189645;2,811083393;1;0,428114844;0,48860414;0,070287111;1;;;;;;;;;;;;;
21;1,519194308;0,554314145;1,531990514;1;-0,330048861;0,409596913;-2,650244305;1;0,278368495;0,702716133;-0,304078763;1;;;;;;;;;;;;;
22;0,746574208;0,407319622;0,244290347;1;0,245557833;0,319428507;0,227789163;1;-0,308638647;0,547163994;-1,771596618;1;;;;;;;;;;;;;
23;0,187301821;0,372685251;-0,687830298;1;-0,218183123;0,296786538;-2,090915615;1;1,538416977;0,474839198;2,846042442;0;;;;;;;;;;;;;
24;0,595576747;0,404757738;-0,007372089;1;0,660716249;0,298652172;2,303581246;1;0,167313076;0,485282251;-0,581717309;1;;;;;;;;;;;;;
25;0,137533215;0,341416995;-0,770777975;1;0,45596767;0,246435283;1,27983835;1;0,233779898;0,449489248;-0,415550254;1;;;;;;;;;;;;;
26;0,184722632;0,325004307;-0,692128947;1;-0,659698935;0,269825035;-4,298494674;0;0,65569013;0,37909723;0,639225324;1;;;;;;;;;;;;;
27;-0,264139769;0,376748152;-1,440232948;0;1,090207823;0,326765284;4,451039117;0;0,876828442;0,514146507;1,192071104;1;;;;;;;;;;;;;
28;0,165779433;0,34637543;-0,723700945;1;0,680674578;0,2749107;2,403372891;1;0,129583976;0,44436085;-0,67604006;1;;;;;;;;;;;;;
29;0,154210511;0,325425971;-0,742982482;1;-0,055170434;0,247624765;-1,275852168;1;0,97804382;0,469414606;1,445109549;1;;;;;;;;;;;;;
30;0,540304774;0,404233574;-0,099492043;1;0,226203741;0,295368155;0,131018707;1;0,795599802;0,508736319;0,988999506;1;;;;;;;;;;;;;
31;0,078285696;0,323034441;-0,869523841;1;0,025434447;0,220577305;-0,872827767;1;-0,087943199;0,426995531;-1,219857998;1;;;;;;;;;;;;;
32;1,023654981;0,394492988;0,706091636;1;0,012952001;0,2991659;-0,935239997;1;-0,279125379;0,48282003;-1,697813446;1;;;;;;;;;;;;;
33;0,302345534;0,339875772;-0,496090777;1;-0,400185408;0,244238953;-3,000927042;0;1,274973663;0,4159078;2,187434157;0;;;;;;;;;;;;;
34;-0,041302861;0,376522161;-1,068838102;1;0,26055811;0,287132043;0,302790551;1;1,279535203;0,455668866;2,198838007;1;;;;;;;;;;;;;
35;1,06581303;0,351716703;0,77635505;1;-0,452250709;0,265030463;-3,261253545;0;-0,551978606;0,456267408;-2,379946514;0;;;;;;;;;;;;;
36;0,157755515;0,305685282;-0,737074142;1;0,530368066;0,238344869;1,651840332;1;0,173964032;0,390725102;-0,565089921;1;;;;;;;;;;;;;
37;0,071260885;0,383260281;-0,881231859;1;0,407755407;0,285864234;1,038777037;1;0,332495202;0,435533522;-0,168761994;1;;;;;;;;;;;;;
38;0,621431601;0,39185302;0,035719335;1;0,651186163;0,287369759;2,255930814;1;0,099061507;0,50345744;-0,752346231;1;;;;;;;;;;;;;
39;0,67088959;0,407241437;0,118149317;1;0,250885879;0,287524532;0,254429393;1;0,770839064;0,595826939;0,927097659;1;;;;;;;;;;;;;
40;0,787866946;0,399804908;0,313111577;1;-0,563276388;0,287451183;-3,81638194;0;0,523228659;0,537074126;0,308071646;1;;;;;;;;;;;;;
41;1,023705222;0,319140376;0,70617537;1;0,056095663;0,271589999;-0,719521686;1;-0,194513897;0,436582352;-1,486284743;1;;;;;;;;;;;;;
42;1,31180687;0,49240118;1,186344784;1;-0,159804332;0,364025146;-1,79902166;1;-0,203500195;0,739732935;-1,508750487;1;;;;;;;;;;;;;
43;0,022456734;0,322977754;-0,96257211;1;0,324522402;0,254410262;0,622612011;1;0,392644077;0,426875701;-0,018389809;1;;;;;;;;;;;;;
44;0,400962684;0,425652688;-0,331728859;1;0,354650299;0,320350078;0,773251495;1;0,11069735;0,585408189;-0,723256626;1;;;;;;;;;;;;;
45;0,298409837;0,279022267;-0,502650271;1;0,048942146;0,202487572;-0,755289269;1;0,857540357;0,372985224;1,143850893;1;;;;;;;;;;;;;
46;-0,00524452;0,279226908;-1,008740867;0;0,10369943;0,246484361;-0,481502848;1;0,67727251;0,392442298;0,693181276;1;;;;;;;;;;;;;
47;0,177809003;0,393109115;-0,703651661;1;0,791083337;0,312801938;2,955416683;1;0,717518872;0,53417715;0,793797181;1;;;;;;;;;;;;;
48;0,782837187;0,339083991;0,304728645;1;0,206449844;0,256272324;0,032249219;1;0,272497559;0,449071089;-0,318756103;1;;;;;;;;;;;;;
49;0,31032861;0,360986879;-0,48278565;1;0,45166595;0,296969959;1,25832975;1;0,333315741;0,46554375;-0,166710648;1;;;;;;;;;;;;;
50;0,052253374;0,393342094;-0,912911043;1;0,811723535;0,335036207;3,058617673;1;0,501073839;0,478907439;0,252684597;1;;;;;;;;;;;;;
51;1,230121264;0,439163902;1,050202107;1;0,336699172;0,380564704;0,683495862;1;-0,330446012;0,59305248;-1,826115029;1;;;;;;;;;;;;;
52;0,42881378;0,378427586;-0,285310366;1;0,369090495;0,304473064;0,845452476;1;0,884995998;0,498730407;1,212489995;1;;;;;;;;;;;;;
53;1,187016473;0,449529125;0,978360788;1;0,046067643;0,35717669;-0,769661783;1;-0,038932331;0,657634229;-1,097330826;1;;;;;;;;;;;;;
54;1,189032694;0,383913617;0,981721156;1;-0,451162516;0,28442723;-3,25581258;0;-0,07621865;0,501129833;-1,190546626;1;;;;;;;;;;;;;
55;-0,000512529;0,484087168;-1,000854215;1;0,886901855;0,323383135;3,434509274;0;0,855481469;0,642247562;1,138703674;1;;;;;;;;;;;;;
56;1,230897449;0,474366873;1,051495748;1;0,468134525;0,334142569;1,340672627;1;-0,87021742;0,547953297;-3,17554355;0;;;;;;;;;;;;;
57;0,405206858;0,378248549;-0,324655237;1;0,485934183;0,259440724;1,429670917;1;0,037192572;0,481722117;-0,90701857;1;;;;;;;;;;;;;
58;0,552931084;0,442766191;-0,078448193;1;0,076574626;0,345966111;-0,617126869;1;0,476592924;0,623244098;0,19148231;1;;;;;;;;;;;;;
59;0,355023649;0,310038964;-0,408293919;1;0,021732474;0,257325429;-0,89133763;1;0,735020584;0,438387159;0,83755146;1;;;;;;;;;;;;;
60;0,274044654;0,34249602;-0,54325891;1;0,178274182;0,246524103;-0,108629092;1;0,268550893;0,434344186;-0,328622767;1;;;;;;;;;;;;;
61;1,325310409;0,403433353;1,208850681;1;-0,887136623;0,324016839;-5,435683113;0;0,049122344;0,461775498;-0,877194139;1;;;;;;;;;;;;;
62;0,313863366;0,316543635;-0,47689439;1;0,577147781;0,263732839;1,885738907;1;0,279899609;0,424832144;-0,300250977;1;;;;;;;;;;;;;
63;0,918041717;0,387467946;0,530069528;1;0,233155848;0,314469499;0,165779238;1;-0,060412364;0,532540944;-1,15103091;1;;;;;;;;;;;;;
64;0,669531871;0,396768519;0,115886452;1;0,191023089;0,29581129;-0,044884555;1;0,207586651;0,511953569;-0,481033371;1;;;;;;;;;;;;;
65;0,502337726;0,366648184;-0,162770457;1;0,110951106;0,2834288;-0,44524447;1;0,594119639;0,501622988;0,485299098;1;;;;;;;;;;;;;
66;0,839859269;0,339033323;0,399765448;1;0,44151652;0,294116128;1,207582602;1;-0,410252836;0,467072937;-2,025632091;1;;;;;;;;;;;;;
67;0,560137197;0,375697792;-0,066438005;1;0,530858981;0,268551945;1,654294904;1;0,310413228;0,48487253;-0,223966929;1;;;;;;;;;;;;;
68;-0,025760035;0,283395431;-1,042933392;0;0,486880901;0,219544531;1,434404503;1;0,339966753;0,366972147;-0,150083117;1;;;;;;;;;;;;;
69;0,977411088;0,457980976;0,62901848;1;0,500654564;0,320771843;1,503272819;1;-0,119830399;0,527896863;-1,299575997;1;;;;;;;;;;;;;
70;0,45406098;0,36877503;-0,2432317;1;-0,164813186;0,251350583;-1,82406593;1;0,753558325;0,470525048;0,883895813;1;;;;;;;;;;;;;
71;1,442817474;0,44563121;1,40469579;1;-0,402358111;0,407429641;-3,011790557;1;0,112875645;0,663986522;-0,717810887;1;;;;;;;;;;;;;
72;0,547233475;0,291028548;-0,087944208;1;0,266294977;0,241399307;0,331474883;1;-0,127762421;0,381750213;-1,319406052;1;;;;;;;;;;;;;
73;0,608668774;0,366145331;0,014447957;1;0,167692254;0,294533109;-0,161538732;1;0,476286324;0,481715432;0,19071581;1;;;;;;;;;;;;;
74;0,563071117;0,433162373;-0,061548138;1;-0,14808749;0,349601038;-1,740437449;1;0,910635315;0,618364613;1,276588288;1;;;;;;;;;;;;;
75;0,419846192;0,381214011;-0,300256347;1;0,431447793;0,313578884;1,157238965;1;0,449058746;0,490115737;0,122646864;1;;;;;;;;;;;;;
76;0,220242109;0,390385797;-0,632929819;1;0,730815315;0,287240345;2,654076574;1;-0,058585536;0,548227091;-1,14646384;1;;;;;;;;;;;;;
77;1,016881458;0,378944144;0,694802429;1;0,170397894;0,321389234;-0,148010531;1;0,224972726;0,479866026;-0,437568184;1;;;;;;;;;;;;;
78;1,08898579;0,385458298;0,814976317;1;0,276389934;0,307512281;0,38194967;1;-0,447407815;0,516364441;-2,118519538;1;;;;;;;;;;;;;
79;0,160217401;0,344722964;-0,732970998;1;0,475068841;0,28137513;1,375344203;1;0,645308899;0,465642433;0,613272248;1;;;;;;;;;;;;;
80;0,994470511;0,363263142;0,657450851;1;0,231646642;0,251299521;0,158233212;1;-0,509000476;0,455019752;-2,27250119;0;;;;;;;;;;;;;
81;0,847091345;0,40303341;0,411818909;1;0,126875891;0,280534707;-0,365620543;1;-0,504755148;0,468629409;-2,26188787;1;;;;;;;;;;;;;
82;0,537751211;0,322687144;-0,103747982;1;-0,02378792;0,243258762;-1,118939599;1;0,320309799;0,445537008;-0,199225502;1;;;;;;;;;;;;;
83;0,1729416;0,329448876;-0,711764;1;-0,105342533;0,237546647;-1,526712667;1;0,75208429;0,436610637;0,880210725;1;;;;;;;;;;;;;
84;0,741723925;0,33942188;0,236206541;1;0,296843613;0,285448644;0,484218064;1;-0,052630061;0,501405801;-1,131575151;1;;;;;;;;;;;;;
85;-0,174902543;0,300773484;-1,291504239;0;0,29048817;0,223979902;0,452440852;1;1,045492407;0,385050893;1,613731018;1;;;;;;;;;;;;;
86;0,616653901;0,349359434;0,027756501;1;-0,056104455;0,288925964;-1,280522277;1;0,747328289;0,503812207;0,868320723;1;;;;;;;;;;;;;
87;0,46237847;0,360962748;-0,229369217;1;0,188356213;0,281744537;-0,058218937;1;0,37388402;0,43879667;-0,065289951;1;;;;;;;;;;;;;
88;0,190335701;0,396176779;-0,682773832;1;0,761528918;0,341186173;2,80764459;1;0,575720482;0,5461956;0,439301204;1;;;;;;;;;;;;;
89;0,241028712;0,34658092;-0,59828548;1;0,596773106;0,270264135;1,98386553;1;0,58777736;0,497389523;0,469443399;1;;;;;;;;;;;;;
90;0,437343471;0,462497817;-0,271094215;1;-0,797072002;0,394135466;-4,985360012;0;0,563199563;0,660084105;0,407998909;1;;;;;;;;;;;;;
91;0,539831066;0,324087929;-0,100281557;1;0,425004736;0,249013734;1,12502368;1;0,158151367;0,426495037;-0,604621582;1;;;;;;;;;;;;;
92;0,38219167;0,333313714;-0,363013884;1;0,012809337;0,294435654;-0,935953313;1;0,375255316;0,422623614;-0,061861709;1;;;;;;;;;;;;;
93;1,493038859;0,480828874;1,488398098;1;0,071454918;0,341393575;-0,642725408;1;-0,658998932;0,646632209;-2,647497331;1;;;;;;;;;;;;;
94;1,166558678;0,446925508;0,944264463;1;0,040509568;0,317783301;-0,797452158;1;-0,036930064;0,601202517;-1,09232516;1;;;;;;;;;;;;;
95;-0,09527684;0,325798149;-1,158794734;0;0,567130225;0,25735232;1,835651124;1;0,500021767;0,419525864;0,250054418;1;;;;;;;;;;;;;
96;0,387585562;0,422159655;-0,354024063;1;0,476028251;0,342320458;1,380141256;1;1,227533393;0,465163137;2,068833483;1;;;;;;;;;;;;;
97;0,377829835;0,423682589;-0,370283609;1;0,004175631;0,314195638;-0,979121847;1;1,158050624;0,583072989;1,89512656;1;;;;;;;;;;;;;
98;0,465855886;0,362737363;-0,223573523;1;-0,301654135;0,250453877;-2,508270673;0;0,463462493;0,41984341;0,158656231;1;;;;;;;;;;;;;
99;0,959625824;0,365505595;0,599376374;1;-0,397970306;0,267067958;-2,989851529;0;0,078799562;0,441934544;-0,803001095;1;;;;;;;;;;;;;
100;0,266588941;0,360665653;-0,555685098;1;0,3329463;0,261242481;0,6647315;1;0,52415217;0,478303184;0,310380425;1;;;;;;;;;;;;;
101;0,701972699;0,361413577;0,169954498;1;0,231934373;0,296498884;0,159671864;1;0,547576614;0,549172143;0,368941536;1;;;;;;;;;;;;;
102;0,593396078;0,328590494;-0,011006537;1;0,603926539;0,219593724;2,019632697;1;-0,293481347;0,434016216;-1,733703368;1;;;;;;;;;;;;;
103;1,067951873;0,465340509;0,779919789;1;-0,133611886;0,290759678;-1,66805943;1;-0,591660643;0,541734019;-2,479151607;1;;;;;;;;;;;;;
104;0,64051608;0,417936653;0,067526799;1;0,268954165;0,285298403;0,344770825;1;-0,697929503;0,545824035;-2,744823756;0;;;;;;;;;;;;;
105;1,465186042;0,559873185;1,441976737;1;-0,509348744;0,351203412;-3,546743721;0;-0,564889898;0,663239641;-2,412224744;1;;;;;;;;;;;;;
106;0,20481933;0,495985008;-0,658634449;1;0,661430208;0,386752622;2,307151041;1;1,25606659;0,713599782;2,140166476;1;;;;;;;;;;;;;
107;0,532860092;0,337330482;-0,111899847;1;0,304478246;0,280561147;0,52239123;1;0,420077076;0,494787803;0,050192689;1;;;;;;;;;;;;;
108;0,587757569;0,407252457;-0,020404051;1;-0,245430957;0,300158443;-2,227154785;1;0,527915354;0,572441899;0,319788385;1;;;;;;;;;;;;;
109;0,475419815;0,302460437;-0,207633641;1;0,06577287;0,220894342;-0,671135652;1;-0,241254602;0,401505015;-1,603136506;1;;;;;;;;;;;;;
110;0,580321409;0,370868891;-0,032797651;1;0,372196352;0,29859153;0,860981758;1;-0,055825879;0,526360711;-1,139564697;1;;;;;;;;;;;;;
111;0,850859129;0,37630582;0,418098548;1;-0,071242622;0,284139393;-1,356213108;1;0,123616682;0,440633221;-0,690958294;1;;;;;;;;;;;;;
112;0,783942918;0,417061732;0,30657153;1;0,195327599;0,296783849;-0,023362006;1;0,21954752;0,509221598;-0,451131201;1;;;;;;;;;;;;;
113;0,223190511;0,34128138;-0,628015815;1;-0,23134329;0,250072902;-2,15671645;1;0,906192816;0,418297031;1,26548204;1;;;;;;;;;;;;;
114;0,236808338;0,375821693;-0,605319437;1;0,240591841;0,304997171;0,202959205;1;1,027532873;0,559822465;1,568832182;1;;;;;;;;;;;;;
115;0,863762448;0,366015538;0,439604079;1;-0,357353436;0,256791766;-2,786767182;0;0,115752616;0,471320987;-0,71061846;1;;;;;;;;;;;;;
116;0,905397337;0,318652987;0,508995562;1;0,300043425;0,256568373;0,500217123;1;-0,218138257;0,414024066;-1,545345643;1;;;;;;;;;;;;;
117;0,223502246;0,319417891;-0,627496257;1;0,070209592;0,213076998;-0,648952038;1;0,310442467;0,360385653;-0,223893832;1;;;;;;;;;;;;;
118;-0,107778218;0,313283563;-1,179630364;0;0,621954567;0,284663722;2,109772834;1;0,974452038;0,461085298;1,436130094;1;;;;;;;;;;;;;
119;0,913702363;0,35478416;0,522837271;1;0,327765711;0,285612788;0,638828554;1;-0,467646889;0,471090808;-2,169117222;1;;;;;;;;;;;;;
120;0,724289388;0,37478868;0,207148979;1;-0,264547686;0,324853805;-2,322738431;1;0,964349149;0,575107263;1,410872872;1;;;;;;;;;;;;;
121;0,173000019;0,354980129;-0,711666635;1;0,519073699;0,255602447;1,595368493;1;0,55057137;0,480317265;0,376428425;1;;;;;;;;;;;;;
122;0,34412259;0,358470991;-0,426462349;1;0,260768607;0,295509853;0,303843035;1;0,727295224;0,452967554;0,818238061;1;;;;;;;;;;;;;
123;0,364619818;0,377213075;-0,392300304;1;0,180510797;0,300571805;-0,097446013;1;0,827156692;0,510834807;1,06789173;1;;;;;;;;;;;;;
124;0,751703594;0,407804248;0,252839324;1;0,087923599;0,344429589;-0,560382005;1;0,636134503;0,581846347;0,590336259;1;;;;;;;;;;;;;
125;0,27253735;0,353188644;-0,545771084;1;0,056314892;0,270224098;-0,71842554;1;0,732100412;0,450292364;0,830251029;1;;;;;;;;;;;;;
126;0,461880765;0,349193471;-0,230198725;1;-0,259074222;0,239033447;-2,29537111;1;-0,044755032;0,42987879;-1,111887581;1;;;;;;;;;;;;;
127;0,58470775;0,323127549;-0,025487083;1;0,323185282;0,252240824;0,61592641;1;0,007759723;0,407635252;-0,980600692;1;;;;;;;;;;;;;
128;0,832337795;0,37561576;0,387229659;1;0,196130072;0,281047164;-0,019349642;1;0,171031201;0,444388142;-0,572421998;1;;;;;;;;;;;;;
129;1,019647004;0,426143661;0,699411673;1;-0,381680744;0,348141769;-2,908403721;1;-0,027169737;0,518230913;-1,067924343;1;;;;;;;;;;;;;
130;0,598414478;0,404530057;-0,002642537;1;-0,096054882;0,393921389;-1,480274411;1;0,597844407;0,647581654;0,494611018;1;;;;;;;;;;;;;
131;0,649236102;0,379450015;0,08206017;1;0,656778011;0,311884446;2,283890053;1;0,567473943;0,505053111;0,418684857;1;;;;;;;;;;;;;
132;0,873589847;0,469549803;0,455983079;1;0,272287136;0,342112808;0,361435681;1;0,263338922;0,66346682;-0,341652695;1;;;;;;;;;;;;;
133;1,080530603;0,372616066;0,800884339;1;0,256077553;0,269991319;0,280387766;1;-0,503092384;0,428771584;-2,25773096;0;;;;;;;;;;;;;
134;0,143735205;0,335657423;-0,760441324;1;0,090982937;0,25508983;-0,545085314;1;0,896314127;0,484571614;1,240785317;1;;;;;;;;;;;;;
135;1,098050401;0,329219647;0,830084001;1;-0,026742728;0,245921344;-1,133713641;1;-1,145388568;0,416591924;-3,863471421;0;;;;;;;;;;;;;
136;1,38772639;0,377225729;1,312877317;0;0,079554786;0,29144446;-0,60222607;1;-0,94284691;0,528429175;-3,357117275;0;;;;;;;;;;;;;
137;0,360782175;0,363893995;-0,398696376;1;-0,095802926;0,253593631;-1,47901463;1;0,729880988;0,461720338;0,824702469;1;;;;;;;;;;;;;
138;0,578429483;0,357441665;-0,035950862;1;0,155950015;0,265154426;-0,220249927;1;0,118823187;0,486669714;-0,702942033;1;;;;;;;;;;;;;
139;0,717124699;0,556256817;0,195207831;1;-0,04090776;0,376780403;-1,204538802;1;0,536259877;0,652434318;0,340649692;1;;;;;;;;;;;;;
140;0,385513034;0,370720765;-0,357478277;1;0,451872186;0,247997898;1,25936093;1;-0,009341881;0,49083476;-1,023354702;1;;;;;;;;;;;;;
141;-0,362928504;0,300581673;-1,60488084;0;-0,04010976;0,227178216;-1,2005488;1;1,330933164;0,401371654;2,32733291;0;;;;;;;;;;;;;
142;-0,237360217;0,42345969;-1,395600361;0;0,760026114;0,305081934;2,800130572;1;0,951032448;0,56943412;1,377581119;1;;;;;;;;;;;;;
143;0,382906602;0,398265155;-0,361822331;1;-0,115337185;0,276871896;-1,576685924;1;0,370203974;0,549982752;-0,074490066;1;;;;;;;;;;;;;
144;0,336798919;0,340435732;-0,438668468;1;0,126311677;0,258778863;-0,368441616;1;0,827243549;0,462570371;1,068108873;1;;;;;;;;;;;;;
145;0,542549551;0,312855536;-0,095750749;1;0,166759488;0,22509509;-0,16620256;1;-0,050797189;0,427523391;-1,126992973;1;;;;;;;;;;;;;
146;1,074053209;0,383486525;0,790088681;1;0,324943153;0,303308217;0,624715765;1;-0,263247083;0,537546746;-1,658117709;1;;;;;;;;;;;;;
147;0,292120215;0,331654788;-0,513132975;1;0,418065791;0,258586524;1,090328954;1;0,668216312;0,434591937;0,67054078;1;;;;;;;;;;;;;
148;0,949820649;0,363951896;0,583034416;1;-0,115661599;0,281204746;-1,578307996;1;-0,611038423;0,463654204;-2,527596058;0;;;;;;;;;;;;;
149;0,488020419;0,358670142;-0,186632636;1;0,080368525;0,255423653;-0,598157375;1;0,266344327;0,408448111;-0,334139183;1;;;;;;;;;;;;;
150;0,657598713;0,354580315;0,095997855;1;0,22670501;0,28068734;0,133525048;1;0,18784319;0,467807925;-0,530392025;1;;;;;;;;;;;;;
151;0,414605761;0,34773938;-0,308990398;1;0,367742385;0,270482645;0,838711927;1;0,536613336;0,433958391;0,34153334;1;;;;;;;;;;;;;
152;0,927932664;0,399665133;0,546554439;1;-0,74242824;0,285758055;-4,712141201;0;-0,123348017;0,47774834;-1,308370043;1;;;;;;;;;;;;;
153;0,491769923;0,398916114;-0,180383462;1;0,244558706;0,334369214;0,222793529;1;0,19177496;0,534583298;-0,5205626;1;;;;;;;;;;;;;
154;0,043869339;0,324220563;-0,926884434;1;0,376325878;0,26376393;0,881629388;1;0,769458126;0,431442219;0,923645315;1;;;;;;;;;;;;;
155;0,851713799;0,372298714;0,419522999;1;-0,105236983;0,272333893;-1,526184914;1;0,428150696;0,426147042;0,070376739;1;;;;;;;;;;;;;
156;0,336019258;0,328015492;-0,439967903;1;0,524569352;0,262641097;1,622846759;1;0,409774844;0,430851105;0,024437109;1;;;;;;;;;;;;;
157;0,393655074;0,397706094;-0,34390821;1;0,335659191;0,318586285;0,678295955;1;1,019315778;0,52552424;1,548289446;1;;;;;;;;;;;;;
158;0,394510908;0,488513994;-0,34248182;1;0,401205679;0,333388863;1,006028397;1;0,614820446;0,652062646;0,537051115;1;;;;;;;;;;;;;
159;0,186713509;0,464923075;-0,688810818;1;0,393164363;0,402689215;0,965821813;1;0,870445522;0,688931612;1,176113805;1;;;;;;;;;;;;;
160;0,430823758;0,383483688;-0,281960404;1;0,31472754;0,323544777;0,573637699;1;0,523365313;0,503228512;0,308413282;1;;;;;;;;;;;;;
161;0,024493959;0,293307526;-0,959176735;0;0,56643362;0,243015726;1,832168098;1;0,778954536;0,378793482;0,947386339;1;;;;;;;;;;;;;
162;0,374993429;0,338065917;-0,375010951;1;-0,04783419;0,251487301;-1,239170951;1;0,5433392;0,455582145;0,358347999;1;;;;;;;;;;;;;
163;0,819797687;0,389281252;0,366329478;1;0,181548307;0,302415845;-0,092258463;1;0,480176398;0,487504074;0,200440994;1;;;;;;;;;;;;;
164;0,617898898;0,345916404;0,029831496;1;0,128885397;0,25670025;-0,355573016;1;0,280853035;0,470704371;-0,297867412;1;;;;;;;;;;;;;
165;0,26984879;0,396244691;-0,550252017;1;-0,015226675;0,30147829;-1,076133373;1;1,065203826;0,544420806;1,663009565;1;;;;;;;;;;;;;
166;0,109382141;0,305634281;-0,817696431;1;0,714899498;0,271824975;2,57449749;1;0,429230856;0,488490179;0,07307714;1;;;;;;;;;;;;;
167;0,967436189;0,456555024;0,612393648;1;0,127634976;0,324891521;-0,361825121;1;-0,372603626;0,572292526;-1,931509064;1;;;;;;;;;;;;;
168;1,239921645;0,40496529;1,066536075;1;-0,673767645;0,343078278;-4,368838226;0;0,451607069;0,626635003;0,129017672;1;;;;;;;;;;;;;
169;0,853278103;0,408139309;0,422130172;1;0,014694283;0,302850691;-0,926528586;1;0,506168313;0,609048965;0,265420782;1;;;;;;;;;;;;;
170;1,235652739;0,340151264;1,059421231;1;0,019899893;0,246859396;-0,900500533;1;-0,948577279;0,437941889;-3,371443197;0;;;;;;;;;;;;;
171;0,810691299;0,38254308;0,351152165;1;-0,179425956;0,322445435;-1,897129782;1;-0,039000549;0,549951156;-1,097501372;1;;;;;;;;;;;;;
172;0,428583811;0,420071236;-0,285693649;1;0,526985235;0,308644381;1,634926173;1;0,874944935;0,481275216;1,187362338;1;;;;;;;;;;;;;
173;1,126365352;0,386502864;0,877275587;1;-0,536167796;0,27961611;-3,68083898;0;-0,182062013;0,457232942;-1,455155032;1;;;;;;;;;;;;;
174;0,80605047;0,417028852;0,343417451;1;0,157696743;0,308697519;-0,211516284;1;-0,202380699;0,550448975;-1,505951747;1;;;;;;;;;;;;;
175;0,359130865;0,356726326;-0,401448559;1;0,122489354;0,269095756;-0,387553229;1;0,301334368;0,479269628;-0,246664081;1;;;;;;;;;;;;;
176;1,176395907;0,415344901;0,960659845;1;0,759803807;0,28988847;2,799019033;1;-0,833703707;0,538613222;-3,084259269;0;;;;;;;;;;;;;
177;-0,023015062;0,327840449;-1,038358436;1;0,08511225;0,270273333;-0,574438751;1;1,310173237;0,472510828;2,275433092;1;;;;;;;;;;;;;
178;0,435676527;0,410708788;-0,273872455;1;0,238980976;0,278098528;0,194904882;1;0,368899016;0,636357448;-0,07775246;1;;;;;;;;;;;;;
179;1,592019727;0,430571836;1,653366212;0;0,320568498;0,297736051;0,602842492;1;-1,417424376;0,645939707;-4,543560939;0;;;;;;;;;;;;;
180;0,103004567;0,389363892;-0,828325721;1;0,15321828;0,312650459;-0,233908599;1;0,884597448;0,529344045;1,21149362;1;;;;;;;;;;;;;
181;0,368289148;0,388760411;-0,386184753;1;0,346838783;0,289847177;0,734193915;1;0,522592202;0,493607905;0,306480506;1;;;;;;;;;;;;;
182;0,57237993;0,332997503;-0,046033451;1;0,395479713;0,239687925;0,977398563;1;-0,243012408;0,408107625;-1,607531021;1;;;;;;;;;;;;;
183;0,849982375;0,395387331;0,416637292;1;0,360232261;0,298347392;0,801161306;1;0,023651771;0,530252003;-0,940870573;1;;;;;;;;;;;;;
184;0,663601873;0,563240523;0,106003122;1;0,124786934;0,408395041;-0,376065332;1;0,456677391;0,804160223;0,141693478;1;;;;;;;;;;;;;
185;0,42818581;0,331611196;-0,286356984;1;0,027683845;0,254389458;-0,861580775;1;0,228028603;0,452914828;-0,429928491;1;;;;;;;;;;;;;
186;0,856440994;0,470334299;0,427401656;1;0,247634908;0,346744102;0,238174539;1;0,127463027;0,65153392;-0,681342433;1;;;;;;;;;;;;;
187;0,415305924;0,332516516;-0,30782346;1;0,252692004;0,263053376;0,263460021;1;0,644161358;0,423656281;0,610403395;1;;;;;;;;;;;;;
188;0,155311368;0,456344427;-0,741147721;1;0,607104024;0,335751425;2,03552012;1;0,658623951;0,619747638;0,646559876;1;;;;;;;;;;;;;
189;1,045743353;0,368866525;0,742905588;1;-0,136485574;0,283275656;-1,682427872;1;-0,716015003;0,480765979;-2,790037507;0;;;;;;;;;;;;;
190;0,197311178;0,36665356;-0,671148037;1;0,34257876;0,294548959;0,712893799;1;0,864239137;0,511592696;1,160597843;1;;;;;;;;;;;;;
191;0,355450914;0,341196111;-0,407581809;1;-0,387171938;0,226103198;-2,935859691;0;0,232126871;0,399800357;-0,419682823;1;;;;;;;;;;;;;
192;0,90523005;0,448792774;0,50871675;1;-0,013777176;0,351527012;-1,068885879;1;0,469687749;0,596873506;0,174219372;1;;;;;;;;;;;;;
193;-0,221323455;0,319178682;-1,368872424;0;0,37541395;0,234762843;0,877069749;1;1,25059435;0,393381643;2,126485876;0;;;;;;;;;;;;;
194;0,566850242;0,336554665;-0,055249597;1;0,079954531;0,2684467;-0,600227345;1;0,358787958;0,505864889;-0,103030104;1;;;;;;;;;;;;;
195;0,750880708;0,415609384;0,251467847;1;0,061544783;0,324360634;-0,692276085;1;0,757617741;0,588261657;0,894044353;1;;;;;;;;;;;;;
196;0,603199837;0,437386844;0,005333061;1;0,33803291;0,322877826;0,690164552;1;0,633310355;0,633036011;0,583275887;1;;;;;;;;;;;;;
197;0,475999745;0,332144314;-0,206667092;1;0,056087075;0,245932716;-0,719564627;1;0,363282556;0,44131236;-0,091793609;1;;;;;;;;;;;;;
198;0,144023963;0,355691178;-0,759960062;1;0,630958783;0,269853252;2,154793914;1;0,678376282;0,449882354;0,695940706;1;;;;;;;;;;;;;
199;0,822746387;0,462110426;0,371243978;1;0,164165425;0,343344274;-0,179172873;1;0,258059251;0,554386961;-0,354851873;1;;;;;;;;;;;;;
200;0,189394658;0,310413073;-0,684342237;1;0,244972873;0,214936525;0,224864367;1;0,818857329;0,44479399;1,047143322;1;;;;;;;;;;;;;
201;0,36206682;0,346433425;-0,396555301;1;0,287730865;0,275984261;0,438654327;1;0,581602707;0,472455262;0,454006768;1;;;;;;;;;;;;;
202;0,225470075;0,35534716;-0,624216542;1;0,229222372;0,269911016;0,146111862;1;0,255172205;0,432115884;-0,362069487;1;;;;;;;;;;;;;
203;0,495872789;0,364205191;-0,173545351;1;0,052605038;0,308201726;-0,736974809;1;0,44520432;0,475961321;0,113010801;1;;;;;;;;;;;;;
204;0,559173344;0,370152697;-0,068044426;1;0,367373475;0,264127881;0,836867377;1;0,081353481;0,47207679;-0,796616298;1;;;;;;;;;;;;;
205;1,175505518;0,383844788;0,959175864;1;0,118251101;0,286873009;-0,408744494;1;-0,251978289;0,486541804;-1,629945724;1;;;;;;;;;;;;;
206;0,060020069;0,310096253;-0,899966552;1;-0,228788466;0,239520391;-2,143942329;1;1,554931761;0,442802322;2,887329403;0;;;;;;;;;;;;;
207;0,459423458;0,385519681;-0,234294236;1;0,254746901;0,275301537;0,273734506;1;0,930018546;0,50084868;1,325046365;1;;;;;;;;;;;;;
208;0,280204242;0,333763415;-0,532992929;1;-0,076888759;0,254131668;-1,384443794;1;0,837834443;0,431844408;1,094586107;1;;;;;;;;;;;;;
209;0,838035688;0,35164248;0,396726146;1;0,038941183;0,278915526;-0,805294085;1;0,217048569;0,487481921;-0,457378577;1;;;;;;;;;;;;;
210;0,653750607;0,358243654;0,089584345;1;0,341256376;0,263717841;0,706281882;1;0,04678878;0,54108825;-0,883028049;1;;;;;;;;;;;;;
211;0,108563072;0,33266649;-0,819061547;1;0,462462541;0,257060983;1,312312706;1;0,580062319;0,395416545;0,450155797;1;;;;;;;;;;;;;
212;0,942849778;0,400073868;0,571416297;1;0,270168041;0,277538077;0,350840205;1;-0,249814588;0,519878642;-1,624536471;1;;;;;;;;;;;;;
213;-0,053265929;0,412724923;-1,088776549;1;1,043418806;0,334915048;4,217094031;0;0,278003423;0,539549622;-0,304991442;1;;;;;;;;;;;;;
214;0,395459365;0,400427873;-0,340901059;1;0,315913054;0,277500395;0,579565271;1;0,780510108;0,49839847;0,95127527;1;;;;;;;;;;;;;
215;0,878624942;0,409844352;0,464374903;1;-0,12102901;0,302309844;-1,60514505;1;0,063371416;0,535655331;-0,84157146;1;;;;;;;;;;;;;
216;0,732630753;0,374580928;0,221051254;1;0,147486836;0,263939369;-0,262565819;1;0,352046084;0,508236927;-0,11988479;1;;;;;;;;;;;;;
217;0,413327088;0,39379613;-0,311121519;1;0,387651623;0,327975869;0,938258115;1;0,568526966;0,507137069;0,421317415;1;;;;;;;;;;;;;
218;0,810849476;0,428316511;0,351415794;1;-0,095598818;0,3575522;-1,477994092;1;0,129632345;0,609314291;-0,675919137;1;;;;;;;;;;;;;
219;0,050577247;0,345764106;-0,915704588;1;-0,095747258;0,256283409;-1,478736288;1;0,214791234;0,426614994;-0,463021915;1;;;;;;;;;;;;;
220;0,002775546;0,39861202;-0,99537409;1;0,282545857;0,253792686;0,412729287;1;0,40347721;0,477633249;0,008693025;1;;;;;;;;;;;;;
221;0,382746273;0,26625446;-0,362089546;1;0,292643256;0,225102375;0,463216279;1;-0,555007511;0,386047278;-2,387518778;0;;;;;;;;;;;;;
222;0,544645501;0,438516563;-0,092257499;1;0,0601883;0,29464007;-0,699058499;1;0,507666517;0,647104565;0,269166293;1;;;;;;;;;;;;;
223;0,763446914;0,406710877;0,272411523;1;-0,526514929;0,289966309;-3,632574643;0;0,471271692;0,461165471;0,178179229;1;;;;;;;;;;;;;
224;0,526281401;0,408096717;-0,122864332;1;0,267819228;0,316971446;0,339096141;1;0,368954066;0,512454721;-0,077614835;1;;;;;;;;;;;;;
225;0,102053701;0,409133981;-0,829910498;1;0,333664321;0,266790378;0,668321603;1;1,014681859;0,505718664;1,536704648;1;;;;;;;;;;;;;
226;-0,206562175;0,353242231;-1,344270291;0;0,136086849;0,281287572;-0,319565753;1;1,047140329;0,532186313;1,617850822;1;;;;;;;;;;;;;
227;-0,473405749;0,179169447;-1,789009582;0;0,73950494;0,201641975;2,6975247;0;0,595369642;0,268691093;0,488424105;1;;;;;;;;;;;;;
228;0,886829768;0,500455366;0,478049614;1;0,276826198;0,353043569;0,384130992;1;0,244625333;0,653387542;-0,388436668;1;;;;;;;;;;;;;
229;0,840473578;0,359697401;0,400789296;1;-0,290069846;0,262563472;-2,45034923;1;0,432018013;0,490375297;0,080045032;1;;;;;;;;;;;;;
230;-0,04533724;0,432930869;-1,075562066;1;0,275564803;0,31403514;0,377824014;1;1,210207885;0,625209493;2,025519713;1;;;;;;;;;;;;;
231;1,044296549;0,414196866;0,740494248;1;0,054314739;0,281969602;-0,728426305;1;-0,231219684;0,474965873;-1,578049209;1;;;;;;;;;;;;;
232;0,373501927;0,356195347;-0,377496789;1;0,146763177;0,240531016;-0,266184117;1;0,039887116;0,445217906;-0,90028221;1;;;;;;;;;;;;;
233;0,450317683;0,41693598;-0,249470528;1;0,183130502;0,313960501;-0,08434749;1;0,732296057;0,568379866;0,830740141;1;;;;;;;;;;;;;
234;1,205652291;0,342780026;1,009420485;1;-0,010115577;0,237392121;-1,050577886;1;-0,85253555;0,470075492;-3,131338875;0;;;;;;;;;;;;;
235;0,155761825;0,398134894;-0,740396958;1;0,160849718;0,283062036;-0,195751409;1;0,782702929;0,553337874;0,956757322;1;;;;;;;;;;;;;
236;0,135159371;0,318871369;-0,774734382;1;1,030122679;0,254455052;4,150613394;0;0,473131012;0,387063787;0,182827531;1;;;;;;;;;;;;;
237;0,003559205;0,279763657;-0,994067991;0;0,159586142;0,221767678;-0,202069291;1;0,530425552;0,35865818;0,326063881;1;;;;;;;;;;;;;
238;1,079793413;0,319595447;0,799655688;1;-0,605324099;0,249068439;-4,026620497;0;-0,265349186;0,414421721;-1,663372964;1;;;;;;;;;;;;;
239;0,846180629;0,376378613;0,410301049;1;0,015492374;0,277209687;-0,922538128;1;0,055136308;0,554017196;-0,86215923;1;;;;;;;;;;;;;
240;0,580992075;0,432091735;-0,031679875;1;0,034688947;0,328628412;-0,826555267;1;0,721844675;0,639981015;0,804611688;1;;;;;;;;;;;;;
241;1,166601145;0,520983136;0,944335242;1;0,050561385;0,383064131;-0,747193077;1;-0,232574985;0,645943413;-1,581437463;1;;;;;;;;;;;;;
242;0,611174474;0,342907172;0,018624124;1;-0,13367351;0,241098422;-1,66836755;1;0,495635285;0,460212998;0,239088213;1;;;;;;;;;;;;;
243;0,819437275;0,306261909;0,365728792;1;-0,116785785;0,219496454;-1,583928927;1;-0,715987581;0,374631893;-2,789968953;0;;;;;;;;;;;;;
244;0,502317446;0,301979595;-0,162804257;1;0,006549714;0,233865383;-0,967251428;1;0,022211883;0,402052828;-0,944470292;1;;;;;;;;;;;;;
245;0,329495467;0,381777768;-0,450840888;1;0,085032962;0,290992856;-0,574835189;1;0,606580481;0,43598792;0,516451203;1;;;;;;;;;;;;;
246;0,327478162;0,331346453;-0,454203063;1;0,423098301;0,273969628;1,115491505;1;0,377841599;0,421027985;-0,055396003;1;;;;;;;;;;;;;
247;0,810985813;0,389024741;0,351643022;1;0,000954212;0,289763764;-0,995228938;1;-0,008426808;0,499210412;-1,021067019;1;;;;;;;;;;;;;
248;0,325891224;0,470412773;-0,456847961;1;0,780073415;0,355393966;2,900367073;1;0,290274758;0,594204154;-0,274313106;1;;;;;;;;;;;;;
249;0,774017548;0,348378032;0,290029247;1;0,021527007;0,281905057;-0,892364965;1;-0,00986375;0,47685467;-1,024659374;1;;;;;;;;;;;;;
250;0,129635562;0,293402265;-0,78394073;1;-0,074372649;0,203989465;-1,371863247;1;0,590653641;0,372112798;0,476634102;1;;;;;;;;;;;;;
251;0,095902209;0,361749001;-0,840162986;1;0,673015179;0,263762609;2,365075896;1;0,356193917;0,526444555;-0,109515208;1;;;;;;;;;;;;;
252;-0,150796304;0,372077915;-1,251327173;0;0,0097257;0,277088439;-0,9513715;1;1,609427765;0,505993285;3,023569413;0;;;;;;;;;;;;;
253;1,342799802;0,487395761;1,23799967;1;0,356624284;0,365769546;0,78312142;1;-0,237087111;0,765215901;-1,592717776;1;;;;;;;;;;;;;
254;0,700962835;0,357669603;0,168271392;1;-0,272330719;0,253882041;-2,361653597;1;0,047431458;0,451673848;-0,881421355;1;;;;;;;;;;;;;
255;0,446616083;0,380448165;-0,255639861;1;0,02146323;0,306436003;-0,892683851;1;0,765265848;0,511241477;0,913164621;1;;;;;;;;;;;;;
256;0,833127947;0,559096888;0,388546578;1;0,300259049;0,404948946;0,501295244;1;-0,057414436;0,666270855;-1,14353609;1;;;;;;;;;;;;;
257;0,059270851;0,368660895;-0,901215248;1;1,100473139;0,315515052;4,502365694;0;0,475960466;0,501984531;0,189901165;1;;;;;;;;;;;;;
258;1,505905148;0,768994194;1,509841913;1;-0,041303473;0,479632707;-1,206517365;1;-0,28231934;0,875293;-1,705798351;1;;;;;;;;;;;;;
259;0,174694325;0,33578551;-0,708842791;1;0,385341225;0,264896273;0,926706127;1;0,406867415;0,497825294;0,017168537;1;;;;;;;;;;;;;
260;1,086440262;0,437067515;0,810733769;1;-0,287318335;0,315236007;-2,436591673;1;-0,112864866;0,539700471;-1,282162166;1;;;;;;;;;;;;;
261;-0,018749122;0,462567399;-1,031248536;1;0,583529752;0,337896202;1,91764876;1;1,638604355;0,614786744;3,096510887;0;;;;;;;;;;;;;
262;0,167377891;0,349132642;-0,721036849;1;0,131621698;0,262832702;-0,341891509;1;0,395465835;0,468722191;-0,011335412;1;;;;;;;;;;;;;
263;0,492623534;0,340845703;-0,178960776;1;-0,145082888;0,267392296;-1,725414442;1;0,516813507;0,420631365;0,292033768;1;;;;;;;;;;;;;
264;0,611847443;0,426335693;0,019745738;1;0,363895919;0,314189729;0,819479596;1;0,467206913;0,584352488;0,168017282;1;;;;;;;;;;;;;
265;0,065413337;0,267992441;-0,890977771;0;0,526383228;0,212337136;1,631916142;1;-0,023321822;0,303920644;-1,058304556;1;;;;;;;;;;;;;
266;-0,40262117;0,274921929;-1,671035283;0;0,438384998;0,227563305;1,19192499;1;0,808228012;0,35921567;1,02057003;1;;;;;;;;;;;;;
267;0,457548905;0,282009161;-0,237418491;1;0,301342177;0,236473271;0,506710883;1;-0,114771792;0,365305028;-1,28692948;1;;;;;;;;;;;;;
268;0,31872598;0,481994705;-0,468790034;1;0,35337168;0,281688186;0,766858398;1;0,788152031;0,656462324;0,970380077;1;;;;;;;;;;;;;
269;0,326764296;0,425875243;-0,45539284;1;0,423886956;0,333140256;1,119434781;1;0,97613029;0,554738306;1,440325725;1;;;;;;;;;;;;;
270;0,813557176;0,395256116;0,355928626;1;0,249979129;0,273658278;0,249895645;1;0,448981448;0,591105208;0,12245362;1;;;;;;;;;;;;;
271;0,729897957;0,387924156;0,216496595;1;0,401041093;0,286606762;1,005205465;1;-0,079533431;0,562468494;-1,198833577;1;;;;;;;;;;;;;
272;0,669205919;0,408049094;0,115343199;1;0,007206632;0,27999394;-0,963966839;1;-0,325443036;0,555057438;-1,81360759;1;;;;;;;;;;;;;
273;0,333991652;0,324886695;-0,443347246;1;0,358370634;0,24672955;0,791853171;1;0,645391858;0,384550475;0,613479644;1;;;;;;;;;;;;;
274;0,387134171;0,308546816;-0,354776382;1;0,265841241;0,239814735;0,329206207;1;0,332504916;0,363749864;-0,168737709;1;;;;;;;;;;;;;
275;0,293702327;0,346107411;-0,510496121;1;0,342018666;0,274476465;0,71009333;1;0,284908616;0,441160988;-0,28772846;1;;;;;;;;;;;;;
276;1,105123905;0,42499475;0,841873175;1;0,016617809;0,271980969;-0,916910954;1;-0,939007203;0,484945504;-3,347518007;0;;;;;;;;;;;;;
277;0,264444511;0,278310864;-0,559259149;1;0,101172504;0,211813623;-0,494137482;1;0,144676876;0,365916637;-0,63830781;1;;;;;;;;;;;;;
278;0,752666018;0,342944806;0,254443363;1;-0,039104284;0,304578083;-1,19552142;1;0,591474238;0,563332014;0,478685595;1;;;;;;;;;;;;;
279;0,482430014;0,372584031;-0,195949977;1;0,548444337;0,308961601;1,742221687;1;0,367688071;0,547610138;-0,080779821;1;;;;;;;;;;;;;
280;0,819200448;0,341555292;0,36533408;1;-0,182726382;0,250972309;-1,913631911;1;-0,106069426;0,463654864;-1,265173564;1;;;;;;;;;;;;;
281;1,337676034;0,542782086;1,229460056;1;0,551710196;0,390133654;1,758550982;1;-0,089476682;0,644572049;-1,223691704;1;;;;;;;;;;;;;
282;0,502341303;0,348548558;-0,162764495;1;0,422792384;0,291161067;1,113961918;1;0,297513817;0,448037117;-0,256215457;1;;;;;;;;;;;;;
283;0,025239613;0,362909846;-0,957933979;1;0,085484695;0,281687016;-0,572576525;1;1,42176605;0,56716832;2,554415124;1;;;;;;;;;;;;;
284;0,577209138;0,402229231;-0,03798477;1;0,422287655;0,361781118;1,111438277;1;0,705370829;0,623805327;0,763427072;1;;;;;;;;;;;;;
285;0,354969187;0,315434353;-0,408384688;1;0,151126574;0,244345812;-0,244367132;1;0,604320618;0,395893395;0,510801546;1;;;;;;;;;;;;;
286;0,15019331;0,336163386;-0,749677817;1;0,088694992;0,247431273;-0,55652504;1;0,089887924;0,4015395;-0,77528019;1;;;;;;;;;;;;;
287;0,619558595;0,367448036;0,032597658;1;0,681497817;0,285444148;2,407489085;1;-0,804537549;0,53195144;-3,011343873;0;;;;;;;;;;;;;
288;0,448516874;0,38707224;-0,252471876;1;0,78723169;0,31885272;2,936158448;1;0,168477477;0,558034385;-0,578806308;1;;;;;;;;;;;;;
289;0,137913712;0,407118765;-0,770143814;1;-0,116879554;0,349016426;-1,58439777;1;1,674513357;0,590357281;3,186283392;0;;;;;;;;;;;;;
290;0,524439623;0,374304083;-0,125933961;1;0,042065634;0,281383406;-0,789671831;1;0,811395813;0,515512367;1,028489533;1;;;;;;;;;;;;;
291;0,459672829;0,362834759;-0,233878618;1;-0,012606937;0,261706171;-1,063034685;1;0,09353102;0,461650206;-0,766172449;1;;;;;;;;;;;;;
292;-0,298994364;0,305816303;-1,498323939;0;0,41331552;0,212238544;1,066577601;1;-0,025313616;0,337051327;-1,06328404;1;;;;;;;;;;;;;
293;0,340727953;0,3790548;-0,432120078;1;0,171278359;0,262923231;-0,143608206;1;0,730258933;0,518374738;0,825647331;1;;;;;;;;;;;;;
294;0,447932681;0,343121425;-0,253445532;1;0,467580614;0,232114351;1,337903069;1;0,196596673;0,445119439;-0,508508318;1;;;;;;;;;;;;;
295;1,416163787;0,666949655;1,360272978;1;0,130530778;0,44854712;-0,347346108;1;-0,80764173;0,812735006;-3,019104326;1;;;;;;;;;;;;;
296;0,714609581;0,474220592;0,191015968;1;0,038029373;0,326248473;-0,809853135;1;0,504270317;0,596949202;0,260675792;1;;;;;;;;;;;;;
297;0,100415662;0,302241447;-0,832640563;1;-0,214660339;0,229805922;-2,073301697;1;0,709599511;0,401936169;0,773998778;1;;;;;;;;;;;;;
298;0,335932395;0,373214049;-0,440112676;1;0,477309211;0,319838632;1,386546053;1;0,577600549;0,479635899;0,444001373;1;;;;;;;;;;;;;
299;0,558044493;0,347268707;-0,069925844;1;0,483750681;0,298954406;1,418753405;1;0,281503501;0,47297022;-0,296241247;1;;;;;;;;;;;;;
300;0,326699921;0,441476124;-0,455500132;1;0,164494169;0,297332771;-0,177529154;1;0,194755481;0,499197045;-0,513111298;1;;;;;;;;;;;;;
301;0,325535684;0,428709025;-0,457440527;1;0,392879138;0,3272075;0,964395689;1;0,587888584;0,700055706;0,469721459;1;;;;;;;;;;;;;
302;0,648768577;0,445847933;0,081280962;1;-0,033227208;0,306281496;-1,166136042;1;-0,12833783;0,565679474;-1,320844574;1;;;;;;;;;;;;;
303;0,026084177;0,304233505;-0,956526372;1;0,284447713;0,250078147;0,422238567;1;1,10583139;0,405939957;1,764578476;1;;;;;;;;;;;;;
304;0,704715919;0,350696127;0,174526531;1;-0,117167044;0,241093711;-1,585835219;1;0,13142642;0,480149274;-0,671433949;1;;;;;;;;;;;;;
305;0,905370669;0,493751453;0,508951116;1;-0,153282478;0,366112371;-1,766412388;1;0,337158849;0,681262112;-0,157102878;1;;;;;;;;;;;;;
306;0,768857426;0,465489444;0,281429044;1;-0,186139654;0,320967525;-1,930698269;1;0,807211951;0,637849574;1,018029877;1;;;;;;;;;;;;;
307;0,557368601;0,38657567;-0,071052332;1;0,315476546;0,301586572;0,57738273;1;0,456478831;0,510242133;0,141197076;1;;;;;;;;;;;;;
308;0,32881026;0,369543231;-0,4519829;1;0,389470501;0,278506185;0,947352505;1;0,5317319;0,486364981;0,329329751;1;;;;;;;;;;;;;
309;0,00571395;0,295000367;-0,99047675;0;0,003744563;0,22048899;-0,981277186;1;0,864903335;0,37705363;1,162258338;1;;;;;;;;;;;;;
310;0,307650731;0,390614265;-0,487248781;1;0,580543384;0,316639168;1,90271692;1;0,658195775;0,585962951;0,645489437;1;;;;;;;;;;;;;
311;0,861735838;0,444756656;0,436226397;1;0,04246436;0,395116282;-0,787678199;1;0,163271448;0,712653172;-0,591821381;1;;;;;;;;;;;;;
312;-0,15709632;0,324292864;-1,261827199;0;0,788468054;0,265442753;2,942340271;0;0,345378179;0,504587434;-0,136554553;1;;;;;;;;;;;;;
313;1,116113399;0,550757915;0,860188999;1;0,291457653;0,467005065;0,457288264;1;0,347729632;0,796194177;-0,130675919;1;;;;;;;;;;;;;
314;0,773014373;0,357741766;0,288357288;1;0,228432868;0,283286208;0,142164341;1;0,801259059;0,486113035;1,003147648;1;;;;;;;;;;;;;
315;0,025700858;0,389123838;-0,957165237;1;0,690777425;0,305820094;2,453887125;1;0,948309864;0,594740827;1,37077466;1;;;;;;;;;;;;;
316;-0,15706129;0,371455063;-1,261768816;0;0,46444112;0,311704584;1,322205602;1;0,806477608;0,552560726;1,01619402;1;;;;;;;;;;;;;
317;0,627036054;0,344666284;0,04506009;1;0,587861351;0,275412411;1,939306755;1;-0,253149792;0,466226026;-1,63287448;1;;;;;;;;;;;;;
318;1,022562757;0,393963856;0,704271261;1;0,220189449;0,272885607;0,100947243;1;-0,436331711;0,516690695;-2,090829278;1;;;;;;;;;;;;;
319;0,787426695;0,380611732;0,312377824;1;0,312781667;0,315000159;0,563908337;1;0,14119695;0,526664111;-0,647007624;1;;;;;;;;;;;;;
320;0,981230617;0,330146181;0,635384361;1;-0,126620648;0,272199379;-1,63310324;1;-0,245702947;0,439927188;-1,614257368;1;;;;;;;;;;;;;
321;0,06973474;0,311610067;-0,883775433;1;0,432467993;0,254461374;1,162339965;1;0,642923326;0,396439708;0,607308316;1;;;;;;;;;;;;;
322;0,520137382;0,337464462;-0,133104364;1;0,384232572;0,26977217;0,921162859;1;0,208278117;0,413109934;-0,479304707;1;;;;;;;;;;;;;
323;0,916892831;0,423725459;0,528154718;1;0,146883081;0,354557754;-0,265584597;1;0,219734911;0,594562229;-0,450662722;1;;;;;;;;;;;;;
324;0,765051758;0,352729069;0,275086263;1;-0,122988319;0,266366626;-1,614941595;1;-0,011449366;0,413879041;-1,028623416;1;;;;;;;;;;;;;
325;0,170941312;0,346579031;-0,715097814;1;0,490299145;0,257443384;1,451495725;1;0,156617173;0,427109552;-0,608457066;1;;;;;;;;;;;;;
326;0,699376006;0,507462206;0,165626676;1;-0,142406186;0,371214451;-1,712030928;1;0,516986088;0,650387207;0,29246522;1;;;;;;;;;;;;;
327;0,083405388;0,349427379;-0,860991019;1;0,392438336;0,268693702;0,962191679;1;0,763223061;0,468475012;0,908057651;1;;;;;;;;;;;;;
328;0,487758257;0,379458449;-0,187069572;1;0,474069795;0,298894349;1,370348973;1;0,075910352;0,469815969;-0,810224121;1;;;;;;;;;;;;;
329;0,599700719;0,33063464;-0,000498802;1;0,299463536;0,237483104;0,497317681;1;-0,31077579;0,374294956;-1,776939476;1;;;;;;;;;;;;;
330;0,460172267;0,329430921;-0,233046221;1;-0,091732247;0,266488636;-1,458661234;1;0,893654766;0,430623981;1,234136914;1;;;;;;;;;;;;;
331;0,404454757;0,348894477;-0,325908738;1;0,082685954;0,306418819;-0,58657023;1;0,838598675;0,477327974;1,096496687;1;;;;;;;;;;;;;
332;0,104460472;0,271381659;-0,825899213;1;0,233120387;0,220473327;0,165601933;1;0,400846545;0,366545464;0,002116362;1;;;;;;;;;;;;;
333;0,451555308;0,360077297;-0,247407821;1;0,497078281;0,30348289;1,485391404;1;0,564833402;0,521421597;0,412083504;1;;;;;;;;;;;;;
334;0,330935846;0,333695398;-0,448440257;1;0,038662423;0,264806179;-0,806687883;1;0,71524095;0,39401665;0,788102374;1;;;;;;;;;;;;;
335;0,315373617;0,300501543;-0,474377305;1;0,218679328;0,262914715;0,093396641;1;0,379942647;0,385657542;-0,050143383;1;;;;;;;;;;;;;
336;0,302657347;0,360133768;-0,495571088;1;-0,189261643;0,277203274;-1,946308216;1;0,603706837;0,418495664;0,509267093;1;;;;;;;;;;;;;
337;0,974135096;0,396934415;0,623558493;1;-0,205589765;0,288927797;-2,027948825;1;0,153438563;0,472732973;-0,616403592;1;;;;;;;;;;;;;
338;0,762912982;0,378086099;0,271521636;1;0,304375584;0,277677009;0,521877918;1;-0,089625107;0,464923111;-1,224062767;1;;;;;;;;;;;;;
339;0,924095789;0,403390195;0,540159648;1;0,14836611;0,390821028;-0,258169451;1;0,171780425;0,543641082;-0,570548936;1;;;;;;;;;;;;;
340;0,936472113;0,439768771;0,560786855;1;-0,345012093;0,318426899;-2,725060466;1;-0,118422563;0,609852016;-1,296056408;1;;;;;;;;;;;;;
341;0,429241952;0,360319445;-0,284596746;1;0,063406257;0,285959059;-0,682968714;1;0,365962509;0,505941212;-0,085093727;1;;;;;;;;;;;;;
342;0,305141317;0,434720915;-0,491431139;1;0,716000306;0,354829899;2,580001531;1;0,715047575;0,612330647;0,787618936;1;;;;;;;;;;;;;
343;0,845012689;0,406477885;0,408354482;1;0,000511054;0,286283926;-0,99744473;1;0,236207384;0,510332036;-0,409481541;1;;;;;;;;;;;;;
344;1,205922057;0,473443449;1,009870096;1;0,27058471;0,348257815;0,35292355;1;-0,417861246;0,563512609;-2,044653115;1;;;;;;;;;;;;;
345;0,357533439;0,370147658;-0,404110935;1;0,466404063;0,292943296;1,332020313;1;0,549167006;0,527238033;0,372917516;1;;;;;;;;;;;;;
346;0,759596541;0,330801608;0,265994236;1;0,136385124;0,259477815;-0,318074382;1;-0,043877202;0,394354604;-1,109693006;1;;;;;;;;;;;;;
347;0,788922717;0,427480599;0,314871195;1;-0,353446658;0,309899008;-2,767233291;1;0,255759512;0,563602064;-0,360601219;1;;;;;;;;;;;;;
348;0,659519457;0,365519887;0,099199095;1;0,734227343;0,286974546;2,671136713;1;-0,694781139;0,515038094;-2,736952847;0;;;;;;;;;;;;;
349;0,108309041;0,31749412;-0,819484931;1;0,279107133;0,229287378;0,395535665;1;0,495497726;0,386590285;0,238744315;1;;;;;;;;;;;;;
350;0,344735863;0,466057837;-0,425440229;1;0,645853012;0,360593915;2,229265058;1;0,643773282;0,697783257;0,609433204;1;;;;;;;;;;;;;
351;1,171414213;0,416786705;0,952357022;1;-0,16479512;0,27000489;-1,823975602;1;-0,732391794;0,536587791;-2,830979485;0;;;;;;;;;;;;;
352;0,506966491;0,394058627;-0,155055849;1;0,047968362;0,322402996;-0,760158189;1;0,513149429;0,560855315;0,282873572;1;;;;;;;;;;;;;
353;0,803212662;0,394699601;0,338687769;1;-0,192957985;0,271448936;-1,964789923;1;0,068270501;0,458880167;-0,829323748;1;;;;;;;;;;;;;
354;0,689538651;0,321680638;0,149231085;1;0,044050768;0,247749699;-0,779746161;1;0,289424228;0,411024212;-0,276439429;1;;;;;;;;;;;;;
355;0,619413087;0,458836918;0,032355146;1;0,256559646;0,340431263;0,282798231;1;0,807239106;0,703223062;1,018097764;1;;;;;;;;;;;;;
356;0,832491174;0,395552316;0,387485289;1;0,063740966;0,35774932;-0,681295169;1;0,852574901;0,548932308;1,131437253;1;;;;;;;;;;;;;
357;1,154368021;0,396607964;0,923946702;1;0,222818772;0,296666294;0,11409386;1;-0,237585311;0,579685959;-1,593963276;1;;;;;;;;;;;;;
358;0,306657252;0,35566947;-0,488904579;1;0,078525619;0,28413211;-0,607371905;1;1,152336574;0,494337507;1,880841436;1;;;;;;;;;;;;;
359;0,777720426;0,439253719;0,29620071;1;0,200146066;0,326329008;0,000730329;1;0,497751921;0,616852208;0,244379803;1;;;;;;;;;;;;;
360;0,813362863;0,418552009;0,355604771;1;-0,32199799;0,368047414;-2,609989952;1;0,812941437;0,673525351;1,032353593;1;;;;;;;;;;;;;
361;1,065823882;0,641508477;0,776373137;1;0,563390824;0,489222107;1,816954122;1;-0,214445469;0,807885518;-1,536113672;1;;;;;;;;;;;;;
362;0,597327027;0,352385894;-0,004454955;1;-0,183954724;0,292516223;-1,91977362;1;0,38618067;0,447338385;-0,034548324;1;;;;;;;;;;;;;
363;0,084600184;0,283548747;-0,858999693;1;-0,044692502;0,215935959;-1,223462511;1;0,14210666;0,382211012;-0,644733349;1;;;;;;;;;;;;;
364;0,340248538;0,306199746;-0,432919103;1;0,512767699;0,232892202;1,563838497;1;-0,404533011;0,429145669;-2,011332527;1;;;;;;;;;;;;;
365;0,521579715;0,317601202;-0,130700474;1;0,130896767;0,253451859;-0,345516164;1;0,588021848;0,416827518;0,47005462;1;;;;;;;;;;;;;
366;-0,058409109;0,298030972;-1,097348514;0;0,151456474;0,225848982;-0,242717631;1;0,66895828;0,373870098;0,672395699;1;;;;;;;;;;;;;
367;-0,276086178;0,439586861;-1,46014363;0;0,419194158;0,328332541;1,095970789;1;1,42655983;0,65182952;2,566399575;1;;;;;;;;;;;;;
368;0,161385399;0,367488586;-0,731024335;1;-0,470107933;0,292104188;-3,350539664;0;1,673497108;0,629376788;3,183742771;0;;;;;;;;;;;;;
369;0,31524428;0,405058594;-0,474592867;1;0,445374077;0,308478167;1,226870387;1;0,370263125;0,516860788;-0,074342187;1;;;;;;;;;;;;;
370;0,385417379;0,371361447;-0,357637702;1;-0,391220175;0,292935441;-2,956100875;0;1,177872325;0,470810896;1,944680814;1;;;;;;;;;;;;;
371;1,166179968;0,453008876;0,94363328;1;-0,0412699;0,333676841;-1,2063495;1;-0,353069959;0,602601193;-1,882674897;1;;;;;;;;;;;;;
372;0,479734686;0,313310848;-0,20044219;1;-0,158190689;0,23896321;-1,790953446;1;0,510584907;0,383392815;0,276462268;1;;;;;;;;;;;;;
373;0,811456279;0,375160911;0,352427131;1;0,115592316;0,330317801;-0,422038421;1;0,025338073;0,554195705;-0,936654817;1;;;;;;;;;;;;;
374;0,439791501;0,276261432;-0,267014165;1;0,449965633;0,237294695;1,249828167;1;-0,176683103;0,344539072;-1,441707758;1;;;;;;;;;;;;;
375;1,221996004;0,426300649;1,036660007;1;-0,255361081;0,269953018;-2,276805405;1;-0,989231354;0,456524779;-3,473078384;0;;;;;;;;;;;;;
376;0,276512516;0,411525988;-0,539145807;1;0,336359113;0,298640884;0,681795565;1;0,549249206;0,518860994;0,373123016;1;;;;;;;;;;;;;
377;0,262463709;0,405607293;-0,562560484;1;0,022063799;0,284102609;-0,889681004;1;0,687326534;0,510420134;0,718316334;1;;;;;;;;;;;;;
378;0,846200868;0,481520236;0,410334781;1;-0,045209667;0,330994843;-1,226048337;1;0,441335804;0,628949394;0,103339511;1;;;;;;;;;;;;;
379;-0,327919295;0,338556381;-1,546532158;0;0,610842881;0,282076145;2,054214406;1;0,703270844;0,496326126;0,758177111;1;;;;;;;;;;;;;
380;1,520735101;0,781202144;1,534558501;1;0,011044299;0,517521236;-0,944778506;1;-0,125443662;0,898499715;-1,313609156;1;;;;;;;;;;;;;
381;0,528364824;0,393762838;-0,11939196;1;0,393151954;0,28207101;0,965759769;1;-0,131566132;0,482351582;-1,328915331;1;;;;;;;;;;;;;
382;0,599597781;0,387508053;-0,000670365;1;0,316577243;0,323554492;0,582886215;1;0,312062728;0,447458314;-0,21984318;1;;;;;;;;;;;;;
383;0,94385857;0,351229295;0,573097617;1;-0,308028366;0,267394999;-2,54014183;1;-0,014483547;0,491733174;-1,036208867;1;;;;;;;;;;;;;
384;0,562846614;0,438460586;-0,06192231;1;-0,560569422;0,305844009;-3,802847112;0;0,638220967;0,595010507;0,595552417;1;;;;;;;;;;;;;
385;0,786020945;0,356322826;0,310034908;1;-0,175369982;0,272060158;-1,876849912;1;-0,089523722;0,461618574;-1,223809306;1;;;;;;;;;;;;;
386;1,018141709;0,336802313;0,696902848;1;0,059298115;0,260768323;-0,703509423;1;-0,253287515;0,426385869;-1,633218787;1;;;;;;;;;;;;;
387;0,740484614;0,370367481;0,234141023;1;0,047832039;0,28514119;-0,760839804;1;0,223596993;0,484719994;-0,441007518;1;;;;;;;;;;;;;
388;0,595541742;0,385661904;-0,00743043;1;-0,326957856;0,297268254;-2,634789278;1;0,901125184;0,501270749;1,25281296;1;;;;;;;;;;;;;
389;1,079220665;0,405469325;0,798701108;1;-0,28308734;0,300612993;-2,415436702;1;-0,213721058;0,58690449;-1,534302646;1;;;;;;;;;;;;;
390;1,196734045;0,617198949;0,994556742;1;-0,150216689;0,436720634;-1,751083444;1;-0,302485257;0,747848569;-1,756213144;1;;;;;;;;;;;;;
391;-0,005364245;0,283551298;-1,008940408;0;0,196435652;0,243453338;-0,01782174;1;1,500593655;0,421886258;2,751484137;0;;;;;;;;;;;;;
392;0,678688533;0,362244988;0,131147556;1;0,504498434;0,259042898;1,522492168;1;-0,176977742;0,465722559;-1,442444355;1;;;;;;;;;;;;;
393;0,397095956;0,295482281;-0,338173406;1;0,252329278;0,216118901;0,26164639;1;0,06614315;0,422307961;-0,834642124;1;;;;;;;;;;;;;
394;-0,035008332;0,490841966;-1,058347221;1;0,92943293;0,38516968;3,647164649;1;0,420343708;0,712146155;0,050859271;1;;;;;;;;;;;;;
395;0,552505322;0,384810808;-0,079157797;1;-0,188580712;0,288391321;-1,942903561;1;0,538665082;0,443366656;0,346662704;1;;;;;;;;;;;;;
396;-0,022784629;0,314313211;-1,037974382;0;1,036853332;0,259120291;4,184266662;0;0,601934442;0,389075152;0,504836106;1;;;;;;;;;;;;;
397;0,185779013;0,422572268;-0,690368312;1;0,287137865;0,327886423;0,435689326;1;1,302953134;0,612734588;2,257382835;1;;;;;;;;;;;;;
398;1,047106463;0,345748997;0,745177438;1;-0,458599566;0,235420741;-3,292997832;0;-0,248320334;0,380580719;-1,620800836;1;;;;;;;;;;;;;
399;0,853892538;0,486443463;0,42315423;1;-0,022189529;0,376050859;-1,110947643;1;0,646578279;0,588205401;0,616445698;1;;;;;;;;;;;;;
400;0,413746609;0,425438974;-0,310422318;1;0,303450753;0,330908882;0,517253764;1;0,836789184;0,565960867;1,091972961;1;;;;;;;;;;;;;
401;0,72601228;0,436647664;0,210020466;1;0,601111965;0,358257428;2,005559824;1;0,254257968;0,527857224;-0,364355081;1;;;;;;;;;;;;;
402;0,535966856;0,433828995;-0,106721906;1;0,527844172;0,351520021;1,639220859;1;1,073982986;0,557240623;1,684957465;1;;;;;;;;;;;;;
403;0,490890092;0,33066922;-0,181849847;1;0,230466552;0,252604101;0,152332762;1;0,021383675;0,403202366;-0,946540811;1;;;;;;;;;;;;;
404;0,340470579;0,388088839;-0,432549034;1;0,311745657;0,325761608;0,558728284;1;0,317572946;0,544433979;-0,206067635;1;;;;;;;;;;;;;
405;0,668617362;0,444694787;0,11436227;1;0,177472334;0,333396735;-0,11263833;1;0,519057176;0,595505585;0,297642939;1;;;;;;;;;;;;;
406;1,211977555;0,417007107;1,019962592;1;0,844255653;0,33320636;3,221278264;1;-0,760060706;0,569511169;-2,900151765;0;;;;;;;;;;;;;
407;0,867561288;0,433452482;0,445935481;1;0,180192703;0,304156513;-0,099036485;1;-0,140270653;0,548208127;-1,350676633;1;;;;;;;;;;;;;
408;0,901043913;0,398093164;0,501739855;1;-0,516667025;0,28629989;-3,583335125;0;0,228677608;0,489683587;-0,428305979;1;;;;;;;;;;;;;
409;1,275756732;0,391801254;1,12626122;1;-0,285535077;0,298261561;-2,427675384;1;-0,674830216;0,555640155;-2,68707554;1;;;;;;;;;;;;;
410;1,063713508;0,365975325;0,772855846;1;0,185961643;0,293968182;-0,070191784;1;-0,326632133;0,50098206;-1,816580333;1;;;;;;;;;;;;;
411;0,370183422;0,448683019;-0,38302763;1;0,423770794;0,312269767;1,118853972;1;-0,065169982;0,562948075;-1,162924955;1;;;;;;;;;;;;;
412;0,554370135;0,335538761;-0,076049775;1;0,152044007;0,250298572;-0,239779963;1;0,135641518;0,448568184;-0,660896205;1;;;;;;;;;;;;;
413;0,26564769;0,395559768;-0,55725385;1;0,352730315;0,348566831;0,763651577;1;0,88697274;0,538699127;1,21743185;1;;;;;;;;;;;;;
414;0,826044862;0,418160277;0,376741437;1;0,438184928;0,315607863;1,19092464;1;0,493121384;0,571730483;0,23280346;1;;;;;;;;;;;;;
415;0,851707565;0,379550106;0,419512608;1;-0,040894717;0,291204602;-1,204473587;1;0,295660994;0,502677009;-0,260847514;1;;;;;;;;;;;;;
416;0,310392099;0,350719435;-0,482679836;1;0,43066213;0,259342972;1,153310652;1;0,380912223;0,460777342;-0,047719442;1;;;;;;;;;;;;;
417;1,290863581;0,413405634;1,151439302;1;-0,040566929;0,311621748;-1,202834643;1;-0,25369065;0,526308388;-1,634226626;1;;;;;;;;;;;;;
418;1,112808739;0,547133869;0,854681232;1;-0,242314339;0,434103918;-2,211571693;1;0,128810638;0,67112473;-0,677973404;1;;;;;;;;;;;;;
419;0,529275375;0,468067481;-0,117874375;1;-0,16852585;0,329157408;-1,842629249;1;1,017069488;0,537366181;1,542673719;1;;;;;;;;;;;;;
420;0,711735129;0,379869556;0,186225216;1;0,517454876;0,315632285;1,587274378;1;0,513766349;0,493261433;0,284415872;1;;;;;;;;;;;;;
421;-0,06582973;0,462006905;-1,109716217;1;0,071948039;0,368418826;-0,640259806;1;1,955315978;0,781335129;3,888289945;0;;;;;;;;;;;;;
422;0,419311873;0,373259888;-0,301146878;1;0,534396051;0,290772902;1,671980255;1;0,750271407;0,460381935;0,875678517;1;;;;;;;;;;;;;
423;0,683023537;0,409379561;0,138372562;1;-0,139378999;0,304198837;-1,696894993;1;0,324215195;0,536378457;-0,189462012;1;;;;;;;;;;;;;
424;0,423624721;0,313258419;-0,293958798;1;-0,266128781;0,228810657;-2,330643903;0;0,531160619;0,402493656;0,327901547;1;;;;;;;;;;;;;
425;0,056194021;0,269969703;-0,906343298;0;0,181958408;0,19735724;-0,090207958;1;-0,366592212;0,318600005;-1,91648053;0;;;;;;;;;;;;;
426;0,635582089;0,406298966;0,059303481;1;0,065013617;0,292880335;-0,674931915;1;0,103450252;0,5859508;-0,74137437;1;;;;;;;;;;;;;
427;0,923682711;0,343644964;0,539471185;1;-0,008829361;0,254014429;-1,044146807;1;-0,501589272;0,466650493;-2,25397318;1;;;;;;;;;;;;;
428;0,043360837;0,323017394;-0,927731938;1;0,345977275;0,242832206;0,729886374;1;-0,006120964;0,379888634;-1,01530241;1;;;;;;;;;;;;;
429;-0,06519956;0,4156599;-1,108665933;1;0,251195082;0,295753008;0,255975411;1;1,061387091;0,522435459;1,653467727;1;;;;;;;;;;;;;
430;0,305577859;0,376027848;-0,490703569;1;0,254423088;0,277078561;0,272115441;1;0,451345063;0,467964131;0,128362657;1;;;;;;;;;;;;;
431;0,473998065;0,317823897;-0,210003226;1;0,368565984;0,269665705;0,842829919;1;0,169015527;0,463577448;-0,577461183;1;;;;;;;;;;;;;
432;0,222671529;0,513989959;-0,628880784;1;0,670729173;0,380696129;2,353645865;1;0,743174951;0,669108306;0,857937379;1;;;;;;;;;;;;;
433;0,344774827;0,375595057;-0,425375289;1;0,075413477;0,300853479;-0,622932613;1;0,745266331;0,612761819;0,863165827;1;;;;;;;;;;;;;
434;0,266400985;0,414276072;-0,555998359;1;-0,18828531;0,321682001;-1,941426552;1;1,657227598;0,555983183;3,143068994;0;;;;;;;;;;;;;
435;0,539748002;0,432775372;-0,100419996;1;0,522376757;0,3377196;1,611883784;1;0,584267096;0,617542683;0,46066774;1;;;;;;;;;;;;;
436;-0,357770925;0,297217883;-1,596284875;0;-0,282563238;0,217551981;-2,412816191;0;1,218520203;0,368136554;2,046300508;0;;;;;;;;;;;;;
437;1,319979537;0,480043874;1,199965895;1;-0,170789178;0,415404054;-1,853945891;1;0,358821377;0,613568174;-0,102946557;1;;;;;;;;;;;;;
438;0,673172033;0,53286599;0,121953389;1;0,230960971;0,348854324;0,154804856;1;0,479000957;0,684257072;0,197502391;1;;;;;;;;;;;;;
439;0,875392709;0,365427239;0,458987848;1;-0,211244039;0,269940445;-2,056220193;1;0,332622317;0,552661852;-0,168444208;1;;;;;;;;;;;;;
440;1,154602376;0,419887422;0,924337293;1;0,070233135;0,326858603;-0,648834327;1;-0,086681066;0,539454245;-1,216702665;1;;;;;;;;;;;;;
441;-0,048203369;0,302230166;-1,080338948;0;0,185572733;0,253330326;-0,072136335;1;1,168757137;0,420181097;1,921892842;1;;;;;;;;;;;;;
442;-0,352849648;0,353884231;-1,588082747;0;0,73608583;0,279844277;2,680429149;1;0,998236982;0,579977615;1,495592454;1;;;;;;;;;;;;;
443;-0,523389787;0,327884596;-1,872316312;0;0,709268118;0,269059882;2,54634059;1;1,26660524;0,48262512;2,1665131;1;;;;;;;;;;;;;
444;0,79698315;0,372558919;0,32830525;1;0,603113191;0,316861672;2,015565956;1;-0,205062398;0,535847342;-1,512655995;1;;;;;;;;;;;;;
445;0,613715586;0,361670447;0,022859311;1;0,017838428;0,305393697;-0,910807862;1;0,442769865;0,475562487;0,106924662;1;;;;;;;;;;;;;
446;0,800991417;0,358900102;0,334985695;1;0,098696015;0,290397929;-0,506519924;1;0,660812224;0,480564957;0,65203056;1;;;;;;;;;;;;;
447;0,597942601;0,435056185;-0,003428998;1;-0,384431442;0,315647433;-2,922157209;1;0,849022154;0,537723841;1,122555386;1;;;;;;;;;;;;;
448;1,007595338;0,556434532;0,679325563;1;0,268424713;0,363942492;0,342123567;1;-0,845703204;0,674157944;-3,114258011;1;;;;;;;;;;;;;
449;1,558665164;0,483205698;1,597775274;0;-0,662839474;0,321674385;-4,314197369;0;-0,838931026;0,594851748;-3,097327566;0;;;;;;;;;;;;;
450;0,492937994;0,33058289;-0,178436677;1;0,037533478;0,265629417;-0,812332609;1;0,333064042;0,440485314;-0,167339895;1;;;;;;;;;;;;;
451;0,04458874;0,334655414;-0,925685434;1;-0,123881284;0,236024657;-1,61940642;1;1,145445091;0,419841539;1,863612727;1;;;;;;;;;;;;;
452;1,12189113;0,380889656;0,86981855;1;-0,080655509;0,253982205;-1,403277543;1;-0,634935302;0,487858401;-2,587338254;0;;;;;;;;;;;;;
453;1,247043858;0,449811571;1,078406429;1;0,310727517;0,318503034;0,553637584;1;-0,316635398;0,648486954;-1,791588495;1;;;;;;;;;;;;;
454;0,413322721;0,275808704;-0,311128798;1;0,35578257;0,235283949;0,778912852;1;0,295225431;0,380983747;-0,261936423;1;;;;;;;;;;;;;
455;0,156103766;0,357427484;-0,739827057;1;0,229999885;0,28952692;0,149999427;1;0,595878927;0,433715365;0,489697318;1;;;;;;;;;;;;;
456;0,073603939;0,294452071;-0,877326768;1;0,601865976;0,233459472;2,009329879;1;0,163733361;0,347339593;-0,590666597;1;;;;;;;;;;;;;
457;-0,29391874;0,32268301;-1,489864567;0;1,017155154;0,280501629;4,085775771;0;0,727479041;0,396865919;0,818697602;1;;;;;;;;;;;;;
458;-0,059981749;0,386970339;-1,099969582;1;0,337397426;0,291044085;0,68698713;1;1,464788935;0,494740411;2,661972337;0;;;;;;;;;;;;;
459;0,578201819;0,350896109;-0,036330301;1;-0,24656124;0,265618814;-2,232806201;1;0,459684422;0,440921314;0,149211054;1;;;;;;;;;;;;;
460;0,666308201;0,370781008;0,110513669;1;0,073265774;0,267226778;-0,633671128;1;0,650506622;0,472406537;0,626266554;1;;;;;;;;;;;;;
461;0,222972914;0,384085072;-0,628378477;1;0,601525105;0,317187446;2,007625526;1;0,73510785;0,548046017;0,837769624;1;;;;;;;;;;;;;
462;0,936040469;0,460417599;0,560067448;1;-0,280417466;0,310065439;-2,402087329;1;-0,059854366;0,626319737;-1,149635914;1;;;;;;;;;;;;;
463;0,488654389;0,394155579;-0,185576018;1;0,687147577;0,329401544;2,435737886;1;0,879308272;0,605303404;1,19827068;1;;;;;;;;;;;;;
464;-0,150219247;0,321136449;-1,250365411;0;0,62263554;0,260973074;2,113177702;1;1,072630645;0,441873134;1,681576613;1;;;;;;;;;;;;;
465;0,669868516;0,453820743;0,116447527;1;-0,211664035;0,272029614;-2,058320177;1;0,209922989;0,571539821;-0,475192526;1;;;;;;;;;;;;;
466;0,245998403;0,314267623;-0,590002662;1;0,355784636;0,252224657;0,778923179;1;0,397998608;0,427055632;-0,00500348;1;;;;;;;;;;;;;
467;1,009765729;0,383270083;0,682942882;1;-0,077752564;0,310976091;-1,388762818;1;0,031622582;0,503773689;-0,920943546;1;;;;;;;;;;;;;
468;-0,135386105;0,333483997;-1,225643508;0;0,274486601;0,240300098;0,372433005;1;0,900846337;0,427745798;1,252115843;1;;;;;;;;;;;;;
469;0,500510044;0,319602555;-0,165816594;1;0,175478882;0,26462984;-0,122605592;1;0,349370082;0,407265059;-0,126574795;1;;;;;;;;;;;;;
470;-0,168747802;0,26020146;-1,281246336;0;0,239617967;0,210637815;0,198089836;1;0,83234566;0,357228013;1,08086415;1;;;;;;;;;;;;;
471;0,736758212;0,310363551;0,227930353;1;0,070290307;0,216913959;-0,648548465;1;-0,357493705;0,385000015;-1,893734262;0;;;;;;;;;;;;;
472;0,674974854;0,316224116;0,124958091;1;0,641685859;0,263673639;2,208429297;1;-0,508101721;0,379222369;-2,270254302;0;;;;;;;;;;;;;
473;0,141624183;0,369304059;-0,763959695;1;0,139990705;0,274526386;-0,300046475;1;1,157574234;0,467921489;1,893935585;1;;;;;;;;;;;;;
474;1,247570867;0,405837408;1,079284778;1;0,05497323;0,330581402;-0,725133849;1;-0,326255377;0,542191552;-1,815638442;1;;;;;;;;;;;;;
475;0,804044596;0,377123744;0,340074326;1;0,137233414;0,258136108;-0,313832929;1;-0,389981275;0,497139193;-1,974953188;1;;;;;;;;;;;;;
476;0,183694925;0,32573022;-0,693841792;1;-0,163172039;0,247139632;-1,815860194;1;0,440310799;0,418199123;0,100776996;1;;;;;;;;;;;;;
477;0,728287975;0,514527241;0,213813292;1;0,445214762;0,34454178;1,226073812;1;0,192261688;0,710359657;-0,51934578;1;;;;;;;;;;;;;
478;0,693752595;0,357993314;0,156254325;1;0,409923147;0,279359434;1,049615736;1;-0,339993817;0,435233464;-1,849984544;1;;;;;;;;;;;;;
479;0,59384829;0,299288427;-0,01025285;1;0,402503654;0,226007594;1,012518271;1;0,036573975;0,369171785;-0,908565063;1;;;;;;;;;;;;;
480;0,474054446;0,33098336;-0,209909256;1;0,105279416;0,262249162;-0,473602921;1;0,21878338;0,400439151;-0,453041549;1;;;;;;;;;;;;;
481;0,385064488;0,462812536;-0,358225853;1;0,173155023;0,346339841;-0,134224883;1;0,913558163;0,662278925;1,283895408;1;;;;;;;;;;;;;
482;0,067781895;0,40172464;-0,887030176;1;0,475599448;0,290720783;1,377997241;1;-0,149083513;0,462991037;-1,372708783;1;;;;;;;;;;;;;
483;0,560468239;0,464135208;-0,065886268;1;0,404113465;0,393162936;1,020567324;1;1,05858528;0,66213729;1,6464632;1;;;;;;;;;;;;;
484;0,261539272;0,319694913;-0,564101213;1;-0,029595549;0,253682774;-1,147977743;1;0,7594348;0,470036348;0,898586999;1;;;;;;;;;;;;;
485;1,10123399;0,462998089;0,835389984;1;-0,177673131;0,313275661;-1,888365654;1;-0,181265885;0,542927404;-1,453164713;1;;;;;;;;;;;;;
486;0,816080702;0,422812312;0,360134504;1;-0,047866919;0,314490607;-1,239334595;1;1,123080059;0,540286755;1,807700147;1;;;;;;;;;;;;;
487;0,854514863;0,419241386;0,424191438;1;0,353445124;0,321783458;0,767225619;1;0,158991871;0,522190937;-0,602520324;1;;;;;;;;;;;;;
488;0,544266448;0,420116359;-0,092889253;1;0,139712153;0,325920797;-0,301439233;1;0,274855138;0,542416853;-0,312862156;1;;;;;;;;;;;;;
489;0,49065862;0,359474231;-0,182235634;1;0,256496657;0,254211584;0,282483284;1;0,259260442;0,453150253;-0,351848894;1;;;;;;;;;;;;;
490;0,612372413;0,409987747;0,020620689;1;-0,439454221;0,31344961;-3,197271104;0;1,079847286;0,554577;1,699618214;1;;;;;;;;;;;;;
491;1,195555727;0,435070471;0,992592879;1;-0,042672166;0,302416773;-1,213360831;1;-0,23794509;0,50591897;-1,594862726;1;;;;;;;;;;;;;
492;0,245665025;0,346454098;-0,590558291;1;0,30761832;0,279360336;0,538091598;1;0,96295821;0,468237975;1,407395526;1;;;;;;;;;;;;;
493;0,422284832;0,326105157;-0,296191946;1;0,668440079;0,268660143;2,342200394;1;-0,213131278;0,388503995;-1,532828195;1;;;;;;;;;;;;;
494;0,495476924;0,408288729;-0,174205127;1;0,24901876;0,270406399;0,245093799;1;0,076693694;0,491066424;-0,808265766;1;;;;;;;;;;;;;
495;0,923690443;0,338160221;0,539484071;1;0,23515526;0,317366507;0,175776298;1;0,403288556;0,454713043;0,008221389;1;;;;;;;;;;;;;
496;0,962966741;0,417003512;0,604944569;1;-0,413502014;0,308512212;-3,067510072;0;0,05879225;0,56265347;-0,853019374;1;;;;;;;;;;;;;
497;0,064183257;0,326297659;-0,893027906;1;0,359068297;0,252578237;0,795341484;1;0,788239852;0,471971094;0,97059963;1;;;;;;;;;;;;;
498;0,443170443;0,36512947;-0,261382595;1;0,163015716;0,208734521;-0,184921419;1;-0,27307935;0,455089989;-1,682698375;1;;;;;;;;;;;;;
499;0,560295125;0,326073623;-0,066174792;1;0,325367263;0,27104423;0,626836316;1;-0,186043377;0,477657952;-1,465108441;1;;;;;;;;;;;;;
500;0,871679089;0,427844126;0,452798482;1;-0,127351133;0,315268308;-1,636755663;1;0,146019085;0,517824482;-0,634952287;1;;;;;;;;;;;;;
501;-0,417936822;0,324624127;-1,69656137;0;0,674798752;0,273006098;2,373993759;1;1,179757301;0,464351285;1,949393253;1;;;;;;;;;;;;;
502;0,603465399;0,352189214;0,005775665;1;0,303329268;0,241649063;0,51664634;1;-0,501119933;0,449975859;-2,252799833;0;;;;;;;;;;;;;
503;0,537926805;0,371242861;-0,103455326;1;-0,239847967;0,311915093;-2,199239836;1;1,202555806;0,554691994;2,006389514;1;;;;;;;;;;;;;
504;0,945217858;0,438117687;0,575363097;1;0,1501261;0,338883922;-0,249369502;1;0,230164344;0,54957973;-0,424589139;1;;;;;;;;;;;;;
505;-0,134737014;0,309784087;-1,224561689;0;0,414782606;0,261085139;1,073913031;1;0,89195129;0,39221172;1,229878226;1;;;;;;;;;;;;;
506;0,343210537;0,365900347;-0,427982438;1;0,196117678;0,25929102;-0,019411609;1;0,655188723;0,502504817;0,637971807;1;;;;;;;;;;;;;
507;-0,309902669;0,406031447;-1,516504448;0;0,702401147;0,317908004;2,512005734;1;1,33276558;0,530813913;2,33191395;1;;;;;;;;;;;;;
508;0,571597802;0,395179332;-0,047336996;1;0,582635324;0,2957205;1,913176619;1;-0,660629188;0,469409908;-2,651572969;0;;;;;;;;;;;;;
509;0,315544989;0,414873476;-0,474091685;1;0,361155729;0,316507819;0,805778646;1;0,933729388;0,509951976;1,334323471;1;;;;;;;;;;;;;
510;1,306059384;0,336475593;1,176765641;0;-0,408653527;0,275213333;-3,043267637;0;-0,334136287;0,46660332;-1,835340718;1;;;;;;;;;;;;;
511;-0,058451743;0,311190317;-1,097419572;0;0,312029755;0,237126444;0,560148773;1;1,514328615;0,502753273;2,785821538;0;;;;;;;;;;;;;
512;0,353449151;0,388078826;-0,410918082;1;-0,079389265;0,294358654;-1,396946325;1;0,458902658;0,556265282;0,147256645;1;;;;;;;;;;;;;
513;0,96039603;0,445802403;0,60066005;1;0,207953303;0,357198013;0,039766516;1;0,016729916;0,635242302;-0,958175209;1;;;;;;;;;;;;;
514;0,776055791;0,358507683;0,293426318;1;0,006818504;0,242587625;-0,96590748;1;0,53183493;0,474153534;0,329587325;1;;;;;;;;;;;;;
515;-0,16080468;0,319572396;-1,268007801;0;0,503739164;0,240260586;1,518695819;1;1,073313573;0,438739818;1,683283932;1;;;;;;;;;;;;;
516;1,028576898;0,497552265;0,71429483;1;-0,149464742;0,344198286;-1,74732371;1;0,317721182;0,74745998;-0,205697045;1;;;;;;;;;;;;;
517;0,351293494;0,313454618;-0,414510843;1;0,21058786;0,252007687;0,052939298;1;0,40837611;0,445501155;0,020940276;1;;;;;;;;;;;;;
518;0,719599611;0,341054441;0,199332686;1;0,239000638;0,275179659;0,195003191;1;0,514134225;0,451563909;0,285335563;1;;;;;;;;;;;;;
519;0,457088264;0,317275208;-0,238186227;1;0,196370275;0,249883561;-0,018148625;1;0,783409171;0,429231331;0,958522928;1;;;;;;;;;;;;;
520;0,522582515;0,372320921;-0,129029142;1;-0,263863221;0,291188227;-2,319316106;1;0,826092344;0,49677622;1,065230859;1;;;;;;;;;;;;;
521;0,568359513;0,423493484;-0,052734146;1;0,330360687;0,286111168;0,651803435;1;0,34971088;0,533218811;-0,1257228;1;;;;;;;;;;;;;
522;0,577970276;0,416694371;-0,036716207;1;-0,116211164;0,305790096;-1,58105582;1;0,722279101;0,626725476;0,805697752;1;;;;;;;;;;;;;
523;-0,096158629;0,443247201;-1,160264382;1;0,327213167;0,334518035;0,636065833;1;1,50442595;0,623274695;2,761064875;1;;;;;;;;;;;;;
524;0,676640549;0,37487621;0,127734248;1;0,05990437;0,269671672;-0,700478148;1;0,126080591;0,468046461;-0,684798523;1;;;;;;;;;;;;;
525;0,830160998;0,292062698;0,383601663;1;-0,148644151;0,230362749;-1,743220755;1;-0,606169172;0,346046193;-2,51542293;0;;;;;;;;;;;;;
526;0,658955666;0,427700955;0,098259443;1;-0,044397009;0,316277181;-1,221985043;1;0,661540833;0,534656656;0,653852083;1;;;;;;;;;;;;;
527;0,581374859;0,387726442;-0,031041902;1;-0,035646771;0,278826658;-1,178233854;1;0,00534134;0,536968656;-0,986646649;1;;;;;;;;;;;;;
528;0,52762605;0,291059776;-0,120623249;1;0,381654662;0,209421902;0,908273308;1;-0,239064264;0,37399997;-1,597660661;1;;;;;;;;;;;;;
529;0,454146364;0,553987665;-0,243089394;1;0,434489295;0,390615625;1,172446473;1;0,46266834;0,668990252;0,156670851;1;;;;;;;;;;;;;
530;0,869618556;0,372253745;0,44936426;1;0,002462091;0,278118681;-0,987689544;1;-0,018591374;0,472434086;-1,046478436;1;;;;;;;;;;;;;
531;-0,040914762;0,284944671;-1,068191271;0;-0,118630475;0,209445623;-1,593152375;1;0,884158802;0,359247798;1,210397005;1;;;;;;;;;;;;;
532;0,125540485;0,347385948;-0,790765858;1;0,407302907;0,257710364;1,036514534;1;0,511554377;0,42260525;0,278885943;1;;;;;;;;;;;;;
533;0,824553291;0,494240879;0,374255485;1;-0,18892968;0,414531388;-1,9446484;1;0,851927155;0,767987193;1,129817888;1;;;;;;;;;;;;;
534;-0,084093359;0,309662968;-1,140155599;0;0,688996312;0,262843515;2,444981559;1;1,002079315;0,441657398;1,505198288;1;;;;;;;;;;;;;
535;0,901366654;0,377910351;0,502277757;1;-0,056375299;0,338170663;-1,281876495;1;0,05516416;0,557928826;-0,862089599;1;;;;;;;;;;;;;
536;-0,207631827;0,404432122;-1,346053046;0;-0,228379347;0,283258042;-2,141896734;1;1,612418386;0,526223617;3,031045966;0;;;;;;;;;;;;;
537;-0,279408797;0,474944436;-1,465681328;1;0,411057051;0,350113967;1,055285253;1;1,490785209;0,666172947;2,726963023;1;;;;;;;;;;;;;
538;0,589341544;0,342984741;-0,017764094;1;-0,170584824;0,253482383;-1,852924118;1;0,671547337;0,433612241;0,678868342;1;;;;;;;;;;;;;
539;1,073443027;0,572367156;0,789071712;1;-0,179346383;0,401665605;-1,896731915;1;0,889200022;0,732284322;1,223000056;1;;;;;;;;;;;;;
540;-0,216451774;0,360288651;-1,360752957;0;0,303549191;0,25973897;0,517745956;1;1,272014735;0,501805642;2,180036837;1;;;;;;;;;;;;;
541;0,59357751;0,32115648;-0,010704151;1;0,097779596;0,267912981;-0,51110202;1;0,336609784;0,429314212;-0,158475541;1;;;;;;;;;;;;;
542;0,745098084;0,51096454;0,241830139;1;0,182308958;0,34287546;-0,088455212;1;0,175974662;0,571350279;-0,560063344;1;;;;;;;;;;;;;
543;-0,04196306;0,360991148;-1,069938433;1;0,439836784;0,263742347;1,199183922;1;0,952175568;0,494275957;1,380438919;1;;;;;;;;;;;;;
544;0,583284217;0,304945006;-0,027859638;1;-0,107387172;0,211163488;-1,536935859;1;-0,100259882;0,393481524;-1,250649705;1;;;;;;;;;;;;;
545;0,166235792;0,312539046;-0,722940346;1;0,296161769;0,247991442;0,480808846;1;0,579308821;0,414125736;0,448272052;1;;;;;;;;;;;;;
546;0,992442422;0,414166019;0,654070704;1;-0,159559453;0,306258873;-1,797797265;1;0,234127746;0,62381087;-0,414680636;1;;;;;;;;;;;;;
547;0,297123564;0,410926187;-0,50479406;1;0,281697164;0,307826431;0,408485818;1;1,13981611;0,501813883;1,849540275;1;;;;;;;;;;;;;
548;0,180972811;0,364189939;-0,698378649;1;0,396343986;0,276640097;0,981719929;1;0,203416467;0,45311231;-0,491458832;1;;;;;;;;;;;;;
549;0,300446164;0,333111819;-0,499256394;1;0,355231061;0,262873948;0,776155304;1;0,028615617;0,439361151;-0,928460958;1;;;;;;;;;;;;;
550;0,285342096;0,469842244;-0,52442984;1;0,511659498;0,343047296;1,55829749;1;0,364635021;0,548866808;-0,088412447;1;;;;;;;;;;;;;
551;0,532514831;0,331579525;-0,112475281;1;0,180460961;0,284002865;-0,097695197;1;0,642897677;0,47592844;0,607244192;1;;;;;;;;;;;;;
552;1,061365473;0,445202607;0,768942455;1;-0,211011872;0,284058545;-2,055059359;1;-0,148595707;0,528778407;-1,371489267;1;;;;;;;;;;;;;
553;0,598427585;0,480549844;-0,002620692;1;0,317315565;0,347116129;0,586577824;1;0,310504327;0,604737206;-0,223739184;1;;;;;;;;;;;;;
554;0,147664227;0,382679501;-0,753892955;1;0,300412789;0,283906674;0,502063943;1;0,912156135;0,481584591;1,280390338;1;;;;;;;;;;;;;
555;-0,159224356;0,350784161;-1,265373927;0;0,6221798;0,232601247;2,110898998;1;0,912682803;0,462536814;1,281707008;1;;;;;;;;;;;;;
556;0,305395233;0,3812226;-0,491007945;1;0,089368122;0,303724699;-0,553159389;1;1,010828995;0,487590892;1,527072487;1;;;;;;;;;;;;;
557;0,178353135;0,364374016;-0,702744774;1;-0,350183171;0,261452135;-2,750915853;0;0,920995447;0,463765087;1,302488617;1;;;;;;;;;;;;;
558;0,891133249;0,45916886;0,485222082;1;0,014024885;0,349356354;-0,929875574;1;0,372678498;0,685031905;-0,068303756;1;;;;;;;;;;;;;
559;0,448586261;0,524514044;-0,252356231;1;0,277101795;0,397383735;0,385508975;1;0,297671655;0,805028851;-0,255820862;1;;;;;;;;;;;;;
560;0,282025468;0,31560417;-0,529957553;1;0,616146896;0,25216356;2,08073448;1;0,239680753;0,41058087;-0,400798117;1;;;;;;;;;;;;;
561;0,246898299;0,290741211;-0,588502835;1;0,100157292;0,214427279;-0,49921354;1;0,325543499;0,369794946;-0,186141252;1;;;;;;;;;;;;;
562;0,99745713;0,393758517;0,66242855;1;0,034805394;0,3125583;-0,825973028;1;0,289881414;0,532951702;-0,275296464;1;;;;;;;;;;;;;
563;0,86053243;0,429934407;0,434220717;1;-0,086285656;0,351429895;-1,43142828;1;0,414418149;0,58982458;0,036045372;1;;;;;;;;;;;;;
564;-0,301662794;0,328861041;-1,502771323;0;0,694119066;0,244316358;2,47059533;0;0,530024055;0,401351819;0,325060138;1;;;;;;;;;;;;;
565;0,594412208;0,305707974;-0,009312987;1;0,227876741;0,26411637;0,139383705;1;0,282474642;0,433464206;-0,293813396;1;;;;;;;;;;;;;
566;1,023977295;0,449352617;0,706628825;1;-0,092408506;0,315152444;-1,462042528;1;0,082042002;0,551923138;-0,794894994;1;;;;;;;;;;;;;
567;0,54348484;0,332987366;-0,094191933;1;0,302916174;0,266302535;0,514580868;1;-0,377411872;0,46874587;-1,943529679;1;;;;;;;;;;;;;
568;0,45072098;0,3808025;-0,248798367;1;0,475264691;0,283195162;1,376323453;1;0,338302125;0,486480593;-0,154244689;1;;;;;;;;;;;;;
569;-0,190411617;0,406647344;-1,317352695;1;0,60398498;0,288132314;2,019924902;1;1,263423717;0,593964056;2,158559293;1;;;;;;;;;;;;;
570;1,182255415;0,382369921;0,970425692;1;0,139007355;0,311736362;-0,304963225;1;-0,037702897;0,501831326;-1,094257243;1;;;;;;;;;;;;;
571;0,321534451;0,385752978;-0,464109249;1;-0,065575934;0,309649481;-1,32787967;1;1,230655785;0,553330515;2,076639462;1;;;;;;;;;;;;;
572;0,20472073;0,360196831;-0,658798784;1;0,471103809;0,258188572;1,355519047;1;0,329077556;0,511561765;-0,17730611;1;;;;;;;;;;;;;
573;0,575997988;0,609534097;-0,040003354;1;0,663157212;0,420178046;2,31578606;1;0,41352606;0,829941441;0,033815151;1;;;;;;;;;;;;;
574;1,388026852;0,717939705;1,313378087;1;0,381474712;0,473769521;0,907373559;1;-0,217634279;0,856165494;-1,544085697;1;;;;;;;;;;;;;
575;-0,154584285;0,392452983;-1,257640474;1;0,366778428;0,282765469;0,833892142;1;1,081594099;0,536335688;1,703985247;1;;;;;;;;;;;;;
576;-0,112698767;0,306976317;-1,187831279;0;0,589588081;0,25904294;1,947940406;1;0,929935336;0,36979838;1,324838339;1;;;;;;;;;;;;;
577;0,094059734;0,425062658;-0,843233776;1;0,362105579;0,333643792;0,810527895;1;0,933638178;0,55734016;1,334095445;1;;;;;;;;;;;;;
578;0,695422831;0,287758322;0,159038052;1;0,305065933;0,210902494;0,525329665;1;-0,250646081;0,350636064;-1,626615204;1;;;;;;;;;;;;;
579;0,880988165;0,363062172;0,468313609;1;-0,027772339;0,260179864;-1,138861694;1;0,019469347;0,460109233;-0,951326633;1;;;;;;;;;;;;;
580;0,819928056;0,380963599;0,366546761;1;0,166176646;0,296138942;-0,169116771;1;-0,055301508;0,543863791;-1,13825377;1;;;;;;;;;;;;;
581;0,102468614;0,371507627;-0,829218977;1;0,214442639;0,28473445;0,072213194;1;1,288222531;0,503667768;2,220556327;1;;;;;;;;;;;;;
582;0,834152788;0,343021668;0,390254647;1;0,116623863;0,205994075;-0,416880683;1;-0,958871764;0,386403584;-3,39717941;0;;;;;;;;;;;;;
583;0,483504072;0,295981281;-0,19415988;1;0,030828298;0,250868407;-0,845858508;1;-0,103372549;0,405500011;-1,258431372;1;;;;;;;;;;;;;
584;0,02862773;0,362154896;-0,952287116;1;0,074401941;0,247694166;-0,627990297;1;0,845081563;0,465614333;1,112703906;1;;;;;;;;;;;;;
585;0,507166755;0,406419992;-0,154722075;1;0,309494996;0,289848363;0,547474978;1;0,422899193;0,446353372;0,057247983;1;;;;;;;;;;;;;
586;-0,333574685;0,297631247;-1,555957809;0;0,052193718;0,221608226;-0,739031408;1;0,71608318;0,375537364;0,790207949;1;;;;;;;;;;;;;
587;0,376075589;0,380386999;-0,373207352;1;0,244996481;0,288332458;0,224982403;1;0,675540306;0,444851727;0,688850765;1;;;;;;;;;;;;;
588;0,456542583;0,289952917;-0,239095695;1;0,181276706;0,233290796;-0,093616469;1;0,249118112;0,364782552;-0,377204719;1;;;;;;;;;;;;;
589;0,968732583;0,516886088;0,614554305;1;-0,049953042;0,353408847;-1,249765208;1;-0,207835625;0,681437433;-1,519589061;1;;;;;;;;;;;;;
590;0,370103802;0,475491782;-0,38316033;1;0,730401126;0,379656174;2,652005631;1;0,334127429;0,623086066;-0,164681427;1;;;;;;;;;;;;;
591;-0,417616622;0,302503729;-1,696027704;0;-0,025039324;0,242523676;-1,125196621;1;1,414779161;0,463519243;2,536947903;0;;;;;;;;;;;;;
592;-0,072278235;0,295916304;-1,120463726;0;0,519282728;0,224278753;1,596413642;1;0,553620565;0,356912808;0,384051412;1;;;;;;;;;;;;;
593;0,503469;0,324583876;-0,160885;1;0,141260357;0,271833482;-0,293698217;1;0,594565756;0,398515174;0,48641439;1;;;;;;;;;;;;;
594;0,246011683;0,344359281;-0,589980528;1;0,870227366;0,264805639;3,351136829;0;0,046466106;0,46274394;-0,883834736;1;;;;;;;;;;;;;
595;0,965727724;0,423990662;0,609546206;1;0,123848866;0,266539427;-0,380755672;1;-0,97011582;0,493519291;-3,425289551;0;;;;;;;;;;;;;
596;0,189803623;0,357116192;-0,683660629;1;0,234780245;0,2550093;0,173901226;1;0,704840644;0,493491138;0,76210161;1;;;;;;;;;;;;;
597;0,05987165;0,30314071;-0,900213917;1;0,413560381;0,234446615;1,067801904;1;0,292803784;0,410290544;-0,267990539;1;;;;;;;;;;;;;
598;0,165149962;0,323391416;-0,724750064;1;0,273735275;0,228304813;0,368676375;1;0,543335039;0,42676459;0,358337598;1;;;;;;;;;;;;;
599;0,341673084;0,338478483;-0,43054486;1;0,225198887;0,254966711;0,125994436;1;0,227038083;0,42939927;-0,432404792;1;;;;;;;;;;;;;
600;0,979021945;0,362146926;0,631703241;1;0,36737341;0,3029477;0,83686705;1;-0,150737428;0,473940267;-1,376843571;1;;;;;;;;;;;;;
601;0,699502762;0,3163348;0,165837936;1;0,384905636;0,237039855;0,924528181;1;-0,868792554;0,424983853;-3,171981385;0;;;;;;;;;;;;;
602;0,621050582;0,500154191;0,035084303;1;0,297805411;0,389461606;0,489027057;1;0,740673434;0,648015054;0,851683586;1;;;;;;;;;;;;;
603;0,269123455;0,348224481;-0,551460908;1;0,687265329;0,25662354;2,436326644;1;0,192223544;0,489017689;-0,51944114;1;;;;;;;;;;;;;
604;1,422504454;0,401694816;1,370840757;0;-0,299774563;0,299128735;-2,498872816;1;-0,471707323;0,496786663;-2,179268308;1;;;;;;;;;;;;;
605;-0,252676093;0,31331003;-1,421126822;0;0,687263811;0,239383706;2,436319056;0;0,479639359;0,375257065;0,199098397;1;;;;;;;;;;;;;
606;0,157552293;0,285845326;-0,737412846;1;0,442819182;0,242629948;1,214095911;1;0,175999595;0,418761538;-0,560001013;1;;;;;;;;;;;;;
607;0,696906337;0,404573897;0,161510561;1;0,228725257;0,317413018;0,143626284;1;0,738066372;0,505069761;0,845165931;1;;;;;;;;;;;;;
608;1,076337923;0,429745801;0,793896539;1;0,470021689;0,361805879;1,350108443;1;0,064788926;0,601036293;-0,838027685;1;;;;;;;;;;;;;
609;0,021361493;0,317872441;-0,964397512;1;0,419944237;0,259672942;1,099721187;1;0,55190022;0,407329442;0,379750549;1;;;;;;;;;;;;;
610;0,460780738;0,308966722;-0,232032104;1;0,152876422;0,275068242;-0,23561789;1;0,250139467;0,440012808;-0,374651333;1;;;;;;;;;;;;;
611;0,816497978;0,424325303;0,360829964;1;-0,06859467;0,293950497;-1,34297335;1;0,196187591;0,542448328;-0,509531023;1;;;;;;;;;;;;;
612;0,254317966;0,406474394;-0,576136723;1;0,801686796;0,340294593;3,008433979;1;0,799161196;0,509457964;0,99790299;1;;;;;;;;;;;;;
613;0,430501637;0,426538308;-0,282497272;1;0,133203217;0,297640491;-0,333983916;1;-0,094956367;0,546099668;-1,237390919;1;;;;;;;;;;;;;
614;0,227793419;0,306319139;-0,620344301;1;0,226868445;0,226461354;0,134342223;1;0,65857238;0,436606048;0,646430949;1;;;;;;;;;;;;;
615;0,324380455;0,356155314;-0,459365908;1;-0,285243039;0,276854588;-2,426215196;1;0,627468602;0,482982941;0,568671506;1;;;;;;;;;;;;;
616;0,85602089;0,400462236;0,426701484;1;-0,367634541;0,294164018;-2,838172704;1;0,514979619;0,511601798;0,287449048;1;;;;;;;;;;;;;
617;0,963740399;0,538385242;0,606233999;1;0,693943774;0,367201761;2,469718869;1;-0,343283158;0,703801907;-1,858207895;1;;;;;;;;;;;;;
618;0,821014338;0,383933517;0,36835723;1;0,408228321;0,325578742;1,041141603;1;-0,140149939;0,519040806;-1,350374847;1;;;;;;;;;;;;;
619;0,842195374;0,404523352;0,403658956;1;0,089553149;0,386260192;-0,552234256;1;0,140617601;0,657304864;-0,648455997;1;;;;;;;;;;;;;
620;0,047196485;0,326988022;-0,921339191;1;0,319457966;0,242285272;0,597289829;1;0,643476362;0,37159426;0,608690905;1;;;;;;;;;;;;;
621;0,969622951;0,307960843;0,616038251;1;0,093296437;0,226034288;-0,533517814;1;-0,328954963;0,383706617;-1,822387407;1;;;;;;;;;;;;;
622;0,320078179;0,385877023;-0,466536369;1;0,249446691;0,333677512;0,247233454;1;0,892463784;0,544959675;1,23115946;1;;;;;;;;;;;;;
623;0,943520118;0,478696194;0,572533531;1;0,495352815;0,373441507;1,476764075;1;0,256870557;0,600203396;-0,357823608;1;;;;;;;;;;;;;
624;0,493231822;0,317292281;-0,177946964;1;-0,211396736;0,228669273;-2,056983678;1;0,699369683;0,450751414;0,748424208;1;;;;;;;;;;;;;
625;0,155020883;0,36308759;-0,741631862;1;0,519443941;0,277869222;1,597219704;1;0,894833074;0,546895885;1,237082684;1;;;;;;;;;;;;;
626;0,168940356;0,311496487;-0,71843274;1;0,178950774;0,241578425;-0,10524613;1;0,557267768;0,395187207;0,39316942;1;;;;;;;;;;;;;
627;0,098204018;0,355967645;-0,836326637;1;0,132796441;0,28420281;-0,336017796;1;0,347151552;0,487105782;-0,132121119;1;;;;;;;;;;;;;
628;1,299106732;0,409010375;1,165177886;1;0,052526726;0,315281525;-0,73736637;1;-0,171075239;0,554569823;-1,427688098;1;;;;;;;;;;;;;
629;0,64913576;0,38506242;0,081892934;1;-0,348545047;0,310962456;-2,742725237;1;0,940786252;0,486600655;1,35196563;1;;;;;;;;;;;;;
630;-0,014700125;0,39619364;-1,024500209;1;0,326598229;0,284736645;0,632991145;1;1,211980062;0,568031799;2,029950156;1;;;;;;;;;;;;;
631;0,023218176;0,348102597;-0,96130304;1;0,514485908;0,262686938;1,572429538;1;1,175596638;0,488639998;1,938991594;1;;;;;;;;;;;;;
632;0,081690468;0,293771784;-0,863849219;1;0,500915503;0,233855858;1,504577516;1;0,86689746;0,401720658;1,167243649;1;;;;;;;;;;;;;
633;-0,036891351;0,287829228;-1,061485585;0;0,172267417;0,222631588;-0,138662917;1;0,655287713;0,40137704;0,638219283;1;;;;;;;;;;;;;
634;0,209499851;0,395497369;-0,650833582;1;0,185076755;0,28741027;-0,074616226;1;0,749142981;0,623075633;0,872857454;1;;;;;;;;;;;;;
635;1,148299917;0,401870865;0,913833195;1;0,233132809;0,346700318;0,165664044;1;-0,006984821;0,597951918;-1,017462054;1;;;;;;;;;;;;;
636;1,044502935;0,414466388;0,740838226;1;0,028790769;0,301750746;-0,856046156;1;-0,365757036;0,481833165;-1,91439259;1;;;;;;;;;;;;;
637;0,088054107;0,364691305;-0,853243154;1;0,268066344;0,256765783;0,340331718;1;1,204031054;0,489510878;2,010077636;1;;;;;;;;;;;;;
638;0,044372392;0,386275654;-0,926046014;1;0,478544265;0,282154152;1,392721325;1;0,659411976;0,541932728;0,648529941;1;;;;;;;;;;;;;
639;0,313632001;0,400714716;-0,477279998;1;0,109093743;0,290899634;-0,454531285;1;0,913324226;0,459699575;1,283310565;1;;;;;;;;;;;;;
640;1,397057023;0,470464142;1,328428372;1;-0,017977813;0,470755904;-1,089889065;1;-0,009065924;0,64456541;-1,022664811;1;;;;;;;;;;;;;
641;1,102726238;0,436331164;0,837877063;1;-0,061893346;0,335062152;-1,309466728;1;-0,012258704;0,529015732;-1,03064676;1;;;;;;;;;;;;;
642;0,831983161;0,452503821;0,386638601;1;0,451447633;0,355360425;1,257238165;1;0,009875045;0,536183758;-0,975312388;1;;;;;;;;;;;;;
643;0,207652658;0,41456113;-0,653912237;1;0,268924602;0,334796873;0,344623009;1;0,994990292;0,555756752;1,487475731;1;;;;;;;;;;;;;
644;0,287738531;0,34975484;-0,520435781;1;0,143283054;0,288706933;-0,283584729;1;0,971108695;0,432800842;1,427771739;1;;;;;;;;;;;;;
645;0,463317711;0,422757693;-0,227803816;1;0,326023724;0,297232566;0,630118622;1;0,373583542;0,516351203;-0,066041145;1;;;;;;;;;;;;;
646;0,205283274;0,386241727;-0,65786121;1;0,901691359;0,33000415;3,508456794;0;0,367371654;0,537245182;-0,081570864;1;;;;;;;;;;;;;
647;0,927486512;0,411270183;0,545810853;1;0,35681568;0,348551626;0,784078402;1;0,473375115;0,564459697;0,183437788;1;;;;;;;;;;;;;
648;1,019129807;0,492238662;0,698549679;1;-0,543041925;0,342418457;-3,715209625;0;0,18932095;0,681088183;-0,526697626;1;;;;;;;;;;;;;
649;1,007899306;0,370108827;0,679832177;1;-0,360427692;0,295981941;-2,80213846;1;-0,00559253;0,468800243;-1,013981326;1;;;;;;;;;;;;;
650;1,125995957;0,422237176;0,876659929;1;-0,007746187;0,306367083;-1,038730933;1;-0,551940724;0,576816832;-2,37985181;1;;;;;;;;;;;;;
651;0,920058109;0,367823904;0,533430182;1;-0,044994173;0,28747825;-1,224970867;1;0,261119448;0,504318152;-0,347201379;1;;;;;;;;;;;;;
652;0,95913413;0,532893287;0,598556884;1;0,522663177;0,405735969;1,613315886;1;-0,39261364;0,778624403;-1,9815341;1;;;;;;;;;;;;;
653;0,219236197;0,349274764;-0,634606338;1;0,179988933;0,259411195;-0,100055337;1;1,045984976;0,493709827;1,614962439;1;;;;;;;;;;;;;
654;0,978895602;0,502700687;0,631492671;1;-0,014587968;0,336627847;-1,072939842;1;0,421596789;0,59192586;0,053991973;1;;;;;;;;;;;;;
655;0,361205875;0,335480099;-0,397990208;1;0,52565981;0,280394994;1,62829905;1;0,13085986;0,415162077;-0,672850349;1;;;;;;;;;;;;;
656;0,474123192;0,298743227;-0,20979468;1;0,457925371;0,240920246;1,289626855;1;-0,122972561;0,399429442;-1,307431402;1;;;;;;;;;;;;;
657;0,696039857;0,368295081;0,160066429;1;-0,317370971;0,26800849;-2,586854853;1;0,449400028;0,408153544;0,123500071;1;;;;;;;;;;;;;
658;0,291146974;0,385265454;-0,514755043;1;0,003911166;0,302476319;-0,980444172;1;1,22463969;0,5163392;2,061599226;1;;;;;;;;;;;;;
659;-0,413343205;0,301776456;-1,688905341;0;0,372150224;0,238118719;0,860751122;1;1,240750334;0,378546309;2,101875835;0;;;;;;;;;;;;;
660;-0,068405416;0,334006439;-1,114009027;0;0,097767644;0,239652209;-0,511161779;1;0,869534204;0,419588516;1,173835509;1;;;;;;;;;;;;;
661;1,295597134;0,440595107;1,159328557;1;-0,382884834;0,331479162;-2,914424171;1;0,184798486;0,565836617;-0,538003785;1;;;;;;;;;;;;;
662;0,459754874;0,378634184;-0,233741876;1;-0,267600359;0,315690525;-2,338001796;1;0,399435882;0,48946547;-0,001410295;1;;;;;;;;;;;;;
663;0,329262597;0,297194465;-0,451229005;1;0,054151384;0,272792331;-0,729243078;1;0,587370893;0,437382068;0,468427233;1;;;;;;;;;;;;;
664;0,431525603;0,36025264;-0,280790662;1;0,356257086;0,29901828;0,78128543;1;0,537746183;0,425811963;0,344365459;1;;;;;;;;;;;;;
665;0,347907453;0,307192232;-0,420154245;1;-0,037435729;0,234497876;-1,187178644;1;0,520075326;0,403286826;0,300188315;1;;;;;;;;;;;;;
666;1,009185812;0,444103524;0,681976353;1;0,38127452;0,360610181;0,9063726;1;-0,314989146;0,583601845;-1,787472864;1;;;;;;;;;;;;;
667;-0,206711838;0,370643054;-1,34451973;0;0,338587986;0,260398787;0,692939931;1;0,761737085;0,477335839;0,904342713;1;;;;;;;;;;;;;
668;0,447281974;0,335013297;-0,254530044;1;-0,028546675;0,278882555;-1,142733376;1;0,780145693;0,444449365;0,950364232;1;;;;;;;;;;;;;
669;0,934862174;0,389908392;0,558103623;1;0,401717232;0,26207461;1,00858616;1;-0,2668136;0,531532047;-1,667033999;1;;;;;;;;;;;;;
670;0,136165904;0,293177844;-0,773056826;1;0,474924721;0,22595537;1,374623603;1;0,546221286;0,356494577;0,365553216;1;;;;;;;;;;;;;
671;0,475798393;0,324848651;-0,207002678;1;0,289958455;0,247293151;0,449792277;1;0,026841133;0,446385755;-0,932897167;1;;;;;;;;;;;;;
672;0,888094323;0,423783203;0,480157206;1;0,224351706;0,338103058;0,121758532;1;-0,110368413;0,593866263;-1,275921032;1;;;;;;;;;;;;;
673;0,612682853;0,363613089;0,021138089;1;-0,11833002;0,282339135;-1,591650099;1;0,703886928;0,513201167;0,759717321;1;;;;;;;;;;;;;
674;0,360448739;0,387468193;-0,399252101;1;0,137114319;0,301870386;-0,314428405;1;0,868008883;0,550493927;1,170022207;1;;;;;;;;;;;;;
675;0,135653961;0,303192114;-0,773910064;1;0,617700353;0,306557498;2,088501765;1;0,819375527;0,435540449;1,048438817;1;;;;;;;;;;;;;
676;0,80600409;0,398263578;0,343340151;1;-0,347119093;0,313718041;-2,735595467;1;-0,231934469;0,458417939;-1,579836172;1;;;;;;;;;;;;;
677;0,704764467;0,522664145;0,174607446;1;0,30612699;0,342838366;0,530634949;1;0,393240021;0,653207506;-0,016899948;1;;;;;;;;;;;;;
678;0,746514484;0,377264347;0,244190807;1;0,474302326;0,294388261;1,371511628;1;-0,348896308;0,46077063;-1,872240771;1;;;;;;;;;;;;;
679;0,921180702;0,416727236;0,535301171;1;0,030369934;0,359358445;-0,848150328;1;0,390836646;0,594987801;-0,022908385;1;;;;;;;;;;;;;
680;0,673630793;0,393290064;0,122717989;1;0,238017274;0,311674383;0,190086371;1;0,240928734;0,527831315;-0,397678166;1;;;;;;;;;;;;;
681;0,198737913;0,346162468;-0,668770145;1;0,713208189;0,273244124;2,566040947;1;0,686757277;0,450612633;0,716893191;1;;;;;;;;;;;;;
682;0,531210352;0,381058448;-0,114649414;1;0,565187985;0,294613475;1,825939924;1;0,383091173;0,483279127;-0,042272068;1;;;;;;;;;;;;;
683;0,266922319;0,388565451;-0,555129468;1;0,272287363;0,312323248;0,361436813;1;0,760089077;0,523131458;0,900222692;1;;;;;;;;;;;;;
684;0,293075206;0,3286034;-0,511541323;1;-0,15037556;0,248416937;-1,7518778;1;0,512257036;0,402618449;0,280642589;1;;;;;;;;;;;;;
685;0,434846555;0,319422615;-0,275255742;1;0,106756307;0,239448544;-0,466218467;1;0,442515297;0,486713978;0,106288243;1;;;;;;;;;;;;;
686;0,249679362;0,380741383;-0,58386773;1;-0,318739877;0,326653936;-2,593699383;1;1,19137805;0,539889416;1,978445125;1;;;;;;;;;;;;;
687;0,698987726;0,412250706;0,164979543;1;-0,124856344;0,297506348;-1,62428172;1;0,757618576;0,538102176;0,89404644;1;;;;;;;;;;;;;
688;1,233502968;0,431991992;1,055838281;1;-0,638409988;0,292600042;-4,192049939;0;-0,449497836;0,496226911;-2,12374459;1;;;;;;;;;;;;;
689;0,255164021;0,329417622;-0,574726632;1;-0,22647445;0,267480832;-2,132372249;1;1,153107267;0,38684122;1,882768167;1;;;;;;;;;;;;;
690;0,359442129;0,326862891;-0,400929785;1;0,698343736;0,250611655;2,491718679;0;-0,060107615;0,417478403;-1,150269037;1;;;;;;;;;;;;;
691;-0,425612922;0,402198196;-1,709354871;0;0,421865819;0,275239909;1,109329095;1;0,996146906;0,530803537;1,490367265;1;;;;;;;;;;;;;
692;0,536685489;0,3578854;-0,105524185;1;0,154514161;0,279290712;-0,227429193;1;0,444947516;0,465254942;0,112368791;1;;;;;;;;;;;;;
693;0,086947917;0,320855308;-0,855086806;1;0,464325491;0,260284029;1,321627457;1;0,930809919;0,447216847;1,327024797;1;;;;;;;;;;;;;
694;0,632839501;0,354705515;0,054732502;1;0,455879813;0,275821998;1,279399067;1;0,31884582;0,474478113;-0,202885451;1;;;;;;;;;;;;;
695;0,754263343;0,403445315;0,257105572;1;-0,065453379;0,282357572;-1,327266897;1;0,595507294;0,57466445;0,488768236;1;;;;;;;;;;;;;
696;-0,294249149;0,331824442;-1,490415248;0;0,381467027;0,236973742;0,907335136;1;0,71646589;0,404465679;0,791164725;1;;;;;;;;;;;;;
697;0,995065132;0,495127474;0,658441887;1;0,062161202;0,35067832;-0,689193989;1;0,420906461;0,617434725;0,052266154;1;;;;;;;;;;;;;
698;0,716635419;0,491809374;0,194392365;1;-0,045183875;0,379194574;-1,225919373;1;1,317296108;0,757166336;2,29324027;1;;;;;;;;;;;;;
699;0,217154028;0,493311555;-0,63807662;1;0,157214847;0,336084127;-0,213925767;1;0,379386288;0,676365782;-0,05153428;1;;;;;;;;;;;;;
700;0,716343352;0,575712087;0,193905587;1;-0,087781812;0,400093886;-1,438909061;1;0,958932401;0,795370341;1,397331002;1;;;;;;;;;;;;;
701;0,025198507;0,291932357;-0,958002489;0;0,510858834;0,237963004;1,55429417;1;0,302945566;0,367912366;-0,242636086;1;;;;;;;;;;;;;
702;0,757137272;0,354436101;0,261895453;1;0,291569404;0,294907357;0,457847018;1;0,736637633;0,434731465;0,841594083;1;;;;;;;;;;;;;
703;0,346276255;0,360652811;-0,422872909;1;0,187080356;0,275604365;-0,064598218;1;0,775919753;0,50333329;0,939799383;1;;;;;;;;;;;;;
704;0,165426298;0,313038297;-0,724289503;1;0,379888624;0,214987782;0,899443122;1;-0,241724391;0,369332362;-1,604310977;1;;;;;;;;;;;;;
705;0,133659323;0,347752624;-0,777234461;1;0,213679116;0,258841555;0,068395579;1;0,609588259;0,432084174;0,523970648;1;;;;;;;;;;;;;
706;1,120111281;0,518867356;0,866852135;1;0,227016789;0,392596266;0,135083944;1;0,602944441;0,677785452;0,507361102;1;;;;;;;;;;;;;
707;0,678318557;0,410683611;0,130530929;1;0,003300133;0,293198888;-0,983499336;1;-0,535867037;0,518154472;-2,339667593;1;;;;;;;;;;;;;
708;0,894792381;0,375032659;0,491320635;1;-0,107004884;0,271440995;-1,53502442;1;-0,256907199;0,454538147;-1,642267998;1;;;;;;;;;;;;;
709;0,426570948;0,475593044;-0,28904842;1;0,878466892;0,375793721;3,392334459;1;0,661608848;0,637915855;0,65402212;1;;;;;;;;;;;;;
710;0,491894421;0,432817024;-0,180175965;1;0,143520095;0,334675663;-0,282399527;1;0,666730356;0,599057046;0,666825889;1;;;;;;;;;;;;;
711;0,695144642;0,393990777;0,158574403;1;0,103767221;0,264258447;-0,481163897;1;-0,299639074;0,484687097;-1,749097684;1;;;;;;;;;;;;;
712;0,610261411;0,377837381;0,017102352;1;0,542080226;0,285520982;1,710401132;1;0,021697324;0,488836211;-0,94575669;1;;;;;;;;;;;;;
713;1,05230786;0,571378418;0,753846433;1;0,227379184;0,418808291;0,136895922;1;0,213009869;0,781111141;-0,467475328;1;;;;;;;;;;;;;
714;-0,117527938;0,324866715;-1,195879896;0;0,609975229;0,273186835;2,049876145;1;0,859292158;0,466532037;1,148230395;1;;;;;;;;;;;;;
715;0,785038919;0,375142127;0,308398199;1;0,097762454;0,278002352;-0,511187729;1;-0,021722274;0,494825965;-1,054305686;1;;;;;;;;;;;;;
716;0,275456751;0,314071231;-0,540905415;1;0,03240657;0,238932983;-0,837967148;1;0,300541221;0,37757252;-0,248646948;1;;;;;;;;;;;;;
717;1,175224106;0,482287822;0,958706844;1;-0,085637399;0,373342228;-1,428186993;1;0,148998749;0,624796149;-0,627503126;1;;;;;;;;;;;;;
718;0,402410632;0,303342418;-0,329315614;1;-0,165987599;0,214613629;-1,829937996;1;0,243028495;0,371950679;-0,392428764;1;;;;;;;;;;;;;
719;0,530514119;0,404895747;-0,115809802;1;0,583901077;0,286927812;1,919505387;1;0,294639416;0,484940864;-0,263401459;1;;;;;;;;;;;;;
720;0,503603934;0,281145114;-0,16066011;1;0,020325444;0,229302267;-0,898372779;1;0,208254166;0,373424674;-0,479364585;1;;;;;;;;;;;;;
721;0,665595081;0,383386365;0,109325135;1;-0,020106728;0,256480258;-1,100533641;1;-0,018441101;0,5204665;-1,046102752;1;;;;;;;;;;;;;
722;1,183978436;0,427051057;0,973297393;1;0,170775114;0,387231517;-0,146124431;1;-0,030907527;0,603900564;-1,077268818;1;;;;;;;;;;;;;
723;0,346364068;0,364579176;-0,422726554;1;0,224126952;0,277255926;0,120634758;1;0,894115;0,570786589;1,235287501;1;;;;;;;;;;;;;
724;0,591823935;0,377252564;-0,013626775;1;0,444270611;0,277903978;1,221353053;1;0,173643444;0,486157036;-0,56589139;1;;;;;;;;;;;;;
725;1,040141596;0,440214819;0,733569326;1;0,062859615;0,323280031;-0,685701927;1;-0,093353063;0,553749861;-1,233382657;1;;;;;;;;;;;;;
726;0,681892814;0,325145587;0,136488024;1;0,080284404;0,235104971;-0,598577978;1;-0,205179047;0,420981507;-1,512947618;1;;;;;;;;;;;;;
727;0,965444006;0,448309315;0,609073343;1;-0,061862088;0,34342114;-1,309310439;1;0,333647395;0,504360618;-0,165881512;1;;;;;;;;;;;;;
728;0,816262972;0,403351149;0,360438287;1;0,387359955;0,352729803;0,936799775;1;0,784170523;0,560619157;0,960426309;1;;;;;;;;;;;;;
729;0,748475356;0,414928885;0,247458927;1;0,385043054;0,354936601;0,925215268;1;0,638479026;0,601460415;0,596197565;1;;;;;;;;;;;;;
730;0,977057348;0,358909294;0,628428914;1;0,276489052;0,277299079;0,382445259;1;-0,298918951;0,42343824;-1,747297379;1;;;;;;;;;;;;;
731;-0,48922356;0,318512822;-1,815372601;0;0,659895077;0,275147047;2,299475386;1;1,14293282;0,442227292;1,857332049;1;;;;;;;;;;;;;
732;0,669476464;0,376697914;0,115794107;1;0,279189043;0,293702284;0,395945217;1;0,304969337;0,492755601;-0,237576657;1;;;;;;;;;;;;;
733;1,021558723;0,414342959;0,702597872;1;0,167861112;0,30983081;-0,160694441;1;-0,593924814;0,531416969;-2,484812035;1;;;;;;;;;;;;;
734;0,867775995;0,412022549;0,446293324;1;0,395132691;0,323722628;0,975663456;1;-0,140899572;0,491859584;-1,35224893;1;;;;;;;;;;;;;
735;0,939268516;0,510549496;0,565447527;1;0,371960331;0,37482713;0,859801654;1;0,087005535;0,618830702;-0,782486163;1;;;;;;;;;;;;;
736;0,116761678;0,320543865;-0,805397203;1;0,106332153;0,261218857;-0,468339235;1;1,263320261;0,463356242;2,158300653;1;;;;;;;;;;;;;
737;-0,045856776;0,307643234;-1,07642796;0;0,494295065;0,257171833;1,471475323;1;0,802612273;0,40558794;1,006530684;1;;;;;;;;;;;;;
738;0,302971786;0,475985364;-0,495047023;1;0,558469661;0,383877639;1,792348303;1;0,732132719;0,679149303;0,830331798;1;;;;;;;;;;;;;
739;0,368743584;0,474908372;-0,385427359;1;0,524635105;0,391872201;1,623175523;1;0,551810612;0,640940627;0,37952653;1;;;;;;;;;;;;;
740;-0,946911651;0,305222923;-2,578186086;0;0,871768114;0,237844262;3,358840568;0;1,307151931;0,403132749;2,267879827;0;;;;;;;;;;;;;
741;0,288356438;0,357966746;-0,519405937;1;-0,216558151;0,274980021;-2,082790754;1;1,123223513;0,525996939;1,808058782;1;;;;;;;;;;;;;
742;1,224522252;0,466872077;1,04087042;1;-0,450372174;0,346631249;-3,251860868;1;0,143577576;0,624223446;-0,64105606;1;;;;;;;;;;;;;
743;0,990274046;0,376807069;0,650456744;1;-0,146627941;0,298300277;-1,733139706;1;-0,149054879;0,445541958;-1,372637197;1;;;;;;;;;;;;;
744;0,069595577;0,341639934;-0,884007372;1;0,295418311;0,25730742;0,477091554;1;0,713576463;0,435744828;0,783941157;1;;;;;;;;;;;;;
745;0,220047179;0,368359328;-0,633254702;1;-0,036532159;0,276621882;-1,182660795;1;1,086072279;0,518173297;1,715180699;1;;;;;;;;;;;;;
746;0,597685602;0,351421577;-0,003857329;1;0,009145192;0,263613352;-0,954274038;1;0,088387976;0,47069741;-0,779030061;1;;;;;;;;;;;;;
747;1,29663361;0,56767636;1,161056016;1;0,177146211;0,427133991;-0,114268945;1;0,220262756;0,680588353;-0,44934311;1;;;;;;;;;;;;;
748;0,18073017;0,29987652;-0,698783049;1;0,581576008;0,21303221;1,907880039;1;-0,042820416;0,364367145;-1,10705104;1;;;;;;;;;;;;;
749;0,422137268;0,383948414;-0,296437886;1;0,613893226;0,352898622;2,069466128;1;0,818197285;0,62290651;1,045493214;1;;;;;;;;;;;;;
750;1,152914949;0,444469096;0,921524915;1;-0,02142124;0,377922772;-1,107106201;1;0,154375305;0,597359711;-0,614061738;1;;;;;;;;;;;;;
751;-0,155200971;0,299787965;-1,258668285;0;0,842303713;0,206858775;3,211518566;0;-0,08525406;0,34052602;-1,213135149;1;;;;;;;;;;;;;
752;0,462257413;0,466303124;-0,229570978;1;0,271025885;0,342063521;0,355129423;1;0,809243282;0,675493387;1,023108205;1;;;;;;;;;;;;;
753;0,421485931;0,39074802;-0,297523448;1;0,096410742;0,275189354;-0,517946289;1;0,91758451;0,519160112;1,293961275;1;;;;;;;;;;;;;
754;-0,669439178;0,389725311;-2,115731963;0;0,875306911;0,345539949;3,376534556;1;1,41010516;0,578396277;2,5252629;1;;;;;;;;;;;;;
755;0,673217438;0,436531824;0,122029063;1;0,031852783;0,328920452;-0,840736085;1;0,717813288;0,572215794;0,794533219;1;;;;;;;;;;;;;
756;0,834223574;0,446356242;0,390372623;1;0,079425824;0,316388723;-0,60287088;1;0,486774019;0,57213374;0,216935048;1;;;;;;;;;;;;;
757;0,820919458;0,507512195;0,368199097;1;0,122225053;0,35425171;-0,388874737;1;0,879157331;0,627460421;1,197893328;1;;;;;;;;;;;;;
758;0,87278169;0,513162216;0,45463615;1;0,099483347;0,384701228;-0,502583266;1;0,522527025;0,721660779;0,306317563;1;;;;;;;;;;;;;
759;0,228263273;0,392521884;-0,619561212;1;-0,173647381;0,295495883;-1,868236903;1;1,065188284;0,584344044;1,66297071;1;;;;;;;;;;;;;
760;1,224675979;0,48194395;1,041126632;1;0,130354656;0,334648562;-0,348226721;1;-0,537970474;0,66100592;-2,344926186;1;;;;;;;;;;;;;
761;1,008174254;0,356661903;0,680290423;1;0,329188514;0,245597524;0,645942569;1;-1,304302685;0,444406012;-4,260756713;0;;;;;;;;;;;;;
762;0,17848098;0,374550523;-0,7025317;1;0,846470019;0,293483345;3,232350096;0;0,295762305;0,421405281;-0,260594237;1;;;;;;;;;;;;;
763;0,830540198;0,414206056;0,384233664;1;0,098136944;0,290861676;-0,50931528;1;-0,312519775;0,562664512;-1,781299437;1;;;;;;;;;;;;;
764;0,812037252;0,323348864;0,353395421;1;0,483981937;0,233339292;1,419909684;1;-0,993953551;0,378736525;-3,484883878;0;;;;;;;;;;;;;
765;0,180962522;0,442147238;-0,698395797;1;0,45442728;0,348783341;1,272136401;1;1,054845988;0,562394718;1,63711497;1;;;;;;;;;;;;;
766;0,871305116;0,44211648;0,452175194;1;-0,174130058;0,285965994;-1,870650289;1;0,121702901;0,553603261;-0,695742747;1;;;;;;;;;;;;;
767;0,191687101;0,299132289;-0,680521499;1;0,123585488;0,246174794;-0,38207256;1;0,553342057;0,390605473;0,383355142;1;;;;;;;;;;;;;
768;0,637989421;0,360511035;0,063315701;1;0,062840786;0,253594346;-0,685796068;1;-0,085348124;0,471011434;-1,213370311;1;;;;;;;;;;;;;
769;1,164619911;0,412589225;0,941033184;1;0,090390306;0,388756797;-0,548048468;1;0,278232565;0,534939117;-0,304418587;1;;;;;;;;;;;;;
770;0,817349352;0,453619959;0,362248919;1;0,596573341;0,325492698;1,982866704;1;0,257445579;0,617193814;-0,356386051;1;;;;;;;;;;;;;
771;0,13332578;0,33768185;-0,777790367;1;0,278053826;0,29011126;0,390269132;1;1,166545507;0,468326009;1,916363767;1;;;;;;;;;;;;;
772;0,89008091;0,362070103;0,483468183;1;-0,431841745;0,33206888;-3,159208727;1;0,753161134;0,551517195;0,882902835;1;;;;;;;;;;;;;
773;0,632220843;0,384533089;0,053701404;1;0,696652565;0,27517283;2,483262823;1;-0,652537746;0,451488743;-2,631344365;0;;;;;;;;;;;;;
774;0,266226536;0,342687426;-0,556289107;1;0,443039013;0,268322902;1,215195065;1;0,647245646;0,491256271;0,618114114;1;;;;;;;;;;;;;
775;0,53206283;0,404017418;-0,113228616;1;-0,205094411;0,302194118;-2,025472055;1;0,363663808;0,550561608;-0,09084048;1;;;;;;;;;;;;;
776;0,49338728;0,35173202;-0,177687867;1;-0,035422545;0,242227706;-1,177112726;1;0,171231344;0,437471578;-0,571921639;1;;;;;;;;;;;;;
777;0,774655251;0,335436053;0,291092085;1;-0,049079468;0,260685194;-1,245397342;1;0,30934248;0,396745811;-0,226643801;1;;;;;;;;;;;;;
778;0,432956097;0,408606424;-0,278406506;1;0,478889541;0,318193551;1,394447703;1;0,542416783;0,489813566;0,356041957;1;;;;;;;;;;;;;
779;0,45270272;0,365200427;-0,245495467;1;0,277492032;0,26849191;0,387460158;1;0,261039608;0,471285785;-0,347400981;1;;;;;;;;;;;;;
780;0,60222802;0,358275965;0,003713367;1;-0,06041457;0,261167198;-1,302072849;1;-0,117022863;0,451725664;-1,292557157;1;;;;;;;;;;;;;
781;0,017380837;0,322664356;-0,971031938;1;0,193453387;0,226399213;-0,032733064;1;1,217245287;0,400959631;2,043113217;0;;;;;;;;;;;;;
782;0,210383603;0,329433379;-0,649360662;1;0,640045191;0,306496613;2,200225957;1;0,640895214;0,467376294;0,602238036;1;;;;;;;;;;;;;
783;1,357124359;0,512924671;1,261873932;1;-0,156547491;0,358099184;-1,782737454;1;-0,446636909;0,657177591;-2,116592273;1;;;;;;;;;;;;;
784;0,284609657;0,333992889;-0,525650572;1;-0,040769724;0,233297355;-1,203848619;1;0,434952999;0,437399094;0,087382498;1;;;;;;;;;;;;;
785;0,266698053;0,421383355;-0,555503246;1;0,587012043;0,33160698;1,935060215;1;0,800182689;0,55802086;1,000456722;1;;;;;;;;;;;;;
786;0,72665551;0,450951281;0,211092517;1;0,17509797;0,348545883;-0,124510148;1;0,214292526;0,54242683;-0,464268685;1;;;;;;;;;;;;;
787;1,431084038;0,516689071;1,385140063;1;-0,209914421;0,345018905;-2,049572107;1;-0,84546026;0,638983756;-3,11365065;1;;;;;;;;;;;;;
788;-0,13880041;0,321751964;-1,231334016;0;-0,049281135;0,255035517;-1,246405675;1;1,554027844;0,499602632;2,88506961;0;;;;;;;;;;;;;
789;0,397016933;0,335463562;-0,338305111;1;-0,076990776;0,258890035;-1,38495388;1;0,878854387;0,431591436;1,197135967;1;;;;;;;;;;;;;
790;0,831742562;0,419731297;0,386237603;1;-0,228319053;0,325857897;-2,141595266;1;-0,013937828;0,527297499;-1,034844571;1;;;;;;;;;;;;;
791;1,468243035;0,533439972;1,447071725;1;0,026273451;0,405449254;-0,868632743;1;-0,013344147;0,684144359;-1,033360368;1;;;;;;;;;;;;;
792;0,094187929;0,338423285;-0,843020118;1;0,133113013;0,238866252;-0,334434936;1;0,48348769;0,444827436;0,208719225;1;;;;;;;;;;;;;
793;-0,174533236;0,359394352;-1,290888727;0;0,407722244;0,265365908;1,038611218;1;0,81651901;0,466094348;1,041297526;1;;;;;;;;;;;;;
794;0,898974113;0,401280228;0,498290188;1;0,029809768;0,293151158;-0,85095116;1;-0,074153937;0,501150947;-1,185384842;1;;;;;;;;;;;;;
795;0,604263606;0,367504537;0,00710601;1;0,038354263;0,292018915;-0,808228686;1;0,216387695;0,494785892;-0,459030761;1;;;;;;;;;;;;;
796;0,185616509;0,339866715;-0,690639152;1;0,029849086;0,233911448;-0,850754569;1;0,870843913;0,390678745;1,177109783;1;;;;;;;;;;;;;
797;0,589022208;0,342608348;-0,01829632;1;-0,322472333;0,251263832;-2,612361665;0;0,765526413;0,48026164;0,913816032;1;;;;;;;;;;;;;
798;1,137555513;0,577084509;0,895925855;1;-0,51090564;0,483718468;-3,554528202;1;1,422195853;0,750799594;2,555489634;1;;;;;;;;;;;;;
799;1,195283022;0,352519393;0,99213837;1;-0,183119306;0,280874887;-1,915596528;1;-0,333986287;0,40903328;-1,834965717;1;;;;;;;;;;;;;
800;0,538906383;0,419449823;-0,101822695;1;0,549272767;0,318412114;1,746363836;1;0,63987409;0,543136374;0,599685224;1;;;;;;;;;;;;;
801;0,208430704;0,364060601;-0,652615494;1;0,324051898;0,293902884;0,620259489;1;1,034511155;0,493042739;1,586277889;1;;;;;;;;;;;;;
802;0,155691625;0,366203431;-0,740513959;1;0,246750218;0,243946413;0,233751088;1;0,346798818;0,409190756;-0,133002956;1;;;;;;;;;;;;;
803;0,830825189;0,41514587;0,384708648;1;-0,192558282;0,319278859;-1,962791408;1;0,106160745;0,555477039;-0,734598138;1;;;;;;;;;;;;;
804;0,481664891;0,450016105;-0,197225182;1;0,213607682;0,338531204;0,068038408;1;0,476115886;0,621505344;0,190289716;1;;;;;;;;;;;;;
805;0,53705011;0,448692855;-0,104916484;1;-0,053042317;0,32539042;-1,265211583;1;1,476435264;0,709353934;2,69108816;1;;;;;;;;;;;;;
806;-0,11531813;0,358598907;-1,192196883;0;0,948546116;0,299879339;3,74273058;0;0,84903215;0,469862152;1,122580375;1;;;;;;;;;;;;;
807;0,891941869;0,344234179;0,486569781;1;0,332700312;0,246457648;0,66350156;1;-0,416083531;0,439159211;-2,040208827;1;;;;;;;;;;;;;
808;0,157103113;0,334533192;-0,738161479;1;0,019860144;0,271829523;-0,90069928;1;0,347298565;0,405381939;-0,131753589;1;;;;;;;;;;;;;
809;-0,406351912;0,291373724;-1,677253186;0;0,460025996;0,219640628;1,300129979;1;0,671418675;0,373068542;0,678546689;1;;;;;;;;;;;;;
810;0,48756153;0,325528421;-0,187397451;1;1,125367151;0,324463952;4,626835754;0;-0,200299841;0,481181702;-1,500749602;1;;;;;;;;;;;;;
811;0,003903797;0,305257585;-0,993493672;1;-0,069741007;0,220358164;-1,348705035;1;0,262056957;0,347671341;-0,344857607;1;;;;;;;;;;;;;
812;0,674626633;0,294905053;0,124377721;1;0,37056449;0,277648695;0,852822449;1;0,078027762;0,422667845;-0,804930594;1;;;;;;;;;;;;;
813;-0,25314858;0,381108483;-1,421914299;0;0,301342651;0,266405492;0,506713255;1;1,110650476;0,551537726;1,77662619;1;;;;;;;;;;;;;
814;0,486997901;0,401860752;-0,188336831;1;0,63827905;0,325974106;2,191395251;1;0,101075147;0,491808695;-0,747312131;1;;;;;;;;;;;;;
815;0,795641091;0,426729412;0,326068486;1;-0,262210171;0,328150572;-2,311050857;1;0,532163769;0,625169448;0,330409423;1;;;;;;;;;;;;;
816;0,356428622;0,299659105;-0,405952296;1;0,40774977;0,260803044;1,038748851;1;0,087395863;0,433804298;-0,781510342;1;;;;;;;;;;;;;
817;-0,11390338;0,340080335;-1,189838966;0;0,783263315;0,265708282;2,916316573;0;0,771648695;0,47971187;0,929121737;1;;;;;;;;;;;;;
818;0,315919165;0,353482333;-0,473468058;1;-0,092078831;0,260726043;-1,460394156;1;1,12293416;0,482961711;1,807335399;1;;;;;;;;;;;;;
819;0,453135944;0,366511281;-0,244773427;1;0,485404504;0,294574502;1,427022522;1;0,502870816;0,489698546;0,25717704;1;;;;;;;;;;;;;
820;-0,046430106;0,378304581;-1,077383509;1;0,521904517;0,289018862;1,609522586;1;0,829583473;0,545304946;1,073958682;1;;;;;;;;;;;;;
821;0,977036804;0,421315455;0,628394673;1;-0,013281544;0,338033365;-1,066407722;1;-0,116332195;0,551876511;-1,290830487;1;;;;;;;;;;;;;
822;0,424740644;0,414703684;-0,292098927;1;0,656835561;0,309529406;2,284177804;1;0,727540394;0,506631773;0,818850984;1;;;;;;;;;;;;;
823;0,250985;0,432811465;-0,581691666;1;0,236458763;0,325728567;0,182293817;1;0,858453793;0,605164348;1,146134482;1;;;;;;;;;;;;;
824;0,757499254;0,421035297;0,262498757;1;-0,302526799;0,296265267;-2,512633995;1;0,200065055;0,495333978;-0,499837363;1;;;;;;;;;;;;;
825;0,086846311;0,316936768;-0,855256148;1;-0,141405323;0,229498102;-1,707026614;1;1,120642023;0,392607413;1,801605058;1;;;;;;;;;;;;;
826;-0,085442183;0,317108127;-1,142403638;0;0,641224808;0,262112592;2,20612404;1;0,620986125;0,438291615;0,552465313;1;;;;;;;;;;;;;
827;0,640049255;0,316936943;0,066748759;1;0,241418503;0,250030063;0,207092516;1;-0,275293525;0,357631128;-1,688233811;1;;;;;;;;;;;;;
828;0,278886766;0,364956343;-0,535188723;1;-0,296153715;0,288668255;-2,480768574;1;0,940754844;0,522039513;1,35188711;1;;;;;;;;;;;;;
829;0,48925399;0,31888947;-0,184576683;1;0,140986703;0,238123839;-0,295066484;1;0,748910126;0,405631624;0,872275316;1;;;;;;;;;;;;;
830;0,339009826;0,496689027;-0,434983624;1;0,10185254;0,297959129;-0,490737302;1;0,139158373;0,659168168;-0,652104067;1;;;;;;;;;;;;;
831;0,782792333;0,359697624;0,304653889;1;-0,235884141;0,290039828;-2,179420703;1;0,738028776;0,562739244;0,84507194;1;;;;;;;;;;;;;
832;0,507150063;0,430150231;-0,154749896;1;0,069011445;0,328321277;-0,654942776;1;0,770839646;0,695291028;0,927099116;1;;;;;;;;;;;;;
833;1,233922182;0,448312561;1,056536971;1;-0,493782043;0,304422131;-3,468910217;0;0,016288963;0,599893251;-0,959277591;1;;;;;;;;;;;;;
834;-0,194337542;0,319853178;-1,323895903;0;-0,270673106;0,225072708;-2,353365529;0;1,676267994;0,44427312;3,190669984;0;;;;;;;;;;;;;
835;0,369743342;0,396507915;-0,383761097;1;0,585618315;0,312253097;1,928091576;1;0,603537171;0,564360302;0,508842928;1;;;;;;;;;;;;;
836;0,381230268;0,31699819;-0,36461622;1;0,169909441;0,242774246;-0,150452796;1;0,078106875;0,401753705;-0,804732812;1;;;;;;;;;;;;;
837;0,474031215;0,39118662;-0,209947974;1;0,143689404;0,293258803;-0,281552981;1;0,732677339;0,523355062;0,831693347;1;;;;;;;;;;;;;
838;0,821268239;0,352741115;0,368780398;1;0,259106707;0,285531521;0,295533535;1;-0,329971227;0,496639101;-1,824928068;1;;;;;;;;;;;;;
839;0,032904892;0,429756302;-0,945158514;1;-0,039859616;0,339418642;-1,199298079;1;1,64216266;0,623755398;3,105406651;0;;;;;;;;;;;;;
840;0,761779708;0,441030386;0,269632847;1;0,442929977;0,300509379;1,214649885;1;0,511232872;0,594855823;0,278082179;1;;;;;;;;;;;;;
841;1,187191214;0,454602605;0,978652024;1;0,765968532;0,366804619;2,829842662;1;-0,922621627;0,626425963;-3,306554067;0;;;;;;;;;;;;;
842;-0,046165304;0,303053459;-1,076942174;0;0,446413159;0,222926799;1,232065794;1;0,458246237;0,360365319;0,145615594;1;;;;;;;;;;;;;
843;0,544512162;0,389945361;-0,09247973;1;-0,022003938;0,282622424;-1,110019689;1;0,411181064;0,536303134;0,02795266;1;;;;;;;;;;;;;
844;0,343314649;0,410206563;-0,427808919;1;0,673198215;0,320820048;2,365991073;1;0,001117166;0,508801372;-0,997207085;1;;;;;;;;;;;;;
845;0,128728752;0,32029326;-0,78545208;1;0,097237259;0,231574256;-0,513813707;1;0,901124175;0,435941046;1,252810437;1;;;;;;;;;;;;;
846;0,664696862;0,403807307;0,107828103;1;0,198395228;0,314205307;-0,008023858;1;0,306513418;0,562148541;-0,233716456;1;;;;;;;;;;;;;
847;0,511367274;0,35100332;-0,14772121;1;0,186349992;0,245037708;-0,068250041;1;0,197163342;0,416325705;-0,507091644;1;;;;;;;;;;;;;
848;0,025122142;0,404734568;-0,958129764;1;0,262273745;0,282342721;0,311368727;1;0,860614553;0,493803059;1,151536381;1;;;;;;;;;;;;;
849;0,288286252;0,357422719;-0,519522914;1;0,265820082;0,280266528;0,329100411;1;0,789541154;0,501815787;0,973852885;1;;;;;;;;;;;;;
850;-0,54791245;0,307529673;-1,913187416;0;0,421695765;0,242806021;1,108478826;1;1,107736451;0,409692577;1,769341127;1;;;;;;;;;;;;;
851;0,451797029;0,322424324;-0,247004952;1;0,084526941;0,241354743;-0,577365294;1;0,633356996;0,451924294;0,583392489;1;;;;;;;;;;;;;
852;0,302985482;0,431989069;-0,495024197;1;0,430408081;0,312974394;1,152040404;1;0,816161492;0,541785935;1,04040373;1;;;;;;;;;;;;;
853;0,452992546;0,349362479;-0,245012423;1;0,195133159;0,289437826;-0,024334207;1;1,051357665;0,610569307;1,628394162;1;;;;;;;;;;;;;
854;-0,153902613;0,355931575;-1,256504355;0;0,432282473;0,271040383;1,161412366;1;0,691630801;0,480037914;0,729077004;1;;;;;;;;;;;;;
855;0,402390334;0,404037046;-0,329349443;1;0,040184245;0,304010125;-0,799078777;1;0,917863018;0,538048381;1,294657545;1;;;;;;;;;;;;;
856;0,580404763;0,376497422;-0,032658729;1;-0,265913392;0,275511418;-2,329566961;1;0,417850145;0,487142757;0,044625363;1;;;;;;;;;;;;;
857;1,368426449;0,4351261;1,280710749;1;-0,04842986;0,345061055;-1,2421493;1;-0,219618605;0,544381694;-1,549046513;1;;;;;;;;;;;;;
858;0,598262103;0,4735466;-0,002896495;1;0,24184997;0,339742709;0,20924985;1;0,357911086;0,682513587;-0,105222286;1;;;;;;;;;;;;;
859;0,191667292;0,316251253;-0,680554513;1;-0,115104632;0,256011442;-1,575523162;1;0,781269594;0,450007459;0,953173985;1;;;;;;;;;;;;;
860;0,205713519;0,45126881;-0,657144134;1;0,488921687;0,347675943;1,444608433;1;1,045637798;0,608642978;1,614094495;1;;;;;;;;;;;;;
861;0,663241173;0,453626106;0,105401955;1;-0,366584353;0,34590833;-2,832921763;1;0,860853122;0,614666919;1,152132806;1;;;;;;;;;;;;;
862;0,511523049;0,359575772;-0,147461585;1;0,210560394;0,314748351;0,05280197;1;0,240405662;0,556526903;-0,398985844;1;;;;;;;;;;;;;
863;-0,242981062;0,445347303;-1,404968437;1;0,925773812;0,347690513;3,628869058;0;1,321610155;0,596353766;2,304025386;1;;;;;;;;;;;;;
864;0,213634184;0,445890614;-0,643943027;1;0,053872896;0,32533814;-0,730635518;1;1,225017273;0,639636935;2,062543183;1;;;;;;;;;;;;;
865;-0,033486629;0,387134778;-1,055811048;1;0,179896813;0,291161427;-0,100515934;1;1,220078838;0,511905781;2,050197094;1;;;;;;;;;;;;;
866;0,620925317;0,421886859;0,034875528;1;0,097085561;0,34974887;-0,514572196;1;1,078874894;0,602581943;1,697187235;1;;;;;;;;;;;;;
867;0,57628373;0,420103183;-0,039527116;1;0,441102963;0,361143207;1,205514815;1;1,187767473;0,623161444;1,969418682;1;;;;;;;;;;;;;
868;0,480567362;0,342062658;-0,199054396;1;-0,279690649;0,254907404;-2,398453244;1;0,395646418;0,48385685;-0,010883955;1;;;;;;;;;;;;;
869;0,239739929;0,30763468;-0,600433452;1;0,123435447;0,22635234;-0,382822765;1;0,710580374;0,359088105;0,776450936;1;;;;;;;;;;;;;
870;0,914828687;0,434018823;0,524714478;1;0,438494165;0,306990226;1,192470823;1;0,254757629;0,587206794;-0,363105927;1;;;;;;;;;;;;;
871;0,931170938;0,501133664;0,551951563;1;0,089705573;0,348735485;-0,551472137;1;0,50670002;0,711778693;0,266750049;1;;;;;;;;;;;;;
872;0,302966836;0,338757745;-0,495055273;1;0,347103358;0,25889588;0,735516788;1;0,432647852;0,48199207;0,081619629;1;;;;;;;;;;;;;
873;0,567588166;0,357231829;-0,054019723;1;0,026819147;0,250407465;-0,865904267;1;0,164755656;0,544681719;-0,588110861;1;;;;;;;;;;;;;
874;0,142392203;0,375797894;-0,762679661;1;0,225878602;0,278633112;0,129393011;1;0,556140062;0,46554839;0,390350154;1;;;;;;;;;;;;;
875;0,68536378;0,259191551;0,142272967;1;-0,233690614;0,20291451;-2,168453068;0;-0,083878941;0,341585684;-1,209697353;1;;;;;;;;;;;;;
876;0,083606605;0,340719362;-0,860655659;1;-0,180450663;0,261973296;-1,902253313;1;1,241335708;0,429809636;2,10333927;1;;;;;;;;;;;;;
877;0,335605819;0,420099677;-0,440656968;1;0,490191885;0,339402416;1,450959425;1;0,615998242;0,649056967;0,539995605;1;;;;;;;;;;;;;
878;-0,655843335;0,336300501;-2,093072225;0;0,569258613;0,27453946;1,846293067;1;1,879445018;0,461778685;3,698612544;0;;;;;;;;;;;;;
879;0,042389006;0,425182915;-0,929351657;1;0,757596247;0,296394449;2,787981234;1;0,418661167;0,592270396;0,046652916;1;;;;;;;;;;;;;
880;0,347716302;0,3543162;-0,420472829;1;-0,071183788;0,283338037;-1,355918939;1;1,000110045;0,53857232;1,500275112;1;;;;;;;;;;;;;
881;0,552174856;0,361603532;-0,079708574;1;0,074737831;0,284034176;-0,626310845;1;0,674493165;0,439310434;0,686232912;1;;;;;;;;;;;;;
882;-0,25485156;0,303113395;-1,4247526;0;0,455450262;0,245140805;1,277251308;1;1,248130235;0,411005815;2,120325589;0;;;;;;;;;;;;;
883;0,486200194;0,347535966;-0,189666343;1;0,171693884;0,260096773;-0,14153058;1;0,30455373;0,43909184;-0,238615676;1;;;;;;;;;;;;;
884;1,117426727;0,415193445;0,862377879;1;-0,235493699;0,283090461;-2,177468494;1;-0,402080704;0,461680924;-2,005201759;1;;;;;;;;;;;;;
885;0,38641139;0,459101804;-0,355981017;1;0,293121038;0,317819813;0,465605191;1;0,636950507;0,595549672;0,592376267;1;;;;;;;;;;;;;
886;0,363910989;0,35121895;-0,393481685;1;0,479473296;0,271309141;1,397366481;1;0,217214425;0,456391088;-0,456963937;1;;;;;;;;;;;;;
887;1,196615755;0,450487455;0,994359591;1;-0,036231373;0,348241742;-1,181156866;1;0,009074449;0,554895266;-0,977313877;1;;;;;;;;;;;;;
888;0,376675863;0,322717453;-0,372206896;1;-0,130874696;0,250380517;-1,65437348;1;0,70370104;0,43103641;0,7592526;1;;;;;;;;;;;;;
889;1,127104073;0,440087057;0,878506788;1;-0,046940039;0,337762868;-1,234700197;1;-0,0145056;0,55691217;-1,036264;1;;;;;;;;;;;;;
890;0,315296418;0,36332977;-0,47450597;1;0,455853561;0,273777021;1,279267803;1;0,202535328;0,480051755;-0,493661679;1;;;;;;;;;;;;;
891;0,562176641;0,301597389;-0,063038932;1;-0,052174302;0,214390318;-1,26087151;1;0,390179849;0,374482483;-0,024550379;1;;;;;;;;;;;;;
892;1,284564326;0,477143653;1,140940544;1;0,378341352;0,358516897;0,891706761;1;-0,543218682;0,585194395;-2,358046705;1;;;;;;;;;;;;;
893;0,970804464;0,43643892;0,61800744;1;0,550697205;0,345215406;1,753486025;1;0,135542972;0,674075458;-0,661142569;1;;;;;;;;;;;;;
894;0,327628615;0,350151667;-0,453952309;1;-0,131730186;0,27799553;-1,658650932;1;1,15997488;0,513033522;1,8999372;1;;;;;;;;;;;;;
895;0,457561302;0,419085459;-0,237397831;1;-0,52036065;0,339439096;-3,601803248;0;1,052066893;0,540775822;1,630167231;1;;;;;;;;;;;;;
896;-0,242195111;0,375856936;-1,403658518;0;-0,023847902;0,278543506;-1,119239512;1;1,870487786;0,513040726;3,676219464;0;;;;;;;;;;;;;
897;0,927308437;0,338312651;0,545514062;1;0,088372848;0,231533702;-0,55813576;1;-0,304459132;0,467005051;-1,76114783;1;;;;;;;;;;;;;
898;0,826089185;0,300459371;0,376815309;1;-0,227985185;0,237037769;-2,139925926;1;-0,311442476;0,385528588;-1,778606189;1;;;;;;;;;;;;;
899;0,269876329;0,377320041;-0,550206118;1;0,050672077;0,309577762;-0,746639613;1;0,673962576;0,460187703;0,684906441;1;;;;;;;;;;;;;
900;0,392320254;0,358261008;-0,34613291;1;0,27225477;0,273971413;0,361273851;1;0,621836133;0,475150195;0,554590333;1;;;;;;;;;;;;;
901;0,497159189;0,361862025;-0,171401352;1;0,638332022;0,316740141;2,191660112;1;0,359136005;0,496735262;-0,102159987;1;;;;;;;;;;;;;
902;0,429172935;0,40537624;-0,284711775;1;0,265266558;0,283652799;0,32633279;1;0,846843157;0,562270472;1,117107893;1;;;;;;;;;;;;;
903;0,962474554;0,355831105;0,604124256;1;0,131581069;0,300267147;-0,342094656;1;-0,288954595;0,453653545;-1,722386489;1;;;;;;;;;;;;;
904;0,813012998;0,445810949;0,355021663;1;0,700775437;0,387111062;2,503877185;1;0,190992628;0,616279292;-0,522518431;1;;;;;;;;;;;;;
905;0,610756902;0,460698712;0,017928169;1;0,319604589;0,349275534;0,598022943;1;0,321993246;0,585105337;-0,195016884;1;;;;;;;;;;;;;
906;0,288807806;0,458011796;-0,518653656;1;0,771022159;0,346754079;2,855110793;1;0,381217888;0,499282744;-0,04695528;1;;;;;;;;;;;;;
907;0,66165099;0,396670377;0,102751651;1;0,176196524;0,291940596;-0,119017379;1;0,526354039;0,547332183;0,315885098;1;;;;;;;;;;;;;
908;0,581611789;0,387180053;-0,030647019;1;0,622346649;0,305889695;2,111733243;1;0,046443427;0,440824455;-0,883891432;1;;;;;;;;;;;;;
909;0,25483175;0,283207533;-0,575280416;1;0,253000502;0,23531567;0,265002509;1;0,675072019;0,38184828;0,687680048;1;;;;;;;;;;;;;
910;-0,090247157;0,339666802;-1,150411928;0;0,327727452;0,249748769;0,638637259;1;1,107897443;0,421934282;1,769743608;1;;;;;;;;;;;;;
911;1,004061528;0,413937033;0,67343588;1;-0,162280739;0,322088625;-1,811403695;1;0,15624507;0,571688814;-0,609387326;1;;;;;;;;;;;;;
912;1,349419885;0,669429836;1,249033141;1;0,596361173;0,506245897;1,981805863;1;-1,006710117;0,808504648;-3,516775293;1;;;;;;;;;;;;;
913;0,211703345;0,339726784;-0,647161092;1;0,454300761;0,281890534;1,271503805;1;0,714675943;0,462954018;0,786689857;1;;;;;;;;;;;;;
914;0,559004027;0,39125396;-0,068326621;1;0,337386231;0,302416981;0,686931154;1;0,438037762;0,473360364;0,095094406;1;;;;;;;;;;;;;
915;0,254373963;0,357111864;-0,576043396;1;0,261279399;0,288675554;0,306396994;1;1,189535854;0,452600945;1,973839636;1;;;;;;;;;;;;;
916;-0,243076987;0,281429291;-1,405128311;0;0,673284291;0,242835034;2,366421454;1;1,130754758;0,407891294;1,826886896;1;;;;;;;;;;;;;
917;-0,04708542;0,527407486;-1,078475701;1;0,443800922;0,405329693;1,219004612;1;1,46561326;0,737728917;2,66403315;1;;;;;;;;;;;;;
918;-0,321587503;0,288126637;-1,535979172;0;0,434724411;0,205938301;1,173622054;1;0,612630057;0,363277043;0,531575143;1;;;;;;;;;;;;;
919;-0,136248874;0,342879812;-1,227081457;0;0,559018932;0,273818455;1,795094662;1;0,803283128;0,429951228;1,008207819;1;;;;;;;;;;;;;
920;0,725920196;0,412436226;0,209866993;1;0,531179446;0,354706832;1,655897228;1;0,142136742;0,579920048;-0,644658146;1;;;;;;;;;;;;;
921;-0,281987253;0,25899626;-1,469978755;0;0,219029706;0,21689272;0,095148529;1;0,984976347;0,374460604;1,462440868;1;;;;;;;;;;;;;
922;-0,332537482;0,263463279;-1,554229136;0;0,4077746;0,199121805;1,038872998;1;1,195175615;0,339053387;1,987939039;0;;;;;;;;;;;;;
923;0,33088453;0,327676434;-0,448525783;1;0,061785631;0,236065335;-0,691071843;1;0,509834546;0,425873319;0,274586365;1;;;;;;;;;;;;;
924;0,353190601;0,458662185;-0,411348998;1;0,84477035;0,320803091;3,223851749;0;0,37181768;0,595664681;-0,070455799;1;;;;;;;;;;;;;
925;-0,157213905;0,342535424;-1,262023176;0;0,432368676;0,318534631;1,161843378;1;1,188922654;0,560935954;1,972306636;1;;;;;;;;;;;;;
926;-0,043538179;0,335734866;-1,072563631;1;0,078132486;0,25899196;-0,609337568;1;1,120034772;0,496872431;1,80008693;1;;;;;;;;;;;;;
927;0,814829228;0,345347818;0,358048714;1;0,010032281;0,253410291;-0,949838594;1;-0,298166738;0,441136299;-1,745416845;1;;;;;;;;;;;;;
928;0,946436636;0,432458342;0,577394393;1;0,357602853;0,378742533;0,788014267;1;0,148502501;0,595220788;-0,628743747;1;;;;;;;;;;;;;
929;0,646302853;0,326203381;0,077171422;1;0,011325309;0,292033012;-0,943373454;1;0,747535469;0,526084999;0,868838673;1;;;;;;;;;;;;;
930;0,718718995;0,355728995;0,197864992;1;0,613751367;0,300575963;2,068756836;1;0,009687897;0,444322875;-0,975780257;1;;;;;;;;;;;;;
931;0,468419739;0,395200576;-0,219300434;1;-0,106396202;0,328106225;-1,53198101;1;1,319006608;0,542580763;2,297516519;1;;;;;;;;;;;;;
932;0,196747327;0,291068963;-0,672087788;1;0,060581573;0,239896317;-0,697092134;1;0,772110688;0,426373835;0,93027672;1;;;;;;;;;;;;;
933;0,141116509;0,370569426;-0,764805819;1;0,123642872;0,28604176;-0,381785638;1;1,010176463;0,527441085;1,525441159;1;;;;;;;;;;;;;
934;0,713723105;0,408324897;0,189538508;1;0,320194108;0,314679846;0,600970542;1;0,311160567;0,703629007;-0,222098582;1;;;;;;;;;;;;;
935;-0,339639141;0,317877713;-1,566065235;0;0,095178942;0,239247748;-0,524105292;1;1,085496943;0,442927158;1,713742357;1;;;;;;;;;;;;;
936;0,323160432;0,336095261;-0,46139928;1;0,142754896;0,259511586;-0,286225521;1;0,821920594;0,457803359;1,054801486;1;;;;;;;;;;;;;
937;0,391414837;0,258652946;-0,347641938;1;0,377642143;0,193050404;0,888210714;1;-0,454862629;0,350650181;-2,137156571;0;;;;;;;;;;;;;
938;0,876730488;0,379444772;0,461217481;1;0,359194148;0,283774205;0,795970739;1;-0,334874546;0,533357016;-1,837186365;1;;;;;;;;;;;;;
939;0,393665203;0,383468976;-0,343891328;1;0,16572787;0,289207104;-0,171360651;1;0,497574598;0,491953476;0,243936496;1;;;;;;;;;;;;;
940;0,20870455;0,40849386;-0,652159084;1;0,233444684;0,276948354;0,167223421;1;0,565845079;0,511908321;0,414612698;1;;;;;;;;;;;;;
941;0,416807514;0,3947646;-0,305320809;1;0,133762244;0,291089459;-0,331188782;1;0,983218245;0,568316363;1,458045613;1;;;;;;;;;;;;;
942;0,159076163;0,366193493;-0,734873061;1;0,777497587;0,288435006;2,887487937;0;0,625961419;0,508952191;0,564903548;1;;;;;;;;;;;;;
943;0,557699862;0,379352918;-0,070500231;1;0,498573178;0,303780097;1,492865888;1;0,106834958;0,550272274;-0,732912605;1;;;;;;;;;;;;;
944;0,563089106;0,343842909;-0,061518156;1;0,304185786;0,259697554;0,520928928;1;0,179057781;0,424991127;-0,552355548;1;;;;;;;;;;;;;
945;0,464608936;0,332970235;-0,225651774;1;-0,028876114;0,243910016;-1,144380569;1;0,75704165;0,460720941;0,892604125;1;;;;;;;;;;;;;
946;0,550748931;0,368789183;-0,082085115;1;0,157952393;0,274217537;-0,210238034;1;0,555445857;0,428342755;0,388614643;1;;;;;;;;;;;;;
947;0,320296543;0,350368398;-0,466172429;1;0,062420514;0,254555651;-0,68789743;1;0,296190474;0,397677526;-0,259523816;1;;;;;;;;;;;;;
948;0,972590222;0,400083417;0,620983703;1;-0,169276602;0,283138818;-1,846383009;1;-0,3692494;0,490036812;-1,923123501;1;;;;;;;;;;;;;
949;0,798141332;0,486330088;0,330235553;1;0,439576512;0,376706081;1,197882561;1;0,379921862;0,699534095;-0,050195345;1;;;;;;;;;;;;;
950;0,003267522;0,299525665;-0,99455413;0;0,56278416;0,250971313;1,8139208;1;0,786456808;0,424144786;0,96614202;1;;;;;;;;;;;;;
951;0,076980378;0,452654969;-0,87169937;1;0,934279517;0,351978388;3,671397585;0;1,208679631;0,687121826;2,021699077;1;;;;;;;;;;;;;
952;0,198291081;0,381182645;-0,669514865;1;0,09927229;0,291551426;-0,503638551;1;1,104626955;0,513980113;1,761567389;1;;;;;;;;;;;;;
953;0,36158374;0,305300073;-0,397360433;1;0,240441149;0,226654338;0,202205746;1;0,37539924;0,408013037;-0,061501901;1;;;;;;;;;;;;;
954;0,5503005;0,334005265;-0,082832501;1;-0,003690876;0,253149261;-1,018454378;1;0,162259507;0,407113211;-0,594351232;1;;;;;;;;;;;;;
955;0,54930956;0,428824352;-0,084484067;1;0,129844406;0,30307902;-0,350777972;1;0,482779093;0,622941556;0,206947731;1;;;;;;;;;;;;;
956;0,786628846;0,403386145;0,311048077;1;0,241091764;0,279396576;0,205458818;1;0,075418855;0,499444369;-0,811452863;1;;;;;;;;;;;;;
957;0,64898862;0,33154488;0,0816477;1;-0,026300832;0,253814529;-1,131504162;1;0,440341426;0,431688097;0,100853566;1;;;;;;;;;;;;;
958;-0,150380746;0,252130392;-1,250634576;0;0,404362622;0,196281986;1,021813109;1;0,341020353;0,35234117;-0,147449117;1;;;;;;;;;;;;;
959;0,486063958;0,406711024;-0,189893404;1;0,152876481;0,303678644;-0,235617595;1;0,070732176;0,483381153;-0,823169561;1;;;;;;;;;;;;;
960;0,768148629;0,369173555;0,280247715;1;-0,056669378;0,290745315;-1,283346888;1;-0,034896916;0,456581692;-1,087242291;1;;;;;;;;;;;;;
961;-0,03448521;0,311865107;-1,05747535;0;0,744723693;0,266698445;2,723618464;0;1,012579804;0,453614296;1,531449509;1;;;;;;;;;;;;;
962;-0,271473704;0,284450645;-1,452456173;0;0,24771656;0,21539422;0,2385828;1;0,898476063;0,378311964;1,246190158;1;;;;;;;;;;;;;
963;1,440045492;0,655330102;1,40007582;1;-0,152408845;0,427611853;-1,762044226;1;-0,218399867;0,915102041;-1,545999666;1;;;;;;;;;;;;;
964;0,568803117;0,389397716;-0,051994804;1;0,573122857;0,295081961;1,865614284;1;0,286448462;0,532238729;-0,283878845;1;;;;;;;;;;;;;
965;0,089006232;0,306850678;-0,851656281;1;-0,02789312;0,219816301;-1,139465598;1;0,955691228;0,398252769;1,389228069;1;;;;;;;;;;;;;
966;0,149542528;0,331430906;-0,750762453;1;-0,031811851;0,259835415;-1,159059255;1;0,629080963;0,430238573;0,572702408;1;;;;;;;;;;;;;
967;0,671261297;0,383178739;0,118768828;1;-0,011199014;0,295467653;-1,055995072;1;0,470909813;0,504828582;0,177274532;1;;;;;;;;;;;;;
968;-0,649856371;0,315465501;-2,083093952;0;0,628931612;0,250078174;2,14465806;1;1,581866419;0,397864533;2,954666048;0;;;;;;;;;;;;;
969;0,570432347;0,401564215;-0,049279422;1;0,580577585;0,312390269;1,902887923;1;-0,004009476;0,571072883;-1,010023689;1;;;;;;;;;;;;;
970;0,844706852;0,341677365;0,407844754;1;0,343752256;0,276294781;0,71876128;1;-0,237143756;0,49219044;-1,59285939;1;;;;;;;;;;;;;
971;-0,174237486;0,395524382;-1,29039581;1;0,489802894;0,29135757;1,449014471;1;1,34470197;0,558780759;2,361754925;1;;;;;;;;;;;;;
972;0,457593575;0,321020992;-0,237344042;1;0,164987291;0,235153614;-0,175063545;1;0,051397281;0,404980255;-0,871506798;1;;;;;;;;;;;;;
973;0,682822958;0,46981378;0,138038264;1;0,047471255;0,319966931;-0,762643726;1;-0,274770835;0,613981721;-1,686927087;1;;;;;;;;;;;;;
974;0,887810396;0,38281937;0,479683994;1;0,404517505;0,290439716;1,022587524;1;-0,229418557;0,511995292;-1,573546392;1;;;;;;;;;;;;;
975;0,335814132;0,50085426;-0,440309781;1;0,541946698;0,338456525;1,709733489;1;0,583491034;0,622641628;0,458727584;1;;;;;;;;;;;;;
976;0,941055325;0,37022805;0,568425541;1;-0,107915267;0,29812744;-1,539576334;1;0,016664157;0,473287169;-0,958339606;1;;;;;;;;;;;;;
977;0,422755879;0,381578183;-0,295406868;1;-0,240661666;0,281692744;-2,20330833;1;0,507125033;0,431310318;0,267812581;1;;;;;;;;;;;;;
978;0,572509965;0,381296637;-0,045816725;1;-0,130698755;0,272675447;-1,653493777;1;0,349570903;0,49870598;-0,126072743;1;;;;;;;;;;;;;
979;0,721856202;0,413214461;0,20309367;1;0,147163124;0,402987676;-0,264184381;1;0,588909464;0,595583121;0,472273659;1;;;;;;;;;;;;;
980;0,371618583;0,449440566;-0,380635696;1;0,40227783;0,345355291;1,011389152;1;1,035160535;0,616911623;1,587901337;1;;;;;;;;;;;;;
981;0,205524776;0,341661438;-0,657458707;1;0,712740066;0,274049095;2,563700328;1;0,249446464;0,453259082;-0,376383841;1;;;;;;;;;;;;;
982;0,200677578;0,351313081;-0,665537371;1;0,460393665;0,281683742;1,301968324;1;0,003168416;0,45248906;-0,99207896;1;;;;;;;;;;;;;
983;0,343096578;0,306766433;-0,42817237;1;0,672275167;0,264187855;2,361375833;1;0,444630341;0,418197871;0,111575852;1;;;;;;;;;;;;;
984;0,654214559;0,342256108;0,090357599;1;0,421238534;0,245548444;1,10619267;1;-0,191845127;0,442658665;-1,479612817;1;;;;;;;;;;;;;
985;0,32803287;0,412617031;-0,45327855;1;0,445421957;0,30840015;1,227109786;1;0,752216335;0,553460731;0,880540839;1;;;;;;;;;;;;;
986;0,200712248;0,349480845;-0,665479587;1;-0,068226557;0,264075745;-1,341132784;1;0,857180156;0,474762079;1,14295039;1;;;;;;;;;;;;;
987;0,354763167;0,303031733;-0,408728055;1;0,418542762;0,234029281;1,092713809;1;0,233171758;0,406827878;-0,417070606;1;;;;;;;;;;;;;
988;0,952840671;0,292815174;0,588067785;1;-0,130527093;0,230862111;-1,652635464;1;-0,599919601;0,370591633;-2,499799001;0;;;;;;;;;;;;;
989;0,369611342;0,342929014;-0,383981097;1;0,524226675;0,27303742;1,621133376;1;0,014411661;0,480401497;-0,963970848;1;;;;;;;;;;;;;
990;0,360539162;0,33030747;-0,399101396;1;0,008121602;0,251012947;-0,959391991;1;0,090151932;0,395523584;-0,77462017;1;;;;;;;;;;;;;
991;0,27863121;0,314626523;-0,535614649;1;0,171428444;0,249540281;-0,14285778;1;0,507827467;0,439804724;0,269568667;1;;;;;;;;;;;;;
992;0,656533811;0,432752222;0,094223018;1;0,350123498;0,313270015;0,750617491;1;0,477556361;0,571380451;0,193890903;1;;;;;;;;;;;;;
993;0,262181125;0,301011862;-0,563031459;1;0,312961414;0,25640659;0,56480707;1;1,065802129;0,422322031;1,664505322;1;;;;;;;;;;;;;
994;0,339092959;0,28009783;-0,434845068;1;0,684460191;0,241137296;2,422300957;0;-0,079062737;0,370481105;-1,197656843;1;;;;;;;;;;;;;
995;0,072483413;0,306397141;-0,879194311;1;0,165892019;0,218044932;-0,170539905;1;0,740154108;0,349393599;0,850385269;1;;;;;;;;;;;;;
996;0,903762697;0,371059128;0,506271162;1;0,63505804;0,30087644;2,1752902;1;-0,374891207;0,507704894;-1,937228018;1;;;;;;;;;;;;;
997;0,422412384;0,440761867;-0,29597936;1;-0,077890147;0,323355913;-1,389450736;1;0,941408983;0,559096017;1,353522458;1;;;;;;;;;;;;;
998;0,353906495;0,51994881;-0,410155841;1;0,288388698;0,381050951;0,441943492;1;0,846723882;0,628627673;1,116809704;1;;;;;;;;;;;;;
999;-0,107045767;0,277350607;-1,178409611;0;0,236703155;0,221097383;0,183515773;1;0,888019189;0,340980342;1,220047972;1;;;;;;;;;;;;;
1000;0,301676174;0,374053997;-0,497206376;1;0,374991732;0,27264564;0,874958662;1;0,324644302;0,440990664;-0,188389244;1;;;;;;;;;;;;;
