;mean;se;bias;cp;mean;se;bias;cp;mean;se;bias;cp
1;-0,896198747;0,300666339;-0,103801253;1;-0,431925392;0,269455678;-0,136149215;1;-0,31628147;0,486164122;0,581407352;1
2;-1,020376499;0,402833295;0,020376499;1;-1,25773994;0,375334088;1,515479881;0;0,140599653;0,580747454;-1,702998264;1
3;-1,013163007;0,287776821;0,013163007;1;-0,558784082;0,296665109;0,117568163;1;-0,022011879;0,489134402;-0,889940605;1
4;-0,780150155;0,220837494;-0,219849845;1;-0,733538518;0,27682635;0,467077035;1;-0,500037574;0,392204925;1,50018787;1
5;-1,151885954;0,438175631;0,151885954;1;0,212656323;0,372318451;-1,425312646;1;-1,069606723;0,653674144;4,348033613;1
6;-0,920278837;0,31504254;-0,079721163;1;-0,977238866;0,317857095;0,954477732;1;0,360666041;0,50550566;-2,803330207;1
7;-0,927753881;0,399011553;-0,072246119;1;-0,003146027;0,350437231;-0,993707946;1;-0,827759821;0,593507705;3,138799105;1
8;-0,494942997;0,297102426;-0,505057003;1;-0,187215336;0,297995696;-0,625569328;1;-0,899401354;0,505485225;3,497006771;1
9;-1,167728568;0,311236578;0,167728568;1;-0,696688937;0,29686226;0,393377873;1;0,505812328;0,445089071;-3,52906164;1
10;-0,63267506;0,350414538;-0,36732494;1;-0,827524053;0,326596986;0,655048106;1;0,042382171;0,536665516;-1,211910854;1
11;-1,235058345;0,365155655;0,235058345;1;-0,25758989;0,326463602;-0,484820221;1;0,1116859;0,492862282;-1,558429499;1
12;-0,963531528;0,301423053;-0,036468472;1;-0,488635437;0,279144489;-0,022729125;1;-0,257977609;0,477651684;0,289888046;1
13;-1,331689842;0,401573908;0,331689842;1;-0,811114492;0,347758943;0,622228985;1;0,741330322;0,580755665;-4,706651611;1
14;-1,165059888;0,291757442;0,165059888;1;-1,105993504;0,323056618;1,211987008;1;0,253986543;0,455449741;-2,269932717;1
15;-1,065545317;0,335312484;0,065545317;1;0,030001763;0,339162092;-1,060003527;1;-0,592887439;0,578926429;1,964437196;1
16;-0,684258617;0,266239301;-0,315741383;1;-0,542109627;0,301308537;0,084219254;1;-1,001452816;0,55880856;4,00726408;1
17;-0,703168622;0,345433587;-0,296831378;1;-0,335442263;0,312151419;-0,329115473;1;-0,879582454;0,577998339;3,39791227;1
18;-0,718003474;0,303528388;-0,281996526;1;-0,268553301;0,278984329;-0,462893398;1;-0,496129902;0,461846185;1,480649512;1
19;-1,232746364;0,279670486;0,232746364;1;-0,746656993;0,300241666;0,493313986;1;0,0359613;0,46491419;-1,179806502;1
20;-0,563745599;0,358474937;-0,436254401;1;-0,419659779;0,336735201;-0,160680441;1;-0,6832764;0,600335509;2,416381999;1
21;-0,791304809;0,239052603;-0,208695191;1;-0,654692621;0,268078724;0,309385242;1;-0,275697785;0,399511711;0,378488924;1
22;-1,211610023;0,319544255;0,211610023;1;-0,459814305;0,29839048;-0,080371391;1;0,612105473;0,482179845;-4,060527367;1
23;-0,982851034;0,346358915;-0,017148966;1;-0,467003915;0,323090714;-0,06599217;1;-0,599329705;0,571670912;1,996648527;1
24;-0,506326508;0,222627607;-0,493673492;0;-0,217724239;0,237725249;-0,564551522;1;-1,255441832;0,447683228;5,277209161;0
25;-1,080649484;0,294738818;0,080649484;1;-0,635767764;0,293649581;0,271535529;1;0,473559472;0,444847754;-3,367797358;1
26;-1,103350255;0,321427406;0,103350255;1;-0,895136135;0,344742847;0,790272271;1;-0,106952747;0,568125924;-0,465236266;1
27;-0,914882953;0,276170545;-0,085117047;1;-0,299511673;0,279683784;-0,400976653;1;-0,575458985;0,493590054;1,877294926;1
28;-1,545730417;0,350704944;0,545730417;1;0,024524587;0,302582504;-1,049049175;1;0,129110829;0,500222486;-1,645554144;1
29;-1,326197922;0,357512911;0,326197922;1;-0,031502697;0,323810855;-0,936994605;1;-0,099061676;0,551250524;-0,504691619;1
30;-1,407537595;0,394170738;0,407537595;1;-0,575987844;0,359102364;0,151975689;1;0,435403147;0,57622916;-3,177015733;1
31;-1,022413783;0,304777405;0,022413783;1;-0,645178122;0,279885255;0,290356243;1;0,511020431;0,453840562;-3,555102155;1
32;-1,068731919;0,321278016;0,068731919;1;0,007337068;0,290187102;-1,014674137;1;-0,278991534;0,554686565;0,39495767;1
33;-1,426510366;0,290088059;0,426510366;1;-0,413536753;0,225064541;-0,172926494;1;0,839771063;0,406394323;-5,198855315;0
34;-1,1547893;0,296484895;0,1547893;1;-0,475725247;0,295955661;-0,048549505;1;0,409098308;0,451096702;-3,045491538;1
35;-1,237883196;0,41525319;0,237883196;1;-0,555746524;0,376844672;0,111493048;1;-0,680758061;0,63820343;2,403790303;1
36;-0,686584089;0,292265368;-0,313415911;1;-1,424086202;0,327160666;1,848172404;0;-0,067669583;0,46633895;-0,661652085;1
37;-0,986560581;0,334973835;-0,013439419;1;-0,469474078;0,355028273;-0,061051843;1;-0,595286358;0,599733101;1,976431791;1
38;-1,224054497;0,325599919;0,224054497;1;-0,409413948;0,303657843;-0,181172104;1;-0,03974468;0,477942825;-0,801276598;1
39;-1,110951737;0,281564445;0,110951737;1;-0,652075088;0,284509234;0,304150175;1;-0,092155534;0,475650728;-0,539222331;1
40;-1,227685284;0,37706827;0,227685284;1;-0,425855991;0,373672209;-0,148288018;1;-0,783253127;0,605904259;2,916265635;1
41;-0,909532602;0,401103051;-0,090467398;1;-0,363487059;0,338653709;-0,273025882;1;-0,544435727;0,60785286;1,722178633;1
42;-1,448165626;0,446164272;0,448165626;1;-0,394028073;0,338758485;-0,211943854;1;0,312111138;0,668348266;-2,560555689;1
43;-1,116122286;0,305360725;0,116122286;1;-0,285341388;0,279507275;-0,429317224;1;-0,120774371;0,494513412;-0,396128144;1
44;-1,096539488;0,379489323;0,096539488;1;-0,586682599;0,355512084;0,173365198;1;-0,487598982;0,621253606;1,437994909;1
45;-1,105920057;0,376614856;0,105920057;1;0,335882889;0,322195195;-1,671765778;0;0,061685728;0,559927007;-1,308428638;1
46;-1,241109772;0,338361305;0,241109772;1;-0,617693136;0,318118768;0,235386272;1;0,145251887;0,509723295;-1,726259436;1
47;-0,665173403;0,29752244;-0,334826597;1;-0,80765138;0,307397301;0,61530276;1;-0,638787274;0,53165947;2,193936369;1
48;-1,152370059;0,302131425;0,152370059;1;-0,785623061;0,320615086;0,571246122;1;0,198761072;0,495525787;-1,99380536;1
49;-0,91408563;0,334848744;-0,08591437;1;-0,346185599;0,304103183;-0,307628803;1;-0,057289959;0,524188905;-0,713550204;1
50;-0,999282779;0,296915475;-0,000717221;1;-0,433248162;0,292100525;-0,133503676;1;-0,029189902;0,462841176;-0,854050488;1
51;-0,854216371;0,307571762;-0,145783629;1;-0,513986869;0,318178564;0,027973739;1;-0,963896323;0,597796011;3,819481614;1
52;-1,812762172;0,409618565;0,812762172;0;-0,25852349;0,344829811;-0,482953021;1;1,43788303;0,622664121;-8,18941515;0
53;-1,076954139;0,284695038;0,076954139;1;-0,160170328;0,263385285;-0,679659345;1;-0,012090722;0,429769579;-0,939546388;1
54;-0,812121587;0,306898739;-0,187878413;1;-0,407722431;0,301516488;-0,184555137;1;-0,966653087;0,528486033;3,833265437;1
55;-1,596542751;0,393591443;0,596542751;1;-0,034730366;0,342933477;-0,930539269;1;-0,37529203;0,568285402;0,87646015;1
56;-1,026809535;0,300280131;0,026809535;1;-0,433229049;0,275461928;-0,133541903;1;0,325214303;0,45967384;-2,626071513;1
57;-0,901483455;0,371065437;-0,098516545;1;-0,951160011;0,353921868;0,902320022;1;-0,209282738;0,595579485;0,046413691;1
58;-1,093130253;0,27983495;0,093130253;1;-0,178089675;0,262421127;-0,643820651;1;-0,191711141;0,453494628;-0,041444295;1
59;-1,879378544;0,468984959;0,879378544;1;-0,738031805;0,422880035;0,47606361;1;0,557338072;0,702248416;-3,78669036;1
60;-0,92316283;0,332651946;-0,07683717;1;-1,140874259;0,362267044;1,281748517;1;-0,451761258;0,511745839;1,258806291;1
61;-0,852758264;0,292705729;-0,147241736;1;-0,609676572;0,29466448;0,219353144;1;-0,443927937;0,489626027;1,219639684;1
62;-1,40651064;0,278823637;0,40651064;1;0,016259842;0,278002936;-1,032519685;1;-0,188348971;0,501091868;-0,058255147;1
63;-1,348075056;0,356860493;0,348075056;1;0,171348404;0,332067135;-1,342696809;0;-0,693768242;0,541067562;2,468841208;1
64;-0,715532083;0,256695115;-0,284467917;1;-0,952941881;0,320880759;0,905883762;1;-0,626054949;0,462883612;2,130274747;1
65;-1,12960307;0,352984833;0,12960307;1;-0,517200678;0,30244356;0,034401356;1;0,879514155;0,497538551;-5,397570773;0
66;-1,003187066;0,399462297;0,003187066;1;0,201925658;0,33337889;-1,403851317;0;-0,707867739;0,555894077;2,539338695;1
67;-1,121112358;0,341738319;0,121112358;1;-0,146270587;0,338471364;-0,707458827;1;-0,458267249;0,560050726;1,291336244;1
68;-1,485577051;0,410831645;0,485577051;1;-1,518381897;0,485854271;2,036763793;0;0,203253934;0,712530469;-2,016269668;1
69;-0,607394742;0,269553785;-0,392605258;1;-1,550942386;0,319916631;2,101884772;0;-0,58457363;0,457222526;1,922868152;1
70;-1,484887167;0,36629658;0,484887167;1;-0,4557487;0,322464821;-0,088502599;1;0,320514528;0,550300709;-2,60257264;1
71;-1,015404177;0,244665056;0,015404177;1;-0,616011532;0,279369958;0,232023064;1;-0,177305167;0,416241854;-0,113474164;1
72;-1,608044997;0,348385204;0,608044997;1;-0,50764423;0,309931757;0,01528846;1;0,708212917;0,556956742;-4,541064584;1
73;-1,140691664;0,281113687;0,140691664;1;-0,625578682;0,282516662;0,251157363;1;0,14867448;0,44759892;-1,743372401;1
74;-0,85421801;0,395658289;-0,14578199;1;-0,793615124;0,371168527;0,587230249;1;-0,305324541;0,591544382;0,526622707;1
75;-0,790999626;0,356535382;-0,209000374;1;-0,898441046;0,311522276;0,796882092;1;0,151740736;0,519493232;-1,758703678;1
76;-1,194866046;0,294978534;0,194866046;1;-0,129260245;0,283092213;-0,741479511;1;0,459321677;0,48220234;-3,296608385;1
77;-1,205193954;0,340752673;0,205193954;1;-0,396231118;0,304047596;-0,207537764;1;-0,194002161;0,543292716;-0,029989194;1
78;-0,780758628;0,245532271;-0,219241372;1;-0,715248045;0,288153492;0,43049609;1;-0,454461862;0,433364144;1,27230931;1
79;-1,16203842;0,396698072;0,16203842;1;-0,386424839;0,355194109;-0,227150321;1;-0,064798581;0,600316485;-0,676007093;1
80;-0,895246003;0,270991294;-0,104753997;1;-0,571858686;0,267370542;0,143717373;1;-0,490212668;0,461761902;1,45106334;1
81;-0,750498072;0,334373654;-0,249501928;1;-0,270890517;0,317838367;-0,458218965;1;-0,717335183;0,533121454;2,586675916;1
82;-0,669375797;0,280692266;-0,330624203;1;-0,373171528;0,272454556;-0,253656944;1;-0,188919587;0,433495472;-0,055402067;1
83;-1,216148986;0,400491158;0,216148986;1;-0,29109357;0,331311886;-0,417812859;1;-0,03361882;0,564877636;-0,831905898;1
84;-1,170353207;0,338851547;0,170353207;1;-0,297899022;0,302339682;-0,404201956;1;-0,036420463;0,469458903;-0,817897687;1
85;-0,554105754;0,294288031;-0,445894246;1;-0,929411309;0,321309966;0,858822617;1;-0,324475858;0,508876928;0,622379292;1
86;-1,333653562;0,407032136;0,333653562;1;-0,297917995;0,329525011;-0,40416401;1;0,490605139;0,55733011;-3,453025697;1
87;-1,276523753;0,353353701;0,276523753;1;-0,443700226;0,310873556;-0,112599549;1;0,200520007;0,569372202;-2,002600036;1
88;-0,939481205;0,343116479;-0,060518795;1;-0,298655201;0,339851203;-0,402689597;1;-0,45206459;0,592074318;1,260322951;1
89;-1,379622156;0,318269228;0,379622156;1;-0,135956342;0,283723354;-0,728087316;1;0,125756438;0,504154825;-1,628782192;1
90;-1,454181508;0,411514687;0,454181508;1;-0,356231904;0,357570006;-0,287536192;1;0,334024844;0,644744573;-2,670124222;1
91;-1,277345642;0,32612014;0,277345642;1;-0,396947146;0,297669832;-0,206105708;1;0,31747423;0,491912742;-2,587371148;1
92;-0,68215023;0,306821102;-0,31784977;1;-0,715760485;0,327784236;0,43152097;1;-0,411999907;0,554593707;1,059999534;1
93;-0,452928589;0,25502966;-0,547071411;0;-0,77079355;0,273420139;0,541587101;1;-0,887235746;0,471338847;3,43617873;1
94;-0,478349865;0,408628409;-0,521650135;1;-0,303193945;0,344321952;-0,393612111;1;-0,556133489;0,594758699;1,780667447;1
95;-0,962812355;0,395038706;-0,037187645;1;-0,041646771;0,334004341;-0,916706457;1;-0,692447187;0,631367189;2,462235935;1
96;-0,931463589;0,246397287;-0,068536411;1;-0,714127551;0,260855189;0,428255102;1;0,12190371;0,37708679;-1,609518552;1
97;-0,956533417;0,330168454;-0,043466583;1;-1,266586504;0,380332231;1,533173008;0;-0,210530989;0,597098364;0,052654944;1
98;-1,325892729;0,282182854;0,325892729;1;-0,333166058;0,270868782;-0,333667884;1;0,238376569;0,458920007;-2,191882846;1
99;-1,439505131;0,356900896;0,439505131;1;-0,166973205;0,297634922;-0,66605359;1;0,265032903;0,573141299;-2,325164513;1
100;-0,557435747;0,26512271;-0,442564253;1;-0,395218896;0,251716205;-0,209562208;1;-0,97990503;0,454061586;3,899525149;1
101;-1,078917162;0,359424537;0,078917162;1;-0,560285281;0,338319555;0,120570562;1;-0,258584021;0,572578468;0,292920106;1
102;-0,9098374;0,273203341;-0,0901626;1;-0,751481732;0,328973291;0,502963465;1;-0,845916835;0,503117823;3,229584175;1
103;-1,070117551;0,318921799;0,070117551;1;-0,182101316;0,286704443;-0,635797368;1;-0,002269827;0,534620059;-0,988650864;1
104;-1,197822032;0,339304924;0,197822032;1;-0,722931081;0,31500038;0,445862161;1;0,018188151;0,524567671;-1,090940753;1
105;-0,830001442;0,278353678;-0,169998558;1;-0,86666366;0,303678186;0,73332732;1;-0,323645402;0,509462371;0,618227009;1
106;-0,955014766;0,255159129;-0,044985234;1;-0,62291726;0,289783336;0,24583452;1;-0,354300953;0,455544195;0,771504764;1
107;-1,07506448;0,28869349;0,07506448;1;-0,060154469;0,267990776;-0,879691063;1;-0,324285914;0,452868704;0,621429568;1
108;-0,864846266;0,3196298;-0,135153734;1;-0,452450987;0,286499293;-0,095098025;1;0,043952846;0,526488689;-1,219764232;1
109;-0,794828495;0,30712007;-0,205171505;1;-0,495224491;0,288399729;-0,009551017;1;-0,335457802;0,454774329;0,677289008;1
110;-1,304589773;0,319694633;0,304589773;1;-0,466212598;0,313193981;-0,067574804;1;-0,1981291;0,512370796;-0,009354502;1
111;-1,202531984;0,393575383;0,202531984;1;-0,850178086;0,370938382;0,700356173;1;0,013153292;0,604603267;-1,065766459;1
112;-0,999278284;0,350305725;-0,000721716;1;0,04649722;0,320535156;-1,092994439;1;-1,299897888;0,56304655;5,499489441;1
113;-1,808392845;0,352641889;0,808392845;0;-0,283925002;0,294103932;-0,432149997;1;1,151732616;0,493822421;-6,758663082;0
114;-1,166140568;0,326221462;0,166140568;1;-0,954665345;0,354207426;0,909330691;1;0,23712654;0,472227634;-2,1856327;1
115;-0,637013285;0,267156273;-0,362986715;1;-0,958580399;0,277390697;0,917160797;1;-0,568517886;0,455522636;1,842589429;1
116;-0,614219698;0,239381132;-0,385780302;1;-0,681387064;0,272862868;0,362774129;1;-0,862955003;0,442834446;3,314775015;1
117;-0,713787259;0,272459905;-0,286212741;1;-0,988751836;0,30761219;0,977503671;1;-0,417054965;0,455769008;1,085274826;1
118;-0,595429307;0,267236668;-0,404570693;1;-0,307971276;0,26989658;-0,384057449;1;-1,005104145;0,508557212;4,025520727;1
119;-1,034275605;0,325627311;0,034275605;1;-0,624199036;0,312672027;0,248398072;1;-0,062304151;0,493427894;-0,688479243;1
120;-0,874418481;0,314361279;-0,125581519;1;-0,443242055;0,30399474;-0,11351589;1;-0,674479518;0,546913199;2,372397588;1
121;-1,144985686;0,262185618;0,144985686;1;-0,629172325;0,285349805;0,258344651;1;0,248849827;0,418683354;-2,244249136;1
122;-0,676684261;0,269210294;-0,323315739;1;-0,93560703;0,334589076;0,871214061;1;-0,599349318;0,507595924;1,996746591;1
123;-0,844938095;0,333664451;-0,155061905;1;-0,191636447;0,326512518;-0,616727107;1;-1,501839507;0,586192114;6,509197533;0
124;-1,08975576;0,283337333;0,08975576;1;-0,205962651;0,265563866;-0,588074698;1;-0,701971384;0,474463083;2,509856918;1
125;-0,73668512;0,295140562;-0,26331488;1;-0,667510123;0,291392108;0,335020246;1;-0,300830027;0,490610397;0,504150134;1
126;-0,754824084;0,509185083;-0,245175916;1;-0,657515778;0,355579848;0,315031556;1;0,300550377;0,584701963;-2,502751884;1
127;-1,216868822;0,316223028;0,216868822;1;-0,14421807;0,302418764;-0,711563861;1;-0,299518746;0,545907437;0,497593729;1
128;-0,807643489;0,270764409;-0,192356511;1;-0,74681516;0,317598256;0,49363032;1;-0,560428663;0,482459779;1,802143314;1
129;-1,26029532;0,318288936;0,26029532;1;-0,191482619;0,278154059;-0,617034762;1;-0,083216553;0,477652988;-0,583917237;1
130;-1,217261929;0,334151769;0,217261929;1;-0,621781754;0,284366617;0,243563507;1;0,330762289;0,516360736;-2,653811445;1
131;-1,542491033;0,388343376;0,542491033;1;0,3034558;0,346869799;-1,606911601;0;-0,129682394;0,572230476;-0,351588029;1
132;-0,62357307;0,41190868;-0,37642693;1;-0,552830881;0,348451818;0,105661763;1;-0,750616597;0,632136386;2,753082987;1
133;-1,819583585;0,41928063;0,819583585;1;0,103428809;0,337000783;-1,206857618;1;1,05771072;0,606960337;-6,2885536;0
134;-0,924312672;0,275468606;-0,075687328;1;-0,682063841;0,309390578;0,364127682;1;-0,378252452;0,476426112;0,891262261;1
135;-1,024270578;0,305411018;0,024270578;1;-0,568389971;0,292737511;0,136779943;1;0,256367388;0,47067562;-2,281836941;1
136;-1,665596401;0,386962877;0,665596401;1;0,021061039;0,329409612;-1,042122078;1;-0,130072789;0,581999726;-0,349636054;1
137;-1,716257413;0,440012547;0,716257413;1;-0,276171155;0,370534938;-0,447657689;1;-0,00433806;0,690622727;-0,9783097;1
138;-1,07138507;0,367030335;0,07138507;1;-0,268594048;0,318877975;-0,462811904;1;-0,464009872;0,576114147;1,320049361;1
139;-1,380180559;0,338332986;0,380180559;1;0,071097654;0,279597661;-1,142195308;0;0,088214946;0,475891526;-1,441074732;1
140;-1,240208382;0,281580478;0,240208382;1;-0,31647798;0,274108379;-0,367044039;1;0,165128923;0,466778578;-1,825644617;1
141;-1,001614335;0,292897942;0,001614335;1;-0,702504557;0,311059026;0,405009114;1;0,034068628;0,507465188;-1,17034314;1
142;-1,049183929;0,312335313;0,049183929;1;-0,318859394;0,306526053;-0,362281213;1;-0,370413127;0,501479243;0,852065634;1
143;-1,101269225;0,307906327;0,101269225;1;-0,66120875;0,323115997;0,3224175;1;-0,213447344;0,491154436;0,067236719;1
144;-0,90275736;0,361986483;-0,09724264;1;-0,274850566;0,33355183;-0,450298869;1;-0,148927203;0,554179964;-0,255363985;1
145;-1,086207542;0,254051881;0,086207542;1;-0,397457889;0,254357629;-0,205084222;1;0,118469622;0,3892421;-1,592348108;1
146;-0,979371451;0,323904662;-0,020628549;1;-0,495164527;0,319640599;-0,009670946;1;-0,632161631;0,563360086;2,160808157;1
147;-1,444348861;0,392428184;0,444348861;1;-0,445526866;0,35463674;-0,108946267;1;0,195411702;0,58547838;-1,977058511;1
148;-1,097491036;0,296336005;0,097491036;1;-0,501852107;0,28549397;0,003704213;1;0,040126422;0,459513419;-1,200632109;1
149;-0,529604968;0,336880702;-0,470395032;1;-0,386655427;0,321347733;-0,226689146;1;-1,087116105;0,599356762;4,435580526;1
150;-0,963372285;0,409502276;-0,036627715;1;-0,783482789;0,389025655;0,566965578;1;0,0626742;0,65490918;-1,313371;1
151;-1,376954348;0,315452718;0,376954348;1;-0,235233443;0,295488743;-0,529533113;1;0,212908632;0,476273635;-2,064543162;1
152;-1,193657554;0,36666877;0,193657554;1;-0,349358596;0,302930159;-0,301282809;1;-0,133868616;0,601666023;-0,330656922;1
153;-1,206596185;0,381714784;0,206596185;1;-0,811262381;0,350419919;0,622524763;1;0,140978545;0,571748681;-1,704892725;1
154;-0,330128606;0,276376518;-0,669871394;0;-0,79873403;0,273304338;0,597468059;1;-1,21967259;0,494290698;5,098362949;0
155;-0,938559269;0,371796963;-0,061440731;1;-0,466273383;0,337026025;-0,067453234;1;0,001490587;0,600867835;-1,007452934;1
156;-0,843373628;0,403480193;-0,156626372;1;-0,695695222;0,351922479;0,391390444;1;-0,506088868;0,632362958;1,530444342;1
157;-0,749941011;0,247155183;-0,250058989;1;-0,615392934;0,25463083;0,230785868;1;-0,465535184;0,401694239;1,327675918;1
158;-0,845961871;0,300899322;-0,154038129;1;-0,600531609;0,312155152;0,201063218;1;-0,34718531;0,540726443;0,735926549;1
159;-1,416030198;0,317289949;0,416030198;1;-0,13010365;0,295428042;-0,739792699;1;0,382413252;0,503031842;-2,91206626;1
160;-1,190644162;0,339980115;0,190644162;1;-0,268951043;0,292926869;-0,462097914;1;-0,490189927;0,539746845;1,450949637;1
161;-1,07298369;0,256798494;0,07298369;1;-1,1105141;0,286184565;1,2210282;0;0,694840351;0,416962842;-4,474201757;0
162;-0,555932909;0,309138924;-0,444067091;1;-0,491205117;0,311461159;-0,017589765;1;-0,822681386;0,519729022;3,113406928;1
163;-0,54022924;0,208404487;-0,45977076;0;-0,78984745;0,267052644;0,5796949;1;-0,822847201;0,417182561;3,114236003;1
164;-1,102909528;0,393038749;0,102909528;1;-0,511953498;0,339658457;0,023906996;1;-0,001409154;0,541358421;-0,992954229;1
165;-0,215810665;0,363033296;-0,784189335;0;-0,479458656;0,322848136;-0,041082688;1;-1,396601211;0,582769866;5,983006056;0
166;-0,672624795;0,27433457;-0,327375205;1;-0,597470548;0,256738114;0,194941096;1;-0,724199583;0,433727909;2,620997914;1
167;-0,726996901;0,266789569;-0,273003099;1;-0,444240125;0,277958326;-0,11151975;1;-0,625282418;0,480004311;2,126412091;1
168;-1,676085598;0,407943124;0,676085598;1;-0,314167624;0,353514103;-0,371664751;1;0,429673345;0,620350999;-3,148366724;1
169;-0,98729196;0,308446314;-0,01270804;1;-0,338024432;0,284746622;-0,323951135;1;-0,081764149;0,469758384;-0,591179257;1
170;-1,4043775;0,325087237;0,4043775;1;-0,246969632;0,27690874;-0,506060736;1;0,195026247;0,491354473;-1,975131237;1
171;-1,085567251;0,307174725;0,085567251;1;-0,510181955;0,277434917;0,02036391;1;-0,170900614;0,453947667;-0,145496929;1
172;-1,457769951;0,461984382;0,457769951;1;-0,048802746;0,371279219;-0,902394509;1;0,223081011;0,660666531;-2,115405056;1
173;-1,372597525;0,400394395;0,372597525;1;-0,697475331;0,367874048;0,394950663;1;0,27412742;0,618474917;-2,3706371;1
174;-1,143541045;0,366313725;0,143541045;1;-0,627831514;0,350676645;0,255663029;1;-0,334548487;0,585569772;0,672742437;1
175;-1,077590169;0,291628862;0,077590169;1;-0,35340604;0,256950533;-0,293187919;1;-0,073807588;0,462445408;-0,630962062;1
176;-0,94873099;0,29150185;-0,05126901;1;-0,293259132;0,273579343;-0,413481736;1;0,077796531;0,474918066;-1,388982655;1
177;-1,086393317;0,41673996;0,086393317;1;-0,339695949;0,358285837;-0,320608103;1;-0,081383385;0,607151914;-0,593083077;1
178;-0,441366674;0,309116223;-0,558633326;1;-0,878883326;0,383909604;0,757766652;1;-0,968896036;0,592017603;3,844480179;1
179;-1,012008681;0,308404809;0,012008681;1;-0,765215794;0,310788613;0,530431588;1;-0,257193757;0,523565331;0,285968787;1
180;-1,070707224;0,348165864;0,070707224;1;-0,649207226;0,345503125;0,298414453;1;-0,741623723;0,587252561;2,708118613;1
181;-0,629823697;0,23086059;-0,370176303;1;-0,264366721;0,236979767;-0,471266558;1;-0,892767873;0,408149043;3,463839365;1
182;-0,931215269;0,292588159;-0,068784731;1;-0,501216556;0,29164542;0,002433112;1;-0,261817681;0,521489588;0,309088404;1
183;-1,057856435;0,409149389;0,057856435;1;0,059415451;0,324442836;-1,118830901;1;-0,179468024;0,548263563;-0,10265988;1
184;-0,789493762;0,319309626;-0,210506238;1;-0,497398461;0,323478841;-0,005203077;1;-0,734293077;0,538171074;2,671465385;1
185;-1,027059862;0,258278752;0,027059862;1;-0,879844687;0,297583122;0,759689374;1;-0,202341047;0,466858535;0,011705235;1
186;-0,983581669;0,416458067;-0,016418331;1;0,162242769;0,361628818;-1,324485538;1;-0,972471481;0,611235128;3,862357405;1
187;-1,345705149;0,314809378;0,345705149;1;0,032738484;0,268010884;-1,065476968;0;0,104333833;0,464808877;-1,521669166;1
188;-0,778916788;0,274056631;-0,221083212;1;-0,393028113;0,266304377;-0,213943774;1;-0,261185425;0,434619155;0,305927126;1
189;-1,214284117;0,303781989;0,214284117;1;-0,882492672;0,293810772;0,764985345;1;0,523912251;0,479075003;-3,619561253;1
190;-1,125638796;0,318136123;0,125638796;1;-0,260178616;0,293866373;-0,479642769;1;0,138152688;0,461071082;-1,690763438;1
191;-1,153637082;0,318612763;0,153637082;1;-0,157710759;0,291247108;-0,684578483;1;-0,333282198;0,507040875;0,666410992;1
192;-0,858076012;0,314416668;-0,141923988;1;-0,359915197;0,285221837;-0,280169607;1;-0,368189656;0,494349923;0,840948278;1
193;-1,079033218;0,316850549;0,079033218;1;-1,131717003;0,333560519;1,263434005;1;-0,07637173;0,509506407;-0,618141352;1
194;-1,048259832;0,242514778;0,048259832;1;-0,348700427;0,234775899;-0,302599146;1;-0,080460502;0,362874388;-0,597697491;1
195;-0,89255243;0,36267905;-0,10744757;1;-0,271982914;0,318916851;-0,456034172;1;-0,350712576;0,556120101;0,753562878;1
196;-0,96543772;0,29014655;-0,03456228;1;-0,583903927;0,321900603;0,167807854;1;-0,160284539;0,49023153;-0,198577304;1
197;-1,077495171;0,337653932;0,077495171;1;-0,549850822;0,306330452;0,099701644;1;-0,128013736;0,545057777;-0,35993132;1
198;-1,285024744;0,280725841;0,285024744;1;-0,179137195;0,273898237;-0,64172561;1;-0,178404067;0,471480202;-0,107979664;1
199;-0,707593349;0,302242368;-0,292406651;1;-0,13844248;0,25544561;-0,723115039;1;-0,292071247;0,479511661;0,460356235;1
200;-0,887172009;0,299009494;-0,112827991;1;-0,376951599;0,269373696;-0,246096803;1;-0,465255256;0,473739522;1,326276279;1
201;-0,788356382;0,341331883;-0,211643618;1;-1,359935751;0,358218725;1,719871501;0;0,14342252;0,526200955;-1,7171126;1
202;-1,176484483;0,292287592;0,176484483;1;-0,223417189;0,256244392;-0,553165622;1;0,195047187;0,44400673;-1,975235934;1
203;-1,033540363;0,312732943;0,033540363;1;-0,447408231;0,316951724;-0,105183538;1;-0,482546227;0,508380499;1,412731134;1
204;-0,868021078;0,310057826;-0,131978922;1;-0,454556181;0,287679632;-0,090887637;1;-0,344241646;0,481342376;0,721208228;1
205;-0,630845108;0,32385558;-0,369154892;1;-0,520232564;0,311539356;0,040465128;1;-0,858903538;0,583169376;3,294517688;1
206;-0,811568898;0,391616321;-0,188431102;1;-0,591792259;0,362561429;0,183584518;1;-0,008716199;0,607466848;-0,956419003;1
207;-0,958181751;0,30669682;-0,041818249;1;-0,696029008;0,292670097;0,392058017;1;0,021581548;0,535023463;-1,107907741;1
208;-0,992567909;0,26216866;-0,007432091;1;-0,201534377;0,243117853;-0,596931246;1;0,048741242;0,412491824;-1,243706212;1
209;-1,172264945;0,365031823;0,172264945;1;-1,371884256;0,375445127;1,743768512;0;0,347597167;0,53883546;-2,737985836;1
210;-1,301549768;0,3585333;0,301549768;1;-0,284511667;0,316885572;-0,430976666;1;0,156516728;0,528778244;-1,782583638;1
211;-0,52650958;0,250809624;-0,47349042;1;-0,41788843;0,251692266;-0,16422314;1;-0,641898715;0,409755641;2,209493577;1
212;-0,732112841;0,235538844;-0,267887159;1;-0,509464538;0,274444054;0,018929075;1;-0,992491593;0,466721157;3,962457964;1
213;-1,339804153;0,358539382;0,339804153;1;-0,636575206;0,375441862;0,273150413;1;0,333625344;0,615997314;-2,668126718;1
214;-0,718873216;0,258153239;-0,281126784;1;-0,68810574;0,298378544;0,376211481;1;-0,812093049;0,467214294;3,060465247;1
215;-0,954125481;0,28367444;-0,045874519;1;-0,222693239;0,267927483;-0,554613522;1;-0,538522128;0,455302519;1,69261064;1
216;-1,112632292;0,294450657;0,112632292;1;-0,3434164;0,283038758;-0,3131672;1;0,135468354;0,485774805;-1,677341769;1
217;-0,610430097;0,31581189;-0,389569903;1;-0,359625618;0,297695677;-0,280748764;1;-1,061337743;0,515565958;4,306688714;1
218;-1,419807837;0,361871303;0,419807837;1;-0,460081262;0,298002548;-0,079837477;1;0,404545478;0,547087007;-3,02272739;1
219;-1,023671537;0,437883074;0,023671537;1;-0,778786064;0,414243187;0,557572129;1;-0,422299223;0,658780045;1,111496117;1
220;-0,728288618;0,347264716;-0,271711382;1;-1,350209294;0,422181122;1,700418588;0;-0,182447829;0,538557822;-0,087760857;1
221;-1,355781707;0,459873524;0,355781707;1;-0,311810882;0,385055145;-0,376378237;1;-0,653123507;0,663465239;2,265617536;1
222;-1,373296306;0,280682856;0,373296306;1;-0,200430612;0,263517557;-0,599138775;1;0,092454656;0,412217486;-1,462273281;1
223;-1,115753648;0,329478961;0,115753648;1;-0,889838885;0,337909224;0,77967777;1;-0,241583571;0,489828426;0,207917855;1
224;-0,996612478;0,323388641;-0,003387522;1;-0,268899865;0,315637212;-0,46220027;1;-0,364147344;0,559360524;0,820736719;1
225;-1,142292363;0,327247417;0,142292363;1;-0,736464936;0,310977338;0,472929872;1;0,468535347;0,485947942;-3,342676733;1
226;-1,310250759;0,304625639;0,310250759;1;-0,184940418;0,298431164;-0,630119164;1;-0,602874289;0,523929244;2,014371446;1
227;-0,450315856;0,314389069;-0,549684144;1;-1,3009829;0,345130625;1,601965799;0;-0,490731509;0,551522767;1,453657545;1
228;-0,719072401;0,309265992;-0,280927599;1;-0,239890526;0,281465098;-0,520218947;1;-0,570138801;0,456335337;1,850694004;1
229;-1,19621031;0,28877076;0,19621031;1;-0,271198545;0,29577303;-0,457602909;1;-0,30844594;0,474773054;0,542229699;1
230;-0,591502503;0,282482067;-0,408497497;1;-0,577704362;0,28857311;0,155408724;1;-0,505023524;0,511752671;1,52511762;1
231;-1,305648703;0,338339251;0,305648703;1;-0,197461279;0,282711634;-0,605077441;1;0,259606808;0,490915647;-2,298034038;1
232;-0,819142177;0,345045814;-0,180857823;1;-0,80617806;0,321970441;0,61235612;1;0,180871198;0,528969032;-1,904355989;1
233;-0,69390124;0,316368842;-0,30609876;1;-0,434469584;0,322764345;-0,131060833;1;-0,982046117;0,566905667;3,910230584;1
234;-0,870007166;0,274726504;-0,129992834;1;-1,283842199;0,346458272;1,567684398;0;0,18375313;0,460478793;-1,91876565;1
235;-1,341317572;0,421605738;0,341317572;1;0,01589948;0,343531084;-1,031798959;1;0,524937947;0,619484146;-3,624689736;1
236;-1,09607208;0,299773841;0,09607208;1;-0,651039367;0,318273424;0,302078735;1;-0,124770792;0,516942321;-0,376146039;1
237;-0,930973432;0,259745774;-0,069026568;1;-0,198646874;0,263709446;-0,602706253;1;-0,681117015;0,453612879;2,405585076;1
238;-1,016614131;0,375087353;0,016614131;1;-0,05993614;0,311570896;-0,880127721;1;-0,532390541;0,580581721;1,661952703;1
239;-1,038524893;0,349439972;0,038524893;1;-0,120858527;0,324337618;-0,758282946;1;-0,925464749;0,547955617;3,627323747;1
240;-0,584142343;0,342628319;-0,415857657;1;-0,839487283;0,330412302;0,678974566;1;-0,226074459;0,531067313;0,130372296;1
241;-0,910182359;0,299734183;-0,089817641;1;-0,755845909;0,312311671;0,511691818;1;-0,340036089;0,526412718;0,700180443;1
242;-0,982943795;0,307557526;-0,017056205;1;-0,126942977;0,317639566;-0,746114045;1;-1,329506027;0,57568733;5,647530135;0
243;-1,058081041;0,307396834;0,058081041;1;-0,726639722;0,295106552;0,453279444;1;0,221950689;0,474766156;-2,109753446;1
244;-1,137490469;0,311620817;0,137490469;1;-0,343541356;0,326130434;-0,312917288;1;-0,731702997;0,526393536;2,658514985;1
245;-1,203743019;0,331289689;0,203743019;1;-0,848744846;0,321876513;0,697489692;1;0,497069579;0,50050912;-3,485347897;1
246;-0,865333754;0,309555476;-0,134666246;1;-0,732304213;0,325652369;0,464608426;1;-0,337735894;0,52766525;0,68867947;1
247;-1,073052497;0,330806287;0,073052497;1;-0,555111397;0,293523836;0,110222793;1;0,488655302;0,557135439;-3,443276508;1
248;-0,672470795;0,282544445;-0,327529205;1;-0,964995786;0,316375574;0,929991572;1;-0,317418656;0,467924228;0,587093282;1
249;-0,654163016;0,339373675;-0,345836984;1;-1,235347046;0,363794007;1,470694093;0;-0,235736857;0,512595081;0,178684285;1
250;-1,410476018;0,270716612;0,410476018;1;-1,233038725;0,342245297;1,466077449;0;-0,398280402;0,454335846;0,991402009;1
251;-1,314350473;0,406212498;0,314350473;1;0,070267446;0,336336778;-1,140534892;1;-0,307627068;0,571334004;0,53813534;1
252;-1,203009335;0,28623327;0,203009335;1;-0,391552568;0,281852158;-0,216894864;1;0,181334815;0,426528754;-1,906674074;1
253;-0,931146248;0,291939722;-0,068853752;1;-0,250507401;0,273997698;-0,498985199;1;-0,542196401;0,474334673;1,710982003;1
254;-0,949809752;0,268434029;-0,050190248;1;-0,475291905;0,284889764;-0,04941619;1;-0,597913279;0,457443554;1,989566394;1
255;-1,130406768;0,37661255;0,130406768;1;-0,522506737;0,312574915;0,045013474;1;0,08004323;0,54931587;-1,400216151;1
256;-0,953583632;0,323541762;-0,046416368;1;-0,989692729;0,322552312;0,979385459;1;-0,045057454;0,500697591;-0,774712732;1
257;-0,551367606;0,262649088;-0,448632394;1;-0,388084138;0,27033131;-0,223831723;1;-1,309450382;0,488902165;5,547251911;0
258;-0,585728711;0,257007531;-0,414271289;1;-0,823065451;0,320691379;0,646130901;1;-0,844683809;0,480892407;3,223419047;1
259;-0,713428519;0,290479479;-0,286571481;1;-0,768753347;0,266346775;0,537506694;1;0,03184647;0,456809563;-1,15923235;1
260;-1,306367916;0,391885976;0,306367916;1;-0,387143578;0,322312433;-0,225712844;1;0,28375128;0,56579695;-2,418756399;1
261;-1,196383493;0,372132798;0,196383493;1;-0,263065368;0,348159885;-0,473869263;1;0,014277395;0,583714735;-1,071386973;1
262;-0,558941818;0,377322824;-0,441058182;1;-0,350042256;0,338031852;-0,299915488;1;-0,579078524;0,558818231;1,895392618;1
263;-0,969893922;0,305959666;-0,030106078;1;-1,117084967;0,336680224;1,234169933;1;0,032490092;0,519416438;-1,162450459;1
264;-0,685044136;0,393511697;-0,314955864;1;-0,175825111;0,378806624;-0,648349778;1;-1,587144968;0,724575465;6,93572484;1
265;-1,141571073;0,46823247;0,141571073;1;-0,890159234;0,351461495;0,780318468;1;0,722214217;0,647464815;-4,611071087;1
266;-1,085535013;0,286359925;0,085535013;1;-0,093851579;0,284690722;-0,812296841;1;-0,475780368;0,491111303;1,378901838;1
267;-1,078700889;0,32836205;0,078700889;1;-0,485239446;0,343033316;-0,029521108;1;-0,534986973;0,53337332;1,674934865;1
268;-1,094256955;0,317255474;0,094256955;1;0,099635112;0,288423327;-1,199270224;0;-0,50017127;0,505292091;1,500856351;1
269;-0,928998275;0,251185178;-0,071001725;1;-0,778566478;0,270926687;0,557132956;1;0,044841361;0,388034009;-1,224206807;1
270;-0,912234984;0,294286455;-0,087765016;1;-0,156203109;0,27375743;-0,687593782;1;-0,893715208;0,489231412;3,468576038;1
271;-0,721260396;0,301544841;-0,278739604;1;-0,475135445;0,316631577;-0,049729109;1;-0,961944255;0,507674314;3,809721273;1
272;-0,592142477;0,36798693;-0,407857523;1;-0,824762337;0,349680936;0,649524673;1;-0,763948622;0,548041511;2,819743109;1
273;-1,51049389;0,348351062;0,51049389;1;-0,368196585;0,3384679;-0,263606829;1;0,195206595;0,561103817;-1,976032976;1
274;-0,933868543;0,355260649;-0,066131457;1;-0,254170876;0,303825159;-0,491658247;1;-0,048560341;0,539489028;-0,757198297;1
275;-1,190277741;0,318963195;0,190277741;1;-0,109606515;0,277866228;-0,78078697;1;0,138470446;0,495267343;-1,692352229;1
276;-1,093895231;0,330719487;0,093895231;1;-0,294748732;0,30553345;-0,410502536;1;-0,115107921;0,549593366;-0,424460397;1
277;-0,581343218;0,372197529;-0,418656782;1;-0,728645028;0,364075057;0,457290055;1;-0,416776008;0,561195033;1,083880041;1
278;-0,963339394;0,317502446;-0,036660606;1;-0,140709935;0,296598466;-0,718580131;1;-0,324387402;0,46197126;0,621937009;1
279;-0,968940752;0,324920595;-0,031059248;1;-0,149175879;0,313230063;-0,701648243;1;-0,613888997;0,533875659;2,069444987;1
280;-0,975737134;0,269138453;-0,024262866;1;-0,142198436;0,273589324;-0,715603127;1;-0,507697591;0,476065401;1,538487953;1
281;-1,053087218;0,268542584;0,053087218;1;-0,455967585;0,274962439;-0,08806483;1;-0,134856837;0,462490903;-0,325715815;1
282;-1,270235413;0,327080694;0,270235413;1;-1,12983651;0,37029567;1,25967302;1;-0,177307283;0,566299646;-0,113463586;1
283;-0,516554486;0,296723961;-0,483445514;1;-0,582303224;0,307234617;0,164606449;1;-1,319725586;0,556808188;5,598627928;0
284;-1,474473516;0,417772234;0,474473516;1;-0,505973309;0,346135479;0,011946618;1;0,71246712;0,617999003;-4,562335599;1
285;-0,69677577;0,286461237;-0,30322423;1;-0,607876918;0,272269344;0,215753836;1;-0,626816665;0,479280237;2,134083323;1
286;-0,942354497;0,297131461;-0,057645503;1;-0,852034289;0,304514177;0,704068578;1;-0,440377795;0,53052689;1,201888975;1
287;-0,517308129;0,382962164;-0,482691871;1;-0,984620358;0,385221896;0,969240716;1;0,408576685;0,579288494;-3,042883424;1
288;-0,746175942;0,355591531;-0,253824058;1;-1,071778543;0,363880712;1,143557085;1;-0,244608521;0,564937135;0,223042603;1
289;-0,920446534;0,299460552;-0,079553466;1;-0,077290251;0,287437114;-0,845419498;1;-0,718172166;0,508249434;2,590860829;1
290;-1,218207098;0,282046555;0,218207098;1;-0,400528281;0,276985185;-0,198943438;1;0,194618987;0,45323575;-1,973094935;1
291;-0,945978518;0,304959999;-0,054021482;1;-0,847768463;0,315044759;0,695536925;1;0,094988546;0,48350142;-1,474942732;1
292;-0,686310247;0,353148354;-0,313689753;1;-0,670684144;0,3629638;0,341368289;1;-0,654179736;0,591007924;2,270898679;1
293;-1,1723882;0,334721327;0,1723882;1;-0,807369423;0,309908187;0,614738845;1;0,772698869;0,502657835;-4,863494344;1
294;-0,71094456;0,27557176;-0,28905544;1;-0,33244184;0,246009889;-0,33511632;1;-0,540854972;0,438154054;1,704274861;1
295;-1,130110316;0,31428919;0,130110316;1;-0,612272682;0,293427347;0,224545364;1;0,118742498;0,46796237;-1,593712489;1
296;-0,894599546;0,29719448;-0,105400454;1;-0,606350935;0,301561029;0,21270187;1;-0,202885507;0,474496791;0,014427533;1
297;-0,84521905;0,274630003;-0,15478095;1;-0,419401677;0,293716173;-0,161196646;1;-0,971041241;0,475301276;3,855206203;1
298;-0,954011613;0,282769362;-0,045988387;1;-0,430476082;0,300175429;-0,139047836;1;-0,193095567;0,468436507;-0,034522165;1
299;-0,73909985;0,285483581;-0,26090015;1;-0,172576406;0,261133203;-0,654847189;1;-0,772999897;0,495087161;2,864999485;1
300;-0,836049856;0,388276749;-0,163950144;1;-0,062089171;0,337416954;-0,875821658;1;-0,607375902;0,590091706;2,036879509;1
301;-1,360984375;0,397083383;0,360984375;1;-0,655648132;0,330002335;0,311296263;1;0,785968466;0,615354441;-4,929842328;1
302;-0,824597679;0,259259807;-0,175402321;1;-0,574448672;0,274577433;0,148897343;1;-0,039663982;0,425548812;-0,80168009;1
303;-0,636841535;0,2735384;-0,363158465;1;-0,834481475;0,307849002;0,668962949;1;-0,860576766;0,511768168;3,302883828;1
304;-0,673222448;0,25375316;-0,326777552;1;-0,254283673;0,250885815;-0,491432654;1;-0,649877198;0,443717095;2,249385989;1
305;-1,209908605;0,336258937;0,209908605;1;-0,521556324;0,306480683;0,043112648;1;-0,106884088;0,499003115;-0,465579561;1
306;-0,790372845;0,338623263;-0,209627155;1;-0,293778366;0,300817052;-0,412443267;1;-0,918436012;0,529399101;3,592180059;1
307;-1,178135544;0,385027707;0,178135544;1;-0,206316673;0,311179286;-0,587366654;1;0,082024713;0,570481534;-1,410123566;1
308;-0,722407019;0,244505749;-0,277592981;1;-0,811277447;0,306974148;0,622554895;1;-0,3858892;0,460605671;0,929446001;1
309;-0,798551729;0,304154335;-0,201448271;1;-1,289251216;0,383071731;1,578502432;0;-0,345153265;0,490471672;0,725766323;1
310;-1,603257895;0,354703551;0,603257895;1;-0,345617892;0,323080423;-0,308764216;1;0,510481953;0,57333659;-3,552409766;1
311;-0,683911454;0,378463342;-0,316088546;1;-0,167655257;0,312744246;-0,664689486;1;-0,464149953;0,523661969;1,320749767;1
312;-0,577583573;0,276592374;-0,422416427;1;-0,82921259;0,289532494;0,658425181;1;-0,227875528;0,452077708;0,139377638;1
313;-0,860579799;0,298788026;-0,139420201;1;-0,618932509;0,298039185;0,237865017;1;-0,543508253;0,529204922;1,717541267;1
314;-1,003266453;0,263614167;0,003266453;1;-0,427918993;0,236444671;-0,144162014;1;0,158008039;0,418519445;-1,790040197;1
315;-1,048442396;0,267574002;0,048442396;1;-0,651785016;0,275598314;0,303570032;1;0,097310558;0,427343473;-1,486552789;1
316;-1,16620357;0,458938165;0,16620357;1;-0,712087935;0,325054718;0,424175871;1;0,13040526;0,627106961;-1,652026299;1
317;-0,902879143;0,351262475;-0,097120857;1;-0,675871607;0,354735248;0,351743213;1;-0,330155742;0,621829462;0,650778712;1
318;-1,089508207;0,338987496;0,089508207;1;-0,164684402;0,311068158;-0,670631196;1;0,024642514;0,557724889;-1,123212572;1
319;-0,977890253;0,328360085;-0,022109747;1;-0,555783728;0,296628088;0,111567456;1;-0,506827987;0,545674419;1,534139933;1
320;-0,979309669;0,364179184;-0,020690331;1;-0,750080106;0,328958462;0,500160212;1;0,152737477;0,534655182;-1,763687386;1
321;-0,911945034;0,284215568;-0,088054966;1;-0,260366707;0,275630733;-0,479266586;1;-0,636023747;0,487140414;2,180118733;1
322;-0,637591521;0,212764912;-0,362408479;1;-0,752137476;0,257617885;0,504274953;1;-0,68454146;0,424003514;2,422707301;1
323;-1,229555587;0,299639675;0,229555587;1;-0,58410028;0,296760179;0,16820056;1;0,156873801;0,478543594;-1,784369003;1
324;-0,773922599;0,286184933;-0,226077401;1;-1,008492461;0,34462493;1,016984923;1;0,192325967;0,438027438;-1,961629834;1
325;-0,514437384;0,247105609;-0,485562616;0;-0,56872764;0,254320909;0,137455281;1;-0,749633775;0,418733152;2,748168877;1
326;-0,710715072;0,247647655;-0,289284928;1;-0,851382505;0,266591959;0,702765009;1;-0,598289082;0,402867155;1,991445409;1
327;-1,105903568;0,30758667;0,105903568;1;-0,540088554;0,273597996;0,080177108;1;0,261468751;0,451301609;-2,307343755;1
328;-1,452157578;0,31707983;0,452157578;1;-0,322339116;0,303164612;-0,355321768;1;0,328577954;0,49255498;-2,642889772;1
329;-0,56021188;0,223209214;-0,43978812;0;-0,285040365;0,246002783;-0,429919269;1;-1,143058855;0,449808935;4,715294277;0
330;-0,652582945;0,265517087;-0,347417055;1;-0,095243347;0,256611285;-0,809513306;1;-1,028484509;0,458330321;4,142422545;1
331;-1,642737779;0,465130865;0,642737779;1;-0,757757823;0,431690597;0,515515647;1;0,713142743;0,655711775;-4,565713715;1
332;-0,513594458;0,26215111;-0,486405542;1;-0,844739382;0,298486883;0,689478764;1;-0,695649525;0,46551651;2,478247624;1
333;-1,237714128;0,309359598;0,237714128;1;-0,145852008;0,262407876;-0,708295983;1;0,081503628;0,467479647;-1,40751814;1
334;-1,338504187;0,349561621;0,338504187;1;-0,217611876;0,361153357;-0,564776248;1;-0,774624789;0,647126432;2,873123945;1
335;-0,853222814;0,259302009;-0,146777186;1;-1,251745308;0,30527634;1,503490616;0;0,095102236;0,415738356;-1,475511181;1
336;-0,663497241;0,355859753;-0,336502759;1;-1,100461106;0,399464866;1,200922213;1;-0,629734397;0,5840853;2,148671986;1
337;-1,629355598;0,35756304;0,629355598;1;-0,178164228;0,317447386;-0,643671543;1;0,147722152;0,562123667;-1,738610758;1
338;-1,479419072;0,40155334;0,479419072;1;-0,623989937;0,360941885;0,247979874;1;0,301582447;0,6366368;-2,507912235;1
339;-0,63006521;0,334697992;-0,36993479;1;-0,201492166;0,304842644;-0,597015668;1;-1,299580517;0,55973334;5,497902586;0
340;-1,489369072;0,327304303;0,489369072;1;-0,291924388;0,315432171;-0,416151224;1;0,275759988;0,518991134;-2,37879994;1
341;-0,760568271;0,327473244;-0,239431729;1;-0,650866791;0,349222878;0,301733583;1;-0,639759975;0,567022443;2,198799873;1
342;-0,611243713;0,301508012;-0,388756287;1;-0,597839958;0,292179396;0,195679915;1;-0,594195176;0,476981486;1,97097588;1
343;-0,929833119;0,402966454;-0,070166881;1;-0,685571329;0,396059576;0,371142658;1;-0,386928875;0,617913449;0,934644374;1
344;-0,860930975;0,267667368;-0,139069025;1;-0,490652692;0,270707605;-0,018694615;1;-0,355913843;0,460457318;0,779569214;1
345;-0,760239821;0,41318827;-0,239760179;1;-0,617244394;0,380311251;0,234488787;1;-0,935615653;0,628480051;3,678078266;1
346;-1,234969461;0,368609479;0,234969461;1;-0,58030954;0,348148773;0,160619081;1;0,201116254;0,579573774;-2,005581272;1
347;-1,260545129;0,294825286;0,260545129;1;-0,874817725;0,308098183;0,74963545;1;0,183965073;0,462010861;-1,919825367;1
348;-1,106179114;0,330300208;0,106179114;1;-0,147076797;0,321012289;-0,705846406;1;-0,697154644;0,531904317;2,48577322;1
349;-0,751559983;0,32101663;-0,248440017;1;-0,44331409;0,280459795;-0,11337182;1;-0,778729033;0,501442904;2,893645166;1
350;-1,178444653;0,338903954;0,178444653;1;-0,495602345;0,315949297;-0,00879531;1;-0,026246676;0,53238564;-0,868766622;1
351;-1,193133722;0,384634103;0,193133722;1;-0,382193496;0,335731829;-0,235613009;1;0,38699;0,581555261;-2,934949999;1
352;-1,242206647;0,434286055;0,242206647;1;-0,309124743;0,376125905;-0,381750513;1;0,048481444;0,682986308;-1,242407219;1
353;-0,597433482;0,212479698;-0,402566518;1;-0,894914518;0,262960866;0,789829035;1;-1,049394569;0,409953778;4,246972843;0
354;-1,074907121;0,28230482;0,074907121;1;-0,630547446;0,293936702;0,261094891;1;0,281123362;0,428968473;-2,405616811;1
355;-1,154091336;0,327827664;0,154091336;1;-0,342934448;0,30694543;-0,314131103;1;-0,169112433;0,521602511;-0,154437833;1
356;-0,851725057;0,228427765;-0,148274943;1;-0,361244643;0,260039994;-0,277510715;1;-0,590373922;0,464452055;1,951869612;1
357;-0,231497678;0,355465378;-0,768502322;0;-0,925302647;0,346327992;0,850605294;1;-0,932248887;0,551608855;3,661244434;1
358;-1,355945323;0,36793658;0,355945323;1;-0,44735457;0,340523657;-0,10529086;1;-0,289021938;0,60529881;0,445109689;1
359;-0,932708256;0,270508333;-0,067291744;1;-0,431492854;0,275224868;-0,137014292;1;-0,6423245;0,469398018;2,211622499;1
360;-0,961799083;0,466335257;-0,038200917;1;-0,908381511;0,40029525;0,816763022;1;-0,163158982;0,684512125;-0,18420509;1
361;-0,897377779;0,313029648;-0,102622221;1;-0,598974325;0,301670529;0,19794865;1;-0,401382155;0,511973317;1,006910773;1
362;-1,315139335;0,356451958;0,315139335;1;0,182173453;0,333281317;-1,364346906;0;-1,035015349;0,53817683;4,175076744;1
363;-1,428023387;0,364547366;0,428023387;1;-0,666044696;0,302183986;0,332089392;1;0,683693139;0,519852558;-4,418465695;1
364;-1,240011039;0,391845937;0,240011039;1;0,018220983;0,339454153;-1,036441965;1;-0,735997797;0,704973495;2,679988987;1
365;-1,186129938;0,34212484;0,186129938;1;0,069951254;0,283366782;-1,139902507;0;-0,122988648;0,536982858;-0,385056761;1
366;-0,695011504;0,29752468;-0,304988496;1;-0,857168214;0,314736398;0,714336427;1;-0,675189997;0,528012678;2,375949987;1
367;-1,015644432;0,304929926;0,015644432;1;-0,245617286;0,294621379;-0,508765428;1;-0,042149946;0,472186376;-0,789250269;1
368;-0,796547969;0,341163875;-0,203452031;1;-1,01005739;0,345478328;1,020114779;1;-0,766452055;0,568741992;2,832260273;1
369;-1,444113598;0,285101587;0,444113598;1;-0,203226626;0,243485027;-0,593546749;1;0,28088335;0,415419583;-2,404416749;1
370;-0,88795747;0,309442706;-0,11204253;1;-0,699902564;0,279310603;0,399805128;1;-0,151208567;0,444018782;-0,243957165;1
371;-0,711997479;0,291994823;-0,288002521;1;-0,336226012;0,337809587;-0,327547975;1;-1,580927401;0,548263061;6,904637003;0
372;-1,382272682;0,331194052;0,382272682;1;-0,14234908;0,302675134;-0,715301841;1;-0,336209407;0,499873302;0,681047034;1
373;-0,37554708;0,309188439;-0,62445292;0;-0,838785568;0,328966293;0,677571136;1;-0,950152027;0,570968612;3,750760134;1
374;-0,545809353;0,281081206;-0,454190647;1;-0,586401849;0,29502044;0,172803698;1;-0,404042214;0,498369623;1,020211068;1
375;-0,568939126;0,368767372;-0,431060874;1;-0,56892809;0,296333781;0,13785618;1;-0,33654352;0,5397201;0,682717598;1
376;-1,168799114;0,357564739;0,168799114;1;-1,049832777;0,35356633;1,099665554;1;0,100489892;0,517242906;-1,502449461;1
377;-1,646149364;0,311354706;0,646149364;0;-0,537500615;0,291318917;0,07500123;1;0,764659394;0,484611735;-4,823296972;0
378;-1,100261749;0,325175795;0,100261749;1;-0,095885688;0,292045293;-0,808228625;1;-0,259004134;0,536789369;0,295020671;1
379;-1,348360736;0,329956562;0,348360736;1;-0,391729565;0,301561214;-0,216540869;1;-0,041085156;0,490640246;-0,794574221;1
380;-1,660323914;0,381407201;0,660323914;1;-0,342027285;0,32193591;-0,31594543;1;0,632925688;0,558190787;-4,164628442;1
381;-0,686904962;0,272821847;-0,313095038;1;-0,496996212;0,256597168;-0,006007576;1;-0,759827661;0,434583915;2,799138303;1
382;-1,620795836;0,349620914;0,620795836;1;-0,684093512;0,314341312;0,368187024;1;0,695242312;0,50317111;-4,47621156;1
383;-1,102956384;0,284759827;0,102956384;1;-0,213097426;0,276065363;-0,573805149;1;-0,331505913;0,461202147;0,657529566;1
384;-1,239914698;0,316075931;0,239914698;1;-0,3123557;0,272535028;-0,3752886;1;0,082444628;0,498054918;-1,412223141;1
385;-0,951613221;0,318964359;-0,048386779;1;-0,165776576;0,30168001;-0,668446849;1;-1,199213819;0,549143125;4,996069093;1
386;-0,921883667;0,297894535;-0,078116333;1;-0,665795314;0,267015829;0,331590629;1;0,364488407;0,44577549;-2,822442033;1
387;-0,812682503;0,293310528;-0,187317497;1;-0,67492486;0,246331922;0,34984972;1;-0,031081799;0,429645164;-0,844591006;1
388;-0,796785484;0,374446952;-0,203214516;1;0,038507342;0,33093506;-1,077014685;1;-0,611591366;0,555817278;2,057956829;1
389;-0,752732705;0,231885805;-0,247267295;1;-0,449532681;0,253542463;-0,100934638;1;-0,934509288;0,416300323;3,672546441;1
390;-1,356755041;0,289519075;0,356755041;1;0,212939166;0,273918602;-1,425878331;0;-0,134288571;0,459954122;-0,328557146;1
391;-0,766517944;0,410009659;-0,233482056;1;-0,624918223;0,344347927;0,249836445;1;-0,025406595;0,632824347;-0,872967026;1
392;-0,590700295;0,270545381;-0,409299705;1;-0,756951943;0,288247805;0,513903887;1;-0,493890495;0,478565994;1,469452476;1
393;-1,666524622;0,388235652;0,666524622;1;-0,42141068;0,341734338;-0,15717864;1;0,652749316;0,538425108;-4,263746581;1
394;-1,255722508;0,352480148;0,255722508;1;-0,226778133;0,323843134;-0,546443734;1;-0,007552415;0,619148606;-0,962237924;1
395;-0,721890097;0,263211123;-0,278109903;1;-0,738023482;0,271507376;0,476046964;1;-0,264056098;0,434348546;0,320280488;1
396;-1,025703593;0,342151384;0,025703593;1;-0,411306985;0,321563255;-0,177386031;1;0,023152855;0,55183186;-1,115764277;1
397;-0,924215798;0,2794837;-0,075784202;1;-0,596784032;0,265823089;0,193568064;1;-0,030556039;0,455633934;-0,847219807;1
398;-1,027879351;0,272258398;0,027879351;1;-1,146121992;0,316112771;1,292243983;0;-0,042732363;0,464804509;-0,786338186;1
399;-0,742703826;0,32201226;-0,257296174;1;-0,377150062;0,311185026;-0,245699877;1;-0,687606313;0,540342579;2,438031566;1
400;-0,571185267;0,283963289;-0,428814733;1;-0,799159651;0,301956557;0,598319303;1;-0,545417006;0,508402513;1,727085032;1
401;-0,755223881;0,271521572;-0,244776119;1;-0,627733992;0,290591169;0,255467984;1;-0,564793552;0,456834007;1,823967759;1
402;-1,40381973;0,363222497;0,40381973;1;-0,466058173;0,335575557;-0,067883654;1;0,507419765;0,524746897;-3,537098824;1
403;-0,991041327;0,298936671;-0,008958673;1;-0,302940821;0,277182727;-0,394118358;1;-0,178852555;0,483439227;-0,105737227;1
404;-1,405363892;0,432655551;0,405363892;1;-0,10534002;0,366490543;-0,789319961;1;-0,206230352;0,65322773;0,031151759;1
405;-1,396736987;0,35295459;0,396736987;1;-0,453515384;0,315355534;-0,092969231;1;0,257041341;0,52814302;-2,285206703;1
406;-1,029357744;0,297599138;0,029357744;1;-0,703853379;0,297931221;0,407706759;1;-0,101078103;0,484080166;-0,494609483;1
407;-2,340199659;0,541291044;1,340199659;0;-0,366253689;0,411021474;-0,267492621;1;1,428010836;0,759611263;-8,140054182;0
408;-0,546285609;0,273815817;-0,453714391;1;-0,96705082;0,343163198;0,93410164;1;-0,717303039;0,536511068;2,586515193;1
409;-1,557599476;0,397240231;0,557599476;1;-0,680126853;0,342070914;0,360253706;1;0,535566765;0,57654176;-3,677833825;1
410;-1,163750415;0,3432194;0,163750415;1;-0,416756514;0,311490714;-0,166486972;1;0,331169092;0,521682479;-2,65584546;1
411;-0,927242745;0,248062859;-0,072757255;1;-1,024738385;0,314399463;1,04947677;1;-0,126991537;0,412226771;-0,365042313;1
412;-0,874451399;0,274803656;-0,125548601;1;-0,707074321;0,30319895;0,414148643;1;-0,228064356;0,438021638;0,140321781;1
413;-1,162310228;0,361336898;0,162310228;1;0,131883831;0,307591545;-1,263767662;0;-0,163576352;0,519094858;-0,182118242;1
414;-1,268971447;0,322995115;0,268971447;1;-0,382388394;0,29654782;-0,235223212;1;0,163296541;0,490965991;-1,816482706;1
415;-0,997116675;0,380054272;-0,002883325;1;-0,902705917;0,343705562;0,805411834;1;-0,283020348;0,602048319;0,415101742;1
416;-0,801331313;0,266621853;-0,198668687;1;-0,507430858;0,280779331;0,014861716;1;-0,709030164;0,4410994;2,545150822;1
417;-0,865338159;0,301002819;-0,134661841;1;-0,528728517;0,293040638;0,057457034;1;-0,946994716;0,553011035;3,734973581;1
418;-0,804382059;0,31774226;-0,195617941;1;-0,384834216;0,300311324;-0,230331569;1;-0,354434544;0,49482673;0,772172719;1
419;-1,72682359;0,395786916;0,72682359;1;-0,20025606;0,317898098;-0,59948788;1;0,673949756;0,545520001;-4,36974878;1
420;-1,091420146;0,322614336;0,091420146;1;-0,18916752;0,306987462;-0,62166496;1;-0,517204297;0,542348735;1,586021483;1
421;-1,301687219;0,316584363;0,301687219;1;-0,461844802;0,296669105;-0,076310395;1;0,248301795;0,493423791;-2,241508976;1
422;-0,847673677;0,275477838;-0,152326323;1;-1,049336624;0,345286282;1,098673247;1;-0,385325506;0,501944396;0,926627528;1
423;-0,936224283;0,297889265;-0,063775717;1;-0,727799765;0,313877294;0,45559953;1;-0,117257848;0,524455704;-0,413710759;1
424;-1,155422774;0,401750267;0,155422774;1;-0,651721954;0,392850145;0,303443908;1;-1,031446029;0,743809822;4,157230143;1
425;-0,934971938;0,320360143;-0,065028062;1;-1,278334229;0,360881073;1,556668458;0;-0,018480443;0,495455097;-0,907597783;1
426;-0,505235898;0,260124393;-0,494764102;1;-1,205935076;0,327707933;1,411870152;0;-0,458057191;0,425909249;1,290285956;1
427;-0,524871263;0,238013677;-0,475128737;0;-0,849634786;0,289629207;0,699269572;1;-0,647019091;0,434617786;2,235095453;1
428;-1,295096209;0,323947143;0,295096209;1;-0,03108195;0,276713968;-0,9378361;1;-0,138738433;0,481688558;-0,306307833;1
429;-0,685520533;0,240026516;-0,314479467;1;-0,7905092;0,312766729;0,5810184;1;-0,612221191;0,451014711;2,061105953;1
430;-1,217264156;0,354977628;0,217264156;1;-0,453039024;0,305319155;-0,093921953;1;0,129129428;0,523090298;-1,645647138;1
431;-1,232025698;0,3135788;0,232025698;1;-0,398712126;0,311183964;-0,202575748;1;-0,115563399;0,529397519;-0,422183007;1
432;-0,196373132;0,483373913;-0,803626868;1;-1,116716966;0,41265338;1,233433932;1;-0,831480045;0,710870775;3,157400226;1
433;-0,917385494;0,274356064;-0,082614506;1;-0,55481454;0,30857477;0,10962908;1;-0,193180571;0,478997123;-0,034097147;1
434;-0,907244008;0,245219799;-0,092755992;1;-0,553884948;0,286243645;0,107769896;1;-0,324304185;0,480491986;0,621520926;1
435;-0,778081911;0,242475023;-0,221918089;1;-0,493329081;0,288356526;-0,013341838;1;-0,504669691;0,442317375;1,523348453;1
436;-0,470761074;0,399360235;-0,529238926;1;-1,019964061;0,389530245;1,039928122;1;-0,198307069;0,643924603;-0,008464656;1
437;-1,072122156;0,409982216;0,072122156;1;-0,637793318;0,346956364;0,275586637;1;0,511004009;0,637449079;-3,555020043;1
438;-1,035634317;0,309297237;0,035634317;1;0,011390908;0,268328584;-1,022781816;1;-0,280787959;0,465747493;0,403939793;1
439;-0,758202221;0,256857793;-0,241797779;1;-1,508464285;0,337640636;2,016928571;0;-0,241976665;0,42090927;0,209883327;1
440;-0,953768163;0,376968977;-0,046231837;1;-0,704123428;0,349539821;0,408246855;1;-0,56216987;0,609032923;1,810849351;1
441;-0,764745644;0,338229797;-0,235254356;1;-0,334123761;0,324274054;-0,331752477;1;-0,72797194;0,58505976;2,639859701;1
442;-0,746877923;0,370310109;-0,253122077;1;-0,477227476;0,364452264;-0,045545048;1;-1,10850967;0,6438137;4,542548349;1
443;-1,049659015;0,316767849;0,049659015;1;-0,504889809;0,305876823;0,009779618;1;-0,286434938;0,517199406;0,43217469;1
444;-0,392856939;0,27852879;-0,607143061;0;-0,970836514;0,294185619;0,941673029;1;-1,108913525;0,473779824;4,544567623;1
445;-1,165766395;0,372892686;0,165766395;1;-0,321690646;0,335871808;-0,356618709;1;-0,599638124;0,564998104;1,998190622;1
446;-0,942852423;0,348075868;-0,057147577;1;-0,599026292;0,319223911;0,198052584;1;-0,600823312;0,53812165;2,004116561;1
447;-1,083267935;0,290950986;0,083267935;1;-0,402571218;0,262440592;-0,194857564;1;-0,03663505;0,463879774;-0,816824749;1
448;-0,868111538;0,261278584;-0,131888462;1;-0,615934962;0,253084252;0,231869925;1;0,145889769;0,420329069;-1,729448843;1
449;-1,440289951;0,387550047;0,440289951;1;-0,644324899;0,322539053;0,288649799;1;0,690326455;0,569805207;-4,451632275;1
450;-1,14706807;0,335008596;0,14706807;1;-0,041934464;0,290643987;-0,916131072;1;-0,140231982;0,504555051;-0,298840088;1
451;-1,285009715;0,267944002;0,285009715;1;-0,725400163;0,295395777;0,450800326;1;-0,267355251;0,450535692;0,336776255;1
452;-1,252480647;0,384670444;0,252480647;1;-0,279094747;0,356784255;-0,441810506;1;0,073639826;0,598440661;-1,368199132;1
453;-0,812776298;0,280928656;-0,187223702;1;-0,401192208;0,257071054;-0,197615585;1;-0,173358963;0,440148038;-0,133205185;1
454;-0,720472728;0,208107035;-0,279527272;1;-0,383515004;0,219255247;-0,232969992;1;-0,249803961;0,375316106;0,249019803;1
455;-1,263709347;0,36038994;0,263709347;1;-1,103494856;0,378320179;1,206989711;1;0,023043495;0,617960641;-1,115217476;1
456;-1,36820405;0,470373903;0,36820405;1;-0,04721589;0,381044635;-0,90556822;1;-0,119794428;0,663419486;-0,401027859;1
457;-1,358192615;0,33918509;0,358192615;1;-0,673296245;0,299175384;0,346592491;1;0,701315946;0,485841374;-4,506579732;1
458;-1,204666801;0,331355238;0,204666801;1;-0,676137487;0,308934033;0,352274975;1;-0,035012855;0,521257141;-0,824935727;1
459;-1,081925216;0,375279346;0,081925216;1;-0,277624886;0,349063585;-0,444750228;1;-0,382837267;0,588213342;0,914186337;1
460;-0,412004495;0,307403865;-0,587995505;1;-1,355405876;0,387214334;1,710811752;0;-0,921714338;0,592259279;3,608571691;1
461;-1,332010032;0,302394425;0,332010032;1;-0,192136174;0,275461796;-0,615727652;1;0,16049572;0,472750119;-1,802478598;1
462;-0,736373179;0,287342684;-0,263626821;1;-0,152271805;0,27965919;-0,695456391;1;-1,386049675;0,509737937;5,930248375;0
463;-1,438691082;0,295309974;0,438691082;1;-0,344339345;0,259185409;-0,311321311;1;0,549946241;0,430271461;-3,749731206;1
464;-1,383111226;0,304499349;0,383111226;1;0,10729039;0,274640394;-1,214580781;0;-0,003919278;0,472664554;-0,980403608;1
465;-1,250469062;0,319215714;0,250469062;1;-0,527556735;0,295099131;0,055113469;1;0,074590291;0,510388907;-1,372951454;1
466;-1,298425936;0,309722043;0,298425936;1;-0,441383148;0,269896885;-0,117233704;1;0,344676137;0,514945806;-2,723380683;1
467;-0,931421705;0,281353263;-0,068578295;1;-0,2733124;0,263574973;-0,453375201;1;-0,456704024;0,466969849;1,28352012;1
468;-1,159537601;0,295826452;0,159537601;1;-0,051682509;0,282841686;-0,896634982;1;-0,475314503;0,48984762;1,376572517;1
469;-1,026128969;0,396857113;0,026128969;1;-0,431170498;0,355725477;-0,137659004;1;-0,036264701;0,594423861;-0,818676493;1
470;-1,142661772;0,270300861;0,142661772;1;-0,117595687;0,260052884;-0,764808626;1;-0,385938881;0,450311203;0,929694405;1
471;-0,808956009;0,243641797;-0,191043991;1;-0,723576336;0,276000291;0,447152672;1;-0,385016446;0,445978096;0,925082228;1
472;-1,137604542;0,30632296;0,137604542;1;-0,116241322;0,287804683;-0,767517357;1;-0,400166813;0,52470743;1,000834063;1
473;-1,019624586;0,34008007;0,019624586;1;-0,557596205;0,33252668;0,11519241;1;0,080636302;0,555802338;-1,403181508;1
474;-0,449570124;0,345443478;-0,550429876;1;-0,304579863;0,289342819;-0,390840274;1;-0,654564469;0,511944278;2,272822347;1
475;-1,233630839;0,387595133;0,233630839;1;-0,468514569;0,317146574;-0,062970862;1;0,318345843;0,54468999;-2,591729213;1
476;-1,16707668;0,377222319;0,16707668;1;-0,859065594;0,351116666;0,718131189;1;0,657902261;0,52660003;-4,289511304;1
477;-0,985896267;0,368399831;-0,014103733;1;-0,117012439;0,313317273;-0,765975122;1;-0,169301566;0,555455794;-0,15349217;1
478;-0,667488076;0,296645997;-0,332511924;1;-0,36826751;0,294124882;-0,26346498;1;-1,100575968;0,547004796;4,502879838;1
479;-0,708574876;0,242065734;-0,291425124;1;-0,733471956;0,307935123;0,466943913;1;-0,321932284;0,46254518;0,609661418;1
480;-1,750142119;0,37754781;0,750142119;0;-0,000822222;0,300559156;-0,998355557;1;0,768763245;0,520529747;-4,843816224;1
481;-0,434109224;0,228271422;-0,565890776;0;-0,811166054;0,274032158;0,622332108;1;-0,758625336;0,391409871;2,793126682;1
482;-1,74960508;0,407066883;0,74960508;1;-0,134964359;0,317321156;-0,730071283;1;0,49411367;0,600974135;-3,470568351;1
483;-0,099536821;0,349528002;-0,900463179;0;-0,93193174;0,397238555;0,86386348;1;-2,010976663;0,6998925;9,054883316;0
484;-1,14193397;0,260637294;0,14193397;1;-0,976147797;0,294213326;0,952295593;1;0,364847852;0,418927743;-2,824239258;1
485;-1,210102955;0,400723197;0,210102955;1;-0,237519031;0,336895108;-0,524961937;1;0,098213129;0,565356207;-1,491065646;1
486;-0,476807168;0,297653745;-0,523192832;1;-1,165520998;0,314324591;1,331041997;0;-0,653641071;0,529515038;2,268205355;1
487;-1,343742211;0,2950739;0,343742211;1;-0,38613706;0,270300219;-0,227725879;1;0,412120004;0,471126911;-3,060600019;1
488;-1,41375485;0,267284372;0,41375485;1;-0,182482311;0,233179589;-0,635035378;1;0,531429238;0,386426384;-3,65714619;1
489;-0,726332493;0,291076392;-0,273667507;1;-0,873270336;0,280975699;0,746540673;1;-0,146456499;0,435133655;-0,267717504;1
490;-0,624062542;0,215197013;-0,375937458;1;-0,185916498;0,221823787;-0,628167004;1;-0,793433702;0,398787395;2,96716851;1
491;-0,497777377;0,26059705;-0,502222623;1;-0,235416229;0,241734284;-0,529167542;1;-0,810689043;0,430399569;3,053445217;1
492;-1,420730821;0,280729754;0,420730821;1;-0,150122374;0,222190381;-0,699755252;1;0,596323867;0,390134967;-3,981619333;0
493;-1,246936646;0,320343316;0,246936646;1;-0,264878301;0,324474411;-0,470243398;1;-0,44949144;0,535277919;1,247457202;1
494;-0,917775121;0,33443058;-0,082224879;1;-0,290454698;0,305777307;-0,419090605;1;-0,615354099;0,571685582;2,076770496;1
495;-0,772234317;0,412646222;-0,227765683;1;-0,205493345;0,356402544;-0,589013309;1;-0,984977619;0,614446768;3,924888097;1
496;-1,108717455;0,266531395;0,108717455;1;-1,071935149;0,304296545;1,143870298;1;0,440423031;0,416390607;-3,202115155;1
497;-0,889160875;0,307132666;-0,110839125;1;-0,415484199;0,271037648;-0,169031603;1;0,047037426;0,505262765;-1,23518713;1
498;-0,945928504;0,246645333;-0,054071496;1;-0,373913274;0,280230203;-0,252173453;1;-0,158290673;0,450012801;-0,208546633;1
499;-0,853415662;0,292676969;-0,146584338;1;-0,456171683;0,278985832;-0,087656635;1;-0,65012563;0,489153029;2,250628148;1
500;-1,364619765;0,308083974;0,364619765;1;-0,908675511;0,320517595;0,817351023;1;0,594076481;0,474204365;-3,970382403;1
501;-0,665978886;0,251598883;-0,334021114;1;-0,740616395;0,279293734;0,481232791;1;-0,716704137;0,444140714;2,583520685;1
502;-1,252361934;0,317326759;0,252361934;1;-0,008076501;0,288957866;-0,983846998;1;-0,232812739;0,495593338;0,164063693;1
503;-1,174220424;0,354496604;0,174220424;1;-0,489086168;0,342176685;-0,021827664;1;0,09920756;0,567105996;-1,496037799;1
504;-1,118603033;0,307027041;0,118603033;1;-0,881776046;0,3525371;0,763552091;1;-0,190564747;0,513847387;-0,047176264;1
505;-0,964836154;0,355852185;-0,035163846;1;-0,413931824;0,365815032;-0,172136351;1;-0,970562197;0,622347077;3,852810985;1
506;-0,555997863;0,257844935;-0,444002137;1;-1,243885848;0,320707728;1,487771695;0;-0,403790162;0,447154371;1,018950812;1
507;-0,864563002;0,306162556;-0,135436998;1;-0,30526894;0,269907325;-0,38946212;1;-0,588621452;0,491609648;1,943107261;1
508;-1,123723084;0,393320256;0,123723084;1;-0,389040015;0,389223761;-0,22191997;1;-0,127600251;0,686875489;-0,361998747;1
509;-0,848294195;0,328411447;-0,151705805;1;-0,59570514;0,324365958;0,191410279;1;-0,877634444;0,56708984;3,388172219;1
510;-0,820696296;0,24812312;-0,179303704;1;-0,678963769;0,274308908;0,357927538;1;-0,141944942;0,406765544;-0,290275292;1
511;-1,041834974;0,391852295;0,041834974;1;-0,684061554;0,389719594;0,368123108;1;-0,494954177;0,668235412;1,474770883;1
512;-0,834955547;0,364482999;-0,165044453;1;-1,531720033;0,380981895;2,063440065;0;0,206878264;0,573731283;-2,03439132;1
513;-0,954938834;0,312619959;-0,045061166;1;-0,126460696;0,301715145;-0,747078609;1;-0,823236982;0,484074466;3,116184911;1
514;-0,945531287;0,30574339;-0,054468713;1;-0,433368922;0,325965703;-0,133262156;1;-0,348889655;0,518001309;0,744448274;1
515;-1,354651509;0,307245838;0,354651509;1;-0,329648342;0,292175537;-0,340703316;1;0,410752417;0,47277292;-3,053762084;1
516;-1,005794273;0,377770582;0,005794273;1;-1,416458273;0,420153177;1,832916546;0;-0,12341791;0,655448433;-0,38291045;1
517;-0,966503484;0,383416657;-0,033496516;1;-0,438045839;0,322666814;-0,123908321;1;-0,423506298;0,57659757;1,117531489;1
518;-2,06078387;0,437576798;1,06078387;0;-0,237217252;0,350719878;-0,525565497;1;1,019411038;0,618333018;-6,097055188;0
519;-0,50411505;0,2381342;-0,49588495;0;-0,980318009;0,299714987;0,960636019;1;-0,959917394;0,471505702;3,799586969;1
520;-0,849323123;0,368700517;-0,150676877;1;-0,654951831;0,344766889;0,309903662;1;-0,476248637;0,602156623;1,381243183;1
521;-1,28620879;0,324180165;0,28620879;1;-0,436715557;0,31313884;-0,126568887;1;0,289833597;0,500664447;-2,449167987;1
522;-1,257578032;0,265006658;0,257578032;1;-0,868491002;0,292243625;0,736982003;1;0,47935659;0,390638122;-3,396782951;1
523;-0,845103884;0,25706456;-0,154896116;1;-0,580837053;0,241082553;0,161674106;1;0,007134153;0,376198079;-1,035670763;1
524;-0,761047438;0,272094566;-0,238952562;1;-0,607933022;0,296472833;0,215866043;1;-0,666630022;0,484257958;2,333150109;1
525;-0,87668856;0,300326861;-0,12331144;1;-0,673792127;0,283529629;0,347584253;1;-0,198852811;0,48001098;-0,005735947;1
526;-0,989991026;0,324396692;-0,010008974;1;-0,724349438;0,295899167;0,448698875;1;0,35120682;0,479191398;-2,756034102;1
527;-0,634086951;0,206033402;-0,365913049;1;-0,728442927;0,250560062;0,456885855;1;-0,326831715;0,39019892;0,634158573;1
528;-1,278525319;0,36657484;0,278525319;1;-0,530320462;0,32480457;0,060640924;1;0,431111906;0,517928794;-3,15555953;1
529;-1,222024296;0,276661983;0,222024296;1;-0,624393855;0,292513465;0,248787711;1;-0,154435971;0,469362733;-0,227820145;1
530;-0,868791204;0,263668212;-0,131208796;1;-0,244158837;0,253913099;-0,511682326;1;-0,332701498;0,410466876;0,663507488;1
531;-1,123481685;0,338422075;0,123481685;1;-0,701968803;0,338912641;0,403937606;1;-0,300698004;0,587251326;0,503490019;1
532;-0,54807718;0,250291323;-0,45192282;1;-0,296161606;0,243677862;-0,407676787;1;-0,536367064;0,440653184;1,681835318;1
533;-0,784517377;0,274220383;-0,215482623;1;-0,303132942;0,257891707;-0,393734116;1;-0,661394279;0,459362663;2,306971393;1
534;-0,809592622;0,348098356;-0,190407378;1;-0,381468603;0,304936952;-0,237062794;1;-0,289918339;0,528363955;0,449591694;1
535;-0,743613659;0,23015815;-0,256386341;1;-0,516203288;0,240833284;0,032406576;1;-0,221438385;0,384838477;0,107191925;1
536;-1,154049462;0,348756733;0,154049462;1;-0,234505721;0,310083115;-0,530988559;1;0,017405169;0,481455096;-1,087025846;1
537;-0,805285784;0,254141815;-0,194714216;1;-0,320425984;0,292263299;-0,359148031;1;-1,116801045;0,531234067;4,584005227;1
538;-1,590843265;0,345072165;0,590843265;1;-0,410540179;0,29420347;-0,178919642;1;0,596587764;0,514355885;-3,982938822;1
539;-0,787594904;0,291928634;-0,212405096;1;-0,751534944;0,291442732;0,503069888;1;-0,043849247;0,447582656;-0,780753763;1
540;-0,865074432;0,343750397;-0,134925568;1;-0,566948436;0,316598778;0,133896871;1;-0,245241133;0,567088428;0,226205663;1
541;-1,490251986;0,448673407;0,490251986;1;-0,682127054;0,400197399;0,364254108;1;0,369248757;0,644802154;-2,846243787;1
542;-1,10879505;0,267175292;0,10879505;1;-0,822641261;0,297731549;0,645282523;1;0,380965885;0,48074658;-2,904829425;1
543;-0,792116986;0,238012914;-0,207883014;1;-0,382549;0,246384272;-0,234902;1;-0,887259351;0,447534253;3,436296755;1
544;-0,930882894;0,314779109;-0,069117106;1;-0,972516985;0,31492859;0,945033971;1;0,017707125;0,47282241;-1,088535626;1
545;-2,074732054;0,417352195;1,074732054;0;0,248454701;0,349909917;-1,496909403;0;-0,38120015;0,633860778;0,90600075;1
546;-1,274980101;0,293495407;0,274980101;1;-0,420736772;0,310956022;-0,158526457;1;-0,006429069;0,536097886;-0,967854657;1
547;-0,767157815;0,274362888;-0,232842185;1;-0,332080029;0,311590083;-0,335839942;1;-0,572569876;0,502428369;1,86284938;1
548;-1,532959669;0,375804211;0,532959669;1;-0,354431419;0,326412977;-0,291137162;1;0,251386293;0,568691327;-2,256931467;1
549;-1,27588814;0,263075203;0,27588814;1;-0,535770923;0,246104536;0,071541847;1;0,364399254;0,421676031;-2,821996269;1
550;-1,759146928;0,390998862;0,759146928;1;-0,553118586;0,317220371;0,106237172;1;1,067041967;0,600820861;-6,335209834;0
551;-1,602025667;0,378422562;0,602025667;1;-0,8041395;0,353473461;0,608278999;1;0,707464322;0,564685259;-4,537321608;1
552;-0,686333807;0,360624149;-0,313666193;1;-0,598120054;0,315890488;0,196240108;1;-0,458636908;0,549637813;1,293184541;1
553;-0,951953096;0,257981879;-0,048046904;1;-0,565754178;0,255974014;0,131508357;1;0,025613689;0,424232637;-1,128068445;1
554;-1,390545866;0,474489893;0,390545866;1;-1,279372153;0,438282941;1,558744306;1;0,962711422;0,660464837;-5,813557111;1
555;-1,646410642;0,397797026;0,646410642;1;0,497739423;0,332747626;-1,995478846;0;-0,018784552;0,565362168;-0,906077241;1
556;-0,80323663;0,281438846;-0,19676337;1;-0,932327035;0,308268496;0,86465407;1;0,436524495;0,448874998;-3,182622477;1
557;-2,137424706;0,359807422;1,137424706;0;-0,218368647;0,263758765;-0,563262707;1;1,245024757;0,445119669;-7,225123783;0
558;-1,001543067;0,304822144;0,001543067;1;-0,312313653;0,308144128;-0,375372694;1;-0,655035604;0,529894889;2,275178018;1
559;-1,35677461;0,339809994;0,35677461;1;-0,262528258;0,312742108;-0,474943484;1;0,117622356;0,560087988;-1,588111779;1
560;-1,438459103;0,37376929;0,438459103;1;-0,786644245;0,338404964;0,57328849;1;0,49196484;0,522097403;-3,459824199;1
561;-1,277896708;0,352106972;0,277896708;1;-0,590302286;0,314045257;0,180604572;1;0,574005151;0,528162845;-3,870025753;1
562;-1,437679962;0,326916196;0,437679962;1;-0,352569425;0,298431988;-0,29486115;1;-0,016554235;0,520761896;-0,917228823;1
563;-0,953020188;0,362433008;-0,046979812;1;-0,850812126;0,351169908;0,701624252;1;-0,040981698;0,596629757;-0,79509151;1
564;-1,54540932;0,394988673;0,54540932;1;-0,683227709;0,373441713;0,366455418;1;0,152692392;0,637834526;-1,76346196;1
565;-1,078914689;0,305629917;0,078914689;1;-0,389691807;0,299150418;-0,220616386;1;0,307313144;0,44501585;-2,53656572;1
566;-1,016417001;0,313130839;0,016417001;1;-0,399804965;0,289926632;-0,200390071;1;-0,080611744;0,533532756;-0,59694128;1
567;-1,12963638;0,322278479;0,12963638;1;-0,464727381;0,290420644;-0,070545239;1;0,473429501;0,468662927;-3,367147505;1
568;-0,582178817;0,301277425;-0,417821183;1;-0,515090791;0,280942214;0,030181582;1;-0,514648809;0,503521843;1,573244045;1
569;-1,10801139;0,37329214;0,10801139;1;-0,248076013;0,333265396;-0,503847975;1;-0,541563586;0,598482773;1,707817931;1
570;-1,410831859;0,417621927;0,410831859;1;-0,433086945;0,338335649;-0,13382611;1;0,152544181;0,610200782;-1,762720907;1
571;-1,220355532;0,338042666;0,220355532;1;-0,949823428;0,366529191;0,899646857;1;-0,003251959;0,534546114;-0,983740204;1
572;-0,964234612;0,353182201;-0,035765388;1;-1,043979512;0,367631271;1,087959025;1;-0,372907479;0,594674504;0,864537395;1
573;-0,783244945;0,254070708;-0,216755055;1;-0,591407968;0,257904701;0,182815936;1;-0,356889199;0,396823806;0,784445994;1
574;-1,116566768;0,392247166;0,116566768;1;-0,907298255;0,35999628;0,814596511;1;0,253413952;0,623604729;-2,267069758;1
575;-0,555271208;0,324680034;-0,444728792;1;-1,108925804;0,362353858;1,217851607;1;-0,716265696;0,586463938;2,581328482;1
576;-0,989007733;0,340844103;-0,010992267;1;0,162540468;0,288758386;-1,325080935;0;-0,807557675;0,549823044;3,037788373;1
577;-1,448936146;0,339583699;0,448936146;1;0,018184368;0,294423973;-1,036368735;1;-0,000393729;0,501983474;-0,998031356;1
578;-0,829481484;0,347659983;-0,170518516;1;-1,082348042;0,337206834;1,164696085;1;0,061061693;0,551696827;-1,305308463;1
579;-0,875028807;0,288332397;-0,124971193;1;-0,200823131;0,288819237;-0,598353737;1;-1,383983464;0,525133982;5,919917321;0
580;-0,642026212;0,33497238;-0,357973788;1;-0,405601557;0,335032579;-0,188796886;1;-1,819222163;0,613681058;8,096110815;0
581;-0,957582784;0,362414245;-0,042417216;1;-0,785527826;0,356541155;0,571055652;1;-0,55521531;0,566390446;1,776076548;1
582;-0,825676566;0,294342736;-0,174323434;1;-0,328303045;0,301536176;-0,343393911;1;-0,663617325;0,490317387;2,318086624;1
583;-0,750745607;0,244568149;-0,249254393;1;-0,699822554;0,26811575;0,399645109;1;-0,107564175;0,433791215;-0,462179124;1
584;-1,037548157;0,274855102;0,037548157;1;-0,641475298;0,298921408;0,282950596;1;-0,023704303;0,452170808;-0,881478487;1
585;-0,984575935;0,307776438;-0,015424065;1;-1,075777975;0,367514598;1,151555951;1;0,13893694;0,528681377;-1,6946847;1
586;-0,839253259;0,300262316;-0,160746741;1;-0,548970916;0,340310887;0,097941833;1;-0,891388734;0,547468197;3,456943671;1
587;-0,821931982;0,283867701;-0,178068018;1;-0,309460326;0,269623722;-0,381079347;1;-0,595718235;0,512360284;1,978591176;1
588;-0,91330283;0,246021662;-0,08669717;1;-0,790550575;0,282407044;0,581101149;1;-0,108411687;0,432273691;-0,457941565;1
589;-0,519212704;0,243317711;-0,480787296;0;-0,717965212;0,264326673;0,435930423;1;-0,613081823;0,442282107;2,065409113;1
590;-0,854121834;0,308119564;-0,145878166;1;-0,987621856;0,319775226;0,975243711;1;-0,486975201;0,482747097;1,434876005;1
591;-0,327977959;0,347855546;-0,672022041;1;-1,135540206;0,328119176;1,271080411;1;-1,104486798;0,58545758;4,522433988;1
592;-0,688507095;0,244970173;-0,311492905;1;-0,680331079;0,302982936;0,360662158;1;-0,759172454;0,538736889;2,79586227;1
593;-1,047083894;0,319547841;0,047083894;1;-0,541600062;0,31306114;0,083200124;1;0,181158058;0,51106383;-1,905790289;1
594;-1,199146633;0,428320404;0,199146633;1;-0,706229479;0,350126239;0,412458959;1;0,502883377;0,676988283;-3,514416883;1
595;-1,686169258;0,368417783;0,686169258;1;-0,42456443;0,324588296;-0,15087114;1;0,40281945;0,565834097;-3,014097252;1
596;-0,573482372;0,346355526;-0,426517628;1;-0,795515257;0,353829147;0,591030513;1;-1,100566812;0,57975879;4,50283406;1
597;-0,826594013;0,256114998;-0,173405987;1;-0,351817095;0,252971262;-0,29636581;1;-0,36668048;0,425500175;0,8334024;1
598;-1,474864456;0,420828704;0,474864456;1;-0,424409441;0,344468168;-0,151181118;1;0,4917851;0,635871825;-3,458925499;1
599;-1,285894869;0,442545416;0,285894869;1;-0,604066846;0,385808697;0,208133691;1;-0,467044615;0,75742656;1,335223075;1
600;-1,323650414;0,306232622;0,323650414;1;-0,088383659;0,29838413;-0,823232682;1;-0,409976392;0,500689123;1,049881958;1
601;-0,705730577;0,406664234;-0,294269423;1;-0,319361838;0,34913576;-0,361276324;1;0,121395358;0,600439204;-1,606976791;1
602;-0,760954352;0,265572619;-0,239045648;1;-0,3611026;0,254473816;-0,2777948;1;-0,157279356;0,445547027;-0,213603221;1
603;-1,393769852;0,374245571;0,393769852;1;0,028759578;0,300500302;-1,057519157;1;0,216488325;0,521974518;-2,082441623;1
604;-1,095615382;0,345180048;0,095615382;1;-0,557188287;0,320686329;0,114376575;1;0,257056662;0,586229383;-2,285283309;1
605;-1,231246387;0,34682401;0,231246387;1;-0,276452197;0,290875809;-0,447095605;1;0,002405336;0,550009641;-1,012026678;1
606;-1,588303429;0,292828527;0,588303429;0;-0,666211833;0,287318088;0,332423665;1;0,412099478;0,425756087;-3,060497389;1
607;-0,43613181;0,318928635;-0,56386819;1;-1,060446014;0,297635566;1,120892029;1;0,423544701;0,470057729;-3,117723507;1
608;-0,963398577;0,298364199;-0,036601423;1;-0,624560799;0,292220992;0,249121598;1;-0,177649508;0,446127363;-0,111752458;1
609;-1,337663157;0,339665568;0,337663157;1;-0,935345618;0,370717639;0,870691236;1;-1,031252565;0,586269687;4,156262825;1
610;-0,772479742;0,327998206;-0,227520258;1;-1,179144276;0,36262797;1,358288552;1;-0,206332614;0,538500022;0,031663069;1
611;-0,742479073;0,325649405;-0,257520927;1;0,089157991;0,281859624;-1,178315982;0;-0,742804011;0,486140367;2,714020057;1
612;-0,897764233;0,277572492;-0,102235767;1;-0,73770969;0,290274468;0,475419379;1;-0,274353809;0,45396373;0,371769043;1
613;-1,132538184;0,336534886;0,132538184;1;-0,808335468;0,306077458;0,616670936;1;0,281439722;0,498309163;-2,40719861;1
614;-0,570380247;0,339010009;-0,429619753;1;-0,32515961;0,325991467;-0,349680779;1;-1,140632752;0,573088775;4,703163762;1
615;-1,259610269;0,318999119;0,259610269;1;-0,918230832;0,328964685;0,836461665;1;-0,095806298;0,502379508;-0,520968508;1
616;-0,486257784;0,304965127;-0,513742216;1;-0,850614394;0,292994662;0,701228788;1;-0,197186497;0,516303178;-0,014067514;1
617;-0,943525215;0,279924428;-0,056474785;1;-0,365554275;0,274229752;-0,268891451;1;-0,198136528;0,461655273;-0,009317362;1
618;-1,540458871;0,360879459;0,540458871;1;-0,235890429;0,298687295;-0,528219142;1;0,512578372;0,53350533;-3,562891861;1
619;-0,583386854;0,29464294;-0,416613146;1;-0,532244662;0,286287965;0,064489323;1;-1,08330103;0,504574914;4,416505152;1
620;-1,138895794;0,290328995;0,138895794;1;-0,515071475;0,31581856;0,030142951;1;-0,162442599;0,540234731;-0,187787006;1
621;-1,164428486;0,286642116;0,164428486;1;-0,447640454;0,284699575;-0,104719092;1;-0,112610652;0,499879656;-0,436946738;1
622;-0,866314484;0,303768559;-0,133685516;1;-0,286837228;0,286142463;-0,426325544;1;-0,422129555;0,527372853;1,110647773;1
623;-0,955326584;0,37638242;-0,044673416;1;-0,513394736;0,344709028;0,026789472;1;-0,549861053;0,587987858;1,749305264;1
624;-0,513660523;0,326695164;-0,486339477;1;-0,971989599;0,313756319;0,943979197;1;-0,733035297;0,508766088;2,665176485;1
625;-0,911108741;0,308671351;-0,088891259;1;-0,661912895;0,307232333;0,323825789;1;-0,219699168;0,496953268;0,09849584;1
626;-1,534220735;0,420544793;0,534220735;1;-0,65841556;0,330728;0,31683112;1;0,462503235;0,606745931;-3,312516173;1
627;-1,564651368;0,341980008;0,564651368;1;0,051467235;0,312553287;-1,10293447;1;0,217889965;0,541155212;-2,089449825;1
628;-0,878751512;0,309756228;-0,121248488;1;-0,714927703;0,283231238;0,429855407;1;-0,161493163;0,452565171;-0,192534187;1
629;-0,696075117;0,29323154;-0,303924883;1;-0,615359329;0,316566456;0,230718658;1;-0,373382423;0,534880225;0,866912117;1
630;-0,822891824;0,222883025;-0,177108176;1;-0,588976895;0,228960972;0,177953789;1;-0,133162597;0,373893925;-0,334187014;1
631;-1,120564706;0,315810255;0,120564706;1;-0,952315895;0,34010246;0,904631791;1;-0,73128638;0,54947039;2,6564319;1
632;-1,219414597;0,288342374;0,219414597;1;-0,524080881;0,294340237;0,048161763;1;-0,070982897;0,443837809;-0,645085514;1
633;-1,125066864;0,293123091;0,125066864;1;-0,11040343;0,276796831;-0,77919314;1;-1,062082599;0,485530717;4,310412993;1
634;-0,693787916;0,312616715;-0,306212084;1;-0,148503901;0,326307;-0,702992198;1;-1,285094543;0,564127323;5,425472715;1
635;-1,203184171;0,302720229;0,203184171;1;-0,311922734;0,304278318;-0,376154531;1;-0,326348006;0,516383965;0,631740031;1
636;-0,928166512;0,271628404;-0,071833488;1;-0,402208789;0,266499214;-0,195582421;1;0,001154006;0,434553231;-1,00577003;1
637;-0,826346246;0,2226899;-0,173653754;1;-0,860335781;0,257023291;0,720671561;1;-0,349105358;0,397590771;0,74552679;1
638;-0,993895707;0,383062676;-0,006104293;1;-0,382848092;0,352308751;-0,234303816;1;-0,479179667;0,611051907;1,395898335;1
639;-1,114761378;0,32941119;0,114761378;1;-0,392825401;0,323890446;-0,214349197;1;-0,409977722;0,532007691;1,049888609;1
640;-0,675369502;0,267918672;-0,324630498;1;0,047706126;0,264669093;-1,095412252;0;-1,13169053;0,47393798;4,65845265;0
641;-1,115455433;0,282020763;0,115455433;1;-0,081384673;0,243844987;-0,837230655;1;0,129504019;0,449715723;-1,647520093;1
642;-0,878099486;0,367591602;-0,121900514;1;-0,566091153;0,326307219;0,132182306;1;-0,398933523;0,560219384;0,994667617;1
643;-1,622326562;0,393719056;0,622326562;1;-0,379679458;0,32277388;-0,240641083;1;0,472699001;0,60529387;-3,363495003;1
644;-0,82653369;0,274905148;-0,17346631;1;-1,098244634;0,330479962;1,196489268;1;0,17287563;0,427262159;-1,864378152;1
645;-1,079292776;0,3889855;0,079292776;1;-0,533195526;0,363716553;0,066391053;1;0,644225022;0,663598169;-4,221125109;1
646;-1,786809497;0,322743125;0,786809497;0;-0,294499472;0,275809892;-0,411001056;1;1,051331668;0,508375821;-6,256658341;0
647;-1,384587153;0,334465958;0,384587153;1;-0,253359029;0,29749364;-0,493281942;1;0,600037306;0,487671105;-4,000186531;1
648;-0,609377266;0,291357436;-0,390622734;1;-0,915330239;0,31368857;0,830660477;1;-0,152894116;0,474608689;-0,23552942;1
649;-0,751109159;0,258496738;-0,248890841;1;-0,657637953;0,273536016;0,315275907;1;-0,307053394;0,475211932;0,535266968;1
650;-1,47465499;0,304462469;0,47465499;1;0,000161433;0,270905413;-1,000322866;1;-0,382980941;0,452682862;0,914904707;1
651;-0,927032953;0,315503747;-0,072967047;1;-0,811280581;0,307781484;0,622561161;1;-0,120368363;0,509997675;-0,398158186;1
652;-1,06874481;0,300287112;0,06874481;1;-0,270493309;0,280871168;-0,459013382;1;-0,327579642;0,503074791;0,637898211;1
653;-1,016614053;0,278635289;0,016614053;1;-0,049322787;0,271484316;-0,901354427;1;-0,484470287;0,483297142;1,422351437;1
654;-1,539598303;0,376136408;0,539598303;1;-0,142003724;0,307520493;-0,715992553;1;0,502846791;0,530850435;-3,514233955;1
655;-0,916159691;0,270575676;-0,083840309;1;-0,321917093;0,253461252;-0,356165813;1;-0,404394312;0,459925592;1,021971562;1
656;-0,886684672;0,26219384;-0,113315328;1;-0,60899559;0,275345707;0,217991179;1;0,094687519;0,464469321;-1,473437597;1
657;-1,154722149;0,245939442;0,154722149;1;-0,298129487;0,234707625;-0,403741026;1;0,164826708;0,372571617;-1,824133541;1
658;-1,167437786;0,323057055;0,167437786;1;-0,810892288;0,323481563;0,621784576;1;0,314522147;0,512655086;-2,572610737;1
659;-0,925792465;0,3565979;-0,074207535;1;-0,100305582;0,324614716;-0,799388835;1;-0,559128326;0,602517727;1,795641628;1
660;-0,964305519;0,289237389;-0,035694481;1;-0,413118062;0,289753097;-0,173763876;1;-0,470711682;0,514769927;1,353558408;1
661;-1,157487119;0,335770667;0,157487119;1;-0,699594651;0,349775217;0,399189302;1;-0,594482807;0,609157947;1,972414036;1
662;-1,058263937;0,276843576;0,058263937;1;-0,559898924;0,26105768;0,119797847;1;0,077603006;0,444659159;-1,388015031;1
663;-1,701874084;0,355567457;0,701874084;0;-0,608985225;0,289193198;0,21797045;1;0,909007967;0,463710632;-5,545039835;0
664;-1,925215425;0,523020113;0,925215425;1;-0,847869517;0,416287485;0,695739034;1;1,404979348;0,710493914;-8,02489674;0
665;-1,894702507;0,393407538;0,894702507;0;-0,047839395;0,326410807;-0,90432121;1;0,698688894;0,569921118;-4,493444472;1
666;-1,387079617;0,327241992;0,387079617;1;0,207880661;0,279795613;-1,415761321;0;-0,60219445;0,498680619;2,01097225;1
667;-1,095731278;0,434664233;0,095731278;1;-0,338764292;0,378702411;-0,322471416;1;-0,429850461;0,670520187;1,149252305;1
668;-0,661538791;0,319062587;-0,338461209;1;-0,343190477;0,308388566;-0,313619045;1;-1,04257416;0,527091872;4,212870798;1
669;-1,211984981;0,322866083;0,211984981;1;-0,44461057;0,320031104;-0,110778861;1;0,104175556;0,503938631;-1,520877778;1
670;-0,883284295;0,383321071;-0,116715705;1;-0,614678608;0,358899282;0,229357216;1;-0,302585189;0,578970624;0,512925947;1
671;-0,810177055;0,316778019;-0,189822945;1;-0,602889443;0,286820695;0,205778887;1;-0,517375408;0,456618954;1,58687704;1
672;-1,088568213;0,308705661;0,088568213;1;-0,424873335;0,342248053;-0,150253331;1;-0,513014685;0,573775173;1,565073423;1
673;-0,926297467;0,339866621;-0,073702533;1;-0,988031989;0,350006475;0,976063979;1;0,011439502;0,565792641;-1,057197509;1
674;-0,998973762;0,28687615;-0,001026238;1;-1,217120962;0,348712401;1,434241924;0;-0,043337572;0,440822185;-0,783312139;1
675;-1,103463326;0,294582255;0,103463326;1;-0,22169805;0,295481488;-0,556603899;1;-0,395920113;0,520807806;0,979600566;1
676;-1,424605573;0,395057328;0,424605573;1;-1,35598994;0,435393548;1,71197988;0;0,309225305;0,566234975;-2,546126526;1
677;-0,339605788;0,270470008;-0,660394212;0;-0,90470265;0,282295015;0,809405301;1;-1,003034978;0,513851021;4,015174891;1
678;-1,087150859;0,308913385;0,087150859;1;-0,342195909;0,298499934;-0,315608183;1;-0,24379446;0,532439759;0,218972301;1
679;-1,729089613;0,396405826;0,729089613;1;-0,086009164;0,307709891;-0,827981671;1;0,884500503;0,57337682;-5,422502517;1
680;-1,107138925;0,336210154;0,107138925;1;-0,449390586;0,297642049;-0,101218828;1;-0,041594983;0,528700569;-0,792025087;1
681;-1,194427742;0,324713321;0,194427742;1;-0,381678243;0,292108502;-0,236643515;1;0,522401947;0,489517926;-3,612009734;1
682;-0,397472647;0,324962836;-0,602527353;1;-0,493213391;0,303568526;-0,013573218;1;-0,999746059;0,532655195;3,998730297;1
683;-0,707818119;0,303711624;-0,292181881;1;-0,737278446;0,353556962;0,474556892;1;-1,106952426;0,507318033;4,534762132;1
684;-0,514729111;0,32910161;-0,485270889;1;-0,760057047;0,410511931;0,520114094;1;-0,367863185;0,623660764;0,839315924;1
685;-0,334424163;0,254085075;-0,665575837;0;-0,69741572;0,286639235;0,39483144;1;-1,207539568;0,489392543;5,037697842;0
686;-1,763164067;0,36299016;0,763164067;0;-0,362394981;0,286937919;-0,275210039;1;1,163689272;0,526599388;-6,818446361;0
687;-1,151498698;0,34730072;0,151498698;1;-0,325234375;0,334376042;-0,34953125;1;-0,170278813;0,561414311;-0,148605937;1
688;-0,999475259;0,227189686;-0,000524741;1;-0,421640562;0,240761962;-0,156718876;1;-0,357051223;0,395618064;0,785256114;1
689;-0,76817055;0,326957546;-0,23182945;1;-0,705825633;0,300936824;0,411651265;1;-0,268831852;0,532743473;0,34415926;1
690;-0,84717491;0,37806814;-0,15282509;1;-0,845879063;0,351052415;0,691758126;1;-0,109546169;0,565391265;-0,452269157;1
691;-0,915285194;0,266328368;-0,084714806;1;-0,829615174;0,273810063;0,659230348;1;0,229284644;0,425188406;-2,146423221;1
692;-0,919709356;0,253887507;-0,080290644;1;-0,196617252;0,258341489;-0,606765497;1;-0,490090112;0,407500442;1,450450559;1
693;-1,219451762;0,31329653;0,219451762;1;-0,375716563;0,282361032;-0,248566874;1;0,340869184;0,517090087;-2,70434592;1
694;-0,798111297;0,322549832;-0,201888703;1;-0,477585581;0,335811884;-0,044828838;1;-1,066735;0,592341761;4,333675002;1
695;-0,632345027;0,410256384;-0,367654973;1;-0,142759112;0,352504314;-0,714481776;1;-0,822467174;0,610805733;3,112335868;1
696;-0,174989054;0,319969948;-0,825010946;0;-0,804755319;0,326582041;0,609510637;1;-1,2100009;0,539089749;5,050004502;1
697;-0,871202584;0,246477022;-0,128797416;1;-0,079014586;0,281435741;-0,841970828;1;-0,964451082;0,466526645;3,822255409;1
698;-1,245412796;0,308308729;0,245412796;1;0,050820342;0,274236269;-1,101640683;0;-0,317652945;0,446975513;0,588264727;1
699;-1,226242229;0,347922768;0,226242229;1;-0,365052175;0,310616394;-0,269895649;1;-0,114506945;0,509238236;-0,427465274;1
700;-0,663256512;0,335588535;-0,336743488;1;-0,283924655;0,33229164;-0,43215069;1;-0,566790916;0,597251422;1,833954578;1
701;-1,534342456;0,338493895;0,534342456;1;-1,003162086;0,346771211;1,006324172;1;0,383619129;0,528411696;-2,918095647;1
702;-1,465564411;0,328231777;0,465564411;1;-0,741458669;0,359072512;0,482917338;1;0,039306614;0,523847548;-1,196533069;1
703;-0,59060336;0,319733631;-0,40939664;1;-1,243814261;0,308207578;1,487628522;0;-0,285355507;0,551546646;0,426777534;1
704;-0,989214634;0,311273403;-0,010785366;1;-1,283786262;0,3909721;1,567572523;0;-0,281148749;0,529292099;0,405743746;1
705;-0,879483096;0,277166722;-0,120516904;1;-0,685592904;0,305598969;0,371185809;1;-0,521899611;0,504908741;1,609498053;1
706;-0,769319301;0,295734773;-0,230680699;1;-0,396224183;0,276769416;-0,207551633;1;-0,489898408;0,489799859;1,449492039;1
707;-1,351492292;0,324495929;0,351492292;1;-0,979066844;0,388136654;0,958133689;1;-0,049356337;0,511038215;-0,753218315;1
708;-0,986120445;0,429530311;-0,013879555;1;-0,750105534;0,382737491;0,500211068;1;0,626246804;0,653987446;-4,131234018;1
709;-1,686448054;0,461786085;0,686448054;1;-0,517093743;0,388303322;0,034187486;1;0,194581835;0,68947825;-1,972909175;1
710;-1,710323968;0,352961484;0,710323968;0;-0,339800407;0,327838464;-0,320399187;1;0,286245022;0,561415573;-2,431225111;1
711;-0,954977227;0,333880113;-0,045022773;1;-0,70174155;0,349479922;0,403483099;1;-0,627244834;0,580491613;2,136224168;1
712;-1,273993011;0,3684551;0,273993011;1;-0,070636068;0,326655418;-0,858727864;1;-0,400228942;0,518565551;1,001144708;1
713;-1,672511854;0,364471904;0,672511854;1;-0,131407987;0,319381983;-0,737184026;1;0,483285052;0,561610102;-3,41642526;1
714;-1,05849679;0,317984488;0,05849679;1;-0,120809826;0,256372397;-0,758380347;1;-0,110257832;0,446232424;-0,448710841;1
715;-0,81198546;0,281101764;-0,18801454;1;-0,486447721;0,297613781;-0,027104559;1;-0,564761561;0,470281013;1,823807805;1
716;-0,476345831;0,257283689;-0,523654169;0;-0,964665586;0,324633717;0,929331173;1;-1,337663484;0,530781869;5,688317418;0
717;-0,649963664;0,225046219;-0,350036336;1;-0,517293072;0,24989173;0,034586144;1;-0,579938239;0,429484727;1,899691197;1
718;-1,22375004;0,428465394;0,22375004;1;-0,002303918;0,355839396;-0,995392164;1;-0,106260048;0,658587015;-0,46869976;1
719;-0,70978118;0,251892517;-0,29021882;1;-0,754874238;0,300719955;0,509748475;1;-0,370532921;0,453563307;0,852664604;1
720;-1,002507516;0,368672236;0,002507516;1;-0,577818423;0,316677578;0,155636846;1;-0,027641093;0,56336474;-0,861794534;1
721;-1,700747089;0,378874994;0,700747089;1;-0,538768575;0,304982059;0,07753715;1;0,847193644;0,525619521;-5,235968219;0
722;-1,285266636;0,377307997;0,285266636;1;-0,074872954;0,319127282;-0,850254092;1;-0,047999967;0,543235317;-0,760000167;1
723;-0,69243683;0,290938929;-0,30756317;1;-0,713657291;0,293188614;0,427314583;1;-0,409323558;0,504298517;1,046617792;1
724;-1,160303433;0,342791509;0,160303433;1;0,04044375;0,301428066;-1,0808875;1;-0,114824885;0,537806911;-0,425875573;1
725;-1,583636543;0,380305637;0,583636543;1;-0,319948511;0,321804328;-0,360102978;1;0,533946871;0,539317101;-3,669734356;1
726;-0,841411826;0,298675801;-0,158588174;1;-0,208519565;0,28993888;-0,58296087;1;-0,980074689;0,510267894;3,900373443;1
727;-0,804827354;0,340908111;-0,195172646;1;-0,925902867;0,364818898;0,851805734;1;-0,826759421;0,558812279;3,133797107;1
728;-1,219359381;0,304296495;0,219359381;1;-0,312411953;0,282865086;-0,375176095;1;0,079415861;0,51230965;-1,397079304;1
729;-0,822898227;0,245492587;-0,177101773;1;-0,704722484;0,28728319;0,409444967;1;-0,480275208;0,45742399;1,401376042;1
730;-1,867663501;0,454010223;0,867663501;1;-0,652751586;0,38875772;0,305503173;1;1,044357658;0,634331526;-6,221788289;0
731;-1,495696789;0,344323369;0,495696789;1;-0,750746574;0,297910205;0,501493149;1;0,467804779;0,497940209;-3,339023893;1
732;-1,071444621;0,320208854;0,071444621;1;-0,39916646;0,284558364;-0,201667079;1;0,148075295;0,472356965;-1,740376477;1
733;-0,713062294;0,289959681;-0,286937706;1;-0,769373883;0,318709477;0,538747766;1;-0,384556538;0,47638573;0,922782688;1
734;-1,092483457;0,455129535;0,092483457;1;-0,254927124;0,398256706;-0,490145753;1;-0,563436571;0,671483903;1,817182853;1
735;-1,270292818;0,354502473;0,270292818;1;-0,297859821;0,32563556;-0,404280357;1;-0,176628592;0,572596437;-0,116857038;1
736;-0,817839848;0,331537927;-0,182160152;1;-0,270797209;0,311089039;-0,458405581;1;-0,851772714;0,553915139;3,258863572;1
737;-0,744143716;0,281964741;-0,255856284;1;-0,509447069;0,284970287;0,018894137;1;-1,28729671;0,508654204;5,436483552;0
738;-1,009113715;0,299117891;0,009113715;1;-0,150709388;0,289488484;-0,698581224;1;-0,583404059;0,493556765;1,917020294;1
739;-1,147207909;0,304648771;0,147207909;1;-0,323425745;0,285088504;-0,353148511;1;0,085039329;0,473409536;-1,425196645;1
740;-0,966634434;0,246220168;-0,033365566;1;-0,189129712;0,249458873;-0,621740576;1;-0,602259267;0,407041044;2,011296335;1
741;-1,341044598;0,360460028;0,341044598;1;-0,382658083;0,330550141;-0,234683834;1;0,262647581;0,562965305;-2,313237904;1
742;-1,337537747;0,339246132;0,337537747;1;0,004999712;0,323687579;-1,009999423;1;-0,324933448;0,528521494;0,624667242;1
743;-1,205051365;0,474205902;0,205051365;1;-0,236241265;0,383353246;-0,527517469;1;-0,1858368;0,679969776;-0,070816002;1
744;-1,271605377;0,312188305;0,271605377;1;0,124641518;0,276101082;-1,249283035;0;-0,614519348;0,498891567;2,072596738;1
745;-1,149446186;0,349752521;0,149446186;1;-0,165832221;0,298791858;-0,668335559;1;0,064841478;0,528595896;-1,32420739;1
746;-0,713744287;0,255574997;-0,286255713;1;-0,753839618;0,278672369;0,507679236;1;-0,128822385;0,453793522;-0,355888074;1
747;-1,51727212;0,37526288;0,51727212;1;-0,467283433;0,365170422;-0,065433135;1;0,038076509;0,619609171;-1,190382544;1
748;-0,95517814;0,265484689;-0,04482186;1;-0,712274461;0,285729954;0,424548923;1;-0,226953822;0,426956026;0,134769109;1
749;-1,215955749;0,290597319;0,215955749;1;-0,627520625;0,28333177;0,255041251;1;0,268271349;0,473206574;-2,341356747;1
750;-0,877749891;0,250091673;-0,122250109;1;-0,32138366;0,244432648;-0,35723268;1;-0,200471772;0,432995557;0,00235886;1
751;-0,812639002;0,288982726;-0,187360998;1;-0,612287861;0,336540458;0,224575722;1;-0,545737226;0,538703712;1,72868613;1
752;-0,891848772;0,312764656;-0,108151228;1;-1,032298497;0,353076079;1,064596994;1;0,085637685;0,478771585;-1,428188426;1
753;-0,345957746;0,382415654;-0,654042254;1;0,158217995;0,319856158;-1,316435989;0;-2,527998837;0,636223636;11,63999419;0
754;-1,402262112;0,343338542;0,402262112;1;0,014445916;0,279970112;-1,028891831;1;0,363257895;0,475105202;-2,816289477;1
755;-0,655592921;0,301941472;-0,344407079;1;-0,538268919;0,342333067;0,076537838;1;-1,1056445;0,579677109;4,5282225;1
756;-0,927373873;0,297575926;-0,072626127;1;-0,85630919;0,318661727;0,712618379;1;-0,126610733;0,474609145;-0,366946336;1
757;-0,703848423;0,309917541;-0,296151577;1;-0,397935848;0,299758814;-0,204128304;1;-0,86223571;0,538320071;3,311178548;1
758;-0,700169158;0,422305327;-0,299830842;1;-0,653777022;0,368803357;0,307554043;1;-0,129669465;0,641376498;-0,351652673;1
759;-0,729895752;0,27369195;-0,270104248;1;-0,482816433;0,266923625;-0,034367133;1;-0,645317224;0,463548067;2,22658612;1
760;-1,383128645;0,404067509;0,383128645;1;0,116375993;0,320324696;-1,232751986;1;0,287291561;0,538985886;-2,436457806;1
761;-1,701765889;0,354897138;0,701765889;0;-0,112905574;0,296286431;-0,774188852;1;0,465365775;0,51894573;-3,326828874;1
762;-1,174035779;0,330432003;0,174035779;1;-0,396619498;0,319744114;-0,206761005;1;-0,260977232;0,529982672;0,304886159;1
763;-1,896976343;0,407246099;0,896976343;0;0,126754447;0,326216347;-1,253508893;1;0,076342976;0,633679251;-1,381714879;1
764;-0,851247317;0,265165656;-0,148752683;1;-0,516905572;0,276258949;0,033811145;1;-0,052050414;0,434810034;-0,739747932;1
765;-0,497350231;0,267452235;-0,502649769;1;-0,395719534;0,304679769;-0,208560931;1;-1,504705999;0,54577136;6,523529993;0
766;-1,265745445;0,310995126;0,265745445;1;-0,317483141;0,307217005;-0,365033719;1;-0,123770971;0,500347941;-0,381145144;1
767;-1,161396232;0,276202796;0,161396232;1;-0,295502925;0,26294557;-0,408994151;1;-0,331748264;0,457302559;0,65874132;1
768;-0,499586222;0,246373195;-0,500413778;0;-0,529203631;0,251369152;0,058407261;1;-0,965658554;0,44345144;3,828292769;1
769;-1,37912806;0,405346673;0,37912806;1;-0,665492667;0,328321817;0,330985334;1;1,048784095;0,572574833;-6,243920474;0
770;-0,742987745;0,287297178;-0,257012255;1;-0,612208194;0,27931039;0,224416389;1;-0,506118448;0,467589976;1,53059224;1
771;-0,629853484;0,328849543;-0,370146516;1;-0,422272488;0,327620506;-0,155455024;1;-1,055068026;0,593378395;4,275340128;1
772;-1,133491385;0,379905443;0,133491385;1;-0,668449507;0,387731629;0,336899015;1;0,262497082;0,614325845;-2,312485412;1
773;-1,048561854;0,280609455;0,048561854;1;-0,954929068;0,338482921;0,909858136;1;-0,419929743;0,48693882;1,099648715;1
774;-1,069875685;0,305049009;0,069875685;1;-0,50755383;0,309651878;0,01510766;1;-0,084509679;0,505719538;-0,577451606;1
775;-1,517054998;0,44665945;0,517054998;1;-0,500255008;0,380511805;0,000510016;1;-0,285477388;0,667376204;0,427386942;1
776;-0,988053784;0,379353167;-0,011946216;1;0,228446325;0,326147068;-1,45689265;0;-0,817189906;0,529226705;3,085949529;1
777;-1,217165685;0,330894179;0,217165685;1;-0,577393702;0,312429455;0,154787405;1;0,038034451;0,545167265;-1,190172257;1
778;-0,936662596;0,325204522;-0,063337404;1;-0,631470707;0,331792617;0,262941414;1;0,170740373;0,532652923;-1,853701865;1
779;-0,794002406;0,267921243;-0,205997594;1;-0,364965077;0,28448698;-0,270069846;1;-0,780958559;0,521818036;2,904792797;1
780;-1,311535214;0,277735972;0,311535214;1;-0,861116685;0,286019148;0,722233369;1;0,568138844;0,445831563;-3,84069422;1
781;-0,983112348;0,266301648;-0,016887652;1;-0,792081402;0,299199995;0,584162804;1;-0,157744713;0,461514896;-0,211276434;1
782;-1,130800591;0,267155179;0,130800591;1;-0,596381087;0,265414446;0,192762175;1;0,185301729;0,39182241;-1,926508644;1
783;-1,365605563;0,290458248;0,365605563;1;0,06229421;0,279116173;-1,12458842;0;-0,085369136;0,467455422;-0,57315432;1
784;-1,54135946;0,374393757;0,54135946;1;-0,872940686;0,346379832;0,745881373;1;0,736394274;0,555579688;-4,681971372;1
785;-0,788987133;0,276248628;-0,211012867;1;-0,551704481;0,289964537;0,103408961;1;-1,164651783;0,492757489;4,823258915;1
786;-1,150695701;0,418046459;0,150695701;1;-0,451122127;0,367422523;-0,097755747;1;0,007597259;0,652622994;-1,037986296;1
787;-1,807508518;0,436515632;0,807508518;1;-0,695193476;0,344664553;0,390386951;1;0,983446305;0,606890948;-5,917231524;1
788;-0,726602982;0,344128629;-0,273397018;1;0,160622701;0,279001934;-1,321245402;0;-0,329601428;0,494710838;0,648007139;1
789;-0,762969532;0,250810479;-0,237030468;1;-0,459980089;0,267644562;-0,080039823;1;-0,633810648;0,415542496;2,169053242;1
790;-0,589385825;0,343100929;-0,410614175;1;-0,362257674;0,3134349;-0,275484652;1;-0,436971349;0,557422974;1,184856747;1
791;-0,949857453;0,314205766;-0,050142547;1;-0,79061041;0,318032264;0,58122082;1;0,040925728;0,52382604;-1,204628638;1
792;-1,108914614;0,278473524;0,108914614;1;-0,491932947;0,268298932;-0,016134107;1;0,149680657;0,456180373;-1,748403287;1
793;-1,004850136;0,362992737;0,004850136;1;-0,764860925;0,357290646;0,52972185;1;0,29432431;0,565673047;-2,471621548;1
794;-0,284804206;0,301935376;-0,715195794;0;-0,183151998;0,25827237;-0,633696004;1;-1,051592549;0,45578598;4,257962744;1
795;-0,716428602;0,310043415;-0,283571398;1;-0,14705666;0,310827668;-0,705886681;1;-1,301939707;0,562853575;5,509698533;1
796;-0,730705076;0,292627199;-0,269294924;1;-0,557121118;0,29165204;0,114242236;1;-0,337525502;0,493288446;0,687627509;1
797;-1,05925596;0,352258401;0,05925596;1;-0,821433062;0,324166925;0,642866125;1;0,473224506;0,522646198;-3,366122531;1
798;-1,068516096;0,347146269;0,068516096;1;-0,540321133;0,330969861;0,080642267;1;-0,488615683;0,550290727;1,443078417;1
799;-0,940934719;0,342792685;-0,059065281;1;-1,05175091;0,340475043;1,103501821;1;-0,051091966;0,533776019;-0,744540168;1
800;-0,840126275;0,331504729;-0,159873725;1;-0,691340657;0,326990829;0,382681313;1;-0,54609355;0,569674927;1,730467748;1
801;-0,849627249;0,253842206;-0,150372751;1;-0,601382781;0,272796993;0,202765563;1;-0,365216442;0,426619102;0,826082208;1
802;-0,776859719;0,297229345;-0,223140281;1;-0,33975818;0,271412058;-0,32048364;1;-0,265289791;0,440106184;0,326448957;1
803;-1,0542776;0,348283932;0,0542776;1;-0,906664594;0,303567873;0,813329188;1;0,647754782;0,525935915;-4,238773911;1
804;-0,994511463;0,390963131;-0,005488537;1;-0,490399529;0,341345221;-0,019200941;1;-0,541533955;0,59040858;1,707669775;1
805;-2,107071813;0,495716427;1,107071813;0;-0,318534335;0,363650569;-0,362931329;1;1,930973514;0,685943092;-10,65486757;0
806;-0,944605547;0,377385764;-0,055394453;1;-0,896521964;0,346272288;0,793043928;1;0,019132815;0,555840852;-1,095664075;1
807;-1,204250434;0,28771411;0,204250434;1;-0,267014043;0,261016736;-0,465971915;1;0,264077207;0,4582248;-2,320386033;1
808;-1,54765522;0,46853924;0,54765522;1;0,378332899;0,371779856;-1,756665798;0;0,00473744;0,680995392;-1,023687202;1
809;-1,331044203;0,362516104;0,331044203;1;-0,309958873;0,310690205;-0,380082254;1;0,746431363;0,562145688;-4,732156813;1
810;-1,02549016;0,294793115;0,02549016;1;-0,868726589;0,319836309;0,737453179;1;-0,089126506;0,526933515;-0,554367472;1
811;-0,924605289;0,349091997;-0,075394711;1;-0,280890196;0,303837977;-0,438219607;1;-0,549293436;0,494649118;1,746467178;1
812;-0,802740596;0,350861173;-0,197259404;1;-0,61834721;0,322553076;0,236694421;1;-0,24384104;0,551296601;0,2192052;1
813;-0,487383668;0,287849162;-0,512616332;1;-0,936433167;0,338168284;0,872866334;1;-0,881114138;0,520552356;3,405570688;1
814;-0,505848757;0,210399128;-0,494151243;0;-0,614271341;0,215620424;0,228542683;1;-0,919359584;0,375960037;3,596797922;1
815;-0,113685405;0,297998964;-0,886314595;0;-0,75164196;0,287696041;0,503283919;1;-1,242053211;0,481516709;5,210266057;0
816;-1,476070274;0,27298696;0,476070274;1;-0,179805077;0,237739229;-0,640389846;1;0,993519945;0,401755336;-5,967599724;0
817;-0,976231307;0,384500337;-0,023768693;1;-0,029034928;0,340802574;-0,941930144;1;-0,229334877;0,5656535;0,146674384;1
818;-1,014273342;0,312629046;0,014273342;1;-0,845621604;0,33038695;0,691243209;1;-0,2781795;0,478596614;0,390897502;1
819;-0,817323829;0,401759833;-0,182676171;1;-0,396482333;0,347031931;-0,207035334;1;-0,379916785;0,624233576;0,899583926;1
820;-0,320646715;0,308497599;-0,679353285;0;-0,738475165;0,327427224;0,476950331;1;-1,983004737;0,581964531;8,915023687;0
821;-0,872840743;0,249871481;-0,127159257;1;-0,597934624;0,284971376;0,195869247;1;-0,305468839;0,45697553;0,527344193;1
822;-1,010350755;0,296166537;0,010350755;1;-0,256266414;0,302096716;-0,487467172;1;-0,457365992;0,530213322;1,286829962;1
823;-0,683300802;0,274432328;-0,316699198;1;-0,469718238;0,288897146;-0,060563523;1;-0,892382758;0,472731311;3,461913789;1
824;-1,205918382;0,317035084;0,205918382;1;-0,321603613;0,297425122;-0,356792774;1;0,191200497;0,478221989;-1,956002483;1
825;-1,664144643;0,348197436;0,664144643;1;-0,30566316;0,279496744;-0,388673679;1;1,014705266;0,515974938;-6,073526328;0
826;-0,658920166;0,38067652;-0,341079834;1;-0,359035253;0,344930163;-0,281929494;1;-1,075416174;0,584513489;4,377080872;1
827;-1,160061153;0,326207933;0,160061153;1;-0,316518865;0,312853559;-0,36696227;1;-0,547976332;0,549478639;1,739881658;1
828;-0,758348075;0,258793311;-0,241651925;1;-0,276470141;0,250680995;-0,447059718;1;-0,577670359;0,455037456;1,888351796;1
829;-0,930139312;0,251591791;-0,069860688;1;-0,278985461;0,253582131;-0,442029078;1;-0,094649867;0,421510969;-0,526750664;1
830;-1,163316926;0,286545585;0,163316926;1;-0,364610456;0,278046285;-0,270779089;1;-0,004098003;0,465217977;-0,979509983;1
831;-1,737930503;0,349887642;0,737930503;0;-0,225381264;0,325581103;-0,549237473;1;0,241998625;0,56326005;-2,209993125;1
832;-1,245510127;0,372196351;0,245510127;1;-0,711984783;0,338983183;0,423969566;1;0,546395524;0,589954995;-3,731977619;1
833;-0,653023354;0,251086949;-0,346976646;1;-0,636413703;0,248331789;0,272827405;1;-0,578080724;0,446130278;1,89040362;1
834;-0,843007161;0,302000486;-0,156992839;1;-0,139330455;0,284582161;-0,721339091;1;-0,764159864;0,495076676;2,820799322;1
835;-0,840637043;0,293955979;-0,159362957;1;-0,704403366;0,296959593;0,408806731;1;-0,495497532;0,495409719;1,477487659;1
836;-0,643230597;0,343715028;-0,356769403;1;-0,759161142;0,342326279;0,518322284;1;-0,651171537;0,561669703;2,255857687;1
837;-1,211820186;0,305621764;0,211820186;1;-0,952304538;0,328205265;0,904609077;1;-0,134083801;0,522112715;-0,329580996;1
838;-1,365479901;0,34995857;0,365479901;1;-0,433439141;0,32038191;-0,133121718;1;0,261772783;0,572719079;-2,308863913;1
839;-1,02130083;0,31315831;0,02130083;1;-0,110084342;0,283314783;-0,779831315;1;-0,352493441;0,514991857;0,762467206;1
840;-1,279708471;0,362737287;0,279708471;1;-0,414164775;0,328269831;-0,17167045;1;-0,180962738;0,563789241;-0,095186312;1
841;-1,456247502;0,369557466;0,456247502;1;0,281503941;0,301453059;-1,563007882;0;0,142143055;0,517532474;-1,710715277;1
842;-0,950813438;0,33130853;-0,049186562;1;-0,596900607;0,347401456;0,193801215;1;-0,173897176;0,609205366;-0,130514122;1
843;-1,030059899;0,298222729;0,030059899;1;-0,804446616;0,322957668;0,608893232;1;-0,931082966;0,521360804;3,655414831;1
844;-0,648965919;0,251700711;-0,351034081;1;-0,702827712;0,260532126;0,405655423;1;-0,594740894;0,451085344;1,973704468;1
845;-1,63238147;0,300715895;0,63238147;0;-0,191616116;0,253635918;-0,616767767;1;0,620688568;0,449357836;-4,10344284;1
846;-0,492078846;0,380501361;-0,507921154;1;-0,709255152;0,329275283;0,418510304;1;-0,581903823;0,545106388;1,909519117;1
847;-1,016958675;0,324961515;0,016958675;1;-0,398471105;0,325678452;-0,203057791;1;-0,440082423;0,530257347;1,200412113;1
848;-0,828372191;0,245143989;-0,171627809;1;-0,38501261;0,235052755;-0,22997478;1;-0,3005774;0,418152133;0,502886998;1
849;-0,279244318;0,299525257;-0,720755682;0;-0,533966452;0,287785592;0,067932904;1;-0,922371128;0,535759309;3,611855639;1
850;-0,457098993;0,211627126;-0,542901007;0;-0,496794126;0,240728279;-0,006411748;1;-1,108535249;0,428385808;4,542676245;0
851;-0,862403505;0,293312755;-0,137596495;1;-0,347929271;0,278822321;-0,304141459;1;-0,218712136;0,471997717;0,09356068;1
852;-1,446607784;0,4452608;0,446607784;1;-0,745547493;0,33841131;0,491094986;1;0,739707521;0,595028504;-4,698537603;1
853;-1,123322504;0,353446341;0,123322504;1;0,073553095;0,311785259;-1,147106189;1;-0,518391067;0,537434974;1,591955334;1
854;-0,965896536;0,309310344;-0,034103464;1;-0,602671014;0,324510398;0,205342028;1;0,403830695;0,526784276;-3,019153476;1
855;-0,59910269;0,383405665;-0,40089731;1;-0,330040983;0,331387001;-0,339918034;1;-0,982535193;0,600749723;3,912675965;1
856;-0,87267748;0,284138805;-0,12732252;1;-1,117055321;0,355595236;1,234110642;1;-0,82571462;0,519962417;3,128573099;1
857;-1,399569956;0,362413604;0,399569956;1;-0,210278831;0,29862851;-0,579442338;1;0,263609676;0,518519572;-2,318048381;1
858;-0,663859431;0,25248277;-0,336140569;1;-0,226882638;0,267336859;-0,546234723;1;-0,786168422;0,459651539;2,93084211;1
859;-1,617925704;0,378795645;0,617925704;1;0,233738619;0,30535052;-1,467477239;0;0,204730556;0,555609977;-2,023652781;1
860;-0,651753037;0,304392651;-0,348246963;1;-0,974562301;0,349673903;0,949124602;1;-0,581227775;0,540559309;1,906138877;1
861;-1,183648596;0,295429292;0,183648596;1;-0,177556846;0,27963773;-0,644886308;1;-0,478182871;0,475035389;1,390914354;1
862;-1,467810535;0,347494214;0,467810535;1;0,256000843;0,304154448;-1,512001686;0;0,73603863;0,537231571;-4,680193149;1
863;-1,883969771;0,436674002;0,883969771;0;-0,381984021;0,369552551;-0,236031958;1;1,058282093;0,634775243;-6,291410467;0
864;-0,84699401;0,303781601;-0,15300599;1;-1,331258974;0,381522747;1,662517948;0;-0,09631999;0,509103641;-0,518400048;1
865;-0,437397407;0,230136224;-0,562602593;0;-0,290415909;0,25878217;-0,419168183;1;-1,168166425;0,430488137;4,840832126;0
866;-1,321218145;0,315204745;0,321218145;1;-0,050103918;0,287037354;-0,899792164;1;-0,109110941;0,507816818;-0,454445295;1
867;-1,027997578;0,271868097;0,027997578;1;-0,408908772;0,282337699;-0,182182456;1;-0,151040348;0,454602004;-0,244798262;1
868;-1,191817453;0,380393631;0,191817453;1;-0,85699428;0,341246466;0,71398856;1;-0,237556636;0,54926298;0,18778318;1
869;-0,860649724;0,255747171;-0,139350276;1;-0,944193752;0,272353528;0,888387503;1;-0,197349985;0,419306924;-0,013250076;1
870;-1,464709053;0,344393084;0,464709053;1;-0,539503642;0,277330826;0,079007285;1;0,725208284;0,502893424;-4,62604142;1
871;-0,423276663;0,282408408;-0,576723337;0;-0,183791449;0,296204797;-0,632417103;1;-1,944230055;0,536953218;8,721150275;0
872;-0,953369008;0,289470178;-0,046630992;1;-0,104230279;0,251073285;-0,791539442;1;-0,40702108;0,444526136;1,035105399;1
873;-1,746225994;0,349423895;0,746225994;0;-0,602935323;0,289657832;0,205870646;1;1,083111289;0,482787765;-6,415556444;0
874;-1,528068449;0,356074059;0,528068449;1;-0,055811806;0,310310498;-0,888376388;1;0,101331825;0,507268497;-1,506659127;1
875;-1,130208018;0,331751739;0,130208018;1;-0,535505154;0,311470717;0,071010308;1;-0,118283225;0,515495006;-0,408583877;1
876;-1,055854185;0,355098636;0,055854185;1;0,03509751;0,328927504;-1,07019502;1;-0,633260288;0,561306934;2,166301438;1
877;-1,527802662;0,345480753;0,527802662;1;-0,487343843;0,299766;-0,025312313;1;0,238891095;0,495241494;-2,194455477;1
878;-1,455989305;0,373039337;0,455989305;1;0,013193891;0,290482376;-1,026387783;1;0,425921517;0,514760881;-3,129607586;1
879;-0,46783848;0,23273591;-0,53216152;0;-0,745227853;0,236056013;0,490455706;1;-0,542615789;0,388678105;1,713078946;1
880;-1,097091232;0,302988219;0,097091232;1;-0,634891858;0,26736852;0,269783717;1;0,340080078;0,440992995;-2,700400389;1
881;-0,913196209;0,314534687;-0,086803791;1;-0,294720052;0,290296852;-0,410559896;1;-0,535825088;0,484768381;1,679125442;1
882;-1,333976128;0,410265915;0,333976128;1;-1,026007292;0,361772808;1,052014585;1;0,501942587;0,625862714;-3,509712933;1
883;-1,302208237;0,38367414;0,302208237;1;-0,42239578;0,336764029;-0,15520844;1;0,649987887;0,57802468;-4,249939434;1
884;-1,705250211;0,411158035;0,705250211;1;-2,90E-05;0,332955636;-0,999942004;1;0,268964671;0,607915631;-2,344823353;1
885;-0,960917908;0,288897217;-0,039082092;1;-0,056985153;0,304614536;-0,886029695;1;-1,040379838;0,505231851;4,20189919;1
886;-0,468241903;0,264090671;-0,531758097;0;-0,547381462;0,271475174;0,094762924;1;-1,517360362;0,517374511;6,586801811;0
887;-1,254008043;0,416364763;0,254008043;1;-0,313755693;0,33138844;-0,372488614;1;-0,071739368;0,590730606;-0,64130316;1
888;-1,155867585;0,309970645;0,155867585;1;-0,550703662;0,305298172;0,101407324;1;-0,208659626;0,485220677;0,043298132;1
889;-1,265953802;0,333350535;0,265953802;1;-0,26582067;0,29628636;-0,468358661;1;0,274676099;0,525298572;-2,373380495;1
890;-1,169496647;0,351218699;0,169496647;1;-0,298298681;0,317910686;-0,403402638;1;-0,291414327;0,572913582;0,457071636;1
891;-1,316431159;0,388194531;0,316431159;1;0,37342217;0,339068096;-1,74684434;0;-0,771234619;0,6063514;2,856173093;1
892;-1,167118997;0,319847112;0,167118997;1;-0,116873413;0,304137211;-0,766253174;1;-0,31820411;0,521884205;0,591020551;1
893;-0,96438005;0,434826456;-0,03561995;1;-1,271495791;0,416338139;1,542991583;1;0,781191669;0,628534203;-4,905958345;1
894;-1,388165269;0,374067018;0,388165269;1;0,201462997;0,323810823;-1,402925995;0;-0,239343124;0,617198774;0,19671562;1
895;-0,817535897;0,293623037;-0,182464103;1;-0,298605235;0,284826761;-0,40278953;1;-0,745896907;0,474287777;2,729484536;1
896;-1,327796818;0,36792393;0,327796818;1;-0,70531324;0,348395341;0,410626481;1;0,231938099;0,570216964;-2,159690497;1
897;-1,049163874;0,291081316;0,049163874;1;-0,887349715;0,33791305;0,77469943;1;0,127418029;0,467778404;-1,637090143;1
898;-0,506497149;0,289850783;-0,493502851;1;-1,272044365;0,392083837;1,54408873;0;-1,351879474;0,578050659;5,75939737;0
899;-0,910414168;0,389972858;-0,089585832;1;-0,363192609;0,32607837;-0,273614783;1;-0,40378172;0,590399899;1,018908598;1
900;-1,495058914;0,315445914;0,495058914;1;-0,166828197;0,269348263;-0,666343606;1;0,318551608;0,487255803;-2,59275804;1
901;-1,015175746;0,318847713;0,015175746;1;0,05162171;0,308315215;-1,10324342;1;-0,84852608;0,532973723;3,2426304;1
902;-1,358125576;0,352212005;0,358125576;1;-0,019555315;0,323740384;-0,960889369;1;-0,316722982;0,605355329;0,58361491;1
903;-1,247793168;0,27781864;0,247793168;1;-0,460417706;0,307392032;-0,079164588;1;-0,401638745;0,491772048;1,008193727;1
904;-1,2257706;0,341996571;0,2257706;1;-0,292167421;0,334807521;-0,415665159;1;0,05324416;0,558512297;-1,2662208;1
905;-1,605300364;0,444570548;0,605300364;1;0,100180276;0,334878102;-1,200360552;1;0,597307635;0,615016054;-3,986538176;1
906;-0,963337264;0,36155273;-0,036662736;1;-0,788447086;0,352070309;0,576894173;1;-0,067765679;0,599910496;-0,661171603;1
907;-0,562258164;0,330005684;-0,437741836;1;-0,65919264;0,304330357;0,31838528;1;-0,420703387;0,526304129;1,103516935;1
908;-1,444074047;0,390183343;0,444074047;1;-0,766188354;0,332204759;0,532376708;1;0,689733879;0,531058501;-4,448669396;1
909;-1,166468343;0,333686394;0,166468343;1;0,108062282;0,297882658;-1,216124564;0;-0,648848828;0,515233253;2,24424414;1
910;-1,067417394;0,321076181;0,067417394;1;-0,715809376;0,309385906;0,431618751;1;-0,039732911;0,502531945;-0,801335443;1
911;-0,777712574;0,37766495;-0,222287426;1;-0,603960354;0,341026036;0,207920709;1;0,432757993;0,582889444;-3,163789964;1
912;-0,602711025;0,305581979;-0,397288975;1;-0,490286294;0,291434855;-0,019427411;1;-0,299405498;0,493737521;0,497027491;1
913;-1,445094729;0,365945849;0,445094729;1;-0,202568611;0,314332374;-0,594862777;1;-0,07930535;0,562606477;-0,603473251;1
914;-0,733923165;0,259531473;-0,266076835;1;-0,694633991;0,272670464;0,389267982;1;-0,186569885;0,453241885;-0,067150574;1
915;-0,60693004;0,255056292;-0,39306996;1;-0,813493584;0,283084355;0,626987168;1;-0,060463724;0,430946005;-0,697681382;1
916;-0,474850481;0,402853583;-0,525149519;1;-0,399068582;0,352042645;-0,201862835;1;-0,722377453;0,648613697;2,611887266;1
917;-1,484297083;0,339478816;0,484297083;1;-0,764951276;0,334246514;0,529902552;1;0,285954139;0,515083665;-2,429770696;1
918;-1,677772549;0,397780944;0,677772549;1;-0,33517801;0,312177617;-0,32964398;1;0,479925653;0,550258402;-3,399628267;1
919;-0,787513014;0,265359588;-0,212486986;1;-0,784146228;0,316029673;0,568292457;1;-0,403533758;0,478814226;1,017668791;1
920;-1,253073358;0,441298181;0,253073358;1;-0,111958126;0,368582135;-0,776083748;1;0,144215936;0,624736527;-1,721079681;1
921;-1,285976271;0,279278471;0,285976271;1;-0,966541362;0,297548787;0,933082724;1;0,001059334;0,433721262;-1,005296672;1
922;-1,560730782;0,343356413;0,560730782;1;-1,434565239;0,401229045;1,869130477;0;0,682375546;0,506767437;-4,411877732;1
923;-0,850144119;0,336625799;-0,149855881;1;-0,558468484;0,39171701;0,116936967;1;-0,289483633;0,598693564;0,447418163;1
924;-1,765964272;0,349103529;0,765964272;0;0,082907554;0,291909309;-1,165815107;0;0,764224498;0,4754381;-4,821122488;0
925;-0,824342643;0,324092242;-0,175657357;1;-0,602767676;0,315370947;0,205535351;1;-0,81132543;0,533785353;3,056627148;1
926;-0,305989816;0,2178253;-0,694010184;0;-0,884635676;0,292084864;0,769271352;1;-1,552465888;0,484484355;6,762329439;0
927;-0,82285803;0,345899095;-0,17714197;1;-0,262863975;0,298377146;-0,474272051;1;-0,471162713;0,580028162;1,355813567;1
928;-0,203840326;0,254642507;-0,796159674;0;-0,946078124;0,304847844;0,892156247;1;-1,360695034;0,562782816;5,803475171;0
929;-1,201619713;0,300129963;0,201619713;1;-0,857362335;0,323574383;0,714724671;1;0,149130042;0,498558649;-1,745650212;1
930;-1,18285442;0,352531506;0,18285442;1;-0,26447938;0,306752946;-0,471041239;1;0,074190243;0,513034828;-1,370951213;1
931;-1,058766654;0,339779608;0,058766654;1;-0,342611623;0,313413125;-0,314776754;1;-0,564618631;0,540135087;1,823093156;1
932;-0,198130172;0,363863996;-0,801869828;0;-0,964602005;0,347259531;0,92920401;1;-1,035476723;0,551400453;4,177383614;1
933;-0,781532126;0,335948226;-0,218467874;1;-0,477096493;0,32023637;-0,045807014;1;-0,572272487;0,54784966;1,861362437;1
934;-0,736440165;0,36144357;-0,263559835;1;-0,677050952;0,344011183;0,354101904;1;-0,138723717;0,557235316;-0,306381413;1
935;-0,748107202;0,321300894;-0,251892798;1;-0,340173683;0,296095078;-0,319652634;1;-0,691552716;0,501327693;2,457763581;1
936;-1,709959867;0,318043338;0,709959867;0;-0,667817706;0,276595044;0,335635411;1;1,197637125;0,465334071;-6,988185623;0
937;-0,926388116;0,418314077;-0,073611884;1;-0,88044477;0,353682801;0,760889541;1;0,280815588;0,600958171;-2,404077942;1
938;-1,007225823;0,324890205;0,007225823;1;-0,568244445;0,29413268;0,136488889;1;0,249334899;0,495673776;-2,246674497;1
939;-0,692500877;0,287020466;-0,307499123;1;-0,382850716;0,286286686;-0,234298568;1;-0,983436008;0,524787161;3,917180042;1
940;-1,204532982;0,357903927;0,204532982;1;-0,297404181;0,310222544;-0,405191639;1;-0,1536918;0,578032791;-0,231541;1
941;-1,445454996;0,326583849;0,445454996;1;-0,112573634;0,271011089;-0,774852732;1;0,28099258;0,458839791;-2,404962901;1
942;-0,936197809;0,261763172;-0,063802191;1;-0,794763205;0,299350263;0,58952641;1;-0,23989388;0,483000509;0,199469401;1
943;-0,789393135;0,301894499;-0,210606865;1;-0,839055162;0,301554901;0,678110324;1;-0,084553621;0,467744851;-0,577231893;1
944;-1,000541313;0,325328292;0,000541313;1;-0,728456019;0,295680946;0,456912039;1;0,193509909;0,490670504;-1,967549545;1
945;-2,039883911;0,417502692;1,039883911;0;-0,333442072;0,31286102;-0,333115856;1;1,357477602;0,568971204;-7,787388008;0
946;-1,087410074;0,322155669;0,087410074;1;-0,017071153;0,308070818;-0,965857693;1;-0,359679302;0,561725165;0,798396508;1
947;-0,814516291;0,278115964;-0,185483709;1;-0,782314941;0,324270807;0,564629882;1;-0,207117199;0,478080632;0,035585994;1
948;-1,147370163;0,359354535;0,147370163;1;-0,929316001;0,387701359;0,858632003;1;0,086415272;0,60828275;-1,43207636;1
949;-1,334483872;0,398462126;0,334483872;1;-0,182810245;0,340374842;-0,634379509;1;0,248357407;0,58219998;-2,241787035;1
950;-1,604731867;0,469167143;0,604731867;1;-0,276772886;0,347414576;-0,446454228;1;0,822186039;0,634650874;-5,110930195;1
951;-0,951567293;0,289168433;-0,048432707;1;-0,002110291;0,281697349;-0,995779418;1;-0,416143741;0,474487329;1,080718705;1
952;-1,527198227;0,381589705;0,527198227;1;-0,174598128;0,296937516;-0,650803745;1;0,411445022;0,550224038;-3,057225109;1
953;-1,417867467;0,30051201;0,417867467;1;-0,721629409;0,291519292;0,443258818;1;0,409189242;0,464146826;-3,045946211;1
954;-1,09198339;0,315381904;0,09198339;1;-0,791626328;0,301565988;0,583252657;1;-0,382168625;0,524985139;0,910843125;1
955;-0,355216022;0,284885413;-0,644783978;0;-0,536948386;0,28571989;0,073896772;1;-1,691917031;0,525507123;7,459585157;0
956;-0,768147748;0,261719104;-0,231852252;1;-0,369038379;0,246322427;-0,261923242;1;-0,450769771;0,421045942;1,253848855;1
957;-0,924058772;0,360588333;-0,075941228;1;-0,633500961;0,324045516;0,267001921;1;-1,085772812;0,586218772;4,42886406;1
958;-1,210871355;0,276329757;0,210871355;1;-0,937306851;0,295937181;0,874613701;1;0,532666928;0,425666218;-3,663334641;1
959;-1,440319589;0,329697587;0,440319589;1;-0,748744336;0,329507178;0,497488672;1;0,277077769;0,52490004;-2,385388845;1
960;-0,54992878;0,363871921;-0,45007122;1;-0,395720033;0,318008349;-0,208559933;1;-1,573496471;0,598358602;6,867482353;0
961;-1,134621556;0,325655466;0,134621556;1;-0,416999013;0,310627001;-0,166001973;1;-1,034038512;0,560388833;4,170192558;1
962;-0,911068019;0,361695166;-0,088931981;1;-0,684663025;0,397210137;0,369326049;1;-0,526296798;0,60227318;1,631483989;1
963;-1,356702874;0,354648139;0,356702874;1;0,083647417;0,283382701;-1,167294834;0;0,230908769;0,516616461;-2,154543847;1
964;-0,840879913;0,265868167;-0,159120087;1;-0,1783852;0,261348059;-0,6432296;1;-0,285526943;0,459491302;0,427634714;1
965;-1,043801999;0,408553846;0,043801999;1;0,017103557;0,363614363;-1,034207114;1;-0,6813793;0,58128062;2,4068965;1
966;-1,237281161;0,276648212;0,237281161;1;-0,853470493;0,315249378;0,706940987;1;-0,037119597;0,474818908;-0,814402016;1
967;-0,788399343;0,241352896;-0,211600657;1;-0,709897057;0,286854868;0,419794114;1;-0,611527114;0,455212527;2,057635572;1
968;-1,500059253;0,382672628;0,500059253;1;-1,100903038;0,348443745;1,201806076;1;1,150189403;0,592980966;-6,750947016;0
969;-0,586597645;0,272339284;-0,413402355;1;-0,447706847;0,285255525;-0,104586307;1;-1,009068428;0,503654542;4,045342142;1
970;-0,810063334;0,352315826;-0,189936666;1;-0,477199674;0,360353595;-0,045600653;1;-0,262449154;0,634593551;0,312245771;1
971;-0,640082765;0,299606964;-0,359917235;1;-0,828264936;0,339585859;0,656529872;1;-0,350576557;0,508098996;0,752882787;1
972;-0,440794492;0,413931793;-0,559205508;1;-0,831301958;0,367589276;0,662603917;1;-0,370559275;0,614486996;0,852796377;1
973;-0,982962958;0,301338641;-0,017037042;1;-0,711995672;0,310083202;0,423991344;1;-0,0381182;0,488666024;-0,809409001;1
974;-1,412272228;0,359596709;0,412272228;1;-0,5478414;0,327781435;0,095682801;1;0,465865321;0,551950364;-3,329326604;1
975;-0,863675692;0,426742333;-0,136324308;1;-1,122081027;0,407563406;1,244162054;1;-0,137087285;0,703351108;-0,314563576;1
976;-0,994042438;0,28453623;-0,005957562;1;-0,251322536;0,282196538;-0,497354928;1;-0,494495074;0,482740966;1,472475368;1
977;-1,101532205;0,303991758;0,101532205;1;-0,555368918;0,287333225;0,110737836;1;0,236506536;0,437347411;-2,182532682;1
978;-0,763503122;0,374799094;-0,236496878;1;-0,241375957;0,29459522;-0,517248086;1;-0,258590023;0,541102797;0,292950117;1
979;-0,603118632;0,346201311;-0,396881368;1;-0,611164965;0,353702563;0,22232993;1;-0,20382436;0,529185739;0,019121798;1
980;-0,694053933;0,266228239;-0,305946067;1;-0,472542518;0,249198913;-0,054914965;1;-0,699787312;0,457112441;2,498936558;1
981;-0,887362853;0,250411261;-0,112637147;1;-0,545236488;0,277805751;0,090472976;1;-0,544573084;0,449266678;1,722865419;1
982;-1,070536304;0,355422011;0,070536304;1;-0,009194104;0,286219288;-0,981611792;1;-0,244653245;0,527087529;0,223266224;1
983;-0,503790398;0,345962981;-0,496209602;1;-0,740739634;0,329775182;0,481479269;1;-0,665225589;0,535989414;2,326127946;1
984;-1,358075078;0,341372297;0,358075078;1;-0,382172489;0,299413569;-0,235655022;1;0,289920016;0,537172726;-2,449600079;1
985;-0,750771057;0,353384105;-0,249228943;1;-0,792542778;0,344620676;0,585085555;1;-0,707433289;0,568879935;2,537166444;1
986;-0,845216305;0,304323841;-0,154783695;1;-0,347864337;0,298808473;-0,304271325;1;-0,589425807;0,532549893;1,947129033;1
987;-0,471089456;0,27565016;-0,528910544;1;-0,664976816;0,308311503;0,329953631;1;-0,271419711;0,485525035;0,357098554;1
988;-1,356099617;0,301404277;0,356099617;1;0,024222795;0,276533432;-1,048445589;1;0,018021117;0,446621148;-1,090105584;1
989;-0,67529048;0,236940801;-0,32470952;1;-0,315683246;0,241385889;-0,368633508;1;-0,84730097;0,463654023;3,236504849;1
990;-0,756030103;0,267172778;-0,243969897;1;-0,510143382;0,25951551;0,020286765;1;-0,624173546;0,454455294;2,120867729;1
991;-1,339310729;0,3426458;0,339310729;1;-0,686316997;0,345526004;0,372633994;1;0,236021609;0,571130661;-2,180108045;1
992;-0,848255942;0,294390812;-0,151744058;1;-0,556274602;0,301276264;0,112549205;1;-0,336793028;0,489783146;0,68396514;1
993;-0,865704756;0,277478426;-0,134295244;1;-0,437789528;0,270738803;-0,124420944;1;-0,49286416;0,473241399;1,464320801;1
994;-0,774199019;0,301819351;-0,225800981;1;-0,533505824;0,320707439;0,067011647;1;-0,570170217;0,515939975;1,850851083;1
995;-1,365576084;0,36859514;0,365576084;1;-0,361046707;0,341338863;-0,277906586;1;-0,282773743;0,616207265;0,413868713;1
996;-0,598890053;0,315477985;-0,401109947;1;-0,433980103;0,333089984;-0,132039793;1;-0,781038397;0,573545692;2,905191984;1
997;-1,232429476;0,317863022;0,232429476;1;0,104454291;0,262580686;-1,208908582;0;0,158044505;0,44202704;-1,790222527;1
998;-0,597086538;0,287253755;-0,402913462;1;-0,218266678;0,305857663;-0,563466645;1;-0,794209863;0,503129058;2,971049313;1
999;-1,124936817;0,346648421;0,124936817;1;-0,113010907;0,341989862;-0,773978185;1;-0,667098611;0,58994114;2,335493055;1
1000;-0,735429441;0,248469565;-0,264570559;1;-1,378526358;0,327240189;1,757052716;0;-0,312540377;0,43131915;0,562701887;1
