;mean;se;bias;cp;mean;se;bias;cp;mean;se;bias;cp;;mean;sd;bias;cp;mean;sd;bias;cp;mean;sd;bias;cp
1;0,536416059;0,050653266;-0,105973235;1;0,242741973;0,03975756;0,213709864;1;0,479486484;0,067612148;0,19871621;1;;0,602145829;0,052455336;0,003576382;0,946;0,20075267;0,040205479;0,003763351;0,95;0,398649527;0,068195624;-0,003376183;0,949
2;0,653237819;0,050962359;0,088729698;1;0,188958434;0,039868614;-0,055207829;1;0,314045258;0,067771775;-0,214886856;1;;;;;;;;;;;;;
3;0,746205225;0,052017067;0,243675376;0;0,082726718;0,039959212;-0,58636641;0;0,274329722;0,069444662;-0,314175695;1;;;;;;;;;;;;;
4;0,560024387;0,049566749;-0,066626022;1;0,131254653;0,038103641;-0,343726736;1;0,452197798;0,066356152;0,130494495;1;;;;;;;;;;;;;
5;0,620272205;0,051772432;0,033787008;1;0,139110924;0,039178897;-0,304445379;1;0,401864288;0,069175279;0,004660721;1;;;;;;;;;;;;;
6;0,52423764;0,049324041;-0,126270599;1;0,264297731;0,038358871;0,321488656;1;0,436121822;0,06611682;0,090304554;1;;;;;;;;;;;;;
7;0,577090707;0,050503212;-0,038182155;1;0,23283087;0,039343091;0,164154351;1;0,395812553;0,066626121;-0,010468618;1;;;;;;;;;;;;;
8;0,535540288;0,049623745;-0,107432854;1;0,162947419;0,038743484;-0,185262906;1;0,415562475;0,065651019;0,038906187;1;;;;;;;;;;;;;
9;0,667637128;0,050929817;0,112728547;1;0,141526924;0,039113016;-0,292365378;1;0,351296405;0,067632344;-0,121758987;1;;;;;;;;;;;;;
10;0,606250523;0,051880668;0,010417539;1;0,176669712;0,039366846;-0,116651438;1;0,409271655;0,069842041;0,023179137;1;;;;;;;;;;;;;
11;0,563233191;0,052480574;-0,061278015;1;0,227507962;0,040172374;0,137539811;1;0,488090072;0,069486929;0,220225179;1;;;;;;;;;;;;;
12;0,652261463;0,052252369;0,087102439;1;0,191694247;0,039813547;-0,041528764;1;0,384609289;0,069555567;-0,038476778;1;;;;;;;;;;;;;
13;0,58712549;0,051769675;-0,021457517;1;0,197561158;0,039276855;-0,012194212;1;0,440047128;0,068780477;0,10011782;1;;;;;;;;;;;;;
14;0,517236689;0,050227452;-0,137938852;1;0,18277317;0,038876772;-0,086134148;1;0,507440706;0,06720261;0,268601765;1;;;;;;;;;;;;;
15;0,608354306;0,05112746;0,013923843;1;0,223614899;0,039862785;0,118074494;1;0,397001809;0,067483605;-0,007495479;1;;;;;;;;;;;;;
16;0,618459443;0,051144405;0,030765738;1;0,266890332;0,040024645;0,33445166;1;0,373595264;0,068987421;-0,06601184;1;;;;;;;;;;;;;
17;0,584073961;0,050451719;-0,026543399;1;0,258631694;0,039319001;0,293158472;1;0,401244534;0,066788301;0,003111335;1;;;;;;;;;;;;;
18;0,615925212;0,051803632;0,02654202;1;0,201734387;0,039861597;0,008671934;1;0,374098779;0,068422101;-0,064753052;1;;;;;;;;;;;;;
19;0,631575896;0,050853147;0,052626494;1;0,252547173;0,03896786;0,262735864;1;0,262672861;0,06659422;-0,343317849;0;;;;;;;;;;;;;
20;0,554902324;0,051388344;-0,075162793;1;0,214528048;0,040065163;0,072640238;1;0,442649079;0,068303883;0,106622696;1;;;;;;;;;;;;;
21;0,58078106;0,050643163;-0,032031566;1;0,155369957;0,038682147;-0,223150216;1;0,369243841;0,066400331;-0,076890397;1;;;;;;;;;;;;;
22;0,534966433;0,051486326;-0,108389279;1;0,199923932;0,040064516;-0,00038034;1;0,447938719;0,068083427;0,119846797;1;;;;;;;;;;;;;
23;0,588502325;0,051877657;-0,019162791;1;0,205253961;0,039973733;0,026269803;1;0,420592716;0,068044209;0,051481791;1;;;;;;;;;;;;;
24;0,611360029;0,051894768;0,018933382;1;0,171245935;0,039868347;-0,143770325;1;0,447651609;0,068480793;0,119129021;1;;;;;;;;;;;;;
25;0,537512248;0,050607466;-0,104146253;1;0,170023932;0,039035623;-0,14988034;1;0,432774264;0,068554057;0,081935659;1;;;;;;;;;;;;;
26;0,588018996;0,051072863;-0,01996834;1;0,273063474;0,039342422;0,365317371;1;0,325794458;0,067668971;-0,185513855;1;;;;;;;;;;;;;
27;0,588424067;0,049854769;-0,019293222;1;0,187946451;0,038342223;-0,060267744;1;0,406844613;0,065940944;0,017111533;1;;;;;;;;;;;;;
28;0,569882734;0,051513002;-0,050195443;1;0,202920188;0,040145163;0,014600942;1;0,505765786;0,067413031;0,264414465;1;;;;;;;;;;;;;
29;0,552206298;0,050557391;-0,079656171;1;0,309889362;0,039587861;0,549446808;0;0,481393415;0,0665456;0,203483536;1;;;;;;;;;;;;;
30;0,608048934;0,051338129;0,01341489;1;0,262064593;0,039694176;0,310322963;1;0,285722168;0,067247816;-0,28569458;1;;;;;;;;;;;;;
31;0,691291722;0,05359461;0,152152869;1;0,152067737;0,041106885;-0,239661316;1;0,421260712;0,071103433;0,05315178;1;;;;;;;;;;;;;
32;0,612181465;0,050118016;0,020302442;1;0,220563778;0,038347264;0,10281889;1;0,316393367;0,066685101;-0,209016582;1;;;;;;;;;;;;;
33;0,507055552;0,050179986;-0,154907414;1;0,200173238;0,03893363;0,000866188;1;0,480840988;0,066580228;0,20210247;1;;;;;;;;;;;;;
34;0,604753548;0,054139145;0,00792258;1;0,176917765;0,040904067;-0,115411173;1;0,42577792;0,07248987;0,064444801;1;;;;;;;;;;;;;
35;0,634478415;0,051661631;0,057464025;1;0,190321758;0,03965191;-0,04839121;1;0,405626015;0,067943037;0,014065038;1;;;;;;;;;;;;;
36;0,574998521;0,051642065;-0,041669132;1;0,201712939;0,040010443;0,008564695;1;0,434656253;0,069661941;0,086640633;1;;;;;;;;;;;;;
37;0,603770087;0,049975159;0,006283478;1;0,145034045;0,038807363;-0,274829777;1;0,439206584;0,065807085;0,09801646;1;;;;;;;;;;;;;
38;0,616306334;0,049920458;0,027177224;1;0,210123023;0,038673455;0,050615114;1;0,318017366;0,065781687;-0,204956584;1;;;;;;;;;;;;;
39;0,5582366;0,050533131;-0,069605666;1;0,22158115;0,039270709;0,107905752;1;0,434727088;0,066674439;0,086817719;1;;;;;;;;;;;;;
40;0,597054605;0,050800842;-0,004908992;1;0,195165298;0,038818587;-0,024173508;1;0,33047363;0,065969444;-0,173815925;1;;;;;;;;;;;;;
41;0,58784794;0,049878461;-0,020253433;1;0,166760798;0,038563787;-0,16619601;1;0,432453415;0,065286387;0,081133537;1;;;;;;;;;;;;;
42;0,630603547;0,05284341;0,051005911;1;0,204013017;0,040821182;0,020065086;1;0,317808475;0,069708284;-0,205478813;1;;;;;;;;;;;;;
43;0,511679726;0,050251851;-0,147200456;1;0,251475404;0,0396147;0,257377019;1;0,512442963;0,066653377;0,281107408;1;;;;;;;;;;;;;
44;0,601662051;0,050410528;0,002770085;1;0,236049964;0,039521497;0,18024982;1;0,421151161;0,067058483;0,052877902;1;;;;;;;;;;;;;
45;0,514108443;0,050362268;-0,143152595;1;0,19689632;0,03886278;-0,015518398;1;0,502776946;0,065487237;0,256942366;1;;;;;;;;;;;;;
46;0,614753451;0,051064199;0,024589085;1;0,161580762;0,03863038;-0,192096192;1;0,378716892;0,06772106;-0,053207769;1;;;;;;;;;;;;;
47;0,633125348;0,051455343;0,055208913;1;0,192120995;0,039256854;-0,039395027;1;0,324900373;0,066849244;-0,187749066;1;;;;;;;;;;;;;
48;0,626187866;0,050779871;0,043646444;1;0,193440528;0,039976798;-0,03279736;1;0,421153818;0,066799592;0,052884545;1;;;;;;;;;;;;;
49;0,533511754;0,04879516;-0,110813744;1;0,257009057;0,037930317;0,285045285;1;0,386002119;0,065203502;-0,034994703;1;;;;;;;;;;;;;
50;0,477895538;0,050274249;-0,203507437;0;0,235530333;0,039126203;0,177651665;1;0,53175387;0,067254568;0,329384676;1;;;;;;;;;;;;;
51;0,652397209;0,052274678;0,087328681;1;0,208504004;0,040469037;0,04252002;1;0,377283719;0,069209746;-0,056790702;1;;;;;;;;;;;;;
52;0,559377527;0,051983059;-0,067704122;1;0,245644314;0,039206449;0,228221571;1;0,392457744;0,067945693;-0,01885564;1;;;;;;;;;;;;;
53;0,617869482;0,05160645;0,02978247;1;0,176289503;0,040022734;-0,118552486;1;0,432751401;0,068326796;0,081878504;1;;;;;;;;;;;;;
54;0,631911921;0,052495549;0,053186535;1;0,141856759;0,039875374;-0,290716207;1;0,437540586;0,068898753;0,093851466;1;;;;;;;;;;;;;
55;0,579881548;0,050014525;-0,033530754;1;0,233439472;0,03871537;0,167197359;1;0,33550094;0,066306827;-0,16124765;1;;;;;;;;;;;;;
56;0,684834382;0,050451558;0,141390637;1;0,19781913;0,03933989;-0,010904351;1;0,318162438;0,066617602;-0,204593906;1;;;;;;;;;;;;;
57;0,508970488;0,050175352;-0,151715854;1;0,254497069;0,039116932;0,272485343;1;0,455955595;0,066820898;0,139888987;1;;;;;;;;;;;;;
58;0,566552732;0,050634578;-0,055745447;1;0,199360908;0,039048953;-0,003195459;1;0,420229365;0,066457428;0,050573413;1;;;;;;;;;;;;;
59;0,575914643;0,05036481;-0,040142262;1;0,24002375;0,038965074;0,200118749;1;0,297724895;0,066532523;-0,255687762;1;;;;;;;;;;;;;
60;0,579008282;0,050741122;-0,034986196;1;0,135519227;0,039871039;-0,322403865;1;0,50604204;0,067783777;0,265105099;1;;;;;;;;;;;;;
61;0,589469355;0,052069933;-0,017551074;1;0,208653733;0,040052258;0,043268663;1;0,420921414;0,068636805;0,052303536;1;;;;;;;;;;;;;
62;0,550268777;0,051669186;-0,082885371;1;0,189271275;0,039433842;-0,053643623;1;0,502990432;0,068200724;0,257476079;1;;;;;;;;;;;;;
63;0,538383149;0,051851183;-0,102694751;1;0,230670926;0,039640888;0,153354628;1;0,436304391;0,06849163;0,090760978;1;;;;;;;;;;;;;
64;0,642133003;0,05019668;0,070221671;1;0,232646445;0,039365911;0,163232225;1;0,391195713;0,065708598;-0,022010718;1;;;;;;;;;;;;;
65;0,607718578;0,049555337;0,012864296;1;0,182010886;0,037844543;-0,089945569;1;0,153532913;0,065333976;-0,616167719;0;;;;;;;;;;;;;
66;0,619279391;0,052181157;0,032132318;1;0,147013289;0,040237228;-0,264933554;1;0,464751229;0,069115292;0,161878073;1;;;;;;;;;;;;;
67;0,580135095;0,052095028;-0,033108175;1;0,228169926;0,039363338;0,140849631;1;0,33105354;0,066732793;-0,17236615;1;;;;;;;;;;;;;
68;0,665450318;0,049913731;0,109083864;1;0,188032147;0,039405507;-0,059839267;1;0,322540332;0,064861177;-0,193649169;1;;;;;;;;;;;;;
69;0,564445633;0,052197097;-0,059257279;1;0,231059379;0,040120166;0,155296895;1;0,441550647;0,069777059;0,103876619;1;;;;;;;;;;;;;
70;0,595165393;0,051263169;-0,008057678;1;0,231764604;0,039558508;0,15882302;1;0,392613994;0,068330723;-0,018465016;1;;;;;;;;;;;;;
71;0,581704653;0,050311649;-0,030492246;1;0,211423241;0,038612084;0,057116204;1;0,372370417;0,065982965;-0,069073958;1;;;;;;;;;;;;;
72;0,68321816;0,053528506;0,138696933;1;0,187458992;0,040312649;-0,062705038;1;0,286442989;0,070261973;-0,283892528;1;;;;;;;;;;;;;
73;0,589024452;0,050827065;-0,01829258;1;0,23058136;0,039443444;0,152906799;1;0,384952667;0,067026242;-0,037618333;1;;;;;;;;;;;;;
74;0,597637862;0,051275881;-0,003936897;1;0,154001296;0,039027371;-0,22999352;1;0,367774057;0,067988368;-0,080564858;1;;;;;;;;;;;;;
75;0,615307672;0,052461032;0,025512786;1;0,188591992;0,039578405;-0,057040038;1;0,317186012;0,068875277;-0,207034969;1;;;;;;;;;;;;;
76;0,571132445;0,051314867;-0,048112592;1;0,250324754;0,039421011;0,251623771;1;0,410915239;0,067371531;0,027288098;1;;;;;;;;;;;;;
77;0,544874283;0,051240933;-0,091876196;1;0,242085623;0,039396711;0,210428113;1;0,426121812;0,067148241;0,065304531;1;;;;;;;;;;;;;
78;0,569199384;0,050945916;-0,051334359;1;0,265519909;0,039301511;0,327599543;1;0,383713485;0,067268016;-0,040716287;1;;;;;;;;;;;;;
79;0,537332949;0,052464573;-0,104445084;1;0,276990317;0,039555133;0,384951584;1;0,368529147;0,068574685;-0,078677132;1;;;;;;;;;;;;;
80;0,573504219;0,050970878;-0,044159635;1;0,190196514;0,039497008;-0,04901743;1;0,434089467;0,067699447;0,085223669;1;;;;;;;;;;;;;
81;0,584139205;0,05044833;-0,026434658;1;0,172027519;0,038625416;-0,139862406;1;0,450860866;0,067501236;0,127152164;1;;;;;;;;;;;;;
82;0,56905704;0,049265826;-0,051571599;1;0,188894086;0,038313206;-0,05552957;1;0,407583182;0,065527484;0,018957954;1;;;;;;;;;;;;;
83;0,616822359;0,051884546;0,028037265;1;0,157866184;0,039990305;-0,210669082;1;0,45675754;0,069236793;0,141893849;1;;;;;;;;;;;;;
84;0,679226116;0,050840804;0,132043527;1;0,19961105;0,039567113;-0,001944752;1;0,324949058;0,068244198;-0,187627355;1;;;;;;;;;;;;;
85;0,552749386;0,051325578;-0,078751024;1;0,280595181;0,040132796;0,402975905;0;0,485331298;0,068364301;0,213328244;1;;;;;;;;;;;;;
86;0,625347919;0,051833029;0,042246531;1;0,259716165;0,040178305;0,298580824;1;0,401785874;0,068632516;0,004464685;1;;;;;;;;;;;;;
87;0,592069416;0,051484654;-0,01321764;1;0,152005809;0,039783363;-0,239970954;1;0,468899583;0,069451958;0,172248956;1;;;;;;;;;;;;;
88;0,653222404;0,051474091;0,088704006;1;0,166159882;0,03983017;-0,169200589;1;0,367623671;0,066982586;-0,080940823;1;;;;;;;;;;;;;
89;0,599076571;0,052074428;-0,001539049;1;0,225918688;0,040029476;0,129593438;1;0,448754819;0,0674563;0,121887048;1;;;;;;;;;;;;;
90;0,541181258;0,051649381;-0,098031236;1;0,245065081;0,040014413;0,225325407;1;0,464836861;0,068950544;0,162092153;1;;;;;;;;;;;;;
91;0,598609338;0,050289226;-0,002317771;1;0,22075034;0,038981348;0,103751699;1;0,37726218;0,065798389;-0,056844549;1;;;;;;;;;;;;;
92;0,705093801;0,051458873;0,175156335;0;0,231587397;0,039495821;0,157936986;1;0,162746801;0,067716082;-0,593132998;0;;;;;;;;;;;;;
93;0,586420474;0,051947949;-0,022632544;1;0,173838174;0,039583507;-0,130809129;1;0,433378889;0,068366647;0,083447222;1;;;;;;;;;;;;;
94;0,614361582;0,052503502;0,02393597;1;0,16575765;0,040184076;-0,171211752;1;0,373011972;0,068182999;-0,067470071;1;;;;;;;;;;;;;
95;0,548975912;0,051045793;-0,085040146;1;0,240961754;0,039192159;0,204808771;1;0,478608161;0,066923519;0,196520403;1;;;;;;;;;;;;;
96;0,705771931;0,053013809;0,176286552;0;0,163385368;0,040991325;-0,183073161;1;0,274901595;0,069994852;-0,312746014;1;;;;;;;;;;;;;
97;0,558917285;0,050824981;-0,068471191;1;0,16498552;0,039112431;-0,175072399;1;0,471897776;0,068141142;0,179744439;1;;;;;;;;;;;;;
98;0,622652211;0,050995368;0,037753685;1;0,187906599;0,039457243;-0,060467005;1;0,319667022;0,066748637;-0,200832445;1;;;;;;;;;;;;;
99;0,600798785;0,050943775;0,001331308;1;0,214475563;0,039671529;0,072377814;1;0,381813892;0,068034582;-0,04546527;1;;;;;;;;;;;;;
100;0,587641845;0,049921548;-0,020596924;1;0,171107427;0,039088478;-0,144462863;1;0,34216763;0,065777469;-0,144580925;1;;;;;;;;;;;;;
101;0,615824884;0,051309732;0,026374806;1;0,135491837;0,039328697;-0,322540816;1;0,393611686;0,067370696;-0,015970786;1;;;;;;;;;;;;;
102;0,575607825;0,051252716;-0,040653625;1;0,214948065;0,040559854;0,074740325;1;0,543221116;0,068749839;0,358052789;0;;;;;;;;;;;;;
103;0,59956126;0,051750347;-0,000731233;1;0,174817533;0,039565862;-0,125912335;1;0,404586662;0,067736122;0,011466656;1;;;;;;;;;;;;;
104;0,551617744;0,050436598;-0,080637093;1;0,253029111;0,039058144;0,265145555;1;0,457206372;0,067031118;0,143015931;1;;;;;;;;;;;;;
105;0,629397472;0,051865336;0,048995786;1;0,260745196;0,040209083;0,303725978;1;0,306425341;0,069151107;-0,233936647;1;;;;;;;;;;;;;
106;0,587652332;0,048530802;-0,020579447;1;0,249072627;0,03781424;0,245363133;1;0,336763547;0,064698929;-0,158091132;1;;;;;;;;;;;;;
107;0,569602536;0,052407187;-0,05066244;1;0,212894315;0,040621537;0,064471573;1;0,48341773;0,070177037;0,208544325;1;;;;;;;;;;;;;
108;0,702608176;0,052914795;0,171013626;1;0,23973894;0,040762201;0,198694701;1;0,317890392;0,069913739;-0,205274021;1;;;;;;;;;;;;;
109;0,631980111;0,052097628;0,053300185;1;0,209596944;0,04018901;0,047984719;1;0,402342843;0,070675901;0,005857109;1;;;;;;;;;;;;;
110;0,568657721;0,051756284;-0,052237132;1;0,226586321;0,039888263;0,132931606;1;0,423338272;0,067588711;0,05834568;1;;;;;;;;;;;;;
111;0,662396961;0,052251095;0,103994936;1;0,184008231;0,040313331;-0,079958846;1;0,385014396;0,068900214;-0,03746401;1;;;;;;;;;;;;;
112;0,600374009;0,053003183;0,000623348;1;0,287417136;0,041290068;0,437085682;0;0,387489614;0,070028442;-0,031275965;1;;;;;;;;;;;;;
113;0,580123622;0,050923515;-0,033127297;1;0,194664211;0,038585044;-0,026678945;1;0,369291692;0,067623953;-0,076770771;1;;;;;;;;;;;;;
114;0,692313703;0,050853618;0,153856172;1;0,14329782;0,038850017;-0,283510899;1;0,251134392;0,066669863;-0,372164021;0;;;;;;;;;;;;;
115;0,542103796;0,051279812;-0,096493674;1;0,21720061;0,039757552;0,086003051;1;0,436086944;0,068376583;0,090217361;1;;;;;;;;;;;;;
116;0,686010418;0,051361432;0,143350696;1;0,113765725;0,04018862;-0,431171377;0;0,30900732;0,067553231;-0,2274817;1;;;;;;;;;;;;;
117;0,628284157;0,05192414;0,047140262;1;0,162614821;0,040502436;-0,186925897;1;0,391212471;0,069242803;-0,021968823;1;;;;;;;;;;;;;
118;0,605980793;0,051204993;0,009967988;1;0,222872731;0,039361546;0,114363656;1;0,37796791;0,067171895;-0,055080226;1;;;;;;;;;;;;;
119;0,581628543;0,050563626;-0,030619094;1;0,213096365;0,039441868;0,065481825;1;0,470905954;0,067326109;0,177264886;1;;;;;;;;;;;;;
120;0,596153415;0,051625232;-0,006410974;1;0,140408238;0,039718738;-0,297958809;1;0,439255641;0,068287406;0,098139103;1;;;;;;;;;;;;;
121;0,574111574;0,050041102;-0,043147377;1;0,160528536;0,039031309;-0,197357318;1;0,398520616;0,066760755;-0,00369846;1;;;;;;;;;;;;;
122;0,604677262;0,052081894;0,007795437;1;0,152977586;0,039627409;-0,235112072;1;0,379321116;0,068762261;-0,05169721;1;;;;;;;;;;;;;
123;0,526146253;0,049810709;-0,123089578;1;0,278804249;0,038455921;0,394021245;0;0,350869325;0,065075241;-0,122826687;1;;;;;;;;;;;;;
124;0,64529673;0,05161348;0,075494551;1;0,168080585;0,040001014;-0,159597074;1;0,337417091;0,06797707;-0,156457273;1;;;;;;;;;;;;;
125;0,520978535;0,050995812;-0,131702442;1;0,21038087;0,038583423;0,051904351;1;0,427518846;0,066848276;0,068797114;1;;;;;;;;;;;;;
126;0,522364299;0,049674417;-0,129392835;1;0,277345077;0,039235167;0,386725384;0;0,433735658;0,065260766;0,084339144;1;;;;;;;;;;;;;
127;0,642976377;0,051950493;0,071627295;1;0,208093032;0,040042171;0,040465161;1;0,375403471;0,068408668;-0,061491322;1;;;;;;;;;;;;;
128;0,633460931;0,05164279;0,055768219;1;0,212551581;0,040171986;0,062757905;1;0,445480276;0,068775123;0,113700691;1;;;;;;;;;;;;;
129;0,58539691;0,050701064;-0,024338483;1;0,248913924;0,03898598;0,24456962;1;0,330632061;0,06685323;-0,173419848;1;;;;;;;;;;;;;
130;0,706974031;0,05172927;0,178290052;0;0,16283389;0,04018818;-0,185830548;1;0,303682591;0,068977231;-0,240793523;1;;;;;;;;;;;;;
131;0,522885409;0,050654552;-0,128524318;1;0,280750306;0,039276153;0,40375153;0;0,486409543;0,066905429;0,216023857;1;;;;;;;;;;;;;
132;0,512023766;0,051672324;-0,146627056;1;0,174952691;0,039873483;-0,125236543;1;0,541302585;0,069142719;0,353256463;0;;;;;;;;;;;;;
133;0,569461789;0,050963263;-0,050897018;1;0,213438028;0,039293901;0,067190139;1;0,41443918;0,06802832;0,036097951;1;;;;;;;;;;;;;
134;0,558968234;0,050629597;-0,068386277;1;0,313570152;0,039425552;0,567850761;0;0,396795418;0,066033016;-0,008011455;1;;;;;;;;;;;;;
135;0,628384598;0,051364619;0,047307663;1;0,127139036;0,039608941;-0,364304818;1;0,378891112;0,068452059;-0,052772219;1;;;;;;;;;;;;;
136;0,680260404;0,053473319;0,13376734;1;0,127328059;0,041066154;-0,363359704;1;0,32950974;0,070864101;-0,176225651;1;;;;;;;;;;;;;
137;0,548121404;0,050649158;-0,086464326;1;0,197033561;0,039052783;-0,014832195;1;0,469639635;0,066381665;0,174099088;1;;;;;;;;;;;;;
138;0,621594692;0,049408887;0,035991153;1;0,213865332;0,038354911;0,069326658;1;0,266224331;0,064407982;-0,334439172;0;;;;;;;;;;;;;
139;0,649283628;0,051644234;0,08213938;1;0,241571398;0,039633556;0,20785699;1;0,234859501;0,068554606;-0,412851248;0;;;;;;;;;;;;;
140;0,488112621;0,05010063;-0,186478965;0;0,236867594;0,038856397;0,184337971;1;0,510566234;0,066304594;0,276415585;1;;;;;;;;;;;;;
141;0,600771187;0,051357108;0,001285311;1;0,16268683;0,039573604;-0,186565852;1;0,393073616;0,067678794;-0,017315961;1;;;;;;;;;;;;;
142;0,60888838;0,052311498;0,014813967;1;0,210744264;0,040477125;0,053721319;1;0,44333549;0,06986723;0,108338726;1;;;;;;;;;;;;;
143;0,66119965;0,052260784;0,101999417;1;0,195646216;0,04055817;-0,02176892;1;0,376383477;0,068882975;-0,059041306;1;;;;;;;;;;;;;
144;0,573174728;0,049187742;-0,044708787;1;0,185276737;0,038740848;-0,073616316;1;0,427007684;0,064801959;0,06751921;1;;;;;;;;;;;;;
145;0,606802149;0,050464388;0,011336916;1;0,22705127;0,039240825;0,135256351;1;0,336026484;0,065836684;-0,159933791;1;;;;;;;;;;;;;
146;0,559130876;0,050397494;-0,068115206;1;0,211062802;0,039373662;0,055314012;1;0,432458317;0,067074989;0,081145793;1;;;;;;;;;;;;;
147;0,542810627;0,049299404;-0,095315622;1;0,20959745;0,038007001;0,04798725;1;0,433569652;0,064728622;0,083924131;1;;;;;;;;;;;;;
148;0,607719784;0,049953781;0,012866307;1;0,217642924;0,039079416;0,08821462;1;0,38316647;0,066150866;-0,042083824;1;;;;;;;;;;;;;
149;0,662437528;0,052094844;0,104062547;1;0,202384575;0,040422937;0,011922873;1;0,36453326;0,069177378;-0,08866685;1;;;;;;;;;;;;;
150;0,503051326;0,050807572;-0,161581124;1;0,238568914;0,039565391;0,192844571;1;0,44610541;0,067492743;0,115263525;1;;;;;;;;;;;;;
151;0,647300957;0,052247754;0,078834928;1;0,157836187;0,040275525;-0,210819066;1;0,47138645;0,068995874;0,178466126;1;;;;;;;;;;;;;
152;0,701843722;0,051522062;0,169739537;0;0,19416926;0,039642761;-0,029153702;1;0,237282034;0,068273711;-0,406794914;0;;;;;;;;;;;;;
153;0,629172954;0,052280723;0,04862159;1;0,197286191;0,040264933;-0,013569045;1;0,440293832;0,069812925;0,100734581;1;;;;;;;;;;;;;
154;0,589738544;0,051054461;-0,017102427;1;0,176714478;0,039157154;-0,116427611;1;0,376334032;0,068390937;-0,05916492;1;;;;;;;;;;;;;
155;0,588147709;0,051593931;-0,019753819;1;0,189337477;0,039859464;-0,053312613;1;0,372268753;0,06794826;-0,069328118;1;;;;;;;;;;;;;
156;0,666020222;0,051285061;0,110033703;1;0,236596776;0,03984114;0,182983878;1;0,30704157;0,0676116;-0,232396074;1;;;;;;;;;;;;;
157;0,564268173;0,050338606;-0,059553045;1;0,239238723;0,038886801;0,196193614;1;0,37039476;0,066375536;-0,0740131;1;;;;;;;;;;;;;
158;0,653684639;0,051550478;0,089474398;1;0,150098019;0,039437702;-0,249509903;1;0,362526192;0,068526666;-0,09368452;1;;;;;;;;;;;;;
159;0,443445233;0,049082151;-0,260924611;0;0,216168659;0,037963164;0,080843296;1;0,48154697;0,065934862;0,203867426;1;;;;;;;;;;;;;
160;0,599042603;0,049927056;-0,001595662;1;0,134884918;0,038502124;-0,325575408;1;0,368278109;0,064832061;-0,079304729;1;;;;;;;;;;;;;
161;0,642543788;0,053375439;0,070906314;1;0,19846782;0,04049399;-0,0076609;1;0,390353856;0,071311714;-0,024115359;1;;;;;;;;;;;;;
162;0,622941504;0,051019982;0,03823584;1;0,165248576;0,039377977;-0,173757122;1;0,411032817;0,068282591;0,027582041;1;;;;;;;;;;;;;
163;0,675137557;0,05182379;0,125229261;1;0,114230699;0,040464686;-0,428846504;0;0,403115437;0,069329452;0,007788593;1;;;;;;;;;;;;;
164;0,674691859;0,051978012;0,124486432;1;0,221968088;0,040017632;0,109840439;1;0,310630767;0,068616822;-0,223423083;1;;;;;;;;;;;;;
165;0,683464834;0,053543791;0,139108057;1;0,134279285;0,041552177;-0,328603575;1;0,437540232;0,07165882;0,093850581;1;;;;;;;;;;;;;
166;0,54087972;0,049753813;-0,0985338;1;0,240919189;0,03866118;0,204595944;1;0,356488086;0,066751413;-0,108779786;1;;;;;;;;;;;;;
167;0,555963122;0,052039085;-0,073394797;1;0,232045056;0,039711431;0,160225278;1;0,400121054;0,070383603;0,000302635;1;;;;;;;;;;;;;
168;0,618775008;0,052045816;0,031291679;1;0,214328957;0,040877785;0,071644784;1;0,389259857;0,068652051;-0,026850356;1;;;;;;;;;;;;;
169;0,616671654;0,050429378;0,027786091;1;0,197811282;0,038806049;-0,01094359;1;0,370864379;0,067145831;-0,072839053;1;;;;;;;;;;;;;
170;0,645340487;0,05098325;0,075567479;1;0,22768811;0,039698599;0,138440551;1;0,337240994;0,068302768;-0,156897515;1;;;;;;;;;;;;;
171;0,61113236;0,051313914;0,018553934;1;0,20389917;0,040336667;0,019495849;1;0,475568464;0,067363783;0,18892116;1;;;;;;;;;;;;;
172;0,573134913;0,051414047;-0,044775145;1;0,25025372;0,039371972;0,251268599;1;0,392328948;0,066875343;-0,01917763;1;;;;;;;;;;;;;
173;0,553576451;0,049925342;-0,077372582;1;0,195802511;0,039243181;-0,020987446;1;0,440040578;0,065312397;0,100101445;1;;;;;;;;;;;;;
174;0,533963626;0,050269755;-0,110060623;1;0,269902639;0,039575061;0,349513196;1;0,457948514;0,066656443;0,144871285;1;;;;;;;;;;;;;
175;0,602870577;0,050889143;0,004784295;1;0,220315432;0,039857556;0,101577162;1;0,41898476;0,069171576;0,047461901;1;;;;;;;;;;;;;
176;0,603610745;0,051182436;0,006017908;1;0,131832152;0,039472249;-0,340839239;1;0,424204967;0,068508234;0,060512418;1;;;;;;;;;;;;;
177;0,664973141;0,052475041;0,108288569;1;0,192219304;0,040011354;-0,03890348;1;0,394333687;0,070500012;-0,014165783;1;;;;;;;;;;;;;
178;0,638121964;0,05034694;0,063536607;1;0,221295885;0,039226272;0,106479427;1;0,345786477;0,06675981;-0,135533808;1;;;;;;;;;;;;;
179;0,664298466;0,051287233;0,10716411;1;0,203471814;0,039528185;0,01735907;1;0,286338573;0,068213685;-0,284153566;1;;;;;;;;;;;;;
180;0,65887739;0,054472475;0,098128983;1;0,18474169;0,041528703;-0,076291549;1;0,417581307;0,072065599;0,043953267;1;;;;;;;;;;;;;
181;0,665016444;0,051249924;0,10836074;1;0,208399132;0,039923375;0,041995661;1;0,336763879;0,068841183;-0,158090302;1;;;;;;;;;;;;;
182;0,620601988;0,051697547;0,034336647;1;0,216458808;0,039501218;0,08229404;1;0,389652929;0,068620773;-0,025867677;1;;;;;;;;;;;;;
183;0,628528156;0,050331217;0,047546927;1;0,230442443;0,038980109;0,152212216;1;0,361897413;0,065701284;-0,095256467;1;;;;;;;;;;;;;
184;0,606370375;0,053764206;0,010617292;1;0,216021765;0,041231313;0,080108827;1;0,437844219;0,071158778;0,094610547;1;;;;;;;;;;;;;
185;0,528435571;0,050914068;-0,119274049;1;0,220763832;0,039122818;0,10381916;1;0,444239051;0,067724444;0,110597627;1;;;;;;;;;;;;;
186;0,600528286;0,051233153;0,000880477;1;0,252794519;0,039911459;0,263972594;1;0,423773661;0,067918377;0,059434152;1;;;;;;;;;;;;;
187;0,64543253;0,051374645;0,075720884;1;0,181585351;0,039173529;-0,092073244;1;0,38825931;0,068226487;-0,029351726;1;;;;;;;;;;;;;
188;0,606727518;0,051273497;0,011212529;1;0,190164861;0,039363099;-0,049175694;1;0,40927829;0,068292653;0,023195726;1;;;;;;;;;;;;;
189;0,629922842;0,05148377;0,049871403;1;0,198346212;0,040203491;-0,008268939;1;0,439085199;0,068973039;0,097712997;1;;;;;;;;;;;;;
190;0,704101215;0,05233482;0,173502025;0;0,217813238;0,040282221;0,089066188;1;0,310718954;0,069706947;-0,223202616;1;;;;;;;;;;;;;
191;0,605287294;0,050503836;0,008812157;1;0,23187917;0,039748183;0,15939585;1;0,4314232;0,067029933;0,078558;1;;;;;;;;;;;;;
192;0,700391584;0,052183646;0,167319306;1;0,129667131;0,040148646;-0,351664345;1;0,341743536;0,068432694;-0,145641161;1;;;;;;;;;;;;;
193;0,592352148;0,050910233;-0,012746421;1;0,261455796;0,040210632;0,307278981;1;0,374148427;0,067533504;-0,064628932;1;;;;;;;;;;;;;
194;0,683799368;0,052174206;0,139665613;1;0,146958376;0,039817847;-0,265208119;1;0,265919496;0,068400298;-0,335201259;0;;;;;;;;;;;;;
195;0,612311446;0,051274057;0,020519076;1;0,120129486;0,039590132;-0,399352568;0;0,454060932;0,068129739;0,13515233;1;;;;;;;;;;;;;
196;0,614450901;0,050838274;0,024084835;1;0,179397743;0,039124207;-0,103011283;1;0,338058617;0,06634557;-0,154853457;1;;;;;;;;;;;;;
197;0,648300743;0,050836635;0,080501239;1;0,1573136;0,039642192;-0,213432;1;0,322153451;0,068717533;-0,194616372;1;;;;;;;;;;;;;
198;0,498543347;0,049878444;-0,169094422;0;0,23821483;0,038319202;0,19107415;1;0,401716492;0,065491923;0,004291229;1;;;;;;;;;;;;;
199;0,556069409;0,050729942;-0,073217651;1;0,155128133;0,038932728;-0,224359333;1;0,498842639;0,067540418;0,247106598;1;;;;;;;;;;;;;
200;0,554076874;0,051740579;-0,076538544;1;0,184358735;0,0397977;-0,078206325;1;0,515904362;0,068212681;0,289760904;1;;;;;;;;;;;;;
201;0,700739612;0,050872734;0,167899354;0;0,202799103;0,039206852;0,013995515;1;0,239591357;0,066840826;-0,401021607;0;;;;;;;;;;;;;
202;0,5873877;0,049633004;-0,0210205;1;0,148055702;0,038722256;-0,259721492;1;0,471352352;0,065641699;0,178380879;1;;;;;;;;;;;;;
203;0,504746532;0,049637992;-0,15875578;1;0,261687044;0,03851665;0,308435221;1;0,493953883;0,065332903;0,234884708;1;;;;;;;;;;;;;
204;0,583380119;0,048801362;-0,027699802;1;0,231187599;0,03847279;0,155937993;1;0,362927858;0,064553319;-0,092680356;1;;;;;;;;;;;;;
205;0,50997713;0,049688828;-0,150038117;1;0,279993832;0,038992116;0,399969161;0;0,460840077;0,065104307;0,152100194;1;;;;;;;;;;;;;
206;0,62070151;0,051477955;0,034502517;1;0,159776402;0,03973215;-0,201117988;1;0,440884928;0,068394323;0,10221232;1;;;;;;;;;;;;;
207;0,530720009;0,050039376;-0,115466652;1;0,299772633;0,038737374;0,498863166;0;0,36833001;0,065872014;-0,079174974;1;;;;;;;;;;;;;
208;0,501389873;0,050618851;-0,164350212;1;0,206397193;0,038697864;0,031985966;1;0,458876743;0,068021943;0,147191857;1;;;;;;;;;;;;;
209;0,476403544;0,049122722;-0,205994093;0;0,220986274;0,037901105;0,104931369;1;0,485952752;0,06462629;0,21488188;1;;;;;;;;;;;;;
210;0,553202807;0,049880598;-0,077995322;1;0,255206131;0,03836575;0,276030657;1;0,407154676;0,066628614;0,01788669;1;;;;;;;;;;;;;
211;0,660977789;0,049763082;0,101629649;1;0,174262955;0,038533811;-0,128685225;1;0,315064949;0,066064489;-0,212337627;1;;;;;;;;;;;;;
212;0,551187821;0,048751951;-0,081353631;1;0,189392292;0,037784203;-0,053038541;1;0,418520057;0,064203596;0,046300142;1;;;;;;;;;;;;;
213;0,600654095;0,049302574;0,001090158;1;0,163964372;0,037534927;-0,18017814;1;0,334359581;0,063825925;-0,164101047;1;;;;;;;;;;;;;
214;0,574244934;0,050325469;-0,04292511;1;0,16444347;0,038907255;-0,177782651;1;0,552295029;0,066373974;0,380737573;0;;;;;;;;;;;;;
215;0,646741553;0,050589189;0,077902589;1;0,13395644;0,038979928;-0,330217802;1;0,39325525;0,067027633;-0,016861874;1;;;;;;;;;;;;;
216;0,555395066;0,051023536;-0,074341557;1;0,211257683;0,039431921;0,056288417;1;0,419061403;0,066438414;0,047653507;1;;;;;;;;;;;;;
217;0,711329417;0,052129667;0,185549028;0;0,209231857;0,039850203;0,046159283;1;0,248700697;0,06844793;-0,378248256;0;;;;;;;;;;;;;
218;0,618003459;0,052821024;0,030005764;1;0,249614104;0,040515577;0,248070518;1;0,419465631;0,069822653;0,048664078;1;;;;;;;;;;;;;
219;0,588495321;0,050583048;-0,019174466;1;0,255558867;0,039036795;0,277794335;1;0,362568008;0,066680039;-0,09357998;1;;;;;;;;;;;;;
220;0,584166282;0,051527472;-0,026389531;1;0,19446864;0,039968028;-0,0276568;1;0,438009611;0,069275551;0,095024029;1;;;;;;;;;;;;;
221;0,567096831;0,050366304;-0,054838616;1;0,202350498;0,039053902;0,011752489;1;0,45235728;0,068646008;0,130893201;1;;;;;;;;;;;;;
222;0,625001496;0,050363933;0,04166916;1;0,232592926;0,038570604;0,162964629;1;0,341121875;0,066714629;-0,147195312;1;;;;;;;;;;;;;
223;0,643773779;0,053217175;0,072956298;1;0,189369559;0,040549982;-0,053152206;1;0,354809589;0,069420725;-0,112976027;1;;;;;;;;;;;;;
224;0,52695312;0,050628004;-0,1217448;1;0,281115298;0,039252845;0,405576489;0;0,393645736;0,066748779;-0,01588566;1;;;;;;;;;;;;;
225;0,573598424;0,050983839;-0,044002627;1;0,25082652;0,039359954;0,254132601;1;0,371787608;0,067200268;-0,070530979;1;;;;;;;;;;;;;
226;0,572297363;0,050824114;-0,046171061;1;0,24346269;0,038912685;0,217313449;1;0,384869289;0,067518218;-0,037826776;1;;;;;;;;;;;;;
227;0,613813443;0,052331372;0,023022405;1;0,09692892;0,040219415;-0,5153554;0;0,476039795;0,069119264;0,190099486;1;;;;;;;;;;;;;
228;0,597855067;0,050262506;-0,003574888;1;0,151029111;0,039571513;-0,244854445;1;0,447205577;0,067892208;0,118013942;1;;;;;;;;;;;;;
229;0,685757744;0,050724625;0,142929573;1;0,183530852;0,039372935;-0,082345738;1;0,309189077;0,067694503;-0,227027307;1;;;;;;;;;;;;;
230;0,570515982;0,052037891;-0,049140029;1;0,194997919;0,040349535;-0,025010406;1;0,515616655;0,069257382;0,289041638;1;;;;;;;;;;;;;
231;0,635999428;0,05271817;0,059999046;1;0,220136221;0,040737758;0,100681104;1;0,383788897;0,069409911;-0,040527757;1;;;;;;;;;;;;;
232;0,599463399;0,050886267;-0,000894334;1;0,226873518;0,039630668;0,134367591;1;0,382253682;0,067707397;-0,044365794;1;;;;;;;;;;;;;
233;0,58758369;0,049673697;-0,02069385;1;0,22031414;0,038692144;0,101570702;1;0,42293436;0,065315365;0,0573359;1;;;;;;;;;;;;;
234;0,570760793;0,049742585;-0,048732012;1;0,219333476;0,038805552;0,09666738;1;0,334298645;0,066810223;-0,164253388;1;;;;;;;;;;;;;
235;0,661303533;0,053695917;0,102172555;1;0,248358089;0,041089069;0,241790446;1;0,395048733;0,071122965;-0,012378169;1;;;;;;;;;;;;;
236;0,643118806;0,051173112;0,071864676;1;0,156282731;0,03979118;-0,218586344;1;0,327880753;0,06863809;-0,180298118;1;;;;;;;;;;;;;
237;0,633889234;0,051011481;0,056482057;1;0,193917842;0,039730466;-0,030410791;1;0,295240199;0,067131376;-0,261899502;1;;;;;;;;;;;;;
238;0,574591549;0,050152156;-0,042347419;1;0,172884456;0,038510246;-0,135577722;1;0,430283712;0,06665218;0,07570928;1;;;;;;;;;;;;;
239;0,557662395;0,050840519;-0,070562675;1;0,156478374;0,039017585;-0,217608129;1;0,430074753;0,067817945;0,075186883;1;;;;;;;;;;;;;
240;0,620303363;0,052704176;0,033838939;1;0,216297888;0,040492301;0,081489439;1;0,406505184;0,070527632;0,01626296;1;;;;;;;;;;;;;
241;0,5862321;0,049978882;-0,0229465;1;0,184197516;0,039219635;-0,079012421;1;0,387690055;0,066589004;-0,030774863;1;;;;;;;;;;;;;
242;0,460624998;0,048334096;-0,23229167;0;0,183263214;0,037971785;-0,08368393;1;0,603996907;0,065196177;0,509992268;0;;;;;;;;;;;;;
243;0,565421555;0,050780404;-0,057630742;1;0,209298194;0,039131942;0,046490968;1;0,506918915;0,066805682;0,267297288;1;;;;;;;;;;;;;
244;0,629525515;0,051977024;0,049209191;1;0,136444616;0,040153451;-0,317776921;1;0,392311211;0,068774303;-0,019221973;1;;;;;;;;;;;;;
245;0,568970017;0,049668994;-0,051716638;1;0,121276274;0,038302426;-0,393618629;0;0,464961168;0,066589491;0,162402921;1;;;;;;;;;;;;;
246;0,626187886;0,051449911;0,043646477;1;0,171680499;0,039513009;-0,141597504;1;0,355610618;0,067836153;-0,110973454;1;;;;;;;;;;;;;
247;0,630729005;0,050826733;0,051215009;1;0,211144362;0,038942479;0,05572181;1;0,317873393;0,067287294;-0,205316518;1;;;;;;;;;;;;;
248;0,599336534;0,051026934;-0,001105776;1;0,22620242;0,039520934;0,131012099;1;0,37750166;0,067947578;-0,05624585;1;;;;;;;;;;;;;
249;0,615522178;0,052158968;0,025870296;1;0,076636324;0,039825405;-0,616818379;0;0,488051427;0,06831394;0,220128568;1;;;;;;;;;;;;;
250;0,524854097;0,05041695;-0,125243172;1;0,251123554;0,038922488;0,25561777;1;0,398917907;0,065388276;-0,002705234;1;;;;;;;;;;;;;
251;0,608540391;0,050680654;0,014233985;1;0,260313395;0,039261952;0,301566974;1;0,426206426;0,066778085;0,065516065;1;;;;;;;;;;;;;
252;0,525734028;0,050779783;-0,123776619;1;0,226539716;0,039046518;0,132698581;1;0,448010491;0,068204824;0,120026228;1;;;;;;;;;;;;;
253;0,554369996;0,049747676;-0,076050006;1;0,173013039;0,038668965;-0,134934804;1;0,421734759;0,065936157;0,054336896;1;;;;;;;;;;;;;
254;0,532720457;0,048997284;-0,112132572;1;0,141357798;0,038306515;-0,293211012;1;0,549843894;0,066267678;0,374609734;0;;;;;;;;;;;;;
255;0,618725831;0,050905867;0,031209719;1;0,140027273;0,039028296;-0,299863634;1;0,322051197;0,066349484;-0,194872008;1;;;;;;;;;;;;;
256;0,58640002;0,0505241;-0,022666634;1;0,146266334;0,039395055;-0,268668332;1;0,490417129;0,067274969;0,226042822;1;;;;;;;;;;;;;
257;0,537859363;0,050976907;-0,103567729;1;0,252683322;0,039713056;0,263416612;1;0,410594639;0,067902788;0,026486597;1;;;;;;;;;;;;;
258;0,482115503;0,050685869;-0,196474162;0;0,263117866;0,038930821;0,315589331;1;0,522000188;0,067008825;0,30500047;1;;;;;;;;;;;;;
259;0,504356704;0,051176121;-0,159405493;1;0,25699663;0,03974805;0,284983152;1;0,486228819;0,067333409;0,215572048;1;;;;;;;;;;;;;
260;0,565007676;0,051133313;-0,05832054;1;0,167371486;0,038983619;-0,163142571;1;0,46888524;0,06824368;0,1722131;1;;;;;;;;;;;;;
261;0,733933846;0,052067762;0,223223076;0;0,191265678;0,040892326;-0,043671609;1;0,26330598;0,069137939;-0,341735049;0;;;;;;;;;;;;;
262;0,668218632;0,051203599;0,11369772;1;0,146397671;0,039833329;-0,268011645;1;0,400135795;0,06809697;0,000339489;1;;;;;;;;;;;;;
263;0,567269545;0,051390151;-0,054550758;1;0,191082108;0,03924313;-0,044589462;1;0,409227278;0,06772043;0,023068194;1;;;;;;;;;;;;;
264;0,632994667;0,05134873;0,054991112;1;0,222204675;0,039592963;0,111023373;1;0,320850219;0,066417075;-0,197874451;1;;;;;;;;;;;;;
265;0,586158831;0,049914955;-0,023068616;1;0,170094887;0,038962444;-0,149525566;1;0,382191618;0,065303364;-0,044520954;1;;;;;;;;;;;;;
266;0,626141858;0,053788634;0,043569763;1;0,232952457;0,041094164;0,164762286;1;0,307046793;0,070387534;-0,232383018;1;;;;;;;;;;;;;
267;0,496227348;0,051523496;-0,17295442;0;0,211398515;0,039836128;0,056992573;1;0,558303626;0,068271133;0,395759066;0;;;;;;;;;;;;;
268;0,709178491;0,052013172;0,181964152;0;0,192408795;0,040908616;-0,037956025;1;0,337321408;0,068885246;-0,156696479;1;;;;;;;;;;;;;
269;0,548180455;0,051570431;-0,086365908;1;0,22328554;0,039659101;0,116427701;1;0,410040715;0,067403963;0,025101787;1;;;;;;;;;;;;;
270;0,614302129;0,052167718;0,023836882;1;0,211347409;0,039300794;0,056737045;1;0,384717598;0,068637572;-0,038206005;1;;;;;;;;;;;;;
271;0,589600375;0,051666553;-0,017332709;1;0,153061038;0,039914677;-0,234694811;1;0,471675819;0,068504425;0,179189547;1;;;;;;;;;;;;;
272;0,663763526;0,05163685;0,106272544;1;0,165725545;0,04049838;-0,171372273;1;0,383796693;0,069853754;-0,040508267;1;;;;;;;;;;;;;
273;0,688079829;0,050915454;0,146799714;1;0,168361398;0,039533522;-0,158193012;1;0,287028265;0,067927381;-0,282429337;1;;;;;;;;;;;;;
274;0,591879649;0,05060715;-0,013533918;1;0,184777393;0,038875764;-0,076113035;1;0,389195396;0,067273338;-0,027011509;1;;;;;;;;;;;;;
275;0,634380074;0,050707327;0,057300124;1;0,208335107;0,03861026;0,041675535;1;0,28615873;0,066297314;-0,284603176;1;;;;;;;;;;;;;
276;0,629718811;0,051465573;0,049531351;1;0,172928158;0,039825138;-0,13535921;1;0,463052716;0,068667156;0,157631789;1;;;;;;;;;;;;;
277;0,570779097;0,049493643;-0,048701505;1;0,228054368;0,038982889;0,140271839;1;0,409132472;0,065853976;0,02283118;1;;;;;;;;;;;;;
278;0,632505096;0,052084748;0,05417516;1;0,203710528;0,040320415;0,01855264;1;0,399952279;0,068246741;-0,000119302;1;;;;;;;;;;;;;
279;0,685827647;0,053184636;0,143046079;1;0,194729659;0,040914415;-0,026351703;1;0,330445084;0,070636871;-0,173887289;1;;;;;;;;;;;;;
280;0,621621829;0,052486402;0,036036382;1;0,223600592;0,040590436;0,118002961;1;0,426923338;0,06924646;0,067308345;1;;;;;;;;;;;;;
281;0,705340297;0,053116098;0,175567161;0;0,188737102;0,041001774;-0,056314488;1;0,371873876;0,070671266;-0,070315311;1;;;;;;;;;;;;;
282;0,571961802;0,051082315;-0,04673033;1;0,222509579;0,039402279;0,112547893;1;0,443048212;0,066603866;0,107620529;1;;;;;;;;;;;;;
283;0,672785465;0,051236184;0,121309108;1;0,28225907;0,039923424;0,41129535;0;0,313849863;0,068209949;-0,215375343;1;;;;;;;;;;;;;
284;0,676357954;0,051453835;0,127263256;1;0,212725772;0,04031142;0,063628861;1;0,278819352;0,06868989;-0,302951619;1;;;;;;;;;;;;;
285;0,513784196;0,050899337;-0,143693007;1;0,209120697;0,038894342;0,045603486;1;0,506300473;0,066991309;0,265751182;1;;;;;;;;;;;;;
286;0,654100456;0,051573375;0,090167427;1;0,122729768;0,040075868;-0,386351161;1;0,400268075;0,068908501;0,000670189;1;;;;;;;;;;;;;
287;0,701455724;0,051220757;0,169092873;0;0,159886429;0,039908652;-0,200567853;1;0,269714937;0,066867638;-0,325712657;1;;;;;;;;;;;;;
288;0,551757606;0,050920199;-0,08040399;1;0,21345694;0,039045858;0,067284702;1;0,457527042;0,067305529;0,143817605;1;;;;;;;;;;;;;
289;0,658501156;0,052437866;0,097501927;1;0,125300988;0,040105006;-0,373495059;1;0,311760241;0,069555796;-0,220599397;1;;;;;;;;;;;;;
290;0,61659106;0,05089594;0,027651766;1;0,217258613;0,039780515;0,086293066;1;0,424561107;0,067550201;0,061402768;1;;;;;;;;;;;;;
291;0,614730712;0,051726947;0,024551187;1;0,224781916;0,040272054;0,12390958;1;0,401419242;0,067976786;0,003548106;1;;;;;;;;;;;;;
292;0,5576914;0,051265814;-0,070514333;1;0,234640494;0,039452519;0,173202468;1;0,431895288;0,06815998;0,079738219;1;;;;;;;;;;;;;
293;0,691506695;0,051225142;0,152511158;1;0,195499179;0,039839201;-0,022504106;1;0,282809657;0,067607553;-0,292975856;1;;;;;;;;;;;;;
294;0,52864484;0,050618308;-0,118925267;1;0,222019604;0,038400956;0,11009802;1;0,4208007;0,06675576;0,05200175;1;;;;;;;;;;;;;
295;0,584232134;0,050306587;-0,026279777;1;0,25136613;0,038931887;0,25683065;1;0,277411654;0,066145781;-0,306470865;1;;;;;;;;;;;;;
296;0,574803972;0,050846568;-0,04199338;1;0,198373409;0,039438489;-0,008132956;1;0,402679533;0,066464851;0,006698833;1;;;;;;;;;;;;;
297;0,607200605;0,051702344;0,012001009;1;0,235405832;0,040082146;0,177029159;1;0,344138787;0,068812853;-0,139653032;1;;;;;;;;;;;;;
298;0,722408082;0,053877473;0,20401347;0;0,069626025;0,041467155;-0,651869875;0;0,459086371;0,070796312;0,147715927;1;;;;;;;;;;;;;
299;0,601319283;0,052080549;0,002198805;1;0,156439816;0,040044107;-0,217800919;1;0,493327777;0,0691205;0,233319444;1;;;;;;;;;;;;;
300;0,740385505;0,053937083;0,233975842;0;0,143656394;0,041296355;-0,281718031;1;0,338395467;0,071267119;-0,154011331;1;;;;;;;;;;;;;
301;0,606215786;0,051340351;0,010359643;1;0,171085711;0,040016367;-0,144571446;1;0,51586662;0,066823793;0,289666549;1;;;;;;;;;;;;;
302;0,635774447;0,051758526;0,059624078;1;0,153767824;0,039742731;-0,231160879;1;0,335892178;0,068696328;-0,160269555;1;;;;;;;;;;;;;
303;0,782171362;0,053690964;0,303618937;0;0,206398736;0,041686041;0,031993681;1;0,313221185;0,072184293;-0,216947036;1;;;;;;;;;;;;;
304;0,591552035;0,050825685;-0,014079942;1;0,207239888;0,039436524;0,036199439;1;0,463059608;0,067041215;0,157649019;1;;;;;;;;;;;;;
305;0,526984068;0,051370978;-0,121693221;1;0,232186019;0,039166562;0,160930097;1;0,451951087;0,067981025;0,129877718;1;;;;;;;;;;;;;
306;0,604718254;0,051102206;0,007863756;1;0,172400339;0,039552128;-0,137998306;1;0,472059465;0,067549322;0,180148662;1;;;;;;;;;;;;;
307;0,521867708;0,050297776;-0,130220486;1;0,196771116;0,03868744;-0,016144419;1;0,442114962;0,066983021;0,105287406;1;;;;;;;;;;;;;
308;0,548449696;0,051917034;-0,085917173;1;0,170364264;0,040611456;-0,148178681;1;0,578382577;0,069903202;0,445956441;0;;;;;;;;;;;;;
309;0,593672686;0,050868217;-0,010545523;1;0,177348416;0,039600104;-0,113257918;1;0,357899752;0,066690748;-0,105250619;1;;;;;;;;;;;;;
310;0,559059931;0,049472822;-0,068233449;1;0,225086595;0,037980829;0,125432974;1;0,390361283;0,0662234;-0,024096792;1;;;;;;;;;;;;;
311;0,62034585;0,050608482;0,03390975;1;0,183384725;0,038808386;-0,083076373;1;0,347974862;0,066319625;-0,130062846;1;;;;;;;;;;;;;
312;0,575387088;0,050988518;-0,04102152;1;0,182081063;0,039037516;-0,089594686;1;0,52264234;0,067909767;0,30660585;1;;;;;;;;;;;;;
313;0,672775967;0,051256874;0,121293278;1;0,137208525;0,039469322;-0,313957374;1;0,25218506;0,06707588;-0,36953735;0;;;;;;;;;;;;;
314;0,598010161;0,051511166;-0,003316398;1;0,200603345;0,039778525;0,003016727;1;0,438731525;0,068565483;0,096828812;1;;;;;;;;;;;;;
315;0,665734989;0,052694818;0,109558315;1;0,249965055;0,041060884;0,249825276;1;0,308001506;0,07005579;-0,229996234;1;;;;;;;;;;;;;
316;0,56815123;0,051349644;-0,053081283;1;0,109424752;0,039402856;-0,45287624;0;0,478859003;0,069029904;0,197147506;1;;;;;;;;;;;;;
317;0,578429892;0,049744417;-0,035950179;1;0,226795251;0,038782374;0,133976256;1;0,387742187;0,066020662;-0,030644532;1;;;;;;;;;;;;;
318;0,669982725;0,051696495;0,116637875;1;0,112839083;0,039976499;-0,435804583;0;0,416411409;0,068271913;0,041028523;1;;;;;;;;;;;;;
319;0,658123127;0,051380164;0,096871878;1;0,131078924;0,03913462;-0,344605382;1;0,366948805;0,068058923;-0,082627988;1;;;;;;;;;;;;;
320;0,577613498;0,051439707;-0,037310837;1;0,236721026;0,039696326;0,183605129;1;0,403029899;0,06808125;0,007574748;1;;;;;;;;;;;;;
321;0,636862668;0,05190162;0,061437781;1;0,175485045;0,040118281;-0,122574774;1;0,375704533;0,069809341;-0,060738667;1;;;;;;;;;;;;;
322;0,602323595;0,0517456;0,003872658;1;0,227344974;0,040235362;0,136724871;1;0,405562612;0,068637453;0,01390653;1;;;;;;;;;;;;;
323;0,579114539;0,051959204;-0,034809102;1;0,201231397;0,039884858;0,006156983;1;0,478742976;0,068004408;0,19685744;1;;;;;;;;;;;;;
324;0,652665901;0,0514618;0,087776501;1;0,229923524;0,0407168;0,149617622;1;0,408275113;0,067291117;0,020687784;1;;;;;;;;;;;;;
325;0,575398209;0,050493443;-0,041002985;1;0,147254155;0,039305613;-0,263729226;1;0,454799964;0,066636484;0,136999911;1;;;;;;;;;;;;;
326;0,624846788;0,051086084;0,041411313;1;0,108857937;0,039104628;-0,455710315;0;0,377151004;0,067305619;-0,057122491;1;;;;;;;;;;;;;
327;0,611859624;0,051668214;0,019766041;1;0,183848761;0,040216609;-0,080756194;1;0,45236943;0,068042038;0,130923575;1;;;;;;;;;;;;;
328;0,638112854;0,050951574;0,063521424;1;0,1838587;0,039501099;-0,080706501;1;0,405972201;0,066963368;0,014930502;1;;;;;;;;;;;;;
329;0,602812775;0,051176852;0,004687958;1;0,243377164;0,039262611;0,216885821;1;0,343327599;0,066867639;-0,141681001;1;;;;;;;;;;;;;
330;0,588388853;0,051431236;-0,019351911;1;0,176562935;0,039545632;-0,117185324;1;0,407494669;0,06821187;0,018736673;1;;;;;;;;;;;;;
331;0,596426703;0,052956699;-0,005955495;1;0,236474771;0,040408764;0,182373856;1;0,459484016;0,070973359;0,14871004;1;;;;;;;;;;;;;
332;0,644814877;0,05194019;0,074691462;1;0,191647189;0,040469352;-0,041764053;1;0,387117142;0,067555918;-0,032207145;1;;;;;;;;;;;;;
333;0,522699343;0,050365745;-0,128834429;1;0,254840155;0,038647793;0,274200777;1;0,374809068;0,066534357;-0,062977329;1;;;;;;;;;;;;;
334;0,603257753;0,052030332;0,005429588;1;0,202809363;0,040081314;0,014046817;1;0,401247444;0,067827131;0,003118611;1;;;;;;;;;;;;;
335;0,640830183;0,051772837;0,068050305;1;0,181758588;0,04039198;-0,091207059;1;0,44968648;0,068962705;0,1242162;1;;;;;;;;;;;;;
336;0,582948412;0,051557717;-0,028419313;1;0,193925634;0,039614656;-0,03037183;1;0,436961435;0,067986292;0,092403587;1;;;;;;;;;;;;;
337;0,635458778;0,052047937;0,059097964;1;0,182663038;0,040369004;-0,086684809;1;0,415946828;0,069088976;0,039867071;1;;;;;;;;;;;;;
338;0,60160407;0,050998526;0,00267345;1;0,202008194;0,039239134;0,010040969;1;0,403783382;0,067587903;0,009458454;1;;;;;;;;;;;;;
339;0,566427098;0,050674972;-0,055954836;1;0,180560017;0,038546039;-0,097199917;1;0,471801598;0,066426493;0,179503994;1;;;;;;;;;;;;;
340;0,604749869;0,051467586;0,007916449;1;0,157602313;0,03990471;-0,211988436;1;0,429244739;0,06784439;0,073111848;1;;;;;;;;;;;;;
341;0,575409529;0,05001997;-0,040984118;1;0,195310441;0,038589937;-0,023447793;1;0,424734587;0,066010752;0,061836468;1;;;;;;;;;;;;;
342;0,634467961;0,051800162;0,057446601;1;0,175516599;0,040265108;-0,122417007;1;0,344682868;0,068800825;-0,138292829;1;;;;;;;;;;;;;
343;0,578256399;0,050783958;-0,036239336;1;0,175846873;0,038786318;-0,120765637;1;0,43404872;0,067866081;0,0851218;1;;;;;;;;;;;;;
344;0,671292037;0,052668575;0,118820062;1;0,186990157;0,040688005;-0,065049214;1;0,383949657;0,070396354;-0,040125857;1;;;;;;;;;;;;;
345;0,636757921;0,05245512;0,061263201;1;0,214387872;0,04057954;0,071939362;1;0,412586662;0,068429244;0,031466654;1;;;;;;;;;;;;;
346;0,514868252;0,050236739;-0,141886246;1;0,263984805;0,038620386;0,319924027;1;0,45983053;0,066229803;0,149576325;1;;;;;;;;;;;;;
347;0,622696674;0,050970141;0,03782779;1;0,217141167;0,039435931;0,085705835;1;0,383487221;0,068092143;-0,041281949;1;;;;;;;;;;;;;
348;0,566988722;0,050410249;-0,055018796;1;0,259888094;0,039090731;0,29944047;1;0,35448546;0,066774342;-0,113786351;1;;;;;;;;;;;;;
349;0,61049603;0,052916129;0,017493383;1;0,27800448;0,040533897;0,3900224;1;0,375572524;0,069316717;-0,06106869;1;;;;;;;;;;;;;
350;0,602838401;0,050723758;0,004730668;1;0,134938297;0,038738676;-0,325308515;1;0,425342007;0,066802541;0,063355017;1;;;;;;;;;;;;;
351;0,511305801;0,05110887;-0,147823666;1;0,189461294;0,039387668;-0,052693531;1;0,557222332;0,069196855;0,39305583;0;;;;;;;;;;;;;
352;0,62391033;0,049802013;0,03985055;1;0,141983592;0,038557327;-0,290082039;1;0,316447749;0,066494267;-0,208880628;1;;;;;;;;;;;;;
353;0,569865855;0,050959875;-0,050223575;1;0,276021336;0,039511035;0,380106681;1;0,416825366;0,066385284;0,042063416;1;;;;;;;;;;;;;
354;0,583556356;0,051431383;-0,027406074;1;0,298149075;0,039851019;0,490745375;0;0,318112223;0,067228707;-0,204719442;1;;;;;;;;;;;;;
355;0,572990167;0,051250084;-0,045016388;1;0,255173063;0,039688522;0,275865315;1;0,472061159;0,067221803;0,180152898;1;;;;;;;;;;;;;
356;0,570703896;0,050189682;-0,048826841;1;0,203037514;0,038785847;0,015187569;1;0,358546137;0,066317014;-0,103634657;1;;;;;;;;;;;;;
357;0,602640877;0,051983619;0,004401461;1;0,199826925;0,039671796;-0,000865377;1;0,335338356;0,067852955;-0,16165411;1;;;;;;;;;;;;;
358;0,549009302;0,050633275;-0,084984497;1;0,225323495;0,038900785;0,126617477;1;0,439784263;0,065971952;0,099460657;1;;;;;;;;;;;;;
359;0,550593046;0,051914168;-0,082344923;1;0,191215868;0,039576386;-0,043920658;1;0,507101474;0,069240673;0,267753685;1;;;;;;;;;;;;;
360;0,666426396;0,051577345;0,110710659;1;0,261915568;0,040038371;0,309577842;1;0,309793563;0,068727138;-0,225516091;1;;;;;;;;;;;;;
361;0,725379054;0,053233284;0,208965091;0;0,265784845;0,041006609;0,328924226;1;0,221537188;0,070161162;-0,44615703;0;;;;;;;;;;;;;
362;0,626236873;0,052429889;0,043728122;1;0,209240439;0,040487914;0,046202194;1;0,479980142;0,069104979;0,199950354;1;;;;;;;;;;;;;
363;0,666787559;0,051275044;0,111312599;1;0,190261837;0,040197392;-0,048690816;1;0,355319185;0,067044191;-0,111702038;1;;;;;;;;;;;;;
364;0,626093134;0,051111806;0,043488557;1;0,189998664;0,039279224;-0,050006679;1;0,391080035;0,067034726;-0,022299912;1;;;;;;;;;;;;;
365;0,587676717;0,051021094;-0,020538805;1;0,157992657;0,040192045;-0,210036713;1;0,490223984;0,0681004;0,225559961;1;;;;;;;;;;;;;
366;0,599382624;0,049907745;-0,001028959;1;0,256623983;0,03862594;0,283119916;1;0,297771188;0,065212977;-0,25557203;1;;;;;;;;;;;;;
367;0,652724592;0,051896674;0,08787432;1;0,225644838;0,039750988;0,128224192;1;0,307679357;0,068400446;-0,230801609;1;;;;;;;;;;;;;
368;0,601256332;0,054055644;0,002093887;1;0,193139302;0,041396753;-0,034303488;1;0,497263263;0,0722846;0,243158156;1;;;;;;;;;;;;;
369;0,498922931;0,0530278;-0,168461782;1;0,234147547;0,040521278;0,170737733;1;0,498650054;0,069220807;0,246625136;1;;;;;;;;;;;;;
370;0,649025717;0,051391251;0,081709528;1;0,213984356;0,039585323;0,069921781;1;0,357170328;0,068716802;-0,107074179;1;;;;;;;;;;;;;
371;0,603937993;0,048844777;0,006563322;1;0,209611557;0,03818077;0,048057783;1;0,334149142;0,063697188;-0,164627144;1;;;;;;;;;;;;;
372;0,650587095;0,053912717;0,084311825;1;0,105505551;0,040671083;-0,472472243;0;0,37286835;0,071738459;-0,067829125;1;;;;;;;;;;;;;
373;0,5733542;0,050979085;-0,044409666;1;0,147784843;0,039310697;-0,261075785;1;0,433868689;0,067469864;0,084671723;1;;;;;;;;;;;;;
374;0,538783345;0,049343956;-0,102027759;1;0,231237167;0,03856637;0,156185836;1;0,448618013;0,065002121;0,121545031;1;;;;;;;;;;;;;
375;0,690779596;0,050788153;0,151299326;1;0,142567656;0,039968697;-0,287161721;1;0,25137191;0,067976739;-0,371570224;0;;;;;;;;;;;;;
376;0,636956034;0,05149668;0,061593389;1;0,20229783;0,039892021;0,011489148;1;0,353579886;0,068641497;-0,116050285;1;;;;;;;;;;;;;
377;0,579671499;0,050626904;-0,033880835;1;0,150916937;0,038518594;-0,245415316;1;0,424526936;0,066990487;0,061317341;1;;;;;;;;;;;;;
378;0,672547293;0,052589562;0,120912156;1;0,198976993;0,040844182;-0,005115037;1;0,445260782;0,069833225;0,113151956;1;;;;;;;;;;;;;
379;0,62267519;0,051801923;0,037791983;1;0,185235852;0,040170173;-0,073820739;1;0,419057959;0,068107851;0,047644896;1;;;;;;;;;;;;;
380;0,517343792;0,049450944;-0,137760346;1;0,234816134;0,038782313;0,174080672;1;0,437311815;0,065582928;0,093279537;1;;;;;;;;;;;;;
381;0,587860861;0,051804733;-0,020231899;1;0,15719188;0,040645853;-0,214040602;1;0,535453541;0,068464437;0,338633852;0;;;;;;;;;;;;;
382;0,663313803;0,05101587;0,105523005;1;0,16105274;0,039211457;-0,194736299;1;0,290239767;0,066573327;-0,274400582;1;;;;;;;;;;;;;
383;0,562722809;0,05039241;-0,062128652;1;0,206665319;0,038986814;0,033326595;1;0,424375003;0,066911005;0,060937508;1;;;;;;;;;;;;;
384;0,634791446;0,052403813;0,057985743;1;0,149280322;0,039961122;-0,253598392;1;0,397165231;0,068736256;-0,007086922;1;;;;;;;;;;;;;
385;0,635418741;0,051771075;0,059031234;1;0,110014483;0,039427643;-0,449927585;0;0,347521109;0,069180777;-0,131197227;1;;;;;;;;;;;;;
386;0,515174323;0,050862902;-0,141376128;1;0,224517146;0,039531937;0,122585731;1;0,455080791;0,06679406;0,137701978;1;;;;;;;;;;;;;
387;0,641344046;0,050098914;0,068906743;1;0,197163275;0,039178123;-0,014183623;1;0,37373749;0,066359003;-0,065656275;1;;;;;;;;;;;;;
388;0,646287546;0,053048631;0,077145911;1;0,212228505;0,040416564;0,061142527;1;0,34643376;0,069197869;-0,1339156;1;;;;;;;;;;;;;
389;0,63151716;0,052633363;0,052528599;1;0,215915063;0,039900836;0,079575317;1;0,371488356;0,069381302;-0,07127911;1;;;;;;;;;;;;;
390;0,453346493;0,049696467;-0,244422512;0;0,272141253;0,038903737;0,360706264;1;0,527127778;0,065307647;0,317819444;1;;;;;;;;;;;;;
391;0,670862109;0,05223011;0,118103515;1;0,135765274;0,040384173;-0,32117363;1;0,459312808;0,070560571;0,14828202;1;;;;;;;;;;;;;
392;0,642091829;0,052000184;0,070153049;1;0,171585698;0,040184307;-0,142071508;1;0,351781296;0,068641975;-0,120546761;1;;;;;;;;;;;;;
393;0,547899213;0,050577513;-0,086834644;1;0,256412667;0,039163585;0,282063334;1;0,438403795;0,067018735;0,096009488;1;;;;;;;;;;;;;
394;0,677939778;0,052399015;0,12989963;1;0,163189113;0,040533873;-0,184054437;1;0,384654205;0,069454985;-0,038364487;1;;;;;;;;;;;;;
395;0,625339179;0,052278045;0,042231965;1;0,170468847;0,039734234;-0,147655765;1;0,399730597;0,069442692;-0,000673508;1;;;;;;;;;;;;;
396;0,590088381;0,052180991;-0,016519365;1;0,179900395;0,040117715;-0,100498023;1;0,426307292;0,068652279;0,065768231;1;;;;;;;;;;;;;
397;0,569439303;0,051720425;-0,050934495;1;0,152190258;0,039482222;-0,239048708;1;0,48895354;0,06839531;0,222383849;1;;;;;;;;;;;;;
398;0,569404874;0,050830601;-0,050991877;1;0,183223441;0,039447803;-0,083882797;1;0,390599522;0,06686777;-0,023501195;1;;;;;;;;;;;;;
399;0,578248856;0,050283179;-0,036251907;1;0,193477822;0,039249236;-0,03261089;1;0,397312897;0,066678396;-0,006717758;1;;;;;;;;;;;;;
400;0,536929598;0,050522123;-0,105117337;1;0,233636025;0,039115817;0,168180126;1;0,493787079;0,066717524;0,234467698;1;;;;;;;;;;;;;
401;0,542485814;0,049265932;-0,095856977;1;0,182303647;0,038424389;-0,088481766;1;0,425855067;0,065755429;0,064637667;1;;;;;;;;;;;;;
402;0,609758582;0,051485501;0,016264304;1;0,199761111;0,03976086;-0,001194446;1;0,263307511;0,067404014;-0,341731221;0;;;;;;;;;;;;;
403;0,459546115;0,048502391;-0,234089809;0;0,208519331;0,038014881;0,042596654;1;0,544442561;0,064579319;0,361106402;0;;;;;;;;;;;;;
404;0,691890634;0,051801253;0,153151057;1;0,11890444;0,040032366;-0,405477799;0;0,357245973;0,067688594;-0,106885069;1;;;;;;;;;;;;;
405;0,634417942;0,05326328;0,057363237;1;0,204129793;0,040755247;0,020648964;1;0,392146921;0,070157263;-0,019632699;1;;;;;;;;;;;;;
406;0,668700315;0,049270775;0,114500525;1;0,154027314;0,038407687;-0,229863432;1;0,268050581;0,065519078;-0,329873547;0;;;;;;;;;;;;;
407;0,525914246;0,051462186;-0,123476257;1;0,157169858;0,039765165;-0,214150711;1;0,647618478;0,067182942;0,619046195;0;;;;;;;;;;;;;
408;0,528484526;0,050130305;-0,119192457;1;0,192370781;0,03917657;-0,038146096;1;0,533595388;0,066272737;0,33398847;0;;;;;;;;;;;;;
409;0,585340334;0,050832819;-0,024432776;1;0,239816014;0,039251809;0,199080069;1;0,392467468;0,067212469;-0,01883133;1;;;;;;;;;;;;;
410;0,593310529;0,051040172;-0,011149118;1;0,205874464;0,03997941;0,029372322;1;0,44318828;0,067014789;0,1079707;1;;;;;;;;;;;;;
411;0,668444905;0,050599025;0,114074841;1;0,202796569;0,039210448;0,013982845;1;0,243574473;0,066904453;-0,391063817;0;;;;;;;;;;;;;
412;0,575485394;0,051068438;-0,040857677;1;0,227589456;0,039429989;0,137947278;1;0,419833774;0,065959971;0,049584435;1;;;;;;;;;;;;;
413;0,655961412;0,051619063;0,09326902;1;0,139212539;0,040095711;-0,303937304;1;0,391092679;0,068685616;-0,022268303;1;;;;;;;;;;;;;
414;0,622058493;0,050815113;0,036764155;1;0,252690667;0,039611247;0,263453335;1;0,304049934;0,067163897;-0,239875164;1;;;;;;;;;;;;;
415;0,604147888;0,051767393;0,006913147;1;0,208584861;0,040136393;0,042924307;1;0,405189048;0,069539936;0,01297262;1;;;;;;;;;;;;;
416;0,607804258;0,051008217;0,013007097;1;0,140572588;0,039621668;-0,297137059;1;0,434143607;0,068174259;0,085359017;1;;;;;;;;;;;;;
417;0,666873483;0,050715567;0,111455805;1;0,222260075;0,03885458;0,111300376;1;0,280680228;0,067288852;-0,298299431;1;;;;;;;;;;;;;
418;0,640409;0,051082905;0,067348333;1;0,186635979;0,038893076;-0,066820105;1;0,320742018;0,06688532;-0,198144955;1;;;;;;;;;;;;;
419;0,612687977;0,049725196;0,021146629;1;0,185769884;0,03875379;-0,07115058;1;0,336055485;0,065900964;-0,159861288;1;;;;;;;;;;;;;
420;0,595370869;0,050309256;-0,007715218;1;0,160068225;0,039271891;-0,199658877;1;0,431207638;0,066010423;0,078019096;1;;;;;;;;;;;;;
421;0,667818759;0,050938453;0,113031266;1;0,17788498;0,039347699;-0,110575098;1;0,338862419;0,067684136;-0,152843952;1;;;;;;;;;;;;;
422;0,583116693;0,050022518;-0,028138845;1;0,261911813;0,038740785;0,309559065;1;0,337593849;0,065701611;-0,156015378;1;;;;;;;;;;;;;
423;0,592303378;0,050750708;-0,012827703;1;0,230925654;0,039000232;0,154628268;1;0,390451022;0,065414016;-0,023872446;1;;;;;;;;;;;;;
424;0,664335807;0,051628809;0,107226344;1;0,230344984;0,040445835;0,151724921;1;0,354757253;0,06880103;-0,113106869;1;;;;;;;;;;;;;
425;0,570088539;0,051068903;-0,049852435;1;0,204363153;0,039008878;0,021815764;1;0,40348719;0,066658729;0,008717976;1;;;;;;;;;;;;;
426;0,564838545;0,050524185;-0,058602424;1;0,23393164;0,039261605;0,1696582;1;0,363370013;0,06730155;-0,091574967;1;;;;;;;;;;;;;
427;0,55342336;0,051562691;-0,077627733;1;0,270992002;0,039857825;0,35496001;1;0,419762408;0,068273928;0,049406019;1;;;;;;;;;;;;;
428;0,626533963;0,050287127;0,044223272;1;0,228411581;0,03901575;0,142057904;1;0,381237637;0,067039825;-0,046905907;1;;;;;;;;;;;;;
429;0,625209705;0,049967546;0,042016174;1;0,260179712;0,039331743;0,300898561;1;0,333584244;0,066013646;-0,166039391;1;;;;;;;;;;;;;
430;0,630756958;0,051775591;0,051261596;1;0,185646532;0,039714772;-0,071767338;1;0,345071942;0,069908204;-0,137320145;1;;;;;;;;;;;;;
431;0,675008646;0,052844214;0,125014409;1;0,180529085;0,041364347;-0,097354576;1;0,385169546;0,070488353;-0,037076136;1;;;;;;;;;;;;;
432;0,509938957;0,049720918;-0,150101738;1;0,236033295;0,038182585;0,180166474;1;0,435362095;0,06450845;0,088405236;1;;;;;;;;;;;;;
433;0,574706694;0,050757055;-0,04215551;1;0,249815761;0,039031393;0,249078805;1;0,392302369;0,066542414;-0,019244078;1;;;;;;;;;;;;;
434;0,56558277;0,0495638;-0,05736205;1;0,256076474;0,03825259;0,280382369;1;0,284929764;0,065608609;-0,28767559;1;;;;;;;;;;;;;
435;0,602557986;0,0504773;0,004263311;1;0,243811633;0,038585511;0,219058166;1;0,328216478;0,065626433;-0,179458805;1;;;;;;;;;;;;;
436;0,575660461;0,050763529;-0,040565899;1;0,214673397;0,03913792;0,073366984;1;0,456875365;0,067615778;0,142188414;1;;;;;;;;;;;;;
437;0,570660949;0,051735392;-0,048898418;1;0,177177486;0,039864316;-0,114112572;1;0,497657676;0,068860975;0,244144191;1;;;;;;;;;;;;;
438;0,501217322;0,049722735;-0,164637797;0;0,176568003;0,038356126;-0,117159984;1;0,468402728;0,067053546;0,17100682;1;;;;;;;;;;;;;
439;0,70689651;0,053721127;0,17816085;0;0,224597396;0,041490699;0,122986981;1;0,34584673;0,070880049;-0,135383175;1;;;;;;;;;;;;;
440;0,576318555;0,049311408;-0,039469075;1;0,184729109;0,03821795;-0,076354454;1;0,391032431;0,065761475;-0,022418922;1;;;;;;;;;;;;;
441;0,66650271;0,051394599;0,110837849;1;0,204325322;0,039698592;0,02162661;1;0,335591181;0,067439778;-0,161022047;1;;;;;;;;;;;;;
442;0,616751896;0,050690201;0,027919826;1;0,126303311;0,039369362;-0,368483444;1;0,416989877;0,067056806;0,042474693;1;;;;;;;;;;;;;
443;0,593206591;0,052945353;-0,011322349;1;0,168601817;0,040776619;-0,156990915;1;0,479794302;0,069608733;0,199485754;1;;;;;;;;;;;;;
444;0,580985962;0,05051271;-0,031690063;1;0,242815082;0,039605469;0,214075411;1;0,445432186;0,066777439;0,113580466;1;;;;;;;;;;;;;
445;0,641491144;0,05107607;0,069151906;1;0,160253308;0,039542154;-0,198733459;1;0,401248002;0,067490567;0,003120005;1;;;;;;;;;;;;;
446;0,553069313;0,050029298;-0,078217811;1;0,242099348;0,038671084;0,210496739;1;0,432875572;0,067059918;0,082188931;1;;;;;;;;;;;;;
447;0,588656325;0,051258095;-0,018906125;1;0,262238646;0,040206625;0,311193232;1;0,359317359;0,068622164;-0,101706602;1;;;;;;;;;;;;;
448;0,514995804;0,049652433;-0,141673661;1;0,240981909;0,039053316;0,204909544;1;0,502173247;0,065918028;0,255433118;1;;;;;;;;;;;;;
449;0,564018542;0,050049449;-0,059969097;1;0,170797116;0,039059433;-0,146014418;1;0,472790765;0,065696963;0,181976912;1;;;;;;;;;;;;;
450;0,573966433;0,050133963;-0,043389278;1;0,229686762;0,039007372;0,14843381;1;0,374302885;0,066496253;-0,064242788;1;;;;;;;;;;;;;
451;0,572141898;0,051845371;-0,04643017;1;0,227830885;0,039883282;0,139154423;1;0,409229083;0,069239338;0,023072707;1;;;;;;;;;;;;;
452;0,57866343;0,051534362;-0,035560949;1;0,24403426;0,039176607;0,2201713;1;0,391520149;0,06853944;-0,021199627;1;;;;;;;;;;;;;
453;0,593762096;0,04993036;-0,010396507;1;0,209476406;0,039035194;0,047382032;1;0,368045323;0,066195192;-0,079886692;1;;;;;;;;;;;;;
454;0,607749173;0,05074499;0,012915289;1;0,271015644;0,038581225;0,355078218;1;0,334602609;0,066250462;-0,163493478;1;;;;;;;;;;;;;
455;0,672656285;0,051330548;0,121093809;1;0,178582004;0,04028862;-0,107089979;1;0,317424589;0,068139771;-0,206438528;1;;;;;;;;;;;;;
456;0,658850295;0,052046309;0,098083826;1;0,172935177;0,039864327;-0,135324117;1;0,37323443;0,068297848;-0,066913926;1;;;;;;;;;;;;;
457;0,552877896;0,049886393;-0,07853684;1;0,25366444;0,038930449;0,268322198;1;0,394718275;0,065597302;-0,013204311;1;;;;;;;;;;;;;
458;0,581468445;0,052348737;-0,030885925;1;0,154273185;0,040712587;-0,228634074;1;0,513569503;0,069251245;0,283923757;1;;;;;;;;;;;;;
459;0,540340334;0,049567177;-0,099432777;1;0,174197813;0,038511744;-0,129010934;1;0,467924923;0,065519026;0,169812307;1;;;;;;;;;;;;;
460;0,595628053;0,050027241;-0,007286578;1;0,205539765;0,039047489;0,027698824;1;0,394948222;0,065641657;-0,012629445;1;;;;;;;;;;;;;
461;0,605243379;0,051764868;0,008738965;1;0,214109385;0,040072481;0,070546925;1;0,37499746;0,068727352;-0,062506349;1;;;;;;;;;;;;;
462;0,542870412;0,052330306;-0,095215981;1;0,19700464;0,040124318;-0,014976801;1;0,441713486;0,068308615;0,104283714;1;;;;;;;;;;;;;
463;0,642354934;0,051331218;0,070591557;1;0,199933065;0,03975117;-0,000334673;1;0,34505446;0,068472884;-0,137363849;1;;;;;;;;;;;;;
464;0,624273197;0,051429072;0,040455329;1;0,197181977;0,039497366;-0,014090113;1;0,320816884;0,068342896;-0,197957789;1;;;;;;;;;;;;;
465;0,548668917;0,051668873;-0,085551806;1;0,318004572;0,039919157;0,590022862;0;0,345790192;0,067496335;-0,135524519;1;;;;;;;;;;;;;
466;0,590272306;0,050785665;-0,016212823;1;0,199728903;0,038956694;-0,001355487;1;0,414356663;0,067355827;0,035891658;1;;;;;;;;;;;;;
467;0,608747848;0,05170342;0,014579746;1;0,227319686;0,039963736;0,13659843;1;0,399547197;0,067978613;-0,001132008;1;;;;;;;;;;;;;
468;0,624233711;0,051023838;0,040389518;1;0,189718754;0,039235561;-0,051406231;1;0,404232997;0,067658944;0,010582491;1;;;;;;;;;;;;;
469;0,698886717;0,052886998;0,164811196;1;0,16240458;0,040191733;-0,187977099;1;0,320291129;0,069773215;-0,199272176;1;;;;;;;;;;;;;
470;0,601116078;0,051472226;0,00186013;1;0,140818026;0,039621642;-0,295909868;1;0,408705658;0,067770484;0,021764146;1;;;;;;;;;;;;;
471;0,593148142;0,051814299;-0,011419763;1;0,259125278;0,039968014;0,295626391;1;0,331762612;0,06734645;-0,170593471;1;;;;;;;;;;;;;
472;0,581856725;0,04984147;-0,030238791;1;0,208284224;0,038260757;0,041421119;1;0,340024358;0,065604266;-0,149939105;1;;;;;;;;;;;;;
473;0,565611202;0,051798596;-0,057314663;1;0,229242601;0,039396878;0,146213004;1;0,409705323;0,068078805;0,024263307;1;;;;;;;;;;;;;
474;0,64201801;0,051628749;0,070030016;1;0,149259365;0,03974801;-0,253703173;1;0,385314828;0,067715369;-0,036712931;1;;;;;;;;;;;;;
475;0,68046674;0,051679215;0,134111233;1;0,134910691;0,0401087;-0,325446544;1;0,371842577;0,068610379;-0,070393557;1;;;;;;;;;;;;;
476;0,6564074;0,052230037;0,094012334;1;0,122732761;0,039351252;-0,386336196;0;0,325215374;0,068429589;-0,186961565;1;;;;;;;;;;;;;
477;0,566665979;0,051567741;-0,055556702;1;0,237703518;0,039370707;0,188517588;1;0,387749912;0,067197656;-0,030625219;1;;;;;;;;;;;;;
478;0,548988712;0,050155362;-0,085018814;1;0,176347195;0,038769977;-0,118264026;1;0,468516781;0,066750723;0,171291952;1;;;;;;;;;;;;;
479;0,580474805;0,05042852;-0,032541992;1;0,157888496;0,03928307;-0,210557521;1;0,355069562;0,066887131;-0,112326096;1;;;;;;;;;;;;;
480;0,563625523;0,051258112;-0,060624128;1;0,215435751;0,039701815;0,077178755;1;0,510473244;0,068203487;0,27618311;1;;;;;;;;;;;;;
481;0,575092065;0,051436109;-0,041513225;1;0,178398252;0,040366394;-0,108008739;1;0,448997318;0,069886283;0,122493294;1;;;;;;;;;;;;;
482;0,637962884;0,051829974;0,063271474;1;0,153961766;0,040206913;-0,230191172;1;0,431220578;0,069629973;0,078051446;1;;;;;;;;;;;;;
483;0,55131813;0,050222477;-0,08113645;1;0,214902078;0,039472794;0,074510391;1;0,518655814;0,066403638;0,296639536;1;;;;;;;;;;;;;
484;0,633619326;0,051604283;0,056032209;1;0,214992847;0,039318661;0,074964234;1;0,362171279;0,067632943;-0,094571802;1;;;;;;;;;;;;;
485;0,701379158;0,054525969;0,168965264;1;0,196206464;0,04165427;-0,018967679;1;0,455991039;0,071091127;0,139977598;1;;;;;;;;;;;;;
486;0,581259698;0,05029795;-0,031233836;1;0,239510364;0,03882515;0,197551821;1;0,441725436;0,066377067;0,104313591;1;;;;;;;;;;;;;
487;0,514449592;0,051739827;-0,142584013;1;0,247849528;0,039828785;0,239247638;1;0,52818829;0,068030551;0,320470724;1;;;;;;;;;;;;;
488;0,602703894;0,051070478;0,00450649;1;0,238441683;0,039487382;0,192208417;1;0,36254635;0,06704405;-0,093634126;1;;;;;;;;;;;;;
489;0,527855738;0,051635069;-0,120240437;1;0,254580904;0,039376492;0,272904518;1;0,392101874;0,067526731;-0,019745315;1;;;;;;;;;;;;;
490;0,603230931;0,052866638;0,005384885;1;0,191595962;0,040552719;-0,042020188;1;0,451613844;0,069663858;0,129034611;1;;;;;;;;;;;;;
491;0,58651898;0,050166963;-0,022468367;1;0,198327396;0,039254317;-0,008363021;1;0,399370502;0,066119459;-0,001573745;1;;;;;;;;;;;;;
492;0,510069881;0,050178991;-0,149883532;1;0,203487375;0,039421884;0,017436874;1;0,497938838;0,06655331;0,244847094;1;;;;;;;;;;;;;
493;0,6791968;0,052476467;0,131994667;1;0,155865959;0,040041129;-0,220670204;1;0,342616785;0,069766979;-0,143458037;1;;;;;;;;;;;;;
494;0,618267294;0,051101127;0,03044549;1;0,136287371;0,039318856;-0,318563146;1;0,47450103;0,068107253;0,186252575;1;;;;;;;;;;;;;
495;0,555199346;0,05087374;-0,074667757;1;0,184688861;0,039659712;-0,076555696;1;0,474171213;0,067380957;0,185428033;1;;;;;;;;;;;;;
496;0,562471446;0,051397476;-0,062547591;1;0,163268988;0,039664426;-0,183655058;1;0,507502947;0,067954472;0,268757368;1;;;;;;;;;;;;;
497;0,60129804;0,051517962;0,0021634;1;0,21241941;0,039611209;0,062097051;1;0,407608886;0,068938098;0,019022215;1;;;;;;;;;;;;;
498;0,529533129;0,050754164;-0,117444784;1;0,176370399;0,038686181;-0,118148005;1;0,469313431;0,0666535;0,173283576;1;;;;;;;;;;;;;
499;0,613575368;0,050789827;0,022625613;1;0,192975053;0,039221208;-0,035124734;1;0,385343945;0,066867685;-0,036640137;1;;;;;;;;;;;;;
500;0,501855798;0,050531546;-0,163573671;1;0,236797779;0,038948669;0,183988893;1;0,425747256;0,067651616;0,06436814;1;;;;;;;;;;;;;
501;0,525113913;0,052007365;-0,124810145;1;0,222627678;0,040165001;0,113138389;1;0,557517413;0,068829866;0,393793533;0;;;;;;;;;;;;;
502;0,698567106;0,050577395;0,16427851;1;0,141146033;0,039065268;-0,294269836;1;0,292196947;0,06791994;-0,269507633;1;;;;;;;;;;;;;
503;0,608936862;0,050053621;0,014894771;1;0,195656199;0,038241752;-0,021719003;1;0,234962145;0,065775765;-0,412594637;0;;;;;;;;;;;;;
504;0,620700135;0,051043676;0,034500225;1;0,239319781;0,039524029;0,196598907;1;0,339263078;0,067329345;-0,151842304;1;;;;;;;;;;;;;
505;0,512211967;0,050644643;-0,146313388;1;0,238269856;0,0391891;0,191349282;1;0,460372226;0,066984372;0,150930565;1;;;;;;;;;;;;;
506;0,669337468;0,05152417;0,115562447;1;0,165778339;0,039782294;-0,171108305;1;0,336482595;0,068900507;-0,158793512;1;;;;;;;;;;;;;
507;0,579626855;0,051525762;-0,033955242;1;0,281962768;0,039813911;0,40981384;0;0,370204195;0,066613573;-0,074489514;1;;;;;;;;;;;;;
508;0,645636953;0,05144425;0,076061588;1;0,20416939;0,03944691;0,020846948;1;0,33371274;0,066275946;-0,16571815;1;;;;;;;;;;;;;
509;0,682226418;0,050282021;0,137044029;1;0,152515826;0,039398617;-0,237420872;1;0,33255482;0,067163671;-0,168612951;1;;;;;;;;;;;;;
510;0,626575048;0,052582875;0,044291747;1;0,251065442;0,040150753;0,255327209;1;0,390851091;0,070200176;-0,022872272;1;;;;;;;;;;;;;
511;0,604960826;0,051595778;0,008268044;1;0,154603935;0,039205188;-0,226980323;1;0,381701026;0,068317679;-0,045747434;1;;;;;;;;;;;;;
512;0,626419531;0,05291967;0,044032551;1;0,229472378;0,040599419;0,14736189;1;0,332966171;0,069669563;-0,167584571;1;;;;;;;;;;;;;
513;0,670199844;0,05218243;0,116999741;1;0,235025201;0,040153495;0,175126005;1;0,337923002;0,069477484;-0,155192495;1;;;;;;;;;;;;;
514;0,629076933;0,050391238;0,048461555;1;0,124502465;0,039070297;-0,377487676;1;0,349379532;0,066592204;-0,126551171;1;;;;;;;;;;;;;
515;0,515045218;0,05114966;-0,141591304;1;0,156179186;0,039039275;-0,219104072;1;0,470345267;0,066246574;0,175863168;1;;;;;;;;;;;;;
516;0,52147492;0,050138323;-0,130875134;1;0,198757963;0,039243111;-0,006210186;1;0,48620748;0,066290769;0,215518699;1;;;;;;;;;;;;;
517;0,527610111;0,051383667;-0,120649814;1;0,169578416;0,040054939;-0,152107919;1;0,521407283;0,067995557;0,303518209;1;;;;;;;;;;;;;
518;0,538344644;0,050884491;-0,102758927;1;0,25162219;0,039608655;0,258110949;1;0,483727036;0,067100968;0,20931759;1;;;;;;;;;;;;;
519;0,629479938;0,050267399;0,049133231;1;0,262022618;0,039226489;0,31011309;1;0,281413031;0,066484766;-0,296467423;1;;;;;;;;;;;;;
520;0,627457399;0,05061297;0,045762331;1;0,226543048;0,039271335;0,13271524;1;0,389077064;0,06721438;-0,027307339;1;;;;;;;;;;;;;
521;0,50520285;0,049730909;-0,157995251;1;0,278056501;0,038530184;0,390282504;0;0,418112287;0,065467557;0,045280716;1;;;;;;;;;;;;;
522;0,590816037;0,051415466;-0,015306604;1;0,27691028;0,040321487;0,384551402;1;0,461039564;0,068721857;0,152598909;1;;;;;;;;;;;;;
523;0,550010706;0,051540109;-0,083315491;1;0,1908047;0,039357242;-0,045976501;1;0,496546223;0,067486289;0,241365557;1;;;;;;;;;;;;;
524;0,586557632;0,05064696;-0,022403947;1;0,187736487;0,039637734;-0,061317566;1;0,412996878;0,067846778;0,032492195;1;;;;;;;;;;;;;
525;0,632785737;0,051222931;0,054642896;1;0,204589187;0,039695601;0,022945935;1;0,354033618;0,068024841;-0,114915956;1;;;;;;;;;;;;;
526;0,570253148;0,049904156;-0,049578087;1;0,131527889;0,039036274;-0,342360556;1;0,554635944;0,066266978;0,386589859;0;;;;;;;;;;;;;
527;0,62650216;0,052092522;0,044170266;1;0,21068053;0,040308853;0,053402649;1;0,365721113;0,067888905;-0,085697216;1;;;;;;;;;;;;;
528;0,608864642;0,049847895;0,014774403;1;0,172840087;0,038937116;-0,135799563;1;0,391980274;0,065960351;-0,020049315;1;;;;;;;;;;;;;
529;0,647434352;0,051073054;0,079057254;1;0,208180933;0,039427332;0,040904667;1;0,351660819;0,066585987;-0,120847951;1;;;;;;;;;;;;;
530;0,610477927;0,050938823;0,017463212;1;0,204213721;0,039093205;0,021068607;1;0,370511285;0,067270329;-0,073721787;1;;;;;;;;;;;;;
531;0,583344326;0,051118678;-0,027759457;1;0,237268089;0,039970029;0,186340447;1;0,424944333;0,067830568;0,062360832;1;;;;;;;;;;;;;
532;0,604770777;0,050622229;0,007951296;1;0,184050462;0,039637212;-0,079747689;1;0,416890674;0,067608238;0,042226684;1;;;;;;;;;;;;;
533;0,593735691;0,051630916;-0,010440515;1;0,248840629;0,040296121;0,244203143;1;0,356885603;0,068174591;-0,107785993;1;;;;;;;;;;;;;
534;0,589729157;0,050445758;-0,017118072;1;0,20779409;0,03876837;0,03897045;1;0,292778467;0,06728626;-0,268053832;1;;;;;;;;;;;;;
535;0,577573641;0,051586802;-0,037377265;1;0,207551364;0,04021229;0,037756822;1;0,534345509;0,067381944;0,335863772;0;;;;;;;;;;;;;
536;0,667828564;0,051984117;0,113047607;1;0,213918977;0,04005723;0,069594884;1;0,336309475;0,067936169;-0,159226312;1;;;;;;;;;;;;;
537;0,644741924;0,051895511;0,074569873;1;0,222555553;0,04013888;0,112777765;1;0,357654395;0,068680998;-0,105864012;1;;;;;;;;;;;;;
538;0,644262113;0,051469709;0,073770189;1;0,178242586;0,039870615;-0,108787071;1;0,35914078;0,067518379;-0,102148051;1;;;;;;;;;;;;;
539;0,625762911;0,052526345;0,042938185;1;0,220470639;0,040470507;0,102353195;1;0,432779387;0,069250163;0,081948468;1;;;;;;;;;;;;;
540;0,543237958;0,051619887;-0,094603403;1;0,170325968;0,039279517;-0,148370161;1;0,4759775;0,067994475;0,189943751;1;;;;;;;;;;;;;
541;0,487839251;0,049886397;-0,186934581;0;0,260101635;0,038241742;0,300508173;1;0,409264579;0,065554116;0,023161447;1;;;;;;;;;;;;;
542;0,622126602;0,05100198;0,03687767;1;0,144281684;0,038999182;-0,27859158;1;0,376369707;0,066828109;-0,059075733;1;;;;;;;;;;;;;
543;0,533754057;0,052064175;-0,110409905;1;0,189941717;0,039831289;-0,050291413;1;0,503737028;0,068222747;0,259342569;1;;;;;;;;;;;;;
544;0,543062337;0,051031555;-0,094896105;1;0,148287195;0,039213819;-0,258564025;1;0,47596415;0,067694195;0,189910376;1;;;;;;;;;;;;;
545;0,578923185;0,050938793;-0,035128026;1;0,274720631;0,039723624;0,373603153;1;0,391035101;0,067746098;-0,022412246;1;;;;;;;;;;;;;
546;0,652965113;0,051602551;0,088275188;1;0,21656164;0,040155585;0,082808198;1;0,334424342;0,067496735;-0,163939146;1;;;;;;;;;;;;;
547;0,630831578;0,050642513;0,051385963;1;0,235148969;0,038798822;0,175744846;1;0,271138657;0,067405426;-0,322153358;1;;;;;;;;;;;;;
548;0,616864549;0,050904406;0,028107582;1;0,186044177;0,039281141;-0,069779115;1;0,359231736;0,068428427;-0,101920661;1;;;;;;;;;;;;;
549;0,634340304;0,051794285;0,057233841;1;0,21529941;0,040286143;0,076497049;1;0,371211771;0,068529023;-0,071970573;1;;;;;;;;;;;;;
550;0,588390389;0,050900413;-0,019349352;1;0,221943919;0,040208224;0,109719597;1;0,432790182;0,067844857;0,081975456;1;;;;;;;;;;;;;
551;0,510897959;0,050125845;-0,148503401;1;0,203904221;0,038930506;0,019521106;1;0,479794356;0,065169856;0,19948589;1;;;;;;;;;;;;;
552;0,592056288;0,051342667;-0,01323952;1;0,23332032;0,039563843;0,166601598;1;0,388358179;0,067650936;-0,029104553;1;;;;;;;;;;;;;
553;0,595511968;0,050640292;-0,007480053;1;0,20193896;0,039554643;0,009694798;1;0,424671483;0,066890061;0,061678707;1;;;;;;;;;;;;;
554;0,654399882;0,05249537;0,090666471;1;0,190889575;0,040380195;-0,045552126;1;0,346650214;0,068858744;-0,133374465;1;;;;;;;;;;;;;
555;0,623051623;0,050590044;0,038419372;1;0,164252005;0,039952984;-0,178739975;1;0,394952684;0,0677174;-0,01261829;1;;;;;;;;;;;;;
556;0,649489296;0,05236243;0,08248216;1;0,234320337;0,039992203;0,171601683;1;0,326336125;0,068216288;-0,184159688;1;;;;;;;;;;;;;
557;0,675407575;0,050158946;0,125679292;1;0,22275662;0,03864534;0,113783099;1;0,319210646;0,065234091;-0,201973384;1;;;;;;;;;;;;;
558;0,673470318;0,051888115;0,12245053;1;0,21822901;0,040063662;0,091145051;1;0,329510485;0,068791616;-0,176223788;1;;;;;;;;;;;;;
559;0,62878482;0,052275906;0,0479747;1;0,244175947;0,040073404;0,220879733;1;0,37255714;0,068213886;-0,068607151;1;;;;;;;;;;;;;
560;0,672306011;0,051633682;0,120510018;1;0,179348575;0,039862905;-0,103257123;1;0,281307857;0,067424605;-0,296730358;1;;;;;;;;;;;;;
561;0,619253197;0,052740979;0,032088661;1;0,227160751;0,040816949;0,135803753;1;0,400743962;0,069542344;0,001859905;1;;;;;;;;;;;;;
562;0,570414616;0,050310351;-0,049308973;1;0,147039598;0,039354564;-0,264802008;1;0,441158552;0,067032686;0,102896379;1;;;;;;;;;;;;;
563;0,632841428;0,049818347;0,054735713;1;0,221688414;0,038939009;0,108442068;1;0,321264234;0,066052996;-0,196839416;1;;;;;;;;;;;;;
564;0,594036256;0,051074384;-0,009939574;1;0,161924759;0,03893837;-0,190376203;1;0,420721324;0,067039425;0,05180331;1;;;;;;;;;;;;;
565;0,601727395;0,051258577;0,002878991;1;0,178251975;0,040072091;-0,108740126;1;0,414965308;0,068118766;0,03741327;1;;;;;;;;;;;;;
566;0,527152701;0,048807758;-0,121412165;1;0,235255986;0,037857831;0,176279931;1;0,410578649;0,063810952;0,026446622;1;;;;;;;;;;;;;
567;0,617418189;0,051738038;0,029030315;1;0,209662603;0,03969064;0,048313015;1;0,407172263;0,068269594;0,017930657;1;;;;;;;;;;;;;
568;0,658230135;0,052007987;0,097050224;1;0,156189758;0,040076769;-0,219051212;1;0,399861834;0,068545397;-0,000345415;1;;;;;;;;;;;;;
569;0,49975974;0,050766123;-0,167067099;0;0,217454077;0,038530834;0,087270384;1;0,494130588;0,066139487;0,235326471;1;;;;;;;;;;;;;
570;0,530642375;0,050335268;-0,115596042;1;0,219495838;0,039441302;0,09747919;1;0,522158322;0,067002763;0,305395805;1;;;;;;;;;;;;;
571;0,591699816;0,049893012;-0,01383364;1;0,106491461;0,038458003;-0,467542695;0;0,40590574;0,065895006;0,014764349;1;;;;;;;;;;;;;
572;0,566090746;0,048798437;-0,056515423;1;0,166345841;0,038089862;-0,168270793;1;0,410627821;0,064606299;0,026569551;1;;;;;;;;;;;;;
573;0,589566608;0,050930536;-0,017388986;1;0,290600502;0,039563901;0,45300251;0;0,30870346;0,066874685;-0,22824135;1;;;;;;;;;;;;;
574;0,592897838;0,051268911;-0,011836937;1;0,194259115;0,040173193;-0,028704426;1;0,41375952;0,067580062;0,0343988;1;;;;;;;;;;;;;
575;0,658649753;0,052195698;0,097749588;1;0,157913085;0,040097821;-0,210434576;1;0,397975912;0,070114599;-0,00506022;1;;;;;;;;;;;;;
576;0,634357315;0,050863817;0,057262191;1;0,207728251;0,039364828;0,038641257;1;0,346327206;0,06633132;-0,134181984;1;;;;;;;;;;;;;
577;0,691890387;0,051812634;0,153150645;1;0,198864678;0,039711042;-0,005676612;1;0,286266545;0,068374605;-0,284333638;1;;;;;;;;;;;;;
578;0,616142111;0,050651375;0,026903518;1;0,180122178;0,039553709;-0,099389108;1;0,405925241;0,06706351;0,014813102;1;;;;;;;;;;;;;
579;0,641491287;0,050892215;0,069152145;1;0,218012427;0,039522478;0,090062137;1;0,280089177;0,067393771;-0,299777056;1;;;;;;;;;;;;;
580;0,619469063;0,051116729;0,032448438;1;0,200523843;0,039739791;0,002619213;1;0,373179608;0,068410882;-0,06705098;1;;;;;;;;;;;;;
581;0,534448227;0,052651728;-0,109252955;1;0,22054188;0,040120975;0,102709401;1;0,467342189;0,069227461;0,168355472;1;;;;;;;;;;;;;
582;0,506708519;0,051608866;-0,155485802;1;0,269560991;0,039762127;0,347804954;1;0,523121;0,067949375;0,3078025;1;;;;;;;;;;;;;
583;0,572013848;0,051495295;-0,046643586;1;0,254957158;0,039591689;0,274785791;1;0,353503777;0,068020581;-0,116240558;1;;;;;;;;;;;;;
584;0,586722018;0,051314743;-0,02212997;1;0,195005454;0,03997143;-0,024972732;1;0,483687609;0,068270275;0,209219023;1;;;;;;;;;;;;;
585;0,694858803;0,052691379;0,158098005;1;0,119102986;0,040119594;-0,404485068;0;0,275118697;0,067871167;-0,312203258;1;;;;;;;;;;;;;
586;0,591476492;0,051958944;-0,014205847;1;0,203630903;0,040515454;0,018154514;1;0,461299328;0,068754485;0,153248319;1;;;;;;;;;;;;;
587;0,673217594;0,050522991;0,122029323;1;0,194657055;0,03939912;-0,026714723;1;0,315892599;0,067317811;-0,210268503;1;;;;;;;;;;;;;
588;0,605783636;0,049328638;0,009639393;1;0,195021582;0,038287003;-0,024892089;1;0,341231508;0,065365562;-0,146921229;1;;;;;;;;;;;;;
589;0,558843574;0,051077158;-0,068594043;1;0,224319873;0,039804992;0,121599364;1;0,42008592;0,067288997;0,0502148;1;;;;;;;;;;;;;
590;0,559160516;0,050751436;-0,068065806;1;0,246318347;0,039533311;0,231591735;1;0,442389197;0,066552919;0,105972991;1;;;;;;;;;;;;;
591;0,619138454;0,051984979;0,031897424;1;0,241510923;0,039744094;0,207554617;1;0,388282799;0,068792708;-0,029293002;1;;;;;;;;;;;;;
592;0,540136342;0,050595908;-0,099772764;1;0,192203793;0,038891657;-0,038981033;1;0,512214721;0,065813308;0,280536804;1;;;;;;;;;;;;;
593;0,676864709;0,052711285;0,128107849;1;0,165017466;0,04061718;-0,174912672;1;0,385715966;0,069503924;-0,035710084;1;;;;;;;;;;;;;
594;0,615755863;0,050631062;0,026259772;1;0,252940079;0,039231661;0,264700397;1;0,279159307;0,066804761;-0,302101732;1;;;;;;;;;;;;;
595;0,578797176;0,050021023;-0,03533804;1;0,154704171;0,038491159;-0,226479147;1;0,394656824;0,066481599;-0,01335794;1;;;;;;;;;;;;;
596;0,626218426;0,0528009;0,043697376;1;0,302669326;0,040282819;0,513346628;0;0,315935628;0,068875102;-0,21016093;1;;;;;;;;;;;;;
597;0,588625981;0,051705302;-0,018956698;1;0,178864344;0,040033695;-0,105678281;1;0,45327371;0,06879345;0,133184275;1;;;;;;;;;;;;;
598;0,65095912;0,05046965;0,084931867;1;0,214842713;0,039040308;0,074213566;1;0,304400265;0,066515876;-0,238999337;1;;;;;;;;;;;;;
599;0,539643106;0,050581661;-0,100594824;1;0,283815277;0,039243093;0,419076385;0;0,358964076;0,067177067;-0,10258981;1;;;;;;;;;;;;;
600;0,721256951;0,052457251;0,202094918;0;0,168229802;0,040178679;-0,158850992;1;0,288859623;0,069081575;-0,277850943;1;;;;;;;;;;;;;
601;0,544552122;0,050950833;-0,09241313;1;0,234927953;0,039178336;0,174639766;1;0,367790181;0,066533696;-0,080524548;1;;;;;;;;;;;;;
602;0,549329421;0,051172705;-0,084450965;1;0,281554058;0,040152707;0,407770292;0;0,460031338;0,067704672;0,150078345;1;;;;;;;;;;;;;
603;0,635605277;0,050291267;0,059342128;1;0,208180696;0,039393259;0,040903481;1;0,388269001;0,067532263;-0,029327496;1;;;;;;;;;;;;;
604;0,715271493;0,051798812;0,192119155;0;0,16992677;0,040819028;-0,150366152;1;0,319473391;0,068727391;-0,201316522;1;;;;;;;;;;;;;
605;0,646553328;0,050909905;0,077588879;1;0,21619417;0,039432272;0,080970852;1;0,30512572;0,067549059;-0,237185701;1;;;;;;;;;;;;;
606;0,541762084;0,051617863;-0,097063193;1;0,242689345;0,040165027;0,213446725;1;0,490770899;0,068789707;0,226927247;1;;;;;;;;;;;;;
607;0,616908974;0,050716755;0,028181623;1;0,167266605;0,039107029;-0,163666974;1;0,392587552;0,066643678;-0,01853112;1;;;;;;;;;;;;;
608;0,604969736;0,050312882;0,008282894;1;0,191115513;0,038968546;-0,044422436;1;0,385301311;0,067371811;-0,036746722;1;;;;;;;;;;;;;
609;0,606246084;0,05199493;0,010410141;1;0,244144121;0,040222503;0,220720603;1;0,338148718;0,069250214;-0,154628204;1;;;;;;;;;;;;;
610;0,641221172;0,052141346;0,068701954;1;0,267571997;0,039918861;0,337859983;1;0,314094733;0,069616823;-0,214763166;1;;;;;;;;;;;;;
611;0,576786258;0,051877655;-0,03868957;1;0,186216208;0,039656584;-0,06891896;1;0,45869827;0,068958144;0,146745674;1;;;;;;;;;;;;;
612;0,661130678;0,052505793;0,101884464;1;0,215731512;0,041124763;0,078657562;1;0,407981654;0,070440976;0,019954134;1;;;;;;;;;;;;;
613;0,625162813;0,050521253;0,041938022;1;0,119357915;0,039237697;-0,403210424;0;0,409553056;0,068022488;0,023882641;1;;;;;;;;;;;;;
614;0,624553541;0,052464917;0,040922569;1;0,223603971;0,040229486;0,118019857;1;0,319297808;0,07000114;-0,201755481;1;;;;;;;;;;;;;
615;0,550450726;0,050191934;-0,082582124;1;0,209664452;0,039566491;0,04832226;1;0,481949571;0,066704478;0,204873926;1;;;;;;;;;;;;;
616;0,68484625;0,05134319;0,141410417;1;0,177132161;0,039575922;-0,114339194;1;0,357912789;0,068236707;-0,105218029;1;;;;;;;;;;;;;
617;0,530103091;0,050259505;-0,116494848;1;0,209729262;0,039169518;0,048646311;1;0,45993478;0,067444718;0,14983695;1;;;;;;;;;;;;;
618;0,615465304;0,052531075;0,025775506;1;0,210700713;0,040353334;0,053503564;1;0,427571503;0,070142576;0,068928758;1;;;;;;;;;;;;;
619;0,600432814;0,050713558;0,000721357;1;0,175825377;0,038854678;-0,120873113;1;0,332542933;0,066820482;-0,168642667;1;;;;;;;;;;;;;
620;0,53617497;0,052446878;-0,106375051;1;0,269658192;0,040298847;0,348290961;1;0,496820678;0,069102021;0,242051694;1;;;;;;;;;;;;;
621;0,564672127;0,051437078;-0,058879789;1;0,28279088;0,040031361;0,413954402;0;0,511449378;0,067821015;0,278623446;1;;;;;;;;;;;;;
622;0,604529408;0,051864013;0,007549014;1;0,18216448;0,0397662;-0,089177601;1;0,487367905;0,069130654;0,218419761;1;;;;;;;;;;;;;
623;0,568454846;0,049926344;-0,052575257;1;0,202366853;0,039127834;0,011834263;1;0,432005333;0,066184641;0,080013333;1;;;;;;;;;;;;;
624;0,597016894;0,050186501;-0,004971843;1;0,204948342;0,03908302;0,024741709;1;0,348455045;0,066333615;-0,128862389;1;;;;;;;;;;;;;
625;0,580840359;0,050982371;-0,031932734;1;0,174098835;0,039240479;-0,129505825;1;0,405378877;0,06804591;0,013447192;1;;;;;;;;;;;;;
626;0,590957808;0,050658958;-0,015070319;1;0,255608205;0,039278372;0,278041027;1;0,402995979;0,066682645;0,007489947;1;;;;;;;;;;;;;
627;0,639824278;0,055453884;0,066373797;1;0,143823461;0,042304794;-0,280882695;1;0,546157797;0,072786946;0,365394494;0;;;;;;;;;;;;;
628;0,54381973;0,050478166;-0,093633783;1;0,313309914;0,039369678;0,566549571;0;0,412761747;0,067273298;0,031904368;1;;;;;;;;;;;;;
629;0,55263659;0,050210392;-0,078939016;1;0,249136491;0,038337994;0,245682456;1;0,389454147;0,065902804;-0,026364634;1;;;;;;;;;;;;;
630;0,553599851;0,049779731;-0,077333582;1;0,229686737;0,03868541;0,148433686;1;0,470469014;0,067047521;0,176172536;1;;;;;;;;;;;;;
631;0,575983606;0,050233528;-0,040027323;1;0,158854263;0,03868163;-0,205728686;1;0,358314517;0,066277996;-0,104213709;1;;;;;;;;;;;;;
632;0,512659596;0,050626899;-0,145567341;1;0,262231364;0,039313502;0,311156818;1;0,438134022;0,066718574;0,095335056;1;;;;;;;;;;;;;
633;0,609971149;0,051602438;0,016618582;1;0,123204283;0,039871992;-0,383978587;1;0,469178699;0,068357573;0,172946748;1;;;;;;;;;;;;;
634;0,683685053;0,051062752;0,139475088;1;0,151006165;0,039590639;-0,244969176;1;0,297784121;0,067517934;-0,255539698;1;;;;;;;;;;;;;
635;0,44658965;0,049563461;-0,255683917;0;0,247607208;0,038438913;0,238036039;1;0,544468835;0,06620287;0,361172086;0;;;;;;;;;;;;;
636;0,64131063;0,051672769;0,06885105;1;0,166603724;0,039968971;-0,166981379;1;0,337160603;0,06815515;-0,157098492;1;;;;;;;;;;;;;
637;0,564219475;0,050581265;-0,059634208;1;0,162546482;0,039585468;-0,187267589;1;0,45817138;0,066559953;0,145428451;1;;;;;;;;;;;;;
638;0,593723764;0,051087713;-0,010460393;1;0,172384315;0,038844555;-0,138078424;1;0,458872015;0,067773881;0,147180039;1;;;;;;;;;;;;;
639;0,551482488;0,05214256;-0,080862519;1;0,225973777;0,041046612;0,129868887;1;0,521163485;0,069344244;0,302908712;1;;;;;;;;;;;;;
640;0,651736457;0,051619688;0,086227428;1;0,196632603;0,040096584;-0,016836987;1;0,386900369;0,067701993;-0,032749078;1;;;;;;;;;;;;;
641;0,629937574;0,052104511;0,049895957;1;0,179131785;0,040279131;-0,104341073;1;0,416424663;0,069116117;0,041061657;1;;;;;;;;;;;;;
642;0,628988527;0,051614223;0,048314211;1;0,236230361;0,04068439;0,181151803;1;0,349329165;0,068325365;-0,126677086;1;;;;;;;;;;;;;
643;0,618420226;0,05156774;0,030700377;1;0,20658182;0,039349065;0,0329091;1;0,398530058;0,067089651;-0,003674855;1;;;;;;;;;;;;;
644;0,558387015;0,04913927;-0,069354975;1;0,200898191;0,038365867;0,004490957;1;0,358344142;0,065208061;-0,104139645;1;;;;;;;;;;;;;
645;0,615485139;0,050259224;0,025808564;1;0,191842231;0,039067161;-0,040788846;1;0,359537414;0,066954701;-0,101156464;1;;;;;;;;;;;;;
646;0,619364433;0,049457996;0,032274056;1;0,164257659;0,038674078;-0,178711704;1;0,304015473;0,065485216;-0,239961318;1;;;;;;;;;;;;;
647;0,598433605;0,050823015;-0,002610659;1;0,199143727;0,039233095;-0,004281366;1;0,402244978;0,067094308;0,005612445;1;;;;;;;;;;;;;
648;0,605817524;0,050784363;0,009695873;1;0,184824857;0,039294404;-0,075875713;1;0,470423387;0,067490155;0,176058469;1;;;;;;;;;;;;;
649;0,621869453;0,052924439;0,036449088;1;0,182813704;0,040735705;-0,08593148;1;0,458097536;0,069650263;0,145243841;1;;;;;;;;;;;;;
650;0,563351714;0,051348351;-0,061080477;1;0,220453466;0,04020806;0,102267332;1;0,488320813;0,067977203;0,220802031;1;;;;;;;;;;;;;
651;0,704259946;0,052635055;0,173766577;0;0,199066137;0,040308047;-0,004669315;1;0,343823458;0,069781718;-0,140441356;1;;;;;;;;;;;;;
652;0,572372276;0,051164063;-0,046046207;1;0,191726048;0,039609001;-0,041369758;1;0,474450451;0,067573779;0,186126128;1;;;;;;;;;;;;;
653;0,602397824;0,051346534;0,003996374;1;0,251381278;0,040093941;0,256906389;1;0,418537887;0,067216598;0,046344718;1;;;;;;;;;;;;;
654;0,599048151;0,051223845;-0,001586416;1;0,244877622;0,039361062;0,224388108;1;0,354986982;0,067410293;-0,112532546;1;;;;;;;;;;;;;
655;0,512042935;0,049704677;-0,146595108;1;0,191429758;0,038574169;-0,042851209;1;0,488062698;0,065692979;0,220156746;1;;;;;;;;;;;;;
656;0,645328836;0,051334231;0,07554806;1;0,205360833;0,039556494;0,026804165;1;0,405411133;0,068572308;0,013527832;1;;;;;;;;;;;;;
657;0,633694172;0,050542638;0,056156954;1;0,218597758;0,03887892;0,092988788;1;0,322375376;0,067216796;-0,194061559;1;;;;;;;;;;;;;
658;0,624521574;0,052276665;0,04086929;1;0,183922885;0,040402684;-0,080385577;1;0,412500472;0,069655177;0,031251181;1;;;;;;;;;;;;;
659;0,628753691;0,050583785;0,047922819;1;0,160107725;0,038122879;-0,199461376;1;0,337532925;0,067231506;-0,156167688;1;;;;;;;;;;;;;
660;0,667580057;0,053714835;0,112633428;1;0,155740461;0,04141798;-0,221297697;1;0,419108893;0,070619159;0,047772232;1;;;;;;;;;;;;;
661;0,509922462;0,050601818;-0,15012923;1;0,194259216;0,039484089;-0,028703921;1;0,476016558;0,066424632;0,190041394;1;;;;;;;;;;;;;
662;0,589344678;0,051021972;-0,017758869;1;0,271837177;0,039554262;0,359185884;1;0,391242967;0,067124466;-0,021892583;1;;;;;;;;;;;;;
663;0,634609607;0,051659753;0,057682678;1;0,195195655;0,039842345;-0,024021723;1;0,410808072;0,06963044;0,027020179;1;;;;;;;;;;;;;
664;0,618404814;0,0515047;0,030674691;1;0,202188349;0,03915552;0,010941747;1;0,319604572;0,068250233;-0,200988569;1;;;;;;;;;;;;;
665;0,649056495;0,050917393;0,081760825;1;0,210069696;0,039651283;0,050348481;1;0,285683477;0,068236571;-0,285791308;1;;;;;;;;;;;;;
666;0,611188668;0,050973894;0,01864778;1;0,227276615;0,040129041;0,136383076;1;0,373027141;0,067459384;-0,067432148;1;;;;;;;;;;;;;
667;0,608162583;0,051283496;0,013604305;1;0,275875027;0,0399624;0,379375134;1;0,314321405;0,067174204;-0,214196488;1;;;;;;;;;;;;;
668;0,551892017;0,049726952;-0,080179972;1;0,204054717;0,038403345;0,020273583;1;0,440040714;0,065338165;0,100101785;1;;;;;;;;;;;;;
669;0,751181502;0,051978163;0,25196917;0;0,119055147;0,039845545;-0,404724264;0;0,312778217;0,068257434;-0,218054458;1;;;;;;;;;;;;;
670;0,647237683;0,051070885;0,078729472;1;0,18699827;0,039179124;-0,065008649;1;0,300560886;0,066558304;-0,248597784;1;;;;;;;;;;;;;
671;0,621412198;0,04959622;0,035686997;1;0,211083126;0,039122912;0,055415629;1;0,382658613;0,066695018;-0,043353467;1;;;;;;;;;;;;;
672;0,689307716;0,051834677;0,148846193;1;0,115664904;0,040042667;-0,42167548;0;0,354672755;0,068710319;-0,113318112;1;;;;;;;;;;;;;
673;0,558246808;0,051787015;-0,069588653;1;0,20842154;0,040066995;0,042107702;1;0,526019065;0,069807864;0,315047662;1;;;;;;;;;;;;;
674;0,536112831;0,050805184;-0,106478615;1;0,175826481;0,038767628;-0,120867593;1;0,426264903;0,067456744;0,065662258;1;;;;;;;;;;;;;
675;0,685117262;0,052248686;0,141862103;1;0,188150192;0,040856014;-0,05924904;1;0,372476331;0,070302778;-0,068809172;1;;;;;;;;;;;;;
676;0,644557954;0,050971245;0,074263257;1;0,158384173;0,039735901;-0,208079135;1;0,309311507;0,067936028;-0,226721233;1;;;;;;;;;;;;;
677;0,620728411;0,052133544;0,034547352;1;0,219653532;0,04036837;0,098267662;1;0,502924239;0,06986804;0,257310597;1;;;;;;;;;;;;;
678;0,62650812;0,050049636;0,044180201;1;0,194252794;0,038824527;-0,028736028;1;0,322982452;0,066095592;-0,19254387;1;;;;;;;;;;;;;
679;0,611515666;0,05136504;0,019192777;1;0,188714734;0,039805279;-0,056426331;1;0,43143503;0,068848104;0,078587575;1;;;;;;;;;;;;;
680;0,630583309;0,052167311;0,050972182;1;0,133322223;0,040122316;-0,333388885;1;0,497305459;0,069044596;0,243263648;1;;;;;;;;;;;;;
681;0,626508413;0,050727823;0,044180689;1;0,237875159;0,039685865;0,189375795;1;0,231504645;0,066920416;-0,421238388;0;;;;;;;;;;;;;
682;0,520156199;0,051167901;-0,133073001;1;0,272601464;0,039605551;0,363007321;1;0,523044457;0,067171498;0,307611144;1;;;;;;;;;;;;;
683;0,543756995;0,051205687;-0,093738342;1;0,257188958;0,039858931;0,28594479;1;0,428064889;0,067356997;0,070162224;1;;;;;;;;;;;;;
684;0,587622059;0,050474853;-0,020629901;1;0,21904774;0,038986355;0,095238702;1;0,408290147;0,067160875;0,020725366;1;;;;;;;;;;;;;
685;0,63336319;0,052684594;0,055605316;1;0,297194957;0,040746159;0,485974787;0;0,38003045;0,069643951;-0,049923875;1;;;;;;;;;;;;;
686;0,666775415;0,050432491;0,111292358;1;0,162903946;0,03904079;-0,185480272;1;0,360626751;0,066868045;-0,098433123;1;;;;;;;;;;;;;
687;0,665480801;0,05122908;0,109134669;1;0,228593015;0,038983175;0,142965074;1;0,228068133;0,067435689;-0,429829667;0;;;;;;;;;;;;;
688;0,614120608;0,051302016;0,023534346;1;0,178205255;0,04025108;-0,108973726;1;0,419923867;0,068430254;0,049809667;1;;;;;;;;;;;;;
689;0,637812323;0,051064638;0,063020539;1;0,221228316;0,039190185;0,106141581;1;0,325398106;0,067924477;-0,186504735;1;;;;;;;;;;;;;
690;0,551550274;0,05124314;-0,080749544;1;0,231335244;0,039815915;0,156676219;1;0,448515803;0,068223827;0,121289507;1;;;;;;;;;;;;;
691;0,596153098;0,050177434;-0,006411503;1;0,152873485;0,039195189;-0,235632575;1;0,43763025;0,066895562;0,094075626;1;;;;;;;;;;;;;
692;0,685756531;0,050544174;0,142927551;1;0,175711061;0,038978843;-0,121444696;1;0,267477432;0,065781351;-0,331306419;0;;;;;;;;;;;;;
693;0,596339389;0,049028183;-0,006101018;1;0,127990349;0,038254118;-0,360048253;1;0,404756596;0,065653774;0,01189149;1;;;;;;;;;;;;;
694;0,598389431;0,050489136;-0,002684282;1;0,26720172;0,039464252;0,3360086;1;0,374605228;0,066080952;-0,06348693;1;;;;;;;;;;;;;
695;0,595088269;0,050547964;-0,008186219;1;0,269735948;0,039131772;0,34867974;1;0,394511369;0,066242077;-0,013721578;1;;;;;;;;;;;;;
696;0,590488029;0,050312658;-0,015853285;1;0,215362871;0,039270074;0,076814356;1;0,398141902;0,066722468;-0,004645245;1;;;;;;;;;;;;;
697;0,640015077;0,050827033;0,066691795;1;0,130780512;0,03896347;-0,346097438;1;0,319580281;0,067482558;-0,201049298;1;;;;;;;;;;;;;
698;0,590132214;0,051855908;-0,016446309;1;0,191764181;0,039851074;-0,041179095;1;0,420597033;0,067946986;0,051492583;1;;;;;;;;;;;;;
699;0,598238329;0,051720292;-0,002936119;1;0,183297397;0,039617695;-0,083513017;1;0,400266969;0,067967059;0,000667423;1;;;;;;;;;;;;;
700;0,615276529;0,051174999;0,025460882;1;0,141970368;0,039307063;-0,290148159;1;0,279541363;0,066741917;-0,301146593;1;;;;;;;;;;;;;
701;0,639051414;0,053739556;0,065085689;1;0,217310932;0,041142439;0,086554661;1;0,486281437;0,070843365;0,215703592;1;;;;;;;;;;;;;
702;0,632245853;0,051021177;0,053743089;1;0,199686842;0,040062692;-0,001565791;1;0,382382371;0,068255287;-0,044044072;1;;;;;;;;;;;;;
703;0,583250139;0,050558636;-0,027916434;1;0,203875041;0,039240013;0,019375206;1;0,489250956;0,0673143;0,223127389;1;;;;;;;;;;;;;
704;0,586998362;0,051187013;-0,021669396;1;0,244072226;0,039615221;0,220361129;1;0,396904444;0,066472807;-0,007738891;1;;;;;;;;;;;;;
705;0,541527775;0,051108287;-0,097453709;1;0,202780554;0,039622141;0,013902772;1;0,483822738;0,067830318;0,209556844;1;;;;;;;;;;;;;
706;0,667526124;0,053628113;0,11254354;1;0,152217195;0,041216123;-0,238914024;1;0,386654674;0,070860469;-0,033363316;1;;;;;;;;;;;;;
707;0,583032951;0,050191631;-0,028278415;1;0,158578922;0,038977609;-0,20710539;1;0,39234147;0,066707322;-0,019146325;1;;;;;;;;;;;;;
708;0,581548335;0,050209629;-0,030752774;1;0,206708099;0,038525688;0,033540495;1;0,338111128;0,066132863;-0,15472218;1;;;;;;;;;;;;;
709;0,642040294;0,052141327;0,070067157;1;0,140530046;0,040000385;-0,297349771;1;0,472956256;0,068790706;0,182390639;1;;;;;;;;;;;;;
710;0,616098398;0,050413268;0,026830664;1;0,172258313;0,039046041;-0,138708433;1;0,335192022;0,068535752;-0,162019946;1;;;;;;;;;;;;;
711;0,651388785;0,053983943;0,085647976;1;0,210577487;0,041693158;0,052887436;1;0,343373274;0,072586842;-0,141566814;1;;;;;;;;;;;;;
712;0,614291198;0,051945001;0,023818663;1;0,161017079;0,040021899;-0,194914607;1;0,453968795;0,067494493;0,134921988;1;;;;;;;;;;;;;
713;0,575678641;0,050470451;-0,040535598;1;0,234561033;0,039312975;0,172805163;1;0,470839903;0,066297376;0,177099757;1;;;;;;;;;;;;;
714;0,5895866;0,051082826;-0,017355666;1;0,229901706;0,039262007;0,149508532;1;0,372414464;0,067652971;-0,068963839;1;;;;;;;;;;;;;
715;0,59621072;0,0499822;-0,006315467;1;0,167315541;0,038570186;-0,163422296;1;0,370447875;0,065790679;-0,073880312;1;;;;;;;;;;;;;
716;0,592225447;0,052099484;-0,012957589;1;0,261539727;0,040177889;0,307698635;1;0,432186416;0,068025976;0,08046604;1;;;;;;;;;;;;;
717;0,584954134;0,050719837;-0,025076443;1;0,219129886;0,039172569;0,095649429;1;0,427679546;0,066424443;0,069198866;1;;;;;;;;;;;;;
718;0,568651069;0,051727834;-0,052248218;1;0,253460733;0,039796207;0,267303666;1;0,346038917;0,067772249;-0,134902706;1;;;;;;;;;;;;;
719;0,523736543;0,050824991;-0,127105761;1;0,185459091;0,03992574;-0,072704544;1;0,520013153;0,06711007;0,300032882;1;;;;;;;;;;;;;
720;0,640994922;0,052176365;0,06832487;1;0,151370964;0,039927603;-0,24314518;1;0,417695224;0,069339327;0,044238061;1;;;;;;;;;;;;;
721;0,632879204;0,051136753;0,054798673;1;0,251727802;0,039423129;0,25863901;1;0,305706704;0,068130321;-0,23573324;1;;;;;;;;;;;;;
722;0,633809292;0,051919891;0,05634882;1;0,235480675;0,040341824;0,177403375;1;0,440444131;0,068454955;0,101110328;1;;;;;;;;;;;;;
723;0,636033525;0,052095796;0,060055875;1;0,255256651;0,040806939;0,276283253;1;0,387426169;0,068327836;-0,031434578;1;;;;;;;;;;;;;
724;0,678401616;0,052470368;0,130669361;1;0,202415117;0,040989747;0,012075587;1;0,372991968;0,069156668;-0,06752008;1;;;;;;;;;;;;;
725;0,532184676;0,051982966;-0,11302554;1;0,242604886;0,039546488;0,213024428;1;0,402498577;0,068079282;0,006246442;1;;;;;;;;;;;;;
726;0,580325125;0,049393084;-0,032791458;1;0,263102461;0,038540556;0,315512307;1;0,308917039;0,064896366;-0,227707403;1;;;;;;;;;;;;;
727;0,606988439;0,051483513;0,011647398;1;0,193712477;0,039917736;-0,031437616;1;0,48470581;0,068316116;0,211764525;1;;;;;;;;;;;;;
728;0,617035617;0,051171378;0,028392695;1;0,202845283;0,039954598;0,014226415;1;0,471269173;0,068113354;0,178172933;1;;;;;;;;;;;;;
729;0,638182478;0,052047187;0,063637463;1;0,233712198;0,040311158;0,168560988;1;0,396022574;0,069193295;-0,009943566;1;;;;;;;;;;;;;
730;0,613060064;0,051409929;0,021766773;1;0,159085638;0,039488959;-0,204571809;1;0,392874794;0,06790458;-0,017813014;1;;;;;;;;;;;;;
731;0,708233041;0,05203497;0,180388402;0;0,104680374;0,039583275;-0,47659813;0;0,25278294;0,068910255;-0,36804265;0;;;;;;;;;;;;;
732;0,588466499;0,051741932;-0,019222501;1;0,212285316;0,039724334;0,06142658;1;0,375341715;0,068286604;-0,061645714;1;;;;;;;;;;;;;
733;0,567369132;0,051960953;-0,05438478;1;0,262434034;0,03996165;0,31217017;1;0,408732395;0,069223015;0,021830986;1;;;;;;;;;;;;;
734;0,650253295;0,052190298;0,083755492;1;0,219761862;0,039858234;0,098809312;1;0,335355498;0,068438183;-0,161611254;1;;;;;;;;;;;;;
735;0,691257141;0,052491989;0,152095235;1;0,181059727;0,040382047;-0,094701366;1;0,370179395;0,070173582;-0,074551513;1;;;;;;;;;;;;;
736;0,584296009;0,049759568;-0,026173319;1;0,200977074;0,03918493;0,004885368;1;0,392796385;0,06584077;-0,018009038;1;;;;;;;;;;;;;
737;0,533533876;0,051907222;-0,110776874;1;0,211233482;0,03950115;0,056167412;1;0,484859105;0,069074139;0,212147763;1;;;;;;;;;;;;;
738;0,63588736;0,051390133;0,059812267;1;0,158382893;0,039049947;-0,208085535;1;0,383761969;0,069008413;-0,040595076;1;;;;;;;;;;;;;
739;0,629739473;0,050681136;0,049565789;1;0,175922588;0,03923476;-0,120387058;1;0,396853386;0,06744956;-0,007866535;1;;;;;;;;;;;;;
740;0,57840577;0,05035325;-0,035990383;1;0,183639111;0,038766992;-0,081804445;1;0,430954786;0,067105728;0,077386964;1;;;;;;;;;;;;;
741;0,583927895;0,050509981;-0,026786842;1;0,187614567;0,038667092;-0,061927166;1;0,394791073;0,066215121;-0,013022316;1;;;;;;;;;;;;;
742;0,586382066;0,052661108;-0,022696556;1;0,194510941;0,040929436;-0,027445293;1;0,479196071;0,069997057;0,197990178;1;;;;;;;;;;;;;
743;0,614449424;0,050770658;0,024082374;1;0,162377156;0,039274911;-0,188114218;1;0,339908138;0,066924064;-0,150229655;1;;;;;;;;;;;;;
744;0,554561673;0,049259183;-0,075730545;1;0,204727577;0,037752559;0,023637886;1;0,387822271;0,066125078;-0,030444321;1;;;;;;;;;;;;;
745;0,549843061;0,050144601;-0,083594899;1;0,260218114;0,039111866;0,301090569;1;0,498896932;0,066129425;0,247242329;1;;;;;;;;;;;;;
746;0,627771262;0,052302795;0,046285437;1;0,188248753;0,040444308;-0,058756235;1;0,378910415;0,069608408;-0,052723962;1;;;;;;;;;;;;;
747;0,65450333;0,051890084;0,090838884;1;0,204247809;0,04021411;0,021239046;1;0,319669433;0,068976261;-0,200826418;1;;;;;;;;;;;;;
748;0,583231209;0,051108915;-0,027947985;1;0,172464029;0,039315342;-0,137679856;1;0,400475156;0,067409815;0,001187891;1;;;;;;;;;;;;;
749;0,534382965;0,050018947;-0,109361726;1;0,199939146;0,038793647;-0,000304269;1;0,413950996;0,067353604;0,034877489;1;;;;;;;;;;;;;
750;0,662736866;0,051487723;0,104561443;1;0,196396631;0,039898819;-0,018016846;1;0,326824712;0,066832611;-0,182938219;1;;;;;;;;;;;;;
751;0,570179359;0,049805763;-0,049701069;1;0,183114892;0,038235911;-0,084425539;1;0,412098731;0,0661019;0,030246827;1;;;;;;;;;;;;;
752;0,54954954;0,049622166;-0,084084099;1;0,225229267;0,038698937;0,126146333;1;0,413121476;0,066821112;0,03280369;1;;;;;;;;;;;;;
753;0,680374129;0,052349485;0,133956882;1;0,205346274;0,039969764;0,026731369;1;0,310049618;0,0685805;-0,224875955;1;;;;;;;;;;;;;
754;0,591380737;0,04972674;-0,014365439;1;0,157355414;0,038840858;-0,213222928;1;0,473252442;0,06673435;0,183131106;1;;;;;;;;;;;;;
755;0,578414791;0,052415345;-0,035975348;1;0,197874123;0,040561037;-0,010629384;1;0,44790635;0,069057715;0,119765875;1;;;;;;;;;;;;;
756;0,543857129;0,05140279;-0,093571452;1;0,209332064;0,03961052;0,046660318;1;0,493260845;0,067239563;0,233152112;1;;;;;;;;;;;;;
757;0,71315016;0,05178835;0,188583599;0;0,113823112;0,040098181;-0,430884441;0;0,415317402;0,067784651;0,038293505;1;;;;;;;;;;;;;
758;0,673925447;0,052112658;0,123209079;1;0,147878341;0,039585558;-0,260608294;1;0,32724567;0,07004055;-0,181885825;1;;;;;;;;;;;;;
759;0,583686949;0,050848728;-0,027188418;1;0,214028377;0,039119276;0,070141885;1;0,410975269;0,068221623;0,027438173;1;;;;;;;;;;;;;
760;0,590647312;0,05244379;-0,015587813;1;0,153473608;0,04067513;-0,232631962;1;0,489775864;0,0692992;0,22443966;1;;;;;;;;;;;;;
761;0,5465678;0,051092344;-0,089053666;1;0,236811496;0,039322708;0,184057482;1;0,445295607;0,067620928;0,113239017;1;;;;;;;;;;;;;
762;0,47239862;0,050093944;-0,212668966;0;0,214196272;0,039001332;0,070981361;1;0,582212419;0,066653729;0,455531048;0;;;;;;;;;;;;;
763;0,620131573;0,051504561;0,033552621;1;0,169497501;0,039457437;-0,152512494;1;0,429441108;0,067860494;0,073602769;1;;;;;;;;;;;;;
764;0,612931133;0,051768677;0,021551889;1;0,231038281;0,039763253;0,155191403;1;0,340565901;0,068874671;-0,148585248;1;;;;;;;;;;;;;
765;0,595753283;0,051523184;-0,007077861;1;0,223399093;0,040181258;0,116995463;1;0,40765031;0,068090731;0,019125774;1;;;;;;;;;;;;;
766;0,527688842;0,0509286;-0,120518597;1;0,268003701;0,039286328;0,340018503;1;0,42610555;0,066517633;0,065263875;1;;;;;;;;;;;;;
767;0,567738735;0,050724834;-0,053768776;1;0,277644719;0,039515999;0,388223593;0;0,425284731;0,06697528;0,063211827;1;;;;;;;;;;;;;
768;0,529469987;0,051950591;-0,117550021;1;0,266631749;0,039515023;0,333158746;1;0,428359854;0,068406036;0,070899634;1;;;;;;;;;;;;;
769;0,6607863;0,052099213;0,101310499;1;0,155266966;0,040758197;-0,223665171;1;0,441632441;0,068946066;0,104081102;1;;;;;;;;;;;;;
770;0,580610686;0,051249744;-0,032315524;1;0,186019095;0,039892772;-0,069904523;1;0,437391069;0,068080176;0,093477674;1;;;;;;;;;;;;;
771;0,612006656;0,051319642;0,020011094;1;0,229090251;0,03930171;0,145451254;1;0,286648678;0,067314806;-0,283378304;1;;;;;;;;;;;;;
772;0,630152147;0,05143459;0,050253578;1;0,191224048;0,039600315;-0,04387976;1;0,447280706;0,068536788;0,118201765;1;;;;;;;;;;;;;
773;0,5636086;0,050433301;-0,060652333;1;0,237055421;0,039102218;0,185277103;1;0,399055306;0,067746659;-0,002361734;1;;;;;;;;;;;;;
774;0,613547992;0,051237265;0,022579987;1;0,13573917;0,039488319;-0,321304151;1;0,438032861;0,067886895;0,095082153;1;;;;;;;;;;;;;
775;0,578086083;0,051394977;-0,036523194;1;0,200020024;0,03929361;0,000100119;1;0,439672128;0,069323258;0,09918032;1;;;;;;;;;;;;;
776;0,621862509;0,050890205;0,036437514;1;0,269076117;0,03943093;0,345380586;1;0,360282692;0,067148472;-0,099293271;1;;;;;;;;;;;;;
777;0,527256341;0,049218638;-0,121239432;1;0,253654202;0,037658846;0,268271008;1;0,406756283;0,064014835;0,016890707;1;;;;;;;;;;;;;
778;0,571747413;0,050233355;-0,047087645;1;0,238536828;0,039189137;0,192684139;1;0,347726171;0,067294303;-0,130684573;1;;;;;;;;;;;;;
779;0,607349828;0,051333467;0,012249714;1;0,198533338;0,039502949;-0,00733331;1;0,387943977;0,066996818;-0,030140057;1;;;;;;;;;;;;;
780;0,709957987;0,053662468;0,183263311;0;0,106213227;0,04178065;-0,468933864;0;0,418362631;0,071941949;0,045906578;1;;;;;;;;;;;;;
781;0,621185697;0,052113151;0,035309495;1;0,20629216;0,039979339;0,031460802;1;0,326805188;0,06858915;-0,182987031;1;;;;;;;;;;;;;
782;0,590869785;0,049374532;-0,015217026;1;0,235402926;0,039126419;0,177014632;1;0,34904519;0,066498883;-0,127387025;1;;;;;;;;;;;;;
783;0,583497246;0,051698462;-0,027504591;1;0,230580178;0,039429363;0,15290089;1;0,385895219;0,068457118;-0,035261953;1;;;;;;;;;;;;;
784;0,605207723;0,052473111;0,008679539;1;0,195199032;0,040413747;-0,024004838;1;0,45298889;0,06922219;0,132472225;1;;;;;;;;;;;;;
785;0,592890708;0,053316044;-0,011848821;1;0,205660178;0,041052899;0,028300892;1;0,44420716;0,069973157;0,110517901;1;;;;;;;;;;;;;
786;0,548458161;0,050624931;-0,085903064;1;0,266301538;0,039345071;0,331507691;1;0,428207243;0,067290297;0,070518107;1;;;;;;;;;;;;;
787;0,583823648;0,050631773;-0,026960586;1;0,158122336;0,039308491;-0,20938832;1;0,471600741;0,068306113;0,179001851;1;;;;;;;;;;;;;
788;0,65234708;0,051315085;0,087245133;1;0,207300149;0,039249831;0,036500743;1;0,33671834;0,0678915;-0,15820415;1;;;;;;;;;;;;;
789;0,516135692;0,050246763;-0,139773846;1;0,249744496;0,039092594;0,24872248;1;0,467673926;0,067682441;0,169184815;1;;;;;;;;;;;;;
790;0,617637325;0,051117367;0,029395542;1;0,212938766;0,039178513;0,064693831;1;0,340697199;0,066968092;-0,148257003;1;;;;;;;;;;;;;
791;0,669270609;0,05223995;0,115451014;1;0,221974478;0,040571891;0,109872391;1;0,332015244;0,069354171;-0,169961891;1;;;;;;;;;;;;;
792;0,558576468;0,051286763;-0,06903922;1;0,150898394;0,039459705;-0,245508032;1;0,432024787;0,067173989;0,080061967;1;;;;;;;;;;;;;
793;0,629655221;0,051008456;0,049425368;1;0,181842611;0,039192286;-0,090786944;1;0,28792354;0,066927078;-0,280191149;1;;;;;;;;;;;;;
794;0,61656109;0,051235353;0,027601817;1;0,217949738;0,040087321;0,089748692;1;0,444635212;0,067239766;0,11158803;1;;;;;;;;;;;;;
795;0,612247578;0,051166402;0,020412631;1;0,159660161;0,039597127;-0,201699194;1;0,366807019;0,067667274;-0,082982453;1;;;;;;;;;;;;;
796;0,574449275;0,052279107;-0,042584542;1;0,195043014;0,040612425;-0,024784929;1;0,460518717;0,069894766;0,151296792;1;;;;;;;;;;;;;
797;0,55955739;0,050982945;-0,067404349;1;0,20782077;0,039078648;0,039103852;1;0,450634734;0,067326713;0,126586836;1;;;;;;;;;;;;;
798;0,648875668;0,051906185;0,081459447;1;0,166033644;0,039956059;-0,169831779;1;0,404873068;0,068692507;0,01218267;1;;;;;;;;;;;;;
799;0,573724117;0,051396162;-0,043793138;1;0,180559557;0,039561314;-0,097202213;1;0,438418095;0,068175118;0,096045237;1;;;;;;;;;;;;;
800;0,634889485;0,051114694;0,058149142;1;0,197042067;0,039223433;-0,014789664;1;0,336686503;0,068438978;-0,158283743;1;;;;;;;;;;;;;
801;0,664706875;0,052249567;0,107844792;1;0,177318982;0,039990236;-0,113405091;1;0,392386894;0,06948815;-0,019032765;1;;;;;;;;;;;;;
802;0,598008857;0,052337751;-0,003318572;1;0,177140021;0,040526277;-0,114299893;1;0,499883442;0,069454643;0,249708605;1;;;;;;;;;;;;;
803;0,628032671;0,051502381;0,046721118;1;0,132820021;0,03978921;-0,335899895;1;0,403249609;0,067987342;0,008124022;1;;;;;;;;;;;;;
804;0,543767196;0,049765177;-0,09372134;1;0,142799513;0,038650804;-0,286002433;1;0,482976727;0,066344925;0,207441817;1;;;;;;;;;;;;;
805;0,557241726;0,049836374;-0,07126379;1;0,188474641;0,038204808;-0,057626796;1;0,366435519;0,06653134;-0,083911202;1;;;;;;;;;;;;;
806;0,581404848;0,050944152;-0,030991921;1;0,220153949;0,039283766;0,100769743;1;0,370036992;0,066838413;-0,07490752;1;;;;;;;;;;;;;
807;0,593232981;0,049545546;-0,011278365;1;0,131296955;0,03839469;-0,343515224;1;0,421719992;0,065484103;0,054299979;1;;;;;;;;;;;;;
808;0,600055238;0,050561491;9,21E-05;1;0,230081746;0,038581738;0,150408731;1;0,371416559;0,066413722;-0,071458602;1;;;;;;;;;;;;;
809;0,57335329;0,048591091;-0,044411183;1;0,218242731;0,0376304;0,091213657;1;0,374130349;0,064656344;-0,064674127;1;;;;;;;;;;;;;
810;0,585268459;0,050180783;-0,024552569;1;0,17958553;0,038714078;-0,10207235;1;0,391468463;0,066380674;-0,021328842;1;;;;;;;;;;;;;
811;0,605936694;0,049972188;0,00989449;1;0,188666748;0,0397273;-0,056666259;1;0,484891975;0,066965079;0,212229938;1;;;;;;;;;;;;;
812;0,673904953;0,051469187;0,123174922;1;0,181147378;0,040024502;-0,094263109;1;0,29498435;0,068138978;-0,262539124;1;;;;;;;;;;;;;
813;0,653779997;0,052640189;0,089633329;1;0,257303035;0,040266045;0,286515173;1;0,310142346;0,069284047;-0,224644134;1;;;;;;;;;;;;;
814;0,62805011;0,052066952;0,046750183;1;0,226230735;0,039707523;0,131153674;1;0,390726756;0,067660344;-0,023183109;1;;;;;;;;;;;;;
815;0,618836508;0,049661331;0,031394181;1;0,166200569;0,038883638;-0,168997155;1;0,341163907;0,066186303;-0,147090234;1;;;;;;;;;;;;;
816;0,581904544;0,051519219;-0,030159093;1;0,217382403;0,039423641;0,086912014;1;0,402265843;0,067470816;0,005664607;1;;;;;;;;;;;;;
817;0,532260547;0,050392645;-0,112899089;1;0,191428709;0,038930509;-0,042856456;1;0,43535074;0,067274842;0,088376851;1;;;;;;;;;;;;;
818;0,523764006;0,051353459;-0,127059989;1;0,224685174;0,039894536;0,123425872;1;0,391687709;0,068237807;-0,020780728;1;;;;;;;;;;;;;
819;0,609370767;0,051709774;0,015617945;1;0,186189358;0,039955801;-0,06905321;1;0,395589337;0,069183078;-0,011026656;1;;;;;;;;;;;;;
820;0,713201415;0,053307232;0,188669025;0;0,20192181;0,041090232;0,009609052;1;0,358292349;0,071241474;-0,104269128;1;;;;;;;;;;;;;
821;0,679031194;0,051469396;0,131718656;1;0,144536507;0,039580608;-0,277317463;1;0,360068718;0,068344969;-0,099828205;1;;;;;;;;;;;;;
822;0,58368661;0,050747739;-0,027188983;1;0,149088263;0,038908511;-0,254558685;1;0,385423734;0,066208132;-0,036440666;1;;;;;;;;;;;;;
823;0,656455371;0,051453392;0,094092286;1;0,252349692;0,040540963;0,26174846;1;0,344005705;0,070254637;-0,139985737;1;;;;;;;;;;;;;
824;0,566094581;0,051334064;-0,056509032;1;0,195920091;0,039900131;-0,020399543;1;0,429140618;0,067542354;0,072851546;1;;;;;;;;;;;;;
825;0,564714035;0,051189558;-0,058809941;1;0,226187706;0,039386817;0,130938528;1;0,458508924;0,066872059;0,14627231;1;;;;;;;;;;;;;
826;0,612167358;0,050218051;0,020278929;1;0,240266321;0,038887807;0,201331605;1;0,342458506;0,066440332;-0,143853735;1;;;;;;;;;;;;;
827;0,612022951;0,05187409;0,020038252;1;0,169036008;0,040874786;-0,154819959;1;0,491970047;0,069480714;0,229925116;1;;;;;;;;;;;;;
828;0,594429239;0,049928909;-0,009284601;1;0,183257599;0,038835124;-0,083712006;1;0,369108567;0,065280992;-0,077228582;1;;;;;;;;;;;;;
829;0,587796255;0,052026044;-0,020339575;1;0,214815541;0,039381205;0,074077705;1;0,478828427;0,069874754;0,197071069;1;;;;;;;;;;;;;
830;0,601708684;0,052688206;0,002847806;1;0,147504287;0,040099642;-0,262478567;1;0,423683477;0,070361111;0,059208693;1;;;;;;;;;;;;;
831;0,566239111;0,051755916;-0,056268149;1;0,269249686;0,039760661;0,346248428;1;0,435906128;0,068447632;0,08976532;1;;;;;;;;;;;;;
832;0,584726652;0,051878075;-0,025455579;1;0,233301761;0,039876851;0,166508805;1;0,383624237;0,069350453;-0,040939408;1;;;;;;;;;;;;;
833;0,675261654;0,05176746;0,12543609;1;0,181869026;0,03980103;-0,090654868;1;0,306665008;0,067737951;-0,233337481;1;;;;;;;;;;;;;
834;0,691530257;0,053634508;0,152550428;1;0,165901376;0,041423382;-0,170493119;1;0,381070408;0,071215433;-0,047323981;1;;;;;;;;;;;;;
835;0,687383022;0,052314455;0,145638369;1;0,186013491;0,040595067;-0,069932544;1;0,355849934;0,069134585;-0,110375165;1;;;;;;;;;;;;;
836;0,581894512;0,050001068;-0,030175813;1;0,194896434;0,038413652;-0,025517828;1;0,383972915;0,066775967;-0,040067713;1;;;;;;;;;;;;;
837;0,64762554;0,052179105;0,0793759;1;0,175944002;0,040511888;-0,120279988;1;0,440255258;0,069179904;0,100638145;1;;;;;;;;;;;;;
838;0,658997829;0,05234481;0,098329716;1;0,126122613;0,039877589;-0,369386935;1;0,429609224;0,069698715;0,074023061;1;;;;;;;;;;;;;
839;0,657233251;0,052348842;0,095388752;1;0,20191624;0,040247685;0,0095812;1;0,349190779;0,069914477;-0,127023053;1;;;;;;;;;;;;;
840;0,585269869;0,049021778;-0,024550219;1;0,244947171;0,038634201;0,224735857;1;0,349324297;0,065852001;-0,126689259;1;;;;;;;;;;;;;
841;0,547317415;0,051679185;-0,087804308;1;0,251237443;0,039975208;0,256187213;1;0,444759347;0,068534481;0,111898368;1;;;;;;;;;;;;;
842;0,509161255;0,050833872;-0,151397908;1;0,207098636;0,039622552;0,035493178;1;0,659169146;0,067520797;0,647922864;0;;;;;;;;;;;;;
843;0,53131865;0,049677718;-0,114468916;1;0,258534754;0,037950835;0,292673771;1;0,364914309;0,066045994;-0,087714226;1;;;;;;;;;;;;;
844;0,585008527;0,051852979;-0,024985789;1;0,212937697;0,040433271;0,064688484;1;0,434858067;0,068243748;0,087145167;1;;;;;;;;;;;;;
845;0,732723265;0,051346736;0,221205442;0;0,122077519;0,039930175;-0,389612407;1;0,27365124;0,068622614;-0,315871901;1;;;;;;;;;;;;;
846;0,605478878;0,051480206;0,009131464;1;0,204095666;0,039745249;0,020478331;1;0,397231334;0,06771611;-0,006921666;1;;;;;;;;;;;;;
847;0,534527792;0,051544694;-0,109120346;1;0,259072115;0,039925661;0,295360575;1;0,450064968;0,067593386;0,125162419;1;;;;;;;;;;;;;
848;0,654874897;0,050774067;0,091458162;1;0,103433015;0,039326848;-0,482834927;0;0,275311775;0,066547147;-0,311720562;1;;;;;;;;;;;;;
849;0,633328098;0,050821447;0,05554683;1;0,203958624;0,039057857;0,019793122;1;0,386657583;0,067260541;-0,033356043;1;;;;;;;;;;;;;
850;0,582262544;0,051505439;-0,029562426;1;0,241456359;0,039334699;0,207281796;1;0,35494983;0,068361656;-0,112625425;1;;;;;;;;;;;;;
851;0,55749789;0,050786786;-0,070836851;1;0,247438238;0,039158653;0,23719119;1;0,401756362;0,066776691;0,004390905;1;;;;;;;;;;;;;
852;0,632961078;0,051801298;0,05493513;1;0,216027964;0,040434104;0,080139822;1;0,4104884;0,068871377;0,026221001;1;;;;;;;;;;;;;
853;0,569352354;0,050919648;-0,051079409;1;0,224623716;0,039094734;0,12311858;1;0,394128081;0,067467344;-0,014679796;1;;;;;;;;;;;;;
854;0,732944991;0,052672196;0,221574986;0;0,153457003;0,040360265;-0,232714987;1;0,202323672;0,069218904;-0,49419082;0;;;;;;;;;;;;;
855;0,484636026;0,048985257;-0,19227329;0;0,240006265;0,038151541;0,200031325;1;0,520805877;0,065195476;0,302014694;1;;;;;;;;;;;;;
856;0,608179879;0,052789377;0,013633131;1;0,241549295;0,040174758;0,207746476;1;0,385901965;0,070288361;-0,035245088;1;;;;;;;;;;;;;
857;0,689670502;0,052737866;0,149450837;1;0,150282428;0,040504162;-0,248587858;1;0,33884756;0,068938712;-0,1528811;1;;;;;;;;;;;;;
858;0,60984549;0,052226659;0,01640915;1;0,184294256;0,040337229;-0,078528721;1;0,38348572;0,067531758;-0,041285701;1;;;;;;;;;;;;;
859;0,61750204;0,051623067;0,029170067;1;0,187313018;0,039819922;-0,063434911;1;0,384688976;0,068027123;-0,038277561;1;;;;;;;;;;;;;
860;0,5941689;0,052309296;-0,009718499;1;0,177229631;0,039823425;-0,113851847;1;0,327579449;0,067228665;-0,181051378;1;;;;;;;;;;;;;
861;0,650309285;0,053357456;0,083848808;1;0,103883429;0,041084467;-0,480582854;0;0,486705356;0,071969324;0,216763391;1;;;;;;;;;;;;;
862;0,604125917;0,051582074;0,006876529;1;0,258766951;0,040278329;0,293834754;1;0,352394407;0,069215746;-0,119013981;1;;;;;;;;;;;;;
863;0,627927613;0,050098067;0,046546022;1;0,157017999;0,038818941;-0,214910005;1;0,40104726;0,065768466;0,00261815;1;;;;;;;;;;;;;
864;0,612860257;0,050659032;0,021433761;1;0,19470978;0,039373599;-0,026451101;1;0,393612074;0,06615606;-0,015969814;1;;;;;;;;;;;;;
865;0,658426624;0,051970023;0,097377706;1;0,147320975;0,03984789;-0,263395123;1;0,410020922;0,069654987;0,025052305;1;;;;;;;;;;;;;
866;0,654088847;0,050149738;0,090148078;1;0,162392276;0,038271435;-0,188038621;1;0,31421524;0,065859128;-0,214461899;1;;;;;;;;;;;;;
867;0,572725778;0,052677165;-0,045457037;1;0,195985157;0,040012959;-0,020074217;1;0,512326465;0,070266766;0,280816163;1;;;;;;;;;;;;;
868;0,560072622;0,051121271;-0,066545629;1;0,18658288;0,039609639;-0,067085599;1;0,521208883;0,068871545;0,303022208;1;;;;;;;;;;;;;
869;0,65808096;0,051497062;0,096801599;1;0,167240148;0,039545242;-0,16379926;1;0,27098986;0,068110379;-0,32252535;1;;;;;;;;;;;;;
870;0,599541603;0,050288104;-0,000763995;1;0,18903626;0,038869765;-0,0548187;1;0,351567399;0,067077281;-0,121081503;1;;;;;;;;;;;;;
871;0,687144068;0,052702679;0,145240113;1;0,190589444;0,040359519;-0,047052781;1;0,32110222;0,069620542;-0,19724445;1;;;;;;;;;;;;;
872;0,59564519;0,051279311;-0,007258016;1;0,194779088;0,040023429;-0,026104562;1;0,412145215;0,068353712;0,030363039;1;;;;;;;;;;;;;
873;0,609590836;0,053430074;0,015984727;1;0,16249437;0,041701477;-0,187528152;1;0,468361631;0,070549954;0,170904078;1;;;;;;;;;;;;;
874;0,609319601;0,051119592;0,015532669;1;0,216003547;0,038538079;0,080017733;1;0,406188067;0,067747616;0,015470167;1;;;;;;;;;;;;;
875;0,616439036;0,052087792;0,027398393;1;0,193418298;0,0406877;-0,032908508;1;0,373545964;0,068264996;-0,066135091;1;;;;;;;;;;;;;
876;0,584002539;0,051503828;-0,026662435;1;0,142642845;0,039731435;-0,286785777;1;0,424483713;0,068735717;0,061209283;1;;;;;;;;;;;;;
877;0,532667844;0,051794354;-0,112220259;1;0,269543636;0,039956316;0,347718179;1;0,521354836;0,068460451;0,303387091;1;;;;;;;;;;;;;
878;0,605812403;0,049198787;0,009687338;1;0,164497834;0,038197187;-0,177510831;1;0,392205475;0,064619442;-0,019486312;1;;;;;;;;;;;;;
879;0,605418102;0,051660634;0,009030171;1;0,223544312;0,040082214;0,11772156;1;0,415571343;0,068618792;0,038928358;1;;;;;;;;;;;;;
880;0,570000222;0,052871665;-0,049999629;1;0,237826933;0,040713101;0,189134664;1;0,47529617;0,068995636;0,188240425;1;;;;;;;;;;;;;
881;0,536915928;0,050503149;-0,10514012;1;0,232161703;0,039139249;0,160808517;1;0,429764014;0,066800465;0,074410036;1;;;;;;;;;;;;;
882;0,598969701;0,051411787;-0,001717166;1;0,208209798;0,039446729;0,041048992;1;0,397517036;0,068291393;-0,006207409;1;;;;;;;;;;;;;
883;0,623972289;0,051205738;0,039953814;1;0,265811412;0,040222055;0,32905706;1;0,393325712;0,06771164;-0,01668572;1;;;;;;;;;;;;;
884;0,539000805;0,049595083;-0,101665324;1;0,215898512;0,038389171;0,079492558;1;0,380316609;0,064696802;-0,049208478;1;;;;;;;;;;;;;
885;0,635533614;0,053030004;0,059222691;1;0,15995992;0,040208519;-0,200200398;1;0,38709839;0,069712616;-0,032254026;1;;;;;;;;;;;;;
886;0,589710969;0,050500784;-0,017148384;1;0,160813343;0,039047835;-0,195933287;1;0,418841002;0,066748134;0,047102505;1;;;;;;;;;;;;;
887;0,568461356;0,050449578;-0,052564407;1;0,212353337;0,038851834;0,061766687;1;0,398858458;0,066640698;-0,002853856;1;;;;;;;;;;;;;
888;0,569264961;0,051405207;-0,051225065;1;0,180008446;0,039742171;-0,09995777;1;0,443699675;0,068935623;0,109249188;1;;;;;;;;;;;;;
889;0,51157468;0,050898793;-0,147375533;1;0,205082892;0,03881088;0,025414458;1;0,500916124;0,066311381;0,252290311;1;;;;;;;;;;;;;
890;0,608939054;0,052382672;0,014898423;1;0,231743325;0,040585556;0,158716623;1;0,404851704;0,068841895;0,012129259;1;;;;;;;;;;;;;
891;0,609454892;0,051201391;0,015758153;1;0,234609513;0,039869791;0,173047563;1;0,385488155;0,0664898;-0,036279612;1;;;;;;;;;;;;;
892;0,568642076;0,051071947;-0,052263207;1;0,242938568;0,039480576;0,214692838;1;0,367792715;0,068175197;-0,080518212;1;;;;;;;;;;;;;
893;0,544411685;0,050129443;-0,092647192;1;0,165092504;0,038767304;-0,174537479;1;0,53524662;0,066340026;0,338116551;0;;;;;;;;;;;;;
894;0,569406586;0,051661278;-0,050989023;1;0,225922161;0,039193539;0,129610804;1;0,378706437;0,068208479;-0,053233908;1;;;;;;;;;;;;;
895;0,677580461;0,050417802;0,129300769;1;0,165647312;0,039149616;-0,171763438;1;0,235028649;0,066776776;-0,412428378;0;;;;;;;;;;;;;
896;0,62092155;0,050979588;0,03486925;1;0,18687754;0,039330617;-0,065612301;1;0,403895969;0,068323433;0,009739923;1;;;;;;;;;;;;;
897;0,578063787;0,049834488;-0,036560356;1;0,189765259;0,038672103;-0,051173703;1;0,412314967;0,06570969;0,030787418;1;;;;;;;;;;;;;
898;0,544388712;0,050694973;-0,092685479;1;0,217776479;0,038850558;0,088882393;1;0,397392884;0,066536673;-0,006517789;1;;;;;;;;;;;;;
899;0,546895637;0,049927555;-0,088507272;1;0,225672915;0,038823607;0,128364577;1;0,41388418;0,065748034;0,034710451;1;;;;;;;;;;;;;
900;0,582711787;0,050559406;-0,028813688;1;0,213591283;0,039168205;0,067956413;1;0,427867395;0,067397955;0,069668487;1;;;;;;;;;;;;;
901;0,633692435;0,051287121;0,056154058;1;0,213033486;0,039611089;0,065167431;1;0,391069706;0,068286756;-0,022325736;1;;;;;;;;;;;;;
902;0,66000658;0,051468021;0,100010967;1;0,161205274;0,040035811;-0,193973628;1;0,323174179;0,069856844;-0,192064553;1;;;;;;;;;;;;;
903;0,694612264;0,050760487;0,157687106;1;0,216271335;0,039474588;0,081356674;1;0,248196422;0,067634425;-0,379508944;0;;;;;;;;;;;;;
904;0,574871708;0,051067427;-0,041880486;1;0,230751842;0,039651341;0,153759212;1;0,446281753;0,067289264;0,115704382;1;;;;;;;;;;;;;
905;0,587307801;0,050733052;-0,021153665;1;0,238593264;0,03955162;0,19296632;1;0,432631004;0,067312345;0,08157751;1;;;;;;;;;;;;;
906;0,693533052;0,052897307;0,155888421;1;0,191428803;0,041141566;-0,042855983;1;0,416465264;0,070348671;0,04116316;1;;;;;;;;;;;;;
907;0,594878552;0,050673925;-0,008535746;1;0,229739419;0,039512573;0,148697093;1;0,383169152;0,067197675;-0,042077119;1;;;;;;;;;;;;;
908;0,657075585;0,050873537;0,095125975;1;0,122862081;0,03947771;-0,385689595;1;0,353284962;0,067812736;-0,116787594;1;;;;;;;;;;;;;
909;0,666885327;0,051273392;0,111475546;1;0,202843547;0,039573506;0,014217736;1;0,307249619;0,067104366;-0,231875952;1;;;;;;;;;;;;;
910;0,632715542;0,050760956;0,054525904;1;0,170824438;0,039449468;-0,145877809;1;0,413666783;0,068124792;0,034166958;1;;;;;;;;;;;;;
911;0,614705517;0,051863893;0,024509195;1;0,155759536;0,039398903;-0,221202322;1;0,44428567;0,06796229;0,110714174;1;;;;;;;;;;;;;
912;0,603304457;0,051397661;0,005507429;1;0,212036979;0,040190412;0,060184897;1;0,406822287;0,068086961;0,017055716;1;;;;;;;;;;;;;
913;0,696303649;0,052902324;0,160506081;1;0,127779657;0,040112009;-0,361101715;1;0,327782531;0,070908999;-0,180543672;1;;;;;;;;;;;;;
914;0,741939513;0,052703298;0,236565855;0;0,10556962;0,040673382;-0,472151899;0;0,312609199;0,070327316;-0,218477003;1;;;;;;;;;;;;;
915;0,623947022;0,051695606;0,039911703;1;0,178854556;0,039623852;-0,10572722;1;0,351467527;0,068446209;-0,121331183;1;;;;;;;;;;;;;
916;0,511762365;0,05092118;-0,147062725;1;0,204434976;0,039538747;0,022174878;1;0,51919086;0,066366188;0,297977149;1;;;;;;;;;;;;;
917;0,617888147;0,050940014;0,029813578;1;0,197085363;0,0389678;-0,014573187;1;0,338888248;0,066709621;-0,152779381;1;;;;;;;;;;;;;
918;0,687570484;0,051867095;0,145950807;1;0,178708897;0,040154275;-0,106455517;1;0,366154834;0,06945661;-0,084612915;1;;;;;;;;;;;;;
919;0,573229254;0,050350502;-0,04461791;1;0,254649255;0,039199117;0,273246274;1;0,378284984;0,067995665;-0,05428754;1;;;;;;;;;;;;;
920;0,648491211;0,051419334;0,080818686;1;0,136392761;0,039502657;-0,318036195;1;0,376815888;0,067596488;-0,05796028;1;;;;;;;;;;;;;
921;0,629580474;0,053178847;0,04930079;1;0,172572238;0,040659898;-0,137138809;1;0,431088546;0,069508977;0,077721365;1;;;;;;;;;;;;;
922;0,640447745;0,05143334;0,067412908;1;0,190933666;0,039902807;-0,04533167;1;0,365957131;0,069225212;-0,085107173;1;;;;;;;;;;;;;
923;0,565235757;0,05058713;-0,057940405;1;0,212365215;0,039816732;0,061826074;1;0,419528676;0,067313953;0,048821689;1;;;;;;;;;;;;;
924;0,547059558;0,049350842;-0,088234069;1;0,21565831;0,038423818;0,078291551;1;0,369412549;0,064965179;-0,076468628;1;;;;;;;;;;;;;
925;0,698451653;0,052348749;0,164086088;1;0,174193089;0,040791064;-0,129034555;1;0,305675334;0,069223349;-0,235811664;1;;;;;;;;;;;;;
926;0,555095322;0,049358997;-0,074841131;1;0,20314995;0,038433574;0,015749748;1;0,385463799;0,065164627;-0,036340502;1;;;;;;;;;;;;;
927;0,681585806;0,05162466;0,135976343;1;0,139717131;0,039959691;-0,301414346;1;0,284145783;0,067833007;-0,289635542;1;;;;;;;;;;;;;
928;0,586648412;0,051904834;-0,022252646;1;0,202400224;0,039534401;0,012001121;1;0,412675463;0,067564883;0,031688658;1;;;;;;;;;;;;;
929;0,548212932;0,052338964;-0,08631178;1;0,214526375;0,040210044;0,072631873;1;0,49783105;0,069266205;0,244577625;1;;;;;;;;;;;;;
930;0,493468218;0,050981525;-0,17755297;0;0,192535823;0,039781677;-0,037320883;1;0,574866338;0,067649721;0,437165845;0;;;;;;;;;;;;;
931;0,517012121;0,050408557;-0,138313132;1;0,236686022;0,03891744;0,183430111;1;0,419323117;0,066577415;0,048307792;1;;;;;;;;;;;;;
932;0,627494409;0,050325701;0,045824014;1;0,230032931;0,039222712;0,150164657;1;0,28135783;0,065611182;-0,296605424;1;;;;;;;;;;;;;
933;0,634680159;0,052101118;0,057800265;1;0,187381339;0,040150807;-0,063093303;1;0,327884064;0,069366315;-0,180289839;1;;;;;;;;;;;;;
934;0,643227868;0,050826178;0,072046446;1;0,205762505;0,039976226;0,028812524;1;0,317235112;0,066518447;-0,206912221;1;;;;;;;;;;;;;
935;0,663440823;0,053132969;0,105734705;1;0,208195085;0,040548813;0,040975423;1;0,439807326;0,070500203;0,099518315;1;;;;;;;;;;;;;
936;0,616297201;0,050333413;0,027162001;1;0,180793572;0,038595663;-0,096032142;1;0,330948128;0,067227819;-0,172629679;1;;;;;;;;;;;;;
937;0,621486006;0,051259923;0,035810011;1;0,225772313;0,040527676;0,128861563;1;0,385466569;0,06867413;-0,036333578;1;;;;;;;;;;;;;
938;0,663187962;0,051702355;0,10531327;1;0,133829838;0,039521881;-0,33085081;1;0,334465105;0,068657549;-0,163837237;1;;;;;;;;;;;;;
939;0,509137073;0,051337171;-0,151438212;1;0,272671178;0,040216699;0,36335589;1;0,505220385;0,068371012;0,263050964;1;;;;;;;;;;;;;
940;0,697944382;0,051607764;0,163240636;1;0,190061229;0,039661826;-0,049693855;1;0,27816604;0,068448014;-0,304584901;1;;;;;;;;;;;;;
941;0,665144037;0,051034913;0,108573396;1;0,184271436;0,039527835;-0,078642819;1;0,363702494;0,067636053;-0,090743765;1;;;;;;;;;;;;;
942;0,551875622;0,050776277;-0,080207297;1;0,259981386;0,039372611;0,299906929;1;0,416349364;0,067409178;0,040873409;1;;;;;;;;;;;;;
943;0,584994943;0,051929312;-0,025008428;1;0,145129587;0,04005112;-0,274352066;1;0,4638397;0,068176978;0,159599251;1;;;;;;;;;;;;;
944;0,682382877;0,052190276;0,137304794;1;0,1457611;0,040297264;-0,271194502;1;0,320376644;0,069930241;-0,199058389;1;;;;;;;;;;;;;
945;0,586297591;0,050243457;-0,022837348;1;0,186867104;0,038751401;-0,065664479;1;0,332121271;0,065750338;-0,169696823;1;;;;;;;;;;;;;
946;0,60990311;0,051488884;0,016505183;1;0,216564571;0,040117748;0,082822857;1;0,397295251;0,068324719;-0,006761873;1;;;;;;;;;;;;;
947;0,515316514;0,050734402;-0,141139144;1;0,204856585;0,039508523;0,024282924;1;0,497928347;0,066540804;0,244820867;1;;;;;;;;;;;;;
948;0,481663031;0,051101352;-0,197228281;0;0,27941334;0,038936474;0,3970667;0;0,495747603;0,067880904;0,239369008;1;;;;;;;;;;;;;
949;0,671706251;0,051765678;0,119510419;1;0,162300201;0,039980555;-0,188498994;1;0,340898779;0,068749993;-0,147753051;1;;;;;;;;;;;;;
950;0,617684347;0,050938823;0,029473912;1;0,169093353;0,039209976;-0,154533234;1;0,408718938;0,067810514;0,021797344;1;;;;;;;;;;;;;
951;0,626858558;0,049926432;0,044764264;1;0,238350444;0,039173253;0,191752218;1;0,396709515;0,066079676;-0,008226213;1;;;;;;;;;;;;;
952;0,535434486;0,051644442;-0,10760919;1;0,154855671;0,039413148;-0,225721644;1;0,457963809;0,068674489;0,144909521;1;;;;;;;;;;;;;
953;0,626501604;0,051759686;0,04416934;1;0,201353626;0,040303699;0,00676813;1;0,406393741;0,067845872;0,015984352;1;;;;;;;;;;;;;
954;0,595859366;0,049938044;-0,006901057;1;0,162182549;0,038628542;-0,189087256;1;0,37704524;0,066619304;-0,0573869;1;;;;;;;;;;;;;
955;0,599435185;0,051885556;-0,000941358;1;0,235280177;0,039038323;0,176400887;1;0,392780335;0,068627815;-0,018049162;1;;;;;;;;;;;;;
956;0,660714555;0,052554149;0,101190925;1;0,197427775;0,039962573;-0,012861127;1;0,342602856;0,06825047;-0,143492859;1;;;;;;;;;;;;;
957;0,609481995;0,050861936;0,015803325;1;0,129678553;0,040075135;-0,351607237;1;0,448750511;0,067582441;0,121876277;1;;;;;;;;;;;;;
958;0,589238267;0,051040022;-0,017936221;1;0,186305899;0,039244944;-0,068470503;1;0,406840359;0,067621534;0,017100898;1;;;;;;;;;;;;;
959;0,579749667;0,051791696;-0,033750555;1;0,153366553;0,04016098;-0,233167237;1;0,555253345;0,068094227;0,388133362;0;;;;;;;;;;;;;
960;0,586068757;0,050817443;-0,023218738;1;0,171594852;0,039581112;-0,14202574;1;0,493264663;0,067374956;0,233161658;1;;;;;;;;;;;;;
961;0,714993873;0,050699455;0,191656455;0;0,156141975;0,039112472;-0,219290124;1;0,302930046;0,067484912;-0,242674885;1;;;;;;;;;;;;;
962;0,667275205;0,051155493;0,112125342;1;0,197036802;0,039542895;-0,014815992;1;0,290787288;0,067480549;-0,273031779;1;;;;;;;;;;;;;
963;0,604539248;0,050879718;0,007565414;1;0,180948934;0,039018055;-0,09525533;1;0,42065942;0,06643146;0,051648551;1;;;;;;;;;;;;;
964;0,582916827;0,050150429;-0,028471955;1;0,250109508;0,038571562;0,25054754;1;0,338648975;0,065383443;-0,153377561;1;;;;;;;;;;;;;
965;0,585073278;0,051071783;-0,024877869;1;0,223613566;0,039826534;0,118067831;1;0,385525073;0,067834481;-0,036187317;1;;;;;;;;;;;;;
966;0,645437711;0,051462705;0,075729518;1;0,20495998;0,040040607;0,024799901;1;0,43635624;0,06847156;0,090890601;1;;;;;;;;;;;;;
967;0,601274062;0,051385569;0,002123436;1;0,176917665;0,039645407;-0,115411674;1;0,416642669;0,067839352;0,041606672;1;;;;;;;;;;;;;
968;0,718346039;0,051532633;0,197243399;0;0,181607668;0,03983414;-0,091961659;1;0,249644877;0,068185009;-0,375887807;0;;;;;;;;;;;;;
969;0,599173245;0,05226584;-0,001377925;1;0,179726446;0,039925429;-0,10136777;1;0,466399328;0,068849216;0,16599832;1;;;;;;;;;;;;;
970;0,552026874;0,050097599;-0,07995521;1;0,215723652;0,038826709;0,078618262;1;0,454207497;0,066515166;0,135518744;1;;;;;;;;;;;;;
971;0,546535759;0,050956839;-0,089107068;1;0,238195728;0,039507762;0,190978642;1;0,449677795;0,067416173;0,124194487;1;;;;;;;;;;;;;
972;0,709883251;0,053514606;0,183138751;0;0,14037168;0,040825514;-0,2981416;1;0,328094793;0,069998802;-0,179763018;1;;;;;;;;;;;;;
973;0,62048266;0,05163763;0,034137767;1;0,198994267;0,039835959;-0,005028667;1;0,315283043;0,06801866;-0,211792392;1;;;;;;;;;;;;;
974;0,685557692;0,052741181;0,142596153;1;0,179897266;0,040391209;-0,100513671;1;0,30479554;0,070029414;-0,23801115;1;;;;;;;;;;;;;
975;0,622787749;0,052237178;0,037979582;1;0,23475993;0,040363356;0,17379965;1;0,42111551;0,069218381;0,052788774;1;;;;;;;;;;;;;
976;0,525592452;0,050692694;-0,12401258;1;0,202129208;0,039154909;0,01064604;1;0,476798603;0,067046181;0,191996508;1;;;;;;;;;;;;;
977;0,47264905;0,048763192;-0,212251584;0;0,207397499;0,038175495;0,036987494;1;0,528306873;0,064002722;0,320767184;0;;;;;;;;;;;;;
978;0,592960573;0,049068793;-0,011732378;1;0,186382867;0,038405512;-0,068085664;1;0,3717513;0,065083995;-0,070621751;1;;;;;;;;;;;;;
979;0,59935857;0,05238772;-0,00106905;1;0,19842024;0,039680914;-0,007898801;1;0,39813672;0,069451449;-0,004658199;1;;;;;;;;;;;;;
980;0,589789332;0,052247751;-0,01701778;1;0,231191701;0,040257781;0,155958506;1;0,406816346;0,069223472;0,017040865;1;;;;;;;;;;;;;
981;0,675521585;0,05197556;0,125869308;1;0,1985264;0,040386375;-0,007367998;1;0,342046329;0,069027468;-0,144884177;1;;;;;;;;;;;;;
982;0,607956851;0,050511209;0,013261418;1;0,183687996;0,039210422;-0,081560019;1;0,392636345;0,065398059;-0,018409136;1;;;;;;;;;;;;;
983;0,603557645;0,048380884;0,005929409;1;0,161325646;0,038203265;-0,193371768;1;0,397841685;0,063837648;-0,005395787;1;;;;;;;;;;;;;
984;0,680968235;0,050099463;0,134947058;1;0,189511991;0,039310051;-0,052440046;1;0,293274602;0,066015084;-0,266813496;1;;;;;;;;;;;;;
985;0,554407944;0,050911455;-0,075986759;1;0,196474446;0,039427652;-0,017627771;1;0,475780165;0,066956316;0,189450413;1;;;;;;;;;;;;;
986;0,661956729;0,05144446;0,103261215;1;0,228066503;0,03955821;0,140332516;1;0,32126948;0,067408284;-0,1968263;1;;;;;;;;;;;;;
987;0,550469738;0,050533844;-0,082550437;1;0,154786868;0,038459565;-0,226065659;1;0,441923543;0,065912265;0,104808858;1;;;;;;;;;;;;;
988;0,566416281;0,049809052;-0,055972864;1;0,179955308;0,038610715;-0,100223459;1;0,412309919;0,066016545;0,030774797;1;;;;;;;;;;;;;
989;0,702841444;0,05241636;0,171402407;0;0,141355813;0,040466814;-0,293220937;1;0,323686096;0,06896557;-0,19078476;1;;;;;;;;;;;;;
990;0,465819466;0,051571952;-0,223634224;0;0,252800468;0,039209041;0,264002338;1;0,629324363;0,068649122;0,573310908;0;;;;;;;;;;;;;
991;0,558940171;0,050056301;-0,068433049;1;0,261574193;0,038928621;0,307870965;1;0,421642101;0,06599694;0,054105253;1;;;;;;;;;;;;;
992;0,577245012;0,050396915;-0,03792498;1;0,234094882;0,039162175;0,170474411;1;0,371365029;0,066563761;-0,071587427;1;;;;;;;;;;;;;
993;0,532533856;0,050497049;-0,112443573;1;0,228223481;0,038776908;0,141117407;1;0,442851642;0,068145486;0,107129104;1;;;;;;;;;;;;;
994;0,498580767;0,050359206;-0,169032055;0;0,261814026;0,038865262;0,30907013;1;0,455677041;0,065668982;0,139192602;1;;;;;;;;;;;;;
995;0,732235128;0,052417761;0,22039188;0;0,160416715;0,040590049;-0,197916426;1;0,29084382;0,069926253;-0,272890449;1;;;;;;;;;;;;;
996;0,541044934;0,050394223;-0,098258444;1;0,201469227;0,039257619;0,007346136;1;0,424139121;0,067171874;0,060347802;1;;;;;;;;;;;;;
997;0,569581111;0,049660805;-0,050698149;1;0,190691292;0,038399445;-0,046543542;1;0,371123156;0,066467168;-0,072192111;1;;;;;;;;;;;;;
998;0,563078;0,051447106;-0,061536667;1;0,153773115;0,039345376;-0,231134426;1;0,433985978;0,067510594;0,084964946;1;;;;;;;;;;;;;
999;0,555624933;0,049917873;-0,073958446;1;0,272424889;0,038640747;0,362124443;1;0,357389406;0,065495527;-0,106526486;1;;;;;;;;;;;;;
1000;0,503610849;0,050470489;-0,160648586;1;0,200835904;0,038858672;0,004179518;1;0,545540633;0,066052072;0,363851583;0;;;;;;;;;;;;;
